data,GC=F,NG=F,ZC=F,EURBRL=X,JPYBRL=X,USDBRL=X,B5MB11.SA,IB5M11.SA,IMAB11.SA,BOVV11.SA,FIND11.SA,MATB11.SA,CDI_MENSAL_PCT,IPCA_MENSAL_PCT,IPCA_12M_PCT,IPCA_VARIACAO_3M_PP,IBC_BR,IBC_BR_VARIACAO_12M_PCT,IBC_BR_DESSAZONALIZADO,IBC_BR_VARIACAO_MENSAL_PCT,IBC_BR_DESSAZONALIZADO_VARIACAO_12M_PCT,IBC_BR_MEDIA_MOVEL_3M,IBC_BR_TENDENCIA_3M_PCT,regime,nome_regime,regime_macro,codigo_regime,regime_sinal,codigo_regime_sinal,peso_NG=F,peso_ZC=F,peso_GC=F,peso_USDBRL=X,peso_EURBRL=X,peso_JPYBRL=X,peso_IMAB11.SA,peso_B5MB11.SA,peso_IB5M11.SA,peso_BOVV11.SA,peso_FIND11.SA,peso_MATB11.SA,soma_pesos,contribuicao_NG=F,contribuicao_ZC=F,contribuicao_GC=F,contribuicao_USDBRL=X,contribuicao_EURBRL=X,contribuicao_JPYBRL=X,contribuicao_IMAB11.SA,contribuicao_B5MB11.SA,contribuicao_IB5M11.SA,contribuicao_BOVV11.SA,contribuicao_FIND11.SA,contribuicao_MATB11.SA,retorno_portfolio_bruto,retorno_benchmark_estatico,indice_portfolio_bruto,indice_benchmark_estatico,retorno_acumulado_portfolio_bruto,retorno_acumulado_benchmark,drawdown_portfolio_bruto,drawdown_benchmark_estatico,diferenca_indice,retorno_portfolio,indice_portfolio,retorno_carteira_estatica,indice_carteira_estatica,drawdown_portfolio,drawdown_estatica,soma_pesos_validacao,turnover_portfolio,peso_estatica_NG=F,peso_estatica_ZC=F,peso_estatica_GC=F,peso_estatica_USDBRL=X,peso_estatica_EURBRL=X,peso_estatica_JPYBRL=X,peso_estatica_IMAB11.SA,peso_estatica_B5MB11.SA,peso_estatica_IB5M11.SA,peso_estatica_BOVV11.SA,peso_estatica_FIND11.SA,peso_estatica_MATB11.SA,turnover_estatica,custo_portfolio,custo_estatica,retorno_portfolio_liquido,retorno_estatica_liquido,pico_portfolio_bruto,indice_portfolio_liquido,pico_portfolio_liquido,drawdown_portfolio_liquido,indice_estatica_bruta,pico_estatica_bruta,drawdown_estatica_bruta,indice_estatica_liquida,pico_estatica_liquida,drawdown_estatica_liquida,indice_estatica_bruto,indice_estatica_liquido,retorno_cdi,cdi_disponivel
2020-01-31,0.03830765786425894,-0.13242225301514643,-0.0261813537675597,0.04206500041911654,0.054441137355700775,0.05624571994654537,0.025336476003539055,-0.003219160728599846,0.0028660919043843602,-0.04076839734649873,-0.05544933078393799,-0.03000001649598738,0.3766333675290445,0.21,4.1916693262358695,1.6566367505559398,92.45205,0.3182987261866055,97.6733,0.0813883085075017,0.5826636029826249,97.69848666666668,0.4708732449290265,EXPANSAO_DESINFLACIONARIA,Expansão desinflacionária,EXPANSAO_DESINFLACIONARIA,1.0,EXPANSAO_DESINFLACIONARIA,1.0,0.0833333333333333,0.0833333333333333,0.0833333333333333,0.0833333333333333,0.0833333333333333,0.0833333333333333,0.0833333333333333,0.0833333333333333,0.0833333333333333,0.0833333333333333,0.0833333333333333,0.0833333333333333,1.0,-0.0110351877512622,-0.0021817794806299,0.0031923048220215,0.0046871433288787,0.003505416701593,0.0045367614463083,0.000238840992032,0.0021113730002949,-0.0002682633940499,-0.0033973664455415,-0.0046207775653281,-0.0025000013746656,-0.0057315357203487,-0.0057315357203487,99.42684642796512,99.42684642796512,-0.0057315357203487,-0.0057315357203487,0.0,0.0,0.0,-0.0057315357203487,99.42684642796512,-0.0057315357203487,99.42684642796512,0.0,0.0,0.9999999999999994,1.0,0.0833333333333333,0.0833333333333333,0.0833333333333333,0.0833333333333333,0.0833333333333333,0.0833333333333333,0.0833333333333333,0.0833333333333333,0.0833333333333333,0.0833333333333333,0.0833333333333333,0.0833333333333333,1.0,0.001,0.001,-0.0067258041846283,-0.0067258041846283,99.42684642796512,99.32741958153716,99.32741958153716,0.0,99.42684642796512,99.42684642796512,0.0,99.32741958153716,99.32741958153716,0.0,99.42684642796512,99.32741958153716,0.0037663336752904,True
2020-02-29,-0.011876965404106654,-0.08527971155624892,-0.038688524590163365,0.0542429645851239,0.050012811364211096,0.05718730139746464,-0.02944011068808161,0.007813314060746368,4.440892098500626e-16,-0.08412763660302691,-0.05384616620144833,-0.11618835740344646,0.293728631555501,0.25,4.004927312109352,0.7300889096483187,94.1468,0.2652673568644514,97.79657,0.1262064453642963,1.3559791398348064,97.68791333333331,0.0555819315567918,EXPANSAO_INFLACIONARIA,Expansão inflacionária,EXPANSAO_INFLACIONARIA,2.0,EXPANSAO_DESINFLACIONARIA,1.0,0.0833333333333333,0.0833333333333333,0.0833333333333333,0.0833333333333333,0.0833333333333333,0.0833333333333333,0.0833333333333333,0.0833333333333333,0.0833333333333333,0.0833333333333333,0.0833333333333333,0.0833333333333333,1.0,-0.0071066426296874,-0.0032240437158469,-0.0009897471170088,0.0047656084497887,0.0045202470487603,0.0041677342803509,3.700743415417188e-17,-0.0024533425573401,0.0006511095050621,-0.0070106363835855,-0.0044871805167873,-0.0096823631169538,-0.0208492567532479,-0.0208492567532479,97.35387057862272,97.35387057862272,-0.0264612942137728,-0.0264612942137728,-0.020849256753248,-0.020849256753248,0.0,-0.0208492567532479,97.35387057862272,-0.0208492567532479,97.35387057862272,-0.020849256753248,-0.020849256753248,0.9999999999999994,0.0214700289719183,0.0833333333333333,0.0833333333333333,0.0833333333333333,0.0833333333333333,0.0833333333333333,0.0833333333333333,0.0833333333333333,0.0833333333333333,0.0833333333333333,0.0833333333333333,0.0833333333333333,0.0833333333333333,0.0214700289719183,2.147002897191834e-05,2.1470028971918343e-05,-0.0208702791480732,-0.0208702791480732,99.42684642796512,97.2544286078127,99.32741958153716,-0.0208702791480731,97.35387057862272,99.42684642796512,-0.020849256753248,97.2544286078127,99.32741958153716,-0.0208702791480731,97.35387057862272,97.2544286078127,0.002937286315555,True
2020-03-31,0.012339395901399763,-0.02612828335226669,-0.07025920873124059,0.16108949574383202,0.17514302763235068,0.15784428939959216,-0.1452014486364589,-0.12301014873534089,-0.07508451749334433,-0.30105991977516644,-0.3311938164621636,-0.1976670455908648,0.3383691484662998,0.07,3.302958571938297,-1.0030814121748888,95.44446,-1.6944756813344064,91.3612,-6.580363708052339,-4.554605676022105,95.61035666666668,-2.267968896913297,EXPANSAO_INFLACIONARIA,Expansão inflacionária,EXPANSAO_INFLACIONARIA,2.0,EXPANSAO_INFLACIONARIA,2.0,0.0833333333333333,0.0833333333333333,0.0833333333333333,0.0833333333333333,0.0833333333333333,0.0833333333333333,0.0833333333333333,0.0833333333333333,0.0833333333333333,0.0833333333333333,0.0833333333333333,0.0833333333333333,1.0,-0.0021773569460222,-0.0058549340609367,0.0010282829917833,0.0131536907832993,0.0134241246453193,0.0145952523026958,-0.0062570431244453,-0.0121001207197049,-0.010250845727945,-0.0250883266479305,-0.0275994847051803,-0.0164722537992387,-0.0635990150083059,-0.0635990150083059,91.16226030257624,91.1622603025762,-0.0883773969742379,-0.0883773969742379,-0.0831222795683919,-0.0831222795683922,0.0,-0.0635990150083059,91.1622603025762,-0.0635990150083059,91.1622603025762,-0.0831222795683922,-0.0831222795683922,0.9999999999999994,0.0240408136397085,0.0833333333333333,0.0833333333333333,0.0833333333333333,0.0833333333333333,0.0833333333333333,0.0833333333333333,0.0833333333333333,0.0833333333333333,0.0833333333333333,0.0833333333333333,0.0833333333333333,0.0833333333333333,0.0240408136397085,2.404081363970857e-05,2.404081363970856e-05,-0.0636215268498781,-0.0636215268498781,99.42684642796512,91.0669533668712,99.32741958153716,-0.0831640069727677,91.16226030257624,99.42684642796512,-0.0831222795683919,91.0669533668712,99.32741958153716,-0.0831640069727677,91.16226030257624,91.0669533668712,0.0033836914846629,True
2020-04-30,0.06366043021574086,0.18841464509395323,-0.08584005869405675,0.013222442521304334,0.04117685723489628,0.02736531280736698,0.06108202660160034,0.053630401321997034,-0.007865134587025091,0.10368858311089668,0.040562995611658215,0.0990176218023806,0.2849249027840228,-0.31,2.39904484475022,-1.7926244814856496,83.95815,-13.897298627177236,83.03874,-9.1094031164214,-13.205533231214496,90.73217,-7.130424333423657,EXPANSAO_INFLACIONARIA,Expansão inflacionária,EXPANSAO_INFLACIONARIA,2.0,EXPANSAO_INFLACIONARIA,2.0,0.0833333333333333,0.0833333333333333,0.0833333333333333,0.0833333333333333,0.0833333333333333,0.0833333333333333,0.0833333333333333,0.0833333333333333,0.0833333333333333,0.0833333333333333,0.0833333333333333,0.0833333333333333,1.0,0.0157012204244961,-0.0071533382245047,0.0053050358513117,0.0022804427339472,0.0011018702101086,0.0034314047695746,-0.000655427882252,0.0050901688834666,0.0044692001101664,0.0086407152592413,0.0033802496343048,0.0082514684835317,0.0498430102533927,0.0498430102533927,95.70606177756,95.70606177755997,-0.0429393822244005,-0.0429393822244005,-0.037422333947812,-0.0374223339478123,0.0,0.0498430102533927,95.70606177755997,0.0498430102533927,95.70606177755997,-0.0374223339478123,-0.0374223339478123,0.9999999999999994,0.0710417699576211,0.0833333333333333,0.0833333333333333,0.0833333333333333,0.0833333333333333,0.0833333333333333,0.0833333333333333,0.0833333333333333,0.0833333333333333,0.0833333333333333,0.0833333333333333,0.0833333333333333,0.0833333333333333,0.0710417699576211,7.104176995762115e-05,7.104176995762118e-05,0.0497684275477665,0.0497684275477665,99.42684642796512,95.59921243750615,99.32741958153716,-0.0375345212806073,95.70606177756,99.42684642796512,-0.037422333947812,95.59921243750615,99.32741958153716,-0.0375345212806073,95.70606177756,95.59921243750615,0.0028492490278402,True
2020-05-31,0.03129086496263134,-0.05130837547097278,0.045746388443018704,0.031547388735321924,0.0031375372138198188,0.012896538273630798,0.014254419904153881,-0.0071596307642725066,0.03892978516082768,0.08565414148442452,0.039350675851587136,0.12906688233731756,0.2358096193071146,-0.38,1.8774877402777836,-2.1274395718315686,84.24757,-13.586802944636425,85.40683,2.8517894178066605,-12.020246086681974,86.60225666666666,-11.348033025170569,RECESSAO_DESINFLACIONARIA,Recessão desinflacionária,RECESSAO_DESINFLACIONARIA,4.0,EXPANSAO_INFLACIONARIA,2.0,0.0833333333333333,0.0833333333333333,0.0833333333333333,0.0833333333333333,0.0833333333333333,0.0833333333333333,0.0833333333333333,0.0833333333333333,0.0833333333333333,0.0833333333333333,0.0833333333333333,0.0833333333333333,1.0,-0.0042756979559143,0.0038121990369182,0.0026075720802192,0.0010747115228025,0.0026289490612768,0.0002614614344849,0.0032441487634023,0.0011878683253461,-0.0005966358970227,0.007137845123702,0.0032792229876322,0.0107555735281097,0.0311172180109573,0.0311172180109573,98.68416816686248,98.68416816686243,-0.0131583183313757,-0.0131583183313757,-0.0074695948607876,-0.0074695948607879,0.0,0.0311172180109573,98.68416816686243,0.0311172180109573,98.68416816686243,-0.0074695948607879,-0.0074695948607879,0.9999999999999994,0.0214663560793516,0.0833333333333333,0.0833333333333333,0.0833333333333333,0.0833333333333333,0.0833333333333333,0.0833333333333333,0.0833333333333333,0.0833333333333333,0.0833333333333333,0.0833333333333333,0.0833333333333333,0.0833333333333333,0.0214663560793515,2.14663560793516e-05,2.1466356079351583e-05,0.0310950836815959,0.0310950836815959,99.42684642796512,98.57187794814509,99.32741958153716,-0.0076065766791804,98.68416816686248,99.42684642796512,-0.0074695948607876,98.57187794814509,99.32741958153716,-0.0076065766791804,98.68416816686248,98.57187794814509,0.0023580961930711,True
2020-06-30,0.032298908859111686,-0.053001585502911785,0.03914044512663151,0.015040635311132089,0.0003386357572798815,-0.0002776167073367253,0.027027027027027417,0.025126798387984595,0.027933002708908417,0.09029755160888464,0.13109325924190718,0.04211526051042469,0.212332177367136,0.26,2.1321559928031864,-1.1708025791351109,88.87497,-6.075488595209045,89.37575,4.647075649570409,-7.612185517102798,85.94044000000001,-10.11387992242263,RECESSAO_DESINFLACIONARIA,Recessão desinflacionária,RECESSAO_DESINFLACIONARIA,4.0,RECESSAO_DESINFLACIONARIA,4.0,0.0833333333333333,0.0833333333333333,0.0833333333333333,0.0833333333333333,0.0833333333333333,0.0833333333333333,0.0833333333333333,0.0833333333333333,0.0833333333333333,0.0833333333333333,0.0833333333333333,0.0833333333333333,1.0,-0.0044167987919093,0.0032617037605526,0.0026915757382593,-2.313472561139377e-05,0.0012533862759276,2.821964643999012e-05,0.0023277502257423,0.0022522522522522,0.0020938998656653,0.007524795967407,0.0109244382701589,0.0035096050425353,0.0314276935274202,0.0314276935274203,101.78558396001904,101.785583960019,0.0178558396001899,0.0178558396001899,0.0,0.0,0.0,0.0314276935274202,101.785583960019,0.0314276935274203,101.785583960019,0.0,0.0,0.9999999999999994,0.0148516578012435,0.0833333333333333,0.0833333333333333,0.0833333333333333,0.0833333333333333,0.0833333333333333,0.0833333333333333,0.0833333333333333,0.0833333333333333,0.0833333333333333,0.0833333333333333,0.0833333333333333,0.0833333333333333,0.0148516578012435,1.4851657801243555e-05,1.4851657801243506e-05,0.0314123751162691,0.0314123751162691,101.78558396001904,101.66825475416732,101.66825475416732,0.0,101.78558396001904,101.78558396001904,0.0,101.66825475416732,101.66825475416732,0.0,101.78558396001904,101.66825475416732,0.0021233217736713,True
2020-07-31,0.09470164463364528,0.0274128936519058,-0.06646971935007373,0.006997269989940991,-0.019536370730112385,-0.045945083535431364,0.07273688065378314,0.08078696639838001,0.05037109357617919,0.0824009736393767,0.0978033328803054,0.09693098272559975,0.1943464130263805,0.36,2.305451396723557,-0.0935934480266631,95.42843,-4.562761142853478,91.66985,2.566803635214243,-4.882600844115126,88.81747666666666,-2.1102695254983206,RECESSAO_DESINFLACIONARIA,Recessão desinflacionária,RECESSAO_DESINFLACIONARIA,4.0,RECESSAO_DESINFLACIONARIA,4.0,0.0833333333333333,0.0833333333333333,0.0833333333333333,0.0833333333333333,0.0833333333333333,0.0833333333333333,0.0833333333333333,0.0833333333333333,0.0833333333333333,0.0833333333333333,0.0833333333333333,0.0833333333333333,1.0,0.0022844078043254,-0.0055391432791728,0.0078918037194704,-0.0038287569612859,0.000583105832495,-0.001628030894176,0.0041975911313482,0.0060614067211485,0.006732247199865,0.0068667478032813,0.0081502777400254,0.0080775818937999,0.0398492387111249,0.0398492387111249,105.84166199259306,105.84166199259305,0.0584166199259303,0.0584166199259303,0.0,0.0,0.0,0.0398492387111249,105.84166199259305,0.0398492387111249,105.84166199259305,0.0,0.0,0.9999999999999994,0.0143657636582816,0.0833333333333333,0.0833333333333333,0.0833333333333333,0.0833333333333333,0.0833333333333333,0.0833333333333333,0.0833333333333333,0.0833333333333333,0.0833333333333333,0.0833333333333333,0.0833333333333333,0.0833333333333333,0.0143657636582816,1.4365763658281627e-05,1.4365763658281676e-05,0.0398343004827213,0.0398343004827213,105.84166199259306,105.71813856359869,105.71813856359869,0.0,105.84166199259306,105.84166199259306,0.0,105.71813856359869,105.71813856359869,0.0,105.84166199259306,105.71813856359869,0.0019434641302638,True
2020-08-31,0.002445448664360139,0.46192333418107445,0.10284810126582289,0.0482480797448408,0.03708893306637262,0.04580991352001096,-0.030517127844122416,-0.02837385196352271,-0.010600660784149896,-0.03516567785263558,-0.08337303720280465,0.10803328783170763,0.1598895978929482,0.24,2.438302347493404,0.5608146072156206,95.08457,-4.34359601698956,93.56053,2.062488375403704,-3.1957232534950863,91.53537666666666,5.696294981073824,RECESSAO_DESINFLACIONARIA,Recessão desinflacionária,RECESSAO_DESINFLACIONARIA,4.0,RECESSAO_DESINFLACIONARIA,4.0,0.0833333333333333,0.0833333333333333,0.0833333333333333,0.0833333333333333,0.0833333333333333,0.0833333333333333,0.0833333333333333,0.0833333333333333,0.0833333333333333,0.0833333333333333,0.0833333333333333,0.0833333333333333,1.0,0.0384936111817562,0.0085706751054852,0.0002037873886966,0.0038174927933342,0.00402067331207,0.0030907444221977,-0.0008833883986791,-0.0025430939870102,-0.0023644876636268,-0.0029304731543862,-0.0069477531002337,0.0090027739859756,0.0515305618855795,0.0515305618855795,111.29574230597495,111.29574230597494,0.1129574230597494,0.1129574230597494,0.0,0.0,0.0,0.0515305618855795,111.29574230597494,0.0515305618855795,111.29574230597494,0.0,0.0,0.9999999999999994,0.0237844737872176,0.0833333333333333,0.0833333333333333,0.0833333333333333,0.0833333333333333,0.0833333333333333,0.0833333333333333,0.0833333333333333,0.0833333333333333,0.0833333333333333,0.0833333333333333,0.0833333333333333,0.0833333333333333,0.0237844737872176,2.3784473787217624e-05,2.3784473787217603e-05,0.0515055517844937,0.0515055517844937,111.29574230597495,111.1632096239464,111.1632096239464,0.0,111.29574230597495,111.29574230597495,0.0,111.1632096239464,111.1632096239464,0.0,111.29574230597495,111.1632096239464,0.0015988959789294,True
2020-09-30,-0.040709481896636035,-0.039163558764284345,0.08751793400286956,0.030913720986963877,0.043616226007120895,0.04461966219934843,-0.029352241258126854,-0.037052552664901484,-0.024617350352201917,-0.04816266201767805,-0.05977131166743754,0.006999969482422319,0.1569662059530463,0.64,3.135161547136245,1.0030055543330585,95.84977,-0.9249302725868104,95.34074,1.902736121738502,-1.7182169550944315,93.52370666666668,8.82386297611073,RECESSAO_DESINFLACIONARIA,Recessão desinflacionária,RECESSAO_DESINFLACIONARIA,4.0,RECESSAO_DESINFLACIONARIA,4.0,0.0833333333333333,0.0833333333333333,0.0833333333333333,0.0833333333333333,0.0833333333333333,0.0833333333333333,0.0833333333333333,0.0833333333333333,0.0833333333333333,0.0833333333333333,0.0833333333333333,0.0833333333333333,1.0,-0.0032636298970236,0.0072931611669057,-0.0033924568247196,0.003718305183279,0.0025761434155803,0.0036346855005934,-0.0020514458626834,-0.0024460201048439,-0.0030877127220751,-0.0040135551681398,-0.0049809426389531,0.0005833307902018,-0.0054301371618784,-0.0054301371618784,110.69139115972048,110.69139115972042,0.1069139115972042,0.1069139115972042,-0.0054301371618782,-0.0054301371618783,0.0,-0.0054301371618784,110.69139115972042,-0.0054301371618784,110.69139115972042,-0.0054301371618783,-0.0054301371618783,0.9999999999999994,0.0410681547138152,0.0833333333333333,0.0833333333333333,0.0833333333333333,0.0833333333333333,0.0833333333333333,0.0833333333333333,0.0833333333333333,0.0833333333333333,0.0833333333333333,0.0833333333333333,0.0833333333333333,0.0833333333333333,0.0410681547138153,4.106815471381529e-05,4.106815471381536e-05,-0.005470982310879,-0.005470982310879,111.29574230597495,110.55503767047324,111.1632096239464,-0.0054709823108791,110.69139115972048,111.29574230597495,-0.0054301371618782,110.55503767047324,111.1632096239464,-0.0054709823108791,110.69139115972048,110.55503767047324,0.0015696620595304,True
2020-10-31,-0.005350980442880293,0.32726559452839243,0.05145118733509291,0.020364342946452396,0.037176698975913025,0.026161130906518837,-0.0034411035016052027,0.02445652173913082,0.012553930549863868,-0.006942941822694504,-0.010171345494590867,0.06007949495982712,0.1569662059530463,0.86,3.9182057307108655,1.6127543339873096,97.85744,-2.0441437512268568,97.29482,2.049575029520434,-0.7854883352499176,95.39869666666668,7.409825461152697,EXPANSAO_INFLACIONARIA,Expansão inflacionária,EXPANSAO_INFLACIONARIA,2.0,RECESSAO_DESINFLACIONARIA,4.0,0.0833333333333333,0.0833333333333333,0.0833333333333333,0.0833333333333333,0.0833333333333333,0.0833333333333333,0.0833333333333333,0.0833333333333333,0.0833333333333333,0.0833333333333333,0.0833333333333333,0.0833333333333333,1.0,0.027272132877366,0.004287598944591,-0.0004459150369066,0.0021800942422099,0.001697028578871,0.0030980582479927,0.0010461608791553,-0.0002867586251337,0.0020380434782609,-0.0005785784852245,-0.0008476121245492,0.0050066245799855,0.0444668775566183,0.0444668775566183,115.61349169699152,115.61349169699146,0.1561349169699146,0.1561349169699146,0.0,0.0,0.0,0.0444668775566183,115.61349169699146,0.0444668775566183,115.61349169699146,0.0,0.0,0.9999999999999994,0.0201777511637806,0.0833333333333333,0.0833333333333333,0.0833333333333333,0.0833333333333333,0.0833333333333333,0.0833333333333333,0.0833333333333333,0.0833333333333333,0.0833333333333333,0.0833333333333333,0.0833333333333333,0.0833333333333333,0.0201777511637806,2.017775116378064e-05,2.0177751163780672e-05,0.0444458025638641,0.0444458025638641,115.61349169699152,115.46874504721568,115.46874504721568,0.0,115.61349169699152,115.61349169699152,0.0,115.46874504721568,115.46874504721568,0.0,115.61349169699152,115.46874504721568,0.0015696620595304,True
2020-11-30,-0.054170699861329275,-0.14072752211876038,0.05332496863237157,-0.052608198485068036,-0.0712721718037842,-0.07534007184165925,0.028042275962473218,-0.002652519893898808,0.0021955077912345633,0.16112286905316386,0.1792695551278085,0.1444964416558152,0.1494860408406628,0.89,4.311091196611461,1.8727888491180569,96.85416,-0.6144400964773311,97.44269,0.15198136961454,-0.394160012405409,96.69275,5.634295199455308,EXPANSAO_INFLACIONARIA,Expansão inflacionária,EXPANSAO_INFLACIONARIA,2.0,EXPANSAO_INFLACIONARIA,2.0,0.0833333333333333,0.0833333333333333,0.0833333333333333,0.0833333333333333,0.0833333333333333,0.0833333333333333,0.0833333333333333,0.0833333333333333,0.0833333333333333,0.0833333333333333,0.0833333333333333,0.0833333333333333,1.0,-0.0117272935098966,0.0044437473860309,-0.0045142249884441,-0.0062783393201382,-0.0043840165404223,-0.0059393476503153,0.0001829589826028,0.0023368563302061,-0.0002210433244915,0.0134269057544303,0.014939129593984,0.0120413701379846,0.0143067028515305,0.0143067028515305,117.26753956832825,117.26753956832825,0.1726753956832822,0.1726753956832822,0.0,0.0,0.0,0.0143067028515305,117.26753956832825,0.0143067028515305,117.26753956832825,0.0,0.0,0.9999999999999994,0.0243661503870029,0.0833333333333333,0.0833333333333333,0.0833333333333333,0.0833333333333333,0.0833333333333333,0.0833333333333333,0.0833333333333333,0.0833333333333333,0.0833333333333333,0.0833333333333333,0.0833333333333333,0.0833333333333333,0.024366150387003,2.4366150387002967e-05,2.436615038700308e-05,0.0142819881018703,0.0142819881018703,117.26753956832825,117.1178682901179,117.1178682901179,0.0,117.26753956832825,117.26753956832825,0.0,117.1178682901179,117.1178682901179,0.0,117.26753956832825,117.1178682901179,0.0014948604084066,True
2020-12-31,0.06493216872142882,-0.1596113959118407,0.13043478260869623,-0.001439899853300286,-0.019930608048696286,-0.025063202676534835,0.07124681933842303,0.05095745654816364,0.046391733826150805,0.09077636066815775,0.12123503694236915,0.11581747434251133,0.1644469297589657,1.35,4.517341500509886,1.3821799533736412,97.53569,1.0701537030574082,97.68774,0.2514811526652227,0.0961843197733625,97.47508333333332,4.225000064154849,EXPANSAO_INFLACIONARIA,Expansão inflacionária,EXPANSAO_INFLACIONARIA,2.0,EXPANSAO_INFLACIONARIA,2.0,0.0833333333333333,0.0833333333333333,0.0833333333333333,0.0833333333333333,0.0833333333333333,0.0833333333333333,0.0833333333333333,0.0833333333333333,0.0833333333333333,0.0833333333333333,0.0833333333333333,0.0833333333333333,1.0,-0.01330094965932,0.0108695652173913,0.005411014060119,-0.0020886002230445,-0.0001199916544416,-0.001660884004058,0.0038659778188459,0.0059372349448685,0.0042464547123469,0.0075646967223464,0.0101029197451974,0.0096514561952092,0.0404788938754607,0.0404788938754607,122.014399857551,122.01439985755098,0.2201439985755098,0.2201439985755098,0.0,0.0,0.0,0.0404788938754607,122.01439985755098,0.0404788938754607,122.01439985755098,0.0,0.0,0.9999999999999994,0.0406453816174108,0.0833333333333333,0.0833333333333333,0.0833333333333333,0.0833333333333333,0.0833333333333333,0.0833333333333333,0.0833333333333333,0.0833333333333333,0.0833333333333333,0.0833333333333333,0.0833333333333333,0.0833333333333333,0.0406453816174109,4.06453816174109e-05,4.064538161741092e-05,0.0404366032137544,0.0404366032137544,122.014399857551,121.85371705940616,121.85371705940616,0.0,122.014399857551,122.014399857551,0.0,121.85371705940616,121.85371705940616,0.0,122.014399857551,121.85371705940616,0.0016444692975896,True
2021-01-31,-0.023109440069737586,0.05862921716409031,0.15279241306638625,0.03280462119950056,0.03629856706847967,0.04404046936317285,-0.013776693094937675,-0.0049599945260498934,2.220446049250313e-16,-0.03437605130710408,-0.06065214117048323,-0.0014670459957500936,0.1494860408406628,0.25,4.559060826525441,0.6408550958145742,90.8087,-1.7775160204668183,97.89283,0.2099444618127055,0.2247594787930795,97.67442,2.3854868177968225,EXPANSAO_INFLACIONARIA,Expansão inflacionária,EXPANSAO_INFLACIONARIA,2.0,EXPANSAO_INFLACIONARIA,2.0,0.0833333333333333,0.0833333333333333,0.0833333333333333,0.0833333333333333,0.0833333333333333,0.0833333333333333,0.0833333333333333,0.0833333333333333,0.0833333333333333,0.0833333333333333,0.0833333333333333,0.0833333333333333,1.0,0.0048857680970075,0.0127327010888655,-0.0019257866724781,0.0036700391135977,0.0027337184332917,0.0030248805890399,1.8503717077085938e-17,-0.0011480577579114,-0.0004133328771708,-0.0028646709422586,-0.0050543450975402,-0.0001222538329791,0.0155186601414639,0.0155186601414639,123.907899861305,123.907899861305,0.2390789986130499,0.2390789986130499,0.0,0.0,0.0,0.0155186601414639,123.907899861305,0.0155186601414639,123.907899861305,0.0,0.0,0.9999999999999994,0.0294704585998917,0.0833333333333333,0.0833333333333333,0.0833333333333333,0.0833333333333333,0.0833333333333333,0.0833333333333333,0.0833333333333333,0.0833333333333333,0.0833333333333333,0.0833333333333333,0.0833333333333333,0.0833333333333333,0.0294704585998917,2.9470458599891783e-05,2.947045859989174e-05,0.0154887323408328,0.0154887323408328,123.907899861305,123.74107666767486,123.74107666767486,0.0,123.907899861305,123.907899861305,0.0,123.74107666767486,123.74107666767486,0.0,123.907899861305,123.74107666767486,0.0014948604084066,True
2021-02-28,-0.06452664434118505,0.08073323944749133,0.01553930530164549,0.020198806253596935,-0.003126739831877945,0.01655683957528331,-0.018304445761253674,-0.019125176240559094,-0.01699504070545188,-0.04512775419828152,-0.07374098177411648,0.10101009959477403,0.1345273865295926,0.86,5.195280548262882,0.884189351651421,94.2673,0.1279916046004858,98.78724,0.9136624204244548,1.012990537398184,98.12260333333334,1.478759610553371,EXPANSAO_INFLACIONARIA,Expansão inflacionária,EXPANSAO_INFLACIONARIA,2.0,EXPANSAO_INFLACIONARIA,2.0,0.0833333333333333,0.0833333333333333,0.0833333333333333,0.0833333333333333,0.0833333333333333,0.0833333333333333,0.0833333333333333,0.0833333333333333,0.0833333333333333,0.0833333333333333,0.0833333333333333,0.0833333333333333,1.0,0.0067277699539576,0.0012949421084704,-0.0053772203617654,0.0013797366312736,0.0016832338544664,-0.0002605616526564,-0.0014162533921209,-0.0015253704801044,-0.0015937646867132,-0.0037606461831901,-0.0061450818145097,0.0084175082995645,-0.0005757077233278,-0.0005757077233278,123.83656512637351,123.83656512637349,0.2383656512637348,0.2383656512637348,-0.0005757077233278,-0.000575707723328,0.0,-0.0005757077233278,123.83656512637349,-0.0005757077233278,123.83656512637349,-0.000575707723328,-0.000575707723328,0.9999999999999994,0.0202664901565263,0.0833333333333333,0.0833333333333333,0.0833333333333333,0.0833333333333333,0.0833333333333333,0.0833333333333333,0.0833333333333333,0.0833333333333333,0.0833333333333333,0.0833333333333333,0.0833333333333333,0.0833333333333333,0.0202664901565263,2.0266490156526324e-05,2.026649015652635e-05,-0.0005959625459094,-0.0005959625459094,123.907899861305,123.66733162059045,123.74107666767486,-0.0005959625459093,123.83656512637351,123.907899861305,-0.0005757077233278,123.66733162059045,123.74107666767486,-0.0005959625459093,123.83656512637351,123.66733162059045,0.0013452738652959,True
2021-03-31,-0.00827494182040156,-0.05882348386084213,0.015751575157516573,0.006069094503073913,0.0064654946855386974,0.044061778423717834,-0.018645745804001246,-0.013067771528352368,-0.004760677209606046,0.06186502020121831,0.06300968799776285,0.055879873752929354,0.201079883279398,0.93,6.09932712837189,1.5819856278620037,101.08515,5.90991871083979,95.27117,-3.559234978120651,4.2796832791162975,97.31708,-0.162096125420097,EXPANSAO_INFLACIONARIA,Expansão inflacionária,EXPANSAO_INFLACIONARIA,2.0,EXPANSAO_INFLACIONARIA,2.0,0.0833333333333333,0.0833333333333333,0.0833333333333333,0.0833333333333333,0.0833333333333333,0.0833333333333333,0.0833333333333333,0.0833333333333333,0.0833333333333333,0.0833333333333333,0.0833333333333333,0.0833333333333333,1.0,-0.0049019569884035,0.0013126312631263,-0.0006895784850334,0.0036718148686431,0.0005057578752561,0.0005387912237948,-0.0003967231008005,-0.0015538121503334,-0.001088980960696,0.0051554183501015,0.0052508073331469,0.0046566561460774,0.0124608253748795,0.0124608253748795,125.37967093943816,125.37967093943811,0.2537967093943811,0.2537967093943811,0.0,0.0,0.0,0.0124608253748795,125.37967093943811,0.0124608253748795,125.37967093943811,0.0,0.0,0.9999999999999994,0.0197544418505292,0.0833333333333333,0.0833333333333333,0.0833333333333333,0.0833333333333333,0.0833333333333333,0.0833333333333333,0.0833333333333333,0.0833333333333333,0.0833333333333333,0.0833333333333333,0.0833333333333333,0.0833333333333333,0.0197544418505292,1.975444185052921e-05,1.975444185052923e-05,0.0124408247763787,0.0124408247763787,125.37967093943816,125.20585522384452,125.20585522384452,0.0,125.37967093943816,125.37967093943816,0.0,125.20585522384452,125.20585522384452,0.0,125.37967093943816,125.20585522384452,0.0020107988327939,True
2021-04-30,0.031217177311077426,0.1238496737971313,0.3114754098360659,-0.04369108363735197,-0.06297794739807816,-0.07540365841749419,0.006999969482422541,0.01019329081525533,0.018756266590859827,0.01922091275351212,0.011325285572724164,0.12875194011708668,0.2077848024335082,0.31,6.7591885269032925,2.200127700377852,97.56692,16.20899221814678,96.32836,1.1096641302925203,16.00412048641393,96.79559,-0.8997545109558969,EXPANSAO_INFLACIONARIA,Expansão inflacionária,EXPANSAO_INFLACIONARIA,2.0,EXPANSAO_INFLACIONARIA,2.0,0.0833333333333333,0.0833333333333333,0.0833333333333333,0.0833333333333333,0.0833333333333333,0.0833333333333333,0.0833333333333333,0.0833333333333333,0.0833333333333333,0.0833333333333333,0.0833333333333333,0.0833333333333333,1.0,0.0103208061497609,0.0259562841530054,0.0026014314425897,-0.0062836382014578,-0.0036409236364459,-0.0052481622831731,0.0015630222159049,0.0005833307902018,0.0008494409012712,0.0016017427294593,0.000943773797727,0.0107293283430905,0.0399764364019342,0.0399764364019342,130.39190338084404,130.39190338084398,0.3039190338084399,0.3039190338084399,0.0,0.0,0.0,0.0399764364019342,130.39190338084398,0.0399764364019342,130.39190338084398,0.0,0.0,0.9999999999999994,0.0146724861011076,0.0833333333333333,0.0833333333333333,0.0833333333333333,0.0833333333333333,0.0833333333333333,0.0833333333333333,0.0833333333333333,0.0833333333333333,0.0833333333333333,0.0833333333333333,0.0833333333333333,0.0833333333333333,0.0146724861011077,1.4672486101107655e-05,1.4672486101107704e-05,0.0399611773621255,0.0399611773621255,130.39190338084404,130.20922861122116,130.20922861122116,0.0,130.39190338084404,130.39190338084404,0.0,130.20922861122116,130.20922861122116,0.0,130.39190338084404,130.20922861122116,0.002077848024335,True
2021-05-31,0.07650084730180606,0.018764949459084246,-0.1124999999999996,-0.012987157561955565,-0.026790469033876718,-0.01840188962047229,0.010526367627728739,0.01955690145144251,0.0028420036583010067,0.05825165300354307,0.07017065300738912,-0.045626237173913675,0.270326263982179,0.83,8.055902220112966,2.860621671850084,96.05172,14.01126465724769,96.98365,0.6802669535742156,13.554911240705223,96.19439333333332,-1.9651027739752025,ESTAGFLACAO,Estagflação,ESTAGFLACAO,3.0,EXPANSAO_INFLACIONARIA,2.0,0.0833333333333333,0.0833333333333333,0.0833333333333333,0.0833333333333333,0.0833333333333333,0.0833333333333333,0.0833333333333333,0.0833333333333333,0.0833333333333333,0.0833333333333333,0.0833333333333333,0.0833333333333333,1.0,0.001563745788257,-0.0093749999999999,0.0063750706084838,-0.001533490801706,-0.0010822631301629,-0.0022325390861563,0.0002368336381917,0.0008771973023107,0.0016297417876202,0.0048543044169619,0.0058475544172824,-0.0038021864311594,0.003358968509923,0.003358968509923,130.8298856782492,130.82988567824918,0.3082988567824918,0.3082988567824918,0.0,0.0,0.0,0.003358968509923,130.82988567824918,0.003358968509923,130.82988567824918,0.0,0.0,0.9999999999999994,0.0355895655419145,0.0833333333333333,0.0833333333333333,0.0833333333333333,0.0833333333333333,0.0833333333333333,0.0833333333333333,0.0833333333333333,0.0833333333333333,0.0833333333333333,0.0833333333333333,0.0833333333333333,0.0833333333333333,0.0355895655419146,3.558956554191451e-05,3.558956554191461e-05,0.0033232594001511,0.0033232594001511,130.8298856782492,130.64194765418983,130.64194765418983,0.0,130.8298856782492,130.8298856782492,0.0,130.64194765418983,130.64194765418983,0.0,130.8298856782492,130.64194765418983,0.0027032626398217,True
2021-06-30,-0.06922467867115578,0.2223710719222447,0.09630757518081468,-0.07658330674859826,-0.06019244950977032,-0.05404530526334095,0.006289302046118994,0.002958891023430832,-0.012444579727169058,0.009662610486786072,-0.004219409282700037,0.0013197878672603913,0.3077789683316512,0.53,8.346896570795526,2.247569442423636,96.55048,8.636301086796404,96.79721,-0.1922385886693134,8.303661787453542,96.70307333333334,-0.6309341244791322,ESTAGFLACAO,Estagflação,ESTAGFLACAO,3.0,ESTAGFLACAO,3.0,0.0833333333333333,0.0833333333333333,0.0833333333333333,0.0833333333333333,0.0833333333333333,0.0833333333333333,0.0833333333333333,0.0833333333333333,0.0833333333333333,0.0833333333333333,0.0833333333333333,0.0833333333333333,1.0,0.018530922660187,0.0080256312650678,-0.0057687232225963,-0.0045037754386117,-0.0063819422290498,-0.0050160374591475,-0.0010370483105974,0.0005241085038432,0.0002465742519525,0.0008052175405655,-0.000351617440225,0.0001099823222716,0.0051832924436601,0.0051832924436601,131.5080152360902,131.50801523609016,0.3150801523609017,0.3150801523609017,0.0,0.0,0.0,0.0051832924436601,131.50801523609016,0.0051832924436601,131.50801523609016,0.0,0.0,0.9999999999999994,0.0194029561472565,0.0833333333333333,0.0833333333333333,0.0833333333333333,0.0833333333333333,0.0833333333333333,0.0833333333333333,0.0833333333333333,0.0833333333333333,0.0833333333333333,0.0833333333333333,0.0833333333333333,0.0833333333333333,0.0194029561472565,1.9402956147256542e-05,1.940295614725654e-05,0.0051637889163169,0.0051637889163169,131.5080152360902,131.31655509549262,131.31655509549262,0.0,131.5080152360902,131.5080152360902,0.0,131.31655509549262,131.31655509549262,0.0,131.5080152360902,131.31655509549262,0.0030777896833165,True
2021-07-31,0.023605108202631397,0.07232874851151694,-0.24027777777777726,0.024376611246514024,0.03582739239325061,0.02528706364507194,-0.003906264842953533,-0.004374367159981185,0.006363095776932948,-0.039378758552471305,-0.038135593220338326,-0.017428272739908213,0.3556161780191802,0.96,8.994646052087663,2.235457525184371,99.83978,4.622679006664998,96.31464,-0.4985370962654945,5.066867677867926,96.6985,-0.1003041564186735,ESTAGFLACAO,Estagflação,ESTAGFLACAO,3.0,ESTAGFLACAO,3.0,0.0833333333333333,0.0833333333333333,0.0833333333333333,0.0833333333333333,0.0833333333333333,0.0833333333333333,0.0833333333333333,0.0833333333333333,0.0833333333333333,0.0833333333333333,0.0833333333333333,0.0833333333333333,1.0,0.006027395709293,-0.0200231481481481,0.0019670923502192,0.0021072553037559,0.0020313842705428,0.0029856160327708,0.000530257981411,-0.0003255220702461,-0.000364530596665,-0.0032815632127059,-0.0031779661016948,-0.001452356061659,-0.0129760845431259,-0.0129760845431259,129.80155611228798,129.80155611228795,0.2980155611228796,0.2980155611228796,-0.0129760845431259,-0.0129760845431259,0.0,-0.0129760845431259,129.80155611228795,-0.0129760845431259,129.80155611228795,-0.0129760845431259,-0.0129760845431259,0.9999999999999994,0.0260232298113362,0.0833333333333333,0.0833333333333333,0.0833333333333333,0.0833333333333333,0.0833333333333333,0.0833333333333333,0.0833333333333333,0.0833333333333333,0.0833333333333333,0.0833333333333333,0.0833333333333333,0.0833333333333333,0.0260232298113362,2.60232298113362e-05,2.6023229811336256e-05,-0.0130017700933071,-0.0130017700933071,131.5080152360902,129.6092074366959,131.31655509549262,-0.0130017700933073,129.80155611228798,131.5080152360902,-0.0129760845431259,129.6092074366959,131.31655509549262,-0.0130017700933073,129.80155611228798,129.6092074366959,0.0035561617801918,True
2021-08-31,0.001324078366098158,0.11829325923555278,-0.023765996343692253,0.012121772523088215,0.015118908504053508,0.0201755692569745,-0.023235321044921542,-0.0242158238486897,-0.011281969015540572,-0.026375924805544182,-0.02986783603214438,-0.04233114462530674,0.4279524773424858,0.87,9.679668268895435,1.6237660487824712,99.32829,4.463100585089674,97.07568,0.7901602497813576,3.757086455153691,96.72917666666666,0.5559402318596751,ESTAGFLACAO,Estagflação,ESTAGFLACAO,3.0,ESTAGFLACAO,3.0,0.0833333333333333,0.0833333333333333,0.0833333333333333,0.0833333333333333,0.0833333333333333,0.0833333333333333,0.0833333333333333,0.0833333333333333,0.0833333333333333,0.0833333333333333,0.0833333333333333,0.0833333333333333,1.0,0.0098577716029627,-0.0019804996953076,0.0001103398638415,0.0016812974380812,0.0010101477102573,0.0012599090420044,-0.0009401640846283,-0.0019362767537434,-0.0020179853207241,-0.0021979937337953,-0.002488986336012,-0.0035275953854422,-0.001170035652506,-0.001170035652506,129.64968366388584,129.64968366388584,0.2964968366388583,0.2964968366388583,-0.0141309377140866,-0.0141309377140864,0.0,-0.001170035652506,129.64968366388584,-0.001170035652506,129.64968366388584,-0.0141309377140864,-0.0141309377140864,0.9999999999999994,0.0239200607402751,0.0833333333333333,0.0833333333333333,0.0833333333333333,0.0833333333333333,0.0833333333333333,0.0833333333333333,0.0833333333333333,0.0833333333333333,0.0833333333333333,0.0833333333333333,0.0833333333333333,0.0833333333333333,0.0239200607402751,2.392006074027514e-05,2.392006074027513e-05,-0.0011939277259223,-0.0011939277259223,131.5080152360902,129.4544634104024,131.31655509549262,-0.0141801746454292,129.64968366388584,131.5080152360902,-0.0141309377140866,129.4544634104024,131.31655509549262,-0.0141801746454292,129.64968366388584,129.4544634104024,0.0042795247734248,True
2021-09-30,-0.03289253508092249,0.3404158778390447,0.0051498127340829924,0.02725833723877602,0.026010957414765112,0.04464682226474248,-0.0066244710519872685,-0.00712042204372465,0.004890274478350332,-0.06567140493667811,-0.0850059082596315,-0.09789884693427764,0.44199933223521,1.16,10.246375616866722,1.899479046071196,97.24746,1.4582090285662597,96.95969,-0.1194840973558042,1.698067373926393,96.78333666666668,0.0829997750502409,ESTAGFLACAO,Estagflação,ESTAGFLACAO,3.0,ESTAGFLACAO,3.0,0.0833333333333333,0.0833333333333333,0.0833333333333333,0.0833333333333333,0.0833333333333333,0.0833333333333333,0.0833333333333333,0.0833333333333333,0.0833333333333333,0.0833333333333333,0.0833333333333333,0.0833333333333333,1.0,0.0283679898199203,0.0004291510611735,-0.0027410445900768,0.0037205685220618,0.0022715281032313,0.0021675797845637,0.0004075228731958,-0.0005520392543322,-0.0005933685036437,-0.0054726170780565,-0.0070838256883026,-0.0081582372445231,0.0127632078052116,0.0127632078052116,131.30442951836795,131.30442951836793,0.3130442951836791,0.3130442951836791,-0.0015480860034025,-0.0015480860034025,0.0,0.0127632078052116,131.30442951836793,0.0127632078052116,131.30442951836793,-0.0015480860034025,-0.0015480860034025,0.9999999999999994,0.0144238569392235,0.0833333333333333,0.0833333333333333,0.0833333333333333,0.0833333333333333,0.0833333333333333,0.0833333333333333,0.0833333333333333,0.0833333333333333,0.0833333333333333,0.0833333333333333,0.0833333333333333,0.0833333333333333,0.0144238569392236,1.4423856939223589e-05,1.442385693922363e-05,0.012748599853589,0.012748599853589,131.5080152360902,131.1048265636827,131.31655509549262,-0.0016123521642488,131.30442951836795,131.5080152360902,-0.0015480860034025,131.1048265636827,131.31655509549262,-0.0016123521642488,131.30442951836795,131.1048265636827,0.004419993322352,True
2021-10-31,0.01578074995803025,-0.07516617981921403,0.05868653935724333,0.05009155865712156,0.027688165478686466,0.042590894799557466,-0.050924531205047585,-0.03944313305005975,-0.030945791694869773,-0.06463199711863654,-0.05359803003353669,-0.08902691388748496,0.4859961025168724,1.25,10.672670347092584,1.678024295004921,96.62082,-1.2636954328664296,97.48142,0.5380895916643258,0.1917882164744311,97.17226333333332,0.489938658131539,EXPANSAO_INFLACIONARIA,Expansão inflacionária,EXPANSAO_INFLACIONARIA,2.0,ESTAGFLACAO,3.0,0.0833333333333333,0.0833333333333333,0.0833333333333333,0.0833333333333333,0.0833333333333333,0.0833333333333333,0.0833333333333333,0.0833333333333333,0.0833333333333333,0.0833333333333333,0.0833333333333333,0.0833333333333333,1.0,-0.0062638483182678,0.0048905449464369,0.0013150624965025,0.0035492412332964,0.0041742965547601,0.0023073471232238,-0.0025788159745724,-0.0042437109337539,-0.0032869277541716,-0.0053859997598863,-0.0044665025027947,-0.0074189094906237,-0.0174082223798508,-0.0174082223798508,129.01865280985277,129.01865280985274,0.2901865280985274,0.2901865280985274,-0.0189293589578428,-0.0189293589578428,0.0,-0.0174082223798508,129.01865280985274,-0.0174082223798508,129.01865280985274,-0.0189293589578428,-0.0189293589578428,0.9999999999999994,0.0318665443010912,0.0833333333333333,0.0833333333333333,0.0833333333333333,0.0833333333333333,0.0833333333333333,0.0833333333333333,0.0833333333333333,0.0833333333333333,0.0833333333333333,0.0833333333333333,0.0833333333333333,0.0833333333333333,0.0318665443010913,3.186654430109128e-05,3.186654430109131e-05,-0.0174395341842622,-0.0174395341842622,131.5080152360902,128.8184194591036,131.31655509549262,-0.0190237676778254,129.01865280985277,131.5080152360902,-0.0189293589578428,128.8184194591036,131.31655509549262,-0.0190237676778254,129.01865280985277,128.8184194591036,0.0048599610251687,True
2021-11-30,-0.0052720271531471186,-0.15831186643427653,-0.002199736031676114,-0.04105869566773912,-0.009758732758193167,-0.007830066919728207,0.0522729268259603,0.042380330838284186,0.026783338959266656,-0.014491310470824748,-0.02894601133087027,0.03617424005702485,0.5867490939004627,0.95,10.738488170671022,1.0588199017755855,98.05768,1.2426105393924305,98.97262,1.5297274085666943,1.5700818604248434,97.80457666666666,1.1117638307890143,EXPANSAO_INFLACIONARIA,Expansão inflacionária,EXPANSAO_INFLACIONARIA,2.0,EXPANSAO_INFLACIONARIA,2.0,0.0833333333333333,0.0833333333333333,0.0833333333333333,0.0833333333333333,0.0833333333333333,0.0833333333333333,0.0833333333333333,0.0833333333333333,0.0833333333333333,0.0833333333333333,0.0833333333333333,0.0833333333333333,1.0,-0.0131926555361897,-0.000183311335973,-0.0004393355960955,-0.000652505576644,-0.0034215579723115,-0.0008132277298494,0.0022319449132722,0.0043560772354966,0.0035316942365236,-0.001207609205902,-0.0024121676109058,0.003014520004752,-0.0091881341738266,-0.0091881341738266,127.83321211690948,127.83321211690944,0.2783321211690945,0.2783321211690945,-0.0279435676417403,-0.0279435676417403,0.0,-0.0091881341738266,127.83321211690944,-0.0091881341738266,127.83321211690944,-0.0279435676417403,-0.0279435676417403,0.9999999999999994,0.0239060807151442,0.0833333333333333,0.0833333333333333,0.0833333333333333,0.0833333333333333,0.0833333333333333,0.0833333333333333,0.0833333333333333,0.0833333333333333,0.0833333333333333,0.0833333333333333,0.0833333333333333,0.0833333333333333,0.0239060807151443,2.3906080715144293e-05,2.3906080715144324e-05,-0.0092118206022645,-0.0092118206022645,131.5080152360902,127.63176728877907,131.31655509549262,-0.0280603447450626,127.83321211690948,131.5080152360902,-0.0279435676417403,127.63176728877907,131.31655509549262,-0.0280603447450626,127.83321211690948,127.63176728877907,0.0058674909390046,True
2021-12-31,0.02204554359729216,-0.2202758534858027,0.05114638447971753,0.02407355282791368,0.007965159975758196,0.018212051762038328,-0.0036421792219248905,-0.04149991931839114,-0.011788247268549101,0.02590316456787156,-0.038232999526365496,0.11460428738232564,0.7690830818633421,0.73,10.061054893257904,-0.1853207236088181,99.33126,1.840936379288438,99.35339,0.384722562664308,1.7050757853544374,98.60247666666667,1.8796004174410184,EXPANSAO_INFLACIONARIA,Expansão inflacionária,EXPANSAO_INFLACIONARIA,2.0,EXPANSAO_INFLACIONARIA,2.0,0.0833333333333333,0.0833333333333333,0.0833333333333333,0.0833333333333333,0.0833333333333333,0.0833333333333333,0.0833333333333333,0.0833333333333333,0.0833333333333333,0.0833333333333333,0.0833333333333333,0.0833333333333333,1.0,-0.0183563211238168,0.0042621987066431,0.0018371286331076,0.0015176709801698,0.0020061294023261,0.0006637633313131,-0.0009823539390457,-0.0003035149351604,-0.0034583266098659,0.0021585970473226,-0.0031860832938637,0.0095503572818604,-0.0042907545190096,-0.0042907545190096,127.28471118433932,127.2847111843393,0.272847111843393,0.272847111843393,-0.0321144231716139,-0.0321144231716139,0.0,-0.0042907545190096,127.2847111843393,-0.0042907545190096,127.2847111843393,-0.0321144231716139,-0.0321144231716139,0.9999999999999994,0.0173785048503699,0.0833333333333333,0.0833333333333333,0.0833333333333333,0.0833333333333333,0.0833333333333333,0.0833333333333333,0.0833333333333333,0.0833333333333333,0.0833333333333333,0.0833333333333333,0.0833333333333333,0.0833333333333333,0.0173785048503699,1.7378504850369936e-05,1.737850485036993e-05,-0.0043080584569618,-0.0043080584569618,131.5080152360902,127.08192217433368,131.31655509549262,-0.0322475175965403,127.28471118433932,131.5080152360902,-0.0321144231716139,127.08192217433368,131.31655509549262,-0.0322475175965403,127.28471118433932,127.08192217433368,0.0076908308186334,True
2022-01-31,-0.00976441311229237,0.3687166311917782,0.050335570469798974,-0.07665459985265799,-0.061544941881610415,-0.05963846601706391,-0.01604388482124708,0.012637379405262994,0.010406087094764205,0.07138115217256802,0.17237504714288887,0.0019678408131444947,0.7322703246089635,0.54,10.379435999682295,-0.2932343474102872,90.45032,-0.3946538162092339,97.34401,-2.022457411870904,-0.5606335009417984,98.55667333333334,1.4246966701300543,EXPANSAO_INFLACIONARIA,Expansão inflacionária,EXPANSAO_INFLACIONARIA,2.0,EXPANSAO_INFLACIONARIA,2.0,0.0833333333333333,0.0833333333333333,0.0833333333333333,0.0833333333333333,0.0833333333333333,0.0833333333333333,0.0833333333333333,0.0833333333333333,0.0833333333333333,0.0833333333333333,0.0833333333333333,0.0833333333333333,1.0,0.0307263859326481,0.0041946308724832,-0.000813701092691,-0.0049698721680886,-0.0063878833210548,-0.0051287451568008,0.0008671739245636,-0.0013369904017705,0.0010531149504385,0.005948429347714,0.0143645872619074,0.0001639867344287,0.0386811168837778,0.0386811168837778,132.20822597517866,132.20822597517864,0.3220822597517863,0.3220822597517863,0.0,0.0,0.0,0.0386811168837778,132.20822597517864,0.0386811168837778,132.20822597517864,0.0,0.0,0.9999999999999994,0.024658637621061,0.0833333333333333,0.0833333333333333,0.0833333333333333,0.0833333333333333,0.0833333333333333,0.0833333333333333,0.0833333333333333,0.0833333333333333,0.0833333333333333,0.0833333333333333,0.0833333333333333,0.0833333333333333,0.024658637621061,2.465863762106105e-05,2.465863762106105e-05,0.0386555044225127,0.0386555044225127,132.20822597517866,131.99433797896504,131.99433797896504,0.0,132.20822597517866,132.20822597517866,0.0,131.99433797896504,131.99433797896504,0.0,132.20822597517866,131.99433797896504,0.0073227032460896,True
2022-02-28,0.0509749303621172,-0.08288885438651494,0.05351437699680606,-0.041550924393448097,-0.04788093859420772,-0.04482897181062295,0.005159958639077145,-0.03407487072874971,0.0021351188530651655,0.010720289315394371,-0.01714560238855567,-0.01963988507709058,0.7550409870388908,1.01,10.543593400038787,-0.194894770632235,95.72214,1.5433135350222171,98.43725,1.1230685894283663,-0.3542866467369565,98.37821666666667,0.5865165205459322,EXPANSAO_DESINFLACIONARIA,Expansão desinflacionária,EXPANSAO_DESINFLACIONARIA,1.0,EXPANSAO_INFLACIONARIA,2.0,0.0833333333333333,0.0833333333333333,0.0833333333333333,0.0833333333333333,0.0833333333333333,0.0833333333333333,0.0833333333333333,0.0833333333333333,0.0833333333333333,0.0833333333333333,0.0833333333333333,0.0833333333333333,1.0,-0.0069074045322095,0.0044595314164005,0.0042479108635097,-0.0037357476508852,-0.0034625770327873,-0.0039900782161839,0.0001779265710887,0.0004299965532564,-0.0028395725607291,0.0008933574429495,-0.0014288001990463,-0.0016366570897575,-0.0137921144343941,-0.0137921144343941,130.38479499336074,130.38479499336074,0.3038479499336075,0.3038479499336075,-0.0137921144343943,-0.013792114434394,0.0,-0.0137921144343941,130.38479499336074,-0.0137921144343941,130.38479499336074,-0.013792114434394,-0.013792114434394,0.9999999999999994,0.0407635482137723,0.0833333333333333,0.0833333333333333,0.0833333333333333,0.0833333333333333,0.0833333333333333,0.0833333333333333,0.0833333333333333,0.0833333333333333,0.0833333333333333,0.0833333333333333,0.0833333333333333,0.0833333333333333,0.0407635482137724,4.076354821377239e-05,4.076354821377245e-05,-0.0138323157670862,-0.0138323157670862,132.20822597517866,130.1685506165725,131.99433797896504,-0.0138323157670861,130.38479499336074,132.20822597517866,-0.0137921144343943,130.1685506165725,131.99433797896504,-0.0138323157670861,130.38479499336074,130.1685506165725,0.0075504098703889,True
2022-03-31,0.033236125720581544,0.26219249735632744,0.1353297952994692,-0.07155577999214724,-0.11869416823631118,-0.06881807836729548,-0.001745361050124239,0.07235136116675123,-0.0036345521017644433,0.05802940928236766,0.07728291840957047,0.06594318610385508,0.9270538628930902,1.62,11.299315974556002,1.2382610812980983,104.61484,3.4917987459087696,99.55981,1.140381308904903,4.501508693553369,98.44702333333332,-0.157656621404012,EXPANSAO_DESINFLACIONARIA,Expansão desinflacionária,EXPANSAO_DESINFLACIONARIA,1.0,EXPANSAO_DESINFLACIONARIA,1.0,0.0833333333333333,0.0833333333333333,0.0833333333333333,0.0833333333333333,0.0833333333333333,0.0833333333333333,0.0833333333333333,0.0833333333333333,0.0833333333333333,0.0833333333333333,0.0833333333333333,0.0833333333333333,1.0,0.0218493747796939,0.0112774829416224,0.0027696771433817,-0.0057348398639412,-0.0059629816660122,-0.0098911806863592,-0.0003028793418137,-0.000145446754177,0.0060292800972292,0.0048357841068639,0.0064402432007975,0.0054952655086545,0.03665977946594,0.03665977946594,135.16467282352914,135.16467282352914,0.3516467282352915,0.3516467282352915,0.0,0.0,0.0,0.03665977946594,135.16467282352914,0.03665977946594,135.16467282352914,0.0,0.0,0.9999999999999994,0.0161785739380075,0.0833333333333333,0.0833333333333333,0.0833333333333333,0.0833333333333333,0.0833333333333333,0.0833333333333333,0.0833333333333333,0.0833333333333333,0.0833333333333333,0.0833333333333333,0.0833333333333333,0.0833333333333333,0.0161785739380075,1.6178573938007515e-05,1.617857393800753e-05,0.0366430077890493,0.0366430077890493,135.16467282352914,134.93831783070485,134.93831783070485,0.0,135.16467282352914,135.16467282352914,0.0,134.93831783070485,134.93831783070485,0.0,135.16467282352914,134.93831783070485,0.0092705386289309,True
2022-04-30,-0.02046988679625228,0.2839418120081829,0.09282136894824689,-0.025583634333172234,-0.033663510235748983,0.03524328122185216,0.0,2.220446049250313e-16,0.0,-0.1020712510879942,-0.11660936568562763,-0.10884881933174984,0.834320523721388,1.06,12.13148113237592,1.752045132693624,100.42352,2.927836606915535,99.51646,-0.043541666059832,3.3096172300659754,99.17117333333331,0.6234991291981462,EXPANSAO_DESINFLACIONARIA,Expansão desinflacionária,EXPANSAO_DESINFLACIONARIA,1.0,EXPANSAO_DESINFLACIONARIA,1.0,0.0833333333333333,0.0833333333333333,0.0833333333333333,0.0833333333333333,0.0833333333333333,0.0833333333333333,0.0833333333333333,0.0833333333333333,0.0833333333333333,0.0833333333333333,0.0833333333333333,0.0833333333333333,1.0,0.0236618176673485,0.0077351140790205,-0.0017058238996876,0.002936940101821,-0.0021319695277643,-0.0028052925196457,0.0,0.0,1.8503717077085938e-17,-0.0085059375906661,-0.0097174471404689,-0.0090707349443124,0.0003966662256447,0.0003966662256447,135.21828808413855,135.21828808413855,0.3521828808413856,0.3521828808413856,0.0,0.0,0.0,0.0003966662256447,135.21828808413855,0.0003966662256447,135.21828808413855,0.0,0.0,0.9999999999999994,0.0362679652925871,0.0833333333333333,0.0833333333333333,0.0833333333333333,0.0833333333333333,0.0833333333333333,0.0833333333333333,0.0833333333333333,0.0833333333333333,0.0833333333333333,0.0833333333333333,0.0833333333333333,0.0833333333333333,0.0362679652925871,3.626796529258714e-05,3.626796529258714e-05,0.0003603838740753,0.0003603838740753,135.21828808413855,134.98694742444587,134.98694742444587,0.0,135.21828808413855,135.21828808413855,0.0,134.98694742444587,134.98694742444587,0.0,135.21828808413855,134.98694742444587,0.0083432052372138,True
2022-05-31,-0.03488194414341872,0.12437886595036995,-0.07913229453101112,-0.012751532585711711,-0.014835236736721491,-0.03754708812873586,0.0,0.006914653569526363,0.0,0.034139183164816345,0.05990781753926333,0.049209124112010505,1.0345923015313565,0.47,11.73113070881493,1.1875373087761432,99.79777,3.90003427320198,99.67415,0.1584561991051503,2.7741789466575018,99.58347333333332,1.225125548626682,EXPANSAO_DESINFLACIONARIA,Expansão desinflacionária,EXPANSAO_DESINFLACIONARIA,1.0,EXPANSAO_DESINFLACIONARIA,1.0,0.0833333333333333,0.0833333333333333,0.0833333333333333,0.0833333333333333,0.0833333333333333,0.0833333333333333,0.0833333333333333,0.0833333333333333,0.0833333333333333,0.0833333333333333,0.0833333333333333,0.0833333333333333,1.0,0.0103649054958641,-0.0065943578775842,-0.0029068286786182,-0.0031289240107279,-0.0010626277154759,-0.0012362697280601,0.0,0.0,0.0005762211307938,0.0028449319304013,0.0049923181282719,0.0041007603426675,0.0079501290175323,0.0079501290175323,136.2932909199373,136.2932909199373,0.3629329091993731,0.3629329091993731,0.0,0.0,0.0,0.0079501290175323,136.2932909199373,0.0079501290175323,136.2932909199373,0.0,0.0,0.9999999999999994,0.0342211309249375,0.0833333333333333,0.0833333333333333,0.0833333333333333,0.0833333333333333,0.0833333333333333,0.0833333333333333,0.0833333333333333,0.0833333333333333,0.0833333333333333,0.0833333333333333,0.0833333333333333,0.0833333333333333,0.0342211309249376,3.422113092493756e-05,3.422113092493768e-05,0.0079156358242014,0.0079156358242014,136.2932909199373,136.0554549412784,136.0554549412784,0.0,136.2932909199373,136.2932909199373,0.0,136.0554549412784,136.0554549412784,0.0,136.2932909199373,136.0554549412784,0.0103459230153135,True
2022-06-30,-0.020947509962969124,-0.3340700452377636,-0.012939615129395565,0.05709709444825206,0.020221529949477457,0.09016500769326874,0.0,-0.016751644991437997,0.0,-0.11518561251961168,-0.1296618180574416,-0.1480737025061405,1.0153156089369508,0.67,11.886729617590742,0.5874136430347399,99.53784,3.094091298147883,99.6343,-0.0399802757284573,2.930962576297391,99.60830333333332,1.1795988956090575,EXPANSAO_INFLACIONARIA,Expansão inflacionária,EXPANSAO_INFLACIONARIA,2.0,EXPANSAO_DESINFLACIONARIA,1.0,0.0833333333333333,0.0833333333333333,0.0833333333333333,0.0833333333333333,0.0833333333333333,0.0833333333333333,0.0833333333333333,0.0833333333333333,0.0833333333333333,0.0833333333333333,0.0833333333333333,0.0833333333333333,1.0,-0.0278391704364803,-0.0010783012607829,-0.0017456258302474,0.0075137506411057,0.004758091204021,0.0016851274957897,0.0,0.0,-0.0013959704159531,-0.0095988010433009,-0.0108051515047867,-0.012339475208845,-0.0508455263594801,-0.0508455263594801,129.36338680384736,129.36338680384733,0.2936338680384733,0.2936338680384733,-0.0508455263594799,-0.0508455263594801,0.0,-0.0508455263594801,129.36338680384733,-0.0508455263594801,129.36338680384733,-0.0508455263594801,-0.0508455263594801,0.9999999999999994,0.0194978623699536,0.0833333333333333,0.0833333333333333,0.0833333333333333,0.0833333333333333,0.0833333333333333,0.0833333333333333,0.0833333333333333,0.0833333333333333,0.0833333333333333,0.0833333333333333,0.0833333333333333,0.0833333333333333,0.0194978623699537,1.949786236995362e-05,1.9497862369953733e-05,-0.050864032842775,-0.050864032842775,136.2932909199373,129.13512581270652,136.0554549412784,-0.050864032842775,129.36338680384736,136.2932909199373,-0.0508455263594799,129.13512581270652,136.0554549412784,-0.050864032842775,129.36338680384736,129.13512581270652,0.0101531560893695,True
2022-07-31,-0.022836844814264734,0.5171460943307724,-0.17142857142857104,-0.02404899422864637,0.016209824378186966,0.0003474416102522415,0.0,-0.009523825670675556,0.0,0.04820004908292708,0.03530195648907686,-0.019858476683244364,1.0348424349291951,-0.68,10.06923519828753,-2.0622459340883914,103.95861,4.125439779614881,101.27684,1.6485688161607115,5.152072415989939,100.19509666666666,1.0324808096116025,EXPANSAO_INFLACIONARIA,Expansão inflacionária,EXPANSAO_INFLACIONARIA,2.0,EXPANSAO_INFLACIONARIA,2.0,0.0833333333333333,0.0833333333333333,0.0833333333333333,0.0833333333333333,0.0833333333333333,0.0833333333333333,0.0833333333333333,0.0833333333333333,0.0833333333333333,0.0833333333333333,0.0833333333333333,0.0833333333333333,1.0,0.0430955078608977,-0.0142857142857142,-0.0019030704011887,2.8953467521020126e-05,-0.0020040828523871,0.0013508186981822,0.0,0.0,-0.0007936521392229,0.0040166707569105,0.002941829707423,-0.001654873056937,0.0307923877554844,0.0307923877554844,133.34679437167415,133.34679437167415,0.3334679437167416,0.3334679437167416,-0.0216187937672883,-0.0216187937672883,0.0,0.0307923877554844,133.34679437167415,0.0307923877554844,133.34679437167415,-0.0216187937672883,-0.0216187937672883,0.9999999999999994,0.045971536371271,0.0833333333333333,0.0833333333333333,0.0833333333333333,0.0833333333333333,0.0833333333333333,0.0833333333333333,0.0833333333333333,0.0833333333333333,0.0833333333333333,0.0833333333333333,0.0833333333333333,0.0833333333333333,0.0459715363712709,4.597153637127107e-05,4.5971536371271e-05,0.0307450006457392,0.0307450006457392,136.2932909199373,133.10538533920578,136.0554549412784,-0.0216828469196319,133.34679437167415,136.2932909199373,-0.0216187937672883,133.10538533920578,136.0554549412784,-0.0216828469196319,133.34679437167415,133.10538533920578,0.0103484243492919,True
2022-08-31,-0.0284190679517341,0.10912623082974493,0.09330628803245511,-0.028012885811868893,-0.0422253998225417,-0.011731351165847892,0.0,0.02467954300904185,0.0,0.06531987604490452,0.09800556702000818,-0.03711130452855382,1.169361280006331,-0.36,8.727060525006136,-3.0040701838087944,104.56278,5.269888367150988,101.07328,-0.2009936328977168,4.118024205444648,100.66147333333332,1.0825089383974973,EXPANSAO_INFLACIONARIA,Expansão inflacionária,EXPANSAO_INFLACIONARIA,2.0,EXPANSAO_INFLACIONARIA,2.0,0.0833333333333333,0.0833333333333333,0.0833333333333333,0.0833333333333333,0.0833333333333333,0.0833333333333333,0.0833333333333333,0.0833333333333333,0.0833333333333333,0.0833333333333333,0.0833333333333333,0.0833333333333333,1.0,0.0090938525691454,0.0077755240027045,-0.0023682556626445,-0.0009776125971539,-0.002334407150989,-0.0035187833185451,0.0,0.0,0.0020566285840868,0.005443323003742,0.0081671305850006,-0.0030926087107128,0.020244791304634,0.020244791304634,136.04637239487062,136.04637239487062,0.360463723948706,0.360463723948706,-0.0018116704307311,-0.0018116704307311,0.0,0.020244791304634,136.04637239487062,0.020244791304634,136.04637239487062,-0.0018116704307311,-0.0018116704307311,0.9999999999999994,0.0410906326914081,0.0833333333333333,0.0833333333333333,0.0833333333333333,0.0833333333333333,0.0833333333333333,0.0833333333333333,0.0833333333333333,0.0833333333333333,0.0833333333333333,0.0833333333333333,0.0833333333333333,0.0833333333333333,0.0410906326914082,4.109063269140813e-05,4.109063269140823e-05,0.0202028688006592,0.0202028688006592,136.2932909199373,135.79449597587495,136.0554549412784,-0.0019180338305148,136.04637239487062,136.2932909199373,-0.0018116704307311,135.79449597587495,136.0554549412784,-0.0019180338305148,136.04637239487062,135.79449597587495,0.0116936128000633,True
2022-09-30,-0.029425515516854794,-0.2586830391731626,0.005565862708720726,0.03338008662755132,0.011725882712320335,0.05355436342906139,0.0,0.017099356970376123,0.0,0.0047859742597153865,0.0361327821592583,0.018541653951009263,1.0719822473548524,-0.29,7.168596332032062,-4.71813328555868,101.38087,4.2504040722503245,101.17973,0.1053196255232036,4.352365400508207,101.17661666666667,1.5744805210516244,EXPANSAO_DESINFLACIONARIA,Expansão desinflacionária,EXPANSAO_DESINFLACIONARIA,1.0,EXPANSAO_INFLACIONARIA,2.0,0.0833333333333333,0.0833333333333333,0.0833333333333333,0.0833333333333333,0.0833333333333333,0.0833333333333333,0.0833333333333333,0.0833333333333333,0.0833333333333333,0.0833333333333333,0.0833333333333333,0.0833333333333333,1.0,-0.0215569199310968,0.0004638218923933,-0.0024521262930712,0.0044628636190884,0.0027816738856292,0.0009771568926933,0.0,0.0,0.001424946414198,0.0003988311883096,0.0030110651799381,0.0015451378292507,-0.008943549322667,-0.008943549322667,134.8296349531872,134.8296349531872,0.348296349531872,0.348296349531872,-0.0107390169895442,-0.0107390169895442,0.0,-0.008943549322667,134.8296349531872,-0.008943549322667,134.8296349531872,-0.0107390169895442,-0.0107390169895442,0.9999999999999994,0.0236228885849994,0.0833333333333333,0.0833333333333333,0.0833333333333333,0.0833333333333333,0.0833333333333333,0.0833333333333333,0.0833333333333333,0.0833333333333333,0.0833333333333333,0.0833333333333333,0.0833333333333333,0.0833333333333333,0.0236228885849994,2.362288858499942e-05,2.3622888584999437e-05,-0.0089669609387829,-0.0089669609387829,136.2932909199373,134.5768320347576,136.0554549412784,-0.01086779583486,134.8296349531872,136.2932909199373,-0.0107390169895442,134.5768320347576,136.0554549412784,-0.01086779583486,134.8296349531872,134.5768320347576,0.0107198224735485,True
2022-10-31,-0.0159408082355742,-0.06074486956043723,0.02066420664206703,-0.005543902853298421,-0.039694881186077446,-0.019958553112704447,0.0,0.002255187949014692,0.0,0.054731770926720325,0.06738927077009205,0.06054406057324235,1.0206758664957682,0.59,6.470015852238076,-3.5992193460494537,100.20398,3.7084760820701,101.46342,0.280382246523092,4.084880995783613,101.23881,1.041681048330756,EXPANSAO_DESINFLACIONARIA,Expansão desinflacionária,EXPANSAO_DESINFLACIONARIA,1.0,EXPANSAO_DESINFLACIONARIA,1.0,0.0833333333333333,0.0833333333333333,0.0833333333333333,0.0833333333333333,0.0833333333333333,0.0833333333333333,0.0833333333333333,0.0833333333333333,0.0833333333333333,0.0833333333333333,0.0833333333333333,0.0833333333333333,1.0,-0.0050620724633697,0.0017220172201722,-0.0013284006862978,-0.001663212759392,-0.0004619919044415,-0.0033079067655064,0.0,0.0,0.0001879323290845,0.00456098091056,0.0056157725641743,0.0050453383811035,0.005308456826087,0.005308456826087,135.54537224921324,135.54537224921324,0.3554537224921323,0.3554537224921323,-0.005487567771501,-0.005487567771501,0.0,0.005308456826087,135.54537224921324,0.005308456826087,135.54537224921324,-0.005487567771501,-0.005487567771501,0.9999999999999994,0.0227216670200776,0.0833333333333333,0.0833333333333333,0.0833333333333333,0.0833333333333333,0.0833333333333333,0.0833333333333333,0.0833333333333333,0.0833333333333333,0.0833333333333333,0.0833333333333333,0.0833333333333333,0.0833333333333333,0.0227216670200775,2.2721667020077665e-05,2.2721667020077557e-05,0.0052856145420785,0.0052856145420785,136.2932909199373,135.2881532951874,136.0554549412784,-0.0056396242724865,135.54537224921324,136.2932909199373,-0.005487567771501,135.2881532951874,136.0554549412784,-0.0056396242724865,135.54537224921324,135.2881532951874,0.0102067586649576,True
2022-11-30,0.06730238641898234,0.09047990677252127,-0.04266088214027408,0.030813261528220615,0.05833816772040157,-0.003838500925271382,0.0,-0.02536561125794834,0.0,-0.03067483346454214,-0.1368653421633551,0.13307621463716757,1.0206758664957682,0.41,5.900488278585692,-2.8265722464204446,99.36927,1.337569887437673,100.66227,-0.7895949101656474,1.7071893216527911,101.10180666666668,0.437439785800886,EXPANSAO_DESINFLACIONARIA,Expansão desinflacionária,EXPANSAO_DESINFLACIONARIA,1.0,EXPANSAO_DESINFLACIONARIA,1.0,0.0833333333333333,0.0833333333333333,0.0833333333333333,0.0833333333333333,0.0833333333333333,0.0833333333333333,0.0833333333333333,0.0833333333333333,0.0833333333333333,0.0833333333333333,0.0833333333333333,0.0833333333333333,1.0,0.0075399922310434,-0.0035550735116895,0.0056085322015818,-0.0003198750771059,0.0025677717940183,0.0048615139767001,0.0,0.0,-0.0021138009381623,-0.0025562361220451,-0.0114054451802795,0.0110896845530972,0.0117170639271585,0.0117170639271585,137.1335660408878,137.1335660408878,0.3713356604088778,0.3713356604088778,0.0,0.0,0.0,0.0117170639271585,137.1335660408878,0.0117170639271585,137.1335660408878,0.0,0.0,0.9999999999999994,0.0150944949923359,0.0833333333333333,0.0833333333333333,0.0833333333333333,0.0833333333333333,0.0833333333333333,0.0833333333333333,0.0833333333333333,0.0833333333333333,0.0833333333333333,0.0833333333333333,0.0833333333333333,0.0833333333333333,0.015094494992336,1.5094494992335984e-05,1.5094494992336089e-05,0.0117017925690032,0.0117017925690032,137.1335660408878,136.87126720209116,136.87126720209116,0.0,137.1335660408878,137.1335660408878,0.0,136.87126720209116,136.87126720209116,0.0,137.1335660408878,136.87126720209116,0.0102067586649576,True
2022-12-31,0.04209621993127177,-0.3421356236379949,0.026435045317221073,0.027887104976976218,0.034764307930915006,-0.000265744261335521,0.0,-0.0038829126144096504,0.0,-0.023382591527415064,0.017289027533567758,-0.02025529577376939,1.1233146856986398,0.62,5.784841959607756,-1.3837543724243062,99.97806,0.6511545308093281,100.58196,-0.0797816301977061,1.236565757846808,100.90255,-0.2708794538659131,EXPANSAO_DESINFLACIONARIA,Expansão desinflacionária,EXPANSAO_DESINFLACIONARIA,1.0,EXPANSAO_DESINFLACIONARIA,1.0,0.0833333333333333,0.0833333333333333,0.0833333333333333,0.0833333333333333,0.0833333333333333,0.0833333333333333,0.0833333333333333,0.0833333333333333,0.0833333333333333,0.0833333333333333,0.0833333333333333,0.0833333333333333,1.0,-0.0285113019698329,0.0022029204431017,0.0035080183276059,-2.214535511129341e-05,0.002323925414748,0.0028970256609095,0.0,0.0,-0.0003235760512008,-0.0019485492939512,0.0014407522944639,-0.0016879413144807,-0.0201208718437477,-0.0201208718437477,134.37431913310297,134.37431913310297,0.3437431913310298,0.3437431913310298,-0.0201208718437476,-0.0201208718437476,0.0,-0.0201208718437477,134.37431913310297,-0.0201208718437477,134.37431913310297,-0.0201208718437476,-0.0201208718437476,0.9999999999999994,0.0264751734865669,0.0833333333333333,0.0833333333333333,0.0833333333333333,0.0833333333333333,0.0833333333333333,0.0833333333333333,0.0833333333333333,0.0833333333333333,0.0833333333333333,0.0833333333333333,0.0833333333333333,0.0833333333333333,0.026475173486567,2.6475173486566997e-05,2.647517348656702e-05,-0.0201468143136613,-0.0201468143136613,137.1335660408878,134.1137471968951,136.87126720209116,-0.0201468143136613,134.37431913310297,137.1335660408878,-0.0201208718437476,134.1137471968951,136.87126720209116,-0.0201468143136613,134.37431913310297,134.1137471968951,0.0112331468569863,True
2023-01-31,0.06045616927727404,-0.4112744009046827,0.00036791758646148587,-0.007283717851806926,-0.0023415568793230257,-0.028841007199454705,0.0,0.002212379777956963,0.0,0.03195322322695504,0.009654053307554422,0.059763699524601366,1.1233146856986398,0.53,5.774320292414625,-0.6956955598234504,93.79237,3.69490124523606,100.05178,-0.5271124165804664,2.7816503552709597,100.43200333333334,-0.7969341665184149,EXPANSAO_DESINFLACIONARIA,Expansão desinflacionária,EXPANSAO_DESINFLACIONARIA,1.0,EXPANSAO_DESINFLACIONARIA,1.0,0.0833333333333333,0.0833333333333333,0.0833333333333333,0.0833333333333333,0.0833333333333333,0.0833333333333333,0.0833333333333333,0.0833333333333333,0.0833333333333333,0.0833333333333333,0.0833333333333333,0.0833333333333333,1.0,-0.0342728667420568,3.065979887179049e-05,0.0050380141064395,-0.0024034172666212,-0.0006069764876505,-0.0001951297399435,0.0,0.0,0.0001843649814964,0.0026627686022462,0.0008045044422962,0.0049803082937167,-0.0237777700112053,-0.0237777700112053,131.1791974773437,131.1791974773437,0.3117919747734374,0.3117919747734374,-0.0434202123918274,-0.0434202123918274,0.0,-0.0237777700112053,131.1791974773437,-0.0237777700112053,131.1791974773437,-0.0434202123918274,-0.0434202123918274,0.9999999999999994,0.02767440783064,0.0833333333333333,0.0833333333333333,0.0833333333333333,0.0833333333333333,0.0833333333333333,0.0833333333333333,0.0833333333333333,0.0833333333333333,0.0833333333333333,0.0833333333333333,0.0833333333333333,0.0833333333333333,0.0276744078306399,2.767440783064004e-05,2.767440783063991e-05,-0.0238047863833313,-0.0238047863833313,137.1335660408878,130.92119809380492,136.87126720209116,-0.0434720100859512,131.1791974773437,137.1335660408878,-0.0434202123918274,130.92119809380492,136.87126720209116,-0.0434720100859512,131.1791974773437,130.92119809380492,0.0112331468569863,True
2023-02-28,-0.052137846896054496,0.023472415574596672,-0.07392423685178318,-0.005967104932884104,-0.026531977879389657,0.01657896824594096,0.0,0.011563188639492239,0.0,-0.07631923143084174,-0.05149400488417999,-0.0775409761022342,0.9181412243290276,0.84,5.596301933344128,-0.3041863452415638,98.75065,3.1638553003516146,103.00964,2.956329212733655,4.644979415820738,101.21446,0.111425638222995,EXPANSAO_DESINFLACIONARIA,Expansão desinflacionária,EXPANSAO_DESINFLACIONARIA,1.0,EXPANSAO_DESINFLACIONARIA,1.0,0.0833333333333333,0.0833333333333333,0.0833333333333333,0.0833333333333333,0.0833333333333333,0.0833333333333333,0.0833333333333333,0.0833333333333333,0.0833333333333333,0.0833333333333333,0.0833333333333333,0.0833333333333333,1.0,0.0019560346312163,-0.0061603530709819,-0.0043448205746712,0.0013815806871617,-0.000497258744407,-0.0022109981566158,0.0,0.0,0.000963599053291,-0.0063599359525701,-0.0042911670736816,-0.0064617480085195,-0.0260250672097781,-0.0260250672097781,127.76525004647112,127.76525004647112,0.2776525004647112,0.2776525004647112,-0.0683152656558453,-0.0683152656558453,0.0,-0.0260250672097781,127.76525004647112,-0.0260250672097781,127.76525004647112,-0.0683152656558453,-0.0683152656558453,0.9999999999999994,0.0335101182243304,0.0833333333333333,0.0833333333333333,0.0833333333333333,0.0833333333333333,0.0833333333333333,0.0833333333333333,0.0833333333333333,0.0833333333333333,0.0833333333333333,0.0833333333333333,0.0833333333333333,0.0833333333333333,0.0335101182243302,3.351011822433045e-05,3.3510118224330285e-05,-0.0260577052249234,-0.0260577052249234,137.1335660408878,127.50969210618273,136.87126720209116,-0.0683969344865202,127.76525004647112,137.1335660408878,-0.0683152656558453,127.50969210618273,136.87126720209116,-0.0683969344865202,127.76525004647112,127.50969210618273,0.0091814122432902,True
2023-03-31,0.07660340845083824,-0.19330174844053616,0.04924543288324057,0.006855247664761421,0.0028565961401787465,-0.020578086545620655,0.0,0.034500671090177626,0.0,-0.02738433884885383,-0.013756223267976986,-0.06770928278471844,1.174673194761211,0.71,4.65069442734789,-1.134147532259866,110.62354,5.7436401948327775,103.09341,0.081322485934332,3.549223326159434,102.05161,1.138781923747212,EXPANSAO_DESINFLACIONARIA,Expansão desinflacionária,EXPANSAO_DESINFLACIONARIA,1.0,EXPANSAO_DESINFLACIONARIA,1.0,0.0833333333333333,0.0833333333333333,0.0833333333333333,0.0833333333333333,0.0833333333333333,0.0833333333333333,0.0833333333333333,0.0833333333333333,0.0833333333333333,0.0833333333333333,0.0833333333333333,0.0833333333333333,1.0,-0.0161084790367113,0.0041037860736033,0.0063836173709031,-0.0017148405454683,0.0005712706387301,0.0002380496783482,0.0,0.0,0.0028750559241814,-0.0022820282374044,-0.001146351938998,-0.0056424402320598,-0.0127223603048757,-0.0127223603048757,126.1397745009374,126.13977450093736,0.2613977450093736,0.2613977450093736,-0.080168494536724,-0.0801684945367242,0.0,-0.0127223603048757,126.13977450093736,-0.0127223603048757,126.13977450093736,-0.0801684945367242,-0.0801684945367242,0.9999999999999994,0.0172658337150173,0.0833333333333333,0.0833333333333333,0.0833333333333333,0.0833333333333333,0.0833333333333333,0.0833333333333333,0.0833333333333333,0.0833333333333333,0.0833333333333333,0.0833333333333333,0.0833333333333333,0.0833333333333333,0.0172658337150173,1.726583371501738e-05,1.726583371501738e-05,-0.0127394064764332,-0.0127394064764332,137.1335660408878,125.8852943087572,136.87126720209116,-0.0802650046127877,126.1397745009374,137.1335660408878,-0.080168494536724,125.8852943087572,136.87126720209116,-0.0802650046127877,126.1397745009374,125.8852943087572,0.0117467319476121,True
2023-04-30,0.010716087143696207,0.08754512577117501,-0.0370931112793339,-0.011437719316930162,-0.028144354384932457,-0.022875861667318143,0.0,0.03304865078127994,0.0,0.026116528557343033,0.07346679791738442,-0.04022113319052789,0.9181412243290276,0.61,4.184705782064824,-1.5896145103498016,104.34152,3.901476466867537,104.1626,1.0371079974947015,4.668715105018806,103.42188333333333,2.977019177917417,EXPANSAO_DESINFLACIONARIA,Expansão desinflacionária,EXPANSAO_DESINFLACIONARIA,1.0,EXPANSAO_DESINFLACIONARIA,1.0,0.0833333333333333,0.0833333333333333,0.0833333333333333,0.0833333333333333,0.0833333333333333,0.0833333333333333,0.0833333333333333,0.0833333333333333,0.0833333333333333,0.0833333333333333,0.0833333333333333,0.0833333333333333,1.0,0.0072954271475979,-0.0030910926066111,0.0008930072619746,-0.0019063218056098,-0.0009531432764108,-0.002345362865411,0.0,0.0,0.0027540542317733,0.0021763773797785,0.006122233159782,-0.0033517610992106,0.007593417527653,0.007593417527653,127.097606475567,127.09760647556698,0.2709760647556698,0.2709760647556698,-0.0731838298606517,-0.0731838298606519,0.0,0.007593417527653,127.09760647556698,0.007593417527653,127.09760647556698,-0.0731838298606519,-0.0731838298606519,0.9999999999999994,0.0218714125207427,0.0833333333333333,0.0833333333333333,0.0833333333333333,0.0833333333333333,0.0833333333333333,0.0833333333333333,0.0833333333333333,0.0833333333333333,0.0833333333333333,0.0833333333333333,0.0833333333333333,0.0833333333333333,0.0218714125207427,2.1871412520742776e-05,2.1871412520742745e-05,0.007571380036365,0.007571380036365,137.1335660408878,126.83841971295848,136.87126720209116,-0.0733013414299665,127.097606475567,137.1335660408878,-0.0731838298606517,126.83841971295848,136.87126720209116,-0.0733013414299665,127.097606475567,126.83841971295848,0.0091814122432902,True
2023-05-31,-0.01316514320551132,-0.05975105737646702,-0.06603773584905659,-0.015870129443615322,-0.03178276519903889,0.011776043499292621,0.0,0.039089891244773245,0.0,0.0379410957915256,0.06486809100697788,0.016087416044458402,1.1233146856986398,0.23,3.935832194051536,-1.6604697392925916,102.66392,2.871957960583682,102.3642,-1.7265314037860024,2.6988441837728194,103.20673666666669,1.9683715811621203,EXPANSAO_DESINFLACIONARIA,Expansão desinflacionária,EXPANSAO_DESINFLACIONARIA,1.0,EXPANSAO_DESINFLACIONARIA,1.0,0.0833333333333333,0.0833333333333333,0.0833333333333333,0.0833333333333333,0.0833333333333333,0.0833333333333333,0.0833333333333333,0.0833333333333333,0.0833333333333333,0.0833333333333333,0.0833333333333333,0.0833333333333333,1.0,-0.0049792547813722,-0.005503144654088,-0.0010970952671259,0.0009813369582743,-0.0013225107869679,-0.0026485637665865,0.0,0.0,0.0032574909370644,0.0031617579826271,0.0054056742505814,0.0013406180037048,-0.0014036911238884,-0.0014036911238884,126.91920069348978,126.91920069348976,0.2691920069348976,0.2691920069348976,-0.0744847934921526,-0.0744847934921527,0.0,-0.0014036911238884,126.91920069348976,-0.0014036911238884,126.91920069348976,-0.0744847934921527,-0.0744847934921527,0.9999999999999994,0.0159560145306426,0.0833333333333333,0.0833333333333333,0.0833333333333333,0.0833333333333333,0.0833333333333333,0.0833333333333333,0.0833333333333333,0.0833333333333333,0.0833333333333333,0.0833333333333333,0.0833333333333333,0.0833333333333333,0.0159560145306426,1.5956014530642617e-05,1.5956014530642654e-05,-0.001419624741103,-0.001419624741103,137.1335660408878,126.65835675421155,136.87126720209116,-0.0746169057732196,126.91920069348978,137.1335660408878,-0.0744847934921526,126.65835675421155,136.87126720209116,-0.0746169057732196,126.91920069348978,126.65835675421155,0.0112331468569863,True
2023-06-30,-0.021793394926451937,0.23477495906323576,-0.06649831649831606,-0.023568797658224727,-0.06867919382765486,-0.0355923116212431,0.0,0.028822775720219518,0.0,0.0902461422177605,0.10832709749720904,0.01739639156182493,1.0719822473548524,-0.08,3.161501468457617,-1.489192958890273,102.53174,3.00780085241954,102.50431,0.1368740243171018,2.880544149956399,103.01037,0.9394854231109306,EXPANSAO_DESINFLACIONARIA,Expansão desinflacionária,EXPANSAO_DESINFLACIONARIA,1.0,EXPANSAO_DESINFLACIONARIA,1.0,0.0833333333333333,0.0833333333333333,0.0833333333333333,0.0833333333333333,0.0833333333333333,0.0833333333333333,0.0833333333333333,0.0833333333333333,0.0833333333333333,0.0833333333333333,0.0833333333333333,0.0833333333333333,1.0,0.0195645799219363,-0.0055415263748596,-0.0018161162438709,-0.0029660259684369,-0.0019640664715187,-0.0057232661523045,0.0,0.0,0.0024018979766849,0.00752051185148,0.0090272581247674,0.0014496992968187,0.0219529459606965,0.0219529459606965,129.70545104768877,129.70545104768877,0.2970545104768876,0.2970545104768876,-0.0541670081778828,-0.0541670081778828,0.0,0.0219529459606965,129.70545104768877,0.0219529459606965,129.70545104768877,-0.0541670081778828,-0.0541670081778828,0.9999999999999994,0.0149867347009964,0.0833333333333333,0.0833333333333333,0.0833333333333333,0.0833333333333333,0.0833333333333333,0.0833333333333333,0.0833333333333333,0.0833333333333333,0.0833333333333333,0.0833333333333333,0.0833333333333333,0.0833333333333333,0.0149867347009964,1.4986734700996456e-05,1.4986734700996422e-05,0.0219376302230183,0.0219376302230183,137.1335660408878,129.43694094934057,136.87126720209116,-0.0543161936374401,129.70545104768877,137.1335660408878,-0.0541670081778828,129.43694094934057,136.87126720209116,-0.0543161936374401,129.70545104768877,129.43694094934057,0.0107198224735485,True
2023-07-31,0.02571444747376961,-0.058613305443415475,-0.0910730387736699,-0.016003370653433824,8.942474119444377e-05,-0.027246870277329083,0.0,0.0160086817150471,0.0,0.03494983577345323,0.001596793384464057,0.092987516302244,1.0719822473548524,0.12,3.992443888662711,-0.1922618934021125,105.47522,1.458859444157623,102.83357,0.3212157615616329,1.537103645808835,102.56736,-0.826250021554098,EXPANSAO_DESINFLACIONARIA,Expansão desinflacionária,EXPANSAO_DESINFLACIONARIA,1.0,EXPANSAO_DESINFLACIONARIA,1.0,0.0833333333333333,0.0833333333333333,0.0833333333333333,0.0833333333333333,0.0833333333333333,0.0833333333333333,0.0833333333333333,0.0833333333333333,0.0833333333333333,0.0833333333333333,0.0833333333333333,0.0833333333333333,1.0,-0.0048844421202846,-0.0075894198978058,0.0021428706228141,-0.0022705725231107,-0.0013336142211194,7.452061766203647e-06,0.0,0.0,0.0013340568095872,0.0029124863144544,0.000133066115372,0.0077489596918536,-0.0017991571464729,-0.0017991571464729,129.4720905584998,129.4720905584998,0.2947209055849982,0.2947209055849982,-0.0558687103644895,-0.0558687103644895,0.0,-0.0017991571464729,129.4720905584998,-0.0017991571464729,129.4720905584998,-0.0558687103644895,-0.0558687103644895,0.9999999999999994,0.0305264536342976,0.0833333333333333,0.0833333333333333,0.0833333333333333,0.0833333333333333,0.0833333333333333,0.0833333333333333,0.0833333333333333,0.0833333333333333,0.0833333333333333,0.0833333333333333,0.0833333333333333,0.0833333333333333,0.0305264536342977,3.052645363429767e-05,3.052645363429775e-05,-0.00182962867822,-0.00182962867822,137.1335660408878,129.20011941015858,136.87126720209116,-0.0560464438500893,129.4720905584998,137.1335660408878,-0.0558687103644895,129.20011941015858,136.87126720209116,-0.0560464438500893,129.4720905584998,129.20011941015858,0.0107198224735485,True
2023-08-31,-0.0163918035159214,0.0508731288237827,-0.08531746031745913,0.023798121319433152,-0.0023554925429762896,0.034954395941315886,0.0,-0.009847793233429769,0.0,-0.04952332617443189,-0.058734686877626285,-0.0432413273134995,1.1374956476198017,0.23,4.608216087521688,0.672383893470152,106.13139,1.5001609559347928,102.45222,-0.3708419342049462,1.364297270257775,102.5967,-0.5910822165000384,EXPANSAO_DESINFLACIONARIA,Expansão desinflacionária,EXPANSAO_DESINFLACIONARIA,1.0,EXPANSAO_DESINFLACIONARIA,1.0,0.0833333333333333,0.0833333333333333,0.0833333333333333,0.0833333333333333,0.0833333333333333,0.0833333333333333,0.0833333333333333,0.0833333333333333,0.0833333333333333,0.0833333333333333,0.0833333333333333,0.0833333333333333,1.0,0.0042394274019818,-0.0071097883597882,-0.0013659836263267,0.0029128663284429,0.0019831767766194,-0.000196291045248,0.0,0.0,-0.0008206494361191,-0.0041269438478693,-0.0048945572398021,-0.0036034439427916,-0.012982186990901,-0.012982186990901,127.7912596687665,127.7912596687665,0.277912596687665,0.277912596687665,-0.0681255993104983,-0.0681255993104983,0.0,-0.012982186990901,127.7912596687665,-0.012982186990901,127.7912596687665,-0.0681255993104983,-0.0681255993104983,0.9999999999999994,0.015506227854155,0.0833333333333333,0.0833333333333333,0.0833333333333333,0.0833333333333333,0.0833333333333333,0.0833333333333333,0.0833333333333333,0.0833333333333333,0.0833333333333333,0.0833333333333333,0.0833333333333333,0.0833333333333333,0.0155062278541549,1.5506227854155035e-05,1.5506227854154995e-05,-0.0129974919140056,-0.0129974919140056,137.1335660408878,127.52084190283648,136.87126720209116,-0.0683154725633446,127.7912596687665,137.1335660408878,-0.0681255993104983,127.52084190283648,136.87126720209116,-0.0683154725633446,127.7912596687665,127.52084190283648,0.011374956476198,True
2023-09-30,-0.04648641928375907,0.05816474707258945,0.03416485900216948,0.0012609753092067688,0.007172901165964474,0.029539341601085845,0.0,-0.02179019951142913,0.0,0.0076498216252123274,-0.02085936852308201,0.015616359899970123,0.9729017544111374,0.26,5.185234629775626,2.0237331613180087,102.00419,0.6148299970201387,102.57885,0.1235990786729646,1.3828066155147756,102.62154666666667,-0.3774603793126219,EXPANSAO_DESINFLACIONARIA,Expansão desinflacionária,EXPANSAO_DESINFLACIONARIA,1.0,EXPANSAO_DESINFLACIONARIA,1.0,0.0833333333333333,0.0833333333333333,0.0833333333333333,0.0833333333333333,0.0833333333333333,0.0833333333333333,0.0833333333333333,0.0833333333333333,0.0833333333333333,0.0833333333333333,0.0833333333333333,0.0833333333333333,1.0,0.0048470622560491,0.0028470715835141,-0.0038738682736465,0.0024616118000904,0.0001050812757672,0.0005977417638303,0.0,0.0,-0.0018158499592857,0.0006374851354343,-0.0017382807102568,0.0013013633249975,0.005369418196494,0.005369418196494,128.47742438378486,128.47742438378486,0.2847742438378486,0.2847742438378486,-0.0631219759465891,-0.0631219759465891,0.0,0.005369418196494,128.47742438378486,0.005369418196494,128.47742438378486,-0.0631219759465891,-0.0631219759465891,0.9999999999999994,0.0158978614470977,0.0833333333333333,0.0833333333333333,0.0833333333333333,0.0833333333333333,0.0833333333333333,0.0833333333333333,0.0833333333333333,0.0833333333333333,0.0833333333333333,0.0833333333333333,0.0833333333333333,0.0833333333333333,0.0158978614470977,1.5897861447097775e-05,1.5897861447097748e-05,0.0053534349727804,0.0053534349727804,137.1335660408878,128.20351643763752,136.87126720209116,-0.0633277600305669,128.47742438378486,137.1335660408878,-0.0631219759465891,128.20351643763752,136.87126720209116,-0.0633277600305669,128.47742438378486,128.20351643763752,0.0097290175441113,True
2023-10-31,0.07418428515614872,0.22055314740210874,0.004195070791820132,0.0063914127178754665,0.004154430142983445,0.0026426524984921596,0.0,-0.011368918838870035,0.0,-0.02994519578551058,-0.02749450786374963,-0.05119388709931205,0.9975672238483168,0.24,4.819245643589931,0.82680175492722,102.0744,1.8666124838554232,102.87707,0.2907226977101107,1.393260743625646,102.63604666666669,0.0669673731162223,EXPANSAO_DESINFLACIONARIA,Expansão desinflacionária,EXPANSAO_DESINFLACIONARIA,1.0,EXPANSAO_DESINFLACIONARIA,1.0,0.0833333333333333,0.0833333333333333,0.0833333333333333,0.0833333333333333,0.0833333333333333,0.0833333333333333,0.0833333333333333,0.0833333333333333,0.0833333333333333,0.0833333333333333,0.0833333333333333,0.0833333333333333,1.0,0.0183794289501757,0.0003495892326516,0.0061820237630123,0.000220221041541,0.0005326177264896,0.0003462025119152,0.0,0.0,-0.0009474099032391,-0.0024954329821258,-0.0022912089886458,-0.004266157258276,0.0160098740934988,0.0160098740934988,130.5343317720263,130.5343317720263,0.3053433177202629,0.3053433177202629,-0.048122676740528,-0.048122676740528,0.0,0.0160098740934988,130.5343317720263,0.0160098740934988,130.5343317720263,-0.048122676740528,-0.048122676740528,0.9999999999999994,0.009954178617867,0.0833333333333333,0.0833333333333333,0.0833333333333333,0.0833333333333333,0.0833333333333333,0.0833333333333333,0.0833333333333333,0.0833333333333333,0.0833333333333333,0.0833333333333333,0.0833333333333333,0.0833333333333333,0.009954178617867,9.954178617867043e-06,9.954178617867025e-06,0.0159997605497346,0.0159997605497346,137.1335660408878,130.2547420022737,136.87126720209116,-0.0483412284774723,130.5343317720263,137.1335660408878,-0.048122676740528,130.2547420022737,136.87126720209116,-0.0483412284774723,130.5343317720263,130.2547420022737,0.0099756722384831,True
2023-11-30,0.026647202153533778,-0.21622377387328495,-0.03550913838120018,0.001699751583675635,-0.014332553868860565,-0.028140582714437867,0.0,0.0333769607833001,0.0,0.1263478154721469,0.16270358830810006,0.10314584878394828,0.9159878255821984,0.28,4.683537029570672,0.0753209420489842,101.86494,2.5115108523993346,103.528,0.6327260292308123,2.846875994352205,102.99464,0.3878682257811405,EXPANSAO_DESINFLACIONARIA,Expansão desinflacionária,EXPANSAO_DESINFLACIONARIA,1.0,EXPANSAO_DESINFLACIONARIA,1.0,0.0833333333333333,0.0833333333333333,0.0833333333333333,0.0833333333333333,0.0833333333333333,0.0833333333333333,0.0833333333333333,0.0833333333333333,0.0833333333333333,0.0833333333333333,0.0833333333333333,0.0833333333333333,1.0,-0.0180186478227737,-0.0029590948651,0.0022206001794611,-0.0023450485595364,0.0001416459653063,-0.0011943794890717,0.0,0.0,0.0027814133986083,0.0105289846226789,0.0135586323590083,0.0085954873986623,0.0133095931872434,0.0133095931872434,132.27169062488062,132.27169062488062,0.3227169062488062,0.3227169062488062,-0.0354535768037822,-0.0354535768037822,0.0,0.0133095931872434,132.27169062488062,0.0133095931872434,132.27169062488062,-0.0354535768037822,-0.0354535768037822,0.9999999999999994,0.0215481570824347,0.0833333333333333,0.0833333333333333,0.0833333333333333,0.0833333333333333,0.0833333333333333,0.0833333333333333,0.0833333333333333,0.0833333333333333,0.0833333333333333,0.0833333333333333,0.0833333333333333,0.0833333333333333,0.0215481570824349,2.154815708243477e-05,2.154815708243492e-05,0.0132877582329562,0.0132877582329562,137.1335660408878,131.985535522696,136.87126720209116,-0.0356958168012088,132.27169062488062,137.1335660408878,-0.0354535768037822,131.985535522696,136.87126720209116,-0.0356958168012088,132.27169062488062,131.985535522696,0.0091598782558219,True
2023-12-31,0.017565343794051058,-0.08743758742865204,0.027070925825663394,-0.0010069703689289389,0.022965810961560473,-0.0159050732242233,0.0,0.04098433754932329,0.0,0.05458200718634498,0.07528185453508573,0.06982372749585819,0.8945247967375058,0.56,4.621113930566789,-0.5641206992088366,101.74606,1.7683879843237715,104.8991,1.3243760142183758,4.292161337878087,103.76805666666668,1.117221516572986,EXPANSAO_DESINFLACIONARIA,Expansão desinflacionária,EXPANSAO_DESINFLACIONARIA,1.0,EXPANSAO_DESINFLACIONARIA,1.0,0.0833333333333333,0.0833333333333333,0.0833333333333333,0.0833333333333333,0.0833333333333333,0.0833333333333333,0.0833333333333333,0.0833333333333333,0.0833333333333333,0.0833333333333333,0.0833333333333333,0.0833333333333333,1.0,-0.0072864656190543,0.0022559104854719,0.0014637786495042,-0.0013254227686852,-8.39141974107449e-05,0.00191381758013,0.0,0.0,0.0034153614624436,0.004548500598862,0.0062734878779238,0.0058186439579881,0.0169936980271735,0.0169936980271735,134.51947579290356,134.51947579290356,0.3451947579290355,0.3451947579290355,-0.0190623661547953,-0.0190623661547953,0.0,0.0169936980271735,134.51947579290356,0.0169936980271735,134.51947579290356,-0.0190623661547953,-0.0190623661547953,0.9999999999999994,0.0317173096420711,0.0833333333333333,0.0833333333333333,0.0833333333333333,0.0833333333333333,0.0833333333333333,0.0833333333333333,0.0833333333333333,0.0833333333333333,0.0833333333333333,0.0833333333333333,0.0833333333333333,0.0833333333333333,0.0317173096420711,3.171730964207114e-05,3.1717309642071174e-05,0.0169614417231491,0.0169614417231491,137.1335660408878,134.22420049176284,136.87126720209116,-0.0193398275944937,134.51947579290356,137.1335660408878,-0.0190623661547953,134.22420049176284,136.87126720209116,-0.0193398275944937,134.51947579290356,134.22420049176284,0.008945247967375,True
2024-01-31,-0.012295675394546235,-0.17872508061895565,-0.05482340537691055,0.0005600215464109937,-0.01573858682229845,0.02573513755716461,0.0,-0.011993718778893436,0.0,-0.04795023981766289,-0.046424593305578465,-0.09450730443637467,0.966690174365814,0.42,4.50663743069244,-0.3126082128974916,98.01879,4.506144796213163,104.53245,-0.3495263543729199,4.478351109795353,104.31985000000002,1.640557472757953,EXPANSAO_DESINFLACIONARIA,Expansão desinflacionária,EXPANSAO_DESINFLACIONARIA,1.0,EXPANSAO_DESINFLACIONARIA,1.0,0.0833333333333333,0.0833333333333333,0.0833333333333333,0.0833333333333333,0.0833333333333333,0.0833333333333333,0.0833333333333333,0.0833333333333333,0.0833333333333333,0.0833333333333333,0.0833333333333333,0.0833333333333333,1.0,-0.0148937567182463,-0.0045686171147425,-0.0010246396162121,0.0021445947964303,4.666846220091614e-05,-0.0013115489018582,0.0,0.0,-0.0009994765649077,-0.0039958533181385,-0.0038687161087982,-0.0078756087030312,-0.0363469537873037,-0.0363469537873037,129.63010262276657,129.6301026227666,0.2963010262276659,0.2963010262276659,-0.0547164610003941,-0.0547164610003939,0.0,-0.0363469537873037,129.6301026227666,-0.0363469537873037,129.6301026227666,-0.0547164610003939,-0.0547164610003939,0.9999999999999994,0.0155128887495339,0.0833333333333333,0.0833333333333333,0.0833333333333333,0.0833333333333333,0.0833333333333333,0.0833333333333333,0.0833333333333333,0.0833333333333333,0.0833333333333333,0.0833333333333333,0.0833333333333333,0.0833333333333333,0.0155128887495339,1.5512888749533992e-05,1.551288874953395e-05,-0.0363619028298027,-0.0363619028298027,137.1335660408878,129.3435531560734,136.87126720209116,-0.0549984974925603,129.63010262276657,137.1335660408878,-0.0547164610003941,129.3435531560734,136.87126720209116,-0.0549984974925603,129.63010262276657,129.3435531560734,0.0096669017436581,True
2024-02-29,-0.0013180781588523205,-0.11428566725075362,-0.07250418293363037,0.0038429671859119274,-0.018163993083424312,0.0034340789008791006,0.0,0.0014074246330528783,0.0,0.010380552195676573,0.0019630938594077385,0.0247992757996216,0.8002004357681836,0.83,4.496273821268559,-0.187263208302113,102.37988,3.675145429422488,104.75961,0.2173105097986294,1.6988410016771205,104.73038666666666,1.6852786384482288,EXPANSAO_DESINFLACIONARIA,Expansão desinflacionária,EXPANSAO_DESINFLACIONARIA,1.0,EXPANSAO_DESINFLACIONARIA,1.0,0.0833333333333333,0.0833333333333333,0.0833333333333333,0.0833333333333333,0.0833333333333333,0.0833333333333333,0.0833333333333333,0.0833333333333333,0.0833333333333333,0.0833333333333333,0.0833333333333333,0.0833333333333333,1.0,-0.0095238056042294,-0.0060420152444691,-0.000109839846571,0.0002861732417399,0.0003202472654926,-0.0015136660902853,0.0,0.0,0.0001172853860877,0.0008650460163063,0.0001635911549506,0.0020666063166351,-0.0133703774043425,-0.0133703774043425,127.89689922773653,127.89689922773655,0.2789689922773655,0.2789689922773655,-0.0673552586709315,-0.0673552586709312,0.0,-0.0133703774043425,127.89689922773655,-0.0133703774043425,127.89689922773655,-0.0673552586709312,-0.0673552586709312,0.9999999999999994,0.0208145327446891,0.0833333333333333,0.0833333333333333,0.0833333333333333,0.0833333333333333,0.0833333333333333,0.0833333333333333,0.0833333333333333,0.0833333333333333,0.0833333333333333,0.0833333333333333,0.0833333333333333,0.0833333333333333,0.0208145327446891,2.0814532744689188e-05,2.0814532744689158e-05,-0.0133909136389289,-0.0133909136389289,137.1335660408878,127.6115248060082,136.87126720209116,-0.0676529310012956,127.89689922773653,137.1335660408878,-0.0673552586709315,127.6115248060082,136.87126720209116,-0.0676529310012956,127.89689922773653,127.6115248060082,0.0080020043576818,True
2024-03-31,0.083932128498863,-0.05215053877150666,0.06313890559230395,0.001598170987016756,0.0003640216460683021,0.004630330483778922,0.0,-0.004479923781113171,0.0,-0.00837131579772421,0.0031348082340305616,0.030640706446885213,0.8316737660555074,0.16,3.925596126881703,-0.6955178036850862,109.58504,-0.93876945178214,104.7097,-0.0476424072216374,1.5677917725293922,104.66725333333332,0.866544768738553,EXPANSAO_DESINFLACIONARIA,Expansão desinflacionária,EXPANSAO_DESINFLACIONARIA,1.0,EXPANSAO_DESINFLACIONARIA,1.0,0.0833333333333333,0.0833333333333333,0.0833333333333333,0.0833333333333333,0.0833333333333333,0.0833333333333333,0.0833333333333333,0.0833333333333333,0.0833333333333333,0.0833333333333333,0.0833333333333333,0.0833333333333333,1.0,-0.0043458782309588,0.0052615754660253,0.0069943440415719,0.0003858608736482,0.0001331809155847,3.0335137172358508e-05,0.0,0.0,-0.0003733269817594,-0.0006976096498103,0.0002612340195025,0.0025533922039071,0.0102031077948835,0.0102031077948835,129.20184507718847,129.20184507718852,0.2920184507718852,0.2920184507718852,-0.0578393838408197,-0.0578393838408194,0.0,0.0102031077948835,129.20184507718852,0.0102031077948835,129.20184507718852,-0.0578393838408194,-0.0578393838408194,0.9999999999999994,0.0139230490077512,0.0833333333333333,0.0833333333333333,0.0833333333333333,0.0833333333333333,0.0833333333333333,0.0833333333333333,0.0833333333333333,0.0833333333333333,0.0833333333333333,0.0833333333333333,0.0833333333333333,0.0833333333333333,0.0139230490077511,1.392304900775128e-05,1.392304900775116e-05,0.0101890426875057,0.0101890426875057,137.1335660408878,128.9117640796743,136.87126720209116,-0.058153206915697,129.20184507718847,137.1335660408878,-0.0578393838408197,128.9117640796743,136.87126720209116,-0.058153206915697,129.20184507718847,128.9117640796743,0.008316737660555,True
2024-04-30,0.033372419617131,0.12932503876499624,-0.005656108597284271,0.016661785874486634,-0.007518569416321008,0.02538923911113722,0.0,-0.027000839482468786,0.0,-0.016653861228869804,-0.054296851158141646,-0.05185810228479071,0.8874331113757794,0.38,3.688016491565316,-0.8186209391271237,109.36335,4.812877941590266,104.75682,0.0450006064385721,0.5704734712843162,104.74204333333334,0.4047104490020992,EXPANSAO_DESINFLACIONARIA,Expansão desinflacionária,EXPANSAO_DESINFLACIONARIA,1.0,EXPANSAO_DESINFLACIONARIA,1.0,0.0833333333333333,0.0833333333333333,0.0833333333333333,0.0833333333333333,0.0833333333333333,0.0833333333333333,0.0833333333333333,0.0833333333333333,0.0833333333333333,0.0833333333333333,0.0833333333333333,0.0833333333333333,1.0,0.0107770865637496,-0.000471342383107,0.0027810349680942,0.0021157699259281,0.0013884821562072,-0.00062654745136,0.0,0.0,-0.0022500699568723,-0.0013878217690724,-0.0045247375965118,-0.0043215085237325,0.0034803459333229,0.0034803459333229,129.65151219328067,129.65151219328072,0.2965151219328072,0.2965151219328072,-0.0545603389718332,-0.0545603389718328,0.0,0.0034803459333229,129.65151219328072,0.0034803459333229,129.65151219328072,-0.0545603389718328,-0.0545603389718328,0.9999999999999994,0.0121347228772061,0.0833333333333333,0.0833333333333333,0.0833333333333333,0.0833333333333333,0.0833333333333333,0.0833333333333333,0.0833333333333333,0.0833333333333333,0.0833333333333333,0.0833333333333333,0.0833333333333333,0.0833333333333333,0.0121347228772062,1.2134722877206185e-05,1.2134722877206288e-05,0.003468168977412,0.003468168977412,137.1335660408878,129.3588518606789,136.87126720209116,-0.0548867230864469,129.65151219328067,137.1335660408878,-0.0545603389718332,129.3588518606789,136.87126720209116,-0.0548867230864469,129.65151219328067,129.3588518606789,0.0088743311137577,True
2024-05-31,0.01374705478855165,0.29934697141054856,0.015358361774745033,0.027685515834597885,0.013165453086404488,0.016630778854821227,0.0,0.010882421457951708,0.0,-0.029969591984306376,-0.033952916205993056,-0.037413188114318374,0.8324420253383646,0.46,3.92595167856582,-0.5703221427027394,104.84682,2.1262581830111094,105.70704,0.9070722078047044,3.265633883721075,105.05785333333334,0.3126758881440317,EXPANSAO_DESINFLACIONARIA,Expansão desinflacionária,EXPANSAO_DESINFLACIONARIA,1.0,EXPANSAO_DESINFLACIONARIA,1.0,0.0833333333333333,0.0833333333333333,0.0833333333333333,0.0833333333333333,0.0833333333333333,0.0833333333333333,0.0833333333333333,0.0833333333333333,0.0833333333333333,0.0833333333333333,0.0833333333333333,0.0833333333333333,1.0,0.024945580950879,0.0012798634812287,0.0011455878990459,0.0013858982379017,0.0023071263195498,0.0010971210905337,0.0,0.0,0.0009068684548293,-0.0024974659986921,-0.0028294096838327,-0.0031177656761931,0.0246234050752502,0.0246234050752502,132.84397389663457,132.84397389663462,0.3284397389663462,0.3284397389663462,-0.0312803952241294,-0.0312803952241289,0.0,0.0246234050752502,132.84397389663462,0.0246234050752502,132.84397389663462,-0.0312803952241289,-0.0312803952241289,0.9999999999999994,0.0158471048957925,0.0833333333333333,0.0833333333333333,0.0833333333333333,0.0833333333333333,0.0833333333333333,0.0833333333333333,0.0833333333333333,0.0833333333333333,0.0833333333333333,0.0833333333333333,0.0833333333333333,0.0833333333333333,0.0158471048957925,1.5847104895792552e-05,1.5847104895792586e-05,0.0246071677606714,0.0246071677606714,137.1335660408878,132.54200682974246,136.87126720209116,-0.0316301621285972,132.84397389663457,137.1335660408878,-0.0312803952241294,132.54200682974246,136.87126720209116,-0.0316301621285972,132.84397389663457,132.54200682974246,0.0083244202533836,True
2024-06-30,0.0020664036462711977,0.005411742544050968,-0.10980392156862684,0.04613662500646787,0.03180783395951203,0.057361529677457,0.0,-0.01767292723719116,0.0,0.015528202517976597,0.005643885915306068,0.03368498493325167,0.7883369678362895,0.21,4.227578239682583,0.3019821128008804,106.03093,3.412787103778792,106.57623,0.8222631151151294,3.972437841881949,105.68003,0.9676155955304244,EXPANSAO_DESINFLACIONARIA,Expansão desinflacionária,EXPANSAO_DESINFLACIONARIA,1.0,EXPANSAO_DESINFLACIONARIA,1.0,0.0833333333333333,0.0833333333333333,0.0833333333333333,0.0833333333333333,0.0833333333333333,0.0833333333333333,0.0833333333333333,0.0833333333333333,0.0833333333333333,0.0833333333333333,0.0833333333333333,0.0833333333333333,1.0,0.0004509785453375,-0.0091503267973855,0.0001722003038559,0.0047801274731214,0.0038447187505389,0.0026506528299593,0.0,0.0,-0.0014727439364325,0.001294016876498,0.0004703238262755,0.0028070820777709,0.0058470299495396,0.0058470299495396,133.62071659062406,133.6207165906241,0.3362071659062411,0.3362071659062411,-0.0256162626822986,-0.0256162626822982,0.0,0.0058470299495396,133.6207165906241,0.0058470299495396,133.6207165906241,-0.0256162626822982,-0.0256162626822982,0.9999999999999994,0.0225925020938338,0.0833333333333333,0.0833333333333333,0.0833333333333333,0.0833333333333333,0.0833333333333333,0.0833333333333333,0.0833333333333333,0.0833333333333333,0.0833333333333333,0.0833333333333333,0.0833333333333333,0.0833333333333333,0.0225925020938339,2.25925020938338e-05,2.2592502093833934e-05,0.0058243053484094,0.0058243053484094,137.1335660408878,133.31397194900987,136.87126720209116,-0.0259900805026442,133.62071659062406,137.1335660408878,-0.0256162626822986,133.31397194900987,136.87126720209116,-0.0259900805026442,133.62071659062406,133.31397194900987,0.0078833696783628,True
2024-07-31,0.04244535416963213,-0.217224160665335,-0.03650094398992987,0.0303179192225298,0.07486186230544711,0.020107261266096188,0.0,0.022739706518442482,0.0,0.03026455417909668,0.029761905148070422,-0.02470899357423173,0.9071223424248708,0.38,4.498245142821999,0.8102286512566836,111.55002,5.759457055410744,106.88756,0.2921195467319393,3.942282661197116,106.39027666666668,1.5736119717351338,EXPANSAO_DESINFLACIONARIA,Expansão desinflacionária,EXPANSAO_DESINFLACIONARIA,1.0,EXPANSAO_DESINFLACIONARIA,1.0,0.0833333333333333,0.0833333333333333,0.0833333333333333,0.0833333333333333,0.0833333333333333,0.0833333333333333,0.0833333333333333,0.0833333333333333,0.0833333333333333,0.0833333333333333,0.0833333333333333,0.0833333333333333,1.0,-0.0181020133887779,-0.0030417453324941,0.0035371128474693,0.001675605105508,0.0025264932685441,0.0062384885254539,0.0,0.0,0.0018949755432035,0.0025220461815913,0.0024801587623392,-0.0020590827978526,-0.0023279612850151,-0.0023279612850151,133.30965273552508,133.30965273552516,0.3330965273552515,0.3330965273552515,-0.0278845902995228,-0.0278845902995221,0.0,-0.0023279612850151,133.30965273552516,-0.0023279612850151,133.30965273552516,-0.0278845902995221,-0.0278845902995221,0.9999999999999994,0.012865112828899,0.0833333333333333,0.0833333333333333,0.0833333333333333,0.0833333333333333,0.0833333333333333,0.0833333333333333,0.0833333333333333,0.0833333333333333,0.0833333333333333,0.0833333333333333,0.0833333333333333,0.0833333333333333,0.0128651128288991,1.2865112828899093e-05,1.2865112828899155e-05,-0.0023407964483594,-0.0023407964483594,137.1335660408878,133.00191107695494,136.87126720209116,-0.0282700394628705,133.30965273552508,137.1335660408878,-0.0278845902995228,133.00191107695494,136.87126720209116,-0.0282700394628705,133.30965273552508,133.00191107695494,0.0090712234242487,True
2024-08-31,0.027735441511694825,0.044695520388945864,-0.012410189418679662,0.025191567630350686,0.055729270786938345,0.0029583601377720647,0.0,0.011608206773424001,0.0,0.06659492547846035,0.1315441825424961,0.008444998607745058,0.8675116705918473,-0.02,4.2375990160564925,0.3116473374906725,110.19363,3.827557520918168,107.14396,0.2398782421453082,4.579442007210788,106.86925,1.7241896813933175,EXPANSAO_INFLACIONARIA,Expansão inflacionária,EXPANSAO_INFLACIONARIA,2.0,EXPANSAO_DESINFLACIONARIA,1.0,0.0833333333333333,0.0833333333333333,0.0833333333333333,0.0833333333333333,0.0833333333333333,0.0833333333333333,0.0833333333333333,0.0833333333333333,0.0833333333333333,0.0833333333333333,0.0833333333333333,0.0833333333333333,1.0,0.0037246266990788,-0.0010341824515566,0.0023112867926412,0.000246530011481,0.0020992973025292,0.0046441058989115,0.0,0.0,0.000967350564452,0.005549577123205,0.0109620152118746,0.0007037498839787,0.0301743570365956,0.0301743570365956,137.33218579359138,137.33218579359146,0.3733218579359145,0.3733218579359145,0.0,0.0,0.0,0.0301743570365956,137.33218579359146,0.0301743570365956,137.33218579359146,0.0,0.0,0.9999999999999994,0.0226736345412736,0.0833333333333333,0.0833333333333333,0.0833333333333333,0.0833333333333333,0.0833333333333333,0.0833333333333333,0.0833333333333333,0.0833333333333333,0.0833333333333333,0.0833333333333333,0.0833333333333333,0.0833333333333333,0.0226736345412735,2.2673634541273697e-05,2.2673634541273595e-05,0.0301509992397104,0.0301509992397104,137.33218579359138,137.01205159671622,137.01205159671622,0.0,137.33218579359138,137.33218579359138,0.0,137.01205159671622,137.01205159671622,0.0,137.33218579359138,137.01205159671622,0.0086751167059184,True
2024-09-30,0.05706153101368172,0.37423599851366696,0.12367724867724972,-0.025263617204851263,-0.02070296376170866,-0.034561183893567105,0.0,-0.014476117719084636,0.0,-0.030281161071758378,-0.0544405715648677,0.04314580227048581,0.835157409379228,0.44,4.424740127395888,0.1971618877133041,107.28836,5.180346023040827,107.99916,0.7981784507498091,5.284042470743233,107.34355999999998,1.574119538005414,EXPANSAO_INFLACIONARIA,Expansão inflacionária,EXPANSAO_INFLACIONARIA,2.0,EXPANSAO_INFLACIONARIA,2.0,0.0833333333333333,0.0833333333333333,0.0833333333333333,0.0833333333333333,0.0833333333333333,0.0833333333333333,0.0833333333333333,0.0833333333333333,0.0833333333333333,0.0833333333333333,0.0833333333333333,0.0833333333333333,1.0,0.0311863332094722,0.0103064373897708,0.0047551275844734,-0.0028800986577972,-0.0021053014337376,-0.0017252469801423,0.0,0.0,-0.001206343143257,-0.0025234300893131,-0.0045367142970723,0.0035954835225404,0.0348662471049372,0.0348662471049372,142.12044371893188,142.12044371893197,0.4212044371893197,0.4212044371893197,0.0,0.0,0.0,0.0348662471049372,142.12044371893197,0.0348662471049372,142.12044371893197,0.0,0.0,0.9999999999999994,0.0143880555943064,0.0833333333333333,0.0833333333333333,0.0833333333333333,0.0833333333333333,0.0833333333333333,0.0833333333333333,0.0833333333333333,0.0833333333333333,0.0833333333333333,0.0833333333333333,0.0833333333333333,0.0833333333333333,0.0143880555943065,1.4388055594306468e-05,1.4388055594306533e-05,0.0348513573918412,0.0348513573918412,142.12044371893188,141.78710757390277,141.78710757390277,0.0,142.12044371893188,142.12044371893188,0.0,141.78710757390277,141.78710757390277,0.0,142.12044371893188,141.78710757390277,0.0083515740937922,True
2024-10-31,0.03876937422169302,-0.07389670643871227,-0.032960565038257617,0.030831675661414204,-0.01156954800771659,0.06057206418046479,0.0,-0.019435720011542257,0.0,-0.016133815382492367,-0.023462285815226247,-0.01308900540987945,0.9279575755079428,0.56,4.758099233947855,0.2598540911258551,109.21678,6.997229471836231,108.15356,0.1429640749057714,5.128927174928277,107.76556,1.2926776547844243,EXPANSAO_INFLACIONARIA,Expansão inflacionária,EXPANSAO_INFLACIONARIA,2.0,EXPANSAO_INFLACIONARIA,2.0,0.0833333333333333,0.0833333333333333,0.0833333333333333,0.0833333333333333,0.0833333333333333,0.0833333333333333,0.0833333333333333,0.0833333333333333,0.0833333333333333,0.0833333333333333,0.0833333333333333,0.0833333333333333,1.0,-0.0061580588698926,-0.0027467137531881,0.003230781185141,0.0050476720150387,0.0025693063051178,-0.000964129000643,0.0,0.0,-0.0016196433342951,-0.0013444846152076,-0.0019551904846021,-0.0010907504508232,-0.0050312110033545,-0.0050312110033545,141.40540577869157,141.40540577869166,0.4140540577869165,0.4140540577869165,-0.0050312110033544,-0.0050312110033544,0.0,-0.0050312110033545,141.40540577869166,-0.0050312110033545,141.40540577869166,-0.0050312110033544,-0.0050312110033544,0.9999999999999994,0.0369335645498822,0.0833333333333333,0.0833333333333333,0.0833333333333333,0.0833333333333333,0.0833333333333333,0.0833333333333333,0.0833333333333333,0.0833333333333333,0.0833333333333333,0.0833333333333333,0.0833333333333333,0.0833333333333333,0.0369335645498822,3.69335645498822e-05,3.6933564549882266e-05,-0.005067958747348,-0.005067958747348,142.12044371893188,141.06853636181245,141.78710757390277,-0.005067958747348,141.40540577869157,142.12044371893188,-0.0050312110033544,141.06853636181245,141.78710757390277,-0.005067958747348,141.40540577869157,141.06853636181245,0.0092795757550794,True
2024-11-30,-0.029689970922987752,0.24233464896585621,0.029823493609252072,0.014871245122910492,0.05897694295879097,0.04366308384375017,0.0,-0.004019021080696739,0.0,-0.03196550796499964,-0.081403584302006,0.016268823979747937,0.7929903920274706,0.39,4.87301138907088,0.6354123730143879,105.74688,3.8108695690588057,107.98489,-0.1559541821831933,4.30500927285371,108.04587,1.1009902287140385,EXPANSAO_INFLACIONARIA,Expansão inflacionária,EXPANSAO_INFLACIONARIA,2.0,EXPANSAO_INFLACIONARIA,2.0,0.0833333333333333,0.0833333333333333,0.0833333333333333,0.0833333333333333,0.0833333333333333,0.0833333333333333,0.0833333333333333,0.0833333333333333,0.0833333333333333,0.0833333333333333,0.0833333333333333,0.0833333333333333,1.0,0.020194554080488,0.0024852911341043,-0.0024741642435823,0.0036385903203125,0.0012392704269092,0.0049147452465659,0.0,0.0,-0.0003349184233913,-0.0026637923304166,-0.0067836320251671,0.0013557353316456,0.0215716795174681,0.0215716795174681,144.45575787418704,144.45575787418713,0.4445575787418712,0.4445575787418712,0.0,0.0,0.0,0.0215716795174681,144.45575787418713,0.0215716795174681,144.45575787418713,0.0,0.0,0.9999999999999994,0.0130095512206118,0.0833333333333333,0.0833333333333333,0.0833333333333333,0.0833333333333333,0.0833333333333333,0.0833333333333333,0.0833333333333333,0.0833333333333333,0.0833333333333333,0.0833333333333333,0.0833333333333333,0.0833333333333333,0.0130095512206119,1.3009551220611883e-05,1.3009551220611904e-05,0.0215583893283779,0.0215583893283779,144.45575787418704,144.10974679068485,144.10974679068485,0.0,144.45575787418704,144.45575787418704,0.0,144.10974679068485,144.10974679068485,0.0,144.45575787418704,144.10974679068485,0.0079299039202747,True
2024-12-31,-0.01915690716738727,0.17038364761860825,0.06914893617021334,0.013178822892321085,-0.013967030695370308,0.02989741090711484,0.0,-0.038609675799012866,0.0,-0.04051523961062242,-0.01359375191793244,-0.05115716685154903,0.93143107189948,0.52,4.831295791859591,0.4065556644637036,104.2734,2.4839684209884805,107.44467,-0.5002736956994491,2.4266843090169576,107.86104,0.4820782914224386,EXPANSAO_INFLACIONARIA,Expansão inflacionária,EXPANSAO_INFLACIONARIA,2.0,EXPANSAO_INFLACIONARIA,2.0,0.0833333333333333,0.0833333333333333,0.0833333333333333,0.0833333333333333,0.0833333333333333,0.0833333333333333,0.0833333333333333,0.0833333333333333,0.0833333333333333,0.0833333333333333,0.0833333333333333,0.0833333333333333,1.0,0.0141986373015506,0.0057624113475177,-0.0015964089306156,0.0024914509089262,0.0010982352410267,-0.0011639192246141,0.0,0.0,-0.003217472983251,-0.0033762699675518,-0.0011328126598277,-0.004263097237629,0.0088007537955319,0.0088007537955319,145.72707743358475,145.7270774335848,0.4572707743358482,0.4572707743358482,0.0,0.0,0.0,0.0088007537955319,145.7270774335848,0.0088007537955319,145.7270774335848,0.0,0.0,0.9999999999999994,0.0235349329120703,0.0833333333333333,0.0833333333333333,0.0833333333333333,0.0833333333333333,0.0833333333333333,0.0833333333333333,0.0833333333333333,0.0833333333333333,0.0833333333333333,0.0833333333333333,0.0833333333333333,0.0833333333333333,0.0235349329120704,2.3534932912070395e-05,2.3534932912070463e-05,0.0087770117374696,0.0087770117374696,145.72707743358475,145.37459972975046,145.37459972975046,0.0,145.72707743358475,145.72707743358475,0.0,145.37459972975046,145.37459972975046,0.0,145.72707743358475,145.37459972975046,0.0093143107189948,True
2025-01-31,0.07919876236886347,-0.22662606039779642,0.06578220011055924,-0.05094557842353353,-0.029145089952393954,-0.05153624607652585,0.0,0.004388048043861614,0.0,0.04849069463428535,0.10335803154303824,-0.0005501335039135302,1.013201356414828,0.16,4.559874392677332,-0.1982248412705223,101.23438,3.280585283699189,108.06979,0.5818064311612581,3.3839635443347893,107.83311666666668,0.0626885497246654,EXPANSAO_INFLACIONARIA,Expansão inflacionária,EXPANSAO_INFLACIONARIA,2.0,EXPANSAO_INFLACIONARIA,2.0,0.0833333333333333,0.0833333333333333,0.0833333333333333,0.0833333333333333,0.0833333333333333,0.0833333333333333,0.0833333333333333,0.0833333333333333,0.0833333333333333,0.0833333333333333,0.0833333333333333,0.0833333333333333,1.0,-0.0188855050331497,0.0054818500092132,0.0065998968640719,-0.0042946871730438,-0.0042454648686277,-0.0024287574960328,0.0,0.0,0.0003656706703218,0.0040408912195237,0.0086131692952531,-4.584445865946085e-05,-0.0047987809711296,-0.0047987809711296,145.02776510741813,145.0277651074182,0.4502776510741819,0.4502776510741819,-0.0047987809711296,-0.0047987809711296,0.0,-0.0047987809711296,145.0277651074182,-0.0047987809711296,145.0277651074182,-0.0047987809711296,-0.0047987809711296,0.9999999999999994,0.0204372866722594,0.0833333333333333,0.0833333333333333,0.0833333333333333,0.0833333333333333,0.0833333333333333,0.0833333333333333,0.0833333333333333,0.0833333333333333,0.0833333333333333,0.0833333333333333,0.0833333333333333,0.0833333333333333,0.0204372866722595,2.043728667225947e-05,2.043728667225954e-05,-0.0048191201837394,-0.0048191201837394,145.72707743358475,144.67402206198977,145.37459972975046,-0.0048191201837394,145.02776510741813,145.72707743358475,-0.0047987809711296,144.67402206198977,145.37459972975046,-0.0048191201837394,145.02776510741813,144.67402206198977,0.0101320135641482,True
2025-02-28,0.008640017361110752,0.25952701167444325,-0.05912863070539387,-0.006064329488123077,0.021858953942984094,-0.006042994974154281,0.0,0.0011397354500770618,0.0,-0.02421040766200344,-0.030988127817748623,-0.049357772967136615,0.9853222624513602,1.31,5.057630414778758,0.1846190257078772,107.07838,4.589280628185932,108.77346,0.6511255365629909,3.831486199690892,108.09597333333332,0.046372279970841,EXPANSAO_INFLACIONARIA,Expansão inflacionária,EXPANSAO_INFLACIONARIA,2.0,EXPANSAO_INFLACIONARIA,2.0,0.0833333333333333,0.0833333333333333,0.0833333333333333,0.0833333333333333,0.0833333333333333,0.0833333333333333,0.0833333333333333,0.0833333333333333,0.0833333333333333,0.0833333333333333,0.0833333333333333,0.0833333333333333,1.0,0.0216272509728702,-0.0049273858921161,0.0007200014467592,-0.0005035829145128,-0.0005053607906769,0.0018215794952486,0.0,0.0,9.497795417308848e-05,-0.0020175339718336,-0.0025823439848123,-0.0041131477472613,0.0096144545678379,0.0096144545678379,146.42212796611847,146.42212796611855,0.4642212796611855,0.4642212796611855,0.0,0.0,0.0,0.0096144545678379,146.42212796611855,0.0096144545678379,146.42212796611855,0.0,0.0,0.9999999999999994,0.0283910634086465,0.0833333333333333,0.0833333333333333,0.0833333333333333,0.0833333333333333,0.0833333333333333,0.0833333333333333,0.0833333333333333,0.0833333333333333,0.0833333333333333,0.0833333333333333,0.0833333333333333,0.0833333333333333,0.0283910634086464,2.839106340864654e-05,2.839106340864648e-05,0.0095857905398397,0.0095857905398397,146.42212796611847,146.06083693403218,146.06083693403218,0.0,146.42212796611847,146.42212796611847,0.0,146.06083693403218,146.06083693403218,0.0,146.42212796611847,146.06083693403218,0.0098532226245136,True
2025-03-31,0.10081782116372584,0.07433485633508763,0.008269018743109369,0.026774691279151996,-0.011170705084450061,-0.013855144569686506,0.0,0.025234758944146396,0.0,0.060039785699864456,0.08875840039395588,0.01775715391931265,0.9640295622482142,0.56,5.477189641674851,0.64589384981526,114.05013,4.074543386579044,110.09056,1.2108652239250173,5.1388362300722745,108.97793666666666,1.0354959183284995,EXPANSAO_INFLACIONARIA,Expansão inflacionária,EXPANSAO_INFLACIONARIA,2.0,EXPANSAO_INFLACIONARIA,2.0,0.0833333333333333,0.0833333333333333,0.0833333333333333,0.0833333333333333,0.0833333333333333,0.0833333333333333,0.0833333333333333,0.0833333333333333,0.0833333333333333,0.0833333333333333,0.0833333333333333,0.0833333333333333,1.0,0.0061945713612573,0.0006890848952591,0.0084014850969771,-0.0011545953808072,0.0022312242732626,-0.0009308920903708,0.0,0.0,0.0021028965786788,0.0050033154749887,0.0073965333661629,0.0014797628266093,0.0314133864020181,0.0314133864020181,151.02174284972386,151.02174284972398,0.5102174284972398,0.5102174284972398,0.0,0.0,0.0,0.0314133864020181,151.02174284972398,0.0314133864020181,151.02174284972398,0.0,0.0,0.9999999999999994,0.0216383801505996,0.0833333333333333,0.0833333333333333,0.0833333333333333,0.0833333333333333,0.0833333333333333,0.0833333333333333,0.0833333333333333,0.0833333333333333,0.0833333333333333,0.0833333333333333,0.0833333333333333,0.0833333333333333,0.0216383801505997,2.1638380150599624e-05,2.1638380150599776e-05,0.0313910682870706,0.0313910682870706,151.02174284972386,150.64584264029506,150.64584264029506,0.0,151.02174284972386,151.02174284972386,0.0,150.64584264029506,150.64584264029506,0.0,151.02174284972386,150.64584264029506,0.0096402956224821,True
2025-04-30,0.05834505838446136,-0.19252245470075868,0.02186987424822373,0.026854171376340163,0.025554410946351247,-0.023983631138829065,0.0,0.02711205990052523,0.0,0.03713425982683738,0.09321134839509027,-0.05120426296944547,1.0558796236773471,0.43,5.52972858849774,0.9698541958204075,112.73813,3.0858418290953926,109.72323,-0.3336616690840621,4.740894196673784,109.52908333333332,1.5727697752715653,EXPANSAO_INFLACIONARIA,Expansão inflacionária,EXPANSAO_INFLACIONARIA,2.0,EXPANSAO_INFLACIONARIA,2.0,0.0833333333333333,0.0833333333333333,0.0833333333333333,0.0833333333333333,0.0833333333333333,0.0833333333333333,0.0833333333333333,0.0833333333333333,0.0833333333333333,0.0833333333333333,0.0833333333333333,0.0833333333333333,1.0,-0.0160435378917298,0.0018224895206853,0.0048620881987051,-0.0019986359282357,0.002237847614695,0.0021295342455292,0.0,0.0,0.0022593383250437,0.0030945216522364,0.0077676123662575,-0.0042670219141204,0.0018642361890663,0.0018642361890663,151.3032830480802,151.30328304808032,0.5130328304808032,0.5130328304808032,0.0,0.0,0.0,0.0018642361890663,151.30328304808032,0.0018642361890663,151.30328304808032,0.0,0.0,0.9999999999999994,0.0160214873265882,0.0833333333333333,0.0833333333333333,0.0833333333333333,0.0833333333333333,0.0833333333333333,0.0833333333333333,0.0833333333333333,0.0833333333333333,0.0833333333333333,0.0833333333333333,0.0833333333333333,0.0833333333333333,0.0160214873265883,1.602148732658821e-05,1.6021487326588298e-05,0.0018481848339033,0.0018481848339033,151.3032830480802,150.92426400195345,150.92426400195345,0.0,151.3032830480802,151.3032830480802,0.0,150.92426400195345,150.92426400195345,0.0,151.3032830480802,150.92426400195345,0.0105587962367734,True
2025-05-31,-0.004871436507185356,0.036380051834178584,-0.04975922953450973,0.0070830567757236285,-0.002582893134633779,0.008024948935151155,0.0,0.024684665439365316,0.0,0.01518991756611765,0.015353019786645605,-0.017189698807416942,1.1387758548166316,0.26,5.319635559255276,0.2620051444765181,108.66481,3.6414933709959074,109.00057,-0.658620786136177,3.115714904135048,109.60478666666666,1.3958090082418106,EXPANSAO_INFLACIONARIA,Expansão inflacionária,EXPANSAO_INFLACIONARIA,2.0,EXPANSAO_INFLACIONARIA,2.0,0.0833333333333333,0.0833333333333333,0.0833333333333333,0.0833333333333333,0.0833333333333333,0.0833333333333333,0.0833333333333333,0.0833333333333333,0.0833333333333333,0.0833333333333333,0.0833333333333333,0.0833333333333333,1.0,0.0030316709861815,-0.0041466024612091,-0.0004059530422654,0.0006687457445959,0.0005902547313103,-0.0002152410945528,0.0,0.0,0.0020570554532804,0.0012658264638431,0.0012794183155538,-0.001432474900618,0.0026927001961196,0.0026927001961196,151.71069742801734,151.71069742801745,0.5171069742801742,0.5171069742801742,0.0,0.0,0.0,0.0026927001961196,151.71069742801745,0.0026927001961196,151.71069742801745,0.0,0.0,0.9999999999999994,0.0230430032123705,0.0833333333333333,0.0833333333333333,0.0833333333333333,0.0833333333333333,0.0833333333333333,0.0833333333333333,0.0833333333333333,0.0833333333333333,0.0833333333333333,0.0833333333333333,0.0833333333333333,0.0833333333333333,0.0230430032123704,2.3043003212370504e-05,2.304300321237044e-05,0.0026695951450079,0.0026695951450079,151.71069742801734,151.32717068439695,151.32717068439695,0.0,151.71069742801734,151.71069742801734,0.0,151.32717068439695,151.32717068439695,0.0,151.71069742801734,151.32717068439695,0.0113877585481663,True
2025-06-30,0.0016722916973179736,0.0026109842972974473,-0.05292792792792744,-0.0032092267434918886,-0.03754950281543856,-0.03295614623398724,0.0,0.014594722114358527,0.0,0.01410755711744538,0.01660595871474757,0.006711446885168337,1.0970512720405834,0.24,5.35116523759851,-0.1260244040763414,107.55639,1.438693407668867,108.76683,-0.2144392455929344,2.055430183634765,109.16354333333334,0.1703158201961541,EXPANSAO_INFLACIONARIA,Expansão inflacionária,EXPANSAO_INFLACIONARIA,2.0,EXPANSAO_INFLACIONARIA,2.0,0.0833333333333333,0.0833333333333333,0.0833333333333333,0.0833333333333333,0.0833333333333333,0.0833333333333333,0.0833333333333333,0.0833333333333333,0.0833333333333333,0.0833333333333333,0.0833333333333333,0.0833333333333333,1.0,0.0002175820247747,-0.0044106606606606,0.0001393576414431,-0.0027463455194989,-0.0002674355619576,-0.0031291252346198,0.0,0.0,0.0012162268428632,0.0011756297597871,0.0013838298928956,0.0005592872404306,-0.0058616535745424,-0.0058616535745424,150.82142187614207,150.82142187614215,0.5082142187614216,0.5082142187614216,-0.0058616535745424,-0.0058616535745424,0.0,-0.0058616535745424,150.82142187614215,-0.0058616535745424,150.82142187614215,-0.0058616535745424,-0.0058616535745424,0.9999999999999994,0.0075263553781026,0.0833333333333333,0.0833333333333333,0.0833333333333333,0.0833333333333333,0.0833333333333333,0.0833333333333333,0.0833333333333333,0.0833333333333333,0.0833333333333333,0.0833333333333333,0.0833333333333333,0.0833333333333333,0.0075263553781026,7.526355378102631e-06,7.526355378102624e-06,-0.0058691358130326,-0.0058691358130326,151.71069742801734,150.43901096744827,151.32717068439695,-0.0058691358130325,150.82142187614207,151.71069742801734,-0.0058616535745424,150.43901096744827,151.32717068439695,-0.0058691358130325,150.82142187614207,150.43901096744827,0.0109705127204058,True
2025-07-31,-0.0003642396817153948,-0.1012731869133312,-0.06302021403091573,-0.008275002954932664,-0.014825002063655002,0.017705834030665724,0.0,-0.015684620139128302,0.0,-0.040890938307771574,-0.0777556855198146,0.015151515151516692,1.275732508747951,0.26,5.225222422012621,-0.3045061664851189,113.14433,1.4292332713162992,108.27053,-0.4562972001666332,1.2938549631032803,108.67931,-0.7758426414901987,EXPANSAO_INFLACIONARIA,Expansão inflacionária,EXPANSAO_INFLACIONARIA,2.0,EXPANSAO_INFLACIONARIA,2.0,0.0833333333333333,0.0833333333333333,0.0833333333333333,0.0833333333333333,0.0833333333333333,0.0833333333333333,0.0833333333333333,0.0833333333333333,0.0833333333333333,0.0833333333333333,0.0833333333333333,0.0833333333333333,1.0,-0.0084394322427776,-0.0052516845025763,-3.0353306809616232e-05,0.0014754861692221,-0.0006895835795777,-0.0012354168386379,0.0,0.0,-0.0013070516782606,-0.0034075781923142,-0.0064796404599845,0.0012626262626263,-0.0241026283690901,-0.0241026283690901,147.18622919456368,147.18622919456374,0.4718622919456374,0.4718622919456374,-0.0298230006858969,-0.029823000685897,0.0,-0.0241026283690901,147.18622919456374,-0.0241026283690901,147.18622919456374,-0.029823000685897,-0.029823000685897,0.9999999999999994,0.008872726872331,0.0833333333333333,0.0833333333333333,0.0833333333333333,0.0833333333333333,0.0833333333333333,0.0833333333333333,0.0833333333333333,0.0833333333333333,0.0833333333333333,0.0833333333333333,0.0833333333333333,0.0833333333333333,0.008872726872331,8.872726872331052e-06,8.872726872331004e-06,-0.0241112872399239,-0.0241112872399239,151.71069742801734,146.81173276192206,151.32717068439695,-0.0298389106335182,147.18622919456368,151.71069742801734,-0.0298230006858969,146.81173276192206,151.32717068439695,-0.0298389106335182,147.18622919456368,146.81173276192206,0.0127573250874795,True
2025-08-31,0.05480991214510755,-0.03509335783942635,0.01015228426396031,-0.007580555859985183,-0.013414715769436092,-0.029127914132020316,0.0,0.008099355823581567,0.0,0.06358514602486265,0.08049541351933764,0.03343284189404572,1.1641561387977897,-0.11,5.130500777503921,-0.1891347817513544,110.57963,0.3502924806088936,108.80021,0.489218996157148,1.545817421719331,108.61252333333334,-0.905310218203348,EXPANSAO_INFLACIONARIA,Expansão inflacionária,EXPANSAO_INFLACIONARIA,2.0,EXPANSAO_INFLACIONARIA,2.0,0.0833333333333333,0.0833333333333333,0.0833333333333333,0.0833333333333333,0.0833333333333333,0.0833333333333333,0.0833333333333333,0.0833333333333333,0.0833333333333333,0.0833333333333333,0.0833333333333333,0.0833333333333333,1.0,-0.0029244464866188,0.0008460236886633,0.0045674926787589,-0.0024273261776683,-0.000631712988332,-0.0011178929807863,0.0,0.0,0.0006749463186317,0.0052987621687385,0.0067079511266114,0.0027860701578371,0.0137798675058356,0.0137798675058356,149.2144359315483,149.2144359315484,0.4921443593154839,0.4921443593154839,-0.0164540901781394,-0.0164540901781394,0.0,0.0137798675058356,149.2144359315484,0.0137798675058356,149.2144359315484,-0.0164540901781394,-0.0164540901781394,0.9999999999999994,0.0159280334112512,0.0833333333333333,0.0833333333333333,0.0833333333333333,0.0833333333333333,0.0833333333333333,0.0833333333333333,0.0833333333333333,0.0833333333333333,0.0833333333333333,0.0833333333333333,0.0833333333333333,0.0833333333333333,0.0159280334112512,1.5928033411251258e-05,1.5928033411251214e-05,0.0137637199862343,0.0137637199862343,151.71069742801734,148.83240834235102,151.32717068439695,-0.016485885057938,149.2144359315483,151.71069742801734,-0.0164540901781394,148.83240834235102,151.32717068439695,-0.016485885057938,149.2144359315483,148.83240834235102,0.0116415613879778,True
2025-09-30,0.10567985226599852,0.10210210090762217,0.04396984924623171,-0.012476563371006444,-0.027492795558042293,-0.01686680378340699,0.0,0.006724274113193207,0.0,0.034437632866751944,0.042446823524339816,-0.004621638302644504,1.2199289497186738,0.48,5.172368758697643,-0.1787964789008667,109.59513,2.150065487066821,108.63642,-0.1505419888435888,0.59006014491223,108.56905333333331,-0.5445865733624267,RECESSAO_DESINFLACIONARIA,Recessão desinflacionária,RECESSAO_DESINFLACIONARIA,4.0,EXPANSAO_INFLACIONARIA,2.0,0.0833333333333333,0.0833333333333333,0.0833333333333333,0.0833333333333333,0.0833333333333333,0.0833333333333333,0.0833333333333333,0.0833333333333333,0.0833333333333333,0.0833333333333333,0.0833333333333333,0.0833333333333333,1.0,0.0085085084089685,0.0036641541038526,0.0088066543554998,-0.0014055669819505,-0.0010397136142505,-0.0022910662965035,0.0,0.0,0.0005603561760994,0.0028698027388959,0.0035372352936949,-0.0003851365252203,0.0228252276590864,0.0228252276590864,152.62028940170805,152.6202894017081,0.5262028940170813,0.5262028940170813,0.0,0.0,0.0,0.0228252276590864,152.6202894017081,0.0228252276590864,152.6202894017081,0.0,0.0,0.9999999999999994,0.0145662657512274,0.0833333333333333,0.0833333333333333,0.0833333333333333,0.0833333333333333,0.0833333333333333,0.0833333333333333,0.0833333333333333,0.0833333333333333,0.0833333333333333,0.0833333333333333,0.0833333333333333,0.0833333333333333,0.0145662657512275,1.456626575122747e-05,1.456626575122754e-05,0.0228103289150032,0.0228103289150032,152.62028940170805,152.22732452985213,152.22732452985213,0.0,152.62028940170805,152.62028940170805,0.0,152.22732452985213,152.22732452985213,0.0,152.62028940170805,152.22732452985213,0.0121992894971867,True
2025-10-31,0.03681522092952938,0.24856194544942567,0.038507821901323736,-0.0024891707885308367,-0.02383279161912022,0.011330941665784522,0.0,0.0019084075558011282,0.0,0.022371666260958545,0.0031321287824612742,0.08473594862608613,1.275732508747951,0.09,4.680811347037062,-0.5444110749755593,110.16346,0.8667898833860432,108.7159,0.073161468317906,0.5199458991456352,108.71751,0.035149284624647,RECESSAO_DESINFLACIONARIA,Recessão desinflacionária,RECESSAO_DESINFLACIONARIA,4.0,RECESSAO_DESINFLACIONARIA,4.0,0.0833333333333333,0.0833333333333333,0.0833333333333333,0.0833333333333333,0.0833333333333333,0.0833333333333333,0.0833333333333333,0.0833333333333333,0.0833333333333333,0.0833333333333333,0.0833333333333333,0.0833333333333333,1.0,0.0207134954541188,0.0032089851584436,0.0030679350774607,0.0009442451388153,-0.0002074308990442,-0.00198606596826,0.0,0.0,0.0001590339629834,0.0018643055217465,0.0002610107318717,0.0070613290521738,0.0350868432303099,0.0350868432303099,157.9752535697103,157.97525356971042,0.5797525356971043,0.5797525356971043,0.0,0.0,0.0,0.0350868432303099,157.97525356971042,0.0350868432303099,157.97525356971042,0.0,0.0,0.9999999999999994,0.0174769285043981,0.0833333333333333,0.0833333333333333,0.0833333333333333,0.0833333333333333,0.0833333333333333,0.0833333333333333,0.0833333333333333,0.0833333333333333,0.0833333333333333,0.0833333333333333,0.0833333333333333,0.0833333333333333,0.0174769285043982,1.7476928504398144e-05,1.7476928504398198e-05,0.0350687530915549,0.0350687530915549,157.9752535697103,157.56574698757754,157.56574698757754,0.0,157.9752535697103,157.9752535697103,0.0,157.56574698757754,157.56574698757754,0.0,157.9752535697103,157.56574698757754,0.0127573250874795,True
2025-11-30,0.0592887992593516,0.1760426332186913,0.009269988412514474,-0.002482815272367156,-0.020069216976560278,-0.004942379075442593,0.0,0.03437230494115351,0.0,0.06362750946457352,0.08519729178602087,-0.002496868029434496,1.0527026935209127,0.18,4.4618356484328325,-0.6686651290710888,106.90236,1.0926847203435175,109.27405,0.5134023634077334,1.1938336928435156,108.87545666666666,0.2420838088130761,RECESSAO_DESINFLACIONARIA,Recessão desinflacionária,RECESSAO_DESINFLACIONARIA,4.0,RECESSAO_DESINFLACIONARIA,4.0,0.0833333333333333,0.0833333333333333,0.0833333333333333,0.0833333333333333,0.0833333333333333,0.0833333333333333,0.0833333333333333,0.0833333333333333,0.0833333333333333,0.0833333333333333,0.0833333333333333,0.0833333333333333,1.0,0.0146702194348909,0.0007724990343762,0.0049407332716126,-0.0004118649229535,-0.0002069012726972,-0.0016724347480466,0.0,0.0,0.0028643587450961,0.0053022924553811,0.0070997743155017,-0.0002080723357862,0.033150603977375,0.033150603977375,163.21222863902517,163.21222863902528,0.6321222863902529,0.6321222863902529,0.0,0.0,0.0,0.033150603977375,163.21222863902528,0.033150603977375,163.21222863902528,0.0,0.0,0.9999999999999994,0.0215983136857623,0.0833333333333333,0.0833333333333333,0.0833333333333333,0.0833333333333333,0.0833333333333333,0.0833333333333333,0.0833333333333333,0.0833333333333333,0.0833333333333333,0.0833333333333333,0.0833333333333333,0.0833333333333333,0.0215983136857624,2.1598313685762304e-05,2.15983136857624e-05,0.0331282896665456,0.0331282896665456,163.21222863902517,162.78563069530765,162.78563069530765,0.0,163.21222863902517,163.21222863902517,0.0,162.78563069530765,162.78563069530765,0.0,163.21222863902517,162.78563069530765,0.0105270269352091,True
2025-12-31,0.03598613185342314,-0.1810309357206783,0.011481056257176325,0.05500970063538224,0.041164692024767024,0.03990361396865594,0.0,-0.003431854506738219,0.0,0.015062401082279298,-0.015384676036560352,0.08725194066669184,1.2199289497186738,0.33,4.264384904568952,-0.9079838541286912,107.17649,2.7841136857530424,109.41762,0.1313852648455959,1.836247437867322,109.13585666666668,0.5220671231175977,EXPANSAO_DESINFLACIONARIA,Expansão desinflacionária,EXPANSAO_DESINFLACIONARIA,1.0,RECESSAO_DESINFLACIONARIA,4.0,0.0833333333333333,0.0833333333333333,0.0833333333333333,0.0833333333333333,0.0833333333333333,0.0833333333333333,0.0833333333333333,0.0833333333333333,0.0833333333333333,0.0833333333333333,0.0833333333333333,0.0833333333333333,1.0,-0.0150859113100565,0.000956754688098,0.0029988443211185,0.0033253011640546,0.0045841417196151,0.0034303910020639,0.0,0.0,-0.0002859878755615,0.0012552000901899,-0.00128205633638,0.0072709950555576,0.0071676725186999,0.0071676725186999,164.3820804449569,164.38208044495698,0.6438208044495699,0.6438208044495699,0.0,0.0,0.0,0.0071676725186999,164.38208044495698,0.0071676725186999,164.38208044495698,0.0,0.0,0.9999999999999994,0.0203887279203528,0.0833333333333333,0.0833333333333333,0.0833333333333333,0.0833333333333333,0.0833333333333333,0.0833333333333333,0.0833333333333333,0.0833333333333333,0.0833333333333333,0.0833333333333333,0.0833333333333333,0.0833333333333333,0.0203887279203528,2.0388727920352845e-05,2.0388727920352872e-05,0.0071471376510547,0.0071471376510547,164.3820804449569,163.94908200550077,163.94908200550077,0.0,164.3820804449569,164.3820804449569,0.0,163.94908200550077,163.94908200550077,0.0,164.3820804449569,163.94908200550077,0.0121992894971867,True
2026-01-31,0.07867092217679073,0.09617326764617218,-0.027809307604993894,-0.05272945500023052,-0.05063327740039569,-0.06821568749839968,0.30731251899403755,0.00848313587217664,0.37962264534812373,0.12534683877613806,0.14134072782825435,0.10458800611781904,1.1641561387977897,0.33,4.44135121281346,-0.2394601342236013,102.36456,1.116399389219347,110.05486,0.5823924885224097,1.8368408044468376,109.58217666666668,0.7953333981496336,EXPANSAO_DESINFLACIONARIA,Expansão desinflacionária,EXPANSAO_DESINFLACIONARIA,1.0,EXPANSAO_DESINFLACIONARIA,1.0,0.0833333333333333,0.0833333333333333,0.0833333333333333,0.0833333333333333,0.0833333333333333,0.0833333333333333,0.0833333333333333,0.0833333333333333,0.0833333333333333,0.0833333333333333,0.0833333333333333,0.0833333333333333,1.0,0.0080144389705143,-0.0023174423004161,0.0065559101813992,-0.0056846406248666,-0.0043941212500192,-0.0042194397833663,0.0316352204456769,0.0256093765828364,0.000706927989348,0.0104455698980115,0.0117783939856878,0.0087156671764849,0.086845861271291,0.086845861271291,178.65798379876583,178.6579837987659,0.7865798379876592,0.7865798379876592,0.0,0.0,0.0,0.086845861271291,178.6579837987659,0.086845861271291,178.6579837987659,0.0,0.0,0.9999999999999994,0.0195007110275954,0.0833333333333333,0.0833333333333333,0.0833333333333333,0.0833333333333333,0.0833333333333333,0.0833333333333333,0.0833333333333333,0.0833333333333333,0.0833333333333333,0.0833333333333333,0.0833333333333333,0.0833333333333333,0.0195007110275954,1.9500711027595444e-05,1.9500711027595444e-05,0.0868246670042187,0.0868246670042187,178.65798379876583,178.18390645627574,178.18390645627574,0.0,178.65798379876583,178.65798379876583,0.0,178.18390645627574,178.18390645627574,0.0,178.65798379876583,178.18390645627574,0.0116415613879778,True
2026-02-28,0.1095908076875789,-0.3433624466104477,0.02451838879159407,-0.023622120478771103,-0.02724241445334652,-0.010136419426308496,0.020690778618393413,0.024818883688745963,0.017323135672796752,0.040951969820052225,0.037673692502480316,0.012059032455992602,0.9970220253081364,0.7,3.812496961112588,-0.6493386873202445,106.82125,-0.2401325085418681,110.65892,0.5488717172508206,1.733382389417404,110.0438,1.073100741988453,EXPANSAO_DESINFLACIONARIA,Expansão desinflacionária,EXPANSAO_DESINFLACIONARIA,1.0,EXPANSAO_DESINFLACIONARIA,1.0,0.0833333333333333,0.0833333333333333,0.0833333333333333,0.0833333333333333,0.0833333333333333,0.0833333333333333,0.0833333333333333,0.0833333333333333,0.0833333333333333,0.0833333333333333,0.0833333333333333,0.0833333333333333,1.0,-0.0286135372175373,0.0020431990659661,0.0091325673072982,-0.000844701618859,-0.0019685100398975,-0.0022702012044455,0.0014435946393997,0.0017242315515327,0.0020682403073954,0.003412664151671,0.0031394743752066,0.0010049193713327,-0.0097280593109366,-0.0097280593109366,176.91998833599908,176.91998833599916,0.7691998833599916,0.7691998833599916,-0.0097280593109365,-0.0097280593109365,0.0,-0.0097280593109366,176.91998833599916,-0.0097280593109366,176.91998833599916,-0.0097280593109365,-0.0097280593109365,0.9999999999999994,0.0485586211478363,0.0833333333333333,0.0833333333333333,0.0833333333333333,0.0833333333333333,0.0833333333333333,0.0833333333333333,0.0833333333333333,0.0833333333333333,0.0833333333333333,0.0833333333333333,0.0833333333333333,0.0833333333333333,0.0485586211478363,4.855862114783637e-05,4.855862114783637e-05,-0.0097761455509378,-0.0097761455509378,178.65798379876583,176.4419546519245,178.18390645627574,-0.0097761455509377,176.91998833599908,178.65798379876583,-0.0097280593109365,176.4419546519245,178.18390645627574,-0.0097761455509377,176.91998833599908,176.4419546519245,0.0099702202530813,True
2026-03-31,-0.11144248204640961,0.008744349650565919,0.0433048433048433,-0.0048220351679246765,-0.0008192518765495205,0.024802383090374747,-0.011715771605552261,-0.009508376833177734,-0.0002688544434893414,-0.005612751570644781,-0.05951957441662059,-0.08458375302670218,1.2120535925043807,0.88,4.142846991219562,-0.1215379133493899,117.8089,3.295717418296662,110.51078,-0.1338708167403002,0.3817039353782858,110.40818666666668,1.165822158601881,EXPANSAO_DESINFLACIONARIA,Expansão desinflacionária,EXPANSAO_DESINFLACIONARIA,1.0,EXPANSAO_DESINFLACIONARIA,1.0,0.0833333333333333,0.0833333333333333,0.0833333333333333,0.0833333333333333,0.0833333333333333,0.0833333333333333,0.0833333333333333,0.0833333333333333,0.0833333333333333,0.0833333333333333,0.0833333333333333,0.0833333333333333,1.0,0.0007286958042138,0.0036087369420702,-0.0092868735038674,0.0020668652575312,-0.0004018362639937,-6.827098971246004e-05,-2.2404536957445115e-05,-0.0009763143004626,-0.0007923647360981,-0.0004677292975537,-0.0049599645347183,-0.0070486460855585,-0.0176201062451072,-0.0176201062451072,173.80263934463565,173.8026393446357,0.7380263934463571,0.7380263934463571,-0.0271767561174264,-0.0271767561174265,0.0,-0.0176201062451072,173.8026393446357,-0.0176201062451072,173.8026393446357,-0.0271767561174265,-0.0271767561174265,0.9999999999999994,0.0307534348823108,0.0833333333333333,0.0833333333333333,0.0833333333333333,0.0833333333333333,0.0833333333333333,0.0833333333333333,0.0833333333333333,0.0833333333333333,0.0833333333333333,0.0833333333333333,0.0833333333333333,0.0833333333333333,0.0307534348823107,3.0753434882310815e-05,3.075343488231074e-05,-0.0176503178011995,-0.0176503178011995,178.65798379876583,173.3276980788532,178.18390645627574,-0.0272539112762925,173.80263934463565,178.65798379876583,-0.0271767561174264,173.3276980788532,178.18390645627574,-0.0272539112762925,173.80263934463565,173.3276980788532,0.0121205359250438,True
2026-04-30,-0.007078901293666728,-0.04056868947410841,0.015292190060076871,-0.02811955198067906,-0.04870785108522002,-0.0468275110404468,0.023163322355542082,0.022645242848929215,0.020708180146996824,-0.0005696266894718027,0.0006959876910110907,0.0003213957562406833,1.0900584045334003,0.67,4.39171967147336,-0.0496315413401005,113.99365,1.1136604802651997,110.95732,0.4040691776856508,1.1247299227337582,110.70900666666664,1.0282967853683322,EXPANSAO_DESINFLACIONARIA,Expansão desinflacionária,EXPANSAO_DESINFLACIONARIA,1.0,EXPANSAO_DESINFLACIONARIA,1.0,0.0833333333333333,0.0833333333333333,0.0833333333333333,0.0833333333333333,0.0833333333333333,0.0833333333333333,0.0833333333333333,0.0833333333333333,0.0833333333333333,0.0833333333333333,0.0833333333333333,0.0833333333333333,1.0,-0.0033807241228423,0.001274349171673,-0.0005899084411388,-0.0039022925867039,-0.0023432959983899,-0.004058987590435,0.0017256816789164,0.0019302768629618,0.0018871035707441,-4.746889078931689e-05,5.799897425092422e-05,2.6782979686723607e-05,-0.0074204843920663,-0.0074204843920663,172.51293957207884,172.51293957207892,0.7251293957207892,0.7251293957207892,-0.0343955758148964,-0.0343955758148963,0.0,-0.0074204843920663,172.51293957207892,-0.0074204843920663,172.51293957207892,-0.0343955758148963,-0.0343955758148963,0.9999999999999994,0.0171934072248855,0.0833333333333333,0.0833333333333333,0.0833333333333333,0.0833333333333333,0.0833333333333333,0.0833333333333333,0.0833333333333333,0.0833333333333333,0.0833333333333333,0.0833333333333333,0.0833333333333333,0.0833333333333333,0.0171934072248855,1.7193407224885522e-05,1.7193407224885506e-05,-0.0074375502158812,-0.0074375502158812,178.65798379876583,172.03856462058863,178.18390645627574,-0.034488759158477,172.51293957207884,178.65798379876583,-0.0343955758148964,172.03856462058863,178.18390645627574,-0.034488759158477,172.51293957207884,172.03856462058863,0.010900584045334,True
2026-05-31,-0.011745117346421252,0.1890133753083314,-0.03873050026896052,0.004117584479587322,0.01248121420174142,0.006816181767381968,-0.0014482997017326582,-0.004894099914462879,0.00026347074596988485,-0.07253886010362676,-0.07544136599884455,0.004658649245419699,1.0734353626207227,0.58,4.724906887660008,0.9124099265474196,109.52993,0.7961363020834389,111.03587,0.0707929859877776,1.8672379419667264,110.83465666666666,0.7186744429642289,EXPANSAO_DESINFLACIONARIA,Expansão desinflacionária,EXPANSAO_DESINFLACIONARIA,1.0,EXPANSAO_DESINFLACIONARIA,1.0,0.0833333333333333,0.0833333333333333,0.0833333333333333,0.0833333333333333,0.0833333333333333,0.0833333333333333,0.0833333333333333,0.0833333333333333,0.0833333333333333,0.0833333333333333,0.0833333333333333,0.0833333333333333,1.0,0.0157511146090276,-0.00322754168908,-0.0009787597788684,0.0005680151472818,0.0003431320399656,0.0010401011834784,2.1955895497490403e-05,-0.000120691641811,-0.0004078416595385,-0.0060449050086355,-0.0062867804999037,0.0003882207704516,0.0010460193678652,0.0010460193678652,172.6933914480786,172.69339144807867,0.7269339144807867,0.7269339144807867,-0.0333855348855023,-0.0333855348855025,0.0,0.0010460193678652,172.69339144807867,0.0010460193678652,172.69339144807867,-0.0333855348855025,-0.0333855348855025,0.9999999999999994,0.0112956245063639,0.0833333333333333,0.0833333333333333,0.0833333333333333,0.0833333333333333,0.0833333333333333,0.0833333333333333,0.0833333333333333,0.0833333333333333,0.0833333333333333,0.0833333333333333,0.0833333333333333,0.0833333333333333,0.0112956245063638,1.1295624506363914e-05,1.1295624506363844e-05,0.0010347119279168,0.0010347119279168,178.65798379876583,172.21657497546323,178.18390645627574,-0.0334897331610406,172.6933914480786,178.65798379876583,-0.0333855348855023,172.21657497546323,178.18390645627574,-0.0334897331610406,172.6933914480786,172.21657497546323,0.0107343536262072,True
2026-06-30,-0.11788183261840701,-0.004559229987694646,-0.07610520425293754,0.005917224996895509,0.008859279916601626,0.02575111266248742,-0.021221364727456726,-0.02152703535615097,-0.009834074568304096,-0.008938581583885274,0.008564789938665829,-0.07946915810596278,1.119503898348584,0.16,4.641327552554153,0.498480561334591,,,,,,,,,,,,,,,,,,,,,,,,,,,,,,,,,,,,,,,,,,,,,,,,,,,,,,,,,,,,,,,,,,,,,,,,,,,,,,,,,,,,,,
2026-07-31,0.006512763416568257,-0.16122140487725,0.06783767413688757,-0.011696014822569212,-0.009312818449518812,-0.020009855530438214,0.005771373312423833,0.009311117730182339,0.008246877120334117,0.03573851079374535,0.04882943864150935,0.0925829748012641,1.2152202899923692,,,,,,,,,,,,,,,,,,,,,,,,,,,,,,,,,,,,,,,,,,,,,,,,,,,,,,,,,,,,,,,,,,,,,,,,,,,,,,,,,,,,,,,,,
2026-08-31,0.022325924319844814,-0.029122651735373872,0.05501985252410657,0.006557379187912327,0.01952625201065561,0.006596899699405023,0.0071339804671892715,0.0026124557139770577,0.002990360390598079,0.004626052135163317,0.004157830261721784,0.016693151217628266,0.0525310000000001,,,,,,,,,,,,,,,,,,,,,,,,,,,,,,,,,,,,,,,,,,,,,,,,,,,,,,,,,,,,,,,,,,,,,,,,,,,,,,,,,,,,,,,,,
