data,regime,ticker,segmento,peso,retorno_ativo,contribuicao
2020-01-31,EXPANSAO_DESINFLACIONARIA,GC=F,Commodities,0.0833333333333333,0.03830765786425894,0.0031923048220215767
2020-02-29,EXPANSAO_INFLACIONARIA,GC=F,Commodities,0.0833333333333333,-0.011876965404106654,-0.0009897471170088874
2020-03-31,EXPANSAO_INFLACIONARIA,GC=F,Commodities,0.0833333333333333,0.012339395901399763,0.0010282829917833132
2020-04-30,EXPANSAO_INFLACIONARIA,GC=F,Commodities,0.0833333333333333,0.06366043021574086,0.005305035851311736
2020-05-31,RECESSAO_DESINFLACIONARIA,GC=F,Commodities,0.0833333333333333,0.03129086496263134,0.0026075720802192772
2020-06-30,RECESSAO_DESINFLACIONARIA,GC=F,Commodities,0.0833333333333333,0.032298908859111686,0.002691575738259306
2020-07-31,RECESSAO_DESINFLACIONARIA,GC=F,Commodities,0.0833333333333333,0.09470164463364528,0.007891803719470437
2020-08-31,RECESSAO_DESINFLACIONARIA,GC=F,Commodities,0.0833333333333333,0.002445448664360139,0.00020378738869667818
2020-09-30,RECESSAO_DESINFLACIONARIA,GC=F,Commodities,0.0833333333333333,-0.040709481896636035,-0.0033924568247196683
2020-10-31,EXPANSAO_INFLACIONARIA,GC=F,Commodities,0.0833333333333333,-0.005350980442880293,-0.00044591503690669094
2020-11-30,EXPANSAO_INFLACIONARIA,GC=F,Commodities,0.0833333333333333,-0.054170699861329275,-0.004514224988444104
2020-12-31,EXPANSAO_INFLACIONARIA,GC=F,Commodities,0.0833333333333333,0.06493216872142882,0.005411014060119066
2021-01-31,EXPANSAO_INFLACIONARIA,GC=F,Commodities,0.0833333333333333,-0.023109440069737586,-0.0019257866724781314
2021-02-28,EXPANSAO_INFLACIONARIA,GC=F,Commodities,0.0833333333333333,-0.06452664434118505,-0.005377220361765418
2021-03-31,EXPANSAO_INFLACIONARIA,GC=F,Commodities,0.0833333333333333,-0.00827494182040156,-0.0006895784850334631
2021-04-30,EXPANSAO_INFLACIONARIA,GC=F,Commodities,0.0833333333333333,0.031217177311077426,0.0026014314425897847
2021-05-31,ESTAGFLACAO,GC=F,Commodities,0.0833333333333333,0.07650084730180606,0.006375070608483836
2021-06-30,ESTAGFLACAO,GC=F,Commodities,0.0833333333333333,-0.06922467867115578,-0.005768723222596313
2021-07-31,ESTAGFLACAO,GC=F,Commodities,0.0833333333333333,0.023605108202631397,0.0019670923502192825
2021-08-31,ESTAGFLACAO,GC=F,Commodities,0.0833333333333333,0.001324078366098158,0.00011033986384151313
2021-09-30,ESTAGFLACAO,GC=F,Commodities,0.0833333333333333,-0.03289253508092249,-0.0027410445900768734
2021-10-31,EXPANSAO_INFLACIONARIA,GC=F,Commodities,0.0833333333333333,0.01578074995803025,0.0013150624965025202
2021-11-30,EXPANSAO_INFLACIONARIA,GC=F,Commodities,0.0833333333333333,-0.0052720271531471186,-0.00043933559609559303
2021-12-31,EXPANSAO_INFLACIONARIA,GC=F,Commodities,0.0833333333333333,0.02204554359729216,0.0018371286331076793
2022-01-31,EXPANSAO_INFLACIONARIA,GC=F,Commodities,0.0833333333333333,-0.00976441311229237,-0.0008137010926910304
2022-02-28,EXPANSAO_DESINFLACIONARIA,GC=F,Commodities,0.0833333333333333,0.0509749303621172,0.004247910863509765
2022-03-31,EXPANSAO_DESINFLACIONARIA,GC=F,Commodities,0.0833333333333333,0.033236125720581544,0.002769677143381794
2022-04-30,EXPANSAO_DESINFLACIONARIA,GC=F,Commodities,0.0833333333333333,-0.02046988679625228,-0.0017058238996876893
2022-05-31,EXPANSAO_DESINFLACIONARIA,GC=F,Commodities,0.0833333333333333,-0.03488194414341872,-0.0029068286786182256
2022-06-30,EXPANSAO_INFLACIONARIA,GC=F,Commodities,0.0833333333333333,-0.020947509962969124,-0.0017456258302474264
2022-07-31,EXPANSAO_INFLACIONARIA,GC=F,Commodities,0.0833333333333333,-0.022836844814264734,-0.0019030704011887272
2022-08-31,EXPANSAO_INFLACIONARIA,GC=F,Commodities,0.0833333333333333,-0.0284190679517341,-0.0023682556626445075
2022-09-30,EXPANSAO_DESINFLACIONARIA,GC=F,Commodities,0.0833333333333333,-0.029425515516854794,-0.002452126293071232
2022-10-31,EXPANSAO_DESINFLACIONARIA,GC=F,Commodities,0.0833333333333333,-0.0159408082355742,-0.0013284006862978495
2022-11-30,EXPANSAO_DESINFLACIONARIA,GC=F,Commodities,0.0833333333333333,0.06730238641898234,0.005608532201581859
2022-12-31,EXPANSAO_DESINFLACIONARIA,GC=F,Commodities,0.0833333333333333,0.04209621993127177,0.0035080183276059796
2023-01-31,EXPANSAO_DESINFLACIONARIA,GC=F,Commodities,0.0833333333333333,0.06045616927727404,0.005038014106439502
2023-02-28,EXPANSAO_DESINFLACIONARIA,GC=F,Commodities,0.0833333333333333,-0.052137846896054496,-0.0043448205746712066
2023-03-31,EXPANSAO_DESINFLACIONARIA,GC=F,Commodities,0.0833333333333333,0.07660340845083824,0.006383617370903184
2023-04-30,EXPANSAO_DESINFLACIONARIA,GC=F,Commodities,0.0833333333333333,0.010716087143696207,0.0008930072619746835
2023-05-31,EXPANSAO_DESINFLACIONARIA,GC=F,Commodities,0.0833333333333333,-0.01316514320551132,-0.0010970952671259429
2023-06-30,EXPANSAO_DESINFLACIONARIA,GC=F,Commodities,0.0833333333333333,-0.021793394926451937,-0.001816116243870994
2023-07-31,EXPANSAO_DESINFLACIONARIA,GC=F,Commodities,0.0833333333333333,0.02571444747376961,0.002142870622814133
2023-08-31,EXPANSAO_DESINFLACIONARIA,GC=F,Commodities,0.0833333333333333,-0.0163918035159214,-0.0013659836263267828
2023-09-30,EXPANSAO_DESINFLACIONARIA,GC=F,Commodities,0.0833333333333333,-0.04648641928375907,-0.003873868273646588
2023-10-31,EXPANSAO_DESINFLACIONARIA,GC=F,Commodities,0.0833333333333333,0.07418428515614872,0.006182023763012391
2023-11-30,EXPANSAO_DESINFLACIONARIA,GC=F,Commodities,0.0833333333333333,0.026647202153533778,0.0022206001794611474
2023-12-31,EXPANSAO_DESINFLACIONARIA,GC=F,Commodities,0.0833333333333333,0.017565343794051058,0.0014637786495042542
2024-01-31,EXPANSAO_DESINFLACIONARIA,GC=F,Commodities,0.0833333333333333,-0.012295675394546235,-0.0010246396162121858
2024-02-29,EXPANSAO_DESINFLACIONARIA,GC=F,Commodities,0.0833333333333333,-0.0013180781588523205,-0.00010983984657102666
2024-03-31,EXPANSAO_DESINFLACIONARIA,GC=F,Commodities,0.0833333333333333,0.083932128498863,0.006994344041571914
2024-04-30,EXPANSAO_DESINFLACIONARIA,GC=F,Commodities,0.0833333333333333,0.033372419617131,0.002781034968094249
2024-05-31,EXPANSAO_DESINFLACIONARIA,GC=F,Commodities,0.0833333333333333,0.01374705478855165,0.0011455878990459703
2024-06-30,EXPANSAO_DESINFLACIONARIA,GC=F,Commodities,0.0833333333333333,0.0020664036462711977,0.00017220030385593307
2024-07-31,EXPANSAO_DESINFLACIONARIA,GC=F,Commodities,0.0833333333333333,0.04244535416963213,0.0035371128474693428
2024-08-31,EXPANSAO_INFLACIONARIA,GC=F,Commodities,0.0833333333333333,0.027735441511694825,0.0023112867926412344
2024-09-30,EXPANSAO_INFLACIONARIA,GC=F,Commodities,0.0833333333333333,0.05706153101368172,0.004755127584473475
2024-10-31,EXPANSAO_INFLACIONARIA,GC=F,Commodities,0.0833333333333333,0.03876937422169302,0.0032307811851410837
2024-11-30,EXPANSAO_INFLACIONARIA,GC=F,Commodities,0.0833333333333333,-0.029689970922987752,-0.0024741642435823115
2024-12-31,EXPANSAO_INFLACIONARIA,GC=F,Commodities,0.0833333333333333,-0.01915690716738727,-0.0015964089306156053
2025-01-31,EXPANSAO_INFLACIONARIA,GC=F,Commodities,0.0833333333333333,0.07919876236886347,0.006599896864071954
2025-02-28,EXPANSAO_INFLACIONARIA,GC=F,Commodities,0.0833333333333333,0.008640017361110752,0.0007200014467592291
2025-03-31,EXPANSAO_INFLACIONARIA,GC=F,Commodities,0.0833333333333333,0.10081782116372584,0.00840148509697715
2025-04-30,EXPANSAO_INFLACIONARIA,GC=F,Commodities,0.0833333333333333,0.05834505838446136,0.004862088198705111
2025-05-31,EXPANSAO_INFLACIONARIA,GC=F,Commodities,0.0833333333333333,-0.004871436507185356,-0.00040595304226544616
2025-06-30,EXPANSAO_INFLACIONARIA,GC=F,Commodities,0.0833333333333333,0.0016722916973179736,0.0001393576414431644
2025-07-31,EXPANSAO_INFLACIONARIA,GC=F,Commodities,0.0833333333333333,-0.0003642396817153948,-3.035330680961622e-05
2025-08-31,EXPANSAO_INFLACIONARIA,GC=F,Commodities,0.0833333333333333,0.05480991214510755,0.004567492678758961
2025-09-30,RECESSAO_DESINFLACIONARIA,GC=F,Commodities,0.0833333333333333,0.10567985226599852,0.008806654355499873
2025-10-31,RECESSAO_DESINFLACIONARIA,GC=F,Commodities,0.0833333333333333,0.03681522092952938,0.0030679350774607803
2025-11-30,RECESSAO_DESINFLACIONARIA,GC=F,Commodities,0.0833333333333333,0.0592887992593516,0.004940733271612631
2025-12-31,EXPANSAO_DESINFLACIONARIA,GC=F,Commodities,0.0833333333333333,0.03598613185342314,0.002998844321118594
2026-01-31,EXPANSAO_DESINFLACIONARIA,GC=F,Commodities,0.0833333333333333,0.07867092217679073,0.0065559101813992245
2026-02-28,EXPANSAO_DESINFLACIONARIA,GC=F,Commodities,0.0833333333333333,0.1095908076875789,0.009132567307298238
2026-03-31,EXPANSAO_DESINFLACIONARIA,GC=F,Commodities,0.0833333333333333,-0.11144248204640961,-0.009286873503867464
2026-04-30,EXPANSAO_DESINFLACIONARIA,GC=F,Commodities,0.0833333333333333,-0.007078901293666728,-0.0005899084411388939
2026-05-31,EXPANSAO_DESINFLACIONARIA,GC=F,Commodities,0.0833333333333333,-0.011745117346421252,-0.0009787597788684372
2020-01-31,EXPANSAO_DESINFLACIONARIA,NG=F,Commodities,0.0833333333333333,-0.13242225301514643,-0.011035187751262198
2020-02-29,EXPANSAO_INFLACIONARIA,NG=F,Commodities,0.0833333333333333,-0.08527971155624892,-0.007106642629687407
2020-03-31,EXPANSAO_INFLACIONARIA,NG=F,Commodities,0.0833333333333333,-0.02612828335226669,-0.0021773569460222233
2020-04-30,EXPANSAO_INFLACIONARIA,NG=F,Commodities,0.0833333333333333,0.18841464509395323,0.015701220424496096
2020-05-31,RECESSAO_DESINFLACIONARIA,NG=F,Commodities,0.0833333333333333,-0.05130837547097278,-0.004275697955914396
2020-06-30,RECESSAO_DESINFLACIONARIA,NG=F,Commodities,0.0833333333333333,-0.053001585502911785,-0.004416798791909314
2020-07-31,RECESSAO_DESINFLACIONARIA,NG=F,Commodities,0.0833333333333333,0.0274128936519058,0.0022844078043254825
2020-08-31,RECESSAO_DESINFLACIONARIA,NG=F,Commodities,0.0833333333333333,0.46192333418107445,0.03849361118175619
2020-09-30,RECESSAO_DESINFLACIONARIA,NG=F,Commodities,0.0833333333333333,-0.039163558764284345,-0.003263629897023694
2020-10-31,EXPANSAO_INFLACIONARIA,NG=F,Commodities,0.0833333333333333,0.32726559452839243,0.027272132877366025
2020-11-30,EXPANSAO_INFLACIONARIA,NG=F,Commodities,0.0833333333333333,-0.14072752211876038,-0.011727293509896694
2020-12-31,EXPANSAO_INFLACIONARIA,NG=F,Commodities,0.0833333333333333,-0.1596113959118407,-0.013300949659320053
2021-01-31,EXPANSAO_INFLACIONARIA,NG=F,Commodities,0.0833333333333333,0.05862921716409031,0.004885768097007524
2021-02-28,EXPANSAO_INFLACIONARIA,NG=F,Commodities,0.0833333333333333,0.08073323944749133,0.006727769953957609
2021-03-31,EXPANSAO_INFLACIONARIA,NG=F,Commodities,0.0833333333333333,-0.05882348386084213,-0.004901956988403509
2021-04-30,EXPANSAO_INFLACIONARIA,NG=F,Commodities,0.0833333333333333,0.1238496737971313,0.010320806149760938
2021-05-31,ESTAGFLACAO,NG=F,Commodities,0.0833333333333333,0.018764949459084246,0.0015637457882570198
2021-06-30,ESTAGFLACAO,NG=F,Commodities,0.0833333333333333,0.2223710719222447,0.018530922660187053
2021-07-31,ESTAGFLACAO,NG=F,Commodities,0.0833333333333333,0.07232874851151694,0.006027395709293076
2021-08-31,ESTAGFLACAO,NG=F,Commodities,0.0833333333333333,0.11829325923555278,0.009857771602962728
2021-09-30,ESTAGFLACAO,NG=F,Commodities,0.0833333333333333,0.3404158778390447,0.02836798981992038
2021-10-31,EXPANSAO_INFLACIONARIA,NG=F,Commodities,0.0833333333333333,-0.07516617981921403,-0.006263848318267834
2021-11-30,EXPANSAO_INFLACIONARIA,NG=F,Commodities,0.0833333333333333,-0.15831186643427653,-0.013192655536189705
2021-12-31,EXPANSAO_INFLACIONARIA,NG=F,Commodities,0.0833333333333333,-0.2202758534858027,-0.018356321123816886
2022-01-31,EXPANSAO_INFLACIONARIA,NG=F,Commodities,0.0833333333333333,0.3687166311917782,0.030726385932648172
2022-02-28,EXPANSAO_DESINFLACIONARIA,NG=F,Commodities,0.0833333333333333,-0.08288885438651494,-0.006907404532209576
2022-03-31,EXPANSAO_DESINFLACIONARIA,NG=F,Commodities,0.0833333333333333,0.26219249735632744,0.021849374779693946
2022-04-30,EXPANSAO_DESINFLACIONARIA,NG=F,Commodities,0.0833333333333333,0.2839418120081829,0.023661817667348567
2022-05-31,EXPANSAO_DESINFLACIONARIA,NG=F,Commodities,0.0833333333333333,0.12437886595036995,0.01036490549586416
2022-06-30,EXPANSAO_INFLACIONARIA,NG=F,Commodities,0.0833333333333333,-0.3340700452377636,-0.027839170436480293
2022-07-31,EXPANSAO_INFLACIONARIA,NG=F,Commodities,0.0833333333333333,0.5171460943307724,0.043095507860897685
2022-08-31,EXPANSAO_INFLACIONARIA,NG=F,Commodities,0.0833333333333333,0.10912623082974493,0.009093852569145407
2022-09-30,EXPANSAO_DESINFLACIONARIA,NG=F,Commodities,0.0833333333333333,-0.2586830391731626,-0.021556919931096874
2022-10-31,EXPANSAO_DESINFLACIONARIA,NG=F,Commodities,0.0833333333333333,-0.06074486956043723,-0.005062072463369767
2022-11-30,EXPANSAO_DESINFLACIONARIA,NG=F,Commodities,0.0833333333333333,0.09047990677252127,0.007539992231043436
2022-12-31,EXPANSAO_DESINFLACIONARIA,NG=F,Commodities,0.0833333333333333,-0.3421356236379949,-0.028511301969832894
2023-01-31,EXPANSAO_DESINFLACIONARIA,NG=F,Commodities,0.0833333333333333,-0.4112744009046827,-0.03427286674205688
2023-02-28,EXPANSAO_DESINFLACIONARIA,NG=F,Commodities,0.0833333333333333,0.023472415574596672,0.0019560346312163888
2023-03-31,EXPANSAO_DESINFLACIONARIA,NG=F,Commodities,0.0833333333333333,-0.19330174844053616,-0.01610847903671134
2023-04-30,EXPANSAO_DESINFLACIONARIA,NG=F,Commodities,0.0833333333333333,0.08754512577117501,0.007295427147597915
2023-05-31,EXPANSAO_DESINFLACIONARIA,NG=F,Commodities,0.0833333333333333,-0.05975105737646702,-0.00497925478137225
2023-06-30,EXPANSAO_DESINFLACIONARIA,NG=F,Commodities,0.0833333333333333,0.23477495906323576,0.019564579921936304
2023-07-31,EXPANSAO_DESINFLACIONARIA,NG=F,Commodities,0.0833333333333333,-0.058613305443415475,-0.004884442120284621
2023-08-31,EXPANSAO_DESINFLACIONARIA,NG=F,Commodities,0.0833333333333333,0.0508731288237827,0.00423942740198189
2023-09-30,EXPANSAO_DESINFLACIONARIA,NG=F,Commodities,0.0833333333333333,0.05816474707258945,0.004847062256049119
2023-10-31,EXPANSAO_DESINFLACIONARIA,NG=F,Commodities,0.0833333333333333,0.22055314740210874,0.018379428950175723
2023-11-30,EXPANSAO_DESINFLACIONARIA,NG=F,Commodities,0.0833333333333333,-0.21622377387328495,-0.01801864782277374
2023-12-31,EXPANSAO_DESINFLACIONARIA,NG=F,Commodities,0.0833333333333333,-0.08743758742865204,-0.007286465619054334
2024-01-31,EXPANSAO_DESINFLACIONARIA,NG=F,Commodities,0.0833333333333333,-0.17872508061895565,-0.014893756718246299
2024-02-29,EXPANSAO_DESINFLACIONARIA,NG=F,Commodities,0.0833333333333333,-0.11428566725075362,-0.009523805604229465
2024-03-31,EXPANSAO_DESINFLACIONARIA,NG=F,Commodities,0.0833333333333333,-0.05215053877150666,-0.004345878230958887
2024-04-30,EXPANSAO_DESINFLACIONARIA,NG=F,Commodities,0.0833333333333333,0.12932503876499624,0.010777086563749682
2024-05-31,EXPANSAO_DESINFLACIONARIA,NG=F,Commodities,0.0833333333333333,0.29934697141054856,0.024945580950879037
2024-06-30,EXPANSAO_DESINFLACIONARIA,NG=F,Commodities,0.0833333333333333,0.005411742544050968,0.0004509785453375805
2024-07-31,EXPANSAO_DESINFLACIONARIA,NG=F,Commodities,0.0833333333333333,-0.217224160665335,-0.01810201338877791
2024-08-31,EXPANSAO_INFLACIONARIA,NG=F,Commodities,0.0833333333333333,0.044695520388945864,0.0037246266990788204
2024-09-30,EXPANSAO_INFLACIONARIA,NG=F,Commodities,0.0833333333333333,0.37423599851366696,0.031186333209472235
2024-10-31,EXPANSAO_INFLACIONARIA,NG=F,Commodities,0.0833333333333333,-0.07389670643871227,-0.006158058869892687
2024-11-30,EXPANSAO_INFLACIONARIA,NG=F,Commodities,0.0833333333333333,0.24233464896585621,0.02019455408048801
2024-12-31,EXPANSAO_INFLACIONARIA,NG=F,Commodities,0.0833333333333333,0.17038364761860825,0.014198637301550682
2025-01-31,EXPANSAO_INFLACIONARIA,NG=F,Commodities,0.0833333333333333,-0.22662606039779642,-0.018885505033149695
2025-02-28,EXPANSAO_INFLACIONARIA,NG=F,Commodities,0.0833333333333333,0.25952701167444325,0.021627250972870264
2025-03-31,EXPANSAO_INFLACIONARIA,NG=F,Commodities,0.0833333333333333,0.07433485633508763,0.0061945713612573
2025-04-30,EXPANSAO_INFLACIONARIA,NG=F,Commodities,0.0833333333333333,-0.19252245470075868,-0.016043537891729884
2025-05-31,EXPANSAO_INFLACIONARIA,NG=F,Commodities,0.0833333333333333,0.036380051834178584,0.0030316709861815476
2025-06-30,EXPANSAO_INFLACIONARIA,NG=F,Commodities,0.0833333333333333,0.0026109842972974473,0.0002175820247747872
2025-07-31,EXPANSAO_INFLACIONARIA,NG=F,Commodities,0.0833333333333333,-0.1012731869133312,-0.008439432242777597
2025-08-31,EXPANSAO_INFLACIONARIA,NG=F,Commodities,0.0833333333333333,-0.03509335783942635,-0.0029244464866188618
2025-09-30,RECESSAO_DESINFLACIONARIA,NG=F,Commodities,0.0833333333333333,0.10210210090762217,0.008508508408968512
2025-10-31,RECESSAO_DESINFLACIONARIA,NG=F,Commodities,0.0833333333333333,0.24856194544942567,0.020713495454118797
2025-11-30,RECESSAO_DESINFLACIONARIA,NG=F,Commodities,0.0833333333333333,0.1760426332186913,0.014670219434890936
2025-12-31,EXPANSAO_DESINFLACIONARIA,NG=F,Commodities,0.0833333333333333,-0.1810309357206783,-0.015085911310056519
2026-01-31,EXPANSAO_DESINFLACIONARIA,NG=F,Commodities,0.0833333333333333,0.09617326764617218,0.008014438970514345
2026-02-28,EXPANSAO_DESINFLACIONARIA,NG=F,Commodities,0.0833333333333333,-0.3433624466104477,-0.028613537217537295
2026-03-31,EXPANSAO_DESINFLACIONARIA,NG=F,Commodities,0.0833333333333333,0.008744349650565919,0.0007286958042138263
2026-04-30,EXPANSAO_DESINFLACIONARIA,NG=F,Commodities,0.0833333333333333,-0.04056868947410841,-0.0033807241228423664
2026-05-31,EXPANSAO_DESINFLACIONARIA,NG=F,Commodities,0.0833333333333333,0.1890133753083314,0.01575111460902761
2020-01-31,EXPANSAO_DESINFLACIONARIA,ZC=F,Commodities,0.0833333333333333,-0.0261813537675597,-0.002181779480629974
2020-02-29,EXPANSAO_INFLACIONARIA,ZC=F,Commodities,0.0833333333333333,-0.038688524590163365,-0.0032240437158469457
2020-03-31,EXPANSAO_INFLACIONARIA,ZC=F,Commodities,0.0833333333333333,-0.07025920873124059,-0.005854934060936713
2020-04-30,EXPANSAO_INFLACIONARIA,ZC=F,Commodities,0.0833333333333333,-0.08584005869405675,-0.007153338224504727
2020-05-31,RECESSAO_DESINFLACIONARIA,ZC=F,Commodities,0.0833333333333333,0.045746388443018704,0.0038121990369182237
2020-06-30,RECESSAO_DESINFLACIONARIA,ZC=F,Commodities,0.0833333333333333,0.03914044512663151,0.0032617037605526243
2020-07-31,RECESSAO_DESINFLACIONARIA,ZC=F,Commodities,0.0833333333333333,-0.06646971935007373,-0.005539143279172809
2020-08-31,RECESSAO_DESINFLACIONARIA,ZC=F,Commodities,0.0833333333333333,0.10284810126582289,0.008570675105485237
2020-09-30,RECESSAO_DESINFLACIONARIA,ZC=F,Commodities,0.0833333333333333,0.08751793400286956,0.007293161166905793
2020-10-31,EXPANSAO_INFLACIONARIA,ZC=F,Commodities,0.0833333333333333,0.05145118733509291,0.004287598944591074
2020-11-30,EXPANSAO_INFLACIONARIA,ZC=F,Commodities,0.0833333333333333,0.05332496863237157,0.004443747386030963
2020-12-31,EXPANSAO_INFLACIONARIA,ZC=F,Commodities,0.0833333333333333,0.13043478260869623,0.01086956521739135
2021-01-31,EXPANSAO_INFLACIONARIA,ZC=F,Commodities,0.0833333333333333,0.15279241306638625,0.012732701088865515
2021-02-28,EXPANSAO_INFLACIONARIA,ZC=F,Commodities,0.0833333333333333,0.01553930530164549,0.0012949421084704569
2021-03-31,EXPANSAO_INFLACIONARIA,ZC=F,Commodities,0.0833333333333333,0.015751575157516573,0.0013126312631263806
2021-04-30,EXPANSAO_INFLACIONARIA,ZC=F,Commodities,0.0833333333333333,0.3114754098360659,0.025956284153005483
2021-05-31,ESTAGFLACAO,ZC=F,Commodities,0.0833333333333333,-0.1124999999999996,-0.009374999999999963
2021-06-30,ESTAGFLACAO,ZC=F,Commodities,0.0833333333333333,0.09630757518081468,0.008025631265067886
2021-07-31,ESTAGFLACAO,ZC=F,Commodities,0.0833333333333333,-0.24027777777777726,-0.020023148148148096
2021-08-31,ESTAGFLACAO,ZC=F,Commodities,0.0833333333333333,-0.023765996343692253,-0.001980499695307687
2021-09-30,ESTAGFLACAO,ZC=F,Commodities,0.0833333333333333,0.0051498127340829924,0.00042915106117358254
2021-10-31,EXPANSAO_INFLACIONARIA,ZC=F,Commodities,0.0833333333333333,0.05868653935724333,0.004890544946436942
2021-11-30,EXPANSAO_INFLACIONARIA,ZC=F,Commodities,0.0833333333333333,-0.002199736031676114,-0.00018331133597300942
2021-12-31,EXPANSAO_INFLACIONARIA,ZC=F,Commodities,0.0833333333333333,0.05114638447971753,0.004262198706643126
2022-01-31,EXPANSAO_INFLACIONARIA,ZC=F,Commodities,0.0833333333333333,0.050335570469798974,0.004194630872483246
2022-02-28,EXPANSAO_DESINFLACIONARIA,ZC=F,Commodities,0.0833333333333333,0.05351437699680606,0.004459531416400503
2022-03-31,EXPANSAO_DESINFLACIONARIA,ZC=F,Commodities,0.0833333333333333,0.1353297952994692,0.01127748294162243
2022-04-30,EXPANSAO_DESINFLACIONARIA,ZC=F,Commodities,0.0833333333333333,0.09282136894824689,0.007735114079020571
2022-05-31,EXPANSAO_DESINFLACIONARIA,ZC=F,Commodities,0.0833333333333333,-0.07913229453101112,-0.006594357877584257
2022-06-30,EXPANSAO_INFLACIONARIA,ZC=F,Commodities,0.0833333333333333,-0.012939615129395565,-0.0010783012607829634
2022-07-31,EXPANSAO_INFLACIONARIA,ZC=F,Commodities,0.0833333333333333,-0.17142857142857104,-0.014285714285714247
2022-08-31,EXPANSAO_INFLACIONARIA,ZC=F,Commodities,0.0833333333333333,0.09330628803245511,0.00777552400270459
2022-09-30,EXPANSAO_DESINFLACIONARIA,ZC=F,Commodities,0.0833333333333333,0.005565862708720726,0.0004638218923933936
2022-10-31,EXPANSAO_DESINFLACIONARIA,ZC=F,Commodities,0.0833333333333333,0.02066420664206703,0.0017220172201722517
2022-11-30,EXPANSAO_DESINFLACIONARIA,ZC=F,Commodities,0.0833333333333333,-0.04266088214027408,-0.003555073511689505
2022-12-31,EXPANSAO_DESINFLACIONARIA,ZC=F,Commodities,0.0833333333333333,0.026435045317221073,0.002202920443101755
2023-01-31,EXPANSAO_DESINFLACIONARIA,ZC=F,Commodities,0.0833333333333333,0.00036791758646148587,3.0659798871790475e-05
2023-02-28,EXPANSAO_DESINFLACIONARIA,ZC=F,Commodities,0.0833333333333333,-0.07392423685178318,-0.006160353070981929
2023-03-31,EXPANSAO_DESINFLACIONARIA,ZC=F,Commodities,0.0833333333333333,0.04924543288324057,0.004103786073603379
2023-04-30,EXPANSAO_DESINFLACIONARIA,ZC=F,Commodities,0.0833333333333333,-0.0370931112793339,-0.0030910926066111573
2023-05-31,EXPANSAO_DESINFLACIONARIA,ZC=F,Commodities,0.0833333333333333,-0.06603773584905659,-0.005503144654088047
2023-06-30,EXPANSAO_DESINFLACIONARIA,ZC=F,Commodities,0.0833333333333333,-0.06649831649831606,-0.005541526374859669
2023-07-31,EXPANSAO_DESINFLACIONARIA,ZC=F,Commodities,0.0833333333333333,-0.0910730387736699,-0.007589419897805822
2023-08-31,EXPANSAO_DESINFLACIONARIA,ZC=F,Commodities,0.0833333333333333,-0.08531746031745913,-0.007109788359788258
2023-09-30,EXPANSAO_DESINFLACIONARIA,ZC=F,Commodities,0.0833333333333333,0.03416485900216948,0.002847071583514122
2023-10-31,EXPANSAO_DESINFLACIONARIA,ZC=F,Commodities,0.0833333333333333,0.004195070791820132,0.0003495892326516776
2023-11-30,EXPANSAO_DESINFLACIONARIA,ZC=F,Commodities,0.0833333333333333,-0.03550913838120018,-0.0029590948651000135
2023-12-31,EXPANSAO_DESINFLACIONARIA,ZC=F,Commodities,0.0833333333333333,0.027070925825663394,0.0022559104854719485
2024-01-31,EXPANSAO_DESINFLACIONARIA,ZC=F,Commodities,0.0833333333333333,-0.05482340537691055,-0.004568617114742544
2024-02-29,EXPANSAO_DESINFLACIONARIA,ZC=F,Commodities,0.0833333333333333,-0.07250418293363037,-0.006042015244469195
2024-03-31,EXPANSAO_DESINFLACIONARIA,ZC=F,Commodities,0.0833333333333333,0.06313890559230395,0.005261575466025327
2024-04-30,EXPANSAO_DESINFLACIONARIA,ZC=F,Commodities,0.0833333333333333,-0.005656108597284271,-0.00047134238310702237
2024-05-31,EXPANSAO_DESINFLACIONARIA,ZC=F,Commodities,0.0833333333333333,0.015358361774745033,0.0012798634812287522
2024-06-30,EXPANSAO_DESINFLACIONARIA,ZC=F,Commodities,0.0833333333333333,-0.10980392156862684,-0.009150326797385566
2024-07-31,EXPANSAO_DESINFLACIONARIA,ZC=F,Commodities,0.0833333333333333,-0.03650094398992987,-0.0030417453324941544
2024-08-31,EXPANSAO_INFLACIONARIA,ZC=F,Commodities,0.0833333333333333,-0.012410189418679662,-0.001034182451556638
2024-09-30,EXPANSAO_INFLACIONARIA,ZC=F,Commodities,0.0833333333333333,0.12367724867724972,0.010306437389770806
2024-10-31,EXPANSAO_INFLACIONARIA,ZC=F,Commodities,0.0833333333333333,-0.032960565038257617,-0.002746713753188134
2024-11-30,EXPANSAO_INFLACIONARIA,ZC=F,Commodities,0.0833333333333333,0.029823493609252072,0.0024852911341043385
2024-12-31,EXPANSAO_INFLACIONARIA,ZC=F,Commodities,0.0833333333333333,0.06914893617021334,0.005762411347517776
2025-01-31,EXPANSAO_INFLACIONARIA,ZC=F,Commodities,0.0833333333333333,0.06578220011055924,0.005481850009213268
2025-02-28,EXPANSAO_INFLACIONARIA,ZC=F,Commodities,0.0833333333333333,-0.05912863070539387,-0.004927385892116154
2025-03-31,EXPANSAO_INFLACIONARIA,ZC=F,Commodities,0.0833333333333333,0.008269018743109369,0.0006890848952591138
2025-04-30,EXPANSAO_INFLACIONARIA,ZC=F,Commodities,0.0833333333333333,0.02186987424822373,0.0018224895206853102
2025-05-31,EXPANSAO_INFLACIONARIA,ZC=F,Commodities,0.0833333333333333,-0.04975922953450973,-0.004146602461209142
2025-06-30,EXPANSAO_INFLACIONARIA,ZC=F,Commodities,0.0833333333333333,-0.05292792792792744,-0.0044106606606606185
2025-07-31,EXPANSAO_INFLACIONARIA,ZC=F,Commodities,0.0833333333333333,-0.06302021403091573,-0.005251684502576309
2025-08-31,EXPANSAO_INFLACIONARIA,ZC=F,Commodities,0.0833333333333333,0.01015228426396031,0.0008460236886633588
2025-09-30,RECESSAO_DESINFLACIONARIA,ZC=F,Commodities,0.0833333333333333,0.04396984924623171,0.0036641541038526407
2025-10-31,RECESSAO_DESINFLACIONARIA,ZC=F,Commodities,0.0833333333333333,0.038507821901323736,0.0032089851584436433
2025-11-30,RECESSAO_DESINFLACIONARIA,ZC=F,Commodities,0.0833333333333333,0.009269988412514474,0.0007724990343762058
2025-12-31,EXPANSAO_DESINFLACIONARIA,ZC=F,Commodities,0.0833333333333333,0.011481056257176325,0.0009567546880980268
2026-01-31,EXPANSAO_DESINFLACIONARIA,ZC=F,Commodities,0.0833333333333333,-0.027809307604993894,-0.002317442300416157
2026-02-28,EXPANSAO_DESINFLACIONARIA,ZC=F,Commodities,0.0833333333333333,0.02451838879159407,0.0020431990659661716
2026-03-31,EXPANSAO_DESINFLACIONARIA,ZC=F,Commodities,0.0833333333333333,0.0433048433048433,0.0036087369420702733
2026-04-30,EXPANSAO_DESINFLACIONARIA,ZC=F,Commodities,0.0833333333333333,0.015292190060076871,0.0012743491716730722
2026-05-31,EXPANSAO_DESINFLACIONARIA,ZC=F,Commodities,0.0833333333333333,-0.03873050026896052,-0.003227541689080042
2020-01-31,EXPANSAO_DESINFLACIONARIA,EURBRL=X,Moedas,0.0833333333333333,0.04206500041911654,0.0035054167015930436
2020-02-29,EXPANSAO_INFLACIONARIA,EURBRL=X,Moedas,0.0833333333333333,0.0542429645851239,0.004520247048760323
2020-03-31,EXPANSAO_INFLACIONARIA,EURBRL=X,Moedas,0.0833333333333333,0.16108949574383202,0.01342412464531933
2020-04-30,EXPANSAO_INFLACIONARIA,EURBRL=X,Moedas,0.0833333333333333,0.013222442521304334,0.0011018702101086941
2020-05-31,RECESSAO_DESINFLACIONARIA,EURBRL=X,Moedas,0.0833333333333333,0.031547388735321924,0.002628949061276826
2020-06-30,RECESSAO_DESINFLACIONARIA,EURBRL=X,Moedas,0.0833333333333333,0.015040635311132089,0.0012533862759276735
2020-07-31,RECESSAO_DESINFLACIONARIA,EURBRL=X,Moedas,0.0833333333333333,0.006997269989940991,0.0005831058324950823
2020-08-31,RECESSAO_DESINFLACIONARIA,EURBRL=X,Moedas,0.0833333333333333,0.0482480797448408,0.004020673312070065
2020-09-30,RECESSAO_DESINFLACIONARIA,EURBRL=X,Moedas,0.0833333333333333,0.030913720986963877,0.0025761434155803222
2020-10-31,EXPANSAO_INFLACIONARIA,EURBRL=X,Moedas,0.0833333333333333,0.020364342946452396,0.0016970285788710324
2020-11-30,EXPANSAO_INFLACIONARIA,EURBRL=X,Moedas,0.0833333333333333,-0.052608198485068036,-0.004384016540422335
2020-12-31,EXPANSAO_INFLACIONARIA,EURBRL=X,Moedas,0.0833333333333333,-0.001439899853300286,-0.00011999165444169045
2021-01-31,EXPANSAO_INFLACIONARIA,EURBRL=X,Moedas,0.0833333333333333,0.03280462119950056,0.0027337184332917124
2021-02-28,EXPANSAO_INFLACIONARIA,EURBRL=X,Moedas,0.0833333333333333,0.020198806253596935,0.0016832338544664105
2021-03-31,EXPANSAO_INFLACIONARIA,EURBRL=X,Moedas,0.0833333333333333,0.006069094503073913,0.0005057578752561592
2021-04-30,EXPANSAO_INFLACIONARIA,EURBRL=X,Moedas,0.0833333333333333,-0.04369108363735197,-0.003640923636445996
2021-05-31,ESTAGFLACAO,EURBRL=X,Moedas,0.0833333333333333,-0.012987157561955565,-0.0010822631301629633
2021-06-30,ESTAGFLACAO,EURBRL=X,Moedas,0.0833333333333333,-0.07658330674859826,-0.006381942229049852
2021-07-31,ESTAGFLACAO,EURBRL=X,Moedas,0.0833333333333333,0.024376611246514024,0.0020313842705428345
2021-08-31,ESTAGFLACAO,EURBRL=X,Moedas,0.0833333333333333,0.012121772523088215,0.0010101477102573508
2021-09-30,ESTAGFLACAO,EURBRL=X,Moedas,0.0833333333333333,0.02725833723877602,0.002271528103231334
2021-10-31,EXPANSAO_INFLACIONARIA,EURBRL=X,Moedas,0.0833333333333333,0.05009155865712156,0.0041742965547601285
2021-11-30,EXPANSAO_INFLACIONARIA,EURBRL=X,Moedas,0.0833333333333333,-0.04105869566773912,-0.003421557972311592
2021-12-31,EXPANSAO_INFLACIONARIA,EURBRL=X,Moedas,0.0833333333333333,0.02407355282791368,0.002006129402326139
2022-01-31,EXPANSAO_INFLACIONARIA,EURBRL=X,Moedas,0.0833333333333333,-0.07665459985265799,-0.00638788332105483
2022-02-28,EXPANSAO_DESINFLACIONARIA,EURBRL=X,Moedas,0.0833333333333333,-0.041550924393448097,-0.0034625770327873402
2022-03-31,EXPANSAO_DESINFLACIONARIA,EURBRL=X,Moedas,0.0833333333333333,-0.07155577999214724,-0.005962981666012268
2022-04-30,EXPANSAO_DESINFLACIONARIA,EURBRL=X,Moedas,0.0833333333333333,-0.025583634333172234,-0.002131969527764352
2022-05-31,EXPANSAO_DESINFLACIONARIA,EURBRL=X,Moedas,0.0833333333333333,-0.012751532585711711,-0.0010626277154759756
2022-06-30,EXPANSAO_INFLACIONARIA,EURBRL=X,Moedas,0.0833333333333333,0.05709709444825206,0.004758091204021003
2022-07-31,EXPANSAO_INFLACIONARIA,EURBRL=X,Moedas,0.0833333333333333,-0.02404899422864637,-0.0020040828523871968
2022-08-31,EXPANSAO_INFLACIONARIA,EURBRL=X,Moedas,0.0833333333333333,-0.028012885811868893,-0.0023344071509890734
2022-09-30,EXPANSAO_DESINFLACIONARIA,EURBRL=X,Moedas,0.0833333333333333,0.03338008662755132,0.0027816738856292758
2022-10-31,EXPANSAO_DESINFLACIONARIA,EURBRL=X,Moedas,0.0833333333333333,-0.005543902853298421,-0.00046199190444153493
2022-11-30,EXPANSAO_DESINFLACIONARIA,EURBRL=X,Moedas,0.0833333333333333,0.030813261528220615,0.0025677717940183835
2022-12-31,EXPANSAO_DESINFLACIONARIA,EURBRL=X,Moedas,0.0833333333333333,0.027887104976976218,0.0023239254147480173
2023-01-31,EXPANSAO_DESINFLACIONARIA,EURBRL=X,Moedas,0.0833333333333333,-0.007283717851806926,-0.0006069764876505769
2023-02-28,EXPANSAO_DESINFLACIONARIA,EURBRL=X,Moedas,0.0833333333333333,-0.005967104932884104,-0.0004972587444070085
2023-03-31,EXPANSAO_DESINFLACIONARIA,EURBRL=X,Moedas,0.0833333333333333,0.006855247664761421,0.0005712706387301182
2023-04-30,EXPANSAO_DESINFLACIONARIA,EURBRL=X,Moedas,0.0833333333333333,-0.011437719316930162,-0.0009531432764108464
2023-05-31,EXPANSAO_DESINFLACIONARIA,EURBRL=X,Moedas,0.0833333333333333,-0.015870129443615322,-0.001322510786967943
2023-06-30,EXPANSAO_DESINFLACIONARIA,EURBRL=X,Moedas,0.0833333333333333,-0.023568797658224727,-0.0019640664715187264
2023-07-31,EXPANSAO_DESINFLACIONARIA,EURBRL=X,Moedas,0.0833333333333333,-0.016003370653433824,-0.0013336142211194848
2023-08-31,EXPANSAO_DESINFLACIONARIA,EURBRL=X,Moedas,0.0833333333333333,0.023798121319433152,0.0019831767766194286
2023-09-30,EXPANSAO_DESINFLACIONARIA,EURBRL=X,Moedas,0.0833333333333333,0.0012609753092067688,0.0001050812757672307
2023-10-31,EXPANSAO_DESINFLACIONARIA,EURBRL=X,Moedas,0.0833333333333333,0.0063914127178754665,0.000532617726489622
2023-11-30,EXPANSAO_DESINFLACIONARIA,EURBRL=X,Moedas,0.0833333333333333,0.001699751583675635,0.00014164596530630286
2023-12-31,EXPANSAO_DESINFLACIONARIA,EURBRL=X,Moedas,0.0833333333333333,-0.0010069703689289389,-8.391419741074488e-05
2024-01-31,EXPANSAO_DESINFLACIONARIA,EURBRL=X,Moedas,0.0833333333333333,0.0005600215464109937,4.666846220091612e-05
2024-02-29,EXPANSAO_DESINFLACIONARIA,EURBRL=X,Moedas,0.0833333333333333,0.0038429671859119274,0.0003202472654926605
2024-03-31,EXPANSAO_DESINFLACIONARIA,EURBRL=X,Moedas,0.0833333333333333,0.001598170987016756,0.0001331809155847296
2024-04-30,EXPANSAO_DESINFLACIONARIA,EURBRL=X,Moedas,0.0833333333333333,0.016661785874486634,0.001388482156207219
2024-05-31,EXPANSAO_DESINFLACIONARIA,EURBRL=X,Moedas,0.0833333333333333,0.027685515834597885,0.002307126319549823
2024-06-30,EXPANSAO_DESINFLACIONARIA,EURBRL=X,Moedas,0.0833333333333333,0.04613662500646787,0.0038447187505389877
2024-07-31,EXPANSAO_DESINFLACIONARIA,EURBRL=X,Moedas,0.0833333333333333,0.0303179192225298,0.002526493268544149
2024-08-31,EXPANSAO_INFLACIONARIA,EURBRL=X,Moedas,0.0833333333333333,0.025191567630350686,0.002099297302529223
2024-09-30,EXPANSAO_INFLACIONARIA,EURBRL=X,Moedas,0.0833333333333333,-0.025263617204851263,-0.0021053014337376044
2024-10-31,EXPANSAO_INFLACIONARIA,EURBRL=X,Moedas,0.0833333333333333,0.030831675661414204,0.0025693063051178493
2024-11-30,EXPANSAO_INFLACIONARIA,EURBRL=X,Moedas,0.0833333333333333,0.014871245122910492,0.0012392704269092072
2024-12-31,EXPANSAO_INFLACIONARIA,EURBRL=X,Moedas,0.0833333333333333,0.013178822892321085,0.0010982352410267566
2025-01-31,EXPANSAO_INFLACIONARIA,EURBRL=X,Moedas,0.0833333333333333,-0.05094557842353353,-0.004245464868627793
2025-02-28,EXPANSAO_INFLACIONARIA,EURBRL=X,Moedas,0.0833333333333333,-0.006064329488123077,-0.0005053607906769229
2025-03-31,EXPANSAO_INFLACIONARIA,EURBRL=X,Moedas,0.0833333333333333,0.026774691279151996,0.0022312242732626655
2025-04-30,EXPANSAO_INFLACIONARIA,EURBRL=X,Moedas,0.0833333333333333,0.026854171376340163,0.0022378476146950126
2025-05-31,EXPANSAO_INFLACIONARIA,EURBRL=X,Moedas,0.0833333333333333,0.0070830567757236285,0.0005902547313103022
2025-06-30,EXPANSAO_INFLACIONARIA,EURBRL=X,Moedas,0.0833333333333333,-0.0032092267434918886,-0.0002674355619576573
2025-07-31,EXPANSAO_INFLACIONARIA,EURBRL=X,Moedas,0.0833333333333333,-0.008275002954932664,-0.0006895835795777218
2025-08-31,EXPANSAO_INFLACIONARIA,EURBRL=X,Moedas,0.0833333333333333,-0.007580555859985183,-0.0006317129883320983
2025-09-30,RECESSAO_DESINFLACIONARIA,EURBRL=X,Moedas,0.0833333333333333,-0.012476563371006444,-0.0010397136142505366
2025-10-31,RECESSAO_DESINFLACIONARIA,EURBRL=X,Moedas,0.0833333333333333,-0.0024891707885308367,-0.0002074308990442363
2025-11-30,RECESSAO_DESINFLACIONARIA,EURBRL=X,Moedas,0.0833333333333333,-0.002482815272367156,-0.0002069012726972629
2025-12-31,EXPANSAO_DESINFLACIONARIA,EURBRL=X,Moedas,0.0833333333333333,0.05500970063538224,0.004584141719615185
2026-01-31,EXPANSAO_DESINFLACIONARIA,EURBRL=X,Moedas,0.0833333333333333,-0.05272945500023052,-0.004394121250019208
2026-02-28,EXPANSAO_DESINFLACIONARIA,EURBRL=X,Moedas,0.0833333333333333,-0.023622120478771103,-0.001968510039897591
2026-03-31,EXPANSAO_DESINFLACIONARIA,EURBRL=X,Moedas,0.0833333333333333,-0.0048220351679246765,-0.00040183626399372286
2026-04-30,EXPANSAO_DESINFLACIONARIA,EURBRL=X,Moedas,0.0833333333333333,-0.02811955198067906,-0.0023432959983899207
2026-05-31,EXPANSAO_DESINFLACIONARIA,EURBRL=X,Moedas,0.0833333333333333,0.004117584479587322,0.00034313203996561004
2020-01-31,EXPANSAO_DESINFLACIONARIA,JPYBRL=X,Moedas,0.0833333333333333,0.054441137355700775,0.004536761446308396
2020-02-29,EXPANSAO_INFLACIONARIA,JPYBRL=X,Moedas,0.0833333333333333,0.050012811364211096,0.004167734280350923
2020-03-31,EXPANSAO_INFLACIONARIA,JPYBRL=X,Moedas,0.0833333333333333,0.17514302763235068,0.014595252302695884
2020-04-30,EXPANSAO_INFLACIONARIA,JPYBRL=X,Moedas,0.0833333333333333,0.04117685723489628,0.0034314047695746886
2020-05-31,RECESSAO_DESINFLACIONARIA,JPYBRL=X,Moedas,0.0833333333333333,0.0031375372138198188,0.00026146143448498477
2020-06-30,RECESSAO_DESINFLACIONARIA,JPYBRL=X,Moedas,0.0833333333333333,0.0003386357572798815,2.821964643999011e-05
2020-07-31,RECESSAO_DESINFLACIONARIA,JPYBRL=X,Moedas,0.0833333333333333,-0.019536370730112385,-0.0016280308941760313
2020-08-31,RECESSAO_DESINFLACIONARIA,JPYBRL=X,Moedas,0.0833333333333333,0.03708893306637262,0.003090744422197717
2020-09-30,RECESSAO_DESINFLACIONARIA,JPYBRL=X,Moedas,0.0833333333333333,0.043616226007120895,0.0036346855005934065
2020-10-31,EXPANSAO_INFLACIONARIA,JPYBRL=X,Moedas,0.0833333333333333,0.037176698975913025,0.003098058247992751
2020-11-30,EXPANSAO_INFLACIONARIA,JPYBRL=X,Moedas,0.0833333333333333,-0.0712721718037842,-0.005939347650315348
2020-12-31,EXPANSAO_INFLACIONARIA,JPYBRL=X,Moedas,0.0833333333333333,-0.019930608048696286,-0.001660884004058023
2021-01-31,EXPANSAO_INFLACIONARIA,JPYBRL=X,Moedas,0.0833333333333333,0.03629856706847967,0.0030248805890399715
2021-02-28,EXPANSAO_INFLACIONARIA,JPYBRL=X,Moedas,0.0833333333333333,-0.003126739831877945,-0.0002605616526564953
2021-03-31,EXPANSAO_INFLACIONARIA,JPYBRL=X,Moedas,0.0833333333333333,0.0064654946855386974,0.0005387912237948912
2021-04-30,EXPANSAO_INFLACIONARIA,JPYBRL=X,Moedas,0.0833333333333333,-0.06297794739807816,-0.005248162283173178
2021-05-31,ESTAGFLACAO,JPYBRL=X,Moedas,0.0833333333333333,-0.026790469033876718,-0.0022325390861563923
2021-06-30,ESTAGFLACAO,JPYBRL=X,Moedas,0.0833333333333333,-0.06019244950977032,-0.005016037459147525
2021-07-31,ESTAGFLACAO,JPYBRL=X,Moedas,0.0833333333333333,0.03582739239325061,0.002985616032770883
2021-08-31,ESTAGFLACAO,JPYBRL=X,Moedas,0.0833333333333333,0.015118908504053508,0.0012599090420044585
2021-09-30,ESTAGFLACAO,JPYBRL=X,Moedas,0.0833333333333333,0.026010957414765112,0.0021675797845637584
2021-10-31,EXPANSAO_INFLACIONARIA,JPYBRL=X,Moedas,0.0833333333333333,0.027688165478686466,0.002307347123223871
2021-11-30,EXPANSAO_INFLACIONARIA,JPYBRL=X,Moedas,0.0833333333333333,-0.009758732758193167,-0.0008132277298494303
2021-12-31,EXPANSAO_INFLACIONARIA,JPYBRL=X,Moedas,0.0833333333333333,0.007965159975758196,0.0006637633313131828
2022-01-31,EXPANSAO_INFLACIONARIA,JPYBRL=X,Moedas,0.0833333333333333,-0.061544941881610415,-0.005128745156800866
2022-02-28,EXPANSAO_DESINFLACIONARIA,JPYBRL=X,Moedas,0.0833333333333333,-0.04788093859420772,-0.0039900782161839754
2022-03-31,EXPANSAO_DESINFLACIONARIA,JPYBRL=X,Moedas,0.0833333333333333,-0.11869416823631118,-0.00989118068635926
2022-04-30,EXPANSAO_DESINFLACIONARIA,JPYBRL=X,Moedas,0.0833333333333333,-0.033663510235748983,-0.0028052925196457475
2022-05-31,EXPANSAO_DESINFLACIONARIA,JPYBRL=X,Moedas,0.0833333333333333,-0.014835236736721491,-0.0012362697280601238
2022-06-30,EXPANSAO_INFLACIONARIA,JPYBRL=X,Moedas,0.0833333333333333,0.020221529949477457,0.0016851274957897875
2022-07-31,EXPANSAO_INFLACIONARIA,JPYBRL=X,Moedas,0.0833333333333333,0.016209824378186966,0.0013508186981822465
2022-08-31,EXPANSAO_INFLACIONARIA,JPYBRL=X,Moedas,0.0833333333333333,-0.0422253998225417,-0.00351878331854514
2022-09-30,EXPANSAO_DESINFLACIONARIA,JPYBRL=X,Moedas,0.0833333333333333,0.011725882712320335,0.000977156892693361
2022-10-31,EXPANSAO_DESINFLACIONARIA,JPYBRL=X,Moedas,0.0833333333333333,-0.039694881186077446,-0.0033079067655064527
2022-11-30,EXPANSAO_DESINFLACIONARIA,JPYBRL=X,Moedas,0.0833333333333333,0.05833816772040157,0.004861513976700128
2022-12-31,EXPANSAO_DESINFLACIONARIA,JPYBRL=X,Moedas,0.0833333333333333,0.034764307930915006,0.002897025660909583
2023-01-31,EXPANSAO_DESINFLACIONARIA,JPYBRL=X,Moedas,0.0833333333333333,-0.0023415568793230257,-0.0001951297399435854
2023-02-28,EXPANSAO_DESINFLACIONARIA,JPYBRL=X,Moedas,0.0833333333333333,-0.026531977879389657,-0.0022109981566158037
2023-03-31,EXPANSAO_DESINFLACIONARIA,JPYBRL=X,Moedas,0.0833333333333333,0.0028565961401787465,0.0002380496783482288
2023-04-30,EXPANSAO_DESINFLACIONARIA,JPYBRL=X,Moedas,0.0833333333333333,-0.028144354384932457,-0.0023453628654110372
2023-05-31,EXPANSAO_DESINFLACIONARIA,JPYBRL=X,Moedas,0.0833333333333333,-0.03178276519903889,-0.002648563766586573
2023-06-30,EXPANSAO_DESINFLACIONARIA,JPYBRL=X,Moedas,0.0833333333333333,-0.06867919382765486,-0.005723266152304569
2023-07-31,EXPANSAO_DESINFLACIONARIA,JPYBRL=X,Moedas,0.0833333333333333,8.942474119444377e-05,7.452061766203644e-06
2023-08-31,EXPANSAO_DESINFLACIONARIA,JPYBRL=X,Moedas,0.0833333333333333,-0.0023554925429762896,-0.00019629104524802407
2023-09-30,EXPANSAO_DESINFLACIONARIA,JPYBRL=X,Moedas,0.0833333333333333,0.007172901165964474,0.0005977417638303726
2023-10-31,EXPANSAO_DESINFLACIONARIA,JPYBRL=X,Moedas,0.0833333333333333,0.004154430142983445,0.00034620251191528695
2023-11-30,EXPANSAO_DESINFLACIONARIA,JPYBRL=X,Moedas,0.0833333333333333,-0.014332553868860565,-0.0011943794890717132
2023-12-31,EXPANSAO_DESINFLACIONARIA,JPYBRL=X,Moedas,0.0833333333333333,0.022965810961560473,0.0019138175801300388
2024-01-31,EXPANSAO_DESINFLACIONARIA,JPYBRL=X,Moedas,0.0833333333333333,-0.01573858682229845,-0.0013115489018582036
2024-02-29,EXPANSAO_DESINFLACIONARIA,JPYBRL=X,Moedas,0.0833333333333333,-0.018163993083424312,-0.0015136660902853587
2024-03-31,EXPANSAO_DESINFLACIONARIA,JPYBRL=X,Moedas,0.0833333333333333,0.0003640216460683021,3.0335137172358497e-05
2024-04-30,EXPANSAO_DESINFLACIONARIA,JPYBRL=X,Moedas,0.0833333333333333,-0.007518569416321008,-0.0006265474513600837
2024-05-31,EXPANSAO_DESINFLACIONARIA,JPYBRL=X,Moedas,0.0833333333333333,0.013165453086404488,0.001097121090533707
2024-06-30,EXPANSAO_DESINFLACIONARIA,JPYBRL=X,Moedas,0.0833333333333333,0.03180783395951203,0.002650652829959335
2024-07-31,EXPANSAO_DESINFLACIONARIA,JPYBRL=X,Moedas,0.0833333333333333,0.07486186230544711,0.006238488525453924
2024-08-31,EXPANSAO_INFLACIONARIA,JPYBRL=X,Moedas,0.0833333333333333,0.055729270786938345,0.004644105898911527
2024-09-30,EXPANSAO_INFLACIONARIA,JPYBRL=X,Moedas,0.0833333333333333,-0.02070296376170866,-0.0017252469801423875
2024-10-31,EXPANSAO_INFLACIONARIA,JPYBRL=X,Moedas,0.0833333333333333,-0.01156954800771659,-0.0009641290006430489
2024-11-30,EXPANSAO_INFLACIONARIA,JPYBRL=X,Moedas,0.0833333333333333,0.05897694295879097,0.004914745246565912
2024-12-31,EXPANSAO_INFLACIONARIA,JPYBRL=X,Moedas,0.0833333333333333,-0.013967030695370308,-0.0011639192246141919
2025-01-31,EXPANSAO_INFLACIONARIA,JPYBRL=X,Moedas,0.0833333333333333,-0.029145089952393954,-0.0024287574960328287
2025-02-28,EXPANSAO_INFLACIONARIA,JPYBRL=X,Moedas,0.0833333333333333,0.021858953942984094,0.0018215794952486737
2025-03-31,EXPANSAO_INFLACIONARIA,JPYBRL=X,Moedas,0.0833333333333333,-0.011170705084450061,-0.0009308920903708381
2025-04-30,EXPANSAO_INFLACIONARIA,JPYBRL=X,Moedas,0.0833333333333333,0.025554410946351247,0.00212953424552927
2025-05-31,EXPANSAO_INFLACIONARIA,JPYBRL=X,Moedas,0.0833333333333333,-0.002582893134633779,-0.00021524109455281485
2025-06-30,EXPANSAO_INFLACIONARIA,JPYBRL=X,Moedas,0.0833333333333333,-0.03754950281543856,-0.003129125234619879
2025-07-31,EXPANSAO_INFLACIONARIA,JPYBRL=X,Moedas,0.0833333333333333,-0.014825002063655002,-0.0012354168386379163
2025-08-31,EXPANSAO_INFLACIONARIA,JPYBRL=X,Moedas,0.0833333333333333,-0.013414715769436092,-0.0011178929807863405
2025-09-30,RECESSAO_DESINFLACIONARIA,JPYBRL=X,Moedas,0.0833333333333333,-0.027492795558042293,-0.0022910662965035236
2025-10-31,RECESSAO_DESINFLACIONARIA,JPYBRL=X,Moedas,0.0833333333333333,-0.02383279161912022,-0.0019860659682600177
2025-11-30,RECESSAO_DESINFLACIONARIA,JPYBRL=X,Moedas,0.0833333333333333,-0.020069216976560278,-0.0016724347480466892
2025-12-31,EXPANSAO_DESINFLACIONARIA,JPYBRL=X,Moedas,0.0833333333333333,0.041164692024767024,0.0034303910020639173
2026-01-31,EXPANSAO_DESINFLACIONARIA,JPYBRL=X,Moedas,0.0833333333333333,-0.05063327740039569,-0.004219439783366306
2026-02-28,EXPANSAO_DESINFLACIONARIA,JPYBRL=X,Moedas,0.0833333333333333,-0.02724241445334652,-0.0022702012044455424
2026-03-31,EXPANSAO_DESINFLACIONARIA,JPYBRL=X,Moedas,0.0833333333333333,-0.0008192518765495205,-6.827098971246001e-05
2026-04-30,EXPANSAO_DESINFLACIONARIA,JPYBRL=X,Moedas,0.0833333333333333,-0.04870785108522002,-0.004058987590435
2026-05-31,EXPANSAO_DESINFLACIONARIA,JPYBRL=X,Moedas,0.0833333333333333,0.01248121420174142,0.0010401011834784513
2020-01-31,EXPANSAO_DESINFLACIONARIA,USDBRL=X,Moedas,0.0833333333333333,0.05624571994654537,0.004687143328878779
2020-02-29,EXPANSAO_INFLACIONARIA,USDBRL=X,Moedas,0.0833333333333333,0.05718730139746464,0.004765608449788719
2020-03-31,EXPANSAO_INFLACIONARIA,USDBRL=X,Moedas,0.0833333333333333,0.15784428939959216,0.013153690783299341
2020-04-30,EXPANSAO_INFLACIONARIA,USDBRL=X,Moedas,0.0833333333333333,0.02736531280736698,0.0022804427339472477
2020-05-31,RECESSAO_DESINFLACIONARIA,USDBRL=X,Moedas,0.0833333333333333,0.012896538273630798,0.001074711522802566
2020-06-30,RECESSAO_DESINFLACIONARIA,USDBRL=X,Moedas,0.0833333333333333,-0.0002776167073367253,-2.3134725611393764e-05
2020-07-31,RECESSAO_DESINFLACIONARIA,USDBRL=X,Moedas,0.0833333333333333,-0.045945083535431364,-0.0038287569612859454
2020-08-31,RECESSAO_DESINFLACIONARIA,USDBRL=X,Moedas,0.0833333333333333,0.04580991352001096,0.003817492793334245
2020-09-30,RECESSAO_DESINFLACIONARIA,USDBRL=X,Moedas,0.0833333333333333,0.04461966219934843,0.0037183051832790346
2020-10-31,EXPANSAO_INFLACIONARIA,USDBRL=X,Moedas,0.0833333333333333,0.026161130906518837,0.0021800942422099024
2020-11-30,EXPANSAO_INFLACIONARIA,USDBRL=X,Moedas,0.0833333333333333,-0.07534007184165925,-0.006278339320138268
2020-12-31,EXPANSAO_INFLACIONARIA,USDBRL=X,Moedas,0.0833333333333333,-0.025063202676534835,-0.002088600223044569
2021-01-31,EXPANSAO_INFLACIONARIA,USDBRL=X,Moedas,0.0833333333333333,0.04404046936317285,0.003670039113597736
2021-02-28,EXPANSAO_INFLACIONARIA,USDBRL=X,Moedas,0.0833333333333333,0.01655683957528331,0.0013797366312736088
2021-03-31,EXPANSAO_INFLACIONARIA,USDBRL=X,Moedas,0.0833333333333333,0.044061778423717834,0.0036718148686431516
2021-04-30,EXPANSAO_INFLACIONARIA,USDBRL=X,Moedas,0.0833333333333333,-0.07540365841749419,-0.006283638201457847
2021-05-31,ESTAGFLACAO,USDBRL=X,Moedas,0.0833333333333333,-0.01840188962047229,-0.0015334908017060236
2021-06-30,ESTAGFLACAO,USDBRL=X,Moedas,0.0833333333333333,-0.05404530526334095,-0.004503775438611744
2021-07-31,ESTAGFLACAO,USDBRL=X,Moedas,0.0833333333333333,0.02528706364507194,0.002107255303755994
2021-08-31,ESTAGFLACAO,USDBRL=X,Moedas,0.0833333333333333,0.0201755692569745,0.0016812974380812078
2021-09-30,ESTAGFLACAO,USDBRL=X,Moedas,0.0833333333333333,0.04464682226474248,0.003720568522061872
2021-10-31,EXPANSAO_INFLACIONARIA,USDBRL=X,Moedas,0.0833333333333333,0.042590894799557466,0.003549241233296454
2021-11-30,EXPANSAO_INFLACIONARIA,USDBRL=X,Moedas,0.0833333333333333,-0.007830066919728207,-0.000652505576644017
2021-12-31,EXPANSAO_INFLACIONARIA,USDBRL=X,Moedas,0.0833333333333333,0.018212051762038328,0.00151767098016986
2022-01-31,EXPANSAO_INFLACIONARIA,USDBRL=X,Moedas,0.0833333333333333,-0.05963846601706391,-0.004969872168088657
2022-02-28,EXPANSAO_DESINFLACIONARIA,USDBRL=X,Moedas,0.0833333333333333,-0.04482897181062295,-0.0037357476508852448
2022-03-31,EXPANSAO_DESINFLACIONARIA,USDBRL=X,Moedas,0.0833333333333333,-0.06881807836729548,-0.005734839863941288
2022-04-30,EXPANSAO_DESINFLACIONARIA,USDBRL=X,Moedas,0.0833333333333333,0.03524328122185216,0.0029369401018210124
2022-05-31,EXPANSAO_DESINFLACIONARIA,USDBRL=X,Moedas,0.0833333333333333,-0.03754708812873586,-0.0031289240107279875
2022-06-30,EXPANSAO_INFLACIONARIA,USDBRL=X,Moedas,0.0833333333333333,0.09016500769326874,0.007513750641105725
2022-07-31,EXPANSAO_INFLACIONARIA,USDBRL=X,Moedas,0.0833333333333333,0.0003474416102522415,2.8953467521020116e-05
2022-08-31,EXPANSAO_INFLACIONARIA,USDBRL=X,Moedas,0.0833333333333333,-0.011731351165847892,-0.0009776125971539906
2022-09-30,EXPANSAO_DESINFLACIONARIA,USDBRL=X,Moedas,0.0833333333333333,0.05355436342906139,0.004462863619088447
2022-10-31,EXPANSAO_DESINFLACIONARIA,USDBRL=X,Moedas,0.0833333333333333,-0.019958553112704447,-0.0016632127593920365
2022-11-30,EXPANSAO_DESINFLACIONARIA,USDBRL=X,Moedas,0.0833333333333333,-0.003838500925271382,-0.00031987507710594837
2022-12-31,EXPANSAO_DESINFLACIONARIA,USDBRL=X,Moedas,0.0833333333333333,-0.000265744261335521,-2.2145355111293407e-05
2023-01-31,EXPANSAO_DESINFLACIONARIA,USDBRL=X,Moedas,0.0833333333333333,-0.028841007199454705,-0.0024034172666212244
2023-02-28,EXPANSAO_DESINFLACIONARIA,USDBRL=X,Moedas,0.0833333333333333,0.01657896824594096,0.0013815806871617462
2023-03-31,EXPANSAO_DESINFLACIONARIA,USDBRL=X,Moedas,0.0833333333333333,-0.020578086545620655,-0.0017148405454683873
2023-04-30,EXPANSAO_DESINFLACIONARIA,USDBRL=X,Moedas,0.0833333333333333,-0.022875861667318143,-0.0019063218056098446
2023-05-31,EXPANSAO_DESINFLACIONARIA,USDBRL=X,Moedas,0.0833333333333333,0.011776043499292621,0.0009813369582743847
2023-06-30,EXPANSAO_DESINFLACIONARIA,USDBRL=X,Moedas,0.0833333333333333,-0.0355923116212431,-0.0029660259684369237
2023-07-31,EXPANSAO_DESINFLACIONARIA,USDBRL=X,Moedas,0.0833333333333333,-0.027246870277329083,-0.002270572523110756
2023-08-31,EXPANSAO_DESINFLACIONARIA,USDBRL=X,Moedas,0.0833333333333333,0.034954395941315886,0.0029128663284429895
2023-09-30,EXPANSAO_DESINFLACIONARIA,USDBRL=X,Moedas,0.0833333333333333,0.029539341601085845,0.002461611800090486
2023-10-31,EXPANSAO_DESINFLACIONARIA,USDBRL=X,Moedas,0.0833333333333333,0.0026426524984921596,0.00022022104154101321
2023-11-30,EXPANSAO_DESINFLACIONARIA,USDBRL=X,Moedas,0.0833333333333333,-0.028140582714437867,-0.002345048559536488
2023-12-31,EXPANSAO_DESINFLACIONARIA,USDBRL=X,Moedas,0.0833333333333333,-0.0159050732242233,-0.0013254227686852744
2024-01-31,EXPANSAO_DESINFLACIONARIA,USDBRL=X,Moedas,0.0833333333333333,0.02573513755716461,0.0021445947964303835
2024-02-29,EXPANSAO_DESINFLACIONARIA,USDBRL=X,Moedas,0.0833333333333333,0.0034340789008791006,0.0002861732417399249
2024-03-31,EXPANSAO_DESINFLACIONARIA,USDBRL=X,Moedas,0.0833333333333333,0.004630330483778922,0.00038586087364824334
2024-04-30,EXPANSAO_DESINFLACIONARIA,USDBRL=X,Moedas,0.0833333333333333,0.02538923911113722,0.0021157699259281007
2024-05-31,EXPANSAO_DESINFLACIONARIA,USDBRL=X,Moedas,0.0833333333333333,0.016630778854821227,0.0013858982379017684
2024-06-30,EXPANSAO_DESINFLACIONARIA,USDBRL=X,Moedas,0.0833333333333333,0.057361529677457,0.004780127473121415
2024-07-31,EXPANSAO_DESINFLACIONARIA,USDBRL=X,Moedas,0.0833333333333333,0.020107261266096188,0.001675605105508015
2024-08-31,EXPANSAO_INFLACIONARIA,USDBRL=X,Moedas,0.0833333333333333,0.0029583601377720647,0.0002465300114810053
2024-09-30,EXPANSAO_INFLACIONARIA,USDBRL=X,Moedas,0.0833333333333333,-0.034561183893567105,-0.0028800986577972574
2024-10-31,EXPANSAO_INFLACIONARIA,USDBRL=X,Moedas,0.0833333333333333,0.06057206418046479,0.00504767201503873
2024-11-30,EXPANSAO_INFLACIONARIA,USDBRL=X,Moedas,0.0833333333333333,0.04366308384375017,0.0036385903203125128
2024-12-31,EXPANSAO_INFLACIONARIA,USDBRL=X,Moedas,0.0833333333333333,0.02989741090711484,0.0024914509089262356
2025-01-31,EXPANSAO_INFLACIONARIA,USDBRL=X,Moedas,0.0833333333333333,-0.05153624607652585,-0.004294687173043819
2025-02-28,EXPANSAO_INFLACIONARIA,USDBRL=X,Moedas,0.0833333333333333,-0.006042994974154281,-0.0005035829145128565
2025-03-31,EXPANSAO_INFLACIONARIA,USDBRL=X,Moedas,0.0833333333333333,-0.013855144569686506,-0.0011545953808072085
2025-04-30,EXPANSAO_INFLACIONARIA,USDBRL=X,Moedas,0.0833333333333333,-0.023983631138829065,-0.0019986359282357547
2025-05-31,EXPANSAO_INFLACIONARIA,USDBRL=X,Moedas,0.0833333333333333,0.008024948935151155,0.0006687457445959293
2025-06-30,EXPANSAO_INFLACIONARIA,USDBRL=X,Moedas,0.0833333333333333,-0.03295614623398724,-0.0027463455194989355
2025-07-31,EXPANSAO_INFLACIONARIA,USDBRL=X,Moedas,0.0833333333333333,0.017705834030665724,0.001475486169222143
2025-08-31,EXPANSAO_INFLACIONARIA,USDBRL=X,Moedas,0.0833333333333333,-0.029127914132020316,-0.002427326177668359
2025-09-30,RECESSAO_DESINFLACIONARIA,USDBRL=X,Moedas,0.0833333333333333,-0.01686680378340699,-0.001405566981950582
2025-10-31,RECESSAO_DESINFLACIONARIA,USDBRL=X,Moedas,0.0833333333333333,0.011330941665784522,0.0009442451388153764
2025-11-30,RECESSAO_DESINFLACIONARIA,USDBRL=X,Moedas,0.0833333333333333,-0.004942379075442593,-0.00041186492295354927
2025-12-31,EXPANSAO_DESINFLACIONARIA,USDBRL=X,Moedas,0.0833333333333333,0.03990361396865594,0.00332530116405466
2026-01-31,EXPANSAO_DESINFLACIONARIA,USDBRL=X,Moedas,0.0833333333333333,-0.06821568749839968,-0.005684640624866638
2026-02-28,EXPANSAO_DESINFLACIONARIA,USDBRL=X,Moedas,0.0833333333333333,-0.010136419426308496,-0.0008447016188590411
2026-03-31,EXPANSAO_DESINFLACIONARIA,USDBRL=X,Moedas,0.0833333333333333,0.024802383090374747,0.002066865257531228
2026-04-30,EXPANSAO_DESINFLACIONARIA,USDBRL=X,Moedas,0.0833333333333333,-0.0468275110404468,-0.0039022925867038985
2026-05-31,EXPANSAO_DESINFLACIONARIA,USDBRL=X,Moedas,0.0833333333333333,0.006816181767381968,0.0005680151472818305
2020-01-31,EXPANSAO_DESINFLACIONARIA,B5MB11.SA,Renda Fixa,0.0833333333333333,0.025336476003539055,0.0021113730002949205
2020-02-29,EXPANSAO_INFLACIONARIA,B5MB11.SA,Renda Fixa,0.0833333333333333,-0.02944011068808161,-0.002453342557340133
2020-03-31,EXPANSAO_INFLACIONARIA,B5MB11.SA,Renda Fixa,0.0833333333333333,-0.1452014486364589,-0.012100120719704904
2020-04-30,EXPANSAO_INFLACIONARIA,B5MB11.SA,Renda Fixa,0.0833333333333333,0.06108202660160034,0.005090168883466693
2020-05-31,RECESSAO_DESINFLACIONARIA,B5MB11.SA,Renda Fixa,0.0833333333333333,0.014254419904153881,0.0011878683253461564
2020-06-30,RECESSAO_DESINFLACIONARIA,B5MB11.SA,Renda Fixa,0.0833333333333333,0.027027027027027417,0.002252252252252284
2020-07-31,RECESSAO_DESINFLACIONARIA,B5MB11.SA,Renda Fixa,0.0833333333333333,0.07273688065378314,0.006061406721148593
2020-08-31,RECESSAO_DESINFLACIONARIA,B5MB11.SA,Renda Fixa,0.0833333333333333,-0.030517127844122416,-0.0025430939870102003
2020-09-30,RECESSAO_DESINFLACIONARIA,B5MB11.SA,Renda Fixa,0.0833333333333333,-0.029352241258126854,-0.0024460201048439037
2020-10-31,EXPANSAO_INFLACIONARIA,B5MB11.SA,Renda Fixa,0.0833333333333333,-0.0034411035016052027,-0.00028675862513376677
2020-11-30,EXPANSAO_INFLACIONARIA,B5MB11.SA,Renda Fixa,0.0833333333333333,0.028042275962473218,0.0023368563302061007
2020-12-31,EXPANSAO_INFLACIONARIA,B5MB11.SA,Renda Fixa,0.0833333333333333,0.07124681933842303,0.005937234944868583
2021-01-31,EXPANSAO_INFLACIONARIA,B5MB11.SA,Renda Fixa,0.0833333333333333,-0.013776693094937675,-0.0011480577579114726
2021-02-28,EXPANSAO_INFLACIONARIA,B5MB11.SA,Renda Fixa,0.0833333333333333,-0.018304445761253674,-0.0015253704801044723
2021-03-31,EXPANSAO_INFLACIONARIA,B5MB11.SA,Renda Fixa,0.0833333333333333,-0.018645745804001246,-0.0015538121503334366
2021-04-30,EXPANSAO_INFLACIONARIA,B5MB11.SA,Renda Fixa,0.0833333333333333,0.006999969482422541,0.0005833307902018782
2021-05-31,ESTAGFLACAO,B5MB11.SA,Renda Fixa,0.0833333333333333,0.010526367627728739,0.0008771973023107279
2021-06-30,ESTAGFLACAO,B5MB11.SA,Renda Fixa,0.0833333333333333,0.006289302046118994,0.0005241085038432493
2021-07-31,ESTAGFLACAO,B5MB11.SA,Renda Fixa,0.0833333333333333,-0.003906264842953533,-0.0003255220702461276
2021-08-31,ESTAGFLACAO,B5MB11.SA,Renda Fixa,0.0833333333333333,-0.023235321044921542,-0.001936276753743461
2021-09-30,ESTAGFLACAO,B5MB11.SA,Renda Fixa,0.0833333333333333,-0.0066244710519872685,-0.0005520392543322722
2021-10-31,EXPANSAO_INFLACIONARIA,B5MB11.SA,Renda Fixa,0.0833333333333333,-0.050924531205047585,-0.004243710933753963
2021-11-30,EXPANSAO_INFLACIONARIA,B5MB11.SA,Renda Fixa,0.0833333333333333,0.0522729268259603,0.00435607723549669
2021-12-31,EXPANSAO_INFLACIONARIA,B5MB11.SA,Renda Fixa,0.0833333333333333,-0.0036421792219248905,-0.0003035149351604074
2022-01-31,EXPANSAO_INFLACIONARIA,B5MB11.SA,Renda Fixa,0.0833333333333333,-0.01604388482124708,-0.0013369904017705894
2022-02-28,EXPANSAO_DESINFLACIONARIA,B5MB11.SA,Renda Fixa,0.0833333333333333,0.005159958639077145,0.00042999655325642855
2022-03-31,EXPANSAO_DESINFLACIONARIA,B5MB11.SA,Renda Fixa,0.0833333333333333,-0.001745361050124239,-0.00014544675417701986
2022-04-30,EXPANSAO_DESINFLACIONARIA,B5MB11.SA,Renda Fixa,0.0833333333333333,0.0,0.0
2022-05-31,EXPANSAO_DESINFLACIONARIA,B5MB11.SA,Renda Fixa,0.0833333333333333,0.0,0.0
2022-06-30,EXPANSAO_INFLACIONARIA,B5MB11.SA,Renda Fixa,0.0833333333333333,0.0,0.0
2022-07-31,EXPANSAO_INFLACIONARIA,B5MB11.SA,Renda Fixa,0.0833333333333333,0.0,0.0
2022-08-31,EXPANSAO_INFLACIONARIA,B5MB11.SA,Renda Fixa,0.0833333333333333,0.0,0.0
2022-09-30,EXPANSAO_DESINFLACIONARIA,B5MB11.SA,Renda Fixa,0.0833333333333333,0.0,0.0
2022-10-31,EXPANSAO_DESINFLACIONARIA,B5MB11.SA,Renda Fixa,0.0833333333333333,0.0,0.0
2022-11-30,EXPANSAO_DESINFLACIONARIA,B5MB11.SA,Renda Fixa,0.0833333333333333,0.0,0.0
2022-12-31,EXPANSAO_DESINFLACIONARIA,B5MB11.SA,Renda Fixa,0.0833333333333333,0.0,0.0
2023-01-31,EXPANSAO_DESINFLACIONARIA,B5MB11.SA,Renda Fixa,0.0833333333333333,0.0,0.0
2023-02-28,EXPANSAO_DESINFLACIONARIA,B5MB11.SA,Renda Fixa,0.0833333333333333,0.0,0.0
2023-03-31,EXPANSAO_DESINFLACIONARIA,B5MB11.SA,Renda Fixa,0.0833333333333333,0.0,0.0
2023-04-30,EXPANSAO_DESINFLACIONARIA,B5MB11.SA,Renda Fixa,0.0833333333333333,0.0,0.0
2023-05-31,EXPANSAO_DESINFLACIONARIA,B5MB11.SA,Renda Fixa,0.0833333333333333,0.0,0.0
2023-06-30,EXPANSAO_DESINFLACIONARIA,B5MB11.SA,Renda Fixa,0.0833333333333333,0.0,0.0
2023-07-31,EXPANSAO_DESINFLACIONARIA,B5MB11.SA,Renda Fixa,0.0833333333333333,0.0,0.0
2023-08-31,EXPANSAO_DESINFLACIONARIA,B5MB11.SA,Renda Fixa,0.0833333333333333,0.0,0.0
2023-09-30,EXPANSAO_DESINFLACIONARIA,B5MB11.SA,Renda Fixa,0.0833333333333333,0.0,0.0
2023-10-31,EXPANSAO_DESINFLACIONARIA,B5MB11.SA,Renda Fixa,0.0833333333333333,0.0,0.0
2023-11-30,EXPANSAO_DESINFLACIONARIA,B5MB11.SA,Renda Fixa,0.0833333333333333,0.0,0.0
2023-12-31,EXPANSAO_DESINFLACIONARIA,B5MB11.SA,Renda Fixa,0.0833333333333333,0.0,0.0
2024-01-31,EXPANSAO_DESINFLACIONARIA,B5MB11.SA,Renda Fixa,0.0833333333333333,0.0,0.0
2024-02-29,EXPANSAO_DESINFLACIONARIA,B5MB11.SA,Renda Fixa,0.0833333333333333,0.0,0.0
2024-03-31,EXPANSAO_DESINFLACIONARIA,B5MB11.SA,Renda Fixa,0.0833333333333333,0.0,0.0
2024-04-30,EXPANSAO_DESINFLACIONARIA,B5MB11.SA,Renda Fixa,0.0833333333333333,0.0,0.0
2024-05-31,EXPANSAO_DESINFLACIONARIA,B5MB11.SA,Renda Fixa,0.0833333333333333,0.0,0.0
2024-06-30,EXPANSAO_DESINFLACIONARIA,B5MB11.SA,Renda Fixa,0.0833333333333333,0.0,0.0
2024-07-31,EXPANSAO_DESINFLACIONARIA,B5MB11.SA,Renda Fixa,0.0833333333333333,0.0,0.0
2024-08-31,EXPANSAO_INFLACIONARIA,B5MB11.SA,Renda Fixa,0.0833333333333333,0.0,0.0
2024-09-30,EXPANSAO_INFLACIONARIA,B5MB11.SA,Renda Fixa,0.0833333333333333,0.0,0.0
2024-10-31,EXPANSAO_INFLACIONARIA,B5MB11.SA,Renda Fixa,0.0833333333333333,0.0,0.0
2024-11-30,EXPANSAO_INFLACIONARIA,B5MB11.SA,Renda Fixa,0.0833333333333333,0.0,0.0
2024-12-31,EXPANSAO_INFLACIONARIA,B5MB11.SA,Renda Fixa,0.0833333333333333,0.0,0.0
2025-01-31,EXPANSAO_INFLACIONARIA,B5MB11.SA,Renda Fixa,0.0833333333333333,0.0,0.0
2025-02-28,EXPANSAO_INFLACIONARIA,B5MB11.SA,Renda Fixa,0.0833333333333333,0.0,0.0
2025-03-31,EXPANSAO_INFLACIONARIA,B5MB11.SA,Renda Fixa,0.0833333333333333,0.0,0.0
2025-04-30,EXPANSAO_INFLACIONARIA,B5MB11.SA,Renda Fixa,0.0833333333333333,0.0,0.0
2025-05-31,EXPANSAO_INFLACIONARIA,B5MB11.SA,Renda Fixa,0.0833333333333333,0.0,0.0
2025-06-30,EXPANSAO_INFLACIONARIA,B5MB11.SA,Renda Fixa,0.0833333333333333,0.0,0.0
2025-07-31,EXPANSAO_INFLACIONARIA,B5MB11.SA,Renda Fixa,0.0833333333333333,0.0,0.0
2025-08-31,EXPANSAO_INFLACIONARIA,B5MB11.SA,Renda Fixa,0.0833333333333333,0.0,0.0
2025-09-30,RECESSAO_DESINFLACIONARIA,B5MB11.SA,Renda Fixa,0.0833333333333333,0.0,0.0
2025-10-31,RECESSAO_DESINFLACIONARIA,B5MB11.SA,Renda Fixa,0.0833333333333333,0.0,0.0
2025-11-30,RECESSAO_DESINFLACIONARIA,B5MB11.SA,Renda Fixa,0.0833333333333333,0.0,0.0
2025-12-31,EXPANSAO_DESINFLACIONARIA,B5MB11.SA,Renda Fixa,0.0833333333333333,0.0,0.0
2026-01-31,EXPANSAO_DESINFLACIONARIA,B5MB11.SA,Renda Fixa,0.0833333333333333,0.30731251899403755,0.025609376582836452
2026-02-28,EXPANSAO_DESINFLACIONARIA,B5MB11.SA,Renda Fixa,0.0833333333333333,0.020690778618393413,0.0017242315515327838
2026-03-31,EXPANSAO_DESINFLACIONARIA,B5MB11.SA,Renda Fixa,0.0833333333333333,-0.011715771605552261,-0.0009763143004626881
2026-04-30,EXPANSAO_DESINFLACIONARIA,B5MB11.SA,Renda Fixa,0.0833333333333333,0.023163322355542082,0.0019302768629618394
2026-05-31,EXPANSAO_DESINFLACIONARIA,B5MB11.SA,Renda Fixa,0.0833333333333333,-0.0014482997017326582,-0.00012069164181105481
2020-01-31,EXPANSAO_DESINFLACIONARIA,IB5M11.SA,Renda Fixa,0.0833333333333333,-0.003219160728599846,-0.00026826339404998706
2020-02-29,EXPANSAO_INFLACIONARIA,IB5M11.SA,Renda Fixa,0.0833333333333333,0.007813314060746368,0.0006511095050621971
2020-03-31,EXPANSAO_INFLACIONARIA,IB5M11.SA,Renda Fixa,0.0833333333333333,-0.12301014873534089,-0.01025084572794507
2020-04-30,EXPANSAO_INFLACIONARIA,IB5M11.SA,Renda Fixa,0.0833333333333333,0.053630401321997034,0.004469200110166418
2020-05-31,RECESSAO_DESINFLACIONARIA,IB5M11.SA,Renda Fixa,0.0833333333333333,-0.0071596307642725066,-0.0005966358970227087
2020-06-30,RECESSAO_DESINFLACIONARIA,IB5M11.SA,Renda Fixa,0.0833333333333333,0.025126798387984595,0.002093899865665382
2020-07-31,RECESSAO_DESINFLACIONARIA,IB5M11.SA,Renda Fixa,0.0833333333333333,0.08078696639838001,0.006732247199864998
2020-08-31,RECESSAO_DESINFLACIONARIA,IB5M11.SA,Renda Fixa,0.0833333333333333,-0.02837385196352271,-0.002364487663626892
2020-09-30,RECESSAO_DESINFLACIONARIA,IB5M11.SA,Renda Fixa,0.0833333333333333,-0.037052552664901484,-0.0030877127220751226
2020-10-31,EXPANSAO_INFLACIONARIA,IB5M11.SA,Renda Fixa,0.0833333333333333,0.02445652173913082,0.002038043478260901
2020-11-30,EXPANSAO_INFLACIONARIA,IB5M11.SA,Renda Fixa,0.0833333333333333,-0.002652519893898808,-0.00022104332449156725
2020-12-31,EXPANSAO_INFLACIONARIA,IB5M11.SA,Renda Fixa,0.0833333333333333,0.05095745654816364,0.004246454712346968
2021-01-31,EXPANSAO_INFLACIONARIA,IB5M11.SA,Renda Fixa,0.0833333333333333,-0.0049599945260498934,-0.0004133328771708243
2021-02-28,EXPANSAO_INFLACIONARIA,IB5M11.SA,Renda Fixa,0.0833333333333333,-0.019125176240559094,-0.0015937646867132571
2021-03-31,EXPANSAO_INFLACIONARIA,IB5M11.SA,Renda Fixa,0.0833333333333333,-0.013067771528352368,-0.0010889809606960301
2021-04-30,EXPANSAO_INFLACIONARIA,IB5M11.SA,Renda Fixa,0.0833333333333333,0.01019329081525533,0.0008494409012712771
2021-05-31,ESTAGFLACAO,IB5M11.SA,Renda Fixa,0.0833333333333333,0.01955690145144251,0.0016297417876202085
2021-06-30,ESTAGFLACAO,IB5M11.SA,Renda Fixa,0.0833333333333333,0.002958891023430832,0.0002465742519525692
2021-07-31,ESTAGFLACAO,IB5M11.SA,Renda Fixa,0.0833333333333333,-0.004374367159981185,-0.00036453059666509863
2021-08-31,ESTAGFLACAO,IB5M11.SA,Renda Fixa,0.0833333333333333,-0.0242158238486897,-0.0020179853207241407
2021-09-30,ESTAGFLACAO,IB5M11.SA,Renda Fixa,0.0833333333333333,-0.00712042204372465,-0.0005933685036437206
2021-10-31,EXPANSAO_INFLACIONARIA,IB5M11.SA,Renda Fixa,0.0833333333333333,-0.03944313305005975,-0.0032869277541716447
2021-11-30,EXPANSAO_INFLACIONARIA,IB5M11.SA,Renda Fixa,0.0833333333333333,0.042380330838284186,0.003531694236523681
2021-12-31,EXPANSAO_INFLACIONARIA,IB5M11.SA,Renda Fixa,0.0833333333333333,-0.04149991931839114,-0.003458326609865927
2022-01-31,EXPANSAO_INFLACIONARIA,IB5M11.SA,Renda Fixa,0.0833333333333333,0.012637379405262994,0.0010531149504385824
2022-02-28,EXPANSAO_DESINFLACIONARIA,IB5M11.SA,Renda Fixa,0.0833333333333333,-0.03407487072874971,-0.002839572560729141
2022-03-31,EXPANSAO_DESINFLACIONARIA,IB5M11.SA,Renda Fixa,0.0833333333333333,0.07235136116675123,0.006029280097229267
2022-04-30,EXPANSAO_DESINFLACIONARIA,IB5M11.SA,Renda Fixa,0.0833333333333333,2.220446049250313e-16,1.8503717077085935e-17
2022-05-31,EXPANSAO_DESINFLACIONARIA,IB5M11.SA,Renda Fixa,0.0833333333333333,0.006914653569526363,0.0005762211307938634
2022-06-30,EXPANSAO_INFLACIONARIA,IB5M11.SA,Renda Fixa,0.0833333333333333,-0.016751644991437997,-0.0013959704159531659
2022-07-31,EXPANSAO_INFLACIONARIA,IB5M11.SA,Renda Fixa,0.0833333333333333,-0.009523825670675556,-0.0007936521392229627
2022-08-31,EXPANSAO_INFLACIONARIA,IB5M11.SA,Renda Fixa,0.0833333333333333,0.02467954300904185,0.0020566285840868197
2022-09-30,EXPANSAO_DESINFLACIONARIA,IB5M11.SA,Renda Fixa,0.0833333333333333,0.017099356970376123,0.0014249464141980097
2022-10-31,EXPANSAO_DESINFLACIONARIA,IB5M11.SA,Renda Fixa,0.0833333333333333,0.002255187949014692,0.0001879323290845576
2022-11-30,EXPANSAO_DESINFLACIONARIA,IB5M11.SA,Renda Fixa,0.0833333333333333,-0.02536561125794834,-0.0021138009381623606
2022-12-31,EXPANSAO_DESINFLACIONARIA,IB5M11.SA,Renda Fixa,0.0833333333333333,-0.0038829126144096504,-0.0003235760512008041
2023-01-31,EXPANSAO_DESINFLACIONARIA,IB5M11.SA,Renda Fixa,0.0833333333333333,0.002212379777956963,0.00018436498149641353
2023-02-28,EXPANSAO_DESINFLACIONARIA,IB5M11.SA,Renda Fixa,0.0833333333333333,0.011563188639492239,0.0009635990532910196
2023-03-31,EXPANSAO_DESINFLACIONARIA,IB5M11.SA,Renda Fixa,0.0833333333333333,0.034500671090177626,0.0028750559241814675
2023-04-30,EXPANSAO_DESINFLACIONARIA,IB5M11.SA,Renda Fixa,0.0833333333333333,0.03304865078127994,0.0027540542317733277
2023-05-31,EXPANSAO_DESINFLACIONARIA,IB5M11.SA,Renda Fixa,0.0833333333333333,0.039089891244773245,0.0032574909370644356
2023-06-30,EXPANSAO_DESINFLACIONARIA,IB5M11.SA,Renda Fixa,0.0833333333333333,0.028822775720219518,0.002401897976684959
2023-07-31,EXPANSAO_DESINFLACIONARIA,IB5M11.SA,Renda Fixa,0.0833333333333333,0.0160086817150471,0.001334056809587258
2023-08-31,EXPANSAO_DESINFLACIONARIA,IB5M11.SA,Renda Fixa,0.0833333333333333,-0.009847793233429769,-0.0008206494361191471
2023-09-30,EXPANSAO_DESINFLACIONARIA,IB5M11.SA,Renda Fixa,0.0833333333333333,-0.02179019951142913,-0.0018158499592857602
2023-10-31,EXPANSAO_DESINFLACIONARIA,IB5M11.SA,Renda Fixa,0.0833333333333333,-0.011368918838870035,-0.0009474099032391692
2023-11-30,EXPANSAO_DESINFLACIONARIA,IB5M11.SA,Renda Fixa,0.0833333333333333,0.0333769607833001,0.0027814133986083407
2023-12-31,EXPANSAO_DESINFLACIONARIA,IB5M11.SA,Renda Fixa,0.0833333333333333,0.04098433754932329,0.0034153614624436064
2024-01-31,EXPANSAO_DESINFLACIONARIA,IB5M11.SA,Renda Fixa,0.0833333333333333,-0.011993718778893436,-0.000999476564907786
2024-02-29,EXPANSAO_DESINFLACIONARIA,IB5M11.SA,Renda Fixa,0.0833333333333333,0.0014074246330528783,0.00011728538608773982
2024-03-31,EXPANSAO_DESINFLACIONARIA,IB5M11.SA,Renda Fixa,0.0833333333333333,-0.004479923781113171,-0.00037332698175943075
2024-04-30,EXPANSAO_DESINFLACIONARIA,IB5M11.SA,Renda Fixa,0.0833333333333333,-0.027000839482468786,-0.002250069956872398
2024-05-31,EXPANSAO_DESINFLACIONARIA,IB5M11.SA,Renda Fixa,0.0833333333333333,0.010882421457951708,0.0009068684548293086
2024-06-30,EXPANSAO_DESINFLACIONARIA,IB5M11.SA,Renda Fixa,0.0833333333333333,-0.01767292723719116,-0.001472743936432596
2024-07-31,EXPANSAO_DESINFLACIONARIA,IB5M11.SA,Renda Fixa,0.0833333333333333,0.022739706518442482,0.0018949755432035394
2024-08-31,EXPANSAO_INFLACIONARIA,IB5M11.SA,Renda Fixa,0.0833333333333333,0.011608206773424001,0.0009673505644519997
2024-09-30,EXPANSAO_INFLACIONARIA,IB5M11.SA,Renda Fixa,0.0833333333333333,-0.014476117719084636,-0.0012063431432570526
2024-10-31,EXPANSAO_INFLACIONARIA,IB5M11.SA,Renda Fixa,0.0833333333333333,-0.019435720011542257,-0.0016196433342951875
2024-11-30,EXPANSAO_INFLACIONARIA,IB5M11.SA,Renda Fixa,0.0833333333333333,-0.004019021080696739,-0.0003349184233913948
2024-12-31,EXPANSAO_INFLACIONARIA,IB5M11.SA,Renda Fixa,0.0833333333333333,-0.038609675799012866,-0.0032174729832510707
2025-01-31,EXPANSAO_INFLACIONARIA,IB5M11.SA,Renda Fixa,0.0833333333333333,0.004388048043861614,0.00036567067032180106
2025-02-28,EXPANSAO_INFLACIONARIA,IB5M11.SA,Renda Fixa,0.0833333333333333,0.0011397354500770618,9.497795417308845e-05
2025-03-31,EXPANSAO_INFLACIONARIA,IB5M11.SA,Renda Fixa,0.0833333333333333,0.025234758944146396,0.0021028965786788656
2025-04-30,EXPANSAO_INFLACIONARIA,IB5M11.SA,Renda Fixa,0.0833333333333333,0.02711205990052523,0.0022593383250437684
2025-05-31,EXPANSAO_INFLACIONARIA,IB5M11.SA,Renda Fixa,0.0833333333333333,0.024684665439365316,0.002057055453280442
2025-06-30,EXPANSAO_INFLACIONARIA,IB5M11.SA,Renda Fixa,0.0833333333333333,0.014594722114358527,0.0012162268428632102
2025-07-31,EXPANSAO_INFLACIONARIA,IB5M11.SA,Renda Fixa,0.0833333333333333,-0.015684620139128302,-0.0013070516782606914
2025-08-31,EXPANSAO_INFLACIONARIA,IB5M11.SA,Renda Fixa,0.0833333333333333,0.008099355823581567,0.000674946318631797
2025-09-30,RECESSAO_DESINFLACIONARIA,IB5M11.SA,Renda Fixa,0.0833333333333333,0.006724274113193207,0.0005603561760994337
2025-10-31,RECESSAO_DESINFLACIONARIA,IB5M11.SA,Renda Fixa,0.0833333333333333,0.0019084075558011282,0.0001590339629834273
2025-11-30,RECESSAO_DESINFLACIONARIA,IB5M11.SA,Renda Fixa,0.0833333333333333,0.03437230494115351,0.0028643587450961246
2025-12-31,EXPANSAO_DESINFLACIONARIA,IB5M11.SA,Renda Fixa,0.0833333333333333,-0.003431854506738219,-0.0002859878755615181
2026-01-31,EXPANSAO_DESINFLACIONARIA,IB5M11.SA,Renda Fixa,0.0833333333333333,0.00848313587217664,0.000706927989348053
2026-02-28,EXPANSAO_DESINFLACIONARIA,IB5M11.SA,Renda Fixa,0.0833333333333333,0.024818883688745963,0.002068240307395496
2026-03-31,EXPANSAO_DESINFLACIONARIA,IB5M11.SA,Renda Fixa,0.0833333333333333,-0.009508376833177734,-0.0007923647360981442
2026-04-30,EXPANSAO_DESINFLACIONARIA,IB5M11.SA,Renda Fixa,0.0833333333333333,0.022645242848929215,0.0018871035707441004
2026-05-31,EXPANSAO_DESINFLACIONARIA,IB5M11.SA,Renda Fixa,0.0833333333333333,-0.004894099914462879,-0.0004078416595385731
2020-01-31,EXPANSAO_DESINFLACIONARIA,IMAB11.SA,Renda Fixa,0.0833333333333333,0.0028660919043843602,0.00023884099203202994
2020-02-29,EXPANSAO_INFLACIONARIA,IMAB11.SA,Renda Fixa,0.0833333333333333,4.440892098500626e-16,3.700743415417187e-17
2020-03-31,EXPANSAO_INFLACIONARIA,IMAB11.SA,Renda Fixa,0.0833333333333333,-0.07508451749334433,-0.006257043124445358
2020-04-30,EXPANSAO_INFLACIONARIA,IMAB11.SA,Renda Fixa,0.0833333333333333,-0.007865134587025091,-0.0006554278822520907
2020-05-31,RECESSAO_DESINFLACIONARIA,IMAB11.SA,Renda Fixa,0.0833333333333333,0.03892978516082768,0.0032441487634023054
2020-06-30,RECESSAO_DESINFLACIONARIA,IMAB11.SA,Renda Fixa,0.0833333333333333,0.027933002708908417,0.002327750225742367
2020-07-31,RECESSAO_DESINFLACIONARIA,IMAB11.SA,Renda Fixa,0.0833333333333333,0.05037109357617919,0.004197591131348264
2020-08-31,RECESSAO_DESINFLACIONARIA,IMAB11.SA,Renda Fixa,0.0833333333333333,-0.010600660784149896,-0.0008833883986791576
2020-09-30,RECESSAO_DESINFLACIONARIA,IMAB11.SA,Renda Fixa,0.0833333333333333,-0.024617350352201917,-0.002051445862683492
2020-10-31,EXPANSAO_INFLACIONARIA,IMAB11.SA,Renda Fixa,0.0833333333333333,0.012553930549863868,0.0010461608791553219
2020-11-30,EXPANSAO_INFLACIONARIA,IMAB11.SA,Renda Fixa,0.0833333333333333,0.0021955077912345633,0.0001829589826028802
2020-12-31,EXPANSAO_INFLACIONARIA,IMAB11.SA,Renda Fixa,0.0833333333333333,0.046391733826150805,0.003865977818845899
2021-01-31,EXPANSAO_INFLACIONARIA,IMAB11.SA,Renda Fixa,0.0833333333333333,2.220446049250313e-16,1.8503717077085935e-17
2021-02-28,EXPANSAO_INFLACIONARIA,IMAB11.SA,Renda Fixa,0.0833333333333333,-0.01699504070545188,-0.0014162533921209895
2021-03-31,EXPANSAO_INFLACIONARIA,IMAB11.SA,Renda Fixa,0.0833333333333333,-0.004760677209606046,-0.00039672310080050366
2021-04-30,EXPANSAO_INFLACIONARIA,IMAB11.SA,Renda Fixa,0.0833333333333333,0.018756266590859827,0.001563022215904985
2021-05-31,ESTAGFLACAO,IMAB11.SA,Renda Fixa,0.0833333333333333,0.0028420036583010067,0.00023683363819175046
2021-06-30,ESTAGFLACAO,IMAB11.SA,Renda Fixa,0.0833333333333333,-0.012444579727169058,-0.001037048310597421
2021-07-31,ESTAGFLACAO,IMAB11.SA,Renda Fixa,0.0833333333333333,0.006363095776932948,0.0005302579814110787
2021-08-31,ESTAGFLACAO,IMAB11.SA,Renda Fixa,0.0833333333333333,-0.011281969015540572,-0.0009401640846283806
2021-09-30,ESTAGFLACAO,IMAB11.SA,Renda Fixa,0.0833333333333333,0.004890274478350332,0.0004075228731958608
2021-10-31,EXPANSAO_INFLACIONARIA,IMAB11.SA,Renda Fixa,0.0833333333333333,-0.030945791694869773,-0.00257881597457248
2021-11-30,EXPANSAO_INFLACIONARIA,IMAB11.SA,Renda Fixa,0.0833333333333333,0.026783338959266656,0.0022319449132722205
2021-12-31,EXPANSAO_INFLACIONARIA,IMAB11.SA,Renda Fixa,0.0833333333333333,-0.011788247268549101,-0.000982353939045758
2022-01-31,EXPANSAO_INFLACIONARIA,IMAB11.SA,Renda Fixa,0.0833333333333333,0.010406087094764205,0.0008671739245636834
2022-02-28,EXPANSAO_DESINFLACIONARIA,IMAB11.SA,Renda Fixa,0.0833333333333333,0.0021351188530651655,0.00017792657108876373
2022-03-31,EXPANSAO_DESINFLACIONARIA,IMAB11.SA,Renda Fixa,0.0833333333333333,-0.0036345521017644433,-0.00030287934181370347
2022-04-30,EXPANSAO_DESINFLACIONARIA,IMAB11.SA,Renda Fixa,0.0833333333333333,0.0,0.0
2022-05-31,EXPANSAO_DESINFLACIONARIA,IMAB11.SA,Renda Fixa,0.0833333333333333,0.0,0.0
2022-06-30,EXPANSAO_INFLACIONARIA,IMAB11.SA,Renda Fixa,0.0833333333333333,0.0,0.0
2022-07-31,EXPANSAO_INFLACIONARIA,IMAB11.SA,Renda Fixa,0.0833333333333333,0.0,0.0
2022-08-31,EXPANSAO_INFLACIONARIA,IMAB11.SA,Renda Fixa,0.0833333333333333,0.0,0.0
2022-09-30,EXPANSAO_DESINFLACIONARIA,IMAB11.SA,Renda Fixa,0.0833333333333333,0.0,0.0
2022-10-31,EXPANSAO_DESINFLACIONARIA,IMAB11.SA,Renda Fixa,0.0833333333333333,0.0,0.0
2022-11-30,EXPANSAO_DESINFLACIONARIA,IMAB11.SA,Renda Fixa,0.0833333333333333,0.0,0.0
2022-12-31,EXPANSAO_DESINFLACIONARIA,IMAB11.SA,Renda Fixa,0.0833333333333333,0.0,0.0
2023-01-31,EXPANSAO_DESINFLACIONARIA,IMAB11.SA,Renda Fixa,0.0833333333333333,0.0,0.0
2023-02-28,EXPANSAO_DESINFLACIONARIA,IMAB11.SA,Renda Fixa,0.0833333333333333,0.0,0.0
2023-03-31,EXPANSAO_DESINFLACIONARIA,IMAB11.SA,Renda Fixa,0.0833333333333333,0.0,0.0
2023-04-30,EXPANSAO_DESINFLACIONARIA,IMAB11.SA,Renda Fixa,0.0833333333333333,0.0,0.0
2023-05-31,EXPANSAO_DESINFLACIONARIA,IMAB11.SA,Renda Fixa,0.0833333333333333,0.0,0.0
2023-06-30,EXPANSAO_DESINFLACIONARIA,IMAB11.SA,Renda Fixa,0.0833333333333333,0.0,0.0
2023-07-31,EXPANSAO_DESINFLACIONARIA,IMAB11.SA,Renda Fixa,0.0833333333333333,0.0,0.0
2023-08-31,EXPANSAO_DESINFLACIONARIA,IMAB11.SA,Renda Fixa,0.0833333333333333,0.0,0.0
2023-09-30,EXPANSAO_DESINFLACIONARIA,IMAB11.SA,Renda Fixa,0.0833333333333333,0.0,0.0
2023-10-31,EXPANSAO_DESINFLACIONARIA,IMAB11.SA,Renda Fixa,0.0833333333333333,0.0,0.0
2023-11-30,EXPANSAO_DESINFLACIONARIA,IMAB11.SA,Renda Fixa,0.0833333333333333,0.0,0.0
2023-12-31,EXPANSAO_DESINFLACIONARIA,IMAB11.SA,Renda Fixa,0.0833333333333333,0.0,0.0
2024-01-31,EXPANSAO_DESINFLACIONARIA,IMAB11.SA,Renda Fixa,0.0833333333333333,0.0,0.0
2024-02-29,EXPANSAO_DESINFLACIONARIA,IMAB11.SA,Renda Fixa,0.0833333333333333,0.0,0.0
2024-03-31,EXPANSAO_DESINFLACIONARIA,IMAB11.SA,Renda Fixa,0.0833333333333333,0.0,0.0
2024-04-30,EXPANSAO_DESINFLACIONARIA,IMAB11.SA,Renda Fixa,0.0833333333333333,0.0,0.0
2024-05-31,EXPANSAO_DESINFLACIONARIA,IMAB11.SA,Renda Fixa,0.0833333333333333,0.0,0.0
2024-06-30,EXPANSAO_DESINFLACIONARIA,IMAB11.SA,Renda Fixa,0.0833333333333333,0.0,0.0
2024-07-31,EXPANSAO_DESINFLACIONARIA,IMAB11.SA,Renda Fixa,0.0833333333333333,0.0,0.0
2024-08-31,EXPANSAO_INFLACIONARIA,IMAB11.SA,Renda Fixa,0.0833333333333333,0.0,0.0
2024-09-30,EXPANSAO_INFLACIONARIA,IMAB11.SA,Renda Fixa,0.0833333333333333,0.0,0.0
2024-10-31,EXPANSAO_INFLACIONARIA,IMAB11.SA,Renda Fixa,0.0833333333333333,0.0,0.0
2024-11-30,EXPANSAO_INFLACIONARIA,IMAB11.SA,Renda Fixa,0.0833333333333333,0.0,0.0
2024-12-31,EXPANSAO_INFLACIONARIA,IMAB11.SA,Renda Fixa,0.0833333333333333,0.0,0.0
2025-01-31,EXPANSAO_INFLACIONARIA,IMAB11.SA,Renda Fixa,0.0833333333333333,0.0,0.0
2025-02-28,EXPANSAO_INFLACIONARIA,IMAB11.SA,Renda Fixa,0.0833333333333333,0.0,0.0
2025-03-31,EXPANSAO_INFLACIONARIA,IMAB11.SA,Renda Fixa,0.0833333333333333,0.0,0.0
2025-04-30,EXPANSAO_INFLACIONARIA,IMAB11.SA,Renda Fixa,0.0833333333333333,0.0,0.0
2025-05-31,EXPANSAO_INFLACIONARIA,IMAB11.SA,Renda Fixa,0.0833333333333333,0.0,0.0
2025-06-30,EXPANSAO_INFLACIONARIA,IMAB11.SA,Renda Fixa,0.0833333333333333,0.0,0.0
2025-07-31,EXPANSAO_INFLACIONARIA,IMAB11.SA,Renda Fixa,0.0833333333333333,0.0,0.0
2025-08-31,EXPANSAO_INFLACIONARIA,IMAB11.SA,Renda Fixa,0.0833333333333333,0.0,0.0
2025-09-30,RECESSAO_DESINFLACIONARIA,IMAB11.SA,Renda Fixa,0.0833333333333333,0.0,0.0
2025-10-31,RECESSAO_DESINFLACIONARIA,IMAB11.SA,Renda Fixa,0.0833333333333333,0.0,0.0
2025-11-30,RECESSAO_DESINFLACIONARIA,IMAB11.SA,Renda Fixa,0.0833333333333333,0.0,0.0
2025-12-31,EXPANSAO_DESINFLACIONARIA,IMAB11.SA,Renda Fixa,0.0833333333333333,0.0,0.0
2026-01-31,EXPANSAO_DESINFLACIONARIA,IMAB11.SA,Renda Fixa,0.0833333333333333,0.37962264534812373,0.031635220445676966
2026-02-28,EXPANSAO_DESINFLACIONARIA,IMAB11.SA,Renda Fixa,0.0833333333333333,0.017323135672796752,0.0014435946393997288
2026-03-31,EXPANSAO_DESINFLACIONARIA,IMAB11.SA,Renda Fixa,0.0833333333333333,-0.0002688544434893414,-2.240453695744511e-05
2026-04-30,EXPANSAO_DESINFLACIONARIA,IMAB11.SA,Renda Fixa,0.0833333333333333,0.020708180146996824,0.0017256816789164014
2026-05-31,EXPANSAO_DESINFLACIONARIA,IMAB11.SA,Renda Fixa,0.0833333333333333,0.00026347074596988485,2.1955895497490396e-05
2020-01-31,EXPANSAO_DESINFLACIONARIA,BOVV11.SA,Renda Variável,0.0833333333333333,-0.04076839734649873,-0.0033973664455415596
2020-02-29,EXPANSAO_INFLACIONARIA,BOVV11.SA,Renda Variável,0.0833333333333333,-0.08412763660302691,-0.007010636383585574
2020-03-31,EXPANSAO_INFLACIONARIA,BOVV11.SA,Renda Variável,0.0833333333333333,-0.30105991977516644,-0.025088326647930526
2020-04-30,EXPANSAO_INFLACIONARIA,BOVV11.SA,Renda Variável,0.0833333333333333,0.10368858311089668,0.008640715259241387
2020-05-31,RECESSAO_DESINFLACIONARIA,BOVV11.SA,Renda Variável,0.0833333333333333,0.08565414148442452,0.00713784512370204
2020-06-30,RECESSAO_DESINFLACIONARIA,BOVV11.SA,Renda Variável,0.0833333333333333,0.09029755160888464,0.00752479596740705
2020-07-31,RECESSAO_DESINFLACIONARIA,BOVV11.SA,Renda Variável,0.0833333333333333,0.0824009736393767,0.00686674780328139
2020-08-31,RECESSAO_DESINFLACIONARIA,BOVV11.SA,Renda Variável,0.0833333333333333,-0.03516567785263558,-0.002930473154386297
2020-09-30,RECESSAO_DESINFLACIONARIA,BOVV11.SA,Renda Variável,0.0833333333333333,-0.04816266201767805,-0.004013555168139836
2020-10-31,EXPANSAO_INFLACIONARIA,BOVV11.SA,Renda Variável,0.0833333333333333,-0.006942941822694504,-0.0005785784852245418
2020-11-30,EXPANSAO_INFLACIONARIA,BOVV11.SA,Renda Variável,0.0833333333333333,0.16112286905316386,0.013426905754430316
2020-12-31,EXPANSAO_INFLACIONARIA,BOVV11.SA,Renda Variável,0.0833333333333333,0.09077636066815775,0.007564696722346476
2021-01-31,EXPANSAO_INFLACIONARIA,BOVV11.SA,Renda Variável,0.0833333333333333,-0.03437605130710408,-0.0028646709422586723
2021-02-28,EXPANSAO_INFLACIONARIA,BOVV11.SA,Renda Variável,0.0833333333333333,-0.04512775419828152,-0.0037606461831901253
2021-03-31,EXPANSAO_INFLACIONARIA,BOVV11.SA,Renda Variável,0.0833333333333333,0.06186502020121831,0.005155418350101524
2021-04-30,EXPANSAO_INFLACIONARIA,BOVV11.SA,Renda Variável,0.0833333333333333,0.01922091275351212,0.0016017427294593427
2021-05-31,ESTAGFLACAO,BOVV11.SA,Renda Variável,0.0833333333333333,0.05825165300354307,0.00485430441696192
2021-06-30,ESTAGFLACAO,BOVV11.SA,Renda Variável,0.0833333333333333,0.009662610486786072,0.0008052175405655057
2021-07-31,ESTAGFLACAO,BOVV11.SA,Renda Variável,0.0833333333333333,-0.039378758552471305,-0.003281563212705941
2021-08-31,ESTAGFLACAO,BOVV11.SA,Renda Variável,0.0833333333333333,-0.026375924805544182,-0.0021979937337953475
2021-09-30,ESTAGFLACAO,BOVV11.SA,Renda Variável,0.0833333333333333,-0.06567140493667811,-0.005472617078056507
2021-10-31,EXPANSAO_INFLACIONARIA,BOVV11.SA,Renda Variável,0.0833333333333333,-0.06463199711863654,-0.005385999759886377
2021-11-30,EXPANSAO_INFLACIONARIA,BOVV11.SA,Renda Variável,0.0833333333333333,-0.014491310470824748,-0.0012076092059020618
2021-12-31,EXPANSAO_INFLACIONARIA,BOVV11.SA,Renda Variável,0.0833333333333333,0.02590316456787156,0.0021585970473226293
2022-01-31,EXPANSAO_INFLACIONARIA,BOVV11.SA,Renda Variável,0.0833333333333333,0.07138115217256802,0.005948429347713999
2022-02-28,EXPANSAO_DESINFLACIONARIA,BOVV11.SA,Renda Variável,0.0833333333333333,0.010720289315394371,0.0008933574429495306
2022-03-31,EXPANSAO_DESINFLACIONARIA,BOVV11.SA,Renda Variável,0.0833333333333333,0.05802940928236766,0.00483578410686397
2022-04-30,EXPANSAO_DESINFLACIONARIA,BOVV11.SA,Renda Variável,0.0833333333333333,-0.1020712510879942,-0.008505937590666179
2022-05-31,EXPANSAO_DESINFLACIONARIA,BOVV11.SA,Renda Variável,0.0833333333333333,0.034139183164816345,0.0028449319304013608
2022-06-30,EXPANSAO_INFLACIONARIA,BOVV11.SA,Renda Variável,0.0833333333333333,-0.11518561251961168,-0.00959880104330097
2022-07-31,EXPANSAO_INFLACIONARIA,BOVV11.SA,Renda Variável,0.0833333333333333,0.04820004908292708,0.004016670756910588
2022-08-31,EXPANSAO_INFLACIONARIA,BOVV11.SA,Renda Variável,0.0833333333333333,0.06531987604490452,0.005443323003742041
2022-09-30,EXPANSAO_DESINFLACIONARIA,BOVV11.SA,Renda Variável,0.0833333333333333,0.0047859742597153865,0.0003988311883096154
2022-10-31,EXPANSAO_DESINFLACIONARIA,BOVV11.SA,Renda Variável,0.0833333333333333,0.054731770926720325,0.004560980910560025
2022-11-30,EXPANSAO_DESINFLACIONARIA,BOVV11.SA,Renda Variável,0.0833333333333333,-0.03067483346454214,-0.0025562361220451773
2022-12-31,EXPANSAO_DESINFLACIONARIA,BOVV11.SA,Renda Variável,0.0833333333333333,-0.023382591527415064,-0.0019485492939512546
2023-01-31,EXPANSAO_DESINFLACIONARIA,BOVV11.SA,Renda Variável,0.0833333333333333,0.03195322322695504,0.0026627686022462523
2023-02-28,EXPANSAO_DESINFLACIONARIA,BOVV11.SA,Renda Variável,0.0833333333333333,-0.07631923143084174,-0.006359935952570142
2023-03-31,EXPANSAO_DESINFLACIONARIA,BOVV11.SA,Renda Variável,0.0833333333333333,-0.02738433884885383,-0.0022820282374044847
2023-04-30,EXPANSAO_DESINFLACIONARIA,BOVV11.SA,Renda Variável,0.0833333333333333,0.026116528557343033,0.002176377379778585
2023-05-31,EXPANSAO_DESINFLACIONARIA,BOVV11.SA,Renda Variável,0.0833333333333333,0.0379410957915256,0.0031617579826271323
2023-06-30,EXPANSAO_DESINFLACIONARIA,BOVV11.SA,Renda Variável,0.0833333333333333,0.0902461422177605,0.007520511851480039
2023-07-31,EXPANSAO_DESINFLACIONARIA,BOVV11.SA,Renda Variável,0.0833333333333333,0.03494983577345323,0.002912486314454435
2023-08-31,EXPANSAO_DESINFLACIONARIA,BOVV11.SA,Renda Variável,0.0833333333333333,-0.04952332617443189,-0.004126943847869323
2023-09-30,EXPANSAO_DESINFLACIONARIA,BOVV11.SA,Renda Variável,0.0833333333333333,0.0076498216252123274,0.0006374851354343604
2023-10-31,EXPANSAO_DESINFLACIONARIA,BOVV11.SA,Renda Variável,0.0833333333333333,-0.02994519578551058,-0.0024954329821258807
2023-11-30,EXPANSAO_DESINFLACIONARIA,BOVV11.SA,Renda Variável,0.0833333333333333,0.1263478154721469,0.010528984622678905
2023-12-31,EXPANSAO_DESINFLACIONARIA,BOVV11.SA,Renda Variável,0.0833333333333333,0.05458200718634498,0.00454850059886208
2024-01-31,EXPANSAO_DESINFLACIONARIA,BOVV11.SA,Renda Variável,0.0833333333333333,-0.04795023981766289,-0.0039958533181385725
2024-02-29,EXPANSAO_DESINFLACIONARIA,BOVV11.SA,Renda Variável,0.0833333333333333,0.010380552195676573,0.0008650460163063808
2024-03-31,EXPANSAO_DESINFLACIONARIA,BOVV11.SA,Renda Variável,0.0833333333333333,-0.00837131579772421,-0.0006976096498103506
2024-04-30,EXPANSAO_DESINFLACIONARIA,BOVV11.SA,Renda Variável,0.0833333333333333,-0.016653861228869804,-0.0013878217690724832
2024-05-31,EXPANSAO_DESINFLACIONARIA,BOVV11.SA,Renda Variável,0.0833333333333333,-0.029969591984306376,-0.002497465998692197
2024-06-30,EXPANSAO_DESINFLACIONARIA,BOVV11.SA,Renda Variável,0.0833333333333333,0.015528202517976597,0.0012940168764980493
2024-07-31,EXPANSAO_DESINFLACIONARIA,BOVV11.SA,Renda Variável,0.0833333333333333,0.03026455417909668,0.002522046181591389
2024-08-31,EXPANSAO_INFLACIONARIA,BOVV11.SA,Renda Variável,0.0833333333333333,0.06659492547846035,0.005549577123205028
2024-09-30,EXPANSAO_INFLACIONARIA,BOVV11.SA,Renda Variável,0.0833333333333333,-0.030281161071758378,-0.002523430089313197
2024-10-31,EXPANSAO_INFLACIONARIA,BOVV11.SA,Renda Variável,0.0833333333333333,-0.016133815382492367,-0.0013444846152076968
2024-11-30,EXPANSAO_INFLACIONARIA,BOVV11.SA,Renda Variável,0.0833333333333333,-0.03196550796499964,-0.002663792330416636
2024-12-31,EXPANSAO_INFLACIONARIA,BOVV11.SA,Renda Variável,0.0833333333333333,-0.04051523961062242,-0.003376269967551867
2025-01-31,EXPANSAO_INFLACIONARIA,BOVV11.SA,Renda Variável,0.0833333333333333,0.04849069463428535,0.004040891219523777
2025-02-28,EXPANSAO_INFLACIONARIA,BOVV11.SA,Renda Variável,0.0833333333333333,-0.02421040766200344,-0.0020175339718336194
2025-03-31,EXPANSAO_INFLACIONARIA,BOVV11.SA,Renda Variável,0.0833333333333333,0.060039785699864456,0.005003315474988702
2025-04-30,EXPANSAO_INFLACIONARIA,BOVV11.SA,Renda Variável,0.0833333333333333,0.03713425982683738,0.003094521652236447
2025-05-31,EXPANSAO_INFLACIONARIA,BOVV11.SA,Renda Variável,0.0833333333333333,0.01518991756611765,0.001265826463843137
2025-06-30,EXPANSAO_INFLACIONARIA,BOVV11.SA,Renda Variável,0.0833333333333333,0.01410755711744538,0.0011756297597871146
2025-07-31,EXPANSAO_INFLACIONARIA,BOVV11.SA,Renda Variável,0.0833333333333333,-0.040890938307771574,-0.0034075781923142965
2025-08-31,EXPANSAO_INFLACIONARIA,BOVV11.SA,Renda Variável,0.0833333333333333,0.06358514602486265,0.005298762168738552
2025-09-30,RECESSAO_DESINFLACIONARIA,BOVV11.SA,Renda Variável,0.0833333333333333,0.034437632866751944,0.002869802738895994
2025-10-31,RECESSAO_DESINFLACIONARIA,BOVV11.SA,Renda Variável,0.0833333333333333,0.022371666260958545,0.0018643055217465448
2025-11-30,RECESSAO_DESINFLACIONARIA,BOVV11.SA,Renda Variável,0.0833333333333333,0.06362750946457352,0.005302292455381124
2025-12-31,EXPANSAO_DESINFLACIONARIA,BOVV11.SA,Renda Variável,0.0833333333333333,0.015062401082279298,0.001255200090189941
2026-01-31,EXPANSAO_DESINFLACIONARIA,BOVV11.SA,Renda Variável,0.0833333333333333,0.12534683877613806,0.0104455698980115
2026-02-28,EXPANSAO_DESINFLACIONARIA,BOVV11.SA,Renda Variável,0.0833333333333333,0.040951969820052225,0.0034126641516710175
2026-03-31,EXPANSAO_DESINFLACIONARIA,BOVV11.SA,Renda Variável,0.0833333333333333,-0.005612751570644781,-0.00046772929755373155
2026-04-30,EXPANSAO_DESINFLACIONARIA,BOVV11.SA,Renda Variável,0.0833333333333333,-0.0005696266894718027,-4.7468890789316876e-05
2026-05-31,EXPANSAO_DESINFLACIONARIA,BOVV11.SA,Renda Variável,0.0833333333333333,-0.07253886010362676,-0.006044905008635561
2020-01-31,EXPANSAO_DESINFLACIONARIA,FIND11.SA,Renda Variável,0.0833333333333333,-0.05544933078393799,-0.004620777565328164
2020-02-29,EXPANSAO_INFLACIONARIA,FIND11.SA,Renda Variável,0.0833333333333333,-0.05384616620144833,-0.004487180516787359
2020-03-31,EXPANSAO_INFLACIONARIA,FIND11.SA,Renda Variável,0.0833333333333333,-0.3311938164621636,-0.02759948470518029
2020-04-30,EXPANSAO_INFLACIONARIA,FIND11.SA,Renda Variável,0.0833333333333333,0.040562995611658215,0.00338024963430485
2020-05-31,RECESSAO_DESINFLACIONARIA,FIND11.SA,Renda Variável,0.0833333333333333,0.039350675851587136,0.00327922298763226
2020-06-30,RECESSAO_DESINFLACIONARIA,FIND11.SA,Renda Variável,0.0833333333333333,0.13109325924190718,0.010924438270158928
2020-07-31,RECESSAO_DESINFLACIONARIA,FIND11.SA,Renda Variável,0.0833333333333333,0.0978033328803054,0.008150277740025448
2020-08-31,RECESSAO_DESINFLACIONARIA,FIND11.SA,Renda Variável,0.0833333333333333,-0.08337303720280465,-0.006947753100233718
2020-09-30,RECESSAO_DESINFLACIONARIA,FIND11.SA,Renda Variável,0.0833333333333333,-0.05977131166743754,-0.004980942638953127
2020-10-31,EXPANSAO_INFLACIONARIA,FIND11.SA,Renda Variável,0.0833333333333333,-0.010171345494590867,-0.0008476121245492385
2020-11-30,EXPANSAO_INFLACIONARIA,FIND11.SA,Renda Variável,0.0833333333333333,0.1792695551278085,0.014939129593984036
2020-12-31,EXPANSAO_INFLACIONARIA,FIND11.SA,Renda Variável,0.0833333333333333,0.12123503694236915,0.010102919745197425
2021-01-31,EXPANSAO_INFLACIONARIA,FIND11.SA,Renda Variável,0.0833333333333333,-0.06065214117048323,-0.0050543450975402675
2021-02-28,EXPANSAO_INFLACIONARIA,FIND11.SA,Renda Variável,0.0833333333333333,-0.07374098177411648,-0.006145081814509704
2021-03-31,EXPANSAO_INFLACIONARIA,FIND11.SA,Renda Variável,0.0833333333333333,0.06300968799776285,0.005250807333146902
2021-04-30,EXPANSAO_INFLACIONARIA,FIND11.SA,Renda Variável,0.0833333333333333,0.011325285572724164,0.0009437737977270133
2021-05-31,ESTAGFLACAO,FIND11.SA,Renda Variável,0.0833333333333333,0.07017065300738912,0.005847554417282424
2021-06-30,ESTAGFLACAO,FIND11.SA,Renda Variável,0.0833333333333333,-0.004219409282700037,-0.00035161744022500297
2021-07-31,ESTAGFLACAO,FIND11.SA,Renda Variável,0.0833333333333333,-0.038135593220338326,-0.003177966101694859
2021-08-31,ESTAGFLACAO,FIND11.SA,Renda Variável,0.0833333333333333,-0.02986783603214438,-0.0024889863360120306
2021-09-30,ESTAGFLACAO,FIND11.SA,Renda Variável,0.0833333333333333,-0.0850059082596315,-0.0070838256883026226
2021-10-31,EXPANSAO_INFLACIONARIA,FIND11.SA,Renda Variável,0.0833333333333333,-0.05359803003353669,-0.004466502502794722
2021-11-30,EXPANSAO_INFLACIONARIA,FIND11.SA,Renda Variável,0.0833333333333333,-0.02894601133087027,-0.0024121676109058548
2021-12-31,EXPANSAO_INFLACIONARIA,FIND11.SA,Renda Variável,0.0833333333333333,-0.038232999526365496,-0.00318608329386379
2022-01-31,EXPANSAO_INFLACIONARIA,FIND11.SA,Renda Variável,0.0833333333333333,0.17237504714288887,0.0143645872619074
2022-02-28,EXPANSAO_DESINFLACIONARIA,FIND11.SA,Renda Variável,0.0833333333333333,-0.01714560238855567,-0.0014288001990463053
2022-03-31,EXPANSAO_DESINFLACIONARIA,FIND11.SA,Renda Variável,0.0833333333333333,0.07728291840957047,0.006440243200797537
2022-04-30,EXPANSAO_DESINFLACIONARIA,FIND11.SA,Renda Variável,0.0833333333333333,-0.11660936568562763,-0.009717447140468965
2022-05-31,EXPANSAO_DESINFLACIONARIA,FIND11.SA,Renda Variável,0.0833333333333333,0.05990781753926333,0.0049923181282719425
2022-06-30,EXPANSAO_INFLACIONARIA,FIND11.SA,Renda Variável,0.0833333333333333,-0.1296618180574416,-0.010805151504786795
2022-07-31,EXPANSAO_INFLACIONARIA,FIND11.SA,Renda Variável,0.0833333333333333,0.03530195648907686,0.00294182970742307
2022-08-31,EXPANSAO_INFLACIONARIA,FIND11.SA,Renda Variável,0.0833333333333333,0.09800556702000818,0.008167130585000678
2022-09-30,EXPANSAO_DESINFLACIONARIA,FIND11.SA,Renda Variável,0.0833333333333333,0.0361327821592583,0.003011065179938191
2022-10-31,EXPANSAO_DESINFLACIONARIA,FIND11.SA,Renda Variável,0.0833333333333333,0.06738927077009205,0.005615772564174335
2022-11-30,EXPANSAO_DESINFLACIONARIA,FIND11.SA,Renda Variável,0.0833333333333333,-0.1368653421633551,-0.011405445180279588
2022-12-31,EXPANSAO_DESINFLACIONARIA,FIND11.SA,Renda Variável,0.0833333333333333,0.017289027533567758,0.0014407522944639792
2023-01-31,EXPANSAO_DESINFLACIONARIA,FIND11.SA,Renda Variável,0.0833333333333333,0.009654053307554422,0.0008045044422962016
2023-02-28,EXPANSAO_DESINFLACIONARIA,FIND11.SA,Renda Variável,0.0833333333333333,-0.05149400488417999,-0.004291167073681664
2023-03-31,EXPANSAO_DESINFLACIONARIA,FIND11.SA,Renda Variável,0.0833333333333333,-0.013756223267976986,-0.0011463519389980816
2023-04-30,EXPANSAO_DESINFLACIONARIA,FIND11.SA,Renda Variável,0.0833333333333333,0.07346679791738442,0.006122233159782033
2023-05-31,EXPANSAO_DESINFLACIONARIA,FIND11.SA,Renda Variável,0.0833333333333333,0.06486809100697788,0.005405674250581488
2023-06-30,EXPANSAO_DESINFLACIONARIA,FIND11.SA,Renda Variável,0.0833333333333333,0.10832709749720904,0.009027258124767417
2023-07-31,EXPANSAO_DESINFLACIONARIA,FIND11.SA,Renda Variável,0.0833333333333333,0.001596793384464057,0.0001330661153720047
2023-08-31,EXPANSAO_DESINFLACIONARIA,FIND11.SA,Renda Variável,0.0833333333333333,-0.058734686877626285,-0.004894557239802188
2023-09-30,EXPANSAO_DESINFLACIONARIA,FIND11.SA,Renda Variável,0.0833333333333333,-0.02085936852308201,-0.0017382807102568336
2023-10-31,EXPANSAO_DESINFLACIONARIA,FIND11.SA,Renda Variável,0.0833333333333333,-0.02749450786374963,-0.0022912089886458014
2023-11-30,EXPANSAO_DESINFLACIONARIA,FIND11.SA,Renda Variável,0.0833333333333333,0.16270358830810006,0.013558632359008333
2023-12-31,EXPANSAO_DESINFLACIONARIA,FIND11.SA,Renda Variável,0.0833333333333333,0.07528185453508573,0.006273487877923809
2024-01-31,EXPANSAO_DESINFLACIONARIA,FIND11.SA,Renda Variável,0.0833333333333333,-0.046424593305578465,-0.003868716108798204
2024-02-29,EXPANSAO_DESINFLACIONARIA,FIND11.SA,Renda Variável,0.0833333333333333,0.0019630938594077385,0.0001635911549506448
2024-03-31,EXPANSAO_DESINFLACIONARIA,FIND11.SA,Renda Variável,0.0833333333333333,0.0031348082340305616,0.0002612340195025467
2024-04-30,EXPANSAO_DESINFLACIONARIA,FIND11.SA,Renda Variável,0.0833333333333333,-0.054296851158141646,-0.004524737596511802
2024-05-31,EXPANSAO_DESINFLACIONARIA,FIND11.SA,Renda Variável,0.0833333333333333,-0.033952916205993056,-0.0028294096838327536
2024-06-30,EXPANSAO_DESINFLACIONARIA,FIND11.SA,Renda Variável,0.0833333333333333,0.005643885915306068,0.0004703238262755055
2024-07-31,EXPANSAO_DESINFLACIONARIA,FIND11.SA,Renda Variável,0.0833333333333333,0.029761905148070422,0.002480158762339201
2024-08-31,EXPANSAO_INFLACIONARIA,FIND11.SA,Renda Variável,0.0833333333333333,0.1315441825424961,0.010962015211874673
2024-09-30,EXPANSAO_INFLACIONARIA,FIND11.SA,Renda Variável,0.0833333333333333,-0.0544405715648677,-0.004536714297072307
2024-10-31,EXPANSAO_INFLACIONARIA,FIND11.SA,Renda Variável,0.0833333333333333,-0.023462285815226247,-0.0019551904846021864
2024-11-30,EXPANSAO_INFLACIONARIA,FIND11.SA,Renda Variável,0.0833333333333333,-0.081403584302006,-0.006783632025167165
2024-12-31,EXPANSAO_INFLACIONARIA,FIND11.SA,Renda Variável,0.0833333333333333,-0.01359375191793244,-0.0011328126598277029
2025-01-31,EXPANSAO_INFLACIONARIA,FIND11.SA,Renda Variável,0.0833333333333333,0.10335803154303824,0.008613169295253183
2025-02-28,EXPANSAO_INFLACIONARIA,FIND11.SA,Renda Variável,0.0833333333333333,-0.030988127817748623,-0.0025823439848123844
2025-03-31,EXPANSAO_INFLACIONARIA,FIND11.SA,Renda Variável,0.0833333333333333,0.08875840039395588,0.007396533366162987
2025-04-30,EXPANSAO_INFLACIONARIA,FIND11.SA,Renda Variável,0.0833333333333333,0.09321134839509027,0.007767612366257519
2025-05-31,EXPANSAO_INFLACIONARIA,FIND11.SA,Renda Variável,0.0833333333333333,0.015353019786645605,0.0012794183155538
2025-06-30,EXPANSAO_INFLACIONARIA,FIND11.SA,Renda Variável,0.0833333333333333,0.01660595871474757,0.0013838298928956303
2025-07-31,EXPANSAO_INFLACIONARIA,FIND11.SA,Renda Variável,0.0833333333333333,-0.0777556855198146,-0.006479640459984547
2025-08-31,EXPANSAO_INFLACIONARIA,FIND11.SA,Renda Variável,0.0833333333333333,0.08049541351933764,0.006707951126611468
2025-09-30,RECESSAO_DESINFLACIONARIA,FIND11.SA,Renda Variável,0.0833333333333333,0.042446823524339816,0.0035372352936949834
2025-10-31,RECESSAO_DESINFLACIONARIA,FIND11.SA,Renda Variável,0.0833333333333333,0.0031321287824612742,0.00026101073187177276
2025-11-30,RECESSAO_DESINFLACIONARIA,FIND11.SA,Renda Variável,0.0833333333333333,0.08519729178602087,0.007099774315501736
2025-12-31,EXPANSAO_DESINFLACIONARIA,FIND11.SA,Renda Variável,0.0833333333333333,-0.015384676036560352,-0.0012820563363800288
2026-01-31,EXPANSAO_DESINFLACIONARIA,FIND11.SA,Renda Variável,0.0833333333333333,0.14134072782825435,0.011778393985687858
2026-02-28,EXPANSAO_DESINFLACIONARIA,FIND11.SA,Renda Variável,0.0833333333333333,0.037673692502480316,0.003139474375206692
2026-03-31,EXPANSAO_DESINFLACIONARIA,FIND11.SA,Renda Variável,0.0833333333333333,-0.05951957441662059,-0.0049599645347183806
2026-04-30,EXPANSAO_DESINFLACIONARIA,FIND11.SA,Renda Variável,0.0833333333333333,0.0006959876910110907,5.79989742509242e-05
2026-05-31,EXPANSAO_DESINFLACIONARIA,FIND11.SA,Renda Variável,0.0833333333333333,-0.07544136599884455,-0.00628678049990371
2020-01-31,EXPANSAO_DESINFLACIONARIA,MATB11.SA,Renda Variável,0.0833333333333333,-0.03000001649598738,-0.002500001374665614
2020-02-29,EXPANSAO_INFLACIONARIA,MATB11.SA,Renda Variável,0.0833333333333333,-0.11618835740344646,-0.009682363116953868
2020-03-31,EXPANSAO_INFLACIONARIA,MATB11.SA,Renda Variável,0.0833333333333333,-0.1976670455908648,-0.016472253799238726
2020-04-30,EXPANSAO_INFLACIONARIA,MATB11.SA,Renda Variável,0.0833333333333333,0.0990176218023806,0.008251468483531714
2020-05-31,RECESSAO_DESINFLACIONARIA,MATB11.SA,Renda Variável,0.0833333333333333,0.12906688233731756,0.010755573528109793
2020-06-30,RECESSAO_DESINFLACIONARIA,MATB11.SA,Renda Variável,0.0833333333333333,0.04211526051042469,0.0035096050425353895
2020-07-31,RECESSAO_DESINFLACIONARIA,MATB11.SA,Renda Variável,0.0833333333333333,0.09693098272559975,0.008077581893799975
2020-08-31,RECESSAO_DESINFLACIONARIA,MATB11.SA,Renda Variável,0.0833333333333333,0.10803328783170763,0.009002773985975631
2020-09-30,RECESSAO_DESINFLACIONARIA,MATB11.SA,Renda Variável,0.0833333333333333,0.006999969482422319,0.0005833307902018597
2020-10-31,EXPANSAO_INFLACIONARIA,MATB11.SA,Renda Variável,0.0833333333333333,0.06007949495982712,0.005006624579985591
2020-11-30,EXPANSAO_INFLACIONARIA,MATB11.SA,Renda Variável,0.0833333333333333,0.1444964416558152,0.012041370137984597
2020-12-31,EXPANSAO_INFLACIONARIA,MATB11.SA,Renda Variável,0.0833333333333333,0.11581747434251133,0.009651456195209273
2021-01-31,EXPANSAO_INFLACIONARIA,MATB11.SA,Renda Variável,0.0833333333333333,-0.0014670459957500936,-0.00012225383297917442
2021-02-28,EXPANSAO_INFLACIONARIA,MATB11.SA,Renda Variável,0.0833333333333333,0.10101009959477403,0.008417508299564499
2021-03-31,EXPANSAO_INFLACIONARIA,MATB11.SA,Renda Variável,0.0833333333333333,0.055879873752929354,0.004656656146077445
2021-04-30,EXPANSAO_INFLACIONARIA,MATB11.SA,Renda Variável,0.0833333333333333,0.12875194011708668,0.010729328343090552
2021-05-31,ESTAGFLACAO,MATB11.SA,Renda Variável,0.0833333333333333,-0.045626237173913675,-0.0038021864311594713
2021-06-30,ESTAGFLACAO,MATB11.SA,Renda Variável,0.0833333333333333,0.0013197878672603913,0.00010998232227169924
2021-07-31,ESTAGFLACAO,MATB11.SA,Renda Variável,0.0833333333333333,-0.017428272739908213,-0.0014523560616590172
2021-08-31,ESTAGFLACAO,MATB11.SA,Renda Variável,0.0833333333333333,-0.04233114462530674,-0.003527595385442227
2021-09-30,ESTAGFLACAO,MATB11.SA,Renda Variável,0.0833333333333333,-0.09789884693427764,-0.008158237244523133
2021-10-31,EXPANSAO_INFLACIONARIA,MATB11.SA,Renda Variável,0.0833333333333333,-0.08902691388748496,-0.0074189094906237435
2021-11-30,EXPANSAO_INFLACIONARIA,MATB11.SA,Renda Variável,0.0833333333333333,0.03617424005702485,0.00301452000475207
2021-12-31,EXPANSAO_INFLACIONARIA,MATB11.SA,Renda Variável,0.0833333333333333,0.11460428738232564,0.009550357281860466
2022-01-31,EXPANSAO_INFLACIONARIA,MATB11.SA,Renda Variável,0.0833333333333333,0.0019678408131444947,0.00016398673442870782
2022-02-28,EXPANSAO_DESINFLACIONARIA,MATB11.SA,Renda Variável,0.0833333333333333,-0.01963988507709058,-0.0016366570897575477
2022-03-31,EXPANSAO_DESINFLACIONARIA,MATB11.SA,Renda Variável,0.0833333333333333,0.06594318610385508,0.005495265508654588
2022-04-30,EXPANSAO_DESINFLACIONARIA,MATB11.SA,Renda Variável,0.0833333333333333,-0.10884881933174984,-0.009070734944312483
2022-05-31,EXPANSAO_DESINFLACIONARIA,MATB11.SA,Renda Variável,0.0833333333333333,0.049209124112010505,0.00410076034266754
2022-06-30,EXPANSAO_INFLACIONARIA,MATB11.SA,Renda Variável,0.0833333333333333,-0.1480737025061405,-0.012339475208845036
2022-07-31,EXPANSAO_INFLACIONARIA,MATB11.SA,Renda Variável,0.0833333333333333,-0.019858476683244364,-0.0016548730569370296
2022-08-31,EXPANSAO_INFLACIONARIA,MATB11.SA,Renda Variável,0.0833333333333333,-0.03711130452855382,-0.0030926087107128173
2022-09-30,EXPANSAO_DESINFLACIONARIA,MATB11.SA,Renda Variável,0.0833333333333333,0.018541653951009263,0.0015451378292507714
2022-10-31,EXPANSAO_DESINFLACIONARIA,MATB11.SA,Renda Variável,0.0833333333333333,0.06054406057324235,0.005045338381103527
2022-11-30,EXPANSAO_DESINFLACIONARIA,MATB11.SA,Renda Variável,0.0833333333333333,0.13307621463716757,0.011089684553097293
2022-12-31,EXPANSAO_DESINFLACIONARIA,MATB11.SA,Renda Variável,0.0833333333333333,-0.02025529577376939,-0.0016879413144807818
2023-01-31,EXPANSAO_DESINFLACIONARIA,MATB11.SA,Renda Variável,0.0833333333333333,0.059763699524601366,0.0049803082937167785
2023-02-28,EXPANSAO_DESINFLACIONARIA,MATB11.SA,Renda Variável,0.0833333333333333,-0.0775409761022342,-0.006461748008519515
2023-03-31,EXPANSAO_DESINFLACIONARIA,MATB11.SA,Renda Variável,0.0833333333333333,-0.06770928278471844,-0.005642440232059867
2023-04-30,EXPANSAO_DESINFLACIONARIA,MATB11.SA,Renda Variável,0.0833333333333333,-0.04022113319052789,-0.003351761099210656
2023-05-31,EXPANSAO_DESINFLACIONARIA,MATB11.SA,Renda Variável,0.0833333333333333,0.016087416044458402,0.0013406180037048663
2023-06-30,EXPANSAO_DESINFLACIONARIA,MATB11.SA,Renda Variável,0.0833333333333333,0.01739639156182493,0.0014496992968187437
2023-07-31,EXPANSAO_DESINFLACIONARIA,MATB11.SA,Renda Variável,0.0833333333333333,0.092987516302244,0.0077489596918536635
2023-08-31,EXPANSAO_DESINFLACIONARIA,MATB11.SA,Renda Variável,0.0833333333333333,-0.0432413273134995,-0.0036034439427916234
2023-09-30,EXPANSAO_DESINFLACIONARIA,MATB11.SA,Renda Variável,0.0833333333333333,0.015616359899970123,0.0013013633249975096
2023-10-31,EXPANSAO_DESINFLACIONARIA,MATB11.SA,Renda Variável,0.0833333333333333,-0.05119388709931205,-0.004266157258276003
2023-11-30,EXPANSAO_DESINFLACIONARIA,MATB11.SA,Renda Variável,0.0833333333333333,0.10314584878394828,0.008595487398662354
2023-12-31,EXPANSAO_DESINFLACIONARIA,MATB11.SA,Renda Variável,0.0833333333333333,0.06982372749585819,0.00581864395798818
2024-01-31,EXPANSAO_DESINFLACIONARIA,MATB11.SA,Renda Variável,0.0833333333333333,-0.09450730443637467,-0.00787560870303122
2024-02-29,EXPANSAO_DESINFLACIONARIA,MATB11.SA,Renda Variável,0.0833333333333333,0.0247992757996216,0.0020666063166351325
2024-03-31,EXPANSAO_DESINFLACIONARIA,MATB11.SA,Renda Variável,0.0833333333333333,0.030640706446885213,0.0025533922039071002
2024-04-30,EXPANSAO_DESINFLACIONARIA,MATB11.SA,Renda Variável,0.0833333333333333,-0.05185810228479071,-0.004321508523732557
2024-05-31,EXPANSAO_DESINFLACIONARIA,MATB11.SA,Renda Variável,0.0833333333333333,-0.037413188114318374,-0.0031177656761931967
2024-06-30,EXPANSAO_DESINFLACIONARIA,MATB11.SA,Renda Variável,0.0833333333333333,0.03368498493325167,0.0028070820777709713
2024-07-31,EXPANSAO_DESINFLACIONARIA,MATB11.SA,Renda Variável,0.0833333333333333,-0.02470899357423173,-0.002059082797852643
2024-08-31,EXPANSAO_INFLACIONARIA,MATB11.SA,Renda Variável,0.0833333333333333,0.008444998607745058,0.0007037498839787545
2024-09-30,EXPANSAO_INFLACIONARIA,MATB11.SA,Renda Variável,0.0833333333333333,0.04314580227048581,0.0035954835225404827
2024-10-31,EXPANSAO_INFLACIONARIA,MATB11.SA,Renda Variável,0.0833333333333333,-0.01308900540987945,-0.001090750450823287
2024-11-30,EXPANSAO_INFLACIONARIA,MATB11.SA,Renda Variável,0.0833333333333333,0.016268823979747937,0.0013557353316456609
2024-12-31,EXPANSAO_INFLACIONARIA,MATB11.SA,Renda Variável,0.0833333333333333,-0.05115716685154903,-0.004263097237629084
2025-01-31,EXPANSAO_INFLACIONARIA,MATB11.SA,Renda Variável,0.0833333333333333,-0.0005501335039135302,-4.584445865946083e-05
2025-02-28,EXPANSAO_INFLACIONARIA,MATB11.SA,Renda Variável,0.0833333333333333,-0.049357772967136615,-0.004113147747261383
2025-03-31,EXPANSAO_INFLACIONARIA,MATB11.SA,Renda Variável,0.0833333333333333,0.01775715391931265,0.001479762826609387
2025-04-30,EXPANSAO_INFLACIONARIA,MATB11.SA,Renda Variável,0.0833333333333333,-0.05120426296944547,-0.004267021914120454
2025-05-31,EXPANSAO_INFLACIONARIA,MATB11.SA,Renda Variável,0.0833333333333333,-0.017189698807416942,-0.001432474900618078
2025-06-30,EXPANSAO_INFLACIONARIA,MATB11.SA,Renda Variável,0.0833333333333333,0.006711446885168337,0.0005592872404306946
2025-07-31,EXPANSAO_INFLACIONARIA,MATB11.SA,Renda Variável,0.0833333333333333,0.015151515151516692,0.0012626262626263905
2025-08-31,EXPANSAO_INFLACIONARIA,MATB11.SA,Renda Variável,0.0833333333333333,0.03343284189404572,0.002786070157837142
2025-09-30,RECESSAO_DESINFLACIONARIA,MATB11.SA,Renda Variável,0.0833333333333333,-0.004621638302644504,-0.0003851365252203752
2025-10-31,RECESSAO_DESINFLACIONARIA,MATB11.SA,Renda Variável,0.0833333333333333,0.08473594862608613,0.0070613290521738415
2025-11-30,RECESSAO_DESINFLACIONARIA,MATB11.SA,Renda Variável,0.0833333333333333,-0.002496868029434496,-0.0002080723357862079
2025-12-31,EXPANSAO_DESINFLACIONARIA,MATB11.SA,Renda Variável,0.0833333333333333,0.08725194066669184,0.00727099505555765
2026-01-31,EXPANSAO_DESINFLACIONARIA,MATB11.SA,Renda Variável,0.0833333333333333,0.10458800611781904,0.008715667176484917
2026-02-28,EXPANSAO_DESINFLACIONARIA,MATB11.SA,Renda Variável,0.0833333333333333,0.012059032455992602,0.0010049193713327165
2026-03-31,EXPANSAO_DESINFLACIONARIA,MATB11.SA,Renda Variável,0.0833333333333333,-0.08458375302670218,-0.007048646085558512
2026-04-30,EXPANSAO_DESINFLACIONARIA,MATB11.SA,Renda Variável,0.0833333333333333,0.0003213957562406833,2.6782979686723597e-05
2026-05-31,EXPANSAO_DESINFLACIONARIA,MATB11.SA,Renda Variável,0.0833333333333333,0.004658649245419699,0.00038822077045164144
