data,B5MB11.SA,BOVV11.SA,EURBRL=X,FIND11.SA,GC=F,IB5M11.SA,IMAB11.SA,JPYBRL=X,MATB11.SA,NG=F,USDBRL=X,ZC=F
2020-01-03,0.0,0.0,0.0,0.0,0.0,0.0,0.0,0.0,0.0,0.0,0.0,0.0
2020-01-06,0.0,-0.007020824077857757,0.0,-0.018873636550491568,0.0,0.0,0.0,0.0,-0.0077894418236119645,0.0,0.0,-0.004527813712807194
2020-01-07,-0.006862964343773759,-0.008035903974177416,0.0,-0.022907112988202805,0.0,-0.019709559085108963,-0.005215044490214149,-0.002104929865448635,-0.00402894743556137,0.0,0.0,-0.005174644243208348
2020-01-08,-0.004873660824622705,-0.011588586807949719,-0.0024651035872461646,-0.032267811501690113,-0.009161486173001832,-0.014522837175506287,0.0,0.0,0.0,-0.009713186411464014,0.0,-0.005821474773609503
2020-01-09,-0.004873660824622705,-0.013957042030464328,-0.006756995025293255,-0.04155244831578497,-0.012787948232496849,-0.014522837175506287,0.0,-0.0105771992385848,-0.003988341490151925,0.0,-0.00083612442141201,-0.008408796895213677
2020-01-10,0.0,-0.017763478704425073,-0.00013202913456911158,-0.05022824316054353,-0.009097880381659595,-0.015560165728807807,0.0,-0.00669706789308977,0.0,0.0,0.0,-0.0019404915912032417
2020-01-13,-0.00029735811715847493,-0.0031297812786458268,-0.006756995025293477,-0.04794517286908195,-0.014887405323284364,-0.015560165728807807,-0.000649981171967573,-0.011666827876790187,0.0,-0.009082643873763119,-0.005278523416419656,0.0
2020-01-14,0.0,0.0,0.0,-0.04619476672283218,-0.0187046847568062,-0.014522837175506398,-0.003639656547330672,0.0,-0.0020471296649509085,-0.006811928768494568,0.0,-0.0012836970474967568
2020-01-15,0.0,-0.010400839968840003,-0.004204244174366822,-0.05471838010643959,-0.012533447404378784,-0.014522837175506398,-0.003639656547330672,-0.002652846250838281,-0.008444263449150058,-0.03723888319189017,-0.0034975495070200813,-0.005134788189987138
2020-01-16,-0.0013859953142029147,-0.008033185865685799,0.0,-0.05197864930679308,-0.014505692912482049,-0.017946092630186983,-0.005329567925164702,0.0,-0.012538425166536915,-0.05676657834784582,0.0,-0.03594351732991019
2020-01-17,-0.0016830590510291676,0.0,0.0,-0.03729067065516367,-0.00827077210596372,-0.01628630363042849,-0.0025997263414638816,-0.0006054368701641222,0.0,-0.09037233902603747,0.0,-0.0006418485237483784
2020-01-21,0.0,-0.013182197438611709,-0.002533827627843932,-0.06392689715877575,-0.0097976994119221,-0.009336115265903944,-0.0028597584795321263,0.0,-0.015557271731565292,-0.13941868090855036,0.0,-0.005134788189987138
2020-01-22,0.0,-0.0007556367677885589,0.0,-0.044901021084767234,-0.010497518442184717,-0.009336115265903944,0.0,0.0,0.0,-0.13487735897166886,0.0,-0.0019255455712452463
2020-01-23,-9.834209491310641e-05,0.0,-0.006086963275863333,-0.023592016656931114,-0.004580781917875476,-0.002282170303120501,0.0,-0.0053507351986015195,0.0,-0.12534056124948667,-0.00702929725032464,0.0
2020-01-24,0.0,-0.008664508257136938,-0.012709764098618792,-0.03592080525534047,-0.0004453958648937828,-0.009336115265903833,-0.0023352400220528757,-0.006707914226441347,-0.029876520604263157,-0.14032693446856104,-0.009926624667913053,-0.01650793650793647
2020-01-27,0.0,-0.04232276833056914,-0.012731226216651792,-0.05631654672917252,0.0,-0.01348550862220499,-0.001037906449847359,-0.006472999157572601,-0.08790126847632163,-0.13623976638009883,-0.01220634778097851,-0.0336507936507936
2020-01-28,0.0,-0.02449389711993699,-0.007094354216110488,-0.04543374329234484,-0.004819950165462217,-0.016390060228687275,-0.0023352400220530978,0.0,-0.08148146264347023,-0.12170749287261584,-0.001139861556532784,-0.018412698412698547
2020-01-29,0.0,-0.03382485711808603,-0.009944932293149633,-0.054033418375345144,-0.0044393707402548,-0.013070561372265477,0.0,-0.004457469546353177,-0.0928394647292149,-0.14759307122230247,-0.004155863215254296,-0.024126984126984108
2020-01-30,0.0,-0.03274181742184301,-0.0022504563766099217,-0.054185657898862094,0.0,-0.01473027122892856,0.0,0.0,-0.09580249550901809,-0.16939142734669876,0.0,-0.03619047619047633
2020-01-31,0.0,-0.047321505981348766,0.0,-0.06012172194397425,-0.00037889206563779254,-0.004253149954560276,-0.004139711283192904,0.0,-0.11382717556423605,-0.1639418518498067,0.0,-0.031746031746031966
2020-02-03,0.0,-0.04098973772374925,0.0,-0.05898015776706045,-0.003978559411509375,-0.0041493933563012675,-0.003881022508588017,0.0,-0.1009876580885899,-0.17393274928358027,0.0,-0.03809523809523829
2020-02-04,0.0,-0.03215863242195871,-0.01093366279712793,-0.05936069851348691,-0.02090304741770599,-2.220446049250313e-16,-0.0019405112542938419,-0.01047859926288186,-0.08617288094979747,-0.14986373219074312,-0.008359403348949912,-0.02920634920634957
2020-02-05,0.0,-0.02824293446742232,-0.010680818956879223,-0.04642306794574169,-0.016229839704373195,-0.008609977364283483,0.0,-0.016173506564824303,-0.08197530110677087,-0.1548592079760437,-0.006748271373413717,-0.03301587301587339
2020-02-06,-0.009093563382178371,-0.03540781507308555,-0.01940257531044709,-0.06012172194397414,-0.011619844909417365,-0.002282170303120723,-0.002713166412567136,-0.024526062418250283,-0.08962965600284534,-0.1544050541276245,-0.011441597913344648,-0.036825396825397205
2020-02-07,-0.004211758746673011,-0.0482379486329384,-0.010217422598091552,-0.06225261077428457,-0.009409551256117754,-0.0012448417498193143,-0.003746781780493702,-0.014756050002187715,-0.11333333710093563,-0.15622156124764597,-0.00042031950294729725,-0.026031746031746517
2020-02-10,0.0,-0.05731898128290791,-0.004592576356177713,-0.07146112782662084,-0.005557340592437621,0.0,0.0,-0.003619403153952705,-0.13629630759910305,-0.19800176637641742,0.0,-0.03047619047619099
2020-02-11,0.0,-0.03382485711808614,-0.006825678687815806,-0.04710802967683636,-0.011304088673231738,0.0,0.0,-0.0036953063358124982,-0.10172836868851276,-0.18801086894264374,0.0,-0.03555555555555612
2020-02-12,0.0,-0.022827608861411997,-0.004339732515928896,-0.03561638427067271,-0.01016733538739334,-0.00964463906844859,0.0,-0.0025816510799565595,-0.0797530751169464,-0.16257944444137673,0.0,-0.027301587301587826
2020-02-13,0.0,-0.03249189007366404,-0.003075714223575887,-0.0561643652680216,-0.005304720185704159,-0.00862942613320894,-0.005386663618953347,0.0,-0.0864197530864198,-0.17075383475512873,0.0,-0.03619047619047677
2020-02-14,0.0,-0.04223943802704366,-0.007183798787334217,-0.06248091199719441,-0.0005052408134671449,-0.0022335149309961055,0.0,-5.05120910150314e-05,-0.09382714165581596,-0.16575835896982827,-0.0017758338545744712,-0.040634920634921134
2020-02-18,0.0,-0.037240700376264035,-0.012850735442066497,-0.07077622415789231,0.0,-0.004670041466727559,0.0,-0.005302546731209445,-0.09358026951919374,-0.10036329059663862,-0.006430101988075254,-0.027301587301587826
2020-02-19,0.0,-0.0254102762091285,-0.010069955471557979,-0.05136980733745711,0.0,-0.004670041466727559,-0.0028143945996729203,0.0,-0.09135804352936938,-0.11217069515043399,0.0,-0.03365079365079415
2020-02-20,0.0,-0.040656480072044254,-0.006614925260385651,-0.06301363420477168,0.0,-0.00934008293345523,-0.004349447944923979,-0.009867981269280235,-0.09432098011911672,-0.1280653760663466,0.0,-0.03873015873015939
2020-02-21,-0.007680864523526565,-0.04782136067770748,-0.002254097310824821,-0.07541854256493974,0.0,0.0,-0.0021747239724621004,-0.010473741700290806,-0.09629633397231918,-0.13487735897166886,0.0,-0.04253968253968321
2020-02-26,-0.02915041613596525,-0.1153878081727514,0.0,-0.1286909955721638,-0.0027970179096582504,-0.009948262467585178,-0.015351119052717688,0.0,-0.18518518518518534,-0.1730244957235696,-0.0012522633832865449,-0.05904761904761979
2020-02-27,-0.039700175943472304,-0.1377988926413306,0.0,-0.13242005102520693,-0.0027970179096582504,-0.02314484549643847,-0.014455638734643284,0.0,-0.18814812177493268,-0.20435964957014818,0.0,-0.07428571428571507
2020-02-28,-0.06949837753571841,-0.12746809612566856,0.0,-0.11073056391331015,-0.04894807320626371,-0.017967761994494902,-0.015223165407268868,0.0,-0.21679014041100053,-0.2352406495683076,0.0,-0.06920634920634983
2020-03-02,-0.043771939981530394,-0.1065567028709612,-0.00040558429814341324,-0.10578382452159474,-0.03180100178414458,-0.002842338577048076,-0.005372881908448313,0.0,-0.1604938271604941,-0.20254308831329904,-0.00969941757350401,-0.04825396825396888
2020-03-03,-0.047103428214781085,-0.11605432347616151,0.0,-0.12595126477251717,-0.0015201264970888806,-0.0013197125164278178,-0.0024305336633260177,0.0,-0.18024689474223599,-0.1825612934457519,-0.002764822030795977,-0.03047619047619121
2020-03-04,-0.03729408541872026,-0.10314085961278296,0.0,-0.1330288929945429,-0.0021281770959244994,0.0,0.0,0.0,-0.14691359908492496,-0.17029968090670977,0.0,-0.017142857142857792
2020-03-05,-0.054414190137563656,-0.1437140729436992,0.0,-0.18363773496387903,0.0,0.0,-0.0048518546335372115,0.0,-0.17160495710961643,-0.1952770056963855,0.0,-0.02349206349206423
2020-03-06,-0.054414190137563656,-0.17920521832031033,0.0,-0.1864535274629181,0.0,-0.0279465580855629,-0.006894802319094229,0.0,-0.2111110922731002,-0.22434149857452335,0.0,-0.041904761904762555
2020-03-09,-0.08837678732303278,-0.2789302346749152,0.0,-0.26331805518943996,0.0,-0.04364120185055309,-0.03153729865076005,0.0,-0.2962962962962966,-0.19255219087952546,-0.0035604916074718496,-0.04952380952381019
2020-03-10,-0.08800661411896982,-0.2285262066494913,0.0,-0.2557077047598365,-0.009196789736675148,-0.05629814770881392,-0.02962205954882724,0.0,-0.24074074074074103,-0.12079923931260539,0.0,-0.034920634920635574
2020-03-11,-0.10762537031441088,-0.2860951152805784,-0.023753761932561623,-0.2770167091876724,-0.019767080075208998,-0.04819767145878051,-0.05515832113964758,-0.03395944892715941,-0.283950617283951,-0.14713891737388318,-0.01710814498135671,-0.03682539682539754
2020-03-12,-0.10762537031441088,-0.3933183334549494,0.0,-0.31621002551260335,-0.05088083079837258,-0.04819767145878051,-0.1164453879228593,0.0,-0.4197530864197534,-0.1639418518498068,0.0,-0.060952380952381535
2020-03-13,-0.10762537031441088,-0.3085061997491575,-0.01175466858888019,-0.3312784868482933,-0.09483430804904436,-0.04819767145878051,-0.0934627135258781,-0.005124660349993038,-0.3506173027886288,-0.1512261395991732,-0.004902493940231456,-0.05841269841269903
2020-03-16,-0.10762537031441088,-0.40831460996968594,-0.00476089243547273,-0.3889649570396553,-0.11263062143083746,-0.04819767145878051,-0.0934627135258781,-0.02373404281996827,-0.4172839411982786,-0.17574925640360184,0.0,-0.09904761904761972
2020-03-17,-0.12400512862512769,-0.37848871754726443,0.0,-0.3644596193663536,-0.0893400869429305,-0.007695444712345512,-0.09971907033995897,0.0,-0.4009876486695845,-0.21480470085234116,0.0,-0.126349206349207
2020-03-18,-0.12400512862512769,-0.43930680882947815,-0.010993311144611884,-0.41400301692053454,-0.11776646830210491,-0.007695444712345512,-0.14453523670751867,-0.008941820367927678,-0.4679012534059126,-0.271571279200187,0.0,-0.14857142857142924
2020-03-19,-0.12400512862512769,-0.4276431088317918,0.0,-0.42922371777974144,-0.1169901608922439,-0.007695444712345512,-0.14453523670751867,0.0,-0.46469135048948707,-0.248864615378952,0.0,-0.12253968253968328
2020-03-20,-0.12400512862512769,-0.43814043882970943,-0.029816067835102267,-0.45053272220757734,-0.11376530307554489,-0.10692593114185756,-0.11899897511669821,-0.02804788158420657,-0.4679012534059126,-0.271571279200187,-0.0019125946487708045,-0.12698412698412764
2020-03-23,-0.2097908447263559,-0.46829958890383594,-0.03260457188514543,-0.49010652121656895,-0.06419826813974316,-0.1889429248530149,-0.170071498298339,-0.0348846728482759,-0.4918518537356532,-0.27247953276019776,-0.011454267014356811,-0.1276190476190483
2020-03-24,-0.18397184622032203,-0.41514623292364405,-0.011207800276455182,-0.4181887328817627,-0.008539891805389721,-0.10783719416275628,-0.14249228902196143,-0.01586052363670576,-0.4612345754364391,-0.24931876922737128,0.0,-0.11809523809523881
2020-03-25,-0.18397184622032203,-0.3752395348961377,-0.016052032300789776,-0.36248097005956015,-0.0252015235424754,-0.10783719416275628,-0.10623084432128815,-0.025924692312359388,-0.41530863444010435,-0.24659395441051135,-0.008479609337947669,-0.11492063492063553
2020-03-26,-0.1652785583366988,-0.35032904982097,-0.020771137504232873,-0.364535739128112,-0.014571528464653705,-0.10783719416275628,-0.08656791120678353,-0.036137404349504965,-0.4039506323543597,-0.2565849059811127,-0.021004688337840638,-0.11428571428571499
2020-03-27,-0.17036828103510138,-0.38598685580463254,-0.008633750641509286,-0.3926940124926984,-0.030217960935167265,-0.09426898528359673,-0.10227275494690513,-0.023525376909007023,-0.3943209707001112,-0.2579473133895429,-0.023163471584614292,-0.12126984126984186
2020-03-30,-0.16518599738485318,-0.375489462244317,0.0,-0.38736679041692246,-0.03135264257987458,-0.09426898528359673,-0.100229807261348,0.0,-0.3866666628990647,-0.23251583475144788,-0.0072098241238045535,-0.13333333333333408
2020-03-31,-0.2046085610761078,-0.39015248110734846,0.0,-0.4052511023140174,-0.05440428521107055,-0.14094780778901217,-0.09090912633203863,0.0,-0.3716049194335941,-0.25522249857268287,0.0,-0.1346031746031754
2020-04-01,-0.18526741713288408,-0.405481951711392,0.0,-0.4353880830477632,-0.057509733549193864,-0.14094780778901217,-0.09984677892358285,0.0,-0.367901225148896,-0.27929151566552013,0.0,-0.14984126984127066
2020-04-02,-0.18526741713288408,-0.39540114610630717,0.0,-0.4257990833113663,-0.02914305692930741,-0.14094780778901217,-0.09984677892358285,0.0,-0.35950615965289867,-0.29518614244460495,0.0,-0.15301587301587372
2020-04-03,-0.18332406076404095,-0.41806215792306545,-0.008268370137118897,-0.44360727544670275,-0.024365511393326544,-0.16008510374655338,-0.09984677892358285,-0.005620982238854433,-0.38024690416124163,-0.26385098859802636,0.0,-0.1600000000000007
2020-04-06,-0.18332406076404095,-0.3794884269399815,0.0,-0.40517498255225903,0.0,-0.13234102280390136,-0.11210417279760365,0.0,-0.3720987578968946,-0.21389644729233037,0.0,-0.16761904761904844
2020-04-07,-0.1778641648615753,-0.36099310398833695,-0.012529001898981096,-0.35974123925991386,-0.007274866530634916,-0.16271769286372761,-0.10623084432128782,-0.016106731831378562,-0.37012345113872036,-0.158946376064506,-0.01181639704734505,-0.15809523809523884
2020-04-08,-0.17915973577413735,-0.3420811295190638,-0.015868908322188457,-0.3549466813293495,-0.006917099335681187,-0.16271769286372761,-0.09512253546056226,-0.023946835958517543,-0.3622222241060238,-0.1902815299110846,-0.023707504678103897,-0.16190476190476266
2020-04-09,-0.1712011883950737,-0.3500791224727906,-0.03739663721965303,-0.363165873728289,0.0,-0.12373431507065746,-0.10240036611742176,-0.04460330394227452,-0.37259259636019515,-0.2129881395954919,-0.0420678534356661,-0.1574603174603182
2020-04-13,-0.1763834720453218,-0.3403315745194109,-0.04135955274712766,-0.35669708747559936,0.0,-0.12373431507065746,-0.09346271352587754,-0.04234878974975498,-0.35555554613655027,-0.2170753618207818,-0.045433217520042035,-0.15809523809523884
2020-04-14,-0.17036828103510127,-0.33474965186874694,-0.04135955274712766,-0.3341704571714571,0.0,-0.12373431507065746,-0.0981869569888979,-0.01874721316365091,-0.3303703496485584,-0.25068117663580114,-0.028045176188150278,-0.1720634920634928
2020-04-15,-0.16157689689938493,-0.33991498656418007,-0.0191050074006055,-0.3508370851298799,-0.016792850697309514,-0.12373431507065746,-0.09422877020140785,-0.021184533984214493,-0.34345678635585486,-0.2742960398802191,-0.03486951546977124,-0.18920634920635004
2020-04-16,-0.16157689689938493,-0.3487461554283684,-0.012165593674452468,-0.37001520072740557,-0.02066370340227841,-0.12373431507065746,-0.08069458273046715,-0.011658613767351778,-0.35777777212637474,-0.23433239600829703,-0.020846927375696378,-0.18793650793650873
2020-04-17,-0.16157689689938493,-0.33874861656441146,-0.017063022858327836,-0.36453573912811243,-0.03842431939214874,-0.12373431507065746,-0.07941778913354769,-0.015436491305221955,-0.3441975440508057,-0.203905495721729,-0.02198746734420909,-0.1815873015873024
2020-04-20,-0.1291874828786952,-0.33891527717146297,-0.02282565077839427,-0.3710806451425608,-0.031365615709831984,-0.12262049765498106,-0.05669053190381479,-0.012694467549592692,-0.35530862690490017,-0.12624881480949768,-0.02165091310508327,-0.2019047619047628
2020-04-22,-0.12530077014100915,-0.32633507095978953,-0.0018516985827493615,-0.36339417495119886,-0.015938976933039584,-0.07341028597791321,-0.06792645193505709,0.0,-0.34469133541907837,-0.11943683190417542,-0.006263385831931201,-0.19365079365079452
2020-04-23,-0.14057000883953563,-0.33349995156545276,0.0,-0.37503800181851354,-0.013320375131871787,-0.07341028597791321,-0.07558731092968174,0.0,-0.33382717179663435,-0.17574925640360173,0.0,-0.18920634920635004
2020-04-24,-0.19859337006588718,-0.3694076213348967,0.0,-0.429984741210229,-0.018899044853805558,-0.07341028597791321,-0.10750763791820717,0.0,-0.3454320931140291,-0.20708441025018043,0.0,-0.19809523809523888
2020-04-27,-0.19119004719125898,-0.3456635698218954,0.0,-0.4117198885667075,-0.025502321399808237,-0.1261644270449207,-0.10648616407542855,0.0,-0.32074073508933776,-0.17393274928358038,0.0,-0.22412698412698484
2020-04-28,-0.1634276923163822,-0.319253520657652,0.0,-0.3671993501660007,-0.026299284144145174,-0.1261644270449207,-0.09218591992895786,0.0,-0.3148148148148152,-0.18528605412578403,0.0,-0.23111111111111182
2020-04-29,-0.14815838301453632,-0.30375738944655695,-0.026907278468284446,-0.3528157924990394,-0.03034093939733795,-0.09487649396419584,-0.09218591992895786,-0.022548662604761738,-0.2906172952534245,-0.1512261395991732,-0.027456393474098006,-0.22666666666666735
2020-04-30,-0.15602444004507332,-0.3269182559596737,-0.05173854236073727,-0.38112630538714276,-0.04127056527304851,-0.09487649396419584,-0.09805924840527358,-0.0502220566097632,-0.3093827330035933,-0.11489550996729381,-0.05622192541630888,-0.20888888888888957
2020-05-04,-0.15787523546207083,-0.3397483895195266,-0.018112609428643567,-0.4001521814611513,-0.028348567280708004,-0.11401378992173705,-0.09346271352587743,-0.027825202806518012,-0.31777779849959054,-0.09491366096291898,-0.031065276314767076,-0.21079365079365153
2020-05-05,-0.15787523546207083,-0.33491624891340044,-0.012816133688073883,-0.38858447435559507,-0.029771690221157887,-0.09953424076981177,-0.08797241338732675,-0.014311179053072554,-0.3096296522352435,-0.03088094586133172,-0.01981388958881891,-0.20507936507936575
2020-05-06,-0.15787523546207083,-0.33824876186805286,-0.012047790817425796,-0.4043378974223796,-0.04127056527304829,-0.09953424076981177,-0.08669561979040719,-0.0052765402017561636,-0.31135803976176735,-0.11716617093573467,-0.013179706607551411,-0.20825396825396902
2020-05-07,-0.16250229460788357,-0.3459968274736004,0.0,-0.4269405894259144,-0.01986674065794114,-0.09953424076981177,-0.09231362851258196,0.0,-0.2676543247552571,-0.13987278062014208,0.0,-0.19746031746031822
2020-05-08,-0.16250229460788357,-0.3272515136113787,0.0,-0.40684926893675055,-0.02664081975216792,-0.09953424076981177,-0.08912159581372947,0.0,-0.24074074074074114,-0.17211624216355903,0.0,-0.18984126984127048
2020-05-11,-0.1634276923163822,-0.33816543156452705,-0.016656082029278818,-0.4139268971587764,-0.03495184382671068,-0.11573511601801234,-0.0907814177484143,-0.06313640318677527,-0.236049369529442,-0.17075383475512906,-0.06034240013874659,-0.19111111111111168
2020-05-12,-0.17453267662832472,-0.348162970428484,-0.0047498749019675435,-0.43835611507031946,-0.029771690221157887,-0.11573511601801234,-0.09576098096557562,-0.013393697147674688,-0.25925925925925974,-0.2188918689408036,-0.0019934209826639737,-0.17777777777777848
2020-05-13,-0.176383472045322,-0.3490794130800733,0.0,-0.43455093985551774,-0.024363823047447997,-0.12575947275909916,-0.09461179853917301,0.0,-0.24172841766734232,-0.266121649566467,0.0,-0.18666666666666742
2020-05-14,-0.17915973577413757,-0.33849868921623194,-0.002382130783366465,-0.42519024134203043,-0.010588020779262353,-0.14084653059162344,-0.09218591992895797,0.0,-0.2493827254683887,-0.23660305697673778,0.0,-0.18666666666666742
2020-05-15,-0.16759208790960567,-0.3526618533829048,-0.016486673571112,-0.4243530981497847,-0.0018784805883388378,-0.13882137290318153,-0.085801854531253,-0.016714467408413758,-0.25950617849091007,-0.2524976837558228,-0.013081023754693888,-0.18920634920634993
2020-05-18,-0.16944288332660307,-0.3201699633092411,-0.008337345648544159,-0.39832571361550884,-0.014174248896141495,-0.1084447028433555,-0.08120531965185662,-0.007539648806678789,-0.25135803222656306,-0.19028152991108482,-0.005300422627535828,-0.18539682539682611
2020-05-19,-0.16065149919088628,-0.324668846263662,-0.022034466877456693,-0.4113394058826467,-0.007115614702249529,-0.10915348872134334,-0.07431051733276228,-0.032357072894462324,-0.24049382150909093,-0.16893727349828014,-0.028438494457043606,-0.18412698412698492
2020-05-20,-0.16065149919088628,-0.3205864877020739,-0.014903842309622828,-0.41240485029780194,-0.003472406077012713,-0.10915348872134334,-0.07431051733276228,-0.03057665995452885,-0.24444443502543944,-0.1957311054079771,-0.022288717824590965,-0.18857142857142928
2020-05-21,-0.15000924903485324,-0.305007089749851,-0.021125540167976853,-0.37831045482573766,-0.020606792382345196,-0.10915348872134334,-0.06779874335143299,-0.039151893737787935,-0.26740740552360687,-0.22343319087768498,-0.0332801768146852,-0.19301587301587375
2020-05-22,-0.15186004445185064,-0.30850619974915694,-0.047626474240936356,-0.37945201900265135,-0.012580392895892412,-0.11067233767470808,-0.06792645193505709,-0.06284290512279289,-0.2703703892083821,-0.2138964472923307,-0.05674097886408691,-0.1923809523809532
2020-05-26,-0.13936699887881987,-0.28384570558456645,-0.0708520438744894,-0.34893449752247907,-0.029543976653000903,-0.1001417494504111,-0.05962714743541908,-0.08166488711101749,-0.2775308585461279,-0.18574020797420376,-0.07525827328315471,-0.18984126984127048
2020-05-27,-0.14491945573313136,-0.2637673611155248,-0.08091330880783099,-0.34627088648459103,-0.026413106184010937,-0.1001417494504111,-0.05962714743541908,-0.09681694165855004,-0.23777775705596604,-0.21798361538079303,-0.09214466220093598,-0.18603174603174666
2020-05-28,-0.14029239658731862,-0.2720986117209565,-0.0901126514631867,-0.34931503826890564,-0.024705358655470855,-0.1001417494504111,-0.05962714743541908,-0.11136947906847383,-0.22839506172839563,-0.17029968090671,-0.1042573332827853,-0.16825396825396888
2020-05-29,-0.14399405802463272,-0.2692660170250607,-0.062232596908154636,-0.35677320723735806,-0.011271091995308291,-0.10135684406347623,-0.06294688871789578,-0.08802364011537134,-0.22024691546404862,-0.1603087834729363,-0.08201956859783122,-0.17269841269841335
2020-06-01,-0.14436423122869613,-0.25743565642032296,-0.07243487513597846,-0.33630134600176764,-0.010758753839061441,-0.10398951043251725,-0.0647344192362046,-0.09979652423543695,-0.2145679144211763,-0.19436869799954715,-0.09370760318051286,-0.17904761904761968
2020-06-02,-0.13659073515000453,-0.23710738460310188,-0.06472442960794944,-0.30974123925991404,-0.017931349049669087,-0.08677601771416243,-0.05847806242212372,-0.09351039280352003,-0.1999999623239782,-0.19300634472794487,-0.08832228565577593,-0.17650793650793717
2020-06-03,-0.12918748287869575,-0.22294428399882693,-0.08904701840578455,-0.2780060338410695,-0.03352872088626069,-0.07928312739659449,-0.05515832113964725,-0.13195373552373946,-0.19308641221788259,-0.17302449572356982,-0.1167267573486741,-0.17714285714285782
2020-06-04,-0.12733661685837905,-0.21519621839327918,-0.10915385521902754,-0.26788431189709494,-0.02151757716654812,-0.08707977205446171,-0.05183857985717044,-0.15638964255296672,-0.1772839581524891,-0.17257034187515052,-0.14011959487636638,-0.16444444444444506
2020-06-05,-0.12548582144138165,-0.20736482248420607,-0.0910372712261065,-0.26560118354326767,-0.04582455868248814,-0.0861685090335631,-0.04928499266333142,-0.1480324088487599,-0.1851851851851859,-0.19073568375950412,-0.1306741464903578,-0.1587301587301594
2020-06-08,-0.12548582144138165,-0.18353744066767919,-0.12347787656845521,-0.2275494313952504,-0.03324409629817082,-0.06956260224767408,-0.042390190344236967,-0.17806403476522625,-0.17382718309944123,-0.1875567150942249,-0.15746472406404222,-0.15238095238095306
2020-06-09,-0.12548582144138165,-0.19003580596993241,-0.14626463853629534,-0.23668182868582832,-0.023908465399559042,-0.0715876826842492,-0.04622066854810303,-0.19199884888378005,-0.17283950617284016,-0.19754766666482626,-0.1808915843558797,-0.16825396825396888
2020-06-10,-0.11808249856675357,-0.20769808013591118,-0.13037347897881857,-0.2578386516525131,-0.024705358655470966,-0.07665046102755346,-0.04239019034423708,-0.17461210740358446,-0.1960493488076298,-0.1916439373195148,-0.16784458336533115,-0.17142857142857204
2020-06-12,-0.11854523272266249,-0.22352746899871112,-0.12018681907560869,-0.27815827336458643,-0.015597371836591378,-0.07968815893428272,-0.04111339674731751,-0.15400964479455714,-0.2279012232650951,-0.21389644729233037,-0.1548315241323468,-0.16190476190476244
2020-06-15,-0.1222468941599767,-0.22644339399813285,-0.10951434707519214,-0.29223741004687964,-0.02072061442221118,-0.08313081112683374,-0.043666983941156534,-0.14567054956324288,-0.2148148336528266,-0.24205263247362985,-0.14246400634573164,-0.1638095238095243
2020-06-16,-0.12456042373288312,-0.2171957007411116,-0.08461186258833586,-0.2815829078329617,-0.0154266387767924,-0.08373839705929975,-0.04302863584925043,-0.12888339290152329,-0.19259257375458205,-0.2670299572633056,-0.12455717752333084,-0.16444444444444506
2020-06-17,-0.12363502602438414,-0.20061652983377343,-0.07462898819336838,-0.26293757250537975,-0.015654352344949385,-0.07503041212866679,-0.03983660315039794,-0.11314995968927466,-0.18024689474223632,-0.25613075213269343,-0.10920092191970066,-0.16126984126984178
2020-06-18,-0.12363502602438414,-0.19545113157594252,-0.07939317503127563,-0.25791471335190563,-0.0181589931294015,-0.07503041212866679,-0.04711443380725744,-0.11151478989421837,-0.17160495710961665,-0.25613075213269343,-0.11186806360896007,-0.15936507936507993
2020-06-19,-0.12502308728547273,-0.1950345436207117,-0.05594820156486624,-0.253957356675953,-0.00614784940968871,-0.07503041212866679,-0.04200716200647203,-0.08729695062491072,-0.16790121572989058,-0.24205263247362985,-0.08650449797143334,-0.1555555555555561
2020-06-22,-0.13288914431600984,-0.20278260922625946,-0.07013113489098566,-0.25570770475983695,0.0,-0.09052250149887942,-0.0432839556033916,-0.09714397561756194,-0.18493831304856334,-0.2443232934420706,-0.09792067446727659,-0.1663492063492069
2020-06-23,-0.13242641016010104,-0.19686742892389042,-0.07198044914565105,-0.25570770475983695,0.0,-0.09052250149887942,-0.04073036840955235,-0.10749969002161996,-0.18246912073206067,-0.2565849059811127,-0.10779084035903408,-0.1746031746031752
2020-06-24,-0.13242641016010104,-0.2111138598316913,-0.08704099780319641,-0.2694063587580695,-0.0035550628320105693,-0.08252330244623451,-0.047497462145022595,-0.12103484860872482,-0.17530860429928674,-0.2747501937286385,-0.12493207598158118,-0.17650793650793706
2020-06-25,-0.128262085170197,-0.19703408953094192,-0.057672120849663444,-0.2541856578988626,-0.005643022480542492,-0.08252330244623451,-0.04239019034423708,-0.09260198017979371,-0.17827163507908994,-0.32697545013960283,-0.0917029333131143,-0.19428571428571484
2020-06-26,-0.131963676004192,-0.21519621839327896,-0.0579698404920681,-0.2735159549575392,0.0,-0.08201699371115745,-0.04290092726562633,-0.09143922285036121,-0.18518518518518567,-0.32107172079429136,-0.0895114622692409,-0.1949206349206355
2020-06-29,-0.128262085170197,-0.19928349922695332,-0.03610777301597379,-0.25494668132934983,0.0,-0.08201699371115745,-0.04239019034423708,-0.07061876016228374,-0.18395063612196227,-0.22388734472610416,-0.0688876727100819,-0.17142857142857193
2020-06-30,-0.12085876229556891,-0.20328252748501574,-0.04812797939158309,-0.2724505105423841,0.0,-0.07877681866151731,-0.036772181622062416,-0.08771481231012102,-0.18740741117501014,-0.2048137492817399,-0.08227441530259705,-0.14031746031746084
2020-07-01,-0.11253004171244207,-0.1942014312726481,-0.03878762344174491,-0.2559360640451125,-0.01104297201791693,-0.07209399141932626,-0.03345253775269308,-0.08115619769960913,-0.18320983133198343,-0.24114437891361917,-0.07214940270607373,-0.11555555555555619
2020-07-02,-0.11160464400394354,-0.1958677195311732,-0.06303182170120591,-0.250380482684061,-0.005019520356943863,-0.06389231522377059,-0.029749768132451115,-0.10048686909924409,-0.18098769953221494,-0.21253403988390052,-0.09686742689723116,-0.1301587301587308
2020-07-06,-0.1014251280038192,-0.17129049210771063,-0.0637214193066552,-0.2232876537346299,-0.0025097601784720425,-0.055994316116647846,-0.025791581344961068,-0.10277603913145517,-0.17209879557291707,-0.1689372734982798,-0.09768283914458376,-0.12000000000000066
2020-07-07,-0.10420132112931535,-0.18212114331973106,-0.051089931135144706,-0.2440638778925226,0.0,-0.04657754530802716,-0.029622059548827018,-0.09394639296162277,-0.17283950617284005,-0.14804717093389408,-0.09039483903830303,-0.12380952380952448
2020-07-08,-0.10235052571231795,-0.1639590144573938,-0.05007130250923664,-0.21613390575084557,0.0,-0.05994335429614284,-0.0245147877480415,-0.09187529068933309,-0.16049382716049432,-0.17166208831513963,-0.08640259169215958,-0.1155555555555563
2020-07-09,-0.10235052571231795,-0.17762226036531015,-0.051152628620078744,-0.22678840796476363,-0.008978269803428862,-0.05994335429614284,-0.02042898979003449,-0.09536349499675956,-0.16543211760344378,-0.19209803703110617,-0.09238249752362893,-0.10793650793650866
2020-07-10,-0.08939474598337827,-0.1631259021093301,-0.056026592103240014,-0.22374425618044913,-0.009529082251790277,-0.040097195208747216,-0.014938689651483927,-0.09550887350337312,-0.16172837622371783,-0.18029063247731103,-0.09319790977098152,-0.13523809523809593
2020-07-13,-0.08754395056638098,-0.17445640801770934,-0.058941539415307664,-0.22831045482573786,-0.0024786560176259798,-0.03705957455388442,-0.011746656952631218,-0.09456411625299288,-0.16246918101369645,-0.21026337891545976,-0.09504963921288834,-0.15174603174603252
2020-07-14,-0.09124561200369485,-0.1600433165028572,-0.039837638174532675,-0.21537288232035845,-0.002698994444540137,-0.0395909637255365,-0.012002074119879635,-0.08522578067175202,-0.13382711528260072,-0.20708441025018054,-0.08237632158187069,-0.14984126984127066
2020-07-15,-0.08846934827487962,-0.14796302854994026,-0.040809262368946664,-0.20852355532124212,-0.0022583175907119335,-0.046678822505415996,-0.010342154772087775,-0.09085784418564524,-0.13086417869285338,-0.19255219087952546,-0.08827133251613906,-0.17142857142857226
2020-07-16,-0.09078287784778605,-0.158127100896153,-0.039743629311544515,-0.2155250637815096,-0.009253676027609403,-0.0395909637255365,-0.00587332847631572,-0.08813267399533142,-0.13580246913580285,-0.2175294615323734,-0.08824613946935511,-0.16126984126984212
2020-07-17,-0.08199149371206949,-0.1379654896859832,-0.04914668274631684,-0.19847789507666014,-0.003965822733062563,-0.03878090065015971,-0.007533150411000333,-0.09727114797041447,-0.1256790161132817,-0.21980012250081415,-0.09440409776651904,-0.15428571428571514
2020-07-20,-0.0764389662544388,-0.12563527438488675,-0.03628009768851004,-0.18188732881762992,0.0,-0.024402628695623596,-0.0037027696202418525,-0.08620688254878617,-0.10740736973138543,-0.25476834472426346,-0.08512843917491231,-0.16634920634920736
2020-07-21,-0.0764389662544388,-0.12813461142907767,-0.04378690716594846,-0.17846269434925477,0.0,-0.027946558085563344,0.0,-0.09721666487086822,-0.1259258882499038,-0.2393278717935977,-0.09491371016946903,-0.1803174603174612
2020-07-22,-0.0764389662544388,-0.12813461142907767,-0.06582144877223117,-0.18721455089340622,0.0,-0.03554072560051991,-0.0022953367684094284,-0.12070781464971514,-0.13061730655623094,-0.23660305697673767,-0.12173831050729889,-0.1682539682539692
2020-07-23,-0.07921522998325414,-0.14396400029187773,-0.0726072745373404,-0.2016742283221259,0.0,-0.03857842350724905,-0.003060416594916293,-0.13240794183560411,-0.1259258882499037,-0.18937327635107393,-0.1305212060648656,-0.1669841269841279
2020-07-24,-0.07921522998325414,-0.14146459968528913,-0.05347206191851139,-0.20243525175261312,0.0,-0.027642803745263733,-0.002805422415710579,-0.1139856830596957,-0.1209876919970102,-0.17892822506888084,-0.11480706338505775,-0.17142857142857237
2020-07-27,-0.06857297982722077,-0.12555194408136117,-0.04468021555081447,-0.17602738453427647,0.0,-0.03057922445460448,0.0,-0.10355727940232995,-0.09654320610894118,-0.2125340398839004,-0.111664170043831,-0.17460317460317554
2020-07-28,-0.06857297982722077,-0.12871779642896208,-0.051795221794034285,-0.186453527462919,0.0,-0.027642803745263733,0.0,-0.11280471957650351,-0.09925927056206618,-0.18256129344575178,-0.12655925518012778,-0.1873015873015882
2020-07-29,-0.07181190710862595,-0.11797047552046713,-0.05420866395545498,-0.16933023899631128,0.0,-0.021364930788894343,0.0,-0.10944368762192735,-0.08222226743344929,-0.15803812250449523,-0.12471125204096067,-0.19873015873015965
2020-07-30,-0.06246529846847393,-0.12138631877864536,-0.04585555052464485,-0.18211563004053977,-0.005733274211351502,-0.018226032936642933,-0.014130359704433326,-0.10597362178739311,-0.0888888512128666,-0.16939142734669876,-0.12190818130828218,-0.198095238095239
2020-07-31,-0.05691277101084291,-0.1376322320342781,-0.04146747386751626,-0.20129374563806524,0.0,-0.004353992465317202,-0.00912846499675446,-0.10553755394842146,-0.10864201298466458,-0.18301539315734305,-0.12443939395412251,-0.19746031746031845
2020-08-03,-0.05422913883719249,-0.1381321502930346,-0.03927343553895202,-0.19330285446203532,0.0,-0.00718913597726889,-0.008503192382092295,-0.10364810712852823,-0.08666662522304225,-0.045867319080405644,-0.11300628708278782,-0.19365079365079463
2020-08-04,-0.05700533196268853,-0.15146213854924606,-0.02010683681324288,-0.2199390809656474,0.0,-0.001620126150754242,-0.00025014720714766625,-0.08864136340674211,-0.09382714165581607,-0.00408711395163408,-0.0964427093914818,-0.21714285714285797
2020-08-05,-0.05700533196268853,-0.13921518998927762,-0.021078535736482662,-0.2188736365504922,0.0,-0.0035439293899405255,-0.006752543544885747,-0.09020384394849235,-0.048642005449459846,-0.004995421648472553,-0.10128431074254207,-0.2101587301587311
2020-08-06,-0.06255778881700014,-0.12821794173260348,-0.015828462072542404,-0.20319633324546604,0.0,-0.017821001398954928,-0.004001496685502093,-0.08936812057807186,-0.0491358439127606,-0.016802880339095272,-0.10116539308119554,-0.20952380952381044
2020-08-07,-0.06625945025431412,-0.13988170529268784,-0.008227643732115597,-0.2194063587580698,-0.020180367737783422,-0.017821001398954928,-0.006502491740944749,-0.08262778283429073,-0.0582716200086808,0.0,-0.09430219148724528,-0.2184126984126994
2020-08-10,-0.07458817083744107,-0.1348829676419081,0.0,-0.21514458109744905,-0.01320983455322322,-0.020352390570607115,-0.012129563660079556,-0.06694883272159013,-0.03703703703703731,-0.037980251526283815,-0.07631152085320037,-0.2114285714285724
2020-08-11,-0.08199149371206915,-0.14504703998812074,0.0,-0.2210045253808025,-0.05795760390644045,-0.02825031242586329,-0.018256834590302806,-0.06060821819012885,-0.058518492145302914,-0.029937406065419947,-0.0689555562252101,-0.2088888888888898
2020-08-12,-0.08939474598337815,-0.14529703089869794,-0.01844161864385807,-0.22762555115700944,-0.05683644922541431,-0.04212235289718935,-0.023383802901555284,-0.08242792122813292,-0.03703703703703709,-0.03842715321387824,-0.08596086280433768,-0.20126984126984226
2020-08-13,-0.09217100971219361,-0.1597933891546779,-0.0037163210719899364,-0.24200910882397053,-0.046210113979100687,-0.03898337779307115,-0.029135948424263702,-0.07566944501146122,-0.05308645742910911,-0.025022339757780454,-0.0766852852193125,-0.173968253968255
2020-08-14,-0.0903201436918768,-0.15279510559366838,-0.014212136522045005,-0.244292179115432,-0.055812819887887,-0.03513569406283201,-0.02325872929798145,-0.08864136340674222,-0.024691358024691357,0.0,-0.08823730975199362,-0.17587301587301696
2020-08-17,-0.09772346656650488,-0.1668749394568153,-0.002254616558738265,-0.26438349960459573,-0.032415305873750966,-0.045159973552052146,-0.03338749691370657,-0.07586930661761904,-0.014814777138792423,-0.00721560285697509,-0.0790975802038063,-0.1593650793650805
2020-08-18,-0.08291689142056802,-0.14687992529129923,0.0,-0.2495433394918155,-0.025396039768919243,-0.02723777220757595,-0.022633456683319286,-0.05586642882706949,0.0,0.0,-0.06423287253549648,-0.16952380952381063
2020-08-19,-0.0847676868375653,-0.15621094885184605,-0.0016822125546916977,-0.25722980968317755,-0.04523521756184512,-0.028756621160940465,-0.02050768243859802,-0.05641146286513188,-0.0019474641550335514,0.0,-0.07152079163519576,-0.17460317460317565
2020-08-20,-0.08291689142056813,-0.15021243824595154,0.0,-0.2496194592535741,-0.05737263035431406,-0.042729861577788464,-0.02213335307543729,-0.04847202316526811,0.0,-0.03050293345252275,-0.056061495660153615,-0.17587301587301696
2020-08-21,-0.07736443456625652,-0.15187866294207897,0.0,-0.25106538635278997,-0.05698270748918499,-0.023795042763158247,-0.017881709182787975,-0.044711267998374105,-0.022536529545475692,0.0,-0.056146390557354486,-0.16952380952381063
2020-08-24,-0.07597630270184907,-0.14454718529176191,0.0,-0.24315067300088433,-0.06034611202930784,-0.023795042763158247,-0.014880610519463211,-0.03548196629709477,-0.005034742006283954,0.0,-0.045494754175808394,-0.15746031746031863
2020-08-25,-0.07921522998325414,-0.1457968855950562,-0.001705570510744936,-0.24360727544670346,-0.06809649094412629,-0.023795042763158247,-0.01738151017169942,-0.03840699809356651,-0.02541351191226371,-0.009550310114924798,-0.04685380159025665,-0.13460317460317583
2020-08-26,-0.08661855285788223,-0.15979338915467767,-0.016406597991388217,-0.2587518565441519,-0.054009285317145994,-0.034123153844544674,-0.02063275604217163,-0.05926380540829801,-0.03020854349532376,-0.020692417644075256,-0.06438573195440711,-0.13523809523809638
2020-08-27,-0.08846934827487973,-0.15829376150320396,0.0,-0.24969557901533268,-0.06331953420134673,-0.049716520412146026,-0.021758132264716012,-0.03773479170265204,-0.027091759247691805,0.0,-0.04743137851491608,-0.1257142857142869
2020-08-28,-0.08291689142056824,-0.1448804429434669,-0.008334050761736544,-0.24337897422379384,-0.04235926123034972,-0.029566684236317364,-0.021758132264716012,-0.05136077801595529,-0.017022275235124007,0.0,-0.053971930895553855,-0.12126984126984242
2020-08-31,-0.08569308454606439,-0.167957979153058,-0.03375832402592738,-0.2678843118970955,-0.04089691660446626,-0.032604304891179936,-0.019632358019994633,-0.07236289615643121,-0.04099734169280389,-0.010161817745556023,-0.0843300383096326,-0.11492063492063609
2020-09-01,-0.08523042099347455,-0.14471378233641552,-0.01255382329932464,-0.24695584821568606,-0.04060445957988046,-0.043134893115477024,-0.02063275604217163,-0.05886414987684907,-0.009829773589344004,-0.04892740356341074,-0.0671888026870856,-0.11238095238095347
2020-09-02,-0.08569308454606439,-0.14704658589835073,-0.030518110743446014,-0.24733633089974683,-0.057080173329728257,-0.043134893115477024,-0.01888210720496497,-0.07401620442438162,-0.013425978683423878,-0.06435829869818244,-0.08308990855653076,-0.11174603174603281
2020-09-03,-0.083842289129067,-0.15704406119990966,-0.04693009392012126,-0.2503804826840613,-0.06039484494957981,-0.043033615918087964,-0.017756635579214253,-0.0872061228987131,-0.05106682570537158,-0.06398196166530812,-0.09304505035207078,-0.12507936507936623
2020-09-04,-0.08245415726465932,-0.15254517824548885,-0.056590369174044364,-0.24277013225445787,-0.06219837952032059,-0.04121101262442384,-0.016005986742007594,-0.0940917714682371,-0.04339481175552373,-0.025969139645445893,-0.10133534488876006,-0.11809523809523936
2020-09-08,-0.08939474598337849,-0.1622927261988688,-0.056484874860604606,-0.25943681827524634,-0.057762612722398354,-0.04121101262442384,-0.021883205868289846,-0.09447328852679548,-0.04579237327586394,-0.09672561656371048,-0.09990833295260226,-0.10857142857142987
2020-09-09,-0.0856930845460645,-0.15154546885277176,-0.049642763772793086,-0.254337839360014,-0.05205949248263486,-0.033920599449766886,-0.018381908193876417,-0.08099268072010402,-0.028530296159895885,-0.09446750463422149,-0.08932458008618416,-0.11111111111111238
2020-09-10,-0.09078287784778616,-0.17353996536611993,-0.05598758559016692,-0.2738964376416002,-0.04742873450067042,-0.033920599449766886,-0.023383802901555284,-0.09200246304218584,-0.05298487492164394,-0.12570572166888316,-0.09817552117204176,-0.09269841269841395
2020-09-11,-0.0917082755562848,-0.17853870301689945,-0.05225001117463646,-0.2838660361867896,-0.0554228375198027,-0.03624951147850819,-0.0246342527276735,-0.08938625905096464,-0.03620231010974384,-0.14602935715999577,-0.09613690954707876,-0.07301587301587431
2020-09-14,-0.08939474598337838,-0.16087642885092068,-0.05071279805557072,-0.26834091434291474,-0.04796491562957017,-0.04819767145878118,-0.022133353075437068,-0.09013115469518507,-0.029968833072100076,-0.13059846202522418,-0.09686742689723038,-0.09206349206349329
2020-09-15,-0.09217100971219394,-0.16154294415433068,-0.05809747185896119,-0.2802891621948975,-0.04640504566018788,-0.0522479095837981,-0.024634252727673278,-0.09481846095869795,-0.0002397104232241265,-0.11102750059985977,-0.1050047810084277,-0.07047619047619158
2020-09-16,-0.09587267114950793,-0.1651253844571623,-0.05885095133880813,-0.277245010410583,-0.0445040452489035,-0.0522479095837981,-0.025884702553791494,-0.09076701645944762,-0.01941974529784385,-0.14678212095798837,-0.10398547519594648,-0.05587301587301696
2020-09-17,-0.09494720283768998,-0.1621261291542151,-0.06873737823060211,-0.2884322348320786,-0.05435047526200354,-0.0445524648714527,-0.024134053716584836,-0.09441880542724923,0.0,-0.23146405514728363,-0.1104920048124387,-0.046984126984128016
2020-09-18,-0.11576896899384748,-0.17728900271360515,-0.0648792902158627,-0.2983257136155093,-0.04845236383819784,-0.06581611846295743,-0.037264015398840944,-0.09107591194556719,-0.007163305382266394,-0.22920585348555023,-0.1101862049680361,-0.038730158730159725
2020-09-21,-0.12085876229556913,-0.18761973566686918,-0.03894263653285346,-0.30677320723735846,-0.07326348955794537,-0.08424462854251091,-0.04089038667682787,-0.0630064221022999,-0.03366761727438439,-0.30937147408362276,-0.08436398006719625,-0.06095238095238187
2020-09-22,-0.1154913567416298,-0.1866200262741522,-0.04050996008606855,-0.307458110906087,-0.07453084299978685,-0.08424462854251091,-0.03863953882853255,-0.06066276897054268,-0.037488052884017575,-0.3097478559826191,-0.08049065038239933,-0.06222222222222318
2020-09-23,-0.11530630544125764,-0.19836705657536413,-0.0349790542046744,-0.31331805518944067,-0.09339506487250171,-0.06581611846295754,-0.03701386819169317,-0.05388608660010952,-0.03533905216070077,-0.20022583811262218,-0.07075633252747959,-0.06412698412698492
2020-09-24,-0.10975384858694615,-0.1880363236221,-0.0178286108339214,-0.2961187050234405,-0.08930048801943691,-0.06379103802638275,-0.0351381457509129,-0.03524576006428126,-0.03915948777033418,-0.15393306297606313,-0.049945660785264634,-0.07682539682539768
2020-09-25,-0.1106792462954449,-0.1877030659703951,-0.03157305387784337,-0.30022830122291,-0.0944674866332561,-0.05234918678118694,-0.0351381457509129,-0.05063402084462554,-0.03151861655106758,-0.19495676072340684,-0.06421586115342337,-0.0723809523809531
2020-09-28,-0.1081805948188469,-0.20686496778784735,-0.025469402984109824,-0.30167422832212576,-0.08710697108061172,-0.0690562935125979,-0.04314123452512286,-0.042894510431788824,-0.03844318455801854,-0.20925855502731183,-0.055263013788292015,-0.0685714285714294
2020-09-29,-0.12085876229556913,-0.21861199808905962,-0.004129369372529168,-0.32009132048916433,-0.07662683459511344,-0.07442282619620166,-0.0450168615626968,-0.024672045581170976,-0.048233056500601945,-0.036130957391002694,-0.038427578010147734,-0.07365079365079452
2020-09-30,-0.1125300417124423,-0.20803133778761596,-0.003888198448888991,-0.31164382686731507,-0.07994150621496476,-0.06844878483199868,-0.0437664117365788,-0.03190286658259933,-0.038204447182703105,-0.048927403563411076,-0.04347315393291795,-0.037460317460318526
2020-10-01,-0.11715710085825504,-0.20128298157478575,-0.009268408434313868,-0.3105022626904016,-0.06975382675405195,-0.07077769686074009,-0.04264103551403431,-0.03364700257674791,-0.035816617997701194,-0.048927403563411076,-0.047227565956368456,-0.027936507936508925
2020-10-02,-0.12178416000406789,-0.2145297030898693,-0.001642707432505941,-0.31202430955137583,-0.07375093776657327,-0.06956260224767497,-0.04089038667682776,-0.02886886858703508,-0.03677174967170194,-0.08242382225980605,-0.04151943720515627,-0.03555555555555645
2020-10-05,-0.11253004171244241,-0.19478461627253263,0.0,-0.29794517286908273,-0.06775530099926874,-0.06996763378536341,-0.04314123452512286,-0.022164875469909417,-0.008357265517952128,-0.01580732189988998,-0.03479208364804387,-0.036190476190477106
2020-10-06,-0.11401073452869592,-0.19961675687865854,-0.01283459364322237,-0.30372905545304385,-0.07331222247821712,-0.06996763378536341,-0.045767207780932795,-0.04231313176707263,-0.015759308275533845,-0.05156194225801858,-0.053173449023692476,-0.02222222222222303
2020-10-07,-0.1254858214413821,-0.20019994187854284,-0.013766353452427382,-0.3112632861208887,-0.08184256612920426,-0.07351156317530305,-0.0418906892957982,-0.03811630876120864,0.0,-0.0191946243924902,-0.0497078254625718,-0.01269841269841343
2020-10-08,-0.10947616573140928,-0.18003833066837305,-0.008115597839796429,-0.28127848684829426,-0.07940532508606502,-0.06844878483199868,-0.044266610747667134,-0.03797099793546421,0.0,-0.011290918576423059,-0.0467348839289099,-0.017142857142857792
2020-10-09,-0.11132703175172598,-0.1845372136227943,-0.010490144930859868,-0.280821884402475,-0.06434316353887382,-0.059538322758455164,-0.03126172266898464,-0.040641685026231555,-0.013383416125430148,0.0,-0.0488924132152192,0.0
2020-10-13,-0.11040163404322756,-0.17578937506213155,-0.018575572729149115,-0.2855403225712809,-0.07945405800633665,-0.0533617269994745,-0.0341378431319419,-0.04634637011256337,0.0,0.0,-0.06059737817339217,-0.009493670886076
2020-10-14,-0.10420132112931568,-0.16895775210817343,-0.01765886210929446,-0.280821884402475,-0.07321469713471829,-0.05558936183082697,-0.0396398414475031,-0.040786995851976204,-0.005861664503067132,-0.07670756554339642,-0.05400587265311774,0.0
2020-10-15,-0.11530630544125797,-0.17029078271499354,-0.013540973926204458,-0.2828005917716344,-0.07228859314068947,-0.06176588033794084,-0.028385697609233596,-0.03401038116241206,0.0,-0.02802098885169757,-0.050268472011740006,0.0
2020-10-16,-0.1042938820811613,-0.17587270536565713,-0.013180295021441468,-0.2983257136155092,-0.07345842123903212,-0.0528554182643971,-0.027510373190630433,-0.03244790062066183,0.0,-0.028721546976643864,-0.04675189531098256,-0.00433436532507725
2020-10-19,-0.09790851786687749,-0.17478960210701666,-0.006417332653014474,-0.2863774657635265,-0.0707287231713073,-0.04050222674643578,-0.027885498598145264,-0.02739721577148513,-0.013574712182391035,-0.02101574163877351,-0.04104376655977049,0.0
2020-10-20,-0.1002220474397838,-0.15946013150297278,-0.008806857270621804,-0.26217654907489296,-0.06877893033679572,-0.04779263992109273,-0.023633854705495838,-0.0343374151214243,0.0,0.0,-0.04770323660175457,0.0
2020-10-21,-0.10003699613941186,-0.15979338915467778,-0.00401268718325043,-0.2579908331136648,-0.0618571895754626,-0.039590963725537165,-0.026384901564879604,-0.03470072602621921,0.0,0.0,-0.04794107192444763,0.0
2020-10-22,-0.10262813796453585,-0.14712985263947853,-0.0014878631871029224,-0.23972598047014326,-0.07331222247821667,-0.05153912370580993,-0.029010874820689647,-0.026452526201973914,0.0,-0.005292766263589543,-0.047329472235642434,0.0
2020-10-23,-0.10253557701269012,-0.15296176620071955,-0.007544445272547828,-0.2476407518844148,-0.07287350718986052,-0.04870398019385813,-0.030261324646807863,-0.03188472810970722,0.0,-0.017201470639615635,-0.05013254296832115,0.0
2020-10-26,-0.1077179312662575,-0.15479465150389815,0.0,-0.24687972845392758,-0.07253231724500309,-0.050324029092745026,-0.030886597261470028,-0.025162596519689218,-0.020883726706678596,0.0,-0.04590246029948486,-0.003577817531305927
2020-10-27,-0.11003146083916393,-0.1679579791530581,-0.003422853436372275,-0.2662100255126041,-0.0695588355700093,-0.05579183897373774,-0.03351257051727985,-0.025544113578245597,-0.01802601625116307,-0.0016533981941211362,-0.04479817858322088,-0.007751937984496249
2020-10-28,-0.11364056132463252,-0.20328252748501574,0.0,-0.29863007653781126,-0.08544969477364084,-0.05356420414238516,-0.03326251871333885,-0.008647923036566252,-0.05737525860736625,-0.009259219108177286,-0.030782824919827867,-0.042337507453786616
2020-10-29,-0.11067924629544523,-0.192868464228226,0.0,-0.2952815618311946,-0.0906166338845048,-0.05963952270397688,-0.029135948424263258,0.0,-0.039788993328347066,0.0,-0.02403845998064269,-0.04949314251639858
2020-10-30,-0.11558391769347576,-0.2135299301347542,-0.0004741941226359403,-0.31864533532758255,-0.08486472122151423,-0.0456662822871291,-0.03176192168007308,0.0,-0.06133217877738639,0.0,-0.01844932989735837,-0.04949314251639858
2020-11-03,-0.10966128763510097,-0.19670083187923681,-0.009825994784712688,-0.30509892085286683,-0.06970509383377965,-0.05822195094800098,-0.030886597261469806,-0.008087965573672085,-0.014069096081142929,-0.08795470132422534,-0.024684082433593435,-0.043530113297555406
2020-11-04,-0.10420132112931602,-0.18062151566825768,0.0,-0.28424651887085006,-0.07648063583429765,-0.04181859855688996,-0.02563465074984983,-0.004089211763416478,-0.03605194864439898,-0.09183067362274522,-0.022339670964227953,-0.03339296362552202
2020-11-05,-0.10401626982894396,-0.1562942791553723,-0.01829686921897844,-0.2646879205892637,-0.051766975955093386,-0.04181859855688996,-0.030136346446440254,-0.018962467498834568,-0.029237234160935488,-0.12283845201090493,-0.03795190736476206,-0.02385211687537303
2020-11-06,-0.10068478159569327,-0.154378063548668,-0.03581035606687921,-0.2651445810974489,-0.04932973491195414,-0.041919798502411676,-0.02751037319063021,-0.03548230064098501,-0.029237234160935488,-0.13893860089100585,-0.06166763712551071,-0.029815146094216094
2020-11-09,-0.08985748013928807,-0.13429971907962646,-0.05908786271780675,-0.2290714782562252,-0.09666100357208096,-0.0401984724061365,-0.01763165737884631,-0.06094048500291993,-0.041547661785212964,-0.14758500610192327,-0.08896782710214513,-0.02802623732856313
2020-11-10,-0.09494720283769054,-0.12180284317147871,-0.05939822759386171,-0.2061643652680223,-0.0858396176387699,-0.0354394484031314,-0.020382704238229965,-0.07337103897632347,-0.061771845891602895,-0.1207514009401397,-0.0852304264607674,0.0
2020-11-11,-0.09726073241059707,-0.12363572847465742,-0.05484613893831802,-0.20547940353692773,-0.0930051420073722,-0.0467800997028055,-0.027135152379909044,-0.06946274311923062,-0.06572876606162326,-0.09630297669213217,-0.08026982644177949,-0.013593380614657313
2020-11-12,-0.09781602751835183,-0.14188118764052027,-0.061969802145915076,-0.23112630538714307,-0.0872044964241101,-0.047995194315870626,-0.028260624005659873,-0.07481856844290125,-0.06748743451848904,-0.11270125541524367,-0.08433003830963237,-0.034869976359338084
2020-11-13,-0.09827869107094145,-0.12246935847488871,-0.04838760372804296,-0.23097406586362623,-0.08081893679167629,-0.057715719464790816,-0.02801047679851265,-0.06072337243426695,-0.04550458195523299,-0.1070364329738146,-0.07299883771757143,-0.029550827423167836
2020-11-16,-0.09957426198350339,-0.10830625787061365,-0.04518050000880902,-0.19710802967683716,-0.08003897205550758,-0.057715719464790816,-0.02738529958705682,-0.05616367146588064,-0.031875152988306454,-0.1958855238270717,-0.07294788457793455,-0.015957446808510745
2020-11-17,-0.10281325986822776,-0.10205781991653984,-0.05132867034302924,-0.1892693780243241,-0.08140385084084756,-0.0485014257990809,-0.029636147435352034,-0.06276797831597436,-0.032754487216739236,-0.19737631521181587,-0.08009995564079597,-0.00650118203309713
2020-11-18,-0.10235052571231884,-0.11388818052127747,-0.06640363642770297,-0.19855401483841872,-0.08676578113575373,-0.06581611846295765,-0.03276231970225052,-0.07469191382740925,-0.03803040872940866,-0.19141329184253053,-0.09499868607325113,0.0
2020-11-19,-0.10318336246897186,-0.10688996052266564,-0.06124561743512036,-0.1955859828158627,-0.09281015082333,-0.06409479236668236,-0.03338749691370635,-0.06604300109560624,-0.03055623550358455,-0.22719143205824177,-0.08913769790312831,-0.007633587786259444
2020-11-23,-0.10808810447032191,-0.10072478930971984,-0.05784633274018214,-0.20136980733745813,-0.10416765838258524,-0.06287969775361735,-0.031511869876132304,-0.06336512213643619,-0.001319001342648729,-0.19171142168554112,-0.08635163855252237,0.0
2020-11-24,-0.10373865757672673,-0.07989666279614016,-0.04809196779365399,-0.17427697838802692,-0.12025344926730375,-0.06571491851743583,-0.03351257051728007,-0.05826260604375,0.0,-0.17262969003595185,-0.07573394392854038,-0.0017584994138335475
2020-11-25,-0.102535577012691,-0.07881362309989726,-0.05571810637960506,-0.17633174745657887,-0.11981479348190283,-0.061867157535329786,-0.03788919261029655,-0.06989703566186933,0.0,-0.13655341997723025,-0.08728596846122161,-0.015240328253223967
2020-11-27,-0.09309640742069347,-0.07464799779718123,-0.06117169083317198,-0.18493148060194486,-0.13141602514547213,-0.04151476696472356,-0.03026132464680764,-0.07395005076295469,0.0,-0.15235543901432058,-0.09362262727673032,-0.0023446658851115076
2020-11-30,-0.09078287784778705,-0.08681161605362386,-0.05568857802286864,-0.19649918770750108,-0.13443823974073787,-0.0481976714587814,-0.02963614743535181,-0.07127217180378453,-0.004887022510364547,-0.14072752211876083,-0.09239942789912015,-0.015826494724501927
2020-12-01,-0.08384228912906788,-0.06789970514674881,-0.05985637520040876,-0.17009126242679862,-0.11572021662883802,-0.04789391711848179,-0.024759326331246778,-0.07512620637004552,0.0,-0.1413237818047819,-0.09433613324480927,-0.0275498241500588
2020-12-02,-0.07736443456625763,-0.06315089484414826,-0.07170936767737268,-0.1617960083284663,-0.11006582930934616,-0.02794655808556412,-0.019007180808538138,-0.09720084537068907,-0.0168484098308036,-0.1711389697360537,-0.11577541605790209,-0.017584994138335475
2020-12-03,-0.06533405254581681,-0.05973505158597048,-0.0663888370126322,-0.15905627752881968,-0.10465510659121313,-0.012758223055651108,-0.008253140578150853,-0.09647711434006545,-0.048562947985904104,-0.25253431692012707,-0.11383871071221308,-0.009378663540445697
2020-12-04,-0.06348325712881919,-0.048071288025886116,-0.07564072658080634,-0.15639266649093175,-0.10509382187956906,-0.013770763273938447,-0.0175065837752727,-0.10230336146337526,-0.021605552747356982,-0.23225999481365,-0.12493207598158085,-0.022274325908558157
2020-12-07,-0.06255778881700147,-0.049404318632706334,-0.0768673866699553,-0.1518264678456427,-0.09246890137551722,-0.021871239523972186,-0.014255337904800491,-0.10465553786689863,-0.0168484098308036,-0.28264763469440934,-0.1243544990569212,-0.016412661195779776
2020-12-08,-0.06348325712881941,-0.04798802128475843,-0.08762677284659692,-0.15639266649093164,-0.08808186749786684,-0.019441127549708948,-0.011754438252564059,-0.11310547006387728,-0.022794876283206977,-0.2847346857651746,-0.1338849233467122,-0.022274325908558157
2020-12-09,-0.058856197983006675,-0.054902910979844566,-0.08412403319297379,-0.15913239729057826,-0.10572752835196764,-0.019137295957542433,-0.01212956366007889,-0.11048185239553865,-0.02993066627146046,-0.2719141784127268,-0.13024942898460823,-0.010550996483001507
2020-12-10,-0.05607993425419133,-0.03640752446580209,-0.07757677196567936,-0.13310495469393635,-0.10621497656059553,-0.008809262128023132,-0.00662746994131147,-0.10288237325000604,-0.009910802625146764,-0.23881934895380186,-0.12175524088279,-0.014654161781946451
2020-12-11,-0.047751213671064496,-0.036824112421032784,-0.0986225972973449,-0.12922371777974195,-0.10319276196532967,-0.0049615783977839945,-0.005001894707678645,-0.12745397530349578,-0.004757218529976681,-0.22748956190125247,-0.14647326507394764,-0.0052754982415010865
2020-12-14,-0.04682581596256574,-0.04090640742022278,-0.09364195986539559,-0.131582907832962,-0.1086034846834627,-0.00820175344742402,-0.008503192382091851,-0.11889552052485564,-0.014668021155123445,-0.20035782689645865,-0.1396779469951256,-0.01699882766705796
2020-12-15,-0.04682581596256574,-0.02799300711924213,-0.08146373262390105,-0.12092840561904405,-0.09709965935748166,0.0,-0.0010003980221767739,-0.10977618599341532,0.0,-0.20035782689645865,-0.13058917058657515,-0.004103165298945388
2020-12-16,-0.03942249308793766,-0.0133299882562109,-0.08770062897514053,-0.10152204686097477,-0.09524739186646913,-0.004825124052432295,0.0,-0.11330445059870131,0.0,-0.20184854719635703,-0.13718334932403242,0.0
2020-12-17,-0.03664629996244162,-0.008581177953610686,-0.08418316037985163,-0.1083713157977253,-0.08008776447873445,0.0,0.0,-0.11116938676383115,0.0,-0.21407279486278363,-0.13645015875669786,0.0
2020-12-18,-0.03525816809803384,-0.012080287952916713,-0.08384319667365514,-0.10920845898997111,-0.08081893679167618,0.0,0.0,-0.11267117752123867,0.0,-0.19499106321319448,-0.1409180767482271,0.0
2020-12-21,-0.03849709537943902,-0.03149211711854827,-0.07623185750277484,-0.1268644696641562,-0.08398735014775704,-0.00010019168633679243,0.0,-0.10673634041093727,-0.014084507042253502,-0.19350034291329588,-0.13349422860510862,0.0
2020-12-22,-0.03942249308793766,-0.023327463557770045,-0.07417755774414636,-0.11719935016600092,-0.0901291856758768,-0.00010019168633679243,0.0,-0.10369656223379098,-0.00732393219997074,-0.17113896973605358,-0.13037887750152355,0.0
2020-12-23,-0.0329446385251273,-0.014079833863146707,-0.07128081890096738,-0.10410953813710433,-0.08618086708658224,0.0,0.0,-0.09866643946576714,-0.004319240229790355,-0.22242099914584457,-0.12397141893395958,0.0
2020-12-28,-0.04081062495234522,-0.0023327399995367593,-0.06340337215243419,-0.09010652121656959,-0.08496224656501261,-0.004499969482422039,-0.000861428660891117,-0.09522856540831193,-0.0016901437105709682,-0.31276088138384583,-0.11400858151319615,0.0
2020-12-29,-0.026466783962317164,0.0,-0.05293962191018187,-0.09056312366238872,-0.0837436260434431,0.0,0.0,-0.08466170141029572,0.0,-0.2644603636586972,-0.10881014617151519,0.0
2020-12-30,-0.026004049806408136,-0.003998695045590361,-0.05704829190084415,-0.09908673704599646,-0.07823543748476658,-0.014661890977278658,-0.005633194871881186,-0.08978228213148054,0.0,-0.2778772017820119,-0.11514680498702412,0.0
2021-01-04,-0.018138063379190217,-0.006497823836620675,-0.06143772793741986,-0.11461185888987135,-0.05205949248263397,0.0,0.0,-0.09340107209525772,0.0,-0.23047107358589514,-0.11798389848384816,0.0
2021-01-05,-0.024615917942000243,-0.0029990053949175977,-0.0413525960640605,-0.12427697838802665,-0.048159906813611375,-0.005618528457078553,-0.002554733482592386,-0.07080175000414524,0.0,-0.1943948035271732,-0.10041794535555204,0.0
2021-01-06,-0.0236905202335016,-0.001749409220851983,-0.03977124332704973,-0.1122526107742855,-0.07048499906699313,-0.007688504709318145,-0.003162950322244562,-0.0689380600287598,0.0,-0.19022063030079706,-0.10232062793709573,0.0
2021-01-07,-0.035258168098033615,0.0,-0.031480047217181784,-0.08287665347102702,-0.0678527668398119,-0.02207982189405422,-0.012530399240104906,-0.06707437005337613,0.0,-0.18634465800227717,-0.09742799243981737,-0.0020202020202021442
2021-01-08,-0.03340737268103622,0.0,-0.019420074349442817,-0.0749618820567558,-0.1059712524562817,-0.026121182614094685,-0.011557140918635023,-0.05710458247048955,0.0,-0.19499106321319448,-0.08113619182876852,0.0
2021-01-11,-0.044975020545568234,-0.016068703029017306,-0.02383910921615995,-0.09322673470027709,-0.09841580522255022,-0.03361257895803149,-0.01459850356196235,-0.05695979582116695,-0.011217666160583062,-0.1809779654038589,-0.08056064006864117,-0.008060453400503764
2021-01-12,-0.03895982953534782,-0.007636616748581515,-0.014114272626367885,-0.08318107445569534,-0.10168168441917447,-0.019516961923115916,-0.012651986919022362,-0.046429128485479976,-0.01950897384144612,-0.17918904417610415,-0.0677324378541806,0.0
2021-01-13,-0.044975020545568234,-0.02386445009823046,-0.04019979210345537,-0.09535762353058752,-0.09646601238803887,-0.022474113828313658,-0.011313872745778775,-0.07208642819289979,-0.04893510654640143,-0.1869409887731439,-0.0959839691215868,0.0
2021-01-14,-0.033870036233626055,-0.013602729273138991,-0.047944185063162226,-0.08561638427067375,-0.09807455577473745,-0.026121182614094907,-0.010948831263960956,-0.0768813063584396,-0.03934316753343392,-0.20512825980885585,-0.10004418098943979,0.0
2021-01-15,-0.038497095379438795,-0.03873997917468386,-0.06720167726704185,-0.11187212809022495,-0.108310968155922,-0.017939869389575036,-0.008637458769247486,-0.09454103104001965,-0.06535517400037227,-0.18395947708850147,-0.11732134565540597,-0.005147402901263476
2021-01-19,-0.044975020545568234,-0.03698990979034411,-0.05518610264451518,-0.11445961936635463,-0.10333902022910013,-0.027402650201312273,-0.014111874401227742,-0.07630229457180848,-0.05316203434071076,-0.2409064000245672,-0.10050292125933435,-0.015442208703790317
2021-01-20,-0.04682581596256563,-0.04255825720375739,-0.03947560739266087,-0.1258751450107598,-0.09047037562073434,-0.0312469025559714,-0.015450081389493553,-0.06705623801954552,-0.06096569829830767,-0.24299345109533244,-0.08998713291462612,-0.02292934019653714
2021-01-21,-0.05052747739987984,-0.054888247364017095,-0.05308740464067441,-0.14383557666961333,-0.09076283264532004,-0.03745683131269062,-0.01982965102108658,-0.07550617021652417,-0.05982761487395849,-0.2573047498325244,-0.10123335760290453,-0.018717828731867003
2021-01-22,-0.057005331962689976,-0.06188846421094152,-0.03835240226219694,-0.14710802967683745,-0.09544238305051134,-0.0413996754517888,-0.021897755342943803,-0.06492117418467536,-0.06291658327894933,-0.27072151687099333,-0.09121025128565463,-0.0631726719700515
2021-01-26,-0.05052747739987984,-0.06888868105786594,-0.019449602706179347,-0.1596651194981561,-0.09787962409365059,-0.03233118657431078,-0.016423339710963436,-0.04695387898127923,-0.07364654369875079,-0.20810977149349874,-0.07150386125970332,-0.0037435657463733563
2021-01-27,-0.05145287510837859,-0.07374112409974087,-0.03790905407072076,-0.15669708747559996,-0.1007067880019189,-0.032232594789871616,-0.019464702354290764,-0.0649935675093376,-0.10729960419801543,-0.17710199310533903,-0.09047981494208446,-0.0004679457182965585
2021-01-28,-0.04682581596256574,-0.04908120446965636,-0.03218943251290618,-0.13013692267138066,-0.10411892546231372,-0.030556910471891574,-0.017031556550615945,-0.05965580681416749,-0.08714025267300152,-0.20572451949487724,-0.08049065038239889,0.0
2021-01-29,-0.03942249308793766,-0.08161643632927007,-0.026115118307229346,-0.15372905545304394,-0.09953690040062102,-0.0310497189870933,-0.012165450573309755,-0.05674268325251175,-0.11477804830507077,-0.23553970742614883,-0.07617745496115003,0.0
2021-02-01,-0.04127335910825436,-0.0614111946299164,-0.02069106221039896,-0.13660576698643623,-0.09295634958414523,-0.02286840576257343,-0.007420932274921022,-0.05623606479054288,-0.1001463179239861,-0.15026838794355557,-0.07230226212498336,0.0
2021-02-02,-0.03201924081662888,-0.054490482252872896,-0.03168695713455194,-0.13378991642503135,-0.10772605410675073,-0.009364189027298409,-0.0024330529886538166,-0.06320227085861263,-0.11640383747020144,-0.15175910824345407,-0.07744974432702734,-0.011379153390987717
2021-02-03,-0.029242977087813204,-0.04271738752438947,-0.04538740992617962,-0.1278538523799192,-0.1068974159532654,-0.004435652654299793,0.0,-0.07541571226336119,-0.09608193803743226,-0.1684555878944216,-0.0882543211340654,0.0
2021-02-04,-0.03155650666071952,-0.04828573493780264,-0.04801811166511094,-0.12382037594220796,-0.12800388768507753,-0.005421344888200008,-0.0029182620379816226,-0.07778602070071727,-0.10047141373949675,-0.1249255030816705,-0.09078553377990572,-0.0036231884057971175
2021-02-05,-0.02554131565049922,-0.039058118435078004,-0.04095357564439184,-0.12245051054238443,-0.11728002709526508,-0.002464268186498919,0.0,-0.07009608360202202,-0.07137050088508301,-0.14639241564503547,-0.07826515657438016,-0.0063405797101449
2021-02-08,-0.029242977087813204,-0.04335372673561155,-0.044604098028507067,-0.13295277323278554,-0.10704361471408064,-0.012419857513438437,-0.0037671351943715514,-0.07787647865387837,-0.06714351107325844,-0.14072752211876083,-0.08786354538588081,0.0
2021-02-09,-0.035720902253942755,-0.045581065700976975,-0.04484053630261342,-0.12595126477251817,-0.10538627890415486,-0.012321340932495817,-0.005711522851793105,-0.0774603181450706,-0.062428877538167504,-0.1547406199280964,-0.08869605002188741,-0.013303769401330379
2021-02-10,-0.0329446385251273,-0.05377457788133466,-0.03737697986222521,-0.14802129263084118,-0.1028028391002006,-0.016461293436975444,-0.004617781616116923,-0.06971605235021505,-0.058852203392395386,-0.1320811169078434,-0.08658947387521498,-0.05188470066518858
2021-02-11,-0.031093843108129904,-0.04621746560263418,-0.03589901161049425,-0.1452054420694362,-0.11045575217447534,-0.006604220690978546,-0.006197619766148743,-0.0688476020755987,-0.06145340403908928,-0.14490162426029118,-0.08519640369662129,-0.040354767184035634
2021-02-12,-0.033870036233626055,-0.04414919626746561,-0.0385149844077598,-0.1455098630541043,-0.11206435506412937,-0.011335573495099172,-0.01117995088965551,-0.07311772974533914,-0.057063866319509216,-0.13178298706483282,-0.08850916783883123,-0.04434589800443478
2021-02-17,-0.03479543394212492,-0.03802401411271117,-0.04070233795521472,-0.14368339520846185,-0.13668048959983492,-0.019418370138676644,-0.013974984968822546,-0.08422747627298743,-0.04048118894026764,-0.04025044328509819,-0.08782960362831627,-0.019068736141907072
2021-02-18,-0.03433277038953508,-0.04860393488863102,-0.03750996317764632,-0.15966511949815565,-0.13555933491880878,-0.012715557663258714,-0.006562169273538365,-0.0754519089256922,-0.03072670201954464,-0.08109721734106279,-0.08096632102778478,-0.02394678492239488
2021-02-19,-0.04081062495234522,-0.054490482252872674,-0.030563681530682896,-0.15852355532124218,-0.134389447317511,-0.018432677904776318,-0.011301498296620749,-0.0708198146326453,-0.008291307680863058,-0.08497318963958267,-0.07824822619888838,-0.03725055432372526
2021-02-22,-0.04867661137956314,-0.09951477390294283,-0.03651974136260394,-0.20410953813710442,-0.11932734527327504,-0.031739711071172794,-0.022238447085851765,-0.07650134251196261,-0.0078036019400814505,-0.11955873939840611,-0.08590990966469991,-0.022616407982261832
2021-02-23,-0.05330367052537588,-0.0779571672399586,-0.017779594425554435,-0.17427697838802647,-0.12044844045134595,-0.03755542309712945,-0.022359994492817226,-0.05847971861240475,-0.00016254790775549477,-0.14162198273263782,-0.07186061424374268,-0.017738359201774023
2021-02-24,-0.05978159569150532,-0.07421845437120134,-0.023366162194542572,-0.17983255974907808,-0.12434802612036866,-0.044849635872188154,-0.02770687512371417,-0.06517448341565935,0.0,-0.14907572640182154,-0.0759038147295229,-0.007982261640798516
2021-02-25,-0.05793072967118884,-0.10237851276996557,-0.02812509029405108,-0.1963470062463497,-0.1350718867101809,-0.04869388822684717,-0.02782842253067952,-0.0770441576362626,-0.042573475340664024,-0.1720334303499308,-0.08212763137728263,-0.01596452328159681
2021-02-26,-0.0570053319626902,-0.12306102405034502,-0.006443806268610075,-0.21613390575084535,-0.1576407625708317,-0.04958106387980532,-0.03001581228852579,-0.059692003476496835,-0.047656869954578185,-0.17382235157768544,-0.0608818732869123,-0.014634146341463872
2021-03-01,-0.06625945025431579,-0.11868585058949532,-0.0013301855212395353,-0.2237442561804489,-0.16037046063855653,-0.05510100055244482,-0.032689298960727475,-0.049016549491486816,-0.02160445740855721,-0.1720334303499308,-0.049062284016201496,-0.028824833702883024
2021-03-02,-0.07273737542044523,-0.10731046028172142,0.0,-0.20038048268406095,-0.15520352152769246,-0.05697386843930308,-0.03645643415509903,-0.04498159901890186,-0.017950771317234104,-0.15354802947120816,-0.04174034215235656,-0.00532150776053264
2021-03-03,-0.07736443456625797,-0.11017419914874393,0.0,-0.19977164071472475,-0.16388006393949472,-0.06545095701714021,-0.039980567249046084,-0.03828683421564716,-0.015091354272051882,-0.16040551345437082,-0.035896365364306404,-0.023946784922395103
2021-03-04,-0.05654266841010036,-0.09919657395211456,-0.012908027780934472,-0.19254183103154787,-0.1712405794921391,-0.04386394363828794,-0.02697777610893437,-0.05077171688521076,-0.030976977590244648,-0.18127609524686894,-0.04568163635886313,-0.031042128603104624
2021-03-05,-0.04913934553547228,-0.07803673240027464,-0.01109949345181771,-0.172754931527052,-0.17231294174993828,-0.03351398717359244,-0.018228217077549513,-0.049939395867595326,0.0,-0.19469293337018334,-0.037051519213625594,-0.0031042128603108177
2021-03-08,-0.05052747739988006,-0.12178822424703051,-0.011318222895944419,-0.21362247617410857,-0.1822081641862655,-0.03923110741510982,-0.019807962514074795,-0.049667954602780284,-0.010228130904564647,-0.20572451949487647,-0.033450047615667056,0.0
2021-03-09,-0.06662962345837908,-0.10921959929625813,0.0,-0.20646878625268994,-0.1632464169700517,-0.04691961212442819,-0.030137359695491472,-0.024264031531673447,0.0,-0.2063208502657432,-0.002004669867397224,-0.005309734513274433
2021-03-10,-0.0570053319626902,-0.09752606972809041,-0.008506820133079462,-0.19330285446203488,-0.1608579088471842,-0.0463282118247873,-0.02782842253067952,-0.033727133247261176,-0.03303968287358805,-0.19737631521181553,-0.014423140793649147,-0.030530973451327492
2021-03-11,-0.04775121367106472,-0.0820141407499797,-0.02845194935827633,-0.18531196328600508,-0.1604679264790999,-0.04149826723622807,-0.02187389757846181,-0.05377529840002593,-0.012429214890786966,-0.20453192903798867,-0.03657584856823959,-0.017699115044247926
2021-03-12,-0.052841006972786486,-0.08877572280639145,-0.04724745088661375,-0.1954337432923453,-0.16183280526444,-0.0463282118247873,-0.02479038635108788,-0.0774965148074016,-0.01604783567849788,-0.22480625114446584,-0.05973093177982003,-0.027876106194690387
2021-03-15,-0.051452875108378926,-0.0810596015879288,-0.04687381160714221,-0.18660576698643583,-0.1572507802027474,-0.038541115331029885,-0.026248677094154127,-0.07860020968450188,-0.021397114237997172,-0.2593918009032893,-0.06646581894899295,-0.027433628318584202
2021-03-16,-0.05376640468128546,-0.08957125302868019,-0.03815142771590796,-0.20205476906855213,-0.15642214204926197,-0.04139967545178869,-0.02114470585017536,-0.06919136925974578,0.0,-0.23613596711216955,-0.0461912487618128,-0.01902654867256648
2021-03-17,-0.051452875108378926,-0.06769550710530237,-0.038654364138303254,-0.180289162194897,-0.15827440954027472,-0.04139967545178869,-0.022359994492817226,-0.06691151877555268,0.0,-0.24627309262298525,-0.0446792609218728,-0.012389380530973493
2021-03-18,-0.050064743243971144,-0.08280961028183387,-0.03909988084380933,-0.17747331163349211,-0.1556422368160485,-0.04563821974070714,-0.02345364301498709,-0.07244826000554705,-0.010972015059771856,-0.2602862615171666,-0.05152561314691306,-0.032743362831858414
2021-03-19,-0.0681103162746326,-0.07222975019634903,-0.04833952182668699,-0.1598173009593068,-0.1511576775948993,-0.053721016384284836,-0.030258814388950284,-0.0765737358366233,-0.03507959341492828,-0.24418604155222,-0.05567071991196704,-0.012831858407079566
2021-03-22,-0.06949837753572108,-0.08225277554049237,-0.061588402039427725,-0.1642313181434445,-0.15291247924536855,-0.06604235731678121,-0.036334886748133455,-0.08723105778780227,-0.0454334518359536,-0.23017294374288444,-0.0667363809305308,-0.02831858407079646
2021-03-23,-0.07505090499335176,-0.09354866137838547,-0.05638657310496087,-0.17343983519578077,-0.15929809838075715,-0.06436667299880072,-0.03694253106945444,-0.08444458884164052,-0.06845928554863434,-0.25223618707711637,-0.0647085431808807,-0.024336283185840912
2021-03-24,-0.08337955497315941,-0.10349218225264822,-0.061214762759956076,-0.18873665581674615,-0.15530098736823583,-0.0709708936897796,-0.041681860092536716,-0.07957731735144002,-0.05563280057262321,-0.2492546753924738,-0.062177249528459266,-0.020796460176991327
2021-03-25,-0.08245415726466065,-0.09275313115609662,-0.046198478994181946,-0.17427697838802647,-0.15920057303725854,-0.0665352410354797,-0.03998056724904586,-0.06521068007799069,-0.054396546245792154,-0.23375078619839396,-0.045324883374823544,-0.032743362831858525
2021-03-26,-0.07690170041034927,-0.08161643632927018,-0.0445890824425168,-0.17602738453427635,-0.1556422368160485,-0.06180381302786275,-0.037185533169878826,-0.06398026318006789,-0.026425577324463045,-0.23762675849691384,-0.04043224787754518,-0.02212389380530988
2021-03-29,-0.07921522998325581,-0.07835493235110336,-0.024758929690995357,-0.17351595495753935,-0.1654399339088768,-0.06998520145587961,-0.03755017539077521,-0.051965869715472235,-0.017153463545913183,-0.22898035328599675,-0.022764388469975416,-0.03230088495575234
2021-03-30,-0.07551356854594171,-0.06682047241313238,-0.02276150467066218,-0.16080668367506934,-0.17918594959099976,-0.06209951317768314,-0.03439059180421811,-0.04775000333656332,-0.010972015059772078,-0.21794876716130362,-0.017939717494406815,-0.04557522123893809
2021-03-31,-0.07458817083744296,-0.06880917658798491,-0.028121409126445784,-0.1667427477201816,-0.16461123625243657,-0.06200092139324409,-0.03463359390464282,-0.053612447122204365,-0.021789520435188225,-0.22242099914584457,-0.019502658473983803,-0.0013274336283185528
2021-04-01,-0.07088650940012875,-0.080105001735443,-0.05125662159652822,-0.18569250403243165,-0.15842066780404507,-0.05864955275728345,-0.03305384846811754,-0.08010200044190918,-0.027507321966938614,-0.2131783342489062,-0.04333722488949754,-0.00929203539822998
2021-04-05,-0.07643896625444024,-0.061172559839403395,-0.034501575616216695,-0.17305929444935442,-0.15817694369973112,-0.06515525686732004,-0.033418397975507275,-0.0663505716174222,-0.004172409934884658,-0.25134172646323905,-0.02986550639320007,-0.020796460176990994
2021-04-06,-0.07551356854594149,-0.059581560085260166,-0.03710245582347571,-0.17587514501075951,-0.15110894467462754,-0.06525377344826244,-0.035727335140319005,-0.06989703566186922,0.0,-0.26774000518635055,-0.038002860504397384,-0.019026548672566146
2021-04-07,-0.08014062769175434,-0.059342925294747495,-0.04502014143887745,-0.17876705727155717,-0.15179138406729764,-0.06604235731678132,-0.037185533169878826,-0.07812978788486258,0.0,-0.24865834462160696,-0.04980973174184422,-0.007964601769911317
2021-04-08,-0.06394592068140958,-0.055285951784726506,-0.04287909860637251,-0.1742769783880267,-0.14365096328143978,-0.05234103221612518,-0.029529715374170262,-0.07559662816968493,0.0,-0.24806201385074023,-0.046598954885489374,0.0
2021-04-09,-0.06394592068140958,-0.06069522956794304,-0.04710376455449328,-0.17640786721833712,-0.15023151409791557,-0.0736322702416603,-0.03439059180421811,-0.07856401302217053,0.0,-0.2468694233938522,-0.054328683879591555,-0.004312203536007031
2021-04-12,-0.06394592068140958,-0.050910839014311926,-0.028954885780671402,-0.16286145274362152,-0.1561296850246765,-0.05924095305692423,-0.03511969081899813,-0.06349177675192785,0.0,-0.23643409695518047,-0.03518285939622734,-0.018542475204829767
2021-04-13,-0.07551356854594149,-0.04749026540594847,-0.0190685535233297,-0.16590560452793612,-0.14881796189525898,-0.06564806538252155,-0.037914724898165275,-0.05171256048448758,0.0,-0.21914135761819176,-0.026195989266950326,0.0
2021-04-14,-0.07597630270185052,-0.03842177922385548,-0.018292565105941683,-0.16057832438979425,-0.1543260909509805,-0.06978801788700095,-0.038643823912945074,-0.05040981766723296,0.0,-0.21943948746120223,-0.028897153720355395,0.0
2021-04-15,-0.07458817083744274,-0.03706941426022514,-0.026899972523500404,-0.16362247617410863,-0.1394589205878315,-0.05864955275728334,-0.034998143412032334,-0.06054245652794277,0.0,-0.20751344072263211,-0.03966770776324813,-0.006734006734006703
2021-04-16,-0.06903571398313124,-0.03126243205629908,-0.03455906385305474,-0.15768641212899648,-0.13282963685108395,-0.05598817620540264,-0.03086645871027105,-0.06551825059980665,0.0,-0.20095408658247993,-0.04610635386461204,-0.014309764309764383
2021-04-19,-0.06672218441022504,-0.034126170923321486,-0.038323892426421424,-0.16666662795842313,-0.13750912775332014,-0.05234103221612507,-0.029529715374170262,-0.07043985078616899,0.0,-0.18038163463299228,-0.05106687287701872,-0.0033670033670033517
2021-04-20,-0.07551356854594149,-0.04168322251158729,-0.040723598064722366,-0.17351595495753935,-0.13365827500456917,-0.06288809704620191,-0.02418274202976689,-0.07185118359041553,-0.012718429396167852,-0.18694098877314413,-0.05794716685962298,0.0
2021-04-22,-0.06533405254581737,-0.046456100393146293,-0.03723182148634829,-0.17732113017234108,-0.1317572745932848,-0.053721016384284725,-0.01810666967058372,-0.06740007260902114,0.0,-0.18038163463299228,-0.05410777893239005,0.0
2021-04-23,-0.06533405254581737,-0.03667170983951551,-0.06059691838383352,-0.1575342306678451,-0.13380453326833952,-0.04977817224518666,-0.015068633490991967,-0.08786433086526535,-0.0023709648002918637,-0.18604652815926692,-0.07529221504071726,0.0
2021-04-26,-0.06533405254581737,-0.035558040356832854,-0.04859818463248289,-0.15852355532124196,-0.13273217101054047,-0.054608116833746,-0.015554730405347383,-0.08140481066449445,0.0,-0.16815745805141125,-0.06951620277437676,0.0
2021-04-27,-0.06533405254581737,-0.04526292644058283,-0.056731434006039305,-0.16331805518944043,-0.13331708505971174,-0.05342531623446434,-0.01591927991273745,-0.09110315698256588,-0.0008234636026783759,-0.14341090396039335,-0.07663433207967396,0.0
2021-04-28,-0.06255778881700202,-0.032057901588153026,-0.053340176192195665,-0.13812781384741002,-0.1356568602623074,-0.04859537164590488,-0.015797825219278416,-0.09307543694494302,-0.007685939526525076,-0.1279070147663135,-0.07396710938383333,-0.013299784327821751
2021-04-29,-0.06070699340000463,-0.040330918238391855,-0.06893127380639952,-0.15433783936001344,-0.13814283422571827,-0.047806787777386006,-0.01591927991273745,-0.10930569678844582,-0.006999754761984001,-0.13208111690784397,-0.09258631008217488,0.0
2021-04-30,-0.06811031627463282,-0.050910839014311704,-0.07058383792565448,-0.15730587138256957,-0.13853275709084756,-0.05243962400056423,-0.016526924234058438,-0.11321399264553866,-0.019352232367522593,-0.12611809353855885,-0.09343574509367292,0.0
2021-05-03,-0.0676475821187239,-0.0480471001472893,-0.061502203944145295,-0.14764075188441417,-0.1267852671635079,-0.056875276654864027,-0.018714313991904707,-0.09940830253022159,-0.045978567747158916,-0.1156827670998869,-0.07588680334744957,-0.010472972972973005
2021-05-04,-0.07782709811884814,-0.05799062102155195,-0.05802467951507051,-0.16933023899631083,-0.134389447317511,-0.06170522124342348,-0.023089093507597247,-0.0980512310168048,-0.039253370661449294,-0.11538463725687631,-0.07615866143428796,0.0
2021-05-05,-0.07320003897303529,-0.04327422226573041,-0.06068311647911606,-0.15981730095930669,-0.13034366288767318,-0.06259239689638141,-0.021509348071071965,-0.09926358328622886,-0.01880322172804627,-0.12403104246779362,-0.07539420232657235,0.0
2021-05-06,-0.0773644345662583,-0.04184235283221893,-0.07693522603703218,-0.16042614292864277,-0.11503777723616826,-0.06357808913028173,-0.02187389757846203,-0.11352163057268472,-0.0037057956381978396,-0.12701255415243617,-0.09066661611855831,0.0
2021-05-07,-0.07088650940012875,-0.02394401525854617,-0.08572941883435226,-0.14710802967683678,-0.10743359708216516,-0.060325237075263494,-0.01956496041365008,-0.12497507687914988,0.0,-0.1180680190985085,-0.10413315019365277,0.0
2021-05-10,-0.07134924355603789,-0.02633042385410833,-0.08532706969643589,-0.14117196563172452,-0.10431391664635592,-0.06062093722508399,-0.021023251156716327,-0.12687496351686456,0.0,-0.12581996369554838,-0.1105769807162198,-0.03202846975088969
2021-05-11,-0.059781595691505984,-0.018375607154697993,-0.08920687474347821,-0.14117196563172452,-0.1050938218795694,-0.050468164329266596,-0.019807962514074573,-0.13172417037856643,0.0,-0.11896247971238572,-0.11283641628180285,-0.01714655451310254
2021-05-12,-0.07088650940012886,-0.04383105700707146,-0.08896260112687882,-0.16255703175895309,-0.11157690685550181,-0.056579576505043416,-0.02187389757846181,-0.13107276526727296,-0.020093770520285825,-0.11478830648600957,-0.11300628708278615,-0.019734713684891658
2021-05-13,-0.06764758211872379,-0.03643307504900284,-0.07985225728692513,-0.14429217911543168,-0.11099193330337509,-0.052538140581506076,-0.02333209560802163,-0.12499320891298049,-0.04501005414161641,-0.11359571602912155,-0.09909283969866678,-0.06955677774183122
2021-05-14,-0.06625945025431612,-0.025137189211109745,-0.07927744343849541,-0.13302889299454335,-0.10411892546231372,-0.04879248001128622,-0.020172604734970956,-0.12305712561293292,-0.06818491444398156,-0.11717355848463107,-0.09831136920887829,-0.11355548366224533
2021-05-17,-0.05885619798300712,-0.018057407203869502,-0.08052758989988551,-0.13242005102520726,-0.08969047038752087,-0.04613110345940563,-0.019807962514074573,-0.12853960555209565,-0.04246481050434214,-0.07304714290101322,-0.10480096844987907,-0.15561307020381765
2021-05-18,-0.06764758211872368,-0.01813697236418521,-0.07943551895981227,-0.13013692267138,-0.08954421212375052,-0.04484963587218804,-0.021023251156716327,-0.1267845055637037,-0.03737442543199587,-0.1019677991335618,-0.10446114584133104,-0.14817211258492402
2021-05-19,-0.07227464126453653,-0.0196484069580124,-0.07656158675756053,-0.13584468549358264,-0.08296366130727462,-0.05184814849742636,-0.023575190421952663,-0.125879791221426,-0.04755529777889067,-0.11627909787075363,-0.10649975746629392,-0.14817211258492402
2021-05-20,-0.06394592068140958,-0.02036431132955041,-0.07204954814519893,-0.11948247851982796,-0.08271993720296089,-0.04484963587218804,-0.02114470585017536,-0.12117537100904896,-0.07166776108191253,-0.1279070147663136,-0.09826041606924141,-0.14008411517308317
2021-05-21,-0.06302052297291094,-0.019250641846867866,-0.0724806071415598,-0.11986296120388862,-0.085205970669327,-0.044553935722367655,-0.018714313991904707,-0.12197149536433338,-0.07394513274788517,-0.13357190829258836,-0.10279629858248018,-0.14655451310255585
2021-05-24,-0.06394592068140958,-0.008273016650238163,-0.06180396579758196,-0.10304409372194889,-0.08135511792057626,-0.04879248001128644,-0.02041560683539556,-0.10930569678844593,-0.07568655606685049,-0.13953493166187358,-0.08912068652105376,-0.14946619217081858
2021-05-25,-0.06394592068140958,-0.01614826818933257,-0.06679023097389414,-0.11643832673551346,-0.07477456710410046,-0.04514533602200854,-0.01676992633448282,-0.1159823969632019,-0.09578032658713631,-0.13148478613697745,-0.09647665114904391,-0.19734713684891625
2021-05-26,-0.06533405254581737,-0.009625320923433822,-0.06213443750946379,-0.10768641212899621,-0.07321469713471818,-0.04337105991958956,-0.017256023248838237,-0.11352163057268505,-0.08774283881946221,-0.11031607450146896,-0.09440409776651693,-0.19184729860886462
2021-05-27,-0.05700533196269042,-0.0051706429927033115,-0.07003773393566881,-0.1069253886985091,-0.07594445470539801,-0.039428290983987924,-0.013367340647501114,-0.1198364315294631,-0.07608841512490372,-0.11806801909850861,-0.09783569856349217,-0.14008411517308328
2021-05-28,-0.05830090287525247,0.0,-0.082654312063142,-0.09817347409199206,-0.0726297830855469,-0.03390827910785177,-0.01373189015489118,-0.1369714057152437,-0.08653715944310014,-0.109719743730602,-0.1101182404463249,-0.15011323196376591
2021-06-01,-0.05145287510837915,0.0,-0.08331532400685426,-0.08066964487895778,-0.07243479190150459,-0.0309512024061509,-0.0074128156952836255,-0.13793038134835145,-0.07046218390775227,-0.07453786320091182,-0.11378775757257431,-0.10870268521514082
2021-06-02,-0.044049552233751066,0.0,-0.09624805317696117,-0.07884317703331523,-0.07019254204240766,-0.02493838201481291,-0.0042532321087265235,-0.14902199584217068,-0.07273945337152288,-0.08318426841182913,-0.12515289992219947,-0.12649627952119058
2021-06-04,-0.03248190436921905,0.0,-0.11546029303241157,-0.06004560218221611,-0.07882035153393818,-0.014489833765678362,0.0,-0.16706168437022728,-0.08372404383452436,-0.07662498535652273,-0.13762232398808827,-0.11646716273050806
2021-06-07,-0.04034796139975605,0.0,-0.1175870151956685,-0.055936005982746395,-0.07540821407354326,-0.017052693736616775,-0.005690684249285649,-0.16726073231038185,-0.08774283881946232,-0.0846750597965732,-0.1430076415128253,-0.12099644128113896
2021-06-08,-0.03387003623362661,-0.007541175368446118,-0.11640867764036422,-0.06925411923455249,-0.07765052343559542,-0.014884125699937911,-0.008838791135823643,-0.16461898260821273,-0.10167453197779142,-0.06738224937473858,-0.14290573523355155,-0.12002588159171801
2021-06-09,-0.03201924081662921,-0.006855529439769414,-0.1196562491220875,-0.061872128090224465,-0.07716307522696753,-0.01596840971827751,-0.013318785844484093,-0.1677492861438501,-0.09122578765959499,-0.06708411953172799,-0.14465547738960338,-0.1061145260433517
2021-06-10,-0.034795433942125364,-0.004037163194889115,-0.11449751923526197,-0.06385077739701783,-0.07667562701833974,-0.017151285521055826,-0.01804089998592162,-0.1645828533512117,-0.08640327455855024,-0.06112109616244277,-0.14013660625843705,-0.09543836945972184
2021-06-11,-0.03877470763165669,-0.008683724864782527,-0.11613569416532032,-0.07153724758837976,-0.08486472122151423,-0.0193198535577348,-0.01804089998592162,-0.16385905491525765,-0.07702612032776235,-0.017292810421835392,-0.1413257828719019,-0.11420252345519255
2021-06-14,-0.038034431826849624,-0.00441805177062593,-0.11040215043006496,-0.0703195636497076,-0.09139653911771839,-0.015574117784017627,-0.016224680921505863,-0.15611485652573276,-0.0870730055879052,-0.0005963307708674037,-0.1307080882479198,-0.14687803299902946
2021-06-15,-0.03895982953534849,-0.004037163194888893,-0.11905272541521328,-0.06438349960459555,-0.09602729709968283,-0.01862986147365464,-0.019978132578356567,-0.168201643314989,-0.09738786502155172,-0.03398929007280305,-0.14062928828589583,-0.1362018764153996
2021-06-16,-0.04312415452525231,-0.01074043018906301,-0.12148120943190743,-0.05197864930679352,-0.09359005605654369,-0.015475601203075895,-0.019251681903285744,-0.17095191559881961,-0.12391158487509601,-0.030709648545149903,-0.1431435705562446,-0.1290844386929797
2021-06-17,-0.045437684098158626,-0.02049057332738502,-0.12945638328414688,-0.05532722207577634,-0.1353643437347669,-0.02513549038019447,-0.022278682885065737,-0.17451644427176716,-0.14989956078603706,-0.030113317774283166,-0.14135980563604744,-0.18084762212876104
2021-06-18,-0.06209512526441241,-0.018890887801639056,-0.14305005587801745,-0.06293757250537979,-0.1382403000662621,-0.042878251404387724,-0.03596069406708524,-0.17853326271052317,-0.13208305972952183,-0.041443104826832555,-0.14932728894626146,-0.15205435134260759
2021-06-21,-0.0523782728168779,-0.010435672836123677,-0.13286196176723852,-0.06773207237357814,-0.1314647580657441,-0.03400687089229104,-0.031359685830405715,-0.16326197850012636,-0.1133288534701481,-0.04859871865300558,-0.13427561808831434,-0.14687803299902946
2021-06-22,-0.05469180238978433,-0.013863437556008273,-0.1421591595069024,-0.07610344623366871,-0.13414572321319718,-0.039231107415110045,-0.034749912149720896,-0.1781894955263762,-0.11091759691962566,-0.028622597474384892,-0.14835893627341712,-0.14623099320608213
2021-06-23,-0.05469180238978433,-0.01660567257809087,-0.14993315879018376,-0.07184166857304786,-0.13122103396143026,-0.03164119449023106,-0.03378124966513385,-0.1894077646356861,-0.10475551955766893,-0.006261224297142598,-0.15787243018771668,-0.14040763506955667
2021-06-24,-0.04960207969138175,-0.009369254562584306,-0.14909968213595803,-0.07929977947913436,-0.13448697266100995,-0.025332673949072793,-0.029543466765989512,-0.19063818153360867,-0.09055595442803821,0.0,-0.15649637139119588,-0.1546425105143966
2021-06-25,-0.04821394782697419,-0.02513707688184119,-0.1580807288329883,-0.10045660244581922,-0.13399952445238206,-0.025036898595755197,-0.0291802414284541,-0.1986356891541181,-0.09685201887674666,0.0,-0.16541519599218169,-0.17631834357813003
2021-06-28,-0.049139345535472834,-0.025594154795813062,-0.15994878819044922,-0.09969552095296641,-0.1325371798264986,-0.025135490380194248,-0.03063323515533445,-0.19755005890551824,-0.09310119806531236,0.0,-0.16495653672886856,-0.12584923972824325
2021-06-29,-0.04682581596256641,-0.026051174594347914,-0.15618395961708242,-0.09718414943859532,-0.1407262740296732,-0.024248389930733083,-0.030512129250576225,-0.19436549407904924,-0.0802410949943918,0.0,-0.16335965399172747,-0.10126172759624719
2021-06-30,-0.0523782728168779,-0.028945730177463158,-0.15290767827691454,-0.10197864930679368,-0.13682668836065048,-0.031049718987093078,-0.02954346676598929,-0.18891921080221763,-0.08533158226894011,0.0,-0.15821217178968328,-0.06826269815593644
2021-07-01,-0.051915609264288065,-0.037781833718715685,-0.15376986478958488,-0.11339417495119886,-0.1343407143972397,-0.02533267394907235,-0.025305683866844952,-0.19094575205542463,-0.08908240308037452,0.0,-0.15581680718068114,-0.06858621805241016
2021-07-02,-0.04497502054556879,-0.024222979169334802,-0.14121077489894962,-0.10730587138256986,-0.13107483520061525,-0.021685529959794225,-0.023126239464893783,-0.18182641752398432,-0.07983923593633835,0.0,-0.142922341582718,-0.09770300873503712
2021-07-06,-0.04636308180665727,-0.04197137559007469,-0.13270388624592155,-0.12138506612722877,-0.12576163782598093,-0.027205466632433728,-0.021189006872458838,-0.17004720125654393,-0.08492972321088665,-0.01702701701309861,-0.13555673717155314,-0.15108379165318664
2021-07-07,-0.042661490972662586,-0.028031690580393787,-0.11764450343250621,-0.11339417495119886,-0.12186205215695822,-0.02897974273485271,-0.019251681903284856,-0.15010762609077066,-0.07300742754502654,-0.028108132489847226,-0.11740624055260573,-0.15561307020381743
2021-07-08,-0.042661490972662586,-0.040828767978300484,-0.11372159933782255,-0.12305929444935426,-0.12278821565394205,-0.02414979814629359,-0.02227868288506496,-0.1444622948737846,-0.07769595355931946,-0.0032432658834293804,-0.11130741705978997,-0.17437722419928825
2021-07-12,-0.041273359108254914,-0.023842206824472134,-0.10745640932172729,-0.10273967273728113,-0.11991225932244676,-0.02414979814629359,-0.0204624638206492,-0.13668189982192835,-0.062290709053326454,0.0,-0.10677153454655097,-0.133937237140084
2021-07-13,-0.04775121367106505,-0.018433868003104426,-0.11837732428230441,-0.09893449752247929,-0.11801119940820715,-0.028191234069830817,-0.022157576980306848,-0.15168181017284055,-0.06162087582176956,-0.014137095831547875,-0.12124562847983855,-0.12390812034940135
2021-07-14,-0.04682581596256641,-0.01614865277955646,-0.1267405266032121,-0.09155244831578535,-0.11074820919906136,-0.021488421594413,-0.01925168190328508,-0.15542725475210994,-0.07166776108191253,-0.02373965989008453,-0.12299545164247161,-0.11614364283403422
2021-07-15,-0.04312415452525231,-0.024756246421541617,-0.13814998879698792,-0.09665142723101783,-0.10874968344427827,-0.022178413678492936,-0.01707223750133413,-0.16603031541245938,-0.07139988911061101,-0.036009599320701136,-0.13870959432227947,-0.26981559365901
2021-07-16,-0.03775674897131265,-0.03542048727237035,-0.1329769382409144,-0.11286145274362158,-0.11552522544479638,-0.015278417634197128,-0.013439799372502614,-0.15779756318946414,-0.09484262138427779,-0.020005347088221992,-0.13189726486138476,-0.28049175024263984
2021-07-19,-0.03757169767094071,-0.04768435553350747,-0.1327470538135116,-0.12077622415789302,-0.11835244885601981,-0.01429272540029669,-0.012350123359896492,-0.1576528439454714,-0.10435366049961559,0.0,-0.1309799463347583,-0.28049175024263984
2021-07-20,-0.03063110895222143,-0.039076761891522316,-0.11050273771454411,-0.11035002316688458,-0.11728002709526542,-0.013307033166396254,-0.011381460875309668,-0.13271934267400565,-0.09229737774700375,0.0,-0.10796079216659704,-0.26010999676480095
2021-07-21,-0.034795433942125364,-0.036410716207674554,-0.11663863058771573,-0.1116437688049493,-0.12117961276428812,-0.012419857513438215,-0.011381460875309668,-0.14075304695684454,-0.08225049248686078,0.0,-0.11322711102340632,-0.26010999676480095
2021-07-22,-0.03387003623362661,-0.03435406899883131,-0.12139501133662511,-0.11491622181217365,-0.1201559834267607,-0.016264109868097343,-0.012834454602190237,-0.14891340585517732,-0.08278633863166596,0.0,-0.11876528796705399,-0.26949207376253637
2021-07-23,-0.04034796139975605,-0.04227601671213976,-0.12071961020371624,-0.12077622415789302,-0.12191078507722974,-0.016756993586795832,-0.012955560506948238,-0.1458193663871994,-0.08747486464595888,0.0,-0.11667572320245423,-0.29181494661921714
2021-07-26,-0.039422493087938326,-0.03488727813560055,-0.12436953082335578,-0.11339417495119908,-0.12322693094229809,-0.014489833765677917,-0.015498230246434819,-0.14929343710698595,-0.06296054228488357,0.0,-0.11696459267136539,-0.2885797476544808
2021-07-27,-0.048676611379563806,-0.04570383954746171,-0.12238649499221899,-0.11757989091242727,-0.12283694857421368,-0.02414979814629381,-0.01586145558397023,-0.15177226812600142,-0.08479573612413482,-0.0319357076614083,-0.12078696921652543,-0.28987382724037536
2021-07-28,-0.04497502054556901,-0.03336378194808953,-0.12245830389830481,-0.11301363420477273,-0.12283694857421368,-0.02375550621203415,-0.019251681903285522,-0.1482439361153851,-0.07916950490698316,-0.014139464747414898,-0.12185722816864364,-0.28922678744742814
2021-07-29,-0.045900418254067765,-0.03877206265402011,-0.12968626771154956,-0.11377471569762565,-0.1073848641618933,-0.022079821894053775,-0.014892793099383184,-0.15781569522329475,-0.07260546628477094,-0.01048274470335353,-0.13108185261403205,-0.27790359107085094
2021-07-30,-0.05607993425419189,-0.06718464181015127,-0.13225843806036408,-0.13622522624000943,-0.11645138894178009,-0.0352882632760112,-0.023368358897671415,-0.15986030110500216,-0.10127267291973796,-0.04583134844937298,-0.1369258294020822,-0.29213846651569075
2021-08-02,-0.050527477399880505,-0.062309570240990375,-0.11136492422721411,-0.12815827336458696,-0.11377042379432689,-0.03173971107117257,-0.021552232209994693,-0.14098829155933024,-0.10301409623870339,-0.04071191713867994,-0.1151297936049499,-0.2769330313814301
2021-08-03,-0.04682581596256641,-0.053397335476940366,-0.11744332886354791,-0.1189497563122508,-0.1176700094633496,-0.02957121823799047,-0.024216007854239274,-0.14314148742802923,-0.09068994151478993,-0.01828383271037637,-0.12092281725336318,-0.28760918796505996
2021-08-04,-0.04682581596256641,-0.0681748707454558,-0.11396587295442195,-0.1407914248852985,-0.1174750182793074,-0.03568255521027086,-0.017193343406092576,-0.1372971082708906,-0.08412590289257782,0.0,-0.11715139384784001,-0.29375606599805903
2021-08-05,-0.06376086938103787,-0.06802255018442338,-0.12115066920007689,-0.14459660010010023,-0.12010725050648874,-0.03962539934936882,-0.031117566397628305,-0.14603647895585448,-0.1074347502816948,-0.004329034612322702,-0.12201008758755416,-0.2808152701391138
2021-08-06,-0.059781595691506206,-0.05911031542037315,-0.10840479392968005,-0.12488582035736306,-0.14209115281501283,-0.04189255917048662,-0.0286959101861608,-0.13536102497084457,-0.10435366049961536,-0.004329034612322702,-0.10892906383286016,-0.2817858298285346
2021-08-09,-0.0671848479628151,-0.05911031542037315,-0.1135922336749502,-0.12130894636547085,-0.1599317453502005,-0.04189255917048662,-0.03051212925057656,-0.14078924361917566,-0.09631617273194126,-0.023569035538932637,-0.11117156902295189,-0.2879327078615337
2021-08-10,-0.0690357139831318,-0.06413770755056658,-0.11787438785990878,-0.13242005102520793,-0.15729951312301904,-0.04583532810608826,-0.030754248683353747,-0.14187487386777542,-0.09135967254414468,-0.01659446066139303,-0.1112055107805161,-0.28922678744742814
2021-08-11,-0.07273737542044578,-0.06619441287484717,-0.1265393520342537,-0.13660576698643612,-0.1467706437172489,-0.048792480011286,-0.03063323515533467,-0.15121138837320103,-0.08908240308037407,-0.023809518348597458,-0.11859541716607047,-0.28016823034616656
2021-08-12,-0.07736443456625852,-0.07716329484774087,-0.11984303450184886,-0.16377471569762603,-0.14745308310991878,-0.0537210163842845,-0.032207242410234094,-0.1444804269076153,-0.09819158313765841,-0.05411253127595328,-0.11351589948573615,-0.26625687479780036
2021-08-13,-0.08661855285788411,-0.0720597133793125,-0.11456939666129629,-0.1571536899214192,-0.1346819638450516,-0.06535236523270094,-0.03971423810067454,-0.1392512561994369,-0.10046885260142902,-0.07142855504579249,-0.10773988721939554,-0.2646392753154322
2021-08-16,-0.094021805129193,-0.08676111742503023,-0.11143680165324854,-0.17290711298820371,-0.128978784102333,-0.07343516187627863,-0.04794768446618558,-0.13387736624726598,-0.1099798917167667,-0.0509860253914064,-0.1085383690912568,-0.2691685538660631
2021-08-17,-0.08754395056638287,-0.09795856741262832,-0.11011477776582423,-0.1809740658636263,-0.1299049475993168,-0.07668801393129676,-0.04346768975752524,-0.12937192656971142,-0.12819825183133549,-0.07720060119555572,-0.10646581570872982,-0.27758007117437755
2021-08-18,-0.08754395056638287,-0.1061090831406416,-0.1095256432481464,-0.1809740658636263,-0.13156228340924248,-0.0828979426880162,-0.05109569897598487,-0.12575313660593423,-0.14708644517746106,-0.07359307235195367,-0.10058781615653423,-0.27305079262374665
2021-08-19,-0.09772346656650721,-0.10306214888105669,-0.09548645394876965,-0.1749618820567559,-0.13224472280191246,-0.08230654238837531,-0.05000602296337875,-0.11397398774382406,-0.1694574851615176,-0.07888409554266151,-0.08626666264873861,-0.2882562277580074
2021-08-20,-0.09032014369187913,-0.09574954152731519,-0.09196589899200247,-0.17503800181851437,-0.13185474043382805,-0.07146377740847787,-0.039835251628693724,-0.1075686614285547,-0.16490289513287537,-0.07383355516161849,-0.08023580367763217,-0.30281462309932095
2021-08-23,-0.09494720283769187,-0.10230042984501975,-0.09663601312568071,-0.17374425618044964,-0.12103341400347212,-0.07254806142681747,-0.04104612592279688,-0.11382920109450123,-0.16409912591566755,-0.05122656554079685,-0.08619869812702885,-0.3037851827887418
2021-08-24,-0.08476768683756741,-0.07891530093451904,-0.09236824812991862,-0.15677314917499308,-0.11986352640217457,-0.061212412728221643,-0.0386244697113296,-0.11247212958108632,-0.13369059816393714,-0.06301108331026306,-0.08604583870811822,-0.2953736654804274
2021-08-25,-0.07828983227475728,-0.07602068723596689,-0.1143682220923381,-0.16156770710555735,-0.12834513713288975,-0.05569240085208549,-0.028938121995677135,-0.13499919315819708,-0.12565311039626326,-0.06277054316087238,-0.10882715755358652,-0.28663862827563924
2021-08-26,-0.07292242672081772,-0.09186469889345861,-0.11872218518338273,-0.17283099322644568,-0.1263953442983784,-0.04849677986146583,-0.02615324044667444,-0.14294243948787666,-0.1370395599173182,0.0,-0.11473909886334632,-0.28469750889679735
2021-08-27,-0.0664445721580077,-0.07541134687639972,-0.11310368644175162,-0.1533485147066178,-0.1145015961072684,-0.047313904058687295,-0.02288412003211726,-0.13660950649726777,-0.1239115848750959,0.0,-0.1078418745052504,-0.27790359107085105
2021-08-30,-0.06857297982722255,-0.08363799382721071,-0.11911021365205099,-0.16651444649727276,-0.1182061905922488,-0.04504681944106648,-0.023973796044723272,-0.1431233553942004,-0.1276624056865303,-0.014874155359878793,-0.11613216904194001,-0.30087350372047894
2021-08-31,-0.07801222002253971,-0.09178850955522388,-0.12173987223770333,-0.16202430955137648,-0.11528150134048187,-0.05864955275728345,-0.034386686812185485,-0.14715830586678547,-0.1393168293810888,0.0,-0.11951281669927816,-0.3089615011323198
2021-09-01,-0.07810471037106581,-0.08676111742503045,-0.12633817746529574,-0.15578382452159634,-0.11620766483746592,-0.05864955275728345,-0.04588925359225382,-0.15345504219506312,-0.13811125220692844,0.0,-0.12522086444390934,-0.33290197347136863
2021-09-02,-0.08199149371207126,-0.10763252121271571,-0.11810434080726018,-0.183257194217454,-0.11835244885601937,-0.06357808913028185,-0.03378124966513407,-0.14768305636258494,-0.1461486888735014,0.0,-0.11922402823694855,-0.3319314137819478
2021-09-03,-0.07764204681847608,-0.10748020065168307,-0.11626499130824397,-0.19048700390063078,-0.10753106292270842,-0.06850662550328035,-0.03366023613711511,-0.14723069919144605,-0.14668453501830658,0.0,-0.11969969888233434,-0.34260757036557765
2021-09-08,-0.09124561200369674,-0.13124616002248368,-0.12060463373004049,-0.22070010439613508,-0.12712651661132046,-0.06850662550328035,-0.03656613121413688,-0.15193511940382498,-0.16396518993001663,0.0,-0.12177225226486144,-0.3552248463280494
2021-09-09,-0.09355914157660317,-0.11593541561719867,-0.09670789055171514,-0.20471838010644106,-0.12386057791174077,-0.07244946964237864,-0.03632401178135969,-0.12673024427287272,-0.162357702596702,0.0,-0.09611989816500477,-0.35813652539631213
2021-09-10,-0.07967796413916484,-0.12614257855405542,-0.11732835238987238,-0.20593606404511333,-0.12766269774022,-0.06170522124342359,-0.031359685830405826,-0.14350331924067727,-0.16275956165475558,-0.018485377183773855,-0.11720242799405822,-0.34940148819152406
2021-09-13,-0.07597630270185085,-0.10725169075241581,-0.10985611496002834,-0.19733633089974723,-0.12649281013892222,-0.05835385260746295,-0.030148903913041813,-0.13633813263778316,-0.1607501641622866,0.0,-0.10862326398845767,-0.3571659657068912
2021-09-14,-0.07366277312894443,-0.11007005699729633,-0.11560397936453182,-0.19870619629957043,-0.12030224169053083,-0.05933954484136317,-0.025305683866846174,-0.14243582102590635,-0.16342934378521157,0.0,-0.11436533449723407,-0.34907796829505033
2021-09-15,-0.07643896625444058,-0.11768736358854004,-0.11186786064960974,-0.20449007888353166,-0.12629781895488001,-0.05963524499118367,-0.029059135523696877,-0.13603049471063677,-0.17079704942242957,0.0,-0.10999932278497848,-0.309608540925267
2021-09-16,-0.06764758211872401,-0.12858011433863592,-0.11346293653202677,-0.20509892085286763,-0.14472338504219417,-0.053721016384284725,-0.02482135262455276,-0.1360486267444676,-0.2077696157963721,-0.022893772733822648,-0.1129213111790035,-0.31478485926884514
2021-09-17,-0.0806033618476637,-0.14686166178070814,-0.11189663902800295,-0.22382037594220838,-0.1472580919258769,-0.05519959233688365,-0.02772724770157453,-0.13358786035395076,-0.24112524624343012,-0.0650183180573689,-0.10695841672960671,-0.31769653833710787
2021-09-20,-0.08014062769175467,-0.16598111759705225,-0.10933878934843655,-0.2480973543302345,-0.14121372223830075,-0.06505666508288066,-0.030754248683354635,-0.12977002245002078,-0.2644340425314462,-0.08699631892196369,-0.10136928664632239,-0.3248139760595278
2021-09-21,-0.0750509049933521,-0.15676418359549982,-0.10323174337360663,-0.24086754464705762,-0.13429198147696775,-0.05352390801890339,-0.027485128268797343,-0.119999282807287,-0.26550568371995553,-0.11996340755166823,-0.09567816927718287,-0.33096085409252685
2021-09-22,-0.07782709811884825,-0.14137719173654284,-0.11270133730383558,-0.21080668367507027,-0.1339507915321102,-0.062395213327502974,-0.026516465784210297,-0.1264768676365583,-0.2401875410405716,-0.11996340755166823,-0.1049028747291526,-0.31996117761242326
2021-09-23,-0.0769017004103496,-0.12621876789229036,-0.11219840088144006,-0.21392689715877744,-0.14808678958231736,-0.0633809807649004,-0.02918024142845488,-0.12886530810774321,-0.2187542062593737,-0.0886447257531362,-0.10170902824828909,-0.31510837916531886
2021-09-24,-0.08411990138128644,-0.13223644707322524,-0.10577513534402783,-0.2181886748193983,-0.14711189316506168,-0.060522420644141595,-0.03220724241023498,-0.13051188551447346,-0.2246483605489279,-0.058608089638398475,-0.09929673326379518,-0.3183435781300551
2021-09-27,-0.08411990138128644,-0.13193174783572303,-0.10234077848254297,-0.2115677071055576,-0.14696563490129133,-0.06101522915934321,-0.03257046774777039,-0.1280872483809592,-0.2187542062593737,0.0,-0.0933338388143986,-0.3018440634098998
2021-09-28,-0.08411990138128644,-0.1576020919697717,-0.09439438300869685,-0.2370623694322559,-0.15388737566262445,-0.06416948942992273,-0.03232834831499298,-0.12112110971821799,-0.2549230034161084,0.0,-0.08426207378792072,-0.31090262051116146
2021-09-29,-0.08411990138128644,-0.14990859604029316,-0.08889079222079266,-0.23135460661005325,-0.16085790884718454,-0.07057660175552005,-0.030754248683354413,-0.11949259693998804,-0.24139316931583277,-0.06231806858503608,-0.07794242635448456,-0.3024911032028471
2021-09-30,-0.08411990138128644,-0.15143203411236683,-0.09779996149178849,-0.23325719421745406,-0.14438213559438173,-0.06535236523270105,-0.02966457267074818,-0.12497507687915077,-0.22357671936041856,0.0,-0.08020186192006762,-0.30540278227110984
2021-10-01,-0.08624837965382104,-0.13680681940488393,-0.09524218033217058,-0.21484016011278162,-0.14355349744089652,-0.06574665716696049,-0.03014890391304159,-0.11661567004066342,-0.2267916940270478,-0.0422703495150476,-0.0755470617454822,-0.29925590423811077
2021-10-04,-0.07866000547882057,-0.15386956989694733,-0.10678100818881875,-0.24520544206943695,-0.13906899772270254,-0.06574665716696049,-0.027606234173555233,-0.12461324506650306,-0.23978568198251826,-0.017214983333456613,-0.08808445033308043,-0.3002264639275317
2021-10-05,-0.07866000547882057,-0.15524068740798858,-0.08991105425478008,-0.23477924107842862,-0.14228614399905504,-0.06574665716696049,-0.033781249665134294,-0.11093414216134789,-0.24313464373589933,0.0,-0.07359342602430163,-0.3044322225816889
2021-10-06,-0.07866000547882057,-0.15310785086091028,-0.0878992400452503,-0.23592080525534231,-0.1418474287106991,-0.06357808913028173,-0.028938121995677468,-0.11133223804165515,-0.24849300298174937,-0.10091882564794741,-0.0698049912367058,-0.3112261404076352
2021-10-07,-0.07866000547882057,-0.1540219485734169,-0.08847405389368002,-0.2389649570396568,-0.14311478215254048,-0.0655494735980825,-0.032812679557286395,-0.10803915063352287,-0.24634966950362946,-0.10060199182260499,-0.06701893188609986,-0.3089615011323197
2021-10-08,-0.07893761773103836,-0.1352071919945752,-0.0838901378552841,-0.22313541421111394,-0.14389468738575406,-0.06160670466248108,-0.02518457796208795,-0.10610306733347696,-0.23643672022913742,-0.11834597029905747,-0.06275482645311825,-0.3134907796829506
2021-10-11,-0.07893761773103836,-0.14168189097404493,-0.08424938794555925,-0.2461947667228337,-0.1447233850421945,-0.06653524103547959,-0.028453790753384278,-0.1127255062174013,-0.22772939922990643,-0.15320025960127748,-0.0644707078581872,-0.31025558071821413
2021-10-13,-0.07893761773103836,-0.13162704859822072,-0.08377516138160856,-0.2309740658636269,-0.1256641719854371,-0.07294227815758036,-0.0299066921035257,-0.11847936001604864,-0.2304085788528314,-0.11438524530409433,-0.060291578328987794,-0.3371077321255257
2021-10-14,-0.07893761773103836,-0.1327696562099947,-0.08176341569202727,-0.23363773496388063,-0.12420182735955354,-0.07274516979219892,-0.03148079173516427,-0.1195469256361481,-0.2310783609832875,-0.09901774715134726,-0.0635193665674153,-0.33128437398900035
2021-10-15,-0.08597076740160325,-0.12317183363270534,-0.08215137564074693,-0.2076102923672387,-0.13858154951407453,-0.07057660175552016,-0.032328348314993205,-0.12383518533971938,-0.21969191146223255,-0.14290240483219163,-0.06357031970705218,-0.31963765771594954
2021-10-18,-0.09309640742069436,-0.12431444124447932,-0.09006906125614855,-0.20479449986819998,-0.13975137761241707,-0.07353375366071813,-0.03692935655167273,-0.1361390846976287,-0.22906901459191953,-0.20960075991769556,-0.07271004925523972,-0.31057910061468785
2021-10-19,-0.10577457489741648,-0.14952770746455601,-0.08058507813672311,-0.23515978182485509,-0.13736292899250502,-0.08674219504267544,-0.06768369761176596,-0.12741777864116532,-0.24634966950362958,-0.19391635239506022,-0.06372317912596293,-0.3138142995794241
2021-10-20,-0.10577457489741648,-0.14990859604029316,-0.06699140554285232,-0.1977168716461739,-0.13034366288767318,-0.08230654238837554,-0.04346768975752602,-0.11804513487874069,-0.25438715727130345,-0.18092518347692688,-0.05149159038276718,-0.3021675833063734
2021-10-21,-0.12252450641219648,-0.17413163332506543,-0.06303972306977579,-0.23401821764794128,-0.1317572745932849,-0.10300638011426999,-0.05073247363845024,-0.11451680286812438,-0.26992633776294717,-0.18963879357475477,-0.049283107956821004,-0.3112261404076351
2021-10-22,-0.12326485282032329,-0.18624312290973322,-0.05530882283413563,-0.25799083311366533,-0.12478674140872481,-0.0825036507537571,-0.05315412984991763,-0.10065678405664535,-0.24983256724266134,-0.16349803882581682,-0.03883528413382231,-0.30378518278874145
2021-10-25,-0.12326485282032329,-0.16750455566912614,-0.05471968831645779,-0.2420091088239712,-0.11966853521813259,-0.09581068392015357,-0.05158003021827906,-0.10076537404363717,-0.2385800537072571,-0.06558936115225944,-0.04029631883412543,-0.30378518278874145
2021-10-26,-0.13011288058719672,-0.18570991377296353,-0.07383134088742904,-0.26065444415155326,-0.1261516201940649,-0.11246916092600767,-0.058360575233648904,-0.11663380207449425,-0.25385131112649817,-0.06812418284409016,-0.0564012372621181,-0.29666774506632154
2021-10-27,-0.12233945511182454,-0.1846434954994245,-0.07301225342239981,-0.2602739614674926,-0.12361685380742704,-0.10872350035578748,-0.058360575233648904,-0.11815365746040218,-0.2659075938791102,-0.017427069106563664,-0.05463448372399382,-0.27887415076027167
2021-10-28,-0.13242641016010293,-0.19881169040837265,-0.07769682526522326,-0.2633180551894414,-0.12181331923668615,-0.1095120842243067,-0.05848158876166809,-0.1197640382048033,-0.2685867735020353,-0.08396700727939654,-0.05969699002225548,-0.27175671303785176
2021-10-29,-0.1307606660434777,-0.20627667643858372,-0.052607355342397355,-0.2743530981497859,-0.1308798440165727,-0.10221779624575134,-0.0596923706790321,-0.10074724200980667,-0.29269928790615807,-0.14036750759581496,-0.04102683618427705,-0.26463927531543185
2021-11-01,-0.12095132324741698,-0.1922608020906681,-0.0638300321564117,-0.25761029236723887,-0.12498173259276701,-0.10359778041391121,-0.05848158876166787,-0.10565071016233829,-0.2872069926746573,-0.17839036178509615,-0.04292951876582074,-0.25072791976706565
2021-11-03,-0.11493613223719623,-0.1849481947369267,-0.05558187482912813,-0.2503804826840619,-0.1403363511645438,-0.0895021633789953,-0.04346768975752602,-0.09844932689711305,-0.3075686862673459,-0.1017109857558488,-0.035301777057573314,-0.2701391135554836
2021-11-04,-0.09920415938276061,-0.2074192259349208,-0.07351518984479521,-0.27625568575718673,-0.12600536193029432,-0.08408081849079496,-0.04976381115386308,-0.1191669617896719,-0.3173476484550861,-0.09442327896115332,-0.056740978864085134,-0.27628599158848266
2021-11-05,-0.09920415938276061,-0.19835467060983814,-0.07029639674146526,-0.26263315152071276,-0.114599061947812,-0.08743218712675582,-0.04358879566228402,-0.10973998933108497,-0.3248492900779548,-0.12610900337631192,-0.04836578943019476,-0.2843739890003235
2021-11-08,-0.09920415938276061,-0.19858318050910528,-0.07916253548476815,-0.27199385003420007,-0.10923713165290583,-0.09610645927347095,-0.050006022963379415,-0.11639855747201033,-0.3048895066444208,-0.14020909068314358,-0.0586606728277016,-0.2863151083791652
2021-11-09,-0.09920415938276061,-0.19294638990390733,-0.07736628503339305,-0.27206996979595854,-0.10787231237052108,-0.0882207709952747,-0.045283908821941554,-0.11446247417196442,-0.3113195070787802,-0.21118500458895295,-0.058320931225734784,-0.282109349725008
2021-11-10,-0.09920415938276061,-0.18761424042077446,-0.08754005847492408,-0.25076102343048845,-0.09939070163980579,-0.07658942214685827,-0.04964279762584389,-0.12189910203967347,-0.322170161556131,-0.22686941211158818,-0.06919339154790116,-0.2633451957295373
2021-11-11,-0.09920415938276061,-0.17702618890818067,-0.09423630748738032,-0.2431506730008849,-0.09178652148580246,-0.0767865305122396,-0.04467847167489014,-0.12767108787215165,-0.2900201082832331,-0.1842521652766591,-0.06735867348806712,-0.2630216758330636
2021-11-12,-0.10216547441194801,-0.1867002008237051,-0.11244267449803991,-0.2503804826840619,-0.08949547920347856,-0.07471655425999968,-0.04153036478835204,-0.14359377719383848,-0.2833221847764711,-0.24096957496296567,-0.08297099089518256,-0.25299255904238105
2021-11-16,-0.10216547441194801,-0.20140160486942282,-0.10929569030079556,-0.261643826867316,-0.09646601238803865,-0.08329223462227608,-0.05012712886813764,-0.13516204443602065,-0.29122573655849426,-0.1798161895436825,-0.07306680223927942,-0.2610805564542219
2021-11-17,-0.10049973029532233,-0.2095521205974361,-0.1056170598227113,-0.26681886748194106,-0.08861810812972148,-0.07806799809945719,-0.04358879566228402,-0.13349733499545946,-0.30140655780428804,-0.23700884996800275,-0.06526910872346725,-0.25558071821417017
2021-11-18,-0.10049973029532233,-0.21404630359085985,-0.10453937807183478,-0.2747335808338466,-0.09285888374360152,-0.07639231378147682,-0.042378013744919785,-0.12341902483091138,-0.3194909819332059,-0.22338401339918446,-0.06076724897437391,-0.2584923972824329
2021-11-19,-0.10049973029532233,-0.2120657876048142,-0.09255503350968053,-0.2780821536028292,-0.0976358999893363,-0.08329223462227608,-0.04383091509506132,-0.12023446000444049,-0.3011386858329864,-0.19756016802013487,-0.05606149566015162,-0.2614040763506956
2021-11-22,-0.10049973029532233,-0.2178549568864817,-0.08991105425478008,-0.2945966001001008,-0.11966853521813225,-0.08053226628595644,-0.043346583852767795,-0.10999329856206896,-0.28948426213842793,-0.2412864087883081,-0.04668393078927113,-0.2536395988353284
2021-11-23,-0.10049973029532233,-0.2050578794885749,-0.09807301348678121,-0.29322673470027727,-0.13063611991225865,-0.08132085015447543,-0.04383091509506132,-0.11963738358931075,-0.2789015307334798,-0.21308615863009894,-0.05110089564116349,-0.24878680038822387
2021-11-24,-0.08985748013928907,-0.19873550107013793,-0.10034342198215851,-0.2725266303041435,-0.13034366288767296,-0.07146377740847842,-0.03922990685838168,-0.12481222560132721,-0.26376426040099044,-0.1970849172821213,-0.0536830614266407,-0.2497573600776447
2021-11-26,-0.08976491918744345,-0.21785495688648182,-0.10399327408184955,-0.2818112090558721,-0.12975868933554646,-0.07836369824927769,-0.03523424339201475,-0.12506560223764185,-0.27260551738587213,-0.1370405257960824,-0.05458344957777561,-0.24069880297638302
2021-11-29,-0.08930218503153431,-0.21343690511585556,-0.0881435821817983,-0.2802130424331395,-0.13122103396142992,-0.06673234940086126,-0.03620290587660191,-0.10519835299119895,-0.26322841425618515,-0.2309885540192227,-0.047329472235640324,-0.24813976059527665
2021-11-30,-0.08532298194532195,-0.2177787675482472,-0.09150606161724872,-0.2953576815929537,-0.13546186907826518,-0.06416948942992307,-0.03450779271694415,-0.10952280935710146,-0.2671132221543714,-0.27645753191587064,-0.048535660231177946,-0.2662568747978
2021-12-01,-0.08532298194532195,-0.22722426956450403,-0.08483852246323709,-0.3047944998681995,-0.13156228340924248,-0.06673234940086126,-0.030996460492870637,-0.10197765890772892,-0.25492300341610863,-0.3254119085249222,-0.04510891982908083,-0.25978647686832745
2021-12-02,-0.08532298194532195,-0.20086833761721623,-0.07407561450402844,-0.2823439312634499,-0.1417499628701553,-0.06377519749566352,-0.028090565415848645,-0.08748436701878715,-0.22880109151951689,-0.3574143912208775,-0.0330988840857368,-0.25331607893885466
2021-12-03,-0.07458817083744296,-0.19302252112670526,-0.08324351510076855,-0.2812784868482947,-0.1313672922252005,-0.059635244991184,-0.023126239464894782,-0.09685707818654388,-0.22839923246146354,-0.34537387486786286,-0.0412948869617944,-0.24166936266580386
2021-12-06,-0.07458817083744296,-0.17999693382953108,-0.08496781960616073,-0.26727546992775997,-0.13356080916402568,-0.05312961608464417,-0.023852690139965715,-0.0934734654199203,-0.2002679230724027,-0.4206273475939778,-0.04014362142837735,-0.2449045616305402
2021-12-07,-0.07597630270185063,-0.1766453584478812,-0.07814227345078073,-0.2701673821885575,-0.1310748352006148,-0.05303102430020534,-0.020220344387873013,-0.09294878232945092,-0.1951774868989553,-0.41254751846365345,-0.03370481331385089,-0.24134584276933035
2021-12-08,-0.07597630270185063,-0.1707038104897438,-0.09133359690673515,-0.26727546992775997,-0.1306848528325305,-0.046821095543486124,-0.016345786826264086,-0.10561451350000639,-0.19638311517421647,-0.39559566232282994,-0.046649908025125586,-0.24328696214817214
2021-12-09,-0.07597630270185063,-0.18471968483765977,-0.09853285086153518,-0.2918568693004542,-0.1349744208696375,-0.04386394363828838,-0.020341357915891978,-0.11963738358931042,-0.20495650018779665,-0.39575411700777396,-0.06027456694691502,-0.23843416370106763
2021-12-10,-0.0583934638270982,-0.17496954169933776,-0.09608997765564442,-0.27503800181851434,-0.13092857693684445,-0.04386394363828838,-0.01319767993972587,-0.11145889265714692,-0.19598125611616302,-0.37816855544399286,-0.05356414376529406,-0.23843416370106763
2021-12-13,-0.062465298468475594,-0.1761120911956746,-0.08807170475576376,-0.2853880830477644,-0.1292712411269189,-0.04189255917048751,-0.013803117086777283,-0.10394987146477541,-0.18660415298647615,-0.39892268189483526,-0.04718317434981478,-0.24393400194111936
2021-12-14,-0.06533405254581737,-0.1830438680891162,-0.07957920529193252,-0.288432234832079,-0.13702167954469258,-0.04189255917048751,-0.015013899004141629,-0.09519243615131279,-0.19383792263804334,-0.4063688056022021,-0.03511489487451691,-0.2381106438045939
2021-12-15,-0.07088650940012886,-0.1757312607353747,-0.08137545574330762,-0.2928462520162167,-0.1408237993731717,-0.045638219740707586,-0.01804089998592162,-0.09631426306224389,-0.19075688395706503,-0.3976552332766471,-0.034961954449024946,-0.24199288256227758
2021-12-16,-0.07384782442931637,-0.17077999982797887,-0.07890387267897214,-0.2851597818248549,-0.1242505602798254,-0.05174963191648452,-0.020704675630166203,-0.09975206971436701,-0.1707970494224299,-0.40335865762781187,-0.03516584801415357,-0.23487544483985778
2021-12-17,-0.07384782442931637,-0.17946372469276162,-0.0740038055979425,-0.2975646321226567,-0.12074089747593197,-0.06022672049432176,-0.027121902931261488,-0.09470388231784277,-0.17012726729197403,-0.41539921175309946,-0.03380680059970553,-0.23228728566806867
2021-12-20,-0.07384782442931637,-0.19622183406276006,-0.07838654706738024,-0.31628614527436305,-0.12566417198543733,-0.07018230982126117,-0.02978567857550618,-0.09416106719354289,-0.1955793970581099,-0.3925855143484399,-0.032845252479689946,-0.2351989647363314
2021-12-21,-0.07708675171072121,-0.1921846127524336,-0.06993714665119,-0.3230593525117208,-0.12849133589370576,-0.0569738684393033,-0.02603213454191644,-0.08605496958604175,-0.18446081950835658,-0.38704054468221916,-0.024650059669445112,-0.2258168877385961
2021-12-22,-0.07708675171072121,-0.19408893940024452,-0.06874448842663794,-0.3169710489430917,-0.1218133192366867,-0.05707238502024581,-0.026516465784209853,-0.08826242674557239,-0.1912927301018703,-0.37008868854139565,-0.02419140040613199,-0.22031704949854447
2021-12-23,-0.07708675171072121,-0.19705968432159449,-0.07529705110697382,-0.3175037711506693,-0.11713382833445052,-0.05707238502024581,-0.024821352624552095,-0.10380515222078279,-0.1911587430151186,-0.4089036650663057,-0.039650777387755354,-0.2161112908443873
2021-12-27,-0.07866000547882024,-0.19180378229213368,-0.07749565069626518,-0.31347029471295806,-0.11864490588060583,-0.05933954484136372,-0.02833268484862561,-0.10894386497580011,-0.18727398621803348,-0.35678072357019275,-0.03657584856823859,-0.2044645745713365
2021-12-28,-0.07866000547882024,-0.19538392568848828,-0.08475232436795466,-0.3192541772969191,-0.11762127654307819,-0.06209951317768336,-0.027364022364038787,-0.11411870698781634,-0.20093770520285892,-0.3575728836780946,-0.04456034326052527,-0.21740537043028174
2021-12-29,-0.07866000547882024,-0.20132541553118832,-0.08545643535930814,-0.32321153397287183,-0.1201072505064893,-0.06052242064414215,-0.010776116104997402,-0.11281596417056172,-0.19544540997135817,-0.36248411014908477,-0.04398276633586551,-0.2164348107408609
2021-12-30,-0.08865439957525323,-0.19751676223556647,-0.06963538479775278,-0.32229827101886777,-0.11640265602150868,-0.10300638011427055,-0.04588925359225404,-0.10243001607886737,-0.1831212552474446,-0.4358364666063266,-0.03120754242557422,-0.22872856680685894
2022-01-03,-0.09124561200369652,-0.203001232279732,-0.09031340339269656,-0.32321153397287183,-0.12288568149448564,-0.08220795060393693,-0.029301347333212546,-0.14160350000829047,-0.18955125568180387,-0.39559566232282994,-0.0538699436096961,-0.237463604011647
2022-01-04,-0.09124561200369652,-0.20749541527315574,-0.07789799983418155,-0.3200913204891648,-0.11576894954911043,-0.08230654238837598,-0.032086136505476315,-0.10869048833948547,-0.18727398621803348,-0.4111216529327939,-0.034860048169750746,-0.21125849239728267
2022-01-05,-0.09124561200369652,-0.2271480802262693,-0.08001033280824199,-0.33264835224811773,-0.11060201043824636,-0.08220795060393693,-0.03523424339201442,-0.11596426492937117,-0.20254524363727444,-0.3849809737284019,-0.03570948318124889,-0.22064056939501797
2022-01-06,-0.09124561200369652,-0.2222730086571083,-0.07250931700000451,-0.32458139937269503,-0.12810141302857647,-0.08526361909007729,-0.03741368779396559,-0.1108618162420153,-0.20120562827526156,-0.3960709508331164,-0.030708946917680557,-0.2186994500161762
2022-01-07,-0.09124561200369652,-0.21343690511585578,-0.07796980874026727,-0.3130897539665314,-0.12405556909578352,-0.09275501543401399,-0.03935101276313935,-0.11274357084590125,-0.19048896088466272,-0.3795944209748523,-0.0346561546046219,-0.2148172112584925
2022-01-10,-0.09124561200369652,-0.21732174774971258,-0.08047017018299596,-0.3169710489430917,-0.12337312970311343,-0.09275501543401399,-0.03935101276313935,-0.11820791875123315,-0.18955125568180398,-0.3537705755958026,-0.04318436547058546,-0.2238757683597543
2022-01-11,-0.09124561200369652,-0.2057434673018146,-0.07841525692582496,-0.30898015776706167,-0.11352669969001328,-0.1054706483007698,-0.04346768975752546,-0.11125984471699235,-0.174949780393019,-0.32683773628350876,-0.038087836408178366,-0.22225816887738614
2022-01-12,-0.09124561200369652,-0.18860452747151646,-0.09096002614721221,-0.3066970874756001,-0.10933465699640477,-0.1054706483007698,-0.043588795662283464,-0.1265311963327197,-0.15338245852506938,-0.23051330328120923,-0.054209766218243916,-0.22484632804917526
2022-01-13,-0.09124561200369652,-0.19264169066640568,-0.09075885157825414,-0.2987061962995702,-0.11225934624817191,-0.09916212775961142,-0.039835251628693724,-0.12701975016618794,-0.1594105999013753,-0.3235107544837764,-0.06000278986665719,-0.2397282432869623
2022-01-14,-0.09124561200369652,-0.1815204300170421,-0.09041399067717582,-0.28767121140159146,-0.11455032902754059,-0.09403640781773459,-0.039351012763139126,-0.12374472738655606,-0.16490289513287615,-0.3247781653296917,-0.061106990576339615,-0.2284050469103852
2022-01-18,-0.1128076539646613,-0.18258684829058125,-0.09601810022961044,-0.28797563238625945,-0.11659758770259532,-0.10724492440318911,-0.04552602825471841,-0.1290281593855661,-0.1630274847271591,-0.3214511835299593,-0.06295872001824643,-0.2241992882562278
2022-01-19,-0.1128076539646613,-0.1714655876412181,-0.09433689477185936,-0.28082188440247524,-0.10158421857863131,-0.09807784374127193,-0.04116713945081607,-0.12095825844039432,-0.14775622730791793,-0.3613751162158406,-0.05448154329850097,-0.2099644128113881
2022-01-20,-0.10327592342081815,-0.16499083054631092,-0.11403768186050844,-0.26605778598908747,-0.101876675603217,-0.09137503126585389,-0.0359606940670848,-0.13954076209275257,-0.15874081777091953,-0.3976552332766471,-0.07631152085319748,-0.2093173730184409
2022-01-21,-0.10327592342081815,-0.16506701988454597,-0.11958437169605352,-0.272069969795958,-0.10709234763435282,-0.09443069975199381,-0.03801912494101678,-0.13997498723006074,-0.17977229349406398,-0.3664448351440478,-0.07955632047369776,-0.20252345519249448
2022-01-24,-0.10327592342081815,-0.17116088840371568,-0.1109050868524607,-0.2728309932264452,-0.1022666579713013,-0.0931493073682732,-0.03160180526318268,-0.13174223500706728,-0.18245147311698884,-0.3620088594110711,-0.072930873195859,-0.19637657715949552
2022-01-25,-0.10327592342081815,-0.15493598817048693,-0.10767197307988252,-0.24726021113798824,-0.09690472767639513,-0.0931493073682732,-0.03559746872954961,-0.12971569375385872,-0.1895512556818043,-0.3578897175034369,-0.0680042149344352,-0.19767065674539008
2022-01-26,-0.10327592342081815,-0.14785189071601246,-0.11627938049744113,-0.23592080525534165,-0.10801851113133665,-0.0931493073682732,-0.03075424868335397,-0.1356867275264897,-0.18673814007322864,-0.32240176055053205,-0.07571628449381451,-0.1886120996441284
2022-01-27,-0.10327592342081815,-0.13794942701665813,-0.12307621679437641,-0.22564684378785016,-0.1258591036665243,-0.09354359930253275,-0.037898019036259,-0.14359377719383815,-0.18017415255211744,-0.007446123707366525,-0.07767623872833629,-0.1908767389194438
2022-01-28,-0.10327592342081815,-0.14152957041301262,-0.13460072398177636,-0.21879751678873394,-0.12995368051958922,-0.09157213963123534,-0.03838235027855241,-0.15258652451511656,-0.1753516394510728,-0.26505068321354086,-0.0820391721905025,-0.17696538337107748
2022-01-31,-0.10327592342081815,-0.14023458412476886,-0.14095211209315406,-0.20547940353692784,-0.1250304655130391,-0.09167073141567439,-0.03596069406708524,-0.15767090857397204,-0.18151376791413065,-0.2278199891321614,-0.08898483848421479,-0.18990617923002273
2022-02-01,-0.09726073241059774,-0.13048444098644707,-0.14302134601957328,-0.2070015084602681,-0.12244696620612949,-0.09265642364957483,-0.035839680539066054,-0.16664552386141973,-0.16008038203183172,-0.24730670473708838,-0.09909283969866556,-0.17858298285344554
2022-02-02,-0.09726073241059774,-0.14366240696009092,-0.14757655219952448,-0.22488582035736304,-0.11810872475170586,-0.08920646322917514,-0.03184401707269913,-0.1697938920255594,-0.15673142027845066,-0.1284854081554716,-0.10565032245479467,-0.19443545778065352
2022-02-03,-0.08430502328497724,-0.14450031533436258,-0.1461395518384242,-0.22092840561904425,-0.12113087984401638,-0.07520943797869861,-0.02579001510913903,-0.16769495744769003,-0.16302748472715933,-0.22560200126567298,-0.10626192214359975,-0.20187641539954715
2022-02-04,-0.0870812164104734,-0.13749234910268626,-0.13214346158668866,-0.22085234391965192,-0.11937607819354734,-0.08240513417281514,-0.03075424868335397,-0.16847301717447372,-0.1496316377136354,-0.2756653718079688,-0.10252452150222202,-0.19702361695244275
2022-02-07,-0.0870812164104734,-0.14221510011081473,-0.12402460140232896,-0.2263317474565789,-0.1125518032727576,-0.08033508271707868,-0.027485128268796788,-0.16355148439344158,-0.1363697266857622,-0.3295310504325565,-0.09504963921288534,-0.17793594306049831
2022-02-08,-0.0870812164104734,-0.13833025747695793,-0.13529044578393312,-0.22298323274996235,-0.10962711402099046,-0.08822077099527492,-0.03087535458811197,-0.1724717709847291,-0.13824513709147945,-0.3269961531961799,-0.10597313368127004,-0.181818181818182
2022-02-09,-0.09772346656650666,-0.1384826361534277,-0.13738845808874545,-0.23477924107842807,-0.10543507132738195,-0.09305071558383415,-0.034023461474650074,-0.17706766861544465,-0.13650371377251402,-0.36486059047279007,-0.10668663964934888,-0.16305402782271117
2022-02-10,-0.09772346656650666,-0.1303321204254143,-0.1410957984252743,-0.23287665347102726,-0.10494762311875416,-0.08841787936065615,-0.0348710180544789,-0.18059600062606096,-0.137843278033426,-0.3727819649181703,-0.11074685151720187,-0.16952442575218385
2022-02-11,-0.09772346656650666,-0.12789458464083414,-0.13944330282596806,-0.21917805753516062,-0.10270531375670189,-0.08782647906101537,-0.0348710180544789,-0.18160923755000014,-0.1568654073652026,-0.37563369597988927,-0.10833447552612674,-0.15755418958265943
2022-02-14,-0.09772346656650666,-0.1279707158636315,-0.14394102076908133,-0.21461185888987155,-0.08944674628320703,-0.08851647114509531,-0.03438668681218526,-0.17694101399995255,-0.15271267639461383,-0.33539285392411977,-0.10812110419098597,-0.15140731154966025
2022-02-15,-0.09772346656650666,-0.11928699099884854,-0.15333873727327585,-0.1978690531073246,-0.09588103883591237,-0.08851647114509531,-0.03438668681218526,-0.1834729275253838,-0.17481584440736875,-0.31780729236033856,-0.11422940545381388,-0.17437722419928825
2022-02-16,-0.09772346656650666,-0.11532601714219437,-0.1542440228335875,-0.1959664654999237,-0.08837438402540787,-0.09728925987275305,-0.03208613650547609,-0.1929179646124709,-0.17227060077009448,-0.2526932574906382,-0.12375991075018611,-0.16273050792623744
2022-02-17,-0.10049973029532211,-0.12858011433863603,-0.1610121492720783,-0.20243525175261345,-0.07350721366225899,-0.08762937069563403,-0.03087535458811197,-0.19467313200619496,-0.1929002174351856,-0.2892902083767871,-0.1275143227736366,-0.15884826916855377
2022-02-18,-0.09800107881872422,-0.13520719199457532,-0.15569541238388418,-0.20220695052970383,-0.07453084299978663,-0.0883193627797142,-0.03099646049287008,-0.18571658134724578,-0.20281316670967775,-0.29800374293006915,-0.1216023814638767,-0.15334843092850203
2022-02-22,-0.09698312015838007,-0.13315048667029483,-0.1713439982349262,-0.21118716635913037,-0.07087498143507776,-0.0970921515073715,-0.03329701079957925,-0.19441982277520875,-0.19758874344947863,-0.2873890543356412,-0.13313739461448515,-0.12681979941766397
2022-02-23,-0.09698312015838007,-0.14038696280123852,-0.17693378711811258,-0.21689492918133302,-0.06936390388892244,-0.09995071162813018,-0.03269157365252762,-0.20500475140172736,-0.20964502620209058,-0.2675855049053717,-0.14088413499066021,-0.11517308314461316
2022-02-24,-0.09698312015838007,-0.1437385381828883,-0.18663333399569282,-0.222222209319475,-0.06161346547114899,-0.09334641573365476,-0.03366023613711444,-0.21124722643917515,-0.21969191146223344,-0.2762991150031995,-0.14910646500563984,-0.10061468780329963
2022-02-25,-0.09864886427500541,-0.13101765012321642,-0.17664634593392337,-0.21910193777340203,-0.08042895442359221,-0.1226219338218254,-0.03390235556989163,-0.1980024160766567,-0.19758874344947874,-0.29182510561316355,-0.12982471147885633,-0.14655451310255552
2022-03-02,-0.09864886427500541,-0.11547833770322657,-0.1751519258559341,-0.22602738453427673,-0.0636607241462036,-0.0921636151343731,-0.03172291116794068,-0.18720030747615468,-0.156731420278451,-0.24556396760861388,-0.12357302856712993,-0.04367518602394005
2022-03-03,-0.10022204743978502,-0.11806825216427697,-0.1860872300057077,-0.2214611278266222,-0.0570801733297277,-0.10044352014333191,-0.03099646049286986,-0.20160314141193347,-0.1513731121337023,-0.25190109738273647,-0.13419023715162415,-0.027822711096732178
2022-03-04,-0.10022204743978502,-0.12050578794885747,-0.20034198306323903,-0.24041094220123804,-0.04211553712603544,-0.10034500356238996,-0.03329701079957903,-0.21184430285430478,-0.12257202061418537,-0.2053232010973901,-0.1453350416001169,-0.021028793270785884
2022-03-07,-0.10022204743978502,-0.1467093412196756,-0.2098977750887504,-0.2629375725053805,-0.02807700491637155,-0.11108917675784824,-0.032691573652527395,-0.20261637833587265,-0.12605496945431816,-0.23431553581895526,-0.14029627023017566,-0.030410870268521295
2022-03-08,-0.10022204743978502,-0.1459475640682013,-0.20246870522649607,-0.26369859593586764,-0.005556921478947818,-0.0989649441907332,-0.03741368779396492,-0.19849096991012505,-0.14534497075739627,-0.28279466168999323,-0.13181236996418233,-0.023616952442575112
2022-03-09,-0.10022204743978502,-0.12720899682759457,-0.20823089030024766,-0.2277777326181608,-0.03197659058539415,-0.10793491648726894,-0.03741368779396492,-0.2090397018743122,-0.13690557283056792,-0.2829530786026645,-0.14059526552174906,-0.048851504367518506
2022-03-10,-0.10022204743978502,-0.1294180227129076,-0.20288537503366044,-0.23904107680141506,-0.02602974624131682,-0.10694922425336872,-0.03741368779396492,-0.2176524853491143,-0.11252513535404263,-0.26631809405945617,-0.14863079436025406,-0.019411193788417935
2022-03-11,-0.10022204743978502,-0.14419561609686016,-0.20748368026125297,-0.2455859828158633,-0.03353646055477644,-0.10202068788037022,-0.03741368779396492,-0.21989613917097617,-0.12150032832457514,-0.2514258466447227,-0.14893659420465677,-0.010676156583629748
2022-03-14,-0.10022204743978502,-0.15524068740798858,-0.20488280005399395,-0.24094366440881598,-0.044796502273488414,-0.1005421119277713,-0.03741368779396492,-0.21738104408429926,-0.1574012024089071,-0.2620405352391507,-0.13809799463347316,-0.05758654157230658
2022-03-15,-0.10022204743978502,-0.165600229021315,-0.19493897955981432,-0.2427701322544582,-0.05995612966122299,-0.1054706483007698,-0.03741368779396492,-0.21615069459170666,-0.17615540866828094,-0.2762991150031995,-0.12996064052227585,-0.019087673891944323
2022-03-16,-0.10022204743978502,-0.14914687700425588,-0.18644648009598275,-0.2319634485793891,-0.0699488179380936,-0.10458354785130852,-0.03741368779396492,-0.21025205414373627,-0.1574012024089071,-0.24778195547510207,-0.1228595225990512,-0.05532190229699119
2022-03-17,-0.10022204743978502,-0.13391226382176857,-0.19639030059016238,-0.21590560452793672,-0.05332684592447556,-0.10596353201946829,-0.03741368779396492,-0.22771273088516353,-0.13328873910588535,-0.2094423430050243,-0.13803432346057232,-0.023616952442575334
2022-03-18,-0.10022204743978502,-0.11654475597676583,-0.19666335258515488,-0.20966511949815647,-0.06010238792499345,-0.10064070371221046,-0.03741368779396492,-0.23071631239997858,-0.11051573786157354,-0.22956272626063612,-0.14389101828188644,-0.04011646716273065
2022-03-21,-0.10022204743978502,-0.10786103111198297,-0.20232501889437593,-0.19901061728423852,-0.05990739674095136,-0.10054211192777118,-0.03741368779396492,-0.23842438153250267,-0.11051573786157354,-0.2237008472245272,-0.14756053540813596,-0.02135231316725983
2022-03-22,-0.10022204743978502,-0.09894879634793285,-0.21892198935337048,-0.18036528195665646,-0.06375824948970221,-0.09689496793849328,-0.03741368779396492,-0.253369963187253,-0.11640994325222864,-0.1782319448724251,-0.16159281944702042,-0.025558071821417117
2022-03-23,-0.10022204743978502,-0.10054842375824169,-0.22229885797801752,-0.1831050127563032,-0.05600781107192854,-0.09147362305029316,-0.03741368779396492,-0.2668318861184248,-0.12136644344002523,-0.1711026549904009,-0.16587393626207492,-0.019411193788418046
2022-03-24,-0.10022204743978502,-0.08775134636033466,-0.23730075255459504,-0.17351595495754035,-0.04382160585623274,-0.07363227024166075,-0.03741368779396492,-0.2794434234034805,-0.1145345328465115,-0.14432823259077832,-0.18044985546805492,-0.03170494985441619
2022-03-25,-0.10022204743978502,-0.08797985625960214,-0.2369127926058754,-0.1640030169205361,-0.04762366618175662,-0.06416948942992318,-0.03741368779396492,-0.2861924494975667,-0.13730743188862127,-0.11739539327848447,-0.18009310248401555,-0.024263992235522558
2022-03-28,-0.10022204743978502,-0.08790372503680466,-0.25198656460848734,-0.1670471687048506,-0.05454546644604508,-0.06209951317768325,-0.03741368779396492,-0.29893064139811654,-0.1366377008592663,-0.12737641422222779,-0.19528070238538198,-0.031381429957942464
2022-03-29,-0.10022204743978502,-0.07769650398451078,-0.24763260151744293,-0.1548705615675927,-0.06799902510358224,-0.06830951713789946,-0.03741368779396492,-0.3036531262389941,-0.1405224065552506,-0.15462608735986405,-0.19065984396836066,-0.06017470074409581
2022-03-30,-0.10022204743978502,-0.07579217733669996,-0.24218643044642818,-0.15646878625269123,-0.05751888861808374,-0.0627895052617633,-0.03741368779396492,-0.3003419742023632,-0.13275289296108017,-0.11200884052493498,-0.19200196100731737,-0.04496926560983494
2022-03-31,-0.10022204743978502,-0.08059111768306293,-0.23556205886000647,-0.1587518565441527,-0.04986597554380878,-0.05914243647598216,-0.03741368779396492,-0.2931948522279697,-0.1446751886269404,-0.10614696148882585,-0.18970850267758865,-0.03105791006146874
2022-04-01,-0.10022204743978502,-0.06573733496087564,-0.2465117521989768,-0.15449007888353206,-0.06453815472291569,-0.05914243647598216,-0.03741368779396492,-0.2965060042646006,-0.1507032789021452,-0.09378961131046915,-0.1951277619598899,-0.04885150436751862
2022-04-04,-0.10022204743978502,-0.06817487074545625,-0.26050777393076363,-0.1579147133519071,-0.059614939716365445,-0.05352390801890383,-0.03741368779396492,-0.312627741526442,-0.1456128938297988,-0.09505702215638445,-0.20882038540338888,-0.028793270786153458
2022-04-05,-0.10022204743978502,-0.0889701433103437,-0.2759120861652061,-0.17998474121023023,-0.0626858277289476,-0.05864955275728356,-0.03741368779396492,-0.3230860829427987,-0.16128601030709333,-0.044359908418858174,-0.2195909394462815,-0.01682303461662904
2022-04-06,-0.10022204743978502,-0.09430223467803944,-0.27141436822209286,-0.18660576698643705,-0.0648793446677729,-0.06298668883064107,-0.03741368779396492,-0.3197929955346662,-0.15539185601753902,-0.04483523470141737,-0.2099245861130713,-0.021028793270786217
2022-04-07,-0.10022204743978502,-0.0895033524471135,-0.26201658319794985,-0.17785385237991969,-0.05737263035431328,-0.06476096493306072,-0.03741368779396492,-0.31098123152504176,-0.163429343785213,0.0,-0.1989671498871225,-0.019411193788417935
2022-04-08,-0.10022204743978502,-0.09095065929638968,-0.25843854000434474,-0.1811263053871438,-0.0535705700287894,-0.05372101638428506,-0.03741368779396492,-0.3074709641429262,-0.16597458742248727,-0.012737903041364573,-0.19269845559332333,-0.0051763183435782345
2022-04-11,-0.10022204743978502,-0.10184335193104843,-0.2664424922349774,-0.18873665581674737,-0.05225442416372106,-0.07067519353995955,-0.03741368779396492,-0.3165361047888653,-0.17615540866828094,0.0,-0.20187212689907486,-0.01067615658362997
2022-04-12,-0.10022204743978502,-0.1075563318744811,-0.2666436668039355,-0.20175034808388526,-0.038703399665640514,-0.07698371408111782,-0.03741368779396492,-0.3230498862804676,-0.17481584440736908,0.0,-0.2026365860067908,0.0
2022-04-13,-0.10022204743978502,-0.10252893974428767,-0.27341179324242626,-0.19824959385375152,-0.034365098708261654,-0.06081812079396254,-0.03741368779396492,-0.3258906839227914,-0.17119895958158549,0.0,-0.20611922094998414,0.0
2022-04-14,-0.10022204743978502,-0.10877512882449003,-0.26608324214470236,-0.201293745638066,-0.039288313714811784,-0.06377519749566352,-0.03741368779396492,-0.32333939217378327,-0.18285333217504296,0.0,-0.203214243938032,0.0
2022-04-18,-0.10022204743978502,-0.11166968440760516,-0.26838236049852426,-0.18987821999366084,-0.03343893521127783,-0.07432226232574046,-0.03741368779396492,-0.32808000904849144,-0.19290021743518593,0.0,-0.20144740939332617,0.0
2022-04-19,-0.10022204743978502,-0.11616392551646637,-0.2690146625837919,-0.1963470062463507,-0.046697562187727915,-0.06091671257840181,-0.03741368779396492,-0.33719941098526207,-0.19356999956564191,-0.08235294619807432,-0.20970376217245135,-0.011374116200430273
2022-04-20,-0.10022204743978502,-0.12172452678342949,-0.27673117363023536,-0.19429217911543273,-0.04835483849469835,-0.06091671257840181,-0.03741368779396492,-0.34718726319664917,-0.20830546194117883,-0.11291564635000972,-0.20749527974650517,0.0
2022-04-22,-0.10022204743978502,-0.14648077320497144,-0.2808696414830737,-0.2104261429286438,-0.058737509139653254,-0.07097089368978016,-0.03741368779396492,-0.3489062339280419,-0.23509715596822656,-0.16445015646295125,-0.21500410379340607,-0.027888446215139306
2022-04-25,-0.10022204743978502,-0.1518129226881043,-0.2851661848572289,-0.214611858889872,-0.07716307522696741,-0.06998520145587994,-0.03741368779396492,-0.3257820939357996,-0.24313464373590044,-0.14718670046315996,-0.1853765137294786,-0.019000919399325578
2022-04-26,-0.10022204743978502,-0.1700182807919417,-0.2497592551607516,-0.23934549778608327,-0.0731659642144461,-0.06860521728772029,-0.03741368779396492,-0.31060126767856544,-0.2605492346332612,-0.12404095214012367,-0.17161592576426987,-0.015323322096230219
2022-04-27,-0.10022204743978502,-0.1594302292793479,-0.2358782099026404,-0.24391169643137223,-0.08072141144817746,-0.07284376157663863,-0.03741368779396492,-0.2888522638282366,-0.24192901546063916,-0.07071610756494806,-0.15095819444754666,-0.0003064664419242247
2022-04-28,-0.10022204743978502,-0.15562157598372606,-0.24747452599612618,-0.2461947667228337,-0.07935659216579272,-0.06850662550328113,-0.03741368779396492,-0.3005952834333476,-0.2250502707080837,-0.11918160354966822,-0.15676814847145137,0.0
2022-04-29,-0.10022204743978502,-0.17443633256256807,-0.2551191596165353,-0.25684926893675164,-0.06931511146569513,-0.059142436475982496,-0.03741368779396492,-0.31698839455467387,-0.2377762844900504,-0.07365731470318782,-0.16115117156577974,0.0
2022-05-02,-0.10022204743978502,-0.1831961886501483,-0.24730206128561283,-0.27199385003420007,-0.09246890137551722,-0.06347949734584335,-0.03741368779396492,-0.30814043388271817,-0.2438044258663563,-0.0441176802372768,-0.15546005419664022,-0.006416131989000928
2022-05-03,-0.10022204743978502,-0.18075865286556803,-0.2325300511364381,-0.27176554881129056,-0.0890567639151223,-0.07185799413924154,-0.03741368779396492,-0.2930681976124758,-0.2369725663739436,0.0,-0.13619531205192936,-0.021387106630002983
2022-05-04,-0.10022204743978502,-0.16956126099340696,-0.2504633661521052,-0.25875185654415256,-0.08993419449183437,-0.0692952093718,-0.03741368779396492,-0.31085457690954976,-0.22705961709945155,0.0,-0.15770255938673194,-0.024136877482432095
2022-05-05,-0.10022204743978502,-0.19248931198993557,-0.2497449344915037,-0.28538808304776453,-0.08652205703143945,-0.06357808913028262,-0.03741368779396492,-0.31118027946519655,-0.22906901459192042,0.0,-0.16437895980420747,-0.017720745493431167
2022-05-06,-0.10022204743978502,-0.19226080209066831,-0.23879524115253337,-0.2821917498022989,-0.08301245373050103,-0.06850662550328113,-0.03741368779396492,-0.30197041957526305,-0.24032152812732455,-0.08425364587965023,-0.14582772362757546,-0.03177512985029041
2022-05-09,-0.10022204743978502,-0.205895787862847,-0.23038893978398445,-0.28226786956405736,-0.0947599436578409,-0.06150811287804292,-0.03741368779396492,-0.29674124886708464,-0.2621567219665758,-0.20004553922448454,-0.1369258294020812,-0.04124656278643457
2022-05-10,-0.10022204743978502,-0.20757160461139057,-0.21692456433303753,-0.2845509398555187,-0.10314402904505748,-0.0643666729988015,-0.03741368779396492,-0.28412977898735914,-0.281312787284003,-0.15917109924890682,-0.12325021734065467,-0.03880232202872003
2022-05-11,-0.10022204743978502,-0.19911638964587497,-0.22383637710364845,-0.27732113017234195,-0.0969534605966661,-0.0655494735980835,-0.03741368779396492,-0.2876399789641447,-0.2659075938791112,-0.1301377805849805,-0.12827878188135222,-0.01955392606171724
2022-05-12,-0.10022204743978502,-0.18723340996047466,-0.2244542899997195,-0.2595128799746397,-0.11099193330337442,-0.07294227815758125,-0.03741368779396492,-0.28447354617150633,-0.27260551738587313,-0.1188660081612285,-0.12777727013653206,-0.005805071799572348
2022-05-13,-0.10022204743978502,-0.18075865286556803,-0.23469987234733625,-0.256468786252691,-0.11898609582546205,-0.06357808913028273,-0.03741368779396492,-0.27768832341508876,-0.2511721315035744,-0.12751905801343233,-0.12792202889731286,-0.029025358997861295
2022-05-16,-0.10022204743978502,-0.1679615754676611,-0.24327856990645014,-0.2489344975224803,-0.11601267365342338,-0.05933954484136417,-0.03741368779396492,-0.29279675634766067,-0.2464836054892814,-0.09415918727794348,-0.14068024142553148,-0.010693553315001547
2022-05-17,-0.10022204743978502,-0.16620962749631996,-0.24152548702266485,-0.23630134600176878,-0.11372169087405448,-0.053721016384285614,-0.03741368779396492,-0.2897750427990151,-0.2356329510119307,-0.05453718455753398,-0.14044240610283842,-0.021387106630003205
2022-05-18,-0.10022204743978502,-0.18601461301046607,-0.25191475570240185,-0.254109538137105,-0.11484278605212539,-0.053721016384285614,-0.03741368779396492,-0.3098594046141112,-0.2604152986476106,-0.04725036573078911,-0.16110021842614275,-0.04491292392300661
2022-05-19,-0.10022204743978502,-0.1771785675846509,-0.2527769422150722,-0.24969557901533324,-0.10251038207561425,-0.053721016384285614,-0.03741368779396492,-0.29739265397837844,-0.24621568241687886,-0.05408179231268806,-0.1561055956430094,-0.04277421326000619
2022-05-20,-0.10022204743978502,-0.16826627470516353,-0.2507651280055422,-0.23668182868582943,-0.10221786554807355,-0.04731390405868818,-0.03741368779396492,-0.3022599254685787,-0.22839923246146465,-0.07969939768566514,-0.16247627722266367,-0.04827375496486408
2022-05-23,-0.10022204743978502,-0.15280315162340874,-0.2599761276499237,-0.22564684378785071,-0.09929317629630663,-0.05559388427114387,-0.03741368779396492,-0.3097146179647883,-0.21513732143359154,-0.004440345841853155,-0.17093644256033647,-0.03910785212343426
2022-05-24,-0.10022204743978502,-0.15242232116310894,-0.2613843496326306,-0.2217655488112904,-0.09086035798881831,-0.062493805111943024,-0.03741368779396492,-0.31876162657689844,-0.21500338544794073,0.0,-0.1822676431523974,-0.05682859761686532
2022-05-25,-0.10022204743978502,-0.14975621736382372,-0.2571740043537578,-0.22907147825622598,-0.10007314103247522,-0.06456378136418284,-0.03741368779396492,-0.31241062895778915,-0.21460147528878637,0.0,-0.1815371258022458,-0.05621753742743674
2022-05-26,-0.10022204743978502,-0.14213891077258012,-0.2596887549856831,-0.21917805753516106,-0.09948816748034872,-0.05707238502024592,-0.03741368779396492,-0.31376770047120406,-0.20723376965156848,-0.007022598074260422,-0.18068769079074765,-0.06507791017415232
2022-05-27,-0.10022204743978502,-0.1417580803122802,-0.26490490458939786,-0.21347029471295842,-0.09758710756610922,-0.052932432515766625,-0.03741368779396492,-0.3208786257832683,-0.2000000000000013,-0.027198694557911907,-0.18996334938235437,-0.050106935533150154
2022-05-31,-0.10022204743978502,-0.1462522633057043,-0.26461753192515736,-0.21232873053604473,-0.10177920976267274,-0.052636732365946015,-0.03741368779396492,-0.3271210334153839,-0.20026792307240393,-0.09207438255937883,-0.19264750245368645,-0.07913229453101145
2022-06-01,-0.10022204743978502,-0.14404323742039093,-0.2705090826617811,-0.22275493152705328,-0.10148669323513193,-0.048792480011286776,-0.03741368779396492,-0.3349557571634002,-0.18432688352270676,-0.03065428906293599,-0.19638490309506418,-0.10632447296058678
2022-06-02,-0.10022204743978502,-0.13520719199457576,-0.2632093099424505,-0.21841703410467372,-0.09017791859614832,-0.052341032216125405,-0.03741368779396492,-0.3305589074728391,-0.1685197799586604,-0.05417457098739997,-0.1819279015504307,-0.10754659333944416
2022-06-03,-0.10022204743978502,-0.1451096556939302,-0.2609676113055178,-0.2298325597490789,-0.10046306389760462,-0.0497781722451871,-0.03741368779396492,-0.33207883026407736,-0.17937043443601108,-0.049938687807457804,-0.18529153782569607,-0.11151848457073033
2022-06-06,-0.10022204743978502,-0.15257464172414137,-0.26478999663567093,-0.237823392862743,-0.10348527849287037,-0.0497781722451871,-0.03741368779396492,-0.33969637403811026,-0.18191562697218433,0.0,-0.18880811452645374,-0.09257561869844189
2022-06-07,-0.10022204743978502,-0.15607859578226102,-0.26388464255541066,-0.24657530746926015,-0.0994394345600772,-0.055692400852086044,-0.03741368779396492,-0.34402083040401077,-0.17669125481308612,-0.0031108485318155354,-0.18554638453046202,-0.07485487320501083
2022-06-08,-0.10022204743978502,-0.16918037241767003,-0.2518428782763673,-0.2564687862526909,-0.09729465054152375,-0.05943813662580266,-0.03741368779396492,-0.33705462433593925,-0.20401879498493913,-0.0668310685869058,-0.17308951648467452,-0.06568897036358079
2022-06-09,-0.10022204743978502,-0.17702618890818111,-0.24593693835054697,-0.25799083311366533,-0.09880572808767896,-0.05943813662580266,-0.03741368779396492,-0.3407277429958784,-0.22545212976613693,-0.038510970784643384,-0.16789553650496503,-0.05530094714329359
2022-06-10,-0.10022204743978502,-0.18951856706858583,-0.25197224393923956,-0.27397255740335924,-0.08774067755300918,-0.05657957650504408,-0.03741368779396492,-0.339967747897595,-0.22679169402704902,-0.05063282462857399,-0.16701215973590278,-0.05499541704857924
2022-06-13,-0.10022204743978502,-0.2133607738930583,-0.24659795029425924,-0.29033482243947983,-0.10894467462831992,-0.055692400852086155,-0.03741368779396492,-0.3306493654260002,-0.2517079776483796,-0.07648566598379014,-0.15330252491033103,-0.05988389856400844
2022-06-14,-0.10022204743978502,-0.21450332338939493,-0.2351166106744491,-0.29223741004688075,-0.11796246648793474,-0.06495807329844228,-0.03741368779396492,-0.3106374643408949,-0.2724715302991214,-0.22881350817022317,-0.13131968793672388,-0.061106018942865825
2022-06-15,-0.10022204743978502,-0.20871421222316477,-0.23316228470175704,-0.2815829078329628,-0.11513524307671119,-0.06071952900952382,-0.03741368779396492,-0.3161018122462287,-0.27126590202386025,-0.20403342259324353,-0.13086102867341076,-0.054078826764436316
2022-06-17,-0.10022204743978502,-0.23164226321969317,-0.23468548315813964,-0.29193298906221277,-0.1052400801433393,-0.053228132665587014,-0.03741368779396492,-0.30967842130245704,-0.30421972451396584,-0.255095462067096,-0.1417165586200857,-0.04124656278643457
2022-06-21,-0.10022204743978502,-0.23575561575281745,-0.21617735429404283,-0.2840943374096998,-0.10572752835196719,-0.053721016384285614,-0.03741368779396492,-0.3051730490302329,-0.3079705453254,-0.2696845723580731,-0.11878229934912554,-0.07027192178429575
2022-06-22,-0.10022204743978502,-0.23712673326385858,-0.22487102832683237,-0.2839421559485489,-0.10587372711278231,-0.053721016384285614,-0.03741368779396492,-0.3199196501501589,-0.3239115848750971,-0.26432094692232355,-0.1297228051995829,-0.06141154903758017
2022-06-23,-0.10022204743978502,-0.2480956733521893,-0.21196700901517018,-0.2941399976542818,-0.11006582930934583,-0.05864955275728412,-0.03741368779396492,-0.3090089515626653,-0.33998661151154597,-0.33072300527119425,-0.11769502901493445,-0.08738160708829823
2022-06-24,-0.10022204743978502,-0.24093538655948032,-0.20863330795811308,-0.2976407518844154,-0.10967584694126131,-0.059635244991184444,-0.03741368779396492,-0.2971212127135635,-0.31828535365794564,-0.3327612003283946,-0.11015226321046956,-0.08310418576229761
2022-06-27,-0.10022204743978502,-0.22730040078730185,-0.20529953838110715,-0.29041094220123864,-0.11240554500898625,-0.06387378928010301,-0.03741368779396492,-0.2981345170428311,-0.30127262181863823,-0.30261743816385456,-0.1095746862858098,-0.09043690803544158
2022-06-28,-0.10022204743978502,-0.22760510002480394,-0.2041355900149996,-0.29946721973005785,-0.11406288081891192,-0.06702804955068209,-0.03741368779396492,-0.3001429262622093,-0.29604824965954,-0.29725376157629413,-0.11035607576901707,-0.07179957225786737
2022-06-29,-0.10022204743978502,-0.2334704586447065,-0.2039200262568449,-0.3081430145748163,-0.11591520781287978,-0.06702804955068209,-0.03741368779396492,-0.2995639144755782,-0.3055592887748777,-0.3029392342062389,-0.10529356947075541,-0.05866177818515106
2022-06-30,-0.10022204743978502,-0.24459171929406964,-0.2226293296898998,-0.31445961936635514,-0.12059469871511619,-0.06850662550328113,-0.03741368779396492,-0.31351439124021985,-0.318687212715999,-0.41815060627683875,-0.11985255830124375,-0.09104796822487005
2022-07-01,-0.10022204743978502,-0.23979277894770656,-0.2094523269031935,-0.3093606985134886,-0.12312940559879881,-0.0686052172877204,-0.03741368779396492,-0.3001791229245404,-0.31922305886080415,-0.3853250058185186,-0.10777390998353997,-0.07791017415215384
2022-07-05,-0.10022204743978502,-0.24558194822937418,-0.2015777403354332,-0.31270927128247095,-0.14121372223830042,-0.07037949339013949,-0.03741368779396492,-0.29046264457263815,-0.33904890630868745,-0.4075305696009903,-0.0948118038901925,-0.10051940116101421
2022-07-06,-0.10022204743978502,-0.2426112033080241,-0.20659278389013846,-0.31605778598908774,-0.15432609095098015,-0.07156229398942138,-0.03741368779396492,-0.2810899334048831,-0.33235098280192543,-0.4089250702698002,-0.0851454505569823,-0.09043690803544135
2022-07-07,-0.10022204743978502,-0.2266910604277348,-0.20584557385114366,-0.30631654672917386,-0.1528637463250967,-0.08132085015447599,-0.03741368779396492,-0.2777968459967508,-0.3182853536579455,-0.32450115475213115,-0.07787446183277436,-0.08707607699358366
2022-07-08,-0.10022204743978502,-0.23088054418365633,-0.22043079862055692,-0.3047944998681995,-0.1515476599629837,-0.08319364283783748,-0.03741368779396492,-0.28934081766170716,-0.330609508381859,-0.35271398720693214,-0.0931299452492691,-0.04888481515429244
2022-07-11,-0.10022204743978502,-0.24687687640218048,-0.23146669005480958,-0.322602692003536,-0.15671459907384777,-0.09314930736827376,-0.03741368779396492,-0.3024227767464024,-0.3460147528878519,-0.3106629018933843,-0.10743408737499194,-0.04521845401772051
2022-07-12,-0.10022204743978502,-0.24344911168229577,-0.22406633005099996,-0.32427697838802716,-0.15998047827047224,-0.09679645135755177,-0.03741368779396492,-0.29192823866771633,-0.34413934248213474,-0.3388757343481853,-0.08650449797143045,-0.10449129239230048
2022-07-13,-0.10022204743978502,-0.24939060152499581,-0.21676648881172078,-0.3319634485793892,-0.15466734039879304,-0.08467221879043674,-0.03741368779396492,-0.2804747923612513,-0.35164098410500355,-0.2824500694385833,-0.07643043851454379,-0.0956309196455849
2022-07-14,-0.10022204743978502,-0.2605118621743592,-0.22295986992173034,-0.33789951262450135,-0.16914452839385763,-0.08536221087451656,-0.03741368779396492,-0.2913130302187543,-0.37588748559587815,-0.29199740148800624,-0.08417709788413763,-0.15062633669416425
2022-07-15,-0.10022204743978502,-0.25746492791477404,-0.21930994930209047,-0.3302891621948978,-0.17016815773138505,-0.0766880139312981,-0.03741368779396492,-0.2939185832585922,-0.36932349807476683,-0.2473717943799505,-0.0787578386018365,-0.2615337610754658
2022-07-18,-0.10022204743978502,-0.25502739213019365,-0.21633542981535991,-0.32686452772652264,-0.16685354561448884,-0.07974368241743823,-0.03741368779396492,-0.29261584044133937,-0.36637644648054035,-0.1977043067267188,-0.0809153678881458,-0.25175679804460727
2022-07-19,-0.10022204743978502,-0.24474403985510207,-0.2076561449717671,-0.30745811090608743,-0.16646356324640466,-0.09719074329181132,-0.03741368779396492,-0.28849043201559144,-0.35539185601753887,-0.2207680444406932,-0.07637948537490691,-0.2706996639168958
2022-07-20,-0.10022204743978502,-0.24398232081906523,-0.20468162548503632,-0.3078386516525139,-0.17158176943699677,-0.09512069183607474,-0.03741368779396492,-0.2914035555772455,-0.3556597790899416,-0.14106411112219386,-0.0804057554851958,-0.2761992056217536
2022-07-21,-0.10022204743978502,-0.2405545560991803,-0.19989653487768233,-0.29718414943859606,-0.16514747688429132,-0.096993559722933,-0.03741368779396492,-0.28478111669332096,-0.35298059946701654,-0.1491095748517236,-0.07070537938783994,-0.2963641918728994
2022-07-22,-0.10022204743978502,-0.2409353865594801,-0.19288413482259226,-0.3050989208528674,-0.1581282107794595,-0.08122225837003727,-0.03741368779396492,-0.27441330063545744,-0.35164098410500366,-0.10974037898376676,-0.06601663745569042,-0.31041857622975855
2022-07-25,-0.10022204743978502,-0.23065203428438863,-0.19975284854556197,-0.2987061962995704,-0.16207652936875405,-0.08950216337899608,-0.03741368779396492,-0.2706316593938568,-0.3511051890612996,-0.06382743425074067,-0.06620351963874649,-0.29117018026275576
2022-07-26,-0.10022204743978502,-0.23286106016970176,-0.2135333065191941,-0.3028919122607987,-0.1627102358411523,-0.09088214754715607,-0.03741368779396492,-0.28964838818352334,-0.3563295612203977,-0.03529280575355531,-0.09005509743633311,-0.27039413382218136
2022-07-27,-0.10022204743978502,-0.21922607439752329,-0.22159474698666448,-0.2964231260081087,-0.1620277964484822,-0.09088214754715607,-0.03741368779396492,-0.2932310488902997,-0.3444072655545377,-0.0681183550600647,-0.09110834500637865,-0.2664222425908952
2022-07-28,-0.10022204743978502,-0.21267518607981872,-0.23155288815009212,-0.28614910647825154,-0.14681937663752076,-0.08339082640671625,-0.03741368779396492,-0.30341794904184116,-0.33891497032303686,-0.12744044011018063,-0.10930282819897119,-0.2483959670027498
2022-07-29,-0.10022204743978502,-0.20818100308639476,-0.24132431245370678,-0.29025870267772114,-0.14067754110940112,-0.07737800601537803,-0.03741368779396492,-0.30238658008407115,-0.33221704681627484,-0.1172494648241782,-0.11954675845684115,-0.24686831652917818
2022-08-01,-0.10022204743978502,-0.21572212033940363,-0.2409219633157904,-0.29490102108476857,-0.13770411893736234,-0.08723507876137504,-0.03741368779396492,-0.2989849026889472,-0.35070327890214514,-0.11145672684677188,-0.12150047518460294,-0.2581729300336083
2022-08-02,-0.10022204743978502,-0.20711458481285572,-0.23596440799792295,-0.2885083545938374,-0.13668048959983492,-0.09167073141567494,-0.03741368779396492,-0.28713336050217664,-0.3422639320764179,-0.17335333369139572,-0.11932593451622076,-0.277421326000611
2022-08-03,-0.10022204743978502,-0.20284885360326188,-0.23018776521502626,-0.27861487581040634,-0.1430660492322684,-0.08615079474303555,-0.03741368779396492,-0.2842564336028518,-0.3539183046698753,-0.11328039120904942,-0.10340789827128405,-0.27711579590589663
2022-08-04,-0.10022204743978502,-0.18631931224796805,-0.22936874626994574,-0.2552511023140185,-0.12819887886911963,-0.07028090160570066,-0.03741368779396492,-0.2867714612841986,-0.34494306059824176,-0.12872772658334009,-0.1025584632597859,-0.26397800183318054
2022-08-05,-0.10022204743978502,-0.1834247566648527,-0.2330760866064746,-0.24733633089974705,-0.13580305902312273,-0.0636766809147219,-0.03741368779396492,-0.2891599017553834,-0.3335566110771868,-0.1349495259505923,-0.11472208748127222,-0.25420103880232203
2022-08-08,-0.10022204743978502,-0.16811395414413044,-0.23689840341667923,-0.231202425148902,-0.12902751702260484,-0.05480530040262521,-0.03741368779396492,-0.30806810796338835,-0.3268586875704248,-0.18590424892517243,-0.12262168727635792,-0.25633974946532223
2022-08-09,-0.10022204743978502,-0.16544790846028257,-0.25145491832764777,-0.22792997214167776,-0.12551791372166643,-0.05933954484136428,-0.03741368779396492,-0.31441910558249586,-0.31614202017982584,-0.15972961152757192,-0.13188033448589187,-0.247784906813321
2022-08-10,-0.10022204743978502,-0.15364105999767996,-0.2487390616467131,-0.2142313181434452,-0.12473800848845296,-0.053721016384285725,-0.03741368779396492,-0.3140210097021886,-0.314132622687357,-0.12014588496469236,-0.1295698647740906,-0.24075771463489148
2022-08-11,-0.10022204743978502,-0.15821143232933865,-0.24639677572530116,-0.20852355532124256,-0.12761396481994813,-0.06180381302786342,-0.03741368779396492,-0.3060415667101798,-0.306764917050139,-0.04805835398587688,-0.1346663938364977,-0.23098075160403297
2022-08-12,-0.10022204743978502,-0.13406458438280122,-0.2353464951018519,-0.18949767924723404,-0.1232756638625695,-0.05293243251576685,-0.03741368779396492,-0.29838782627381755,-0.2926992879061592,-0.059429299245766454,-0.12391277016909641,-0.21814848762603112
2022-08-15,-0.10022204743978502,-0.13048444098644674,-0.2527481638366791,-0.1853880830477641,-0.13165974924978607,-0.037555423097130336,-0.03741368779396492,-0.3112888020468586,-0.3075686862673469,-0.06372022005509048,-0.13786015931078,-0.2340360525511762
2022-08-16,-0.10022204743978502,-0.12591406865478794,-0.2562974971718396,-0.18417045717145775,-0.1356568602623074,-0.03903399904972937,-0.03741368779396492,-0.3075252928390886,-0.3054253527892272,0.0,-0.13434358261002244,-0.2532844485181789
2022-08-17,-0.10022204743978502,-0.12568555875552057,-0.24858098612539614,-0.18378991642503129,-0.14194489455124237,-0.053326724450026175,-0.03741368779396492,-0.3072176549119424,-0.3004688526014305,-0.009111376764614154,-0.1265053858035612,-0.24839596700274957
2022-08-18,-0.10022204743978502,-0.12705667626656203,-0.24503165279023553,-0.19025870267772094,-0.14438213559438162,-0.049679580460748385,-0.03741368779396492,-0.3076519474545808,-0.30475551955767,-0.015114239525274797,-0.12255372275464838,-0.24259089520317723
2022-08-19,-0.10022204743978502,-0.14130100239830778,-0.25112437809581734,-0.19901061728423797,-0.14813552250258888,-0.049679580460748385,-0.03741368779396492,-0.31157830794017405,-0.3208305461941189,0.0,-0.12221398115268167,-0.23495264283531903
2022-08-22,-0.10022204743978502,-0.15173673334986904,-0.2566136482144733,-0.21004560218221668,-0.15476480623933642,-0.049679580460748385,-0.03741368779396492,-0.31745888375964393,-0.330207649323806,0.0,-0.12197614582998884,-0.22578673999388899
2022-08-23,-0.10022204743978502,-0.13208406839675535,-0.26404271807672763,-0.2035768159295268,-0.14852544536771817,-0.0439625354227281,-0.03741368779396492,-0.32178334012554455,-0.2993972114129212,-0.050309963847074424,-0.12406571059458849,-0.1934005499541701
2022-08-24,-0.10022204743978502,-0.13017974174894442,-0.26941701172170796,-0.2035768159295268,-0.14803799715909027,-0.03992109949919065,-0.03741368779396492,-0.3249497729181846,-0.31225721228163994,-0.03615706306151478,-0.13300154657764707,-0.1863733577757405
2022-08-25,-0.10022204743978502,-0.1257617480937554,-0.268439848735362,-0.19140026685463463,-0.14321230749603875,-0.04928536372998571,-0.03741368779396492,-0.3255107200763153,-0.31011387880352026,-0.031508294995889585,-0.13188033448589187,-0.19645585090131334
2022-08-26,-0.10022204743978502,-0.13810174757769034,-0.26838236049852415,-0.20053266414521254,-0.153741176901809,-0.06219810496212297,-0.03741368779396492,-0.32357463677626774,-0.330207649323806,-0.03966950062934571,-0.13211816980858482,-0.18270699663916856
2022-08-29,-0.10022204743978502,-0.13802555823945528,-0.2755672252641277,-0.19710802967683716,-0.15349745279749516,-0.05914243647598283,-0.03741368779396492,-0.3368375117672867,-0.3371734959029705,-0.03378105451154911,-0.13996673545745242,-0.1643751909563087
2022-08-30,-0.10022204743978502,-0.15234613182487322,-0.27723411005263054,-0.20015218146115177,-0.16002927069369932,-0.05746667695450569,-0.03741368779396492,-0.34367706321986413,-0.34695245809071085,-0.06590913927348918,-0.14596357166441332,-0.1692636724717379
2022-08-31,-0.10022204743978502,-0.1564594843579975,-0.26257700785718285,-0.22070010439613463,-0.16509868446106457,-0.05460811683374711,-0.03741368779396492,-0.3318435856615922,-0.3569993433508537,-0.05712814387398257,-0.1298756646184932,-0.17659639474488187
2022-09-01,-0.10022204743978502,-0.15265083106237565,-0.25292062854719244,-0.20852355532124234,-0.1729953811426086,-0.05460811683374711,-0.03741368779396492,-0.3275191292956916,-0.3569993433508537,-0.04318183967710654,-0.11971662925782445,-0.1955392606171703
2022-09-02,-0.10022204743978502,-0.1483089686299841,-0.2508226162423801,-0.20167422832212611,-0.16656102908694803,-0.041498267236228736,-0.03741368779396492,-0.3231946729297911,-0.3568654073652029,-0.09235537450631603,-0.10974455708679287,-0.1824014665444541
2022-09-06,-0.10022204743978502,-0.15737352395506665,-0.26356856003272555,-0.21004560218221668,-0.17114305414864084,-0.050073872395007823,-0.03741368779396492,-0.3357880781810162,-0.3516409841050038,-0.15857435940279507,-0.12443939395411929,-0.16804155209288063
2022-09-08,-0.10022204743978502,-0.15585008588299298,-0.24664104934190056,-0.20654484795208283,-0.16743845966366033,-0.04642680360922735,-0.03741368779396492,-0.3415781286419949,-0.35673142027845106,-0.18233474046266607,-0.10867429813467455,-0.17567980446073883
2022-09-09,-0.10022204743978502,-0.1352071919945752,-0.2505496327673359,-0.1955859828158627,-0.16344140815409414,-0.039033999049729595,-0.03741368779396492,-0.34429227166882637,-0.3319491237438723,-0.1739669875005616,-0.11434832311516019,-0.1463489153681632
2022-09-12,-0.10022204743978502,-0.1275898854033316,-0.2578350162974701,-0.18409433740969916,-0.15764076257083182,-0.044849635872189264,-0.03741368779396492,-0.34718726319664983,-0.32484929007795604,-0.1478306471507601,-0.12573055785343923,-0.12954476015887506
2022-09-13,-0.10022204743978502,-0.14907068766602127,-0.2592145284217323,-0.201978649306794,-0.1689008042895438,-0.06357808913028284,-0.03741368779396492,-0.3538820279999062,-0.34494306059824187,-0.14421486202855183,-0.13495518229882775,-0.13351665139016133
2022-09-14,-0.10022204743978502,-0.15143203411236683,-0.2560963226028812,-0.19870619629956987,-0.17304411406288045,-0.05667816828948358,-0.03741368779396492,-0.349738554945658,-0.36101808723469075,-0.05847107096046045,-0.11834065146788475,-0.13351665139016133
2022-09-15,-0.10022204743978502,-0.15333636076017776,-0.25980366293941015,-0.2066209677138413,-0.18820374145061514,-0.057170976804685414,-0.03741368779396492,-0.3461558942388816,-0.35565977908994184,-0.14008263469467053,-0.12294441749625207,-0.1720134433241669
2022-09-16,-0.10022204743978502,-0.15843994222860613,-0.24743142694848486,-0.21445961936635427,-0.18513285343803287,-0.05145385656316792,-0.03741368779396492,-0.3379774707120484,-0.3576691254813097,-0.1979339158890805,-0.10877620441394831,-0.17231897341888125
2022-09-19,-0.10022204743978502,-0.13878733539092958,-0.24573576378158868,-0.18493148060194453,-0.18781381858548596,-0.05027105596388637,-0.03741368779396492,-0.3344672033299325,-0.33824513709147996,-0.19917359394125211,-0.10799473392415981,-0.17109685304002398
2022-09-20,-0.10022204743978502,-0.13330286534676417,-0.25527723513785183,-0.1628614527436213,-0.19098223194156683,-0.0406110915832707,-0.03741368779396492,-0.34677110268784206,-0.3503014198440918,-0.20278928054338952,-0.12155142832423971,-0.15429269783073585
2022-09-21,-0.10022204743978502,-0.14084398259977304,-0.26372663555404197,-0.17237439078062566,-0.18859372381869932,-0.0439625354227281,-0.03741368779396492,-0.35221738596467367,-0.35432016372792874,-0.19638434295388396,-0.12654597010079172,-0.16223648029330828
2022-09-22,-0.10022204743978502,-0.12195309479813354,-0.2698480707180684,-0.16133940588264695,-0.1855715092234338,-0.03775253146251156,-0.03741368779396492,-0.3519640767336891,-0.33958475245349284,-0.2676652890933553,-0.12163632322144069,-0.1588756492514507
2022-09-23,-0.10022204743978502,-0.14244361001008177,-0.2770329354836719,-0.18013692267138015,-0.19800143854344365,-0.034992563126192144,-0.03741368779396492,-0.3499918641766424,-0.3583389076117657,-0.2946281143179612,-0.13096293495268418,-0.17293003360830983
2022-09-26,-0.10022204743978502,-0.15935403994111252,-0.28654562846154197,-0.19558598281586248,-0.20872529913325588,-0.04386394363828883,-0.03741368779396492,-0.3365661379078019,-0.3703951903643775,-0.2868802003819424,-0.1066186751276389,-0.1857622975863117
2022-09-27,-0.10022204743978502,-0.16796157546766055,-0.25990425022388863,-0.205251102314018,-0.20706802282628545,-0.04682109554348657,-0.03741368779396492,-0.3261620577822768,-0.3657066643500846,-0.31291324243740226,-0.0844319445889028,-0.18423464711273996
2022-09-28,-0.10022204743978502,-0.1675045556691258,-0.2588265684730121,-0.20167422832212578,-0.19064098249375427,-0.04307535976977006,-0.03741368779396492,-0.3275191292956917,-0.3667783055385939,-0.2904958869840799,-0.08635163855251904,-0.18056828597616803
2022-09-29,-0.10022204743978502,-0.1710846990654803,-0.2505065337196942,-0.20319633324546593,-0.1915671459907382,-0.05046816432926782,-0.03741368779396492,-0.32652395700025294,-0.3651708182052793,-0.28987604795799415,-0.08701419138096123,-0.1817904063550253
2022-09-30,-0.10022204743978502,-0.15242232116310817,-0.23796176449830686,-0.19254183103154798,-0.1896660860764986,-0.038442523546591945,-0.03741368779396492,-0.3240088619135758,-0.3450770476849935,-0.30103310116750215,-0.08327670973300227,-0.17201344332416668
2022-10-03,-0.10022204743978502,-0.10534736410460477,-0.2378324673553831,-0.14406387789252229,-0.1747989157133495,-0.032922586873952664,-0.03741368779396492,-0.32370129139175996,-0.32860016199049136,-0.3316116129942456,-0.08020186192006651,-0.1680415520928804
2022-10-04,-0.10022204743978502,-0.10770871055095044,-0.2707821346567729,-0.14657530746925929,-0.16105290003122674,-0.030556910471892573,-0.03741368779396492,-0.3534839995249274,-0.318151366571194,-0.29369838040885043,-0.12280856945941399,-0.1652917812404514
2022-10-05,-0.10022204743978502,-0.09780618873615887,-0.25799309181878616,-0.13751897187807438,-0.16578112385373467,-0.039231107415111155,-0.03741368779396492,-0.34953950700550507,-0.3111855710931305,-0.2840909493945746,-0.12071900469481434,-0.16406966086159414
2022-10-06,-0.10022204743978502,-0.09475931259201109,-0.2606371395936351,-0.1413241470928761,-0.16563492509291955,-0.029078334519293647,-0.03741368779396492,-0.349358523693851,-0.31373076362930374,-0.2797520762119742,-0.11742325193467706,-0.17445768408188134
2022-10-07,-0.10022204743978502,-0.10298595954282186,-0.26609763133389785,-0.14786905310732423,-0.1710943212283691,-0.04001969128363003,-0.03741368779396492,-0.3488881018942116,-0.31681180231028216,-0.30289256898572414,-0.11319316926584067,-0.16498625114573695
2022-10-10,-0.10022204743978502,-0.10694699151491371,-0.2684398487353611,-0.15525110231401817,-0.1872775779536311,-0.035682555210272526,-0.03741368779396492,-0.3532125582601122,-0.30944409667306416,-0.335227299596383,-0.11687961676758152,-0.1466544454628772
2022-10-11,-0.10022204743978502,-0.11738266435103739,-0.27663058634575544,-0.16377471569762592,-0.18172071597763795,-0.04376535185385,-0.03741368779396492,-0.3557095213129603,-0.3114534430644321,-0.3185950427064804,-0.11885026387083475,-0.15307057745187813
2022-10-13,-0.10022204743978502,-0.12233392525843334,-0.2620884606239834,-0.17191778833480675,-0.18596149159151798,-0.0480038961427689,-0.03741368779396492,-0.3474949011237959,-0.3083724043834538,-0.30361570630615164,-0.10106348680191846,-0.1472655056523059
2022-10-14,-0.10022204743978502,-0.1398537536644685,-0.26197348415030786,-0.1773211301723414,-0.1997562996968676,-0.036471139078791515,-0.03741368779396492,-0.3538820279999061,-0.31681180231028216,-0.3333677825181258,-0.10644880432665538,-0.1570424686831644
2022-10-17,-0.10022204743978502,-0.12629495723052486,-0.2561969098873599,-0.16423131814344494,-0.1922983183036796,-0.036471139078791515,-0.03741368779396492,-0.35098703647208096,-0.3082384683978029,-0.3802686070917113,-0.09496466330910258,-0.1646807210510226
2022-10-18,-0.10022204743978502,-0.11060326613406557,-0.2535097630648697,-0.15098932465339732,-0.19619790397270231,-0.033021178658391936,-0.03741368779396492,-0.35902074075492163,-0.2993972114129211,-0.4065082949958898,-0.10346581797691223,-0.16773602199816584
2022-10-19,-0.10022204743978502,-0.1070231227377112,-0.2577632073913837,-0.14840177531490195,-0.2066780404582006,-0.034006870892292373,-0.03741368779396492,-0.364647939938077,-0.3085063914702054,-0.43574383047612,-0.10984646336606652,-0.17109685304002353
2022-10-20,-0.10022204743978502,-0.10039610319720915,-0.2609820004947139,-0.13683406820934563,-0.2050694375685468,-0.034006870892292373,-0.03741368779396492,-0.3635442450609767,-0.2967180317899961,-0.4464876412482257,-0.10485192158951429,-0.16406966086159402
2022-10-21,-0.10022204743978502,-0.07739180474700813,-0.2673764876537328,-0.11567730330502657,-0.19522300755544653,-0.042878251404388945,-0.03741368779396492,-0.3714874913906545,-0.28868054402232224,-0.48770661629269774,-0.11378775757257287,-0.16376413076687968
2022-10-24,-0.10022204743978502,-0.10869893948625453,-0.2725208283513618,-0.15525110231401829,-0.19634416223647266,-0.032922586873952886,-0.03741368779396492,-0.3757938831280564,-0.29403885216707115,-0.4629132522894095,-0.12282549983490532,-0.16712496180873726
2022-10-25,-0.10022204743978502,-0.11776355292677465,-0.24652607286822426,-0.16202430955137603,-0.19434557697873456,-0.04425823557254882,-0.03741368779396492,-0.3550219869446679,-0.2973878139204521,-0.42014465504970544,-0.09856621591364223,-0.1613198900091649
2022-10-26,-0.10022204743978502,-0.1310176501232163,-0.23949935214388618,-0.19124808539348348,-0.1888861808432849,-0.045638219740708696,-0.03741368779396492,-0.35008232212980506,-0.28881448000797294,-0.42086779237013294,-0.09703729769821068,-0.16284754048273664
2022-10-27,-0.10022204743978502,-0.11898229176134623,-0.21961171115552702,-0.16971077974273785,-0.19049478373293882,-0.04435682735698765,-0.03741368779396492,-0.33327298309433917,-0.29028803135563674,-0.46425622863592264,-0.08536627449760159,-0.16620837152459422
2022-10-28,-0.10022204743978502,-0.11662094531500045,-0.23540398333868906,-0.16156770710555668,-0.20077992903439512,-0.03479545476081114,-0.03741368779396492,-0.3396782420042801,-0.30140655780428904,-0.4128099342910535,-0.0929600744482848,-0.1680415520928803
2022-10-31,-0.10022204743978502,-0.10603289380240666,-0.24218643044642774,-0.13812781384741035,-0.2025834636051359,-0.03627403071341018,-0.03741368779396492,-0.35084224982275825,-0.3054253527892271,-0.3434917542641458,-0.10157318021144945,-0.1549037580201641
2022-11-01,-0.10022204743978502,-0.10153871080898258,-0.2646175319251568,-0.13318107445569494,-0.19814769680721367,-0.023558397846654144,-0.03741368779396492,-0.3700037652617476,-0.2943067752394737,-0.40971073916062484,-0.12020931128528256,-0.147265505652306
2022-11-03,-0.10022204743978502,-0.09940581614646715,-0.2750068006048939,-0.13280059177163428,-0.2067755062987442,-0.033021178658391936,-0.03741368779396492,-0.3706913670353704,-0.2957803265871375,-0.3827479631960542,-0.12635908791773542,-0.16987473266116637
2022-11-04,-0.10022204743978502,-0.09026507148314977,-0.28372918449612816,-0.12823433506397963,-0.18474287106994813,-0.03459827119193326,-0.03741368779396492,-0.37619191160303367,-0.2679169402704793,-0.3388429861985205,-0.13106484123195772,-0.16773602199816606
2022-11-07,-0.10022204743978502,-0.11189825242230922,-0.2766592962042004,-0.14840177531490184,-0.18279307823543678,-0.04475104408775066,-0.03741368779396492,-0.3762100436368643,-0.2746148637772412,-0.2826446747537197,-0.13731109670273722,-0.174152153987167
2022-11-08,-0.10022204743978502,-0.10527117476636982,-0.2581655565293002,-0.1490867370459963,-0.165439933908877,-0.036471139078791626,-0.03741368779396492,-0.36412325684760793,-0.25706633689422964,-0.36590910971746815,-0.12453676386484014,-0.18423464711273985
2022-11-09,-0.10022204743978502,-0.12484765038124856,-0.2555071195652546,-0.19101972610820794,-0.16641483032613258,-0.04386394363828949,-0.03741368779396492,-0.3595273592168905,-0.25787005501033644,-0.3941116129942458,-0.126291123396026,-0.18790100824931177
2022-11-10,-0.10022204743978502,-0.15485985694768845,-0.2538977230135895,-0.23477924107842774,-0.14681937663752043,-0.04780678777738767,-0.03741368779396492,-0.3584055323059594,-0.2604152986476106,-0.35547524308842304,-0.11912204095109169,-0.20164986251145656
2022-11-11,-0.10022204743978502,-0.13543570189384224,-0.21755686641830463,-0.2519786493067939,-0.13916646356324558,-0.06111382094378426,-0.03741368779396492,-0.31767599632829735,-0.2030810386809797,-0.3926652890933553,-0.09255577060102327,-0.19584479071188432
2022-11-14,-0.10022204743978502,-0.1283516044393681,-0.20824527948944427,-0.24543374329234569,-0.13546186907826518,-0.05381960816872566,-0.03741368779396492,-0.30629487594116434,-0.20174147442006762,-0.3870867871186191,-0.10317702951458252,-0.19676138099602736
2022-11-16,-0.10022204743978502,-0.15097501431383176,-0.20672208103306156,-0.25913239729057835,-0.13575432610285088,-0.05894525290710528,-0.03741368779396492,-0.3054625549235488,-0.21205628275261312,-0.3595041721279628,-0.09423422696553208,-0.18698441796516874
2022-11-17,-0.10022204743978502,-0.15760209196977115,-0.19407679304714376,-0.2656011835432681,-0.14170117044692843,-0.06308520541158502,-0.03741368779396492,-0.29918395062910186,-0.22237109108515873,-0.342045479623291,-0.08280103908761605,-0.18423464711273974
2022-11-18,-0.10022204743978502,-0.1614868764881906,-0.19292723387023292,-0.26103498489797916,-0.14603947140430706,-0.06308520541158502,-0.03741368779396492,-0.30108383726681665,-0.23174819421484572,-0.34886365965019883,-0.07887675626318225,-0.1839291170180255
2022-11-21,-0.10022204743978502,-0.1544789683719512,-0.20192266975645967,-0.2557077047598373,-0.15310747042941064,-0.06239521332750475,-0.03741368779396492,-0.3061682213256721,-0.24032152812732466,-0.30000001970401435,-0.08580800338542349,-0.19401161014359836
2022-11-22,-0.10022204743978502,-0.1611060460278907,-0.21734130266015017,-0.26636220697375523,-0.1526687551410546,-0.06850662550328201,-0.03741368779396492,-0.3227603803871527,-0.23375754060621357,-0.299690124820989,-0.0964596397669698,-0.19737244118545594
2022-11-23,-0.10022204743978502,-0.16095366735142091,-0.2065352956533002,-0.26217654907489285,-0.149451608864702,-0.07737800601537859,-0.03741368779396492,-0.31324294997540514,-0.22839923246146465,-0.24504133705134945,-0.0898172621136396,-0.1894286587228835
2022-11-25,-0.10022204743978502,-0.16285799399923173,-0.20468162548503577,-0.2617960083284664,-0.1453570320116373,-0.07530802976313866,-0.03741368779396492,-0.3053901615988882,-0.2309444249976378,-0.27438017082592137,-0.09622180444427664,-0.18362358692331127
2022-11-28,-0.10022204743978502,-0.1615630658264252,-0.19230932097416187,-0.2652967625586,-0.15179138406729786,-0.07382945381053974,-0.03741368779396492,-0.29657839758926197,-0.23590087408433336,-0.30661160314223856,-0.08118714496840196,-0.18270699663916823
2022-11-29,-0.10022204743978502,-0.14495733513289655,-0.20300035150733609,-0.25555552329868625,-0.1477455401345047,-0.0669294577662437,-0.03741368779396492,-0.3003600388308644,-0.21513732143359154,-0.25258265439868477,-0.08862808550017454,-0.18637335777574016
2022-11-30,-0.10022204743978502,-0.13345518590779615,-0.21883572273813945,-0.25608824550626386,-0.14891542773580246,-0.06071952900952449,-0.03741368779396492,-0.3129715761159201,-0.21299398795547186,-0.2840909493945746,-0.10502179239049714,-0.19095630919645523
2022-12-01,-0.10022204743978502,-0.14480501457186412,-0.22390825452968255,-0.2534246344683758,-0.12205704334099976,-0.05046816432926826,-0.03741368779396492,-0.31778458631529083,-0.21795043704216743,-0.30392565044921216,-0.11973550379126618,-0.20562175374274294
2022-12-02,-0.10022204743978502,-0.13947286508873113,-0.21606237782036675,-0.2429984334773675,-0.12459175022468238,-0.04090679173309164,-0.03741368779396492,-0.3059691733855193,-0.21661087278125546,-0.35113636990582286,-0.11939389903792974,-0.2239535594256028
2022-12-05,-0.10022204743978502,-0.15950641861758197,-0.21007023979926398,-0.2676559526118202,-0.1384840241705757,-0.055988176205404416,-0.03741368779396492,-0.2982430396244945,-0.21862021917262353,-0.4238636399461846,-0.11354992224987959,-0.231591811793461
2022-12-06,-0.10022204743978502,-0.1533363607601771,-0.20393441544604096,-0.2625570317589536,-0.13755786067359177,-0.0635780891302834,-0.03741368779396492,-0.30110190189531694,-0.20160753843441703,-0.4350206931556927,-0.10301712252309847,-0.23556370302474727
2022-12-07,-0.10022204743978502,-0.15973492851684912,-0.21308785833363608,-0.2615677071055571,-0.1296612234950031,-0.058945252907105394,-0.03741368779396492,-0.30839381051903336,-0.22036169359268987,-0.40878100525151406,-0.11083174641440185,-0.23281393217231827
2022-12-08,-0.10022204743978502,-0.17298902571329078,-0.21406502131998206,-0.2853880830477641,-0.12810141302857603,-0.05845244439190356,-0.03741368779396492,-0.30951563742996424,-0.22304087321561483,-0.3840909395425677,-0.11592827547680895,-0.22761992056217473
2022-12-09,-0.10022204743978502,-0.17108469906547996,-0.20778544211469008,-0.2865296472246779,-0.12351938796688344,-0.06200092139324542,-0.03741368779396492,-0.3079776500102256,-0.196249179188567,-0.3548554040623375,-0.11247966329776105,-0.22425908952031692
2022-12-12,-0.10022204743978502,-0.18784275032004105,-0.20748368026125286,-0.3047944998681993,-0.13209846453814222,-0.08122225837003771,-0.03741368779396492,-0.3064034659281576,-0.21366377008592785,-0.319524825875627,-0.11066187561341834,-0.2163153070577445
2022-12-13,-0.10022204743978502,-0.2013254155311872,-0.19432106666374316,-0.3207762241578933,-0.11581768246938162,-0.07895509854891991,-0.03741368779396492,-0.2998353557403932,-0.22237109108515885,-0.2835744086628308,-0.09600098050365591,-0.21326000611060103
2022-12-14,-0.10022204743978502,-0.19957340944440882,-0.19213685626364818,-0.3150684613356908,-0.11893736290519086,-0.07599802184721904,-0.03741368779396492,-0.2937738640145996,-0.21366377008592785,-0.3357438403281273,-0.1008426628612974,-0.21906507791017338
2022-12-15,-0.10022204743978502,-0.2004113178186805,-0.19061372632721418,-0.3158294847661779,-0.13370706742779626,-0.07954657405205767,-0.03741368779396492,-0.2942804824765701,-0.2257200528385397,-0.2799587220606935,-0.10349279316848414,-0.2013443324167422
2022-12-16,-0.10022204743978502,-0.2067336962371178,-0.189593464293227,-0.316590508196665,-0.12746770655617778,-0.07777229794963814,-0.03741368779396492,-0.30282080522137933,-0.23643672022913864,-0.3181818495291139,-0.09761487462286977,-0.2019553926061709
2022-12-19,-0.10022204743978502,-0.19431750741494802,-0.19229493178496515,-0.28957379900899227,-0.12858886123720392,-0.07796940631501947,-0.03741368779396492,-0.29726599936288634,-0.24996650322831326,-0.3955578876351009,-0.09851372364896016,-0.2089825847846003
2022-12-20,-0.10022204743978502,-0.17519805159860402,-0.19344455948182482,-0.27024350195031555,-0.11484278605212572,-0.07934939048317935,-0.03741368779396492,-0.30102950857065636,-0.23630278424348783,-0.4497933837073027,-0.10104647541984502,-0.20317751298502806
2022-12-21,-0.10022204743978502,-0.17093237850444742,-0.20663588293777924,-0.2598934207210656,-0.11484278605212572,-0.0837851183409759,-0.03741368779396492,-0.2868619192373614,-0.23764234850439991,-0.44917359394125245,-0.11687961676758074,-0.19065077910174055
2022-12-22,-0.10022204743978502,-0.17024679069120807,-0.20765614497176654,-0.26773207237357854,-0.12893005118206124,-0.07836369824927891,-0.03741368779396492,-0.2892141630462153,-0.24581382335882562,-0.48357438895881666,-0.11662477006281513,-0.19278948976474086
2022-12-23,-0.10022204743978502,-0.15661180491902948,-0.21338962018707341,-0.23896495703965592,-0.12459175022468261,-0.07343516187628041,-0.03741368779396492,-0.293882386596263,-0.25505693940176066,-0.47530993429105384,-0.12245181647537384,-0.18576229758631135
2022-12-27,-0.10022204743978502,-0.1627056734381993,-0.21554512072872356,-0.259512879974639,-0.11537896718102547,-0.07284376157663952,-0.03741368779396492,-0.28964838818352334,-0.2330877584757577,-0.4543388534785864,-0.11363481714708035,-0.17537427436602426
2022-12-28,-0.10022204743978502,-0.1520414325873708,-0.19140403541385054,-0.24056312366238874,-0.11874237172114854,-0.05372101638428628,-0.03741368779396492,-0.28270031414928254,-0.2310783609832886,-0.5135330617594742,-0.10092755775849838,-0.16559731133516575
2022-12-29,-0.10022204743978502,-0.15371724933591435,-0.19705131253387487,-0.2432267347002769,-0.1130879844016568,-0.06436667299880228,-0.03741368779396492,-0.28908750843072284,-0.2289350275051688,-0.529028938891547,-0.10525962771318986,-0.16956920256645203
2023-01-03,-0.10022204743978502,-0.1994210888833765,-0.17759479906182518,-0.2922374100468801,-0.10324155438855676,-0.07343516187628041,-0.03741368779396492,-0.25850867594226923,-0.23576693809868254,-0.5880165505837514,-0.08940429056217836,-0.1805682859761678
2023-01-04,-0.10022204743978502,-0.186928710722972,-0.16996448611066406,-0.29124808539348346,-0.09685593525316794,-0.08279935090357893,-0.03741368779396492,-0.24454013454912893,-0.2271936041862035,-0.569008285143883,-0.0692953788337538,-0.20103880232202798
2023-01-05,-0.10022204743978502,-0.17100850972724524,-0.17252226727028197,-0.2668188674819403,-0.10563000300846881,-0.09206502334993494,-0.03741368779396492,-0.25671737929154625,-0.21232420582501577,-0.6157024884987672,-0.07751770884873366,-0.20226092270088525
2023-01-06,-0.10022204743978502,-0.15882083080434273,-0.19153333255677407,-0.25555552329868625,-0.09129907327717457,-0.07382945381053985,-0.03741368779396492,-0.2738523534773267,-0.20830546194117894,-0.6167355453322376,-0.09115929814601442,-0.20073327222731363
2023-01-09,-0.10022204743978502,-0.16064896811391882,-0.20116107052826826,-0.2531202134837077,-0.08715576350383814,-0.0724494696423802,-0.03741368779396492,-0.28432875952218395,-0.19946420495629724,-0.596074384032813,-0.11246265191568827,-0.20226092270088536
2023-01-10,-0.10022204743978502,-0.14648077320497066,-0.18993832519430554,-0.23257229054872486,-0.08769194463273788,-0.05786096888876613,-0.03741368779396492,-0.2783577931548814,-0.18821169142089322,-0.6240702660908893,-0.10748512152120893,-0.19951115184845636
2023-01-11,-0.10022204743978502,-0.1311700287996853,-0.1982152608999822,-0.2168949291813329,-0.08622960000685431,-0.06052242064414337,-0.03741368779396492,-0.2881285327976154,-0.18941731969615427,-0.6207644743717773,-0.11689662814965351,-0.19828903146959898
2023-01-12,-0.10022204743978502,-0.13650212016738117,-0.202267530657538,-0.2313546066100527,-0.07604192054594128,-0.053523908018905275,-0.03741368779396492,-0.29236253121035305,-0.1875418581893361,-0.618285142897452,-0.12365792346433002,-0.17995722578673912
2023-01-13,-0.10022204743978502,-0.14381472752112257,-0.20341708983444906,-0.2369101879711043,-0.06487934466777312,-0.04386394363828949,-0.03741368779396492,-0.2844916108000056,-0.1821835500445872,-0.6467975410572546,-0.13228804060956745,-0.1750687442713098
2023-01-17,-0.10022204743978502,-0.13924435518946376,-0.19950850640901352,-0.23858441629322968,-0.07033880030617778,-0.05657957650504519,-0.03741368779396492,-0.27421425269530497,-0.1895512556818052,-0.629545469771284,-0.12578151099307522,-0.1625420103880223
2023-01-18,-0.10022204743978502,-0.13566421179310917,-0.20978286713502348,-0.2243530981497852,-0.07170361958856264,-0.05746667695450636,-0.03741368779396492,-0.2807099695584051,-0.1805760627112727,-0.6579545450067272,-0.13366409940608825,-0.1674304919034515
2023-01-19,-0.10022204743978502,-0.13101765012321565,-0.19584426512012587,-0.22519024134203092,-0.06307581009703211,-0.05746667695450636,-0.03741368779396492,-0.27054120144069593,-0.18285333217504318,-0.661673554533224,-0.11910511057559947,-0.1723189734188808
2023-01-20,-0.10022204743978502,-0.13558802245487422,-0.19498207860745553,-0.2318873288176303,-0.0609797589987503,-0.05746667695450636,-0.03741368779396492,-0.2709211652871726,-0.18673814007322942,-0.6721074457922869,-0.12119467534019934,-0.1735410937977382
2023-01-23,-0.10022204743978502,-0.1379494270166569,-0.18822834135816147,-0.25167422832212616,-0.060638569053892866,-0.06505666508288244,-0.03741368779396492,-0.2728571811818884,-0.18928333260940255,-0.643904967145527,-0.11553758073520537,-0.18576229758631124
2023-01-24,-0.10022204743978502,-0.12713286560479597,-0.18686321842309572,-0.24193298906221217,-0.05732389743404154,-0.06959090952162139,-0.03741368779396492,-0.2787377570013584,-0.18285333217504318,-0.6634297733171396,-0.11560546425033369,-0.17262450351359504
2023-01-25,-0.10022204743978502,-0.11745885368927156,-0.1964333996378036,-0.23287665347102704,-0.05376556121283138,-0.058649552757284895,-0.03741368779396492,-0.28610199154440696,-0.19115874301511981,-0.6831611760774354,-0.12707259388581382,-0.17537427436602393
2023-01-26,-0.10022204743978502,-0.11844908262457587,-0.204293665536316,-0.23249617078696638,-0.0596636726366373,-0.05884666112266623,-0.03741368779396492,-0.2900645486923312,-0.17883458829120635,-0.6958677775921225,-0.13831889958067378,-0.16590284142987977
2023-01-27,-0.10022204743978502,-0.1354357018938418,-0.20751245863964618,-0.24809735433023405,-0.059907396740951246,-0.07304086994202097,-0.03741368779396492,-0.29440713709206245,-0.1933020764932396,-0.678822327524853,-0.13992509807466424,-0.16529178124045119
2023-01-30,-0.10022204743978502,-0.13292197677102646,-0.20256929251097522,-0.24056312366238908,-0.06268582772894782,-0.07047800997108278,-0.03741368779396492,-0.2885446933064233,-0.19075688395706636,-0.7234504172127965,-0.13237293550676843,-0.16437519095630826
2023-01-31,-0.10022204743978502,-0.1266757876908241,-0.20289976422285716,-0.23592080525534165,-0.059468681452595096,-0.06229669674656291,-0.03741368779396492,-0.29075215046595404,-0.1828533321750433,-0.722727279892369,-0.13106484123195727,-0.16926367247173757
2023-02-01,-0.10022204743978502,-0.13680681940488315,-0.20874821591183967,-0.2474885704232639,-0.06029731960608031,-0.06357808913028351,-0.03741368779396492,-0.2946785109515473,-0.18754185818933622,-0.7450413370513497,-0.13831889958067378,-0.16773602199816584
2023-02-02,-0.10022204743978502,-0.1521937531484031,-0.20085930867483115,-0.2419329890622124,-0.06590297400530043,-0.06604235731678276,-0.03741368779396492,-0.289232227674716,-0.2257200528385399,-0.7462809904735035,-0.1414956536728832,-0.17476321417659535
2023-02-03,-0.10022204743978502,-0.1648385099852775,-0.20902126790683206,-0.2623287305360442,-0.0919327202466178,-0.07343516187628052,-0.03741368779396492,-0.2904626445726386,-0.2160750266364504,-0.7510330568334705,-0.1422261710230347,-0.17201344332416646
2023-02-06,-0.10022204743978502,-0.162400974200697,-0.2103576124635046,-0.25951287997463923,-0.090324176859919,-0.07343516187628052,-0.03741368779396492,-0.29200063199237736,-0.22585398882419072,-0.7461776921791616,-0.12513596954670592,-0.1701802627558805
2023-02-07,-0.10022204743978502,-0.17009447013017542,-0.2070670104540886,-0.2760273845342768,-0.08764321171246592,-0.06367668091472267,-0.03741368779396492,-0.29789927244034775,-0.2206296166650925,-0.7330578482270724,-0.1258324641327121,-0.17629086465016708
2023-02-08,-0.10022204743978502,-0.15371724933591413,-0.19732436452886715,-0.23698624967049686,-0.08486472122151423,-0.06564806538252321,-0.03741368779396492,-0.28107186877638324,-0.22116546280989757,-0.7524793561043432,-0.11502788732567404,-0.1707913229453092
2023-02-09,-0.10022204743978502,-0.1681901434823645,-0.1997384593563648,-0.25540334183753544,-0.090324176859919,-0.06811233356902247,-0.03741368779396492,-0.28391259901337684,-0.23858005370725843,-0.7489669431665298,-0.11669273458452478,-0.18026275588145335
2023-02-10,-0.10022204743978502,-0.1677330655683924,-0.1840036754100406,-0.2606544441515529,-0.09198145316688955,-0.06466237314862289,-0.03741368779396492,-0.27231436605758863,-0.24474213106921516,-0.7402892706913825,-0.10140322840388427,-0.16834708218759464
2023-02-13,-0.10022204743978502,-0.1592778506028768,-0.20037069292168375,-0.24809735433023417,-0.09729465054152397,-0.06466237314862289,-0.03741368779396492,-0.2840935823250289,-0.24166109238823685,-0.7515495975652146,-0.1143172975945218,-0.16284754048273664
2023-02-14,-0.10022204743978502,-0.16971358155443828,-0.20499777652766937,-0.25038048268406143,-0.09627102120399667,-0.06466237314862289,-0.03741368779396492,-0.29469664298537823,-0.24313464373590055,-0.734814067010988,-0.1236749348464028,-0.16620837152459422
2023-02-15,-0.10022204743978502,-0.15638329501976178,-0.19962348288268905,-0.23759509163983306,-0.10592251953600984,-0.056185284570785754,-0.03741368779396492,-0.29371953531843986,-0.22973879672237663,-0.7447314175383069,-0.11805178199897282,-0.1735410937977382
2023-02-16,-0.10022204743978502,-0.151355844774131,-0.1987181973223776,-0.2374429101786819,-0.10212039970753084,-0.056283876355225027,-0.03741368779396492,-0.2950947388656855,-0.23054256593958444,-0.7532024934247705,-0.11354992224987925,-0.17384662389245253
2023-02-17,-0.10022204743978502,-0.15965873917861395,-0.20088801853327598,-0.24238959150803163,-0.10290030494074431,-0.04455393572236932,-0.03741368779396492,-0.2959451245118013,-0.23938382292446603,-0.7649793364003289,-0.11375373480842677,-0.1717079132294521
2023-02-22,-0.10022204743978502,-0.17519805159860347,-0.2095242043292277,-0.25418565789886327,-0.10699488179380923,-0.04484963587218993,-0.03741368779396492,-0.3070367390056188,-0.25184196473513143,-0.7754132276593918,-0.12229887604988188,-0.17629086465016708
2023-02-23,-0.10022204743978502,-0.17184641810151635,-0.21527206873373106,-0.25540334183753555,-0.11381915671459897,-0.04465252750680837,-0.03741368779396492,-0.30913560617815794,-0.24688546454733495,-0.7609504319908069,-0.12489813422401297,-0.1930950198594552
2023-02-24,-0.10022204743978502,-0.18517670463619273,-0.21805980284070015,-0.27336371543402294,-0.11830365643279295,-0.04967958046074927,-0.03741368779396492,-0.30946130873380473,-0.2598794525028054,-0.7467975312052473,-0.12744635825192574,-0.20562175374274283
2023-02-27,-0.10022204743978502,-0.186243122909732,-0.22252874240542042,-0.2756468437878503,-0.11430660492322686,-0.05372101638428661,-0.03741368779396492,-0.3121392550983051,-0.2582719651694908,-0.71787191523806,-0.11528273403043965,-0.2144821264894584
2023-02-28,-0.10022204743978502,-0.19332722036420602,-0.20765614497176654,-0.27526630304142385,-0.10850595933996454,-0.0514538565631687,-0.03741368779396492,-0.30956989872079654,-0.24621568241687897,-0.7162190193785039,-0.11665879282696046,-0.23067522150931796
2023-03-01,-0.10022204743978502,-0.1954600569112842,-0.2045522598221634,-0.2895737990089925,-0.10421645080581277,-0.05588958442096548,-0.03741368779396492,-0.30519111365873386,-0.22973879672237663,-0.7096074359402795,-0.1105090161945077,-0.21723189734188741
2023-03-02,-0.10022204743978502,-0.20460085969003905,-0.20647780741646227,-0.2987061962995703,-0.10626370948086761,-0.05470670861818694,-0.03741368779396492,-0.3117954205088276,-0.2325519123309524,-0.7143595023002467,-0.12029428718906443,-0.2205927283837451
2023-03-03,-0.10022204743978502,-0.20094452695544973,-0.2083458667739233,-0.2995433394918159,-0.09934196871953438,-0.056185284570785865,-0.03741368779396492,-0.31195827178665103,-0.22612191189659303,-0.6891528958595562,-0.1166757232024519,-0.21142682554231507
2023-03-06,-0.10022204743978502,-0.19370810893994306,-0.20660717307933452,-0.27884317703331596,-0.09924444337603555,-0.056185284570785865,-0.03741368779396492,-0.3081404338827193,-0.24045546411297547,-0.7342975262792437,-0.11755918097809537,-0.2123434158264581
2023-03-07,-0.10022204743978502,-0.1975167622355649,-0.20925115233423486,-0.273211533972872,-0.11581768246938196,-0.05835385260746473,-0.03741368779396492,-0.31460002148882027,-0.2479571568369452,-0.722417360379326,-0.12472818241644823,-0.21539871677360145
2023-03-08,-0.10022204743978502,-0.17702618890817934,-0.21363389380367248,-0.25593606404511327,-0.11640265602150845,-0.05707238502024714,-0.03741368779396492,-0.3164637114642057,-0.24166109238823663,-0.7364669382405262,-0.11830662870373843,-0.22456461961503127
2023-03-09,-0.10022204743978502,-0.19142289371639498,-0.2205457065742834,-0.2579147133519065,-0.10831096815592234,-0.04455393572236954,-0.03741368779396492,-0.32162048884772165,-0.25813797808273886,-0.7372933984853131,-0.12605328807333238,-0.2441185456767484
2023-03-10,-0.10022204743978502,-0.20201094522898866,-0.21504211578637944,-0.28203956834114763,-0.09237143553497429,-0.04455393572236954,-0.03741368779396492,-0.3145457601979905,-0.27421300471918775,-0.7489669431665297,-0.122774546695268,-0.23709135349831878
2023-03-13,-0.10022204743978502,-0.20589578786284546,-0.21764306451358706,-0.2840943374096996,-0.06814528336735304,-0.03509115491063208,-0.03741368779396492,-0.30139140778863316,-0.2783657356897765,-0.7307851379714481,-0.11395762837355583,-0.23678582340360455
2023-03-14,-0.10022204743978502,-0.20741922593491946,-0.1919069718362455,-0.29086754464705744,-0.07082624851480601,-0.05096104804796697,-0.03741368779396492,-0.28709716383984596,-0.2775619664725687,-0.7341942279849021,-0.10884416893565718,-0.23311946226703262
2023-03-15,-0.10022204743978502,-0.2093997419209651,-0.1906424361856588,-0.28691018797110457,-0.06088229315820737,-0.04159678381717158,-0.03741368779396492,-0.2930320009501475,-0.298057596050908,-0.7480372092574188,-0.10782486312317574,-0.23434158264589
2023-03-16,-0.10022204743978502,-0.20254415436575846,-0.1962610034472384,-0.27283099322644566,-0.06458688764318776,-0.040413983217889915,-0.03741368779396492,-0.2796786006006373,-0.2959142625727881,-0.7402892706913824,-0.10181101553414229,-0.2267033302780317
2023-03-17,-0.10022204743978502,-0.21397011425262413,-0.20275607789073646,-0.29604258526168237,-0.039824494843711755,-0.034105462676731646,-0.03741368779396492,-0.29062549585046216,-0.300602839688182,-0.7584710758864639,-0.11157927514662624,-0.22487014970974584
2023-03-20,-0.10022204743978502,-0.221130401045333,-0.20455225982216318,-0.29832571361550975,-0.03524252928497418,-0.030064026753194195,-0.03741368779396492,-0.27605981063685836,-0.2995311473985717,-0.7703512417863818,-0.1033908868892105,-0.22639780018331745
2023-03-21,-0.10022204743978502,-0.22219681931887214,-0.19403369399950232,-0.29299843347736787,-0.05532537167925877,-0.04376535185385022,-0.03741368779396492,-0.27904532752317457,-0.30609513491968277,-0.7574380190529936,-0.11054295795207181,-0.23006416131988938
2023-03-22,-0.10022204743978502,-0.22821449849980713,-0.188918063160318,-0.29832571361550975,-0.05103580364215188,-0.03923110741511138,-0.03741368779396492,-0.28347837387606867,-0.3034159552967578,-0.7757231471724346,-0.10965958118300978,-0.22578673999388876
2023-03-23,-0.10022204743978502,-0.24588664746687494,-0.18246608776446116,-0.31796037359648854,-0.02812573783664374,-0.030064026753194195,-0.03741368779396492,-0.27788730394991257,-0.3101138788035197,-0.7774793413263323,-0.11047499343036249,-0.22792545065688918
2023-03-24,-0.10022204743978502,-0.23613650432855304,-0.17566925146752588,-0.3086757948447598,-0.03382891757936257,-0.031049718987094632,-0.03741368779396492,-0.2672480466272339,-0.31279305842644467,-0.7710743791068091,-0.10018011003285565,-0.2141765963947443
2023-03-27,-0.10022204743978502,-0.2317946418961616,-0.18929170243978966,-0.29969557901533306,-0.04830610557442716,-0.02858545080059527,-0.03741368779396492,-0.27423231732380415,-0.31627595616547644,-0.7842975213532402,-0.10894607521493105,-0.20776046440574336
2023-03-28,-0.10022204743978502,-0.22006398277179384,-0.19327209477131113,-0.30030436292230334,-0.0385571414018705,-0.01931985355773591,-0.03741368779396492,-0.2833879159229059,-0.3032820193111069,-0.7902892657653788,-0.11710044070820114,-0.20898258478460074
2023-03-29,-0.10022204743978502,-0.21450332338939337,-0.19582987593092904,-0.29665142723101845,-0.0416280889174081,-0.019418370138677865,-0.03741368779396492,-0.2869343125620225,-0.2953784675290839,-0.7943181824899095,-0.12265562903392169,-0.20501069355331458
2023-03-30,-0.10022204743978502,-0.1990402003076387,-0.2003275938740423,-0.28059358317956606,-0.03470628865311953,-0.0185312696892167,-0.03741368779396492,-0.2994372598600864,-0.28760885173271167,-0.7826446254936841,-0.1277860998538931,-0.20623281393217185
2023-03-31,-0.10022204743978502,-0.2154174211019001,-0.20222443160989645,-0.28523590158661327,-0.04021447721179616,-0.01872837805459815,-0.03741368779396492,-0.3075976187584192,-0.2972538779348012,-0.7710743791068091,-0.13483626463748066,-0.1927894897647413
2023-04-03,-0.10022204743978502,-0.21732174774971103,-0.2117371245877665,-0.29642312600810883,-0.03295148700265038,-0.02572696588333323,-0.03741368779396492,-0.3122659097137973,-0.29631617273194244,-0.7833677874441292,-0.14000067721501608,-0.1961503208065989
2023-04-04,-0.10022204743978502,-0.21465570206586337,-0.20677956926989904,-0.28196344857938926,-0.014282256313977393,-0.016658401802358003,-0.03741368779396492,-0.30710913233028125,-0.3085063914702052,-0.7824380289050006,-0.1398648291781781,-0.2010388023220282
2023-04-05,-0.10022204743978502,-0.22067338124679825,-0.20193699042570723,-0.2815829078329627,-0.014915903283420517,-0.01774268582069749,-0.03741368779396492,-0.3021875321439188,-0.3239115848750971,-0.7773760430319906,-0.13857366527885828,-0.20226092270088547
2023-04-06,-0.10022204743978502,-0.22120659038356794,-0.2117371245877665,-0.28302889299454437,-0.01930293716107112,-0.01665840180235778,-0.03741368779396492,-0.30403315749080195,-0.32752846970088056,-0.7922520811379777,-0.14494434685851254,-0.2135655362053156
2023-04-10,-0.10022204743978502,-0.2132845845548219,-0.20644909755801732,-0.27754943139525134,-0.030416780118967757,-0.02375550621203526,-0.03741368779396492,-0.3077242733739114,-0.31198928920923696,-0.7756198488780928,-0.14134279425397256,-0.20073327222731374
2023-04-11,-0.10022204743978502,-0.18106335210306868,-0.20644909755801732,-0.24786905310732488,-0.02276380754173757,-0.018925561623475806,-0.03741368779396492,-0.3138762904581964,-0.280643005153547,-0.7741735496072202,-0.13949106481206597,-0.20439963336388556
2023-04-12,-0.10022204743978502,-0.1758835812964057,-0.21543014425504747,-0.230898004164234,-0.019790385369698793,-0.009167080661917848,-0.03741368779396492,-0.3222718939590149,-0.28385803092127715,-0.7837810052515138,-0.14990486587091922,-0.1982890314695991
2023-04-13,-0.10022204743978502,-0.17816879651995354,-0.2231178769230978,-0.23417045717145835,-0.0049719479268216515,-0.004337060869861409,-0.03741368779396492,-0.33128263850346185,-0.29216344176135367,-0.7926652989453623,-0.16470169002410084,-0.20287198289031405
2023-04-14,-0.10022204743978502,-0.179844613268497,-0.2180167037930587,-0.22724501041058354,-0.024031220486534166,-0.005421344888200896,-0.03741368779396492,-0.3271934267400469,-0.3003349166157794,-0.7816115686602138,-0.1630368427652501,-0.1857622975863117
2023-04-17,-0.10022204743978502,-0.1817489399163078,-0.22436809190443652,-0.22968032022556206,-0.027930806155556875,-0.004435652654300681,-0.03741368779396492,-0.3368013151049556,-0.3058272118472801,-0.7649793364003288,-0.1660947602026943,-0.17323556370302418
2023-04-18,-0.10022204743978502,-0.1799207444912947,-0.22474166266395956,-0.23127848684829477,-0.021496454099896423,-0.0015770925335417685,-0.03741368779396492,-0.3350824117788931,-0.3010046987462355,-0.755578526604754,-0.16081142996381237,-0.1720134433241669
2023-04-19,-0.10022204743978502,-0.19858318050910406,-0.2141943184629056,-0.2426179507933075,-0.02744335794692898,-0.005027052953941347,-0.03741368779396492,-0.3271934267400469,-0.3101138788035198,-0.7704545647107411,-0.15325157177069326,-0.17842957531316783
2023-04-20,-0.10022204743978502,-0.19408893940024297,-0.2018220824719804,-0.23995428169305333,-0.021398988259352936,-0.004435652654300237,-0.03741368779396492,-0.3184902527174144,-0.31788349459989207,-0.7676652890933553,-0.1379621465966342,-0.18881759853345503
2023-04-24,-0.10022204743978502,-0.19843080183263428,-0.20324462512393537,-0.2409436644088162,-0.03041678011896798,-0.007195620990619878,-0.03741368779396492,-0.3181645501617675,-0.3338245341495891,-0.76518595761903,-0.1424469949636552,-0.20409410326917155
2023-04-25,-0.10022204743978502,-0.20414378177606707,-0.20061496653828315,-0.23607304477885926,-0.028028271996100362,0.0,-0.03741368779396492,-0.3207700357962753,-0.34963163771363537,-0.7616735693112344,-0.1449103240943671,-0.20989917506874378
2023-04-26,-0.10022204743978502,-0.21107555866950867,-0.20318713688709766,-0.24779299140793232,-0.03207411592889331,-0.005570755439056829,-0.03741368779396492,-0.3161380089085589,-0.3484260094383742,-0.7813016491471709,-0.14156361819459307,-0.21600977696303036
2023-04-27,-0.10022204743978502,-0.20559108862534325,-0.19983904664084373,-0.23820393360916958,-0.03002679775088335,0.0,-0.03741368779396492,-0.3161199442800584,-0.3461486888735026,-0.7567148817325662,-0.1432794185930807,-0.23373052245646153
2023-04-28,-0.10022204743978502,-0.19492684777451463,-0.21134916463904718,-0.23272447200987656,-0.029929331910339974,-0.0015534336127124293,-0.03741368779396492,-0.32708483675305355,-0.3255191233095126,-0.7510330568334703,-0.1546276305672144,-0.22273143904674564
2023-05-02,-0.10022204743978502,-0.21404630359085863,-0.21077435079061746,-0.2503043629223033,-0.01813304955977313,-0.002718434750455301,-0.03741368779396492,-0.34277234887758845,-0.3367716368449166,-0.7712810003255103,-0.15264005308846973,-0.22028719828903087
2023-05-03,-0.10022204743978502,-0.21473189140409787,-0.2032590143131321,-0.2491627987453897,-0.011162575878168268,-0.009902880029771133,-0.03741368779396492,-0.3318254536277635,-0.33556600856965557,-0.7758264454667763,-0.14406088908286918,-0.2114268255423153
2023-05-04,-0.10022204743978502,-0.21046616019450404,-0.20590306208798104,-0.23744291017868235,-0.0017060687301971855,0.0,-0.03741368779396492,-0.32833331827947654,-0.3500334967716887,-0.782954545006727,-0.15153577137220586,-0.20989917506874367
2023-05-05,-0.10022204743978502,-0.1872334099604731,-0.21104740278560996,-0.21012172194397571,-0.016621972013617925,-0.006750211849973153,-0.03741368779396492,-0.32815240237315446,-0.3197589050056091,-0.7792355354802303,-0.15354036023302342,-0.20164986251145678
2023-05-08,-0.10022204743978502,-0.18228214905307738,-0.21629233076771814,-0.20159810856036808,-0.012283671056239176,0.0,-0.03741368779396492,-0.3372898689384256,-0.30837240438345326,-0.7688016688511851,-0.15878974871434126,-0.1976779712801704
2023-05-09,-0.10022204743978502,-0.1725320059147556,-0.20889190224395981,-0.1985540148384194,-0.0074579813931877625,-0.006555483304439003,-0.03741368779396492,-0.32940088389957767,-0.30462158357201885,-0.7658057966451157,-0.14922538266698615,-0.21509318667888733
2023-05-10,-0.10022204743978502,-0.17123701962651183,-0.21476913231133532,-0.19071536318590654,-0.010236412381184334,-0.006459132137828227,-0.03741368779396492,-0.33311013181651594,-0.3146684688321617,-0.7736570335054939,-0.15297979469043665,-0.21112129544760094
2023-05-11,-0.10022204743978502,-0.1650670198845442,-0.2202152348624017,-0.1769405894259155,-0.017938117878686266,-0.003181353710354551,-0.03741368779396492,-0.33301967386335485,-0.32243803352743305,-0.7737603317998356,-0.1602847251722086,-0.22700886037274604
2023-05-12,-0.10022204743978502,-0.16346739247423547,-0.22745751934489444,-0.1831050127563032,-0.018035583719229864,0.0,-0.03741368779396492,-0.33685564380111743,-0.31922305886080393,-0.7659090949394575,-0.16256117211986454,-0.226092270088603
2023-05-15,-0.10022204743978502,-0.15851613156683952,-0.23323416212779102,-0.1786148758104068,-0.016329514989032456,0.0,-0.03741368779396492,-0.34449125220364907,-0.31145344306443157,-0.7546487680656254,-0.1641411244815143,-0.2758936755270388
2023-05-16,-0.10022204743978502,-0.16636194805735072,-0.23658232089399334,-0.1871384891940142,-0.030757970063825302,0.0,-0.03741368779396492,-0.34991947085198194,-0.31801743058554277,-0.7545454697712837,-0.1696283482855251,-0.2896425297891837
2023-05-17,-0.10022204743978502,-0.15562157598372428,-0.22921067074862833,-0.17853875604864833,-0.03451135697203267,-0.0016117348590191094,-0.03741368779396492,-0.3449978706656197,-0.3004688526014301,-0.7556818248990957,-0.1608793134789409,-0.3137794072716157
2023-05-18,-0.10022204743978502,-0.14922300822705237,-0.23136610277032998,-0.17686446966415692,-0.04630757981964406,-0.0007584549536272522,-0.03741368779396492,-0.3507879885319286,-0.2948426213842785,-0.7322314126123031,-0.16116818294785218,-0.321417659639474
2023-05-19,-0.10022204743978502,-0.14556673360790007,-0.23175406271904953,-0.17206996979595846,-0.035486253389288236,-0.0012325073822057053,-0.03741368779396492,-0.35200027339602047,-0.2882786338631672,-0.7329545499327306,-0.1566323004346134,-0.3223342499236169
2023-05-22,-0.10022204743978502,-0.14998478537852644,-0.23326287198623563,-0.18127848684829484,-0.03738725380057273,-0.0012325073822057053,-0.03741368779396492,-0.34344181861738055,-0.28425988997933016,-0.7520661136669406,-0.15112806524852984,-0.3021692636724711
2023-05-23,-0.10022204743978502,-0.15158441278883528,-0.22902381684891826,-0.17732113017234197,-0.0385571414018705,-0.0017064874805386987,-0.03741368779396492,-0.3523802372424971,-0.2896182492251801,-0.7602272700403617,-0.15634343096570213,-0.29422548120989855
2023-05-24,-0.10022204743978502,-0.16057283689112023,-0.23104995172769616,-0.1863013460017685,-0.04323663230410668,-0.0017064874805386987,-0.03741368779396492,-0.3509327077759211,-0.3087743145426075,-0.7522727348856418,-0.15547706557871266,-0.28230980751603973
2023-05-25,-0.10022204743978502,-0.15067031507632866,-0.23401015054517882,-0.16689492918133342,-0.052839397715848224,-0.004076604962939934,-0.03741368779396492,-0.35585430796228346,-0.31118557109312983,-0.7616735693112344,-0.1576175834829492,-0.2780323861900392
2023-05-26,-0.10022204743978502,-0.1435100282836198,-0.22448299985816367,-0.16742765138891114,-0.05235194950722033,-0.000568877380342947,-0.03741368779396492,-0.3493404590653507,-0.3038178143548109,-0.7746900903389642,-0.14460452424996484,-0.2618392911701798
2023-05-30,-0.10022204743978502,-0.1595064186175812,-0.22823350776228224,-0.1764078672183378,-0.04557640750670233,0.0,-0.03741368779396492,-0.3534839995249275,-0.309712019745466,-0.7596074556442937,-0.14750958226849842,-0.27406049495875284
2023-05-31,-0.10022204743978502,-0.16438149018674209,-0.22386515548204122,-0.18295277323278591,-0.042700451175207155,0.0,-0.03741368779396492,-0.34847194138540416,-0.3146684688321617,-0.7659090949394575,-0.14467248877167438,-0.27406049495875284
2023-06-01,-0.10022204743978502,-0.14549054426966546,-0.22372140062997237,-0.1691780575351608,-0.03582744333414567,-0.0002807297316633761,-0.03741368779396492,-0.3426275622282653,-0.31131950707878087,-0.7770661235189479,-0.14127482973226346,-0.2758936755270388
2023-06-02,-0.10022204743978502,-0.1301797417489433,-0.22518711084951715,-0.14916279874538985,-0.04830610557442716,-0.0002807297316633761,-0.03741368779396492,-0.3462282875635422,-0.2885465569355701,-0.7756198488780929,-0.14835893627341523,-0.2557286892758931
2023-06-05,-0.10022204743978502,-0.1301036105261455,-0.23767439183406647,-0.14505326060828583,-0.04557640750670233,0.0,-0.03741368779396492,-0.3603234835721766,-0.28680508251550363,-0.7680785315307577,-0.1579573250849159,-0.26978307363275233
2023-06-06,-0.10022204743978502,-0.11486899734365819,-0.24212901072953874,-0.14132414709287688,-0.04192054594199357,0.0,-0.03741368779396492,-0.3605406635461599,-0.28332218477647186,-0.7663223127468421,-0.16322372494830628,-0.2569508096547506
2023-06-07,-0.10022204743978502,-0.10808959912668625,-0.24540529206970663,-0.13439875839436788,-0.05303438889989032,-0.007185687579570832,-0.03741368779396492,-0.3630918878898378,-0.2851975951821891,-0.7594008344255926,-0.16553411365352622,-0.26153376107546544
2023-06-09,-0.10022204743978502,-0.09666363923982069,-0.23757380454958743,-0.12184166857304901,-0.04352914883164749,-0.003224376726629008,-0.03741368779396492,-0.3586407769084451,-0.28680508251550374,-0.767148772991629,-0.1638183132550387,-0.26153376107546544
2023-06-12,-0.10022204743978502,-0.0930834958434662,-0.2469141013368925,-0.11925411923455365,-0.046892493868815444,-0.013357941380667926,-0.03741368779396492,-0.36665641656278536,-0.2818486334288083,-0.7659090949394576,-0.1713271373019396,-0.24564619615032035
2023-06-13,-0.10022204743978502,-0.09894879634793152,-0.24852349788855754,-0.12336371543402347,-0.05210822540290638,-0.012897296052689744,-0.03741368779396492,-0.3692980988596243,-0.28225049248686174,-0.7582644792977806,-0.1742661370780374,-0.2514512679498926
2023-06-14,-0.10022204743978502,-0.0802864184455595,-0.24672731595713082,-0.11141546758204046,-0.04689249386881522,-0.007922621705883204,-0.03741368779396492,-0.3725912536730851,-0.2672471581400232,-0.7580578580790794,-0.17419817255632775,-0.2572563397494648
2023-06-15,-0.10022204743978502,-0.07944851007128784,-0.2502478709138982,-0.10456614058292435,-0.04567387334724571,-0.004882601508897855,-0.03741368779396492,-0.3777480310566028,-0.25653049074942436,-0.7383264553187836,-0.18201279644763124,-0.23831347387717638
2023-06-16,-0.10022204743978502,-0.08333335270514464,-0.2438677044241272,-0.10570770475983793,-0.04538141632265991,-0.005066817469323692,-0.03741368779396492,-0.37917742848934977,-0.2538513111264994,-0.7280991852784218,-0.18299816050254858,-0.21753742743660198
2023-06-20,-0.10022204743978502,-0.0759445560131683,-0.25060712100417326,-0.09436829887719123,-0.056543992200828286,-0.004882601508897855,-0.03741368779396492,-0.39104710270995113,-0.2614869398361199,-0.7425619809470065,-0.18848538430655937,-0.21326000611060147
2023-06-21,-0.10022204743978502,-0.07030770729253322,-0.24889706864808037,-0.08873665581674728,-0.05761635445862745,0.0,-0.03741368779396492,-0.38712067481902757,-0.2716678121830147,-0.7317148965105769,-0.18637880815988694,-0.17995722578673967
2023-06-22,-0.10022204743978502,-0.08043873900659215,-0.24813553793983778,-0.10175034808388517,-0.06765783515872503,0.0,-0.03741368779396492,-0.39184322706523544,-0.28064300515354734,-0.730578516752747,-0.1909656438127627,-0.19278948976474153
2023-06-23,-0.10022204743978502,-0.08097194814336173,-0.24908392254779055,-0.10213083076794582,-0.06453815472291602,0.0,-0.03741368779396492,-0.39662004060227485,-0.2818486334288085,-0.7180785118267435,-0.18970226517082833,-0.22914757103574668
2023-06-26,-0.10022204743978502,-0.08729432656179903,-0.2581367781509065,-0.10867573678239395,-0.062295904863819085,0.0,-0.03741368779396492,-0.3966743018931064,-0.2810449153127016,-0.711673574237238,-0.18702434960625625,-0.22120378857317413
2023-06-27,-0.10022204743978502,-0.09194088823169266,-0.2529924374532774,-0.1111110465973727,-0.06702412868632701,-0.0028403661382387924,-0.03741368779396492,-0.3986103851931523,-0.2839919669069282,-0.7145661235189479,-0.19011620880126467,-0.23861900397189084
2023-06-28,-0.10022204743978502,-0.09826326665012997,-0.24299119724220852,-0.11872139702697604,-0.06785276683981223,-0.004672916795699145,-0.03741368779396492,-0.39481061191772093,-0.29470863429752714,-0.731095057484491,-0.18277725555534707,-0.2789489764741824
2023-06-29,-0.10022204743978502,-0.0835618626044119,-0.23935566581176548,-0.10045660244582033,-0.06936390388892255,0.0,-0.03741368779396492,-0.3921869942493823,-0.29323513405096446,-0.720971085738471,-0.17598193747652502,-0.28994805988389827
2023-06-30,-0.10022204743978502,-0.0889701433103427,-0.2421577205879828,-0.09444441863894992,-0.06356325830566045,-0.009549527554898796,-0.03741368779396492,-0.3932183632071523,-0.30274617316630226,-0.7109504122867929,-0.17511557208953554,-0.32233424992361726
2023-07-03,-0.10022204743978502,-0.07449724916389222,-0.25016160429866696,-0.08523590158661365,-0.06327080128107465,-0.004324354566969335,-0.03741368779396492,-0.4003654851815459,-0.29028803135563697,-0.7201446254936843,-0.18724517354687642,-0.3189734188817598
2023-07-05,-0.10022204743978502,-0.07594455601316852,-0.2434653552862106,-0.08592080525534229,-0.06429443061860207,-0.013063035569749415,-0.03741368779396492,-0.39367072037828943,-0.2905559544280396,-0.7255165308797371,-0.17778271377879495,-0.32997250229147557
2023-07-06,-0.10022204743978502,-0.09247409736846257,-0.2442413437035985,-0.10958899973639835,-0.06960762799323639,-0.015225247219875948,-0.03741368779396492,-0.3930555119293291,-0.2980575960509083,-0.7304752184584054,-0.17654258402569334,-0.3073632752826152
2023-07-07,-0.10022204743978502,-0.08127664738086438,-0.2305614044944968,-0.09071530512354076,-0.06107728434224924,-0.009819786827843346,-0.03741368779396492,-0.38174678486685654,-0.28278633863166713,-0.7332644694457735,-0.16439589017969847,-0.3150015276504735
2023-07-10,-0.10022204743978502,-0.08973186234637975,-0.23347843574438987,-0.10312021348370859,-0.06166219839142051,-0.016666652920009684,-0.03741368779396492,-0.3804801713066026,-0.2914936596308981,-0.7242768774575833,-0.17251631391540456,-0.3024747937671859
2023-07-11,-0.10022204743978502,-0.09247409736846257,-0.2257332148395016,-0.10905627752882063,-0.05859125087588313,-0.012432407688449998,-0.03741368779396492,-0.3727721695794086,-0.2881446978775172,-0.7178719152380602,-0.1678785251228918,-0.3012526733883285
2023-07-12,-0.10022204743978502,-0.0909506592963889,-0.23254444032563348,-0.11035002316688547,-0.04645383808341408,-0.011711739205025329,-0.03741368779396492,-0.37358642596852365,-0.28225049248686196,-0.7280991852784218,-0.17581206667554183,-0.3281393217231895
2023-07-13,-0.10022204743978502,-0.07762037276171241,-0.22915318251178973,-0.09657530746926024,-0.04499149345753062,-0.023783778285121127,-0.03741368779396492,-0.3699133073085863,-0.2742130047191881,-0.7370867772666119,-0.18169006622773753,-0.27467155514818176
2023-07-14,-0.10022204743978502,-0.09117916919565616,-0.22696897211169487,-0.1082952540983333,-0.04455277816917469,-0.02540540265607416,-0.03741368779396492,-0.37166840729697825,-0.28064300515354745,-0.7377066162926977,-0.18544447825118793,-0.26703330278032356
2023-07-17,-0.10022204743978502,-0.08531381057575405,-0.23021654359341825,-0.10213083076794593,-0.04830610557442683,-0.015405397157411516,-0.03741368779396492,-0.3753777226192486,-0.2780978126173742,-0.7404958672800658,-0.1865827017250158,-0.3898564008554841
2023-07-18,-0.10022204743978502,-0.0897318623463802,-0.22418123800472556,-0.09581428403877301,-0.03621742570222963,-0.00783786258182051,-0.03741368779396492,-0.3733330493322091,-0.27782988954497156,-0.7284091047914645,-0.18357573742720823,-0.3538038496791931
2023-07-19,-0.10022204743978502,-0.09102679051918683,-0.22446867918891467,-0.10547940353692842,-0.03607116743845906,-0.00783786258182051,-0.03741368779396492,-0.374364418289979,-0.2900201082832343,-0.7310950574844909,-0.1829811491204758,-0.33333333333333315
2023-07-20,-0.10022204743978502,-0.08638022884929308,-0.22916757170098623,-0.09923891850714839,-0.04055566715665304,-0.007747753246410749,-0.03741368779396492,-0.37917742848934965,-0.2847957361241361,-0.7151859625450335,-0.1862769018806132,-0.343415826458906
2023-07-21,-0.10022204743978502,-0.06954598825649694,-0.23281742380067727,-0.07815827336458803,-0.042505459991164396,-0.0009008871542444119,-0.03741368779396492,-0.3794669343826652,-0.2846617490373843,-0.7197314076862995,-0.18508772526714845,-0.3559425603421935
2023-07-24,-0.10022204743978502,-0.06276659003952512,-0.23649605427876152,-0.09003040145481211,-0.04445525282567575,-0.0009008871542444119,-0.03741368779396492,-0.39006999504301265,-0.26604152986476215,-0.7226239815980271,-0.18840040840277716,-0.3150015276504734
2023-07-25,-0.10022204743978502,-0.05613951238358561,-0.24915573145387593,-0.09216129028512254,-0.0435778817519189,-0.008648640400654939,-0.03741368779396492,-0.39596863549098316,-0.248760874953052,-0.7179752135324017,-0.19721732672448944,-0.31866788878704533
2023-07-26,-0.10022204743978502,-0.05309263623943772,-0.24632489829926552,-0.09025870267772174,-0.04026321013206735,-0.0009008871542444119,-0.03741368779396492,-0.39017858503000435,-0.24420633602551078,-0.7246900952649677,-0.19324209076041876,-0.3397494653223341
2023-07-27,-0.10022204743978502,-0.07274524307711427,-0.2463105776300175,-0.10350069616776936,-0.05171824303482142,0.0,-0.03741368779396492,-0.38949098325638154,-0.24983256724266245,-0.7425619809470065,-0.19539962004672806,-0.3483043079743353
2023-07-28,-0.10022204743978502,-0.07099329510577301,-0.2521159302713588,-0.10121762587630778,-0.04440651990540401,0.0,-0.03741368779396492,-0.38187343948234875,-0.25853988824189333,-0.7274793462523359,-0.19448222051352038,-0.3632752826153375
2023-07-31,-0.10022204743978502,-0.057129799434326944,-0.25428575148225707,-0.09299843347736836,-0.03948330489885399,0.0,-0.03741368779396492,-0.3931641019163209,-0.23791027157680233,-0.7278925640597205,-0.19759109109060158,-0.38405132905591177
2023-08-01,-0.10022204743978502,-0.06230957024099015,-0.25346666401722806,-0.09573816427701487,-0.05400928531714555,0.0,-0.03741368779396492,-0.3992979195614449,-0.24233087451869273,-0.7355372043314152,-0.19735325576790863,-0.392606171707913
2023-08-02,-0.10022204743978502,-0.06581352429910992,-0.24478737917363502,-0.09589034573816602,-0.05561782870384424,0.0,-0.03741368779396492,-0.39285646398917473,-0.2523777597788356,-0.7441115785122208,-0.18592014889657382,-0.40329972502291456
2023-08-03,-0.10022204743978502,-0.06741315170941853,-0.24516101845310667,-0.09619476672283389,-0.05825006093102558,-0.001602424127496116,-0.03741368779396492,-0.39280220269834487,-0.24460819508356424,-0.7350206635996712,-0.18279426693741996,-0.4124656278643444
2023-08-04,-0.10022204743978502,-0.07556366743743181,-0.23020215440422165,-0.11598166622732975,-0.05454546644604508,-0.001602424127496116,-0.03741368779396492,-0.37630050159002515,-0.24474213106921494,-0.7337810101775174,-0.1647866659278835,-0.40818820653834376
2023-08-07,-0.10022204743978502,-0.07716329484774043,-0.2300871779305459,-0.1161339057508467,-0.05751888861808374,-0.0010683053914883889,-0.03741368779396492,-0.37695190670131684,-0.2466175414749322,-0.7184917542641458,-0.170053065791274,-0.4106324472960584
2023-08-08,-0.10022204743978502,-0.07906762149555124,-0.226552233784582,-0.11818867481939854,-0.06210091367977655,0.0,-0.03741368779396492,-0.3779289469629268,-0.2582719651694906,-0.713119848878093,-0.16774259607947273,-0.4063550259700578
2023-08-09,-0.10022204743978502,-0.08417120296397962,-0.22956992083890249,-0.1299847412102303,-0.06634168929365636,-0.0015960303876934034,-0.03741368779396492,-0.38116777308022565,-0.27139988911061186,-0.694318180026908,-0.16781056060118227,-0.41216009776963003
2023-08-10,-0.10022204743978502,-0.08668492808679495,-0.22709833777456712,-0.12663616844124748,-0.06682913750228425,0.0,-0.03741368779396492,-0.38265149920913444,-0.272605517385873,-0.714566123518948,-0.16728393681615938,-0.40941032691720103
2023-08-11,-0.10022204743978502,-0.08660873874856001,-0.23020215440422165,-0.1252663030414245,-0.06756030981522587,0.0,-0.03741368779396492,-0.3883691563454509,-0.27367715857438246,-0.7138429861985205,-0.16901674859671978,-0.4201038802322027
2023-08-14,-0.10022204743978502,-0.09719684837659115,-0.23063321340058252,-0.13165902759472148,-0.06868146449625201,-0.009789228470997724,-0.03741368779396492,-0.38663212098555944,-0.27729404340016606,-0.7112603317998358,-0.16570406546109118,-0.41857622975863096
2023-08-15,-0.10022204743978502,-0.10306214888105636,-0.2225575207838124,-0.13477924107842865,-0.07262978308554624,-0.003880434286750556,-0.03741368779396492,-0.3831399856372725,-0.28318824879082116,-0.7253099342910536,-0.15702299517621687,-0.43293614421020443
2023-08-16,-0.10022204743978502,-0.10534736410460421,-0.21906567568548974,-0.14178080760106182,-0.07574946352135548,-0.002910325715062778,-0.03741368779396492,-0.3806792192467574,-0.28158071035640553,-0.7322314126123033,-0.15343845395374967,-0.42621448212648916
2023-08-17,-0.10022204743978502,-0.11029856689656303,-0.22116361947035346,-0.1512937456380662,-0.08159884202488954,-0.01225857127727703,-0.03741368779396492,-0.38299526639327985,-0.2835901078488745,-0.7292355404062338,-0.15280992388945336,-0.42193706080048865
2023-08-18,-0.10022204743978502,-0.10664229227741073,-0.22116361947035346,-0.14474883962361795,-0.08062394560763397,-0.007849011327621946,-0.03741368779396492,-0.38209055205100384,-0.28399196690692785,-0.7364669382405262,-0.15474654822856115,-0.4139932783379161
2023-08-21,-0.10022204743978502,-0.11486899734365885,-0.22668159944745414,-0.15182646784564358,-0.07711428280374033,-0.014463351252104517,-0.03741368779396492,-0.3814392143450426,-0.29229737774700437,-0.7280991852784218,-0.15620758292886439,-0.4265200122212035
2023-08-22,-0.10022204743978502,-0.1013863321325128,-0.22117800865955006,-0.13569250403243271,-0.07560320525758502,-0.02416436968443647,-0.03741368779396492,-0.38391804536405805,-0.2826524026460159,-0.7355372043314155,-0.15420291306146572,-0.4298808432630612
2023-08-23,-0.10022204743978502,-0.08622790828826032,-0.2311505390121743,-0.12328765373463069,-0.06483061174750104,-0.021518674085370337,-0.03741368779396492,-0.3870302168658666,-0.28104491531270126,-0.7420454648452803,-0.16127008922712605,-0.4179651695692024
2023-08-24,-0.10022204743978502,-0.09506395371407572,-0.2425025814890609,-0.13774727310098467,-0.06497687001127139,-0.014110578381986816,-0.03741368779396492,-0.39336308245114515,-0.2889484159936234,-0.7397727299596385,-0.17520046698673686,-0.4228536510846317
2023-08-25,-0.10022204743978502,-0.10344303745679329,-0.24310610519593534,-0.14634700624635044,-0.06843774039193806,-0.017726449837285663,-0.03741368779396492,-0.39448490936207614,-0.2880107107907649,-0.7376033179983561,-0.1709194311782637,-0.42468683165291765
2023-08-28,-0.10022204743978502,-0.09323581640449952,-0.2458076412076221,-0.1290714782562259,-0.06512306877208651,-0.01869655840897333,-0.03741368779396492,-0.3988274977618075,-0.280643005153547,-0.7335743889588164,-0.172601289819187,-0.4152153987167734
2023-08-29,-0.10022204743978502,-0.08363799382721004,-0.2427325344364123,-0.11986296120388973,-0.05605654399219995,-0.0210776911765872,-0.03741368779396492,-0.39799517674419194,-0.26617551695151354,-0.7359504221388,-0.17222752545307507,-0.42621448212648927
2023-08-30,-0.10022204743978502,-0.09072209128168396,-0.24120933598002958,-0.13698624967049733,-0.052254424163720725,-0.016227148318148865,-0.03741368779396492,-0.3985922531593217,-0.26617551695151354,-0.7111570335054942,-0.1758460894396876,-0.43568591506263354
2023-08-31,-0.10022204743978502,-0.1038238679170932,-0.23653915332640274,-0.1462708864845922,-0.05522790583871451,-0.024605352593220275,-0.03741368779396492,-0.39459349934906784,-0.2708640429658067,-0.7140496074172218,-0.16954337238174289,-0.43660250534677647
2023-09-01,-0.10022204743978502,-0.08912246387137557,-0.22925376979626877,-0.14200910882397155,-0.05444794110254603,-0.027162905438165463,-0.03741368779396492,-0.38404469997955015,-0.25505693940176033,-0.7143595023002469,-0.15843299573030234,-0.4320195539260615
2023-09-05,-0.10022204743978502,-0.09201707756992783,-0.23534649510185046,-0.15753423066784622,-0.06107728434224868,-0.04541848093835554,-0.03741368779396492,-0.39052235221415155,-0.25733425996663195,-0.7332644694457737,-0.161422948646037,-0.4243813015582033
2023-09-06,-0.10022204743978502,-0.10268126030531943,-0.2338951740715023,-0.16750377115066972,-0.06502560293154325,-0.03518826955857435,-0.03741368779396492,-0.3903414363078277,-0.26711322215437217,-0.7407024884987672,-0.15624152468642882,-0.4237702413687745
2023-09-08,-0.10022204743978502,-0.10900363872375651,-0.2354470823863296,-0.17070010439613537,-0.06487934466777256,-0.03413001823276596,-0.03741368779396492,-0.3884415496701129,-0.2783657356897762,-0.7308884362657901,-0.15464464194928784,-0.42743660250534654
2023-09-11,-0.10022204743978502,-0.09506395371407583,-0.2382060381149056,-0.15966511949815665,-0.06249083654490528,-0.031307902556368616,-0.03741368779396492,-0.3875187706993347,-0.265907593879111,-0.7305785167527472,-0.15347247671789566,-0.42407577146348907
2023-09-12,-0.10022204743978502,-0.08782753569856916,-0.2387089745373009,-0.1432267347002779,-0.06834021504843923,-0.02910312258154102,-0.03741368779396492,-0.39131847656943575,-0.2632284142561859,-0.7166322371858889,-0.16257818350193753,-0.4338527344943476
2023-09-13,-0.10022204743978502,-0.08660873874856023,-0.236941502464319,-0.13318107445569594,-0.06941263680919363,-0.02901491254287536,-0.03741368779396492,-0.3914994598810899,-0.2688546454733376,-0.7231404976997537,-0.15965619510791262,-0.43293614421020454
2023-09-14,-0.10022204743978502,-0.07716329484774065,-0.24244509325222297,-0.13470317937903598,-0.06897392152083748,-0.029896811075897256,-0.03741368779396492,-0.3964029280336214,-0.25144005457597673,-0.7202479484180438,-0.16495653672886734,-0.4347693247784905
2023-09-15,-0.10022204743978502,-0.08150515728013208,-0.2554640205176125,-0.13470317937903598,-0.0622959048638182,-0.03007316386868364,-0.03741368779396492,-0.4026091390034079,-0.24835901589499843,-0.7268595072262505,-0.17297505418529968,-0.4179651695692024
2023-09-18,-0.10022204743978502,-0.08508530067648645,-0.2577632073913829,-0.13995428169305357,-0.058493785035338974,-0.03289527954508109,-0.03741368779396492,-0.4043280423294704,-0.25666442673507495,-0.7181818347511031,-0.1731788667438472,-0.4237702413687746
2023-09-19,-0.10022204743978502,-0.0897318623463802,-0.2549035958583792,-0.15167422832212696,-0.05825006093102525,-0.03439458106421833,-0.03741368779396492,-0.4049794474407621,-0.25746819595228276,-0.7057851281194412,-0.17543830230943025,-0.4179651695692024
2023-09-20,-0.10022204743978502,-0.08310478469044069,-0.2527194539782328,-0.13995428169305368,-0.05162077719427782,-0.03263071671362927,-0.03741368779396492,-0.40414712642314654,-0.24353650279395367,-0.717665294019359,-0.17338276030897593,-0.4106324472960584
2023-09-21,-0.10022204743978502,-0.10222424050678491,-0.2531649021637903,-0.1640030169205362,-0.0644894218026435,-0.03518826955857446,-0.03741368779396492,-0.4048165961629385,-0.2525117468655873,-0.7303719201640637,-0.17117427788302975,-0.41918728994805965
2023-09-22,-0.10022204743978502,-0.10176722070825006,-0.24467240269995894,-0.16719935016600185,-0.06146720720737797,-0.03430637102555245,-0.03741368779396492,-0.39528110112269044,-0.2553248624741631,-0.7275826445466778,-0.16164385359323874,-0.416743049190345
2023-09-25,-0.10022204743978502,-0.10207191994575249,-0.24909831173698638,-0.1678843118970964,-0.06575677524448509,-0.04047972804125155,-0.03741368779396492,-0.3983208792998366,-0.2597455165171544,-0.7273760479579944,-0.16181372439422215,-0.4118545676749157
2023-09-26,-0.10022204743978502,-0.11631624607749802,-0.2446293036523176,-0.17945201900265262,-0.07365341242307388,-0.05476672650056991,-0.03741368779396492,-0.3959143742001532,-0.2665773760095672,-0.7256198538040965,-0.15596974760617188,-0.41368774824320165
2023-09-27,-0.10022204743978502,-0.11486899734365907,-0.24274685510565996,-0.18356161520212233,-0.08769194463273755,-0.06305672073697599,-0.03741368779396492,-0.3944849093620758,-0.26992633776294817,-0.7144628252246062,-0.15292884155080044,-0.40941032691720103
2023-09-28,-0.10022204743978502,-0.10329065878032395,-0.2388239510109762,-0.16499234157393283,-0.09315134076818721,-0.05767705221563324,-0.03741368779396492,-0.38974429248736575,-0.2688546454733379,-0.6957644792977807,-0.14341534763650077,-0.4029941949282001
2023-09-29,-0.10022204743978502,-0.09696828036188698,-0.23557644804920153,-0.16407913668229457,-0.09914697753549162,-0.04585939656259452,-0.03741368779396492,-0.3902509783546664,-0.25947759344475174,-0.6974173751573368,-0.14501223037364197,-0.4173541093797736
2023-10-02,-0.10022204743978502,-0.1091560174002264,-0.23623739147296507,-0.17245051054238525,-0.10796977821106435,-0.05247373648707698,-0.03741368779396492,-0.3900157337521808,-0.26764906829917756,-0.7066115883642281,-0.14331344135722723,-0.40268866483348575
2023-10-03,-0.10022204743978502,-0.1222577359201984,-0.23750192712355167,-0.18652964722467824,-0.11060201043824569,-0.06482051780302,-0.03741368779396492,-0.3888215135165892,-0.2715338250962628,-0.695351261490396,-0.1401366062584365,-0.40421631530705737
2023-10-04,-0.10022204743978502,-0.119820200135618,-0.22475605185315484,-0.17161336735013943,-0.11357543261028435,-0.06191019208795656,-0.03741368779396492,-0.3729892821480635,-0.27582049205250236,-0.6940082851438829,-0.12233289881402876,-0.40604949587534334
2023-10-05,-0.10022204743978502,-0.12362885343123986,-0.2221120040783059,-0.16651444649727298,-0.1145015961072684,-0.05891172361877284,-0.03741368779396492,-0.3739120611188398,-0.281312787284003,-0.6729339060370737,-0.12432047629277343,-0.3919951115184841
2023-10-06,-0.10022204743978502,-0.11639243541573319,-0.22431060366759725,-0.15753423066784622,-0.10787231237052086,-0.057324279345515206,-0.03741368779396492,-0.3705103837237158,-0.27501677393639556,-0.655165294019359,-0.12255372275464893,-0.39871677360219937
2023-10-09,-0.10022204743978502,-0.10748020065168296,-0.2198990838197663,-0.16385077739701892,-0.09846453814282152,-0.058117967839871554,-0.03741368779396492,-0.3758300797903853,-0.2805090691678962,-0.6512396879041787,-0.12583246413271343,-0.4032997250229142
2023-10-10,-0.10022204743978502,-0.09795856741262843,-0.22127859594402854,-0.15449007888353172,-0.09285888374360152,-0.04400738945788418,-0.03741368779396492,-0.3744006149523099,-0.27367715857438246,-0.650619848878093,-0.1276162290529106,-0.4066605560647718
2023-10-11,-0.10022204743978502,-0.0936928362030347,-0.23010156711974195,-0.14832565555314403,-0.08710697108061094,-0.05150362791538887,-0.03741368779396492,-0.38500367561265736,-0.27354322258873176,-0.6511363649798193,-0.14192037117863354,-0.40360525511762857
2023-10-13,-0.10022204743978502,-0.10534736410460466,-0.2367834954629502,-0.16004560218221708,-0.060492310790122406,-0.049828040888010516,-0.03741368779396492,-0.3904680909233197,-0.2701942608353508,-0.6657024835727636,-0.14278681757220435,-0.39718912312862764
2023-10-16,-0.10022204743978502,-0.09811088797366085,-0.24070639955763373,-0.1536529356912859,-0.06356325830566001,-0.049739830849344635,-0.03741368779396492,-0.3894729186278809,-0.26979240177729746,-0.6788223275248528,-0.14239604182401933,-0.401161014359914
2023-10-17,-0.10022204743978502,-0.10329065878032395,-0.23646734442031625,-0.169482478519829,-0.06278335307244631,-0.056354170773827206,-0.03741368779396492,-0.3904137622271596,-0.2709980300525586,-0.6819214980252638,-0.14419681812628948,-0.4023831347387713
2023-10-18,-0.10022204743978502,-0.11791587348780697,-0.23541837252788433,-0.17427697838802736,-0.04689249386881478,-0.05009260371946256,-0.03741368779396492,-0.3914089345225984,-0.2944407623262254,-0.6842975312052473,-0.14423084089043492,-0.3987167736021995
2023-10-19,-0.10022204743978502,-0.11745885368927222,-0.2353033960542087,-0.17260269200353595,-0.04050693423638119,-0.057236069306849324,-0.03741368779396492,-0.3891110194099048,-0.29537846752908414,-0.6945248012456091,-0.14105400579164418,-0.3828292086770544
2023-10-20,-0.10022204743978502,-0.12515234961875077,-0.2317971617666894,-0.17260269200353595,-0.033633926395319924,-0.05811796783987133,-0.03741368779396492,-0.38849581096094243,-0.30944409667306394,-0.7005165456577476,-0.13989877093574354,-0.39443935227619886
2023-10-23,-0.10022204743978502,-0.12667578769082455,-0.23319106308014825,-0.1757990252490017,-0.03665608148763033,-0.05935263924301093,-0.03741368779396492,-0.3925669580958586,-0.3054253527892271,-0.6977272700403618,-0.1452670770784079,-0.4008554842651997
2023-10-24,-0.10022204743978502,-0.11989638947385262,-0.2317684519082447,-0.17085234391965198,-0.037289787960028575,-0.05794161504708484,-0.03741368779396492,-0.3945030413959063,-0.30381781435481137,-0.6930785266047542,-0.14849486531683553,-0.408493736633058
2023-10-25,-0.10022204743978502,-0.12705667626656159,-0.24053393484712005,-0.17351595495754002,-0.03285402116210634,-0.05829438791720254,-0.03741368779396492,-0.3974161649575604,-0.31413262268735687,-0.6890495975652144,-0.15211334829686673,-0.4133822181484872
2023-10-26,-0.10022204743978502,-0.11067945547230018,-0.24109435950635327,-0.15509892085286758,-0.031342943615951024,-0.058029825085750386,-0.03741368779396492,-0.3980313734065207,-0.30475551955767,-0.6679752184584054,-0.1514848182325702,-0.41429880843263023
2023-10-27,-0.10022204743978502,-0.12286713439520269,-0.2436953082335609,-0.17617956599542817,-0.030660504223281038,-0.052297383694289934,-0.03741368779396492,-0.40020263390372224,-0.29537846752908403,-0.6731405026257571,-0.1530817009697113,-0.41246562786434426
2023-10-30,-0.10022204743978502,-0.12926570215187472,-0.24717276414268696,-0.18462705961727732,-0.02695590973830042,-0.06279215790552317,-0.03741368779396492,-0.4012882641523221,-0.29926322432616914,-0.653719019378504,-0.1587336921600836,-0.4155209288114875
2023-10-31,-0.10022204743978502,-0.12400974200697679,-0.23069070163741967,-0.18706236943225585,-0.03231784003320681,-0.05670694364394491,-0.03741368779396492,-0.38771781863948895,-0.2973878139204519,-0.630681824899096,-0.14275279480805902,-0.4149098686220588
2023-11-01,-0.10022204743978502,-0.10930833796125905,-0.2342831340202215,-0.17770161285640274,-0.03543746096606082,-0.05212096361695839,-0.03741368779396492,-0.39806757006885196,-0.288010710790765,-0.6390496024912181,-0.1447914064330219,-0.4194928200427738
2023-11-03,-0.10022204743978502,-0.08531381057575405,-0.24434193098807666,-0.14444441863894975,-0.029246892517669543,-0.04312549092486195,-0.03741368779396492,-0.40441856768796125,-0.2754186329944488,-0.6368801658999179,-0.15858593615579486,-0.4167430491903449
2023-11-06,-0.10022204743978502,-0.08287627479117365,-0.2454340019281499,-0.14033482243947992,-0.034072641683676186,-0.04903428510910912,-0.03741368779396492,-0.4076211971429309,-0.2665773760095671,-0.6628099342910536,-0.16770865432190962,-0.4167430491903449
2023-11-07,-0.10022204743978502,-0.0766300857109713,-0.2474745259961244,-0.12214608955771689,-0.041286839469594994,-0.04815238657608678,-0.03741368779396492,-0.41080569456407146,-0.27006027374859887,-0.6756198341000823,-0.17027388973189528,-0.42743660250534643
2023-11-08,-0.10022204743978502,-0.07746799408524307,-0.25161299384896263,-0.11453573912811343,-0.04874482086278298,-0.04312549092486173,-0.03741368779396492,-0.41375501478805665,-0.26322841425618604,-0.6791322470378957,-0.17241440763613192,-0.4182706996639165
2023-11-09,-0.10022204743978502,-0.07914381083378652,-0.2459369383505452,-0.11940635875807026,-0.04255425241439159,-0.04312549092486173,-0.03741368779396492,-0.4111856584105481,-0.2634963373285887,-0.6858471287704617,-0.165992853923422,-0.428047662694775
2023-11-10,-0.10022204743978502,-0.06611822353661234,-0.2432354708588068,-0.11126328612088932,-0.057957603906440225,-0.042331802430505494,-0.03741368779396492,-0.409937176884125,-0.25010049031506476,-0.686673564385231,-0.16181372439422237,-0.4329361442102043
2023-11-13,-0.10022204743978502,-0.06733696237118403,-0.2465260728682228,-0.12214608955771677,-0.05166951011455012,-0.04541848093835521,-0.03741368779396492,-0.4156187047634404,-0.2549230034161095,-0.6697314126123031,-0.16869750165982256,-0.4167430491903449
2023-11-14,-0.10022204743978502,-0.04600853878496414,-0.2459657167289382,-0.10974118119754894,-0.043724080512734353,-0.03880414101387264,-0.03741368779396492,-0.414822580408156,-0.23590087408433313,-0.6791322470378957,-0.16651947770844466,-0.4155209288114876
2023-11-16,-0.10022204743978502,-0.03496340935839837,-0.24264626782118037,-0.094368298877191,-0.03295148700265038,-0.03457093385700405,-0.03741368779396492,-0.41851376369659565,-0.22438043747652636,-0.6836776921791616,-0.17421518393840163,-0.41979835013748823
2023-11-17,-0.10022204743978502,-0.03366848118559196,-0.24107997031715667,-0.0971841494385961,-0.03407264168367652,-0.028926702504209256,-0.03741368779396492,-0.41636056782789477,-0.2217013089547023,-0.6942148817325662,-0.17399435999778123,-0.4292697830736324
2023-11-20,-0.10022204743978502,-0.024908625098011394,-0.24382460537648465,-0.09117196563172514,-0.03597370159791602,-0.03289527954508065,-0.03741368779396492,-0.4168671862898634,-0.21902212933177723,-0.7022727398116455,-0.18130317879545566,-0.42621448212648905
2023-11-21,-0.10022204743978502,-0.02696527230685497,-0.2373582407914313,-0.09436829887719089,-0.025444772689190764,-0.03624658816892745,-0.03741368779396492,-0.40816401226723087,-0.2113865006221567,-0.7059917493381422,-0.17576111353590562,-0.42560342193706036
2023-11-22,-0.10022204743978502,-0.02460386774507184,-0.23245817371040167,-0.08866053605498836,-0.02929562543794173,-0.04409559949654973,-0.03741368779396492,-0.4016139667079687,-0.21165442369455933,-0.7007231422464311,-0.16769164293983652,-0.427131072410632
2023-11-24,-0.10022204743978502,-0.028184011141426435,-0.23186903919272384,-0.08447482009376028,-0.024031220486534166,-0.03298348958374642,-0.03741368779396492,-0.40715070793796304,-0.22759546324425628,-0.7050619907990137,-0.1671480077727412,-0.43385273449434725
2023-11-27,-0.10022204743978502,-0.02612736393258297,-0.23372270936098816,-0.0802891621948979,-0.019351670081342975,-0.03166060814194094,-0.03741368779396492,-0.4104076660890926,-0.22464836054892867,-0.711363654724195,-0.1674198658595797,-0.4433241674304914
2023-11-28,-0.10022204743978502,-0.02026206342811776,-0.22925376979626788,-0.06986296120388946,-0.005751912662990577,-0.027603821062403222,-0.03741368779396492,-0.4040566684699852,-0.22438043747652614,-0.720454545006727,-0.16833718438620604,-0.4482126489459207
2023-11-29,-0.10022204743978502,-0.02308042967299795,-0.23126551548584928,-0.07039568341146707,-0.0021447840185536693,-0.026898342606712977,-0.03741368779396492,-0.4009625615966772,-0.21915606531742804,-0.7103305978907248,-0.17270319609846163,-0.45035135960892103
2023-11-30,-0.10022204743978502,-0.01333028653467605,-0.22938306693919164,-0.05479449986819951,-0.006531817896204273,-0.025222688294789797,-0.03741368779396492,-0.3964933859867822,-0.22491628362133131,-0.7105371944794082,-0.16687623069248425,-0.4356859150626333
2023-12-01,-0.10022204743978502,-0.008379083742717452,-0.2313230037226871,-0.05555552329868674,0.0,-0.02292969828129643,-0.03741368779396492,-0.3980675700688521,-0.22638983496899512,-0.7092975410572544,-0.16364844245405663,-0.43232508402077574
2023-12-04,-0.10022204743978502,-0.018052979427367277,-0.23287491203751431,-0.05365293569128582,-0.022646076491580347,-0.026457359697929506,-0.03741368779396492,-0.39430399345575196,-0.23616879715673555,-0.7216942230588985,-0.16720592747836982,-0.4375190956309193
2023-12-05,-0.10022204743978502,-0.017367449729565276,-0.230762579063454,-0.048706196299570514,-0.025350072428778403,-0.026016376789146145,-0.03741368779396492,-0.3926393514205211,-0.23817819464920453,-0.7200413271993424,-0.1602507834146456,-0.42743660250534643
2023-12-06,-0.10022204743978502,-0.027117592867887397,-0.23743011821746562,-0.06149158734379889,-0.01955577015934329,-0.02548725112624195,-0.03741368779396492,-0.39417733884025974,-0.24045546411297514,-0.7346074457922867,-0.16286697196426814,-0.4320195539260614
2023-12-07,-0.10022204743978502,-0.024451489068602283,-0.23975801494968074,-0.059360698513488575,-0.0198454734842769,-0.026898342606713088,-0.03741368779396492,-0.39779612880403703,-0.24434027201116126,-0.7329545499327306,-0.16736891271994292,-0.4277421326000608
2023-12-08,-0.10022204743978502,-0.016453410132496238,-0.23879524115253126,-0.04322673470027749,-0.03510379100525107,-0.027603821062403444,-0.03741368779396492,-0.3838275874108966,-0.23616879715673555,-0.7333677677401151,-0.1658569248800028,-0.430797433547204
2023-12-11,-0.10022204743978502,-0.016758051254561313,-0.24307739533748984,-0.04581428403877297,-0.04490584258812169,-0.02945582816711334,-0.03741368779396492,-0.3892376740253971,-0.23509715596822622,-0.7488636448721879,-0.1687132979431759,-0.43721356553620505
2023-12-12,-0.10022204743978502,-0.020871461903122612,-0.23720016527011434,-0.05068490366872991,-0.04500239071553591,-0.02328247115141413,-0.03741368779396492,-0.38873105556342846,-0.23415945076536748,-0.761260326873832,-0.16133805374883636,-0.4347693247784904
2023-12-13,-0.10022204743978502,0.0,-0.23799054287669874,-0.022907112988204026,-0.042829527364497744,-0.018784701163093165,-0.03741368779396492,-0.38145727897354087,-0.22210316801275554,-0.7587809953995068,-0.1566152890525413,-0.44179651695692
2023-12-14,-0.10022204743978502,0.0,-0.23067638096817145,-0.007610350429604562,-0.019700651293155458,-0.007849011327621613,-0.03741368779396492,-0.3768251846804941,-0.21433355221638317,-0.7528925739117276,-0.16444692432591757,-0.44179651695692
2023-12-15,-0.10022204743978502,-0.005032660890646579,-0.2244973890473585,-0.008371315797725765,-0.024094652058938903,0.0,-0.03741368779396492,-0.3748710367519478,-0.21245814181066613,-0.7426653038713658,-0.16509246577228687,-0.4097158570119155
2023-12-18,-0.10022204743978502,0.0,-0.2287652225630692,-0.003044093721949803,-0.021583752376569065,0.0,-0.03741368779396492,-0.37362255522552446,-0.20897524407163437,-0.7414256258191942,-0.16423330997103303,-0.41704857928505934
2023-12-19,-0.10022204743978502,0.0,-0.23125112629665268,-0.0015220468609755677,-0.015741176043426952,-0.006503760517742152,-0.03741368779396492,-0.3797021789851489,-0.20388480789818686,-0.7425619809470063,-0.16826930087107772,-0.4222425908952029
2023-12-20,-0.10022204743978502,-0.009317928116825303,-0.23329165036462718,-0.013698537873501948,-0.01762433606953151,0.0,-0.03741368779396492,-0.3880073245328046,-0.20535835924585066,-0.7472107490126318,-0.17326384264762984,-0.4259089520317749
2023-12-21,-0.10022204743978502,0.0,-0.22813292047780154,-0.007990775051299415,-0.015403198654786343,0.0,-0.03741368779396492,-0.38042591001577253,-0.18419289643595438,-0.7342975262792437,-0.16509246577228698,-0.42254812098991734
2023-12-22,-0.10022204743978502,0.0,-0.22811853128860504,-1.3322676295501878e-15,-0.006711686307942721,0.0,-0.03741368779396492,-0.37870700668971014,-0.18178163988543206,-0.7303719201640635,-0.17066458447349886,-0.42193706080048865
2023-12-26,-0.10022204743978502,0.0,-0.2292824796547126,0.0,-0.0061806126644733395,-8.711144623796407e-05,-0.03741368779396492,-0.38212674871333474,-0.17642333174068314,-0.7365702611648854,-0.172712754875055,-0.41307668805377307
2023-12-27,-0.10022204743978502,0.0,-0.2292824796547126,0.0,0.0,0.0,-0.03741368779396492,-0.3886767942725966,-0.17267251092924896,-0.7294421616249348,-0.1822676431523983,-0.4176596394744879
2023-12-28,-0.10022204743978502,-7.316087249309433e-05,-0.23015905535657954,0.0,-0.003842643919140354,0.0,-0.03741368779396492,-0.3826333671753034,-0.17079704942243068,-0.7358471238444579,-0.18012712524816155,-0.4204094103269169
2024-01-02,-0.10022204743978502,-0.010540973830411637,-0.23126551548584928,-0.013478120633664159,-0.008405783573119496,-0.0005214458531794808,-0.03741368779396492,-0.37744039312945643,-0.18017415255211755,-0.7347107440866282,-0.1756592072566323,-0.4332416743049188
2024-01-03,-0.10022204743978502,-0.009808918321526416,-0.22750068691248249,-0.01909399470975326,-0.022911740914236867,0.0,-0.03741368779396492,-0.3733149847037086,-0.17749497292919247,-0.7243801757519247,-0.1637503487333304,-0.4314084937366328
2024-01-04,-0.10022204743978502,-0.022253080100655853,-0.2295124326020639,-0.0300262798501838,-0.019021017038832966,-0.00415616708301636,-0.03741368779396492,-0.3776213764411104,-0.18888147355134832,-0.708574379106809,-0.1643109952824987,-0.4298808432630611
2024-01-05,-0.10022204743978502,-0.015738188177135903,-0.22870773432623137,-0.015200290025527918,-0.01897299571666211,-0.003983020980009244,-0.03741368779396492,-0.387989192498974,-0.19437376878284907,-0.7011363846838332,-0.1683202540107147,-0.4369080354414906
2024-01-08,-0.10022204743978502,-0.013029783847039789,-0.23553328048161126,-0.010183456228185173,-0.026562240910601553,-0.012035669022074202,-0.03741368779396492,-0.39211460092472183,-0.18847956339219396,-0.6921487680656253,-0.17425471515007562,-0.4439352276199202
2024-01-09,-0.10022204743978502,-0.020496325592912812,-0.23372270936098805,-0.022613284937856082,-0.02665828355494282,-0.01679794655724287,-0.03741368779396492,-0.3892558060592278,-0.20803753886877563,-0.6704545499327303,-0.17283912514188104,-0.43874121600977656
2024-01-10,-0.10022204743978502,-0.02466872924479091,-0.2303314515471444,-0.028828199292691536,-0.028915872037893475,-0.021906648420594754,-0.03741368779396492,-0.3853836394591341,-0.22022775760703817,-0.6860537253591449,-0.16670635989150084,-0.4384356859150622
2024-01-11,-0.10022204743978502,-0.02679162320296502,-0.2295555316497051,-0.030325742861931904,-0.03247027075582387,-0.021906648420594754,-0.03741368779396492,-0.39282026732684494,-0.22170130895470208,-0.6800620055770241,-0.16903375997879355,-0.4405743965780625
2024-01-12,-0.10022204743978502,-0.024595568372297816,-0.23136610277032832,-0.025084283241965544,-0.016907609790580147,-0.021993254502640336,-0.03741368779396492,-0.39368878500678983,-0.22371065534607004,-0.6577479484180434,-0.1727202074805344,-0.4537121906507787
2024-01-16,-0.10022204743978502,-0.0368201358379594,-0.2351022214852504,-0.029576913949686645,-0.026850427477718486,-0.021387144050488804,-0.03741368779396492,-0.39658384393994506,-0.23911589985206294,-0.7004132227333879,-0.17399435999778157,-0.45798961197677934
2024-01-17,-0.10022204743978502,-0.04435983845632552,-0.24251697067825673,-0.03257211534341786,-0.03809017266802239,-0.022599364954792533,-0.03741368779396492,-0.39495539856704354,-0.24715338761973682,-0.7035124178638168,-0.16334264260965414,-0.45951726245035096
2024-01-18,-0.10022204743978502,-0.05146035244775604,-0.2303027416886999,-0.0329465297995406,-0.030404884829741796,-0.023292015427905488,-0.03741368779396492,-0.39732570700439773,-0.25023442630071524,-0.7213843035458555,-0.16179671301214982,-0.45737855178735065
2024-01-19,-0.10022204743978502,-0.04875194811766015,-0.23084877715873653,-0.032497163899043,-0.026610262232772186,-0.031084911284917527,-0.03741368779396492,-0.3983208792998365,-0.2501004903150643,-0.7397727299596382,-0.16313883005110663,-0.4555453712190648
2024-01-22,-0.10022204743978502,-0.0571700279898979,-0.23208460295087852,-0.04492699260871402,-0.029828453061415017,-0.0328167026204117,-0.03741368779396492,-0.40087210364351444,-0.2566644267350745,-0.7501033229243593,-0.16678412620954763,-0.45523984112435056
2024-01-23,-0.10022204743978502,-0.04362789464342898,-0.220646293858761,-0.03534257665927509,-0.027955211058108498,-0.03143126955201647,-0.03741368779396492,-0.39075759681663524,-0.24608174643122738,-0.7469008294995889,-0.1525720885667613,-0.4543232508402075
2024-01-24,-0.10022204743978502,-0.04772713742281376,-0.22844907152043548,-0.03594161693802134,-0.03266241467859954,-0.030219048647712854,-0.03741368779396492,-0.39598676752481354,-0.2375084125187482,-0.727169426739293,-0.15870485381714128,-0.447296058661778
2024-01-25,-0.10022204743978502,-0.04450627189730039,-0.22885142065835173,-0.04028457326749357,-0.03122142320892174,-0.019828564879086463,-0.03741368779396492,-0.3951725111356986,-0.24085737427212928,-0.7344008245735854,-0.16205155971691543,-0.4479071188512066
2024-01-26,-0.10022204743978502,-0.03960181273653707,-0.2341107378296564,-0.04035941045661795,-0.03126944453109237,-0.019828564879086463,-0.03741368779396492,-0.39779612880403703,-0.22920295057757079,-0.7198347306106588,-0.16488857220715825,-0.4546287809349219
2024-01-29,-0.10022204743978502,-0.04296900000703674,-0.23524590781737087,-0.04417822082409362,-0.027234715323269487,-0.02000171098209369,-0.03741368779396492,-0.4018492113104528,-0.24581382335882496,-0.7427686021657076,-0.1652623365732705,-0.4619615032080657
2024-01-30,-0.10022204743978502,-0.051679946761223894,-0.23093497525401874,-0.05211536169841824,-0.0242086097833093,-0.021560290153496142,-0.03741368779396492,-0.39256695809585884,-0.24340256680830263,-0.7854339011110699,-0.1590445954191082,-0.4527956003666359
2024-01-31,-0.10022204743978502,-0.04801989260877482,-0.22972792784027007,-0.046424593305579354,-0.01609107141139976,-0.01567233173498528,-0.03741368779396492,-0.39234984552720564,-0.2491627851122059,-0.7830578679310864,-0.15902758403703554,-0.4521845401772072
2024-02-01,-0.10022204743978502,-0.04179786756720427,-0.23139481262877293,-0.03931111853262459,-0.013881504250619847,-0.01523936738584053,-0.03741368779396492,-0.38994334042752044,-0.2558607086189679,-0.7882231520984381,-0.1587558069567785,-0.4534066605560645
2024-02-02,-0.10022204743978502,-0.05321721865148754,-0.23278871394223188,-0.03781357496338422,-0.02199910125662241,-0.016797946557243093,-0.03741368779396492,-0.39280220269834465,-0.25720027287988,-0.7852272798923687,-0.16502450125057777,-0.4589062022609225
2024-02-05,-0.10022204743978502,-0.0498499196849993,-0.23551895981236337,-0.030924783140678258,-0.026994550078323187,-0.017317516988433646,-0.03741368779396492,-0.3987370398086444,-0.25720027287988,-0.7849173603793259,-0.16197711466870235,-0.4589062022609225
2024-02-06,-0.10022204743978502,-0.027084378388926078,-0.2358782099026384,-0.0003744144561229623,-0.02276761831363172,-0.015585725652939475,-0.03741368779396492,-0.3974342295860612,-0.24139316931583377,-0.7924586777266612,-0.15908825796642823,-0.4637946837763518
2024-02-07,-0.10022204743978502,-0.0318425158047031,-0.23401015054517726,-0.02620741235508317,-0.022431410424344045,-0.013161283844332128,-0.03741368779396492,-0.39291079268533624,-0.23724048944634601,-0.7967975262792437,-0.1569890534186541,-0.4692942254812096
2024-02-08,-0.10022204743978502,-0.044872299651743,-0.23161037638692783,-0.049419737571685274,-0.023872401894021733,-0.014633256933688776,-0.03741368779396492,-0.3927660060360134,-0.24474213106921472,-0.8019628104465955,-0.15579987680518936,-0.47051634586006696
2024-02-09,-0.10022204743978502,-0.047287948795878054,-0.22728512315432792,-0.04979409490018283,-0.028147296346790918,-0.014286964727674545,-0.03741368779396492,-0.3949192019047144,-0.25519092648851216,-0.8091942205958967,-0.15196048887795643,-0.4757103574702106
2024-02-14,-0.10022204743978502,-0.05336354039647362,-0.23880956182177937,-0.05540996897627193,-0.0439982025132446,-0.014113752563582826,-0.03741368779396492,-0.4061374710140241,-0.26255863212572994,-0.8337810003255104,-0.15873879557470583,-0.48151542926978286
2024-02-15,-0.10022204743978502,-0.04875194811765993,-0.23422564578338345,-0.050992175457675426,-0.03833033791296858,-0.013507642111431073,-0.03741368779396492,-0.402826251572061,-0.2576021830390345,-0.8366735619222291,-0.15596974760617266,-0.4894592117323555
2024-02-16,-0.10022204743978502,-0.04143183981276155,-0.23173974204979997,-0.05653315521701485,-0.03381521958115996,-0.015325973467886445,-0.03741368779396492,-0.39987693134807567,-0.23777628449005017,-0.8337810003255104,-0.15527317201358526,-0.49098686220592713
2024-02-20,-0.10022204743978502,-0.03257445961759986,-0.23211331280932312,-0.03144887197504964,-0.026129931742879364,-0.01575893781703097,-0.03741368779396492,-0.40327860874319976,-0.23991961796816996,-0.8371900903389642,-0.15799134784906277,-0.48823709135349813
2024-02-21,-0.10022204743978502,-0.03081770510985693,-0.2348435586794545,-0.035567202481898486,-0.028627626836683406,-0.014633256933688776,-0.03741368779396492,-0.4056127205182227,-0.2364367202291382,-0.8168388485525826,-0.16308779590488864,-0.4977085242896423
2024-02-22,-0.10022204743978502,-0.029719621846528987,-0.23300420918043807,-0.03781357496338433,-0.02987653301767834,-0.014633256933688776,-0.03741368779396492,-0.40619173230485384,-0.22719360418620316,-0.8210743864958145,-0.16164385359323952,-0.503819126183929
2024-02-23,-0.10022204743978502,-0.03542929738867062,-0.23043203883162355,-0.04530140706483654,-0.0207982750318908,-0.019828564879086463,-0.03741368779396492,-0.4032967407770305,-0.23322169446140806,-0.8344008270365872,-0.15697204203658155,-0.5114573785517872
2024-02-26,-0.10022204743978502,-0.03484367532076005,-0.2315959871977311,-0.04477726110283986,-0.025649601252986653,-0.017923627440585288,-0.03741368779396492,-0.40668028613832374,-0.2387139896929089,-0.8286157038431498,-0.15168863079111827,-0.5025970058050717
2024-02-27,-0.10022204743978502,-0.017934243007802997,-0.2241956271939214,-0.03406965891265801,-0.0230077835585778,-0.017923627440585288,-0.03741368779396492,-0.4016320313364693,-0.2246483605489289,-0.8331611612994245,-0.15416897130390295,-0.5010693553315001
2024-02-28,-0.10022204743978502,-0.03030524391443923,-0.2317971617666894,-0.035192788025775634,-0.0234881140484704,-0.018096773543592515,-0.03741368779396492,-0.4069878566601398,-0.22585398882419017,-0.8052686021657076,-0.1620684900924073,-0.4949587534372134
2024-02-29,-0.10022204743978502,-0.03813781341475497,-0.22676779754273602,-0.044552635280216246,-0.017387940280472303,-0.014286964727674656,-0.03741368779396492,-0.40338719873019147,-0.23054256593958422,-0.8078512442493835,-0.15613961840715618,-0.49190345249007017
2024-03-01,-0.10022204743978502,-0.03813781341475497,-0.22862146771100045,-0.047547779546322055,0.0,-0.014806469097780606,-0.03741368779396492,-0.4009263649343462,-0.22223710399840657,-0.8104338863330594,-0.15571490090140716,-0.4961808738160708
2024-03-04,-0.10022204743978502,-0.043481461202454,-0.23112182915372914,-0.05211536169841813,0.0,-0.01688455263928912,-0.03741368779396492,-0.40577557179604606,-0.22411256550522474,-0.802066121055946,-0.15861987791335952,-0.48976474182706997
2024-03-05,-0.10022204743978502,-0.046263138101031664,-0.22859275785255573,-0.054286782735529004,0.0,-0.01619183610509123,-0.03741368779396492,-0.40561272051822284,-0.2290690145919203,-0.797830583112714,-0.15994498357024345,-0.49465322334249917
2024-03-06,-0.10022204743978502,-0.03945537929556209,-0.22781676943516793,-0.04530140706483621,0.0,-0.015845477837992505,-0.03741368779396492,-0.4023015684815918,-0.23295382249010654,-0.8007231447094327,-0.15787243018771646,-0.4891536816376413
2024-03-07,-0.10022204743978502,-0.043847488956896385,-0.22627925030953733,-0.05091728114092542,0.0,-0.010044125501527668,-0.03741368779396492,-0.4007997103188541,-0.23442732273666933,-0.812190092801966,-0.16016580751086373,-0.47937671860678277
2024-03-08,-0.10022204743978502,-0.0533635403964734,-0.2244686791889141,-0.047173365090199315,0.0,-0.012208815125081984,-0.03741368779396492,-0.3964029280336214,-0.23523109195387715,-0.8135330691484792,-0.16183065476971426,-0.4790711885120683
2024-03-11,-0.10022204743978502,-0.060024865760968216,-0.22811853128860515,-0.04605017884945628,0.0,-0.011516098590884205,-0.03741368779396492,-0.39620388009346696,-0.24139316931583388,-0.8182851355084464,-0.15440000207376658,-0.47662694775435377
2024-03-12,-0.10022204743978502,-0.04919113674459541,-0.21903689730709597,-0.03257211534341742,-0.010126047036082442,-0.01333449600842418,-0.03741368779396492,-0.386378811754573,-0.23777628449005028,-0.8229338912590629,-0.15442381800866845,-0.47571035747021073
2024-03-13,-0.10022204743978502,-0.045897110346589054,-0.2196691993923634,-0.02545869769808784,-0.00325319480240549,-0.010563695932718331,-0.03741368779396492,-0.39108329937228214,-0.2326858994177039,-0.8287190144525003,-0.1559017830844629,-0.47876565841735397
2024-03-14,-0.10022204743978502,-0.049117975872102315,-0.21795921555621922,-0.03287157835516519,-0.008934707903780037,-0.014200358645629074,-0.03741368779396492,-0.3911556252916124,-0.24259879759109515,-0.8201446279566859,-0.1558168071806807,-0.4836541399327833
2024-03-15,-0.10022204743978502,-0.05680400023545484,-0.22005715934108316,-0.03781357496338378,-0.011546369380011412,-0.018269985707684566,-0.03741368779396492,-0.39063094220114325,-0.24179507947498835,-0.8290289339655432,-0.15182455983453724,-0.46623892453406646
2024-03-18,-0.10022204743978502,-0.054022435032865634,-0.22250003254697404,-0.042306262798730065,-0.009988567618842925,-0.021820042338549284,-0.03741368779396492,-0.3966019085684458,-0.2313462840556909,-0.8240702587018838,-0.15601268109426092,-0.4671555148182095
2024-03-19,-0.10022204743978502,-0.049410731058063484,-0.2208906359953089,-0.04380386349559551,-0.012004559528923098,-0.020867573619298696,-0.03741368779396492,-0.38994334042752055,-0.21620901372320156,-0.8198347207586518,-0.1455898883048834,-0.4628780934922089
2024-03-20,-0.10022204743978502,-0.03879659635515853,-0.2151714814492499,-0.03421944754615669,-0.011271522408361823,-0.01688455263928912,-0.03741368779396492,-0.3974885582822212,-0.20870732099923195,-0.8244834765092683,-0.14548790101902842,-0.46348915368163757
2024-03-21,-0.10022204743978502,-0.044872299651742775,-0.21991347300896258,-0.04380386349559551,-4.586376002280179e-05,-0.02095417970134461,-0.03741368779396492,-0.40483472819676924,-0.20495650018779765,-0.8261363723688244,-0.15632650059021191,-0.46135044301863726
2024-03-22,-0.10022204743978502,-0.054534784532294656,-0.2237501790083637,-0.05765634145775722,-0.011179794888315997,-0.022426152790701037,-0.03741368779396492,-0.4064631735696689,-0.21527125741924202,-0.8286157038431498,-0.15491641902954556,-0.4631836235869232
2024-03-25,-0.10022204743978502,-0.053436812964955394,-0.23044642802082016,-0.059303673660496825,-0.0035280417740548575,-0.020174857085100917,-0.03741368779396492,-0.4109142845510634,-0.21995983453463597,-0.8331611612994245,-0.150431570662525,-0.4650168041552092
2024-03-26,-0.10022204743978502,-0.05460805710077632,-0.22584812279322752,-0.05076754963505126,-0.0031614672823594425,-0.02199325450264089,-0.03741368779396492,-0.40563085255205356,-0.22290693722996358,-0.8372933886333059,-0.1553071947777307,-0.4714329361442102
2024-03-27,-0.10022204743978502,-0.04860551467668517,-0.2252589882755497,-0.04298019739422576,0.0,-0.024764054578347183,-0.03741368779396492,-0.4058117684583773,-0.2076356287096215,-0.8225206611366693,-0.15471260647099816,-0.47846012832263973
2024-03-28,-0.10022204743978502,-0.04618986553255011,-0.2255320402705423,-0.04155749101410966,0.0,-0.0187028839957446,-0.03741368779396492,-0.40317001875620795,-0.2069658465791655,-0.8178719053860528,-0.1522322659582135,-0.45982279254506564
2024-04-01,-0.10022204743978502,-0.053656407278423246,-0.2298141944555009,-0.06027707126774029,0.0,-0.021300537968443445,-0.03741368779396492,-0.40063692644636073,-0.20227732056487258,-0.8102272774293671,-0.14834200589792512,-0.4677665750076381
2024-04-02,-0.10022204743978502,-0.04948389193055669,-0.2298141944555009,-0.05870463338175036,0.0,-0.02294572322189181,-0.03741368779396492,-0.3968914144617611,-0.20442065404299226,-0.8076446353456912,-0.14147872329739364,-0.47876565841735397
2024-04-03,-0.10022204743978502,-0.05124075813428819,-0.21777236165650904,-0.05728192700163426,0.0,-0.022253006687694143,-0.03741368779396492,-0.39533536241352196,-0.20562628231825342,-0.8098140596219824,-0.13964392423097827,-0.47234952642835315
2024-04-04,-0.10022204743978502,-0.049923192253481075,-0.21571751691928642,-0.05466119719165108,-0.0024406615036484114,-0.022945723221892034,-0.03741368779396492,-0.3986465818554832,-0.20428666695624054,-0.816735537943232,-0.14402694732530674,-0.46807210510235253
2024-04-05,-0.10022204743978502,-0.056291650736026266,-0.21409373117842467,-0.050542866684802346,0.0,-0.02493720068135441,-0.03741368779396492,-0.3951363144733674,-0.21594109065079892,-0.8155991828154199,-0.14083310084444334,-0.4692942254812097
2024-04-08,-0.10022204743978502,-0.03923578498209468,-0.21597617972508232,-0.03931111853262381,0.0,-0.02467744849630149,-0.03741368779396492,-0.3969638077864215,-0.2002679230724035,-0.8095041401089395,-0.14125781835019224,-0.4677665750076381
2024-04-09,-0.10022204743978502,-0.03154964892275369,-0.2144242714102551,-0.03219770088729412,0.0,-0.023292015427906376,-0.03741368779396492,-0.40134259284848384,-0.2017414744200673,-0.8066115785122208,-0.14652421821358286,-0.47296058661778173
2024-04-10,-0.10022204743978502,-0.046263138101032,-0.21958293277713226,-0.05391242540703067,-0.00593125766748448,-0.026582385934802666,-0.03741368779396492,-0.4029348415590541,-0.2104487954192984,-0.8052686021657076,-0.14929334718869736,-0.4692942254812097
2024-04-11,-0.10022204743978502,-0.050801569507352706,-0.2166659015272393,-0.053538010950908044,0.0,-0.030132442565667605,-0.03741368779396492,-0.4005464010878693,-0.21299398795547153,-0.8177685947767023,-0.1393382053931571,-0.47601588756492497
2024-04-12,-0.10022204743978502,-0.061342543337764344,-0.21594746986663782,-0.06402098731846617,0.0,-0.028487323373304063,-0.03741368779396492,-0.3986827111124839,-0.22277295014321186,-0.8171487680656253,-0.13522695937908602,-0.4677665750076381
2024-04-15,-0.10022204743978502,-0.06617378577804023,-0.22497161561130907,-0.07974542330599099,0.0,-0.03238373827126795,-0.03741368779396492,-0.395896242166322,-0.21674480876690594,-0.8253099244390464,-0.13069115787242858,-0.4726550565230674
2024-04-16,-0.10022204743978502,-0.07254230010857954,-0.2091362443805057,-0.08685889807894576,0.0,-0.036107007066224495,-0.03741368779396492,-0.39162611449658147,-0.22572005283853958,-0.8210743864958144,-0.11937688765585919,-0.47326611671249597
2024-04-17,-0.10022204743978502,-0.07510432684569524,-0.19666335258515266,-0.09060281412967197,-0.007988998354593435,-0.03705947578547519,-0.03741368779396492,-0.38185537485384935,-0.2206296166650923,-0.8231405001627551,-0.10208279261440156,-0.474182706996639
2024-04-18,-0.10022204743978502,-0.07525070443867587,-0.19534132869772836,-0.09322354393965537,-0.0035552952260337056,-0.0360204009841788,-0.03741368779396492,-0.3864512050792348,-0.22572005283853958,-0.8184917444121385,-0.11106958173709702,-0.4784601283226396
2024-04-19,-0.10022204743978502,-0.06712537975239918,-0.1977267136667813,-0.0950206076482688,0.0,-0.038877807141930565,-0.03741368779396492,-0.38650546637006455,-0.2119222956658613,-0.8190082728288737,-0.10952365213959292,-0.47021081576535273
2024-04-22,-0.10022204743978502,-0.0650025416422193,-0.2015777403354304,-0.09472108750889563,-0.027601715254901182,-0.03420206962772332,-0.03741368779396492,-0.3905223522141509,-0.21138650062215714,-0.814979343789334,-0.11555451111069914,-0.46257256339749453
2024-04-23,-0.10022204743978502,-0.06815019044724546,-0.20927993071262596,-0.09082743995229559,-0.029477966165186165,-0.03671311751837625,-0.03741368779396492,-0.39624007675579753,-0.2243804374765267,-0.8128099195130427,-0.1224348050933034,-0.45860067216620826
2024-04-24,-0.10022204743978502,-0.0712246783797783,-0.21157904906644798,-0.09434673018039819,-0.03081216867609693,-0.03783873234063384,-0.03741368779396492,-0.4001664372413908,-0.23215005327289895,-0.8292355428692354,-0.12841471092477297,-0.4650168041552091
2024-04-25,-0.10022204743978502,-0.07129783925227118,-0.2091505650497537,-0.10355673167371438,-0.02860234168980258,-0.03896441322397637,-0.03741368779396492,-0.400293091856883,-0.24326857972155125,-0.8307851281194409,-0.12586640589027864,-0.4610449129239228
2024-04-26,-0.10022204743978502,-0.05738962230336575,-0.20446606172687887,-0.08236615311597462,-0.026517618456152525,-0.03827169668977859,-0.03741368779396492,-0.4000940439167302,-0.2391158998520635,-0.8332644719087751,-0.12364099308884102,-0.4622670333027802
2024-04-29,-0.10022204743978502,-0.05160678588873102,-0.20824527948944227,-0.08498694005358298,-0.02209806627669042,-0.03887780714193034,-0.03741368779396492,-0.4150758896391401,-0.2376423485043997,-0.7902892657653786,-0.13096293495268585,-0.4631836235869231
2024-04-30,-0.10022204743978502,-0.062074487150661106,-0.21262802095888,-0.09359790126815304,-0.04461307720011087,-0.045198729909585955,-0.03741368779396492,-0.40765732639993135,-0.248091092822596,-0.7943181824899094,-0.13070808824792013,-0.4628780934922089
2024-05-02,-0.10022204743978502,-0.05336354039647395,-0.2072968948814895,-0.08498694005358287,-0.041360888596991385,-0.04173521329968222,-0.03741368779396492,-0.4036223759273465,-0.23456130982342116,-0.7897727250336346,-0.11755918097809781,-0.4476015887564925
2024-05-03,-0.10022204743978502,-0.04128540637178724,-0.2123550374838361,-0.06626735979995224,-0.04144425716771205,-0.03957052367612801,-0.03741368779396492,-0.3957695875508297,-0.2230408732156144,-0.7787190193785037,-0.131846311721748,-0.45371219065077906
2024-05-06,-0.10022204743978502,-0.043188594320504814,-0.2145823469315723,-0.06776490336919272,-0.03202126743436329,-0.04225471766978817,-0.03741368779396492,-0.4011978061991607,-0.22652377095464615,-0.7732438156981092,-0.1385397235212963,-0.441490986862206
2024-05-07,-0.10022204743978502,-0.037771785660312696,-0.21530077859217378,-0.06364657286234399,-0.0346897742493113,-0.05065372397895207,-0.03741368779396492,-0.4046356802566141,-0.24742131069213968,-0.7720041376459377,-0.13786015931078144,-0.4454628780934923
2024-05-08,-0.10022204743978502,-0.03491694788924182,-0.21741311156623422,-0.0647697591030868,-0.03535682460820333,-0.03991688194322707,-0.03741368779396492,-0.4064631735696683,-0.24487611815596655,-0.7740702513128783,-0.13813201739761982,-0.45554537121906513
2024-05-09,-0.10022204743978502,-0.04421340501535098,-0.21463976664846163,-0.09292402380028242,-0.027643348643698107,-0.03974366977913524,-0.03741368779396492,-0.4078021130492544,-0.24286672066349757,-0.7622933837073023,-0.13565167688483537,-0.4589062022609227
2024-05-10,-0.10022204743978502,-0.04948389193055691,-0.2039056370676462,-0.09172594324278993,-0.012966917437427172,-0.036799723600422274,-0.03741368779396492,-0.40114354490832893,-0.25090425953227247,-0.7673553695803123,-0.1266648877621399,-0.4430186373357776
2024-05-13,-0.10022204743978502,-0.045165054837704055,-0.20712443017097637,-0.07974542330599133,-0.025975570056778086,-0.03905095324493757,-0.03741368779396492,-0.4046175482227853,-0.2460817464312277,-0.7540289290395396,-0.129644633848631,-0.43965780629392004
2024-05-14,-0.10022204743978502,-0.0418710284396977,-0.20206635608857837,-0.07375519190140456,-0.018762509102850267,-0.03896441322397637,-0.03741368779396492,-0.4030252995122149,-0.25144005457597673,-0.757851236860378,-0.12438844081448408,-0.4454628780934923
2024-05-15,-0.10022204743978502,-0.04589711034658939,-0.20278478774917985,-0.07487832101452241,-0.004044342714655591,-0.03662651143633022,-0.03741368779396492,-0.40718690460029205,-0.2452779772140199,-0.7504132424374022,-0.1288733701880862,-0.4347693247784906
2024-05-16,-0.10022204743978502,-0.04370105551592218,-0.19746805086098596,-0.07150881941991893,-0.00767174078258126,-0.03342281307256445,-0.03741368779396492,-0.39786852212869905,-0.2359008740843329,-0.7422520860639812,-0.12788800613316897,-0.4414909868622059
2024-05-17,-0.10022204743978502,-0.04553108259214678,-0.1993792092660882,-0.07525273547064504,0.0,-0.03143126955201703,-0.03741368779396492,-0.4027900549097312,-0.23817819464920453,-0.7287190243045073,-0.128737441144667,-0.4469905285670638
2024-05-20,-0.10022204743978502,-0.0481663260497498,-0.20481092262795775,-0.07712469349600815,0.0,-0.03169102173707006,-0.03741368779396492,-0.40749454252743844,-0.23603486117108452,-0.7158058015711192,-0.13325631227583312,-0.43721356553620516
2024-05-21,-0.10022204743978502,-0.050948002948327464,-0.2062335337998613,-0.07899665152137114,-0.005012511467758718,-0.031604481716108745,-0.03741368779396492,-0.4095753450714771,-0.24139316931583366,-0.7240702562388819,-0.1330695110993585,-0.4402688664833484
2024-05-22,-0.10022204743978502,-0.06485616404923877,-0.20262678074781149,-0.09546985929351615,-0.018365566771595843,-0.03740583405257358,-0.03741368779396492,-0.406752679462984,-0.25840590115514117,-0.7064049671455266,-0.1298756646184951,-0.436296975252062
2024-05-23,-0.10022204743978502,-0.07063905631186784,-0.19913493564948892,-0.10782479368643727,-0.040634334324313404,-0.0333362069905182,-0.03741368779396492,-0.4054136725780697,-0.2645679785170979,-0.7255165308797369,-0.12491506459950708,-0.43293614421020443
2024-05-24,-0.10022204743978502,-0.07364027167591924,-0.19993963392532144,-0.1089479799271802,-0.04166149242460859,-0.03316299482642637,-0.03741368779396492,-0.4072411658911239,-0.2549230034161093,-0.7396694316652964,-0.12627419302053666,-0.4320195539260614
2024-05-28,-0.10022204743978502,-0.07839835324370181,-0.19358824581394374,-0.10932239438330293,-0.03233491693561008,-0.03801194450472534,-0.03741368779396492,-0.40355005000801447,-0.2668452990819694,-0.732438033831004,-0.12141549928082218,-0.4347693247784904
2024-05-29,-0.10022204743978502,-0.08579167826908751,-0.19483839227533384,-0.1171845838132527,-0.03845673909000591,-0.03757898015558059,-0.03741368779396492,-0.4062098643386841,-0.2681848633428814,-0.7424586826526646,-0.12318225281894679,-0.44362969752520587
2024-05-31,-0.10022204743978502,-0.0901837320824278,-0.19082922156541926,-0.12437289577533195,-0.045605819653105395,-0.03480818007987452,-0.03741368779396492,-0.3998588667195748,-0.2762224022116563,-0.7327479533440469,-0.11625108670328688,-0.45462878093492176
2024-06-03,-0.10022204743978502,-0.09076935415033827,-0.19230932097416065,-0.11793335559787299,-0.03586828061558056,-0.03887780714193001,-0.03741368779396492,-0.3964209926621213,-0.2916275956165483,-0.715289260839375,-0.10906499287627991,-0.45798961197677945
2024-06-04,-0.10022204743978502,-0.09303856985349845,-0.18065551664383694,-0.11830777005399562,-0.04453753510543512,-0.038271696689778256,-0.03741368779396492,-0.3913546732317664,-0.2985934421957127,-0.7328512516383885,-0.10828352238649164,-0.4592117323556366
2024-06-05,-0.10022204743978502,-0.09516140796367822,-0.17408856477430446,-0.11643581202863251,-0.032786806314694994,-0.036453365333322885,-0.03741368779396492,-0.3831399856372716,-0.30542535278922667,-0.7151859625450333,-0.10170902824828976,-0.4631836235869229
2024-06-06,-0.10022204743978502,-0.08418124550633066,-0.17283841831291447,-0.10108573336960536,-0.026130841886463974,-0.03792533842267931,-0.03741368779396492,-0.385003675612657,-0.2940388521670707,-0.7085743791068089,-0.09955157996856179,-0.44760158875649203
2024-06-07,-0.10022204743978502,-0.10072470591283922,-0.17910360832900973,-0.11456385400326952,-0.05287807894151342,-0.0443328012112959,-0.03741368779396492,-0.38885771017892024,-0.3036838783691602,-0.6985537302851483,-0.10690746358997061,-0.4515734799877783
2024-06-10,-0.10022204743978502,-0.10035867815839661,-0.18074171473911949,-0.12617001661157057,-0.05185092084121834,-0.047103601287002195,-0.03741368779396492,-0.38990714376518887,-0.29953114739857145,-0.6997934083373198,-0.10464106145839591,-0.4479071188512064
2024-06-11,-0.10022204743978502,-0.09391700295536398,-0.17226360446448474,-0.11755899826937555,-0.05193307342756037,-0.041302248950537135,-0.03741368779396492,-0.38319431433343376,-0.2963161727319421,-0.6767562138579117,-0.0906496857430672,-0.4506568897036354
2024-06-12,-0.10022204743978502,-0.10562916507360254,-0.17326947730927544,-0.12617001661157068,-0.04022347108419533,-0.05584896586326493,-0.03741368779396492,-0.38218101000416427,-0.30046885260142997,-0.6854338863330591,-0.08859406273603154,-0.44485181790406303
2024-06-13,-0.10022204743978502,-0.10848400284467341,-0.1615150856944727,-0.133657848713023,-0.054932395142103796,-0.053597670157665034,-0.03741368779396492,-0.3768433167143246,-0.2971198908480489,-0.6943181800269076,-0.08246129748565156,-0.4396578062939196
2024-06-14,-0.10022204743978502,-0.1084107861241862,-0.17200494165868885,-0.12841633196543134,-0.04211348211210175,-0.04770971173915417,-0.03741368779396492,-0.38250671255981117,-0.30046885260142997,-0.7023760381059869,-0.08915470928519975,-0.4500458295142068
2024-06-17,-0.10022204743978502,-0.11199767940414207,-0.17911792899825785,-0.11905654183861591,-0.04991988367434497,-0.05221230315035441,-0.03741368779396492,-0.38496747895032624,-0.30703284012254106,-0.7119834691202629,-0.0899021570108427,-0.457684081882065
2024-06-18,-0.10022204743978502,-0.10819119181071835,-0.1642597207538008,-0.1230999780287152,-0.04252434535221972,-0.046757309080988296,-0.03741368779396492,-0.3776575056981092,-0.2991292883405179,-0.699483488824277,-0.07855402604329065,-0.4500458295142068
2024-06-20,-0.10022204743978502,-0.10123711126026258,-0.16039430489595485,-0.12392364413008494,-0.03291008534841211,-0.04623773864979763,-0.03741368779396492,-0.37876126798054166,-0.291091800572844,-0.7168388584045894,-0.0788258031235477,-0.4625725633974943
2024-06-21,-0.10022204743978502,-0.09501503037069803,-0.16033681665911714,-0.11770872977524971,-0.04827643071387289,-0.04684384910194961,-0.03741368779396492,-0.3791593638608488,-0.2881446978775165,-0.7205578679310862,-0.0737292740611406,-0.46837763519706654
2024-06-24,-0.10022204743978502,-0.08520605620117705,-0.16644393115389566,-0.10932239438330316,-0.04268865052490378,-0.03853144887483151,-0.03741368779396492,-0.3858179320017723,-0.2857334413269941,-0.7096074359402793,-0.07819281769727982,-0.4702108157653525
2024-06-25,-0.10022204743978502,-0.08776808293829252,-0.16888673583983782,-0.1104455234964209,-0.0481941778191225,-0.044506013375388176,-0.03741368779396492,-0.38918341273456536,-0.28787677480511387,-0.7152892608393749,-0.08444895597097779,-0.479987778796211
2024-06-26,-0.10022204743978502,-0.08557208395561955,-0.16056670108651994,-0.11493826845939226,-0.05534325838222176,-0.04493891166344821,-0.03741368779396492,-0.38214481334183514,-0.2779638255306217,-0.7285124030858059,-0.07401814353005187,-0.4867094408799263
2024-06-27,-0.10022204743978502,-0.07327429976947075,-0.15352559117298525,-0.114189439547147,-0.044948398345552976,-0.046064592546790406,-0.03741368779396492,-0.3778746856720946,-0.25545879845981356,-0.7226239815980269,-0.061820496544420234,-0.4943476932477845
2024-06-28,-0.10022204743978502,-0.07605592082005408,-0.15349681279459193,-0.11943095629473877,-0.043633656038856716,-0.051865944883255466,-0.03741368779396492,-0.38076967719991794,-0.2518419647351311,-0.731301654073174,-0.06555789718579796,-0.5145126794989303
2024-07-01,-0.10022204743978502,-0.07005343424395716,-0.1569742687037181,-0.12055414253548158,-0.043674682177823554,-0.05619532413036399,-0.03741368779396492,-0.37078182498853096,-0.24715338761973704,-0.7440082802178788,-0.05003063668904617,-0.5132905591200729
2024-07-02,-0.10022204743978502,-0.06924821786257862,-0.1280768711598842,-0.1160613975725101,-0.04556469320572998,-0.0638150078232842,-0.03741368779396492,-0.36645736862263056,-0.24742131069213968,-0.7484504270648031,-0.039310954779209095,-0.508707607699358
2024-07-03,-0.10022204743978502,-0.06258694834607803,-0.12564838714319004,-0.1080494195090611,-0.030444905907703323,-0.05550260759616632,-0.03741368779396492,-0.3642317794292691,-0.24139316931583377,-0.7502066212187009,-0.035828400842597086,-0.5068744271310719
2024-07-05,-0.10022204743978502,-0.058634027311679326,-0.14819439657564615,-0.10512916955970475,-0.01865315097799658,-0.03887780714193023,-0.03741368779396492,-0.38484082433483424,-0.2527796699379896,-0.7604338912590626,-0.06795326179480032,-0.4974029941949276
2024-07-08,-0.10022204743978502,-0.0565112450494939,-0.14971759503202875,-0.1078247936864376,-0.03233491693560975,-0.04104249676548444,-0.03741368779396492,-0.3862521571390808,-0.2643001065457964,-0.7555785266047538,-0.07052019834299328,-0.5163458600672162
2024-07-09,-0.10022204743978502,-0.051679946761223894,-0.1538848412632603,-0.10819920814256045,-0.030321626873986207,-0.037146081867520664,-0.03741368779396492,-0.3844789925221884,-0.2624246450389782,-0.7578512368603779,-0.07067143763027794,-0.5108463183623583
2024-07-10,-0.10022204743978502,-0.051899541074691746,-0.1526490154711183,-0.09771623177500222,-0.025350241853602462,-0.031084911284918304,-0.03741368779396492,-0.39245843551419746,-0.26644344002391607,-0.7594008344255923,-0.07972619127468294,-0.5071799572257862
2024-07-11,-0.10022204743978502,-0.0434083003299609,-0.15813821706982567,-0.09165110605366589,-0.007765275114867576,-0.02718849638695464,-0.03741368779396492,-0.3938516362846133,-0.26054923463326096,-0.7657024983507738,-0.08013389739835919,-0.5029025358997856
2024-07-12,-0.10022204743978502,-0.038137813414755195,-0.15106832877789766,-0.08161738133135477,-0.008176138354985651,-0.02666892595576409,-0.03741368779396492,-0.37948499901116384,-0.2558607086189679,-0.7594008344255923,-0.07617559180977995,-0.5111518484570725
2024-07-15,-0.10022204743978502,-0.03447775926230612,-0.15231854375923626,-0.08498694005358332,-0.004519495641298277,-0.03021904864771363,-0.03741368779396492,-0.38055256463126497,-0.2446081950835638,-0.7770661235189475,-0.07875783860183838,-0.522761992056217
2024-07-16,-0.10022204743978502,-0.037771785660312585,-0.14790702391140542,-0.07884692001549753,0.0,-0.02892022166136421,-0.03741368779396492,-0.37675285876116404,-0.24447420799681185,-0.7739669530185365,-0.07468061535191273,-0.5163458600672162
2024-07-17,-0.10022204743978502,-0.03484367532076027,-0.15023492064362054,-0.07263200566066219,-0.0030863603870319167,-0.028054359024159314,-0.03741368779396492,-0.3802630587379495,-0.24434027201116104,-0.7897727250336345,-0.07850299189707277,-0.5135960892147872
2024-07-18,-0.10022204743978502,-0.048312759490724555,-0.1387535125038618,-0.08423811114133817,-0.004304684022094052,-0.032037380004169,-0.03741368779396492,-0.3628747753211845,-0.25612863169137023,-0.7804752135324015,-0.06773243785418015,-0.5218454017720741
2024-07-19,-0.10022204743978502,-0.04728794879587839,-0.12553347918946267,-0.0829651933947213,-0.02716857740291223,-0.03498139224396657,-0.03741368779396492,-0.36209671559439904,-0.2553248624741624,-0.7801652940193586,-0.05830391984366279,-0.522761992056217
2024-07-22,-0.10022204743978502,-0.047214676227396835,-0.13641129510239847,-0.0777985709638791,-0.028589954977151333,-0.0319507739221232,-0.03741368779396492,-0.3658059635113391,-0.2521098367064323,-0.7674586925046716,-0.06209705301297397,-0.5108463183623583
2024-07-23,-0.10022204743978502,-0.05717002798989801,-0.12929830776282947,-0.08229131592685046,-0.023472956050918037,-0.038444842792785816,-0.03741368779396492,-0.3581703551088058,-0.27113196603820877,-0.7740702513128782,-0.0536321082870046,-0.5080965475099293
2024-07-24,-0.10022204743978502,-0.05717002798989801,-0.129384505858112,-0.08640958930607412,-0.019939837338724287,-0.03922416540902929,-0.03741368779396492,-0.3510051011005816,-0.27474885086399237,-0.7813016491471706,-0.05115184878080126,-0.5065688970363577
2024-07-25,-0.10022204743978502,-0.06119610989678992,-0.11952695197916341,-0.09367279558490282,-0.0448749205581207,-0.04009002804623396,-0.03741368779396492,-0.33493762512957004,-0.2712659020238595,-0.7891529106375665,-0.03954879010190204,-0.5038191261839287
2024-07-26,-0.10022204743978502,-0.049630325371532114,-0.12036036011344065,-0.08685889807894642,-0.033463249517400095,-0.035847254881171464,-0.03741368779396492,-0.33519093436055636,-0.27769595355931986,-0.7927685972397038,-0.041332636028680536,-0.5178735105407879
2024-07-29,-0.10022204743978502,-0.05263159658357763,-0.12299001869909298,-0.08640958930607412,-0.034559720959469686,-0.03021904864771363,-0.03741368779396492,-0.3394430648071247,-0.27689218434211205,-0.8029958795950745,-0.04477428164173669,-0.5157347998777876
2024-07-30,-0.10022204743978502,-0.05921964937959068,-0.12567716552158315,-0.08888058761018358,-0.023310552558549302,-0.0309117651819113,-0.03741368779396492,-0.34054675968422676,-0.27769595355931986,-0.7803719152380597,-0.046191248761813575,-0.5249007027192174
2024-07-31,-0.10022204743978502,-0.048093165177256925,-0.1278325975432849,-0.09322354393965604,-0.014579233173937611,-0.03030565472975988,-0.03741368779396492,-0.3344129420391009,-0.27032819682100084,-0.7896694267392929,-0.046768825686473114,-0.5322334249923615
2024-08-01,-0.10022204743978502,-0.049996353125974724,-0.12117944757846988,-0.09374768990165261,-0.011127316207928284,-0.02389812588005824,-0.03741368779396492,-0.31744075172581354,-0.2790355178202317,-0.796694215669893,-0.039039177698952154,-0.5331500152765044
2024-08-02,-0.10022204743978502,-0.061269270769283235,-0.11130743599037618,-0.09584427374963922,-0.014904139306107012,-0.013334496008424734,-0.03741368779396492,-0.3032912944263494,-0.2920295057757024,-0.7967975262792435,-0.023070188314378348,-0.5276504735716465
2024-08-05,-0.10022204743978502,-0.06529535267617514,-0.10900831763655427,-0.08873085610430964,-0.02465072838660376,-0.004242773165063274,-0.03741368779396492,-0.2894312756148688,-0.30274617316630126,-0.7993801683629194,-0.02713040018223145,-0.5224564619615029
2024-08-06,-0.10022204743978502,-0.05782881093030179,-0.09660730326723599,-0.07375519190140511,-0.02976762816540579,-0.010823448117771917,-0.03741368779396492,-0.29002841943533064,-0.30354989128240795,-0.7923553794323193,-0.028115683230567456,-0.5249007027192176
2024-08-07,-0.10022204743978502,-0.046482732414500294,-0.11168107526984794,-0.06851367515381357,-0.029199116794682567,-0.013074677762287212,-0.03741368779396492,-0.2918197160860536,-0.30408573742721323,-0.7818181898789147,-0.039226059882008224,-0.5316223648029328
2024-08-08,-0.10022204743978502,-0.03850372947320968,-0.12046094739792002,-0.06102584305236136,-0.016325516880346003,-0.012035669022075313,-0.03741368779396492,-0.303942632132311,-0.2955124035147342,-0.7802685923137003,-0.042572765781782373,-0.5365108463183621
2024-08-09,-0.10022204743978502,-0.025254351312701928,-0.1262375901808166,-0.03968553298874744,-0.012304989396182298,-0.004242773165063274,-0.03741368779396492,-0.3204082039836297,-0.2912257365584946,-0.7786157210841619,-0.05781123781620445,-0.5395661472655053
2024-08-12,-0.10022204743978502,-0.02144797541526655,-0.13302003728855538,-0.027330655723451502,0.0,-0.0007792565551595354,-0.03741368779396492,-0.3224890065276683,-0.28948426213842826,-0.7738636547241948,-0.06457261413746229,-0.5316223648029328
2024-08-13,-0.10022204743978502,-0.010687407271387062,-0.1369286207139908,-0.008236661013698132,0.0,0.0,-0.03741368779396492,-0.324967837546684,-0.2845278130517326,-0.7780991803524179,-0.06701893188610142,-0.5383440268866481
2024-08-14,-0.10022204743978502,-0.004026081906892243,-0.13960137834728448,0.0,-0.011067438021861942,0.0,-0.03741368779396492,-0.32808000904849266,-0.2940388521670704,-0.7707644595937662,-0.07316870851855417,-0.5343721356553619
2024-08-15,-0.10022204743978502,0.0,-0.13524734673629135,0.0,-0.005513379731962753,-0.007466487660933718,-0.03741368779396492,-0.3284781049287998,-0.2884126209499188,-0.7730371944794079,-0.07092620332846244,-0.5417048579285058
2024-08-16,-0.10022204743978502,-0.0024840823410529067,-0.13826496527066334,-0.0014792674020455143,0.0,-0.006608278967129788,-0.03741368779396492,-0.3348291025479091,-0.2918955186889506,-0.7806818347511026,-0.06820810849956616,-0.5472043996333636
2024-08-19,-0.10022204743978502,0.0,-0.13712979528294889,0.0,0.0,-0.008667992927684498,-0.03741368779396492,-0.332549252063716,-0.2736771585743818,-0.7691115883642277,-0.0705184972047862,-0.5380384967919337
2024-08-20,-0.10022204743978502,0.0,-0.13832245350750105,0.0,0.0,-0.016306161613654835,-0.03741368779396492,-0.33285682258553195,-0.27019426083535003,-0.7729338961850661,-0.08167982699586362,-0.5417048579285056
2024-08-21,-0.10022204743978502,0.0,-0.12365103064280525,-0.00021675419523004003,-0.0011548387002693339,-0.0175935073929242,-0.03741368779396492,-0.3165903660796979,-0.2531815289960425,-0.7751033081463485,-0.06936334335546668,-0.541093797739077
2024-08-22,-0.10022204743978502,-0.011054434808134173,-0.12219970961245707,-0.01517334492295741,-0.012901742465817434,-0.02102640764526642,-0.03741368779396492,-0.31624659889555085,-0.26014737557520706,-0.787913232585395,-0.06861581462324251,-0.5459822792545062
2024-08-23,-0.10022204743978502,-0.008398522643381923,-0.10828981745600408,-0.007586617335793244,-0.0011548387002693339,-0.013474079471814226,-0.03741368779396492,-0.30777860207007346,-0.2618888499952735,-0.7911157013801478,-0.05020050749002958,-0.5505652306752211
2024-08-26,-0.10022204743978502,0.0,-0.11056022595138137,-0.006864140102149974,0.0,-0.015533793432369158,-0.03741368779396492,-0.309823207951781,-0.25626256767702094,-0.7979338937220644,-0.06812313259578384,-0.5575924228536507
2024-08-27,-0.10022204743978502,-0.002003569082625112,-0.11978554626501081,-0.010838150766985688,-0.0006752000654739465,-0.019996517926425872,-0.03741368779396492,-0.31206686177364285,-0.2530475930103918,-0.8033057867931084,-0.066373390439732,-0.5511762908646498
2024-08-28,-0.10022204743978502,0.0,-0.11627938049743991,-0.0011559856241031286,-0.006633018825019987,-0.021627160278641755,-0.03741368779396492,-0.3077242733739115,-0.263496337328588,-0.8006198464150908,-0.0643007560506238,-0.5536205316223645
2024-08-29,-0.10022204743978502,-0.01027618919024853,-0.11329047182151242,-0.007369863140563204,0.0,-0.02463092344551887,-0.03741368779396492,-0.3030379851953634,-0.26028131156085776,-0.7792355354802298,-0.05507613160523528,-0.5456767491597919
2024-08-30,-0.10022204743978502,-0.010204866086789832,-0.1058613334393097,-0.009898809086741456,-0.012630123514453473,-0.02772052712491424,-0.03741368779396492,-0.29732026065371664,-0.264166119459044,-0.7802685923137003,-0.04394882457830307,-0.5380384967919336
2024-09-03,-0.10022204743978502,-0.02183684758416138,-0.10715464746828951,-0.008236990172854175,-0.014174307922647067,-0.034328871569170194,-0.03741368779396492,-0.30848426847219657,-0.27997322302309025,-0.772417355453322,-0.0460893424825396,-0.5276504735716464
2024-09-04,-0.10022204743978502,-0.00749306369207603,-0.10512851258951161,0.0,-0.012788553451544504,-0.030209378170934165,-0.03741368779396492,-0.29666885554242495,-0.2651038246619025,-0.7784090998654607,-0.04058510729645615,-0.5227619920562172
2024-09-05,-0.10022204743978502,-0.00542360478942816,-0.10744202013253012,-0.0012260957549858897,-0.00566181617158823,-0.02909371341670175,-0.03741368779396492,-0.28939507895253935,-0.2665773760095663,-0.7671487729916286,-0.041519437205155274,-0.5233730522456459
2024-09-06,-0.10022204743978502,-0.01976738868151351,-0.10353350522704297,-0.01161197750613363,-0.012748921801631563,-0.023343577666249726,-0.03741368779396492,-0.2974831119315401,-0.2699263377629473,-0.7649793364003284,-0.054175743454100145,-0.5310113046135041
2024-09-09,-0.10022204743978502,-0.019125154079681628,-0.11452629761365452,-0.004688019654509601,-0.00946268472336187,-0.023343577666249726,-0.03741368779396492,-0.2884180386909312,-0.2708640429658059,-0.775826445466776,-0.04923215481718479,-0.5304002444240754
2024-09-10,-0.10022204743978502,-0.02162276938355079,-0.11531660670029042,-0.005625667606442342,-0.00530542131005407,-0.02806382369786098,-0.03741368779396492,-0.29395477992092356,-0.270060273748598,-0.7694214832472528,-0.05132171958178444,-0.5362053162236478
2024-09-11,-0.10022204743978502,-0.018696997678460336,-0.10472616345159524,-0.016227912723024374,-0.005384587947319219,-0.0254891321393228,-0.03741368779396492,-0.28076429825456706,-0.2643001065457956,-0.7654958771320726,-0.03796891874683361,-0.5349831958447904
2024-09-12,-0.10022204743978502,-0.024834160173179187,-0.10626368257722596,-0.026325236618542247,0.0,-0.028750416843754678,-0.03741368779396492,-0.27942529136965255,-0.2634963373285878,-0.7565082605138647,-0.03720445963911789,-0.5279560036663609
2024-09-13,-0.10022204743978502,-0.01748385157825505,-0.10693908371013483,-0.018968552036049857,0.0,-0.032269092131488986,-0.03741368779396492,-0.2823203503028062,-0.25358338805409575,-0.7618801658999175,-0.04428856618026977,-0.5224564619615029
2024-09-16,-0.10022204743978502,-0.01555703888252491,-0.10682410723645919,-0.015506628136526146,-0.00034871826883653423,-0.03218331709609712,-0.03741368779396492,-0.27917198213866656,-0.26028131156085776,-0.7548553892843262,-0.046553105160474506,-0.4980140543843564
2024-09-17,-0.10022204743978502,-0.01798333108293526,-0.11925389998417069,-0.020483205646665947,-0.0065858287213520494,-0.031067586864738206,-0.03741368779396492,-0.2928691496723239,-0.26068322172001235,-0.7599173751573363,-0.0649803202611382,-0.4958753437213561
2024-09-18,-0.10022204743978502,-0.025333639677859177,-0.12291814127305822,-0.02646951554635746,-0.004106495740803906,-0.027291455516575303,-0.03741368779396492,-0.3024770380372326,-0.26751508121242495,-0.7640496024912176,-0.06875174366666137,-0.4955698136266419
2024-09-19,-0.10022204743978502,-0.03161355726972992,-0.12925520871518803,-0.03389828456646915,0.0,-0.03879159606322691,-0.03741368779396492,-0.30517304903023346,-0.2649698886762518,-0.7574380190529932,-0.07226832036741893,-0.5041246562786431
2024-09-20,-0.10022204743978502,-0.04602877315550846,-0.13103700145741792,-0.05329967338596375,0.0,-0.049519368428592614,-0.03741368779396492,-0.31326108200923586,-0.2823844795736128,-0.7485537253591448,-0.0785709564187822,-0.5090131377940723
2024-09-23,-0.10022204743978502,-0.04852638845937762,-0.13333618833118854,-0.06714747903663532,0.0,-0.047631270015948135,-0.03741368779396492,-0.3208062324586063,-0.286939069602255,-0.7300620006510203,-0.06333248438436023,-0.49465322334249884
2024-09-24,-0.10022204743978502,-0.037037053168923695,-0.11658114235087702,-0.06837357479162132,0.0,-0.03964980475703084,-0.03741368779396492,-0.30215133548158746,-0.2574681959522823,-0.7364669382405258,-0.05951010783920019,-0.49679193400549926
2024-09-25,-0.10022204743978502,-0.040890678560384086,-0.12359354240596698,-0.06873421708487049,0.0,-0.03879159606322691,-0.03741368779396492,-0.31054693898240426,-0.26001338848845545,-0.7275826445466773,-0.07418801433103517,-0.49251451267949864
2024-09-26,-0.10022204743978502,-0.03218446876810299,-0.12748773664220603,-0.058564698699156814,0.0,-0.0392207331486919,-0.03741368779396492,-0.3153418845532744,-0.22813130938906134,-0.7329545499327301,-0.07009377969903674,-0.4949587534372133
2024-09-27,-0.10022204743978502,-0.03403984947014016,-0.12599324804426804,-0.056184591626804004,-0.009588319582000904,-0.046429764749197244,-0.03741368779396492,-0.3212405250012448,-0.2329538224901061,-0.7002066261447044,-0.07639649675698146,-0.48915368163764095
2024-09-30,-0.10022204743978502,-0.04017701196485901,-0.12845051043935551,-0.06548854649820435,-0.01265957748372104,-0.04179535923010402,-0.03741368779396492,-0.3118678138334897,-0.23241797634530093,-0.6980371895534041,-0.07699108506371377,-0.48090436908035405
2024-10-01,-0.10022204743978502,-0.035110240473193555,-0.1289390576725542,-0.06959967054660732,-0.0009737644146669,-0.042567792888515976,-0.03741368779396492,-0.313242949975405,-0.22947087364997343,-0.7008264651707901,-0.07439182688958268,-0.4757103574702104
2024-10-02,-0.10022204743978502,-0.028473598473794715,-0.13158310544740315,-0.060223521185011286,-0.008539572838474396,-0.0397356452695492,-0.03741368779396492,-0.3162827281525511,-0.22277295014321152,-0.7018595220042604,-0.07855402604329065,-0.4714329361442099
2024-10-03,-0.10022204743978502,-0.04167566825936808,-0.13616702148579907,-0.07313378893632683,-0.004794114070068245,-0.04308270500937339,-0.03741368779396492,-0.32813433774465384,-0.23616879715673544,-0.6931818248990954,-0.07578489706817615,-0.47662694775435355
2024-10-04,-0.10022204743978502,-0.040319767062011125,-0.14059286200287802,-0.07133068752265748,-0.009026500766739942,-0.043168545521891755,-0.03741368779396492,-0.3253659334269924,-0.23402546367861565,-0.7051652890933549,-0.06966914319986894,-0.48090436908035417
2024-10-07,-0.10022204743978502,-0.038821110767502165,-0.13554910858972802,-0.0699603128398566,-0.009401046643580546,-0.04308270500937339,-0.03741368779396492,-0.33738032689158637,-0.2286671044327656,-0.7163223176728453,-0.07340654384124667,-0.47937671860678244
2024-10-08,-0.10022204743978502,-0.042460657958351855,-0.13579338220632742,-0.06779656913293819,-0.020562532061803696,-0.03484378369002761,-0.03741368779396492,-0.3287676108221145,-0.24367048988070505,-0.7176652940193584,-0.06662815613791606,-0.48579285059578337
2024-10-09,-0.10022204743978502,-0.05430671765633388,-0.12787569659092568,-0.08041827902862364,-0.02393344495336902,-0.044026754215695685,-0.03741368779396492,-0.3242803031783906,-0.2499665032283126,-0.7252066113666937,-0.059747943161893025,-0.485487320501069
2024-10-10,-0.10022204743978502,-0.05052452425856646,-0.1223721058030216,-0.08150015088208296,-0.018465038574750237,-0.04188119974262261,-0.03741368779396492,-0.3216747501385526,-0.25318152899604285,-0.723657038431497,-0.049317130720967106,-0.48854262144821226
2024-10-11,-0.10022204743978502,-0.05409263945572329,-0.12304750693593047,-0.08510635370942166,-0.004606841131647665,-0.04265356792390851,-0.03741368779396492,-0.32011869809031346,-0.2558607086189678,-0.7280991852784213,-0.051763448469606343,-0.49190345249006984
2024-10-14,-0.10022204743978502,-0.04545786165713528,-0.12625191085006404,-0.07522533815304966,-0.008277409013058512,-0.042825248948945016,-0.03741368779396492,-0.3200282401371525,-0.2549230034161093,-0.7423553843583226,-0.04685380159025532,-0.5010693553314998
2024-10-15,-0.10022204743978502,-0.046456929556729754,-0.12600763723346464,-0.07060940293615914,-0.0031836399531450787,-0.045056643934536456,-0.03741368779396492,-0.32429836780689114,-0.2616209269228712,-0.741942166550938,-0.049554966043660165,-0.509624197983501
2024-10-16,-0.10022204743978502,-0.041247402967912405,-0.11524472927425589,-0.06635411001251779,0.0,-0.0496909839765034,-0.03741368779396492,-0.3147447407328122,-0.2581379780827384,-0.7554752036803942,-0.039820648188740204,-0.5053467766575004
2024-10-17,-0.10022204743978502,-0.047170487262020555,-0.11686851501511752,-0.07068148737377833,0.0,-0.05243729108295214,-0.03741368779396492,-0.31463621815115095,-0.2617548629085219,-0.7575413419773527,-0.037102472353262805,-0.5029025358997857
2024-10-18,-0.10022204743978502,-0.049097299957750806,-0.1200873081184477,-0.07125849303246168,0.0,-0.05432538949559684,-0.03741368779396492,-0.3190873291325437,-0.25920967037234877,-0.7667355551842441,-0.03985458994630453,-0.5053467766575004
2024-10-21,-0.10022204743978502,-0.04966821145612399,-0.12251579213514197,-0.06902266488792386,0.0,-0.049261912368164684,-0.03741368779396492,-0.318128353499436,-0.25559278554656517,-0.7611570285794901,-0.04255575439970938,-0.49954170485792815
2024-10-22,-0.10022204743978502,-0.053022248452669896,-0.1159632294548062,-0.0781824508840856,0.0,-0.056642624993706314,-0.03741368779396492,-0.3173322291441518,-0.25894174729994623,-0.7612603268738318,-0.033687882938360225,-0.4909868622059269
2024-10-23,-0.10022204743978502,-0.05780350975003168,-0.1169691022995969,-0.0794806861029792,-0.010859284803718228,-0.06059043736690595,-0.03741368779396492,-0.3186349719614049,-0.2630944782705349,-0.7580578580790791,-0.033483989373231604,-0.4879315612587837
2024-10-24,-0.10022204743978502,-0.05180910235246461,-0.11679670610903192,-0.0709700452294082,-0.003388983672328094,-0.05269481262050735,-0.03741368779396492,-0.32612586111994546,-0.26363027331423905,-0.7394628104465952,-0.0339596600186175,-0.48487626031164033
2024-10-25,-0.10022204743978502,-0.05423539455287474,-0.11921080093652969,-0.0746483324943662,-0.001202554072896711,-0.05801574580836777,-0.03741368779396492,-0.324768857011861,-0.24755529777889118,-0.735537204331415,-0.037782036563777543,-0.49251451267949853
2024-10-28,-0.10022204743978502,-0.04453011686099939,-0.11740022981590637,-0.0672195634742545,-0.0004737442064195463,-0.05672840002909885,-0.03741368779396492,-0.3244431544562143,-0.2403215281273241,-0.761466948092533,-0.03407639050226874,-0.4980140543843564
2024-10-29,-0.10022204743978502,-0.04866914355652907,-0.11349164639047082,-0.07500897478761537,0.0,-0.06496738682557068,-0.03741368779396492,-0.32598114187595284,-0.24005360505492146,-0.7576446402716945,-0.029933470914909832,-0.4943476932477844
2024-10-30,-0.10022204743978502,-0.04959688835266485,-0.1050710243526739,-0.07486469585980049,0.0,-0.06230685475451403,-0.03741368779396492,-0.3201367627188141,-0.2388479767796602,-0.7060950476324837,-0.021473224570655813,-0.4970974641002134
2024-10-31,-0.10022204743978502,-0.055662618853690504,-0.101579179254351,-0.08741432131786686,-0.018002492799668257,-0.06041875634186955,-0.03741368779396492,-0.3198291921969981,-0.24246486160544367,-0.7203512467123849,-0.021082529829052232,-0.4980140543843564
2024-11-01,-0.10022204743978502,-0.06601013114739795,-0.09534276761664884,-0.09989175228573755,-0.017894890566164445,-0.06041875634186955,-0.03741368779396492,-0.3101669751359276,-0.2463496695036299,-0.7248966918536509,-0.016478682794103694,-0.49343110296364145
2024-11-04,-0.10022204743978502,-0.04831231025876659,-0.11224149992908061,-0.08351961566118649,-0.01879142992424221,-0.053982092922650105,-0.03741368779396492,-0.3283333182794763,-0.23255191233095163,-0.712706631070708,-0.03548420387865869,-0.4909868622059268
2024-11-05,-0.10022204743978502,-0.04781283075408638,-0.09532837842745223,-0.07666779727346984,-0.017285261313205846,-0.05183653844957703,-0.03741368779396492,-0.31145165332468183,-0.232953822490106,-0.7241735545332235,-0.01627487023555607,-0.48854262144821203
2024-11-06,-0.10022204743978502,-0.05052452425856613,-0.09908005117069651,-0.0855390804402899,-0.04335660833557442,-0.049948505514058716,-0.03741368779396492,-0.31420192560851257,-0.22304087321561383,-0.7162190193785036,-0.024904906374212166,-0.47907118851206787
2024-11-07,-0.10022204743978502,-0.05644760855267428,-0.12540020788952289,-0.08957800999849697,-0.03231131348619298,-0.04677306132214509,-0.03741368779396492,-0.3344852679584329,-0.21366377008592685,-0.7217975213532399,-0.03594731850394328,-0.47754353803849614
2024-11-08,-0.10022204743978502,-0.07000640274577585,-0.11788377509286063,-0.10566169881999454,-0.03622019006634358,-0.04651560526171661,-0.03741368779396492,-0.3277362418643466,-0.2420629514462892,-0.724276877457583,-0.03319520091090156,-0.4732661167124955
2024-11-11,-0.10022204743978502,-0.06857917844496009,-0.12149559862110348,-0.10299308891830006,-0.06358258878541301,-0.04085131002378284,-0.03741368779396492,-0.31999204347482146,-0.2471533876197365,-0.6983471090664473,-0.025482483298871927,-0.4744882370913528
2024-11-12,-0.10022204743978502,-0.07072006934130093,-0.11896536248080469,-0.1049404692597844,-0.06759906759906731,-0.048060407101414127,-0.03741368779396492,-0.3216204888477211,-0.25947759344475096,-0.6996900854129604,-0.022254695060444307,-0.47632141765963887
2024-11-13,-0.10022204743978502,-0.06972100144170645,-0.12380033561070702,-0.1060223411132436,-0.0744844723585707,-0.056470943968670584,-0.03741368779396492,-0.3274286713425305,-0.25586070861896737,-0.6918388485525824,-0.023477894438054592,-0.4787656584173534
2024-11-14,-0.10022204743978502,-0.06979232454516515,-0.1195052311554714,-0.11179223262121274,-0.07900306574435156,-0.05389631788725857,-0.03741368779396492,-0.32420790985373016,-0.25291360592363976,-0.7122933886333057,-0.013675612061425091,-0.48793156125878334
2024-11-18,-0.10022204743978502,-0.06957824634455434,-0.12270264603485226,-0.1110710030610026,-0.06379770569974874,-0.05544111972695598,-0.03741368779396492,-0.32057105526145246,-0.2503684133874666,-0.6928719053860527,-0.015595306025041666,-0.47540482737549583
2024-11-19,-0.10022204743978502,-0.06536789654556574,-0.1259321967701056,-0.10616656501477029,-0.0578805459364351,-0.053381340289275214,-0.03741368779396492,-0.327537193924192,-0.24849300298174948,-0.6902892756173857,-0.0237836942824573,-0.4778490681332105
2024-11-21,-0.10022204743978502,-0.07635775233133935,-0.12646356897115119,-0.1192210016413241,-0.041742837491034246,-0.043340161069803096,-0.03741368779396492,-0.32770004520201546,-0.24728737470648832,-0.6550619957250168,-0.01965551789289477,-0.47846012832263907
2024-11-22,-0.10022204743978502,-0.058445744351862894,-0.12593219677010548,-0.11662453120353733,-0.02818723243903487,-0.03106758686473965,-0.03741368779396492,-0.3176397996659678,-0.240723387185377,-0.6767562138579117,-0.012282622889412953,-0.4799877787962107
2024-11-25,-0.10022204743978502,-0.059302057154305365,-0.13340799723727448,-0.1122970988159887,-0.06157430560224986,-0.044713347361590494,-0.03741368779396492,-0.32201851732269804,-0.23844611772160662,-0.6519628252246059,-0.01479682415318051,-0.4809043690803537
2024-11-26,-0.10022204743978502,-0.052594092051447605,-0.13069118127705992,-0.09974752838421053,-0.06031915050094094,-0.04728797344300251,-0.03741368779396492,-0.32057105526145235,-0.24527797721401923,-0.6455578630050827,-0.015153577137219765,-0.48670944087992596
2024-11-27,-0.10022204743978502,-0.07072006934130037,-0.12486753380945448,-0.1269382734907778,-0.05329033446521381,-0.058187426833405054,-0.03741368779396492,-0.31304390203525023,-0.23737442543199605,-0.6690082752918753,-0.013047081997128784,-0.4919034524900696
2024-11-29,-0.10022204743978502,-0.08584884293236972,-0.08821854300551668,-0.16170206654527164,-0.047157970234892765,-0.06419495316715929,-0.03741368779396492,-0.279714797262966,-0.23014065578042886,-0.6525826642506916,0.0,-0.4830430797433539
2024-12-02,-0.10022204743978502,-0.08834656712647304,-0.09233946975152485,-0.1656689116658595,-0.055083413181369334,-0.06076205291481718,-0.03741368779396492,-0.2784482511080423,-0.22103147572314463,-0.6680785167527467,-0.006767648303663609,-0.48120989917506796
2024-12-03,-0.10022204743978502,-0.08071074833724534,-0.08706007623529366,-0.15665340459751276,-0.05156896138716993,-0.06470986528801648,-0.03741368779396492,-0.26751948789204805,-0.2184862831869714,-0.6857438058461021,0.0,-0.4827375496486396
2024-12-04,-0.10022204743978502,-0.082280727735213,-0.08821854300551668,-0.1452577904568132,-0.04830552310269798,-0.07020254497804002,-0.03741368779396492,-0.2690755399402872,-0.21728065491171022,-0.6856405075517602,-0.002261921913269016,-0.4842652001222112
2024-12-05,-0.10022204743978502,-0.06900733484618082,-0.08879678285137416,-0.13580955665759797,-0.05805985380805034,-0.06342258498587383,-0.03741368779396492,-0.2745218232171187,-0.21245814181066558,-0.6819214980252635,-0.002971887170790888,-0.4787656584173533
2024-12-06,-0.10022204743978502,-0.08335122762850056,-0.0864797122710308,-0.14554629328615476,-0.05375646488927677,-0.07312046763239888,-0.03741368779396492,-0.27593315602136514,-0.22076360375184312,-0.6822314175383062,-0.007677276781742903,-0.47357164680720976
2024-12-09,-0.10022204743978502,-0.0738600281372358,-0.0894224385016319,-0.1473493946998241,-0.044324940884435504,-0.07037416052595025,-0.03741368779396492,-0.2653662920233488,-0.20066983323155718,-0.6712810101775171,0.0,-0.4695997555759235
2024-12-10,-0.10022204743978502,-0.06615288624454929,-0.07945710274360585,-0.13602592002303204,-0.032598136038640146,-0.06428079367967754,-0.03741368779396492,-0.2738523534773265,-0.20428666695623976,-0.6732438009200983,-0.0019217438221579286,-0.4616559731133508
2024-12-11,-0.10022204743978502,-0.05594812904799373,-0.08589859458733384,-0.11842763261720679,-0.019616263644207432,-0.05295226868093639,-0.03741368779396492,-0.27944342340348083,-0.20254524363727422,-0.6510330666854771,-0.0070627629455335406,-0.4647112740604942
2024-12-12,-0.10022204743978502,-0.08228072773521311,-0.10189533029698461,-0.13847816655929213,-0.03622019006634314,-0.054067933435169024,-0.03741368779396492,-0.2925796437790076,-0.22062961666509118,-0.6430785315307572,-0.022272241010813598,-0.4723495264283525
2024-12-13,-0.10022204743978502,-0.09241421627342705,-0.09851469307516703,-0.14886399328415167,-0.04751658597812369,-0.06616889209232213,-0.03741368779396492,-0.28892465715289917,-0.2361687971567349,-0.6611570384314971,-0.015143845700974379,-0.4744882370913527
2024-12-16,-0.10022204743978502,-0.09990727996550308,-0.0996105326124106,-0.1608366130835347,-0.04916625341805558,-0.08256089421849555,-0.03741368779396492,-0.28892465715289917,-0.23456130982342027,-0.6679752184584049,-0.007785423835090288,-0.4561564314084928
2024-12-17,-0.10022204743978502,-0.0913437708252568,-0.07172647658775999,-0.15369634689276468,-0.05167656362067363,-0.09071404050244913,-0.03741368779396492,-0.27824920316788937,-0.2253181426793841,-0.6582644645197695,0.0,-0.4579896119767789
2024-12-18,-0.10022204743978502,-0.1193891584527128,-0.08063496065927023,-0.1803100863406485,-0.05450959297113078,-0.10058353869688486,-0.03741368779396492,-0.2805290536520826,-0.25050234937311733,-0.6514462844928617,-0.007173850212948807,-0.4656278643446371
2024-12-19,-0.10022204743978502,-0.11560696505494539,-0.06569075987937611,-0.17554992722223128,-0.07039628790680419,-0.08685200316464181,-0.03741368779396492,-0.2639730912529312,-0.25947759344475074,-0.6297520663599667,0.0,-0.4613504430186365
2024-12-20,-0.10022204743978502,-0.10989795896144783,-0.08473402954168929,-0.16285607786263823,-0.057306813278867996,-0.08024372419751191,-0.03741368779396492,-0.2940090412117544,-0.2605492346332602,-0.6128099392170567,-0.021832119561636443,-0.4546287809349212
2024-12-23,-0.10022204743978502,-0.11981736929905107,-0.08610305811382268,-0.17454019483267946,-0.06318807644678981,-0.09097149656287762,-0.03741368779396492,-0.29630702372977646,-0.2614869398361188,-0.6223140719369908,-0.03254941189021365,-0.45279560036663524
2024-12-26,-0.10022204743978502,-0.11789055660332093,-0.07827616143025684,-0.16768837644496304,-0.05368475925116489,-0.09140056817121656,-0.03741368779396492,-0.22510717784532408,-0.26028131156085754,-0.6162190292305105,-0.01687100830182986,-0.4454628780934914
2024-12-27,-0.10022204743978502,-0.12295727364986941,-0.07887509430057793,-0.17129457927230174,-0.061430894326025776,-0.09217300182962862,-0.03741368779396492,-0.2914758814965771,-0.2696584146905444,-0.6369834888242768,-0.022325038580144452,-0.44515734799877704
2024-12-30,-0.10022204743978502,-0.12288589610129341,-0.07620233666728427,-0.1730976806859711,-0.06541147654428836,-0.10032608263645615,-0.03741368779396492,-0.2897750427990151,-0.2695244787048936,-0.5933884313397858,-0.015137792512862513,-0.44729605866177724
2025-01-02,-0.10022204743978502,-0.12367088580027741,-0.06386484029027661,-0.1763432962463488,-0.04647663534382207,-0.09629242975073837,-0.03741368779396492,-0.2766931511196502,-0.2754186329944479,-0.6219008294995885,0.0,-0.43843568591506166
2025-01-03,-0.10022204743978502,-0.13651612228808807,-0.09339597883829776,-0.18795527375248267,-0.05146135915366612,-0.09706486340915033,-0.03741368779396492,-0.29343002942512364,-0.2877428388194624,-0.6535123981598023,-0.02365081957708637,-0.4491292392300632
2025-01-06,-0.10022204743978502,-0.12388501844600508,-0.09324475531183651,-0.16790473981039722,-0.05382825808006031,-0.09157224919625306,-0.03741368779396492,-0.28868941255041536,-0.2782317486030237,-0.6206611760774348,-0.018936565370815006,-0.44057439657806197
2025-01-07,-0.10022204743978502,-0.11632057720535349,-0.08821854300551679,-0.16162998210765245,-0.047265572468396355,-0.09629242975073826,-0.03741368779396492,-0.29844208756464696,-0.28921633906602506,-0.6436983705568429,-0.029285747913004867,-0.4402688664833475
2025-01-08,-0.10022204743978502,-0.1282380688970286,-0.09396757224914565,-0.1693472539571056,-0.04446835216065925,-0.09388941921723648,-0.03741368779396492,-0.30231418675941035,-0.29939721141291986,-0.622830588038717,-0.031603176431711066,-0.4451573479987768
2025-01-09,-0.10022204743978502,-0.12723900099743435,-0.09567817276482682,-0.16920297502929094,-0.03754705080576415,-0.09526260550902366,-0.03741368779396492,-0.30175330700660996,-0.30663098106448705,-0.6176653038713654,-0.03082540206832285,-0.44271310724106216
2025-01-10,-0.10022204743978502,-0.1331620852915424,-0.10802759161288322,-0.17958885678043868,-0.028689259458489658,-0.09466185287564843,-0.03741368779396492,-0.3091718028404883,-0.3062290709053327,-0.5879132276593912,-0.04212704788307786,-0.4249923617476311
2025-01-13,-0.10022204743978502,-0.13230577248909958,-0.10999980129214804,-0.17598265395309998,-0.041240810471579126,-0.09594919865491747,-0.03741368779396492,-0.2993286698730939,-0.3040857374272129,-0.593595052558487,-0.03080958318529947,-0.41765963947448714
2025-01-14,-0.10022204743978502,-0.12959397009438545,-0.10189533029698494,-0.16538040883651806,-0.039806347498654415,-0.09543422105693411,-0.03741368779396492,-0.2992563439537619,-0.3063630579920844,-0.5900826642506913,-0.03279367983398207,-0.4201038802322018
2025-01-15,-0.10022204743978502,-0.10475991881144064,-0.10413497333546107,-0.13184271153701,-0.027254796485565058,-0.09114311211078785,-0.03741368779396492,-0.3067834297746338,-0.30060283968818113,-0.5782024737207557,-0.03892065868920658,-0.41490986862205825
2025-01-16,-0.10022204743978502,-0.1148933529045375,-0.11133737920789477,-0.13833388763147747,-0.015097757811098456,-0.10041192314897418,-0.03741368779396492,-0.30387030621297983,-0.3003349166157785,-0.5601239914500336,-0.04568258782999601,-0.4201038802322018
2025-01-17,-0.10022204743978502,-0.10832803400859725,-0.10525061513783718,-0.13948789894884417,-0.015850798340280803,-0.1020425655011904,-0.03741368779396492,-0.29540230938750067,-0.28466174903738306,-0.5921487779176319,-0.039698433052594906,-0.408188206538343
2025-01-21,-0.10022204743978502,-0.10076359276794544,-0.09794885533999842,-0.1294626594909456,-0.012013627398241966,-0.10959489367464237,-0.03741368779396492,-0.2969945580980692,-0.27260551738587213,-0.6119834789722696,-0.042888927675007404,-0.40116101435991336
2025-01-22,-0.10022204743978502,-0.1027617285671345,-0.10077132906088515,-0.1296068833924724,-0.007495034012461099,-0.10950905316212389,-0.03741368779396492,-0.3006676767580083,-0.2831882487908204,-0.5909090998654605,-0.0443650792329251,-0.408188206538343
2025-01-23,-0.10022204743978502,-0.106543976410019,-0.11243520582364652,-0.1294626594909455,-0.009108804857001163,-0.1115688325998051,-0.03741368779396492,-0.3128991827912573,-0.284125953993679,-0.5924586974306748,-0.05709526857965663,-0.4014665444546277
2025-01-24,-0.10022204743978502,-0.1074002892124617,-0.11407680675113252,-0.13025602851506313,-0.004016478813653301,-0.10985234973507085,-0.03741368779396492,-0.3136229138218809,-0.2789015307334798,-0.5839876215442108,-0.059682602059421885,-0.405438435685914
2025-01-27,-0.10022204743978502,-0.08884610107627033,-0.1108619878048186,-0.10984490730601659,-0.018289402904786645,-0.1108822394539114,-0.03741368779396492,-0.31443717021099604,-0.2685867735020354,-0.6180785216787499,-0.062047638604069255,-0.41093797739077187
2025-01-28,-0.10022204743978502,-0.09548279752078637,-0.11625608371493135,-0.10970062837820171,-0.007781944117580264,-0.10762095474947941,-0.03741368779396492,-0.3118316171711579,-0.27327529951632834,-0.641425635671201,-0.06466668553831678,-0.4069660861594856
2025-01-29,-0.10022204743978502,-0.09940774601570546,-0.12326574297207904,-0.1121528749144618,-0.006957110397614263,-0.1097665092225526,-0.03741368779396492,-0.31888828119239054,-0.27635633819730665,-0.6348140522329766,-0.0704603325235178,-0.3926061717079121
2025-01-30,-0.10022204743978502,-0.07393135124069461,-0.12326574297207904,-0.08799132697654999,0.0,-0.09654995128829313,-0.03741368779396492,-0.31706078787933634,-0.25934360635799913,-0.6852272897443754,-0.07036511647163535,-0.400855484265199
2025-01-31,-0.10022204743978502,-0.08035402392971702,-0.12326574297207904,-0.08763068468330093,-0.0037194473963868546,-0.09637827026325663,-0.03741368779396492,-0.31047461306307356,-0.2699263377629473,-0.6855372092574183,-0.06753974286216424,-0.41093797739077187
2025-02-03,-0.10022204743978502,-0.08170992512707398,-0.1276458121635231,-0.08907314380372122,0.0,-0.09483346842355911,-0.03741368779396492,-0.3191597224572057,-0.2722036072267179,-0.6537190193785034,-0.0729206608084827,-0.402688664833485
2025-02-04,-0.10022204743978502,-0.08713342102626764,-0.13902485150014043,-0.09303998892430898,0.0,-0.10032608263645637,-0.03741368779396492,-0.3233937208699452,-0.28359010784887384,-0.663946289418865,-0.07838097592366,-0.39566147265505536
2025-02-05,-0.10022204743978502,-0.08427886353440173,-0.1426208469202671,-0.08265410717316135,0.0,-0.09886712130927677,-0.03741368779396492,-0.3241174519005672,-0.2890824030803746,-0.6528925837637343,-0.08617461412900251,-0.397189123128627
2025-02-06,-0.10022204743978502,-0.07906944583581843,-0.13331275450878277,-0.07486469585980038,-0.005432545314712378,-0.09895296182179525,-0.03741368779396492,-0.31208492640214247,-0.2768921843421117,-0.647933896185066,-0.07890481558588369,-0.3947448823709122
2025-02-07,-0.10022204743978502,-0.09084423687545884,-0.1410834648345336,-0.09109266360911294,-0.0014974399923006754,-0.09689318238411404,-0.03741368779396492,-0.3106012676785659,-0.2893503261527771,-0.6581611662254276,-0.08563495558375533,-0.4042163153070565
2025-02-10,-0.10022204743978502,-0.0843502955280947,-0.1437829452477637,-0.08654881282984161,0.0,-0.10135597235529692,-0.03741368779396492,-0.306204417988003,-0.27675819725536,-0.6442148866585691,-0.07885720755994263,-0.3993278337916272
2025-02-11,-0.10022204743978502,-0.07692855493947759,-0.1441528159300648,-0.07789394805474392,-0.0006176607754746488,-0.09732231946957914,-0.03741368779396492,-0.3103479584475797,-0.2798392870374393,-0.6364669480925327,-0.08144446535127237,-0.408493736633057
2025-02-12,-0.10022204743978502,-0.09298512777179968,-0.14210900290455952,-0.0987377959946587,-0.0018186352603797307,-0.10049776366149277,-0.03741368779396492,-0.3169522652976733,-0.2894842621384278,-0.6317148817325656,-0.08500000529819052,-0.4008554842651988
2025-02-13,-0.10022204743978502,-0.08848926777850741,-0.13981687358549022,-0.09361699458299211,0.0,-0.09560590208197128,-0.03741368779396492,-0.32371935602026003,-0.28533158226894006,-0.6252066212187006,-0.08501589986964941,-0.3968835930339124
2025-02-14,-0.10022204743978502,-0.06543921964902366,-0.13383508207661943,-0.0658491887914534,-0.014457023855674711,-0.08702368418967887,-0.03741368779396492,-0.3181464181279364,-0.2767581972553599,-0.6151859723970402,-0.08461906540222575,-0.3935227619920547
2025-02-18,-0.10022204743978502,-0.06279884924800283,-0.1400554600463596,-0.058781062064590994,0.0,-0.08093031734340606,-0.03741368779396492,-0.3174407517258133,-0.2793034408926339,-0.5860537352111517,-0.09331748316575661,-0.3864955698136251
2025-02-19,-0.10022204743978502,-0.07157638214374251,-0.14669394674218394,-0.07234041991220908,-0.004161616491367259,-0.0804153397454227,-0.03741368779396492,-0.3225432678184994,-0.2811788512983512,-0.5578512319343741,-0.09704763633341607,-0.3919951115184831
2025-02-20,-0.10022204743978502,-0.06929284504048427,-0.1437398462001227,-0.07645143390803544,0.0,-0.08015788368499421,-0.03741368779396492,-0.3155589971219275,-0.28385803092127615,-0.5710743988108228,-0.09201586914014448,-0.3913840513290544
2025-02-21,-0.10022204743978502,-0.0727182051404891,-0.14011863543892766,-0.08561121990419718,-0.0008162933142006334,-0.07869892235781462,-0.03741368779396492,-0.3098051433232799,-0.28894841599362253,-0.5626032982943412,-0.09503175054181556,-0.3996333638863413
2025-02-24,-0.10022204743978502,-0.08442161863155362,-0.14517677804127438,-0.09303998892430876,0.0,-0.08101609237879837,-0.03741368779396492,-0.3051549844017327,-0.292565300819406,-0.5873967115576649,-0.09031749633554431,-0.41032691720134284
2025-02-25,-0.10022204743978502,-0.08049667013663453,-0.13226604377465367,-0.08532271707485539,-0.014722312080286182,-0.08530720132494451,-0.03741368779396492,-0.302368515455571,-0.2922973777470034,-0.5688016885551987,-0.08288890345470779,-0.41368774824320054
2025-02-26,-0.10022204743978502,-0.08877472352769433,-0.1327896732215127,-0.09534795653275396,-0.010549833625931093,-0.08367662444985458,-0.03741368779396492,-0.30325509776401804,-0.2924313648337551,-0.5964876264702146,-0.08884126908919099,-0.4155209288114865
2025-02-27,-0.10022204743978502,-0.0890601792768807,-0.12593219677010592,-0.09332849175365054,-0.021947811430243935,-0.08942669472318021,-0.03741368779396492,-0.2947147076138785,-0.2886805440223208,-0.593595052558487,-0.07909524768964826,-0.4320195539260604
2025-02-28,-0.10022204743978502,-0.10261902791509947,-0.12858254838022187,-0.1159033016433273,-0.03768779714239767,-0.0953483805444163,-0.03741368779396492,-0.2954023093875012,-0.30596114783292994,-0.6039256208931905,-0.07317459550964711,-0.4457684081882052
2025-03-05,-0.10022204743978502,-0.10190541576469148,-0.102182702961226,-0.10140640589635286,-0.011058670441864926,-0.08813934894391084,-0.03741368779396492,-0.28926842433704525,-0.3056932247605274,-0.540289290395396,-0.06576189720026937,-0.4619615032080647
2025-03-06,-0.10022204743978502,-0.099978603068961,-0.11023694883409829,-0.10118998750463037,-0.010617661971023984,-0.08607963498335613,-0.03741368779396492,-0.3025494313618947,-0.29738781392045077,-0.55557852167875,-0.08887305823210867,-0.4506568897036346
2025-03-07,-0.10022204743978502,-0.08741887677545424,-0.10747360782881465,-0.09231875936409861,-0.014654483735193624,-0.08196014158511988,-0.03741368779396492,-0.29565561861848555,-0.292565300819406,-0.5455578482270717,-0.08523812111633156,-0.443629697525205
2025-03-10,-0.10022204743978502,-0.09098699197261073,-0.1002081636037101,-0.10061303687223522,-0.019301843423690013,-0.08384823999776447,-0.03741368779396492,-0.29326724555263106,-0.30381781435481015,-0.5360537155071374,-0.08207941563683685,-0.43935227619920436
2025-03-11,-0.10022204743978502,-0.09769501152058557,-0.0893742004578496,-0.104579826966535,-0.011872859038454142,-0.07681082394516958,-0.03741368779396492,-0.2798053226214591,-0.31118557109312905,-0.5399793462523353,-0.07096827761428193,-0.44210204705163336
2025-03-12,-0.10022204743978502,-0.09534009686875089,-0.0899510013847874,-0.10277672555286566,-0.002985109732017599,-0.08058702077045876,-0.03741368779396492,-0.2900826807261616,-0.3144005457597583,-0.5780991754264141,-0.0780000360276949,-0.4515734799877775
2025-03-13,-0.10022204743978502,-0.08335122762849978,-0.09396757224914598,-0.07522533815304921,0.0,-0.07312046763239877,-0.03741368779396492,-0.2920186966208774,-0.3014065578042877,-0.5753099244390458,-0.07971430340375396,-0.4457684081882053
2025-03-14,-0.10022204743978502,-0.0580175879506406,-0.09624688833783546,-0.038514219783359116,0.0,-0.07929967499118973,-0.03741368779396492,-0.29075215046595393,-0.2822504924868604,-0.5760330617594733,-0.07960319278041283,-0.4555453712190639
2025-03-17,-0.10022204743978502,-0.04431603866038725,-0.09964444998694622,-0.026325236618541914,0.0,-0.0758667747388474,-0.03741368779396492,-0.3011742952199793,-0.2755525689800984,-0.5849173554533218,-0.0887936610632496,-0.43660250534677547
2025-03-18,-0.10022204743978502,-0.040177011964857234,-0.10913364062246189,-0.029642991642827132,0.0,-0.07535186261799043,-0.03741368779396492,-0.31224777767996625,-0.2705961198934028,-0.5814049671455263,-0.09871921543184237,-0.4393522761992045
2025-03-19,-0.10022204743978502,-0.032041713670949545,-0.10913364062246189,-0.020699569012099572,0.0,-0.07054577607386059,-0.03741368779396492,-0.313242949975405,-0.26791694027047797,-0.5612603219478279,-0.09966668326766315,-0.4353803849679182
2025-03-20,-0.10022204743978502,-0.037108485162615,-0.11516784989197759,-0.02704652120504014,0.0,-0.07638168685970437,-0.03741368779396492,-0.3118497492049893,-0.26791694027047797,-0.5893595269302638,-0.10347623360418146,-0.42682554231591696
2025-03-21,-0.10022204743978502,-0.034468005871359675,-0.11571237792314593,-0.02069956901209935,-0.007171068693462179,-0.07552347816590044,-0.03741368779396492,-0.3093165894898118,-0.27434699180593825,-0.5888429861985198,-0.0993809594235806,-0.4326306141154892
2025-03-24,-0.10022204743978502,-0.04110475676099279,-0.10469313683639203,-0.02106021130534863,-0.00884865208675989,-0.07415035735123954,-0.03741368779396492,-0.30680149440313464,-0.27461486377723987,-0.5956611662254276,-0.09053971758222623,-0.43232508402077485
2025-03-25,-0.10022204743978502,-0.03553850576464712,-0.10636358466221985,-0.015001706915461321,-0.005361858167146516,-0.07526602210547195,-0.03741368779396492,-0.30857472642535744,-0.27876759474782875,-0.6033058064971222,-0.08558734755781361,-0.44057439657806174
2025-03-26,-0.10022204743978502,-0.032255791871560024,-0.11734185081973758,-0.01283807326111952,-0.006282926860608717,-0.0739786763262027,-0.03741368779396492,-0.3124830222824502,-0.272605517385872,-0.6011363699058221,-0.09549208760663874,-0.4485181790406343
2025-03-27,-0.10022204743978502,-0.02747453057419813,-0.11571237792314593,-0.01572299150195977,0.0,-0.07621007131179414,-0.03741368779396492,-0.31031176178525066,-0.27153382509626156,-0.5919421566989307,-0.0899206618681202,-0.4500458295142059
2025-03-28,-0.10022204743978502,-0.03589523017217522,-0.11023694883409807,-0.01968983662254764,0.0,-0.07337792369282725,-0.03741368779396492,-0.31179542050882747,-0.2829203257184174,-0.580061990799013,-0.08900006342690836,-0.44607393828291975
2025-03-31,-0.10022204743978502,-0.048740466659986104,-0.10525061513783762,-0.0374322929036115,0.0,-0.0725197149990231,-0.03741368779396492,-0.30327316239251856,-0.29363699310901636,-0.5744834888242767,-0.08601589547971966,-0.4411854567674903
2025-04-01,-0.10022204743978502,-0.04246065795834986,-0.1151678498919777,-0.029065985984143672,-0.0012489260994595908,-0.07312046763239854,-0.03741368779396492,-0.3126458735602736,-0.28908240308037425,-0.591838858404589,-0.09549208760663885,-0.4356859150626323
2025-04-02,-0.10022204743978502,-0.03982017866709453,-0.11950523115547185,-0.0261088732531074,0.0,-0.07294885208448831,-0.03741368779396492,-0.3136410458557124,-0.2961821856451896,-0.581095072262501,-0.09820635059276872,-0.44057439657806163
2025-04-03,-0.10022204743978502,-0.04203239266689407,-0.11353029164145645,-0.009880960530083027,-0.013662824828182374,-0.059560547648066176,-0.03741368779396492,-0.3065843818344798,-0.3158740971074222,-0.5725206734516777,-0.10100001074775744,-0.440879926672776
2025-04-04,-0.10022204743978502,-0.07093414754191008,-0.10747360782881465,-0.04154341695201391,-0.04073375149579761,-0.06007552524604953,-0.03741368779396492,-0.30338175237951015,-0.3381112011058278,-0.6036157260101651,-0.10625399918771128,-0.4375190956309184
2025-04-07,-0.10022204743978502,-0.08313714942788897,-0.0782761614302574,-0.04680844226520697,-0.060065562400522965,-0.06282183235249805,-0.03741368779396492,-0.2734361929685194,-0.3489618555831786,-0.6224173702313325,-0.07301110848892678,-0.43232508402077474
2025-04-08,-0.10022204743978502,-0.09505464111956397,-0.07352197331970178,-0.052650473237083495,-0.05461957557054131,-0.06496738682557102,-0.03741368779396492,-0.2758426980682045,-0.3709310365091816,-0.6420454746972868,-0.06133336683808033,-0.42682554231591674
2025-04-09,-0.10022204743978502,-0.0665810426457697,-0.05213230653906342,-0.03281635768672042,-0.026561325181575612,-0.06900097423416263,-0.03741368779396492,-0.25376805906756117,-0.33904890630868634,-0.6057851379714476,-0.045507974609254154,-0.42071494042163016
2025-04-10,-0.10022204743978502,-0.07728538823723974,-0.08531672318420336,-0.04608726773128513,0.0,-0.07140405024479046,-0.03741368779396492,-0.2858848789757533,-0.3407903807287527,-0.6325413419773526,-0.0764920953268593,-0.40971585701191415
2025-04-11,-0.10022204743978502,-0.06729470924129477,-0.04899566885405082,-0.03966823110072515,0.0,-0.0636800410463021,-0.03741368779396492,-0.25930480029755554,-0.33422639320764147,-0.6356405124777635,-0.06598411844695151,-0.4008554842651987
2025-04-14,-0.10022204743978502,-0.0538785612551107,-0.045204391580542014,-0.023079676084451717,-0.00540000701614507,-0.05604187236033198,-0.03741368779396492,-0.2617836987219013,-0.3184192896435952,-0.6565082703658716,-0.06917461306936401,-0.4072716162541996
2025-04-15,-0.10022204743978502,-0.05566261885368895,-0.04710376455449272,-0.020988016815152388,-0.0010862144041456911,-0.06196355818156807,-0.03741368779396492,-0.2604808884993164,-0.33328868800478295,-0.656095052558487,-0.07076195093905846,-0.4118545676749146
2025-04-16,-0.10022204743978502,-0.062156614646170394,-0.04583833814457494,-0.02957079715263089,0.0,-0.055612735274866765,-0.03741368779396492,-0.25602977751792344,-0.33904890630868634,-0.6645661284449509,-0.06593651042101045,-0.40818820653834276
2025-04-17,-0.10022204743978502,-0.052451336954294825,-0.04010184805153172,-0.02416149291162284,-0.005380913232397977,-0.05981800370849499,-0.03741368779396492,-0.25159679857036155,-0.3350301624248493,-0.6647727496636521,-0.06898418096559933,-0.4106324472960574
2025-04-22,-0.10022204743978502,-0.04688508595794927,-0.04010184805153172,-0.012188873112239929,0.0,-0.07003086395300351,-0.03741368779396492,-0.2542566129010312,-0.33275284185997767,-0.6893595170782569,-0.07823815184583627,-0.41857622975862996
2025-04-23,-0.10022204743978502,-0.034111172573597415,-0.0681145160196206,0.0,-0.03660903264303972,-0.0647098652880167,-0.03741368779396492,-0.27522748961924226,-0.3184192896435951,-0.6878099195130426,-0.09207937173754432,-0.4231591811793448
2025-04-24,-0.10022204743978502,-0.016627429885576528,-0.07232568353787605,0.0,-0.02023054805937008,-0.060247140793959986,-0.03741368779396492,-0.27909965621933597,-0.3079705453253989,-0.6973140522329768,-0.09469841867179174,-0.4167430491903439
2025-04-25,-0.10022204743978502,-0.015628361985982053,-0.07292420528850585,0.0,-0.0348153801412624,-0.05587019133529536,-0.03741368779396492,-0.2804928569897518,-0.3166778663246298,-0.6965909149125493,-0.09861907963165129,-0.4149098686220579
2025-04-28,-0.10022204743978502,-0.013273392889030622,-0.07411891911151469,0.0,-0.020083523831887717,-0.05106417026829191,-0.03741368779396492,-0.28463639744932856,-0.3173476484550859,-0.672520663599671,-0.09766669204752165,-0.4188817598533441
2025-04-29,-0.10022204743978502,-0.01263115828719874,-0.07411891911151469,0.0,-0.024111973307062273,-0.04737381395552087,-0.03741368779396492,-0.28099947545172055,-0.3168118023102806,-0.650206631070708,-0.10271427812381662,-0.43721356553620394
2025-04-30,-0.10022204743978502,-0.013416147986182514,-0.08122286181787441,0.0,-0.028169856343402633,-0.04737381395552087,-0.03741368779396492,-0.28546871846694577,-0.32980579026575096,-0.6564049720715299,-0.10793655310928818,-0.42896425297891716
2025-05-02,-0.10022204743978502,-0.01227432498943637,-0.07945710274360629,-0.010143905342375192,-0.0496648271169533,-0.0449708034220192,-0.03741368779396492,-0.2942442858142391,-0.32752846970087945,-0.6249999999999997,-0.09887301433281592,-0.4362969752520611
2025-05-05,-0.10022204743978502,-0.024620081972567043,-0.07886707746659727,-0.01603835802454412,-0.026317336719293816,-0.05037757712239799,-0.03741368779396492,-0.290842608419115,-0.3307434954686096,-0.6332644792977802,-0.10049206565699265,-0.4543232508402065
2025-05-06,-0.10022204743978502,-0.023192748781516892,-0.0764990965644774,-0.025702537058778896,0.0,-0.04565739656791279,-0.03741368779396492,-0.2836954864447214,-0.3294038801065967,-0.6422520712859703,-0.0974127573463569,-0.45310113046134914
2025-05-07,-0.10022204743978502,-0.025119561477247032,-0.0699239223011181,-0.021452979814681417,-0.008794043752944014,-0.041795359230105356,-0.03741368779396492,-0.27723596624395075,-0.3265907644980208,-0.6259297585391284,-0.09320637254241504,-0.4610449129239218
2025-05-08,-0.10022204743978502,-0.0044958599932909404,-0.06750969043372357,0.0,-0.03365181684171015,-0.032784069729473675,-0.03741368779396492,-0.2774892754749352,-0.3174815844407365,-0.6289256307451976,-0.0881587864661203,-0.46348915368163646
2025-05-09,-0.10022204743978502,-0.002069567792880589,-0.08763975500007104,0.0,-0.022278244174124717,-0.030209378170935497,-0.03741368779396492,-0.2985325455178105,-0.33342267509153467,-0.6079545499327301,-0.10133334261778115,-0.4604338527344932
2025-05-12,-0.10022204743978502,-0.0014986562945074056,-0.08937420045784938,-0.019205659826493582,-0.056105970517338455,-0.030209378170935497,-0.03741368779396492,-0.29912968933827055,-0.3145345328465099,-0.6233471287704613,-0.10346033903272267,-0.46196150320806484
2025-05-13,-0.10022204743978502,0.0,-0.09681491871135817,0.0,-0.05015531993129074,-0.02952278502504202,-0.03741368779396492,-0.3084299397760347,-0.305827211847279,-0.6232438058461018,-0.10003180428060454,-0.4671555148182084
2025-05-14,-0.10022204743978502,-0.00358494676317056,-0.0996444499869461,0.0,-0.06742100210590429,-0.031153427377257903,-0.03741368779396492,-0.3129715761159205,-0.3040857374272127,-0.639256199079901,-0.11103667573969145,-0.46410021387106504
2025-05-15,-0.10022204743978502,0.0,-0.09510870347238454,0.0,-0.055900790476325346,-0.02883619187914821,-0.03741368779396492,-0.3043226633841176,-0.2984595062100611,-0.6526859625450332,-0.10531750617504076,-0.45187901008249187
2025-05-16,-0.10022204743978502,-0.000840596267513094,-0.08706007623529388,-0.025207455053217753,-0.06724509260440081,-0.027806367637433826,-0.03741368779396492,-0.29393671529242327,-0.3004688526014292,-0.6555785118267431,-0.09820635059276894,-0.45798961197677845
2025-05-19,-0.10022204743978502,0.0,-0.09052691155239401,-0.020865740460587534,-0.05349709949707615,-0.02480260447055682,-0.03741368779396492,-0.295565160665325,-0.3018084679634422,-0.6784091097174678,-0.10179784254655855,-0.45310113046134914
2025-05-20,-0.10022204743978502,0.0,-0.0899510013847874,-0.014644956313907165,-0.038429928260698576,-0.025489132139324244,-0.03741368779396492,-0.2955108993744934,-0.30381781435481026,-0.6459710808124672,-0.10404768129234665,-0.4445462878093478
2025-05-21,-0.10022204743978502,-0.015471469340830657,-0.0818099407370958,-0.034409101641803,-0.02992901929951941,-0.029608625537560274,-0.03741368779396492,-0.2896665202173546,-0.31091764802072674,-0.6520661235189475,-0.10042856305959291,-0.43660250534677525
2025-05-22,-0.10022204743978502,-0.019583334795514218,-0.0818099407370958,-0.03849146033881812,-0.03491231075952106,-0.03123926788977649,-0.03741368779396492,-0.28959412689269215,-0.3127930584264438,-0.6639462894188655,-0.10401589214942886,-0.4341582645890606
2025-05-23,-0.10022204743978502,-0.015819946933997908,-0.07411891911151469,-0.03570509009922984,-0.01401178579346829,-0.024974220018467053,-0.03741368779396492,-0.28105380414788284,-0.3121232762959878,-0.6555785118267432,-0.09266671399716819,-0.4384356859150612
2025-05-27,-0.10022204743978502,-0.0034845632508098134,-0.07352197331970156,-0.019245730169409336,-0.03291897986229786,-0.018537556599247607,-0.03741368779396492,-0.2812347200542067,-0.31198928920923585,-0.6489669530185366,-0.10053967368293393,-0.4384356859150612
2025-05-28,-0.10022204743978502,-0.008293277551396638,-0.08239626593688265,-0.02345781625302268,-0.03453122121700425,-0.020768951584839046,-0.03741368779396492,-0.29243485712968564,-0.3182853536579444,-0.6690082752918753,-0.10517460640878173,-0.4488237091353485
2025-05-29,-0.10022204743978502,-0.010453689752429995,-0.08239626593688265,-0.035251439756460945,-0.027642553610531473,-0.021198023193177984,-0.03741368779396492,-0.29370147068993957,-0.32016076406366156,-0.6361570285794902,-0.09703174176195695,-0.45371219065077784
2025-05-30,-0.10022204743978502,-0.021883052961469418,-0.07471511118389362,-0.04004670581427905,-0.03590901199118779,-0.023858555264234638,-0.03741368779396492,-0.28731427640849916,-0.34132622687355785,-0.6439049671455266,-0.1007777895010753,-0.45737855178734976
2025-06-02,-0.10022204743978502,-0.023067898046324253,-0.06750969043372357,-0.04548991666201985,-0.01195984225111446,-0.027205615004058492,-0.03741368779396492,-0.28004049981861356,-0.3361018036133586,-0.6183884411917931,-0.09193654765972092,-0.4644057439657794
2025-06-03,-0.10022204743978502,-0.017562228559402926,-0.06750969043372357,-0.03492751680029016,-0.017939834942783284,-0.028063823697862422,-0.03741368779396492,-0.2796243393098059,-0.3299397262514019,-0.6154958919100832,-0.09961907524172209,-0.46410021387106504
2025-06-04,-0.10022204743978502,-0.020977138827751873,-0.07886707746659738,-0.044388321529328145,-0.011109779981441137,-0.02677647791859339,-0.03741368779396492,-0.2908788050814467,-0.33020764932380453,-0.6161157063061513,-0.10511110381138178,-0.4637946837763507
2025-06-05,-0.10022204743978502,-0.026413048991780874,-0.07649909656447751,-0.059033178965653854,-0.017793267546900804,-0.02248536897244713,-0.03741368779396492,-0.2861924494975683,-0.31654387923787797,-0.620144635345691,-0.10601588336957013,-0.46287809349220765
2025-06-06,-0.10022204743978502,-0.028085571294293787,-0.0818099407370958,-0.06143086143335352,-0.026001041716315343,-0.02634740631025445,-0.03741368779396492,-0.29625269503361773,-0.3169457382959313,-0.6090909296905601,-0.1135555868737479,-0.4592117323556357
2025-06-09,-0.10022204743978502,-0.03024608983575816,-0.08879678285137471,-0.06972530621398176,-0.02324553173405941,-0.025060060530985306,-0.03741368779396492,-0.30435879264111876,-0.3043536604996152,-0.6244834838982735,-0.11703180534024271,-0.4702108157653516
2025-06-10,-0.10022204743978502,-0.025088897942004307,-0.08821854300551724,-0.07173410315463025,-0.0265286986547143,-0.03364227842327783,-0.03741368779396492,-0.30434072801261836,-0.30221032702149553,-0.6350206734516781,-0.11793650920999565,-0.4637946837763506
2025-06-11,-0.10022204743978502,-0.020559008252123867,-0.08531672318420358,-0.06156039106478939,-0.02641140179834167,-0.03184002052315138,-0.03741368779396492,-0.30399696082847305,-0.31413262268735564,-0.6377066261447044,-0.11553968352243027,-0.465933394439351
2025-06-12,-0.10022204743978502,-0.015332163375908925,-0.08531672318420358,-0.05514521359337399,-0.00894061114882616,-0.02720561500405838,-0.03741368779396492,-0.3055349482482117,-0.3181513665711926,-0.639256199079901,-0.12130161705314912,-0.4641002138710649
2025-06-13,-0.10022204743978502,-0.02014077133606429,-0.0776845601944316,-0.061625254758088555,0.0,-0.02883619187914821,-0.03741368779396492,-0.30034197420236464,-0.32002682807801086,-0.6300619858730098,-0.12106350123500786,-0.45676749159792107
2025-06-16,-0.10022204743978502,-0.005505669486921105,-0.080634960659271,-0.04147232278072266,-0.010142238669664239,-0.022485368972446906,-0.03741368779396492,-0.3043769246749496,-0.30837240438345226,-0.6128099392170567,-0.12080956653384323,-0.4686831652917799
2025-06-17,-0.10022204743978502,-0.00864175514456389,-0.08902008936371641,-0.03777865185559648,-0.01299832541102508,-0.022485368972446906,-0.03741368779396492,-0.3134419979155584,-0.3284661749037382,-0.6021694267392927,-0.12844448608990333,-0.47265505652306616
2025-06-18,-0.10022204743978502,-0.009129645043084333,-0.09453848046050839,-0.03900987549730539,-0.012065721302429666,-0.021627160278642976,-0.03741368779396492,-0.316192270199391,-0.3257869952808131,-0.5879132276593915,-0.12809525964842094,-0.4702108157653515
2025-06-20,-0.10022204743978502,-0.020280183641417704,-0.09282363170801688,-0.04847077910392461,-0.018390025184651382,-0.0175935073929252,-0.03741368779396492,-0.3159570930022373,-0.3433355732649258,-0.6025826691766952,-0.12857149128470358,-0.47601588756492375
2025-06-23,-0.10022204743978502,-0.024601008043484085,-0.08879678285137493,-0.05488595657534001,-0.015592212858865584,-0.019138309232623052,-0.03741368779396492,-0.3172960324818216,-0.3468185221050585,-0.6179752233844085,-0.12406348806522027,-0.4876260311640682
2025-06-24,-0.10022204743978502,-0.019862053065789476,-0.0853167231842038,-0.042768311238149836,-0.03316625391920369,-0.018022644478390193,-0.03741368779396492,-0.3186892332522373,-0.34132622687355774,-0.6346074556442934,-0.12796825445362103,-0.49129239230064015
2025-06-25,-0.10022204743978502,-0.030037024547944324,-0.08122286181787475,-0.050285182719838395,-0.030339197655931294,-0.022142072399500168,-0.03741368779396492,-0.311723094589498,-0.3515070481193514,-0.6481405174037673,-0.12534920751937373,-0.4986251145737841
2025-06-26,-0.10022204743978502,-0.020628661234584733,-0.06750969043372379,-0.043027568256184034,-0.028473989438740577,-0.018022644478390082,-0.03741368779396492,-0.30596917338552,-0.34132622687355785,-0.6631198538040961,-0.11779368513217248,-0.49954170485792704
2025-06-27,-0.10022204743978502,-0.02237094285998964,-0.080634960659271,-0.0421202675706458,-0.04590230888357527,-0.015533793432370047,-0.03741368779396492,-0.31487139534830544,-0.34279972712012063,-0.6137396731261677,-0.13061909053078646,-0.48976474182706853
2025-06-30,-0.10022204743978502,-0.00808421226358258,-0.0776845601944317,-0.024105761042945595,-0.039869448232360494,-0.009612042134007792,-0.03741368779396492,-0.31407527099302124,-0.33690557283056655,-0.642975208606398,-0.13041268816712737,-0.4860983806904966
2025-07-01,-0.10022204743978502,-0.002717955082014667,-0.08122286181787486,-0.020606582320135236,-0.027541385330145052,-0.009354586073579307,-0.03741368779396492,-0.3173322291441526,-0.3358338805409561,-0.6472107588646387,-0.13806350229464637,-0.4867094408799252
2025-07-02,-0.10022204743978502,-0.006272277655716807,-0.07471511118389407,-0.03252983433259071,-0.024248062589141473,-0.009526201621489538,-0.03741368779396492,-0.31136119537151974,-0.3169457382959313,-0.6396694415173034,-0.1335238613091162,-0.47540482737549505
2025-07-03,-0.10022204743978502,0.0,-0.08063496065927112,-0.013024946022728856,-0.02902770311640035,-0.007552328173452971,-0.03741368779396492,-0.31604755095539816,-0.30850639147020387,-0.6478305978907244,-0.13866666343729328,-0.47265505652306616
2025-07-07,-0.10022204743978502,-0.009966104136347131,-0.08356665517815487,-0.024494646569996448,-0.028852879869675663,-0.01021279476738346,-0.03741368779396492,-0.3214214409075692,-0.31413262268735553,-0.6475206783776816,-0.1397777696707052,-0.48915368163764006
2025-07-08,-0.10022204743978502,-0.011557880167872847,-0.07531054953683891,-0.031687496217932876,-0.03619723506042116,-0.014246447653101013,-0.03741368779396492,-0.31943109631669164,-0.31855327673034683,-0.6549586974306751,-0.12893653660920934,-0.4977085242896413
2025-07-09,-0.10022204743978502,-0.024500023602596843,-0.08356665517815476,-0.04147232278072266,-0.03485656773653678,-0.016992754759549644,-0.03741368779396492,-0.32898472339077045,-0.3235097258170424,-0.6679752184584049,-0.13553967141228107,-0.49587534372135533
2025-07-10,-0.10022204743978502,-0.029690694039905985,-0.060191348808334766,-0.05870925600948307,-0.033166253919203026,-0.01982490237851653,-0.03741368779396492,-0.30890042898100467,-0.3176155715274882,-0.655268616943718,-0.11400002936711284,-0.5022914757103562
2025-07-11,-0.10022204743978502,-0.03328958844568908,-0.07112637887831419,-0.06473564683142852,-0.021916516741086522,-0.01759350739292509,-0.03741368779396492,-0.31588469967757493,-0.32217016155613043,-0.6576446501237017,-0.12204767796205562,-0.5074854873204998
2025-07-14,-0.10022204743978502,-0.040072034914524046,-0.06569075987937689,-0.06888286922174269,-0.023228011280617356,-0.01759350739292509,-0.03741368779396492,-0.315649455075091,-0.32002682807801064,-0.6419421517729276,-0.11557147266534862,-0.4955698136266409
2025-07-15,-0.10022204743978502,-0.03972596909781134,-0.06447425671272744,-0.06687407228109421,-0.02955231516283896,-0.02720561500405838,-0.03741368779396492,-0.31604755095539816,-0.32605491835321554,-0.6360537302851483,-0.11317464697778346,-0.5096241979835001
2025-07-16,-0.10022204743978502,-0.039033837464385934,-0.07411891911151502,-0.06616126379787224,-0.022936568049610417,-0.025403357103931823,-0.03741368779396492,-0.32478692164036194,-0.3241795079474984,-0.6331611563734207,-0.1188884426635125,-0.5047357164680708
2025-07-17,-0.10022204743978502,-0.03744206143286011,-0.07052559596938202,-0.06285647839979702,-0.026550435652842097,-0.02342941817876909,-0.03741368779396492,-0.31963014425684433,-0.32605491835321554,-0.6340909149125494,-0.1164127496261369,-0.5087076076993571
2025-07-18,-0.10022204743978502,-0.05322169111392294,-0.07531054953683891,-0.08618456726622103,-0.022790846434107004,-0.028149664210380676,-0.03741368779396492,-0.3239184039604154,-0.33328868800478273,-0.6317148817325658,-0.11958734967709062,-0.5007638252367844
2025-07-21,-0.10022204743978502,-0.047684954859901096,-0.06871845084618666,-0.08728616239891263,-0.008539300899126134,-0.027377230551968834,-0.03741368779396492,-0.319992043474822,-0.317749507513139,-0.6565082703658718,-0.1145872959383013,-0.5065688970363567
2025-07-22,-0.10022204743978502,-0.04851553394090369,-0.065690759879377,-0.09259984361521767,0.0,-0.02686231843111142,-0.03741368779396492,-0.31697032992617447,-0.3079705453253987,-0.6640495877132071,-0.1165873628468782,-0.5120684387412147
2025-07-23,-0.10022204743978502,-0.03937990328109864,-0.06264354072722911,-0.07840853764407962,-0.013113472364483347,-0.028492960783327304,-0.03741368779396492,-0.31445523483949733,-0.30046885260142886,-0.6821281192439645,-0.11684129754804284,-0.5129850290253577
2025-07-24,-0.10022204743978502,-0.05038409926312348,-0.0675096904337239,-0.09162787699154284,-0.01983017915217067,-0.025746653676878783,-0.03741368779396492,-0.31811022146560586,-0.3067649170501374,-0.6803719004600491,-0.12438100105222061,-0.5090131377940713
2025-07-25,-0.10022204743978502,-0.052529665084958044,-0.06871845084618666,-0.09104459813975696,-0.03058849519232787,-0.02583242871227065,-0.03741368779396492,-0.32060718451845205,-0.3078366093397479,-0.6787190292305108,-0.12380955336405586,-0.5117629086465003
2025-07-28,-0.10022204743978502,-0.06214970340459247,-0.06080556162718387,-0.10698554291109075,-0.03782852272700665,-0.027119774491539905,-0.03741368779396492,-0.31890641322622204,-0.31855327673034683,-0.691322332450856,-0.11663497087281938,-0.5187901008249299
2025-07-29,-0.10022204743978502,-0.05765105899624823,-0.06992392230111877,-0.10575431926938195,-0.03367063575023255,-0.022313753424536453,-0.03741368779396492,-0.3194672929790223,-0.3198928409912587,-0.6817148768065624,-0.11320636043226573,-0.5242896425297878
2025-07-30,-0.10022204743978502,-0.048723152310038986,-0.07590516565040129,-0.09596949270659216,-0.04169571539301986,-0.019996517926426982,-0.03741368779396492,-0.32073390653927625,-0.3215003283245733,-0.6854338863330591,-0.11536507030168952,-0.5212343415826446
2025-07-31,-0.10022204743978502,-0.0552288094881801,-0.08531672318420391,-0.09998708658788935,-0.042451733563863336,-0.025145901043503338,-0.03741368779396492,-0.3242441065160617,-0.32685868757042325,-0.6791322470378953,-0.11501591954864265,-0.5184845707302155
2025-08-01,-0.10022204743978502,-0.060073414108776535,-0.08180994073709624,-0.11054958532720016,-0.026605024802010213,-0.018709237624283892,-0.03741368779396492,-0.3280619444199918,-0.3336905470628361,-0.6815082802178789,-0.11130158526400658,-0.5239841124350735
2025-08-04,-0.10022204743978502,-0.05647451970299344,-0.07886707746659782,-0.10219027685327287,-0.018841605532718186,-0.019309990257659337,-0.03741368779396492,-0.3198834534878301,-0.3374414189753714,-0.6971074556442935,-0.12096828518312597,-0.5270394133822167
2025-08-05,-0.10022204743978502,-0.05515953296216125,-0.08589859458733473,-0.10141270355433307,-0.0166608657948486,-0.021713000791161008,-0.03741368779396492,-0.32266992243399184,-0.33797726512017656,-0.6890495975652142,-0.12760320912911527,-0.5337610754659321
2025-08-06,-0.10022204743978502,-0.045331876273391414,-0.0853167231842038,-0.09195179994771407,-0.017213291466726788,-0.02119802319317765,-0.03741368779396492,-0.32520308214916926,-0.3381112011058275,-0.6821281192439647,-0.12650799746716224,-0.5358997861289323
2025-08-07,-0.10022204743978502,-0.030728785885583365,-0.08589859458733473,-0.08553662247629856,-0.011310741712035055,-0.016134546065745492,-0.03741368779396492,-0.329020920053101,-0.3257869952808129,-0.683161176077435,-0.1335079667376574,-0.5300947143293601
2025-08-08,-0.10022204743978502,-0.0350889828463502,-0.09225053085830104,-0.07899171761828472,-2.9033937264943965e-05,-0.010212794767383238,-0.03741368779396492,-0.33282062592320205,-0.31426660977410725,-0.6911157112321549,-0.14058733317701155,-0.5322334249923604
2025-08-11,-0.10022204743978502,-0.03744206143286,-0.0916766077692025,-0.07840853764407985,-0.025034849598170705,-0.01064193185284823,-0.03741368779396492,-0.33437674537676965,-0.320428687136064,-0.6948347207586516,-0.13773017042462288,-0.5294836541399313
2025-08-12,-0.10022204743978502,-0.021178024091967673,-0.09225053085830104,-0.053265946284161036,-0.0262561206414752,-0.010985228425795301,-0.03741368779396492,-0.33528145971904755,-0.3122572122816383,-0.7099173554533222,-0.13614290824336384,-0.545982279254505
2025-08-13,-0.10022204743978502,-0.029898312409041283,-0.0945384804605085,-0.060782817765849484,-0.0234066065198012,-0.01141430003413424,-0.03741368779396492,-0.33859261175567845,-0.318419289643595,-0.7078512417863816,-0.1426667215660119,-0.5429269783073618
2025-08-14,-0.10022204743978502,-0.03176698333572148,-0.09339597883829875,-0.05540437173382684,-0.030239591031792856,-0.008925448988114315,-0.03741368779396492,-0.33710895303210164,-0.328466174903738,-0.7065082654398683,-0.14425398374727094,-0.5417048579285044
2025-08-15,-0.10022204743978502,-0.03107485170229607,-0.09510870347238509,-0.049313117218582,-0.030006964595562624,-0.009440426586097672,-0.03741368779396492,-0.33734413022925536,-0.3308774314542603,-0.6987603515038496,-0.14141271556634116,-0.5310113046135029
2025-08-18,-0.10022204743978502,-0.024569194524154958,-0.09225053085830104,-0.038361930707382585,-0.031257269576132174,-0.018194260026300646,-0.03741368779396492,-0.33654800587397116,-0.32819825183133533,-0.7014462795668583,-0.14279365107237663,-0.5319278948976458
2025-08-19,-0.10022204743978502,-0.04560877116854578,-0.08937420045784983,-0.07704778437093551,-0.03657828873405844,-0.023086121605822574,-0.03741368779396492,-0.3351186084412241,-0.33342267509153456,-0.7142562040059048,-0.1371905118793758,-0.5362053162236464
2025-08-20,-0.10022204743978502,-0.04297879768688184,-0.08122286181787475,-0.07847330245979789,-0.02785532978257954,-0.028664576331237868,-0.03741368779396492,-0.32663254698724653,-0.33569994455530505,-0.7157024786467597,-0.127365093310974,-0.5355942560342177
2025-08-21,-0.10022204743978502,-0.0447781920875433,-0.08415078773958795,-0.08320380370189806,-0.02974530422206656,-0.031153427377257903,-0.03741368779396492,-0.3281705344069852,-0.33569994455530505,-0.7080578630050827,-0.13187922729373436,-0.5267338832875023
2025-08-22,-0.10022204743978502,-0.02000137919425249,-0.08879678285137482,-0.05890364933421821,-0.018841605532718075,-0.02334357766625106,-0.03741368779396492,-0.3336348823123172,-0.3176155715274883,-0.7212810052515137,-0.1325714737249869,-0.525511762908645
2025-08-25,-0.10022204743978502,-0.019032458270133112,-0.08879678285137482,-0.05942206449270515,-0.019016022119174636,-0.02136970421821427,-0.03741368779396492,-0.33392438820563275,-0.3131949174844969,-0.7214876018401972,-0.13947622694359985,-0.5242896425297876
2025-08-26,-0.10022204743978502,-0.020278274089406745,-0.09794885533999875,-0.06531882680563383,-0.014712681505587466,-0.01810841951378228,-0.03741368779396492,-0.3379412740497174,-0.31640994325222693,-0.7193181898789148,-0.14131749951445893,-0.5264283531927879
2025-08-27,-0.10022204743978502,-0.0110043015864848,-0.0922505308583007,-0.050155554210821185,-0.010060436731465505,-0.019996517926426982,-0.03741368779396492,-0.33356248898765484,-0.3094440966730626,-0.7038223127468419,-0.13790478364536418,-0.5325389550870745
2025-08-28,-0.10022204743978502,0.0,-0.09396757224914609,-0.02993785741773758,-0.002151634812982417,-0.012959101873831758,-0.03741368779396492,-0.3345576612830936,-0.305157429716823,-0.695867777592122,-0.1400476746317647,-0.5288725939505026
2025-08-29,-0.10022204743978502,0.0,-0.09225053085830082,-0.02754017495003791,0.0,-0.01725021081997813,-0.03741368779396492,-0.3333091797566705,-0.3043536604996152,-0.6903925739117275,-0.14079365985223535,-0.5135960892147861
2025-09-02,-0.10022204743978502,-0.007989556047962143,-0.0853167231842038,-0.04561954517103728,0.0,-0.030037762623025044,-0.03741368779396492,-0.3309026746569852,-0.3095780326587134,-0.6891528958595559,-0.1367619639574701,-0.5074854873204995
2025-09-03,-0.10022204743978502,-0.011295539376482089,-0.08706007623529433,-0.04542515184630225,0.0,-0.028321279758290796,-0.03741368779396492,-0.3340872394834562,-0.31265907133969184,-0.6834710955904779,-0.13222224728350462,-0.5139016193095005
2025-09-04,-0.10022204743978502,-0.0030305285075247212,-0.08821854300551746,-0.035186674940743234,-0.007625487786955598,-0.029866081597988425,-0.03741368779396492,-0.3338701269148011,-0.3048895066444204,-0.6824380387570075,-0.1352222341137167,-0.5114573785517857
2025-09-05,-0.10022204743978502,0.0,-0.08879678285137482,-0.01645935992982106,0.0,-0.026089884772699135,-0.03741368779396492,-0.3360233227835021,-0.29738781392045055,-0.6851239668200162,-0.13587307897074064,-0.5123739688359288
2025-09-08,-0.10022204743978502,-0.005534764493346667,-0.08995100138478762,-0.02436501806097957,0.0,-0.025317516591413236,-0.03741368779396492,-0.33993161864059485,-0.2999330575577247,-0.6807851428974515,-0.1409206650470356,-0.5074854873204996
2025-09-09,-0.10022204743978502,-0.006696350840156184,-0.08415078773958817,-0.027669803459054787,0.0,-0.022828665545393312,-0.03741368779396492,-0.3341053041119547,-0.3000669935433755,-0.6779958672800656,-0.13963494559288225,-0.5096241979834999
2025-09-10,-0.10022204743978502,-0.001639941804951639,-0.08706007623529433,-0.024818569526167344,0.0,-0.018623397111765305,-0.03741368779396492,-0.33312826385034666,-0.3067649170501374,-0.6870867821926152,-0.13752384374939963,-0.5145126794989293
2025-09-11,-0.10022204743978502,0.0,-0.09225053085830104,-0.01483934963864264,-0.001838894261971813,-0.014675584738565783,-0.03741368779396492,-0.3365842025363023,-0.2999330575577247,-0.6969008344255924,-0.142539716371212,-0.512373968835929
2025-09-12,-0.10022204743978502,-0.006323143343706095,-0.09225053085830104,-0.025012962850902376,0.0,-0.014847200286476236,-0.03741368779396492,-0.3378326840627255,-0.3094440966730625,-0.6961776971051649,-0.14473021538355368,-0.512373968835929
2025-09-15,-0.10022204743978502,0.0,-0.09908005117069729,-0.01639459511410357,0.0,-0.011071003461186946,-0.03741368779396492,-0.34434653295965634,-0.3035498912824073,-0.6856405075517602,-0.15063497299209583,-0.4827375496486388
2025-09-16,-0.10022204743978502,0.0,-0.10245630311580733,-0.015811316262317465,0.0,-0.011071003461186946,-0.03741368779396492,-0.3475853590769571,-0.3012726218186367,-0.6794421665509381,-0.1563175093539555,-0.4750992972807806
2025-09-17,-0.10022204743978502,0.0,-0.09738226388539606,-0.0002592570180348641,-0.0019246533393638687,-0.0054067737003795635,-0.03741368779396492,-0.34537790191742623,-0.2979236600652556,-0.679752086063981,-0.15939681766459102,-0.4784601283226382
2025-09-18,-0.10022204743978502,-0.001003437923277395,-0.09851469307516814,0.0,-0.012252962229513775,-0.00875383344020364,-0.03741368779396492,-0.34584832371706564,-0.30180846796344174,-0.696384318323866,-0.1571269971718261,-0.4821264894592101
2025-09-19,-0.10022204743978502,0.0,-0.10245630311580722,0.0,-0.004716826914358707,-0.009612042134007792,-0.03741368779396492,-0.35129460699389714,-0.2992632243261676,-0.7016529007855594,-0.15804767130147346,-0.48182095936449576
2025-09-22,-0.10022204743978502,-0.0056070779759680445,-0.10357612463504529,-0.007347724360266761,0.0,-0.016134546065745492,-0.03741368779396492,-0.3499918641766424,-0.30261218607954854,-0.7101239766720233,-0.1554762323931671,-0.48457073021692476
2025-09-23,-0.10022204743978502,0.0,-0.0962468883378359,0.0,0.0,-0.01064193185284823,-0.03741368779396492,-0.34662638344384944,-0.30180846796344174,-0.7052686120177145,-0.15328573338082552,-0.47907118851206687
2025-09-24,-0.10022204743978502,0.0,-0.10413497333546173,-0.003278329636908106,-0.012828651205417652,-0.012272574205064224,-0.03741368779396492,-0.352633546473483,-0.3007367756738314,-0.7047520712859705,-0.16165081927433278,-0.4815154292697815
2025-09-25,-0.10022204743978502,-0.007646236324157618,-0.10133360375873002,-0.014591528993953662,-0.011559063160261562,-0.011414300034133906,-0.03741368779396492,-0.35185555415202774,-0.3030140962387029,-0.7000000049260033,-0.1539841862637905,-0.47968224870149545
2025-09-26,-0.10022204743978502,-0.006848396416862967,-0.10189533029698561,-0.004306829055667594,-0.0014019067585092637,-0.01029863527990127,-0.03741368779396492,-0.3523983692763276,-0.3089082505282571,-0.7071281044659541,-0.14861908720049544,-0.4842652001222105
2025-09-29,-0.10022204743978502,-0.0007313870665932587,-0.1013336037587298,0.0,0.0,-0.011071003461186946,-0.03741368779396492,-0.35297738106295873,-0.3074346991805933,-0.6625000147780105,-0.15202332596481205,-0.4848762603116391
2025-09-30,-0.10022204743978502,-0.001396219837765833,-0.10357612463504517,0.0,0.0,-0.01064193185284823,-0.03741368779396492,-0.3516383741780442,-0.3075686862673451,-0.6587810052515137,-0.155285724600967,-0.49220898258478296
2025-10-01,-0.10022204743978502,-0.005984002214147743,-0.10357612463504517,-0.014062879787196336,0.0,-0.011156843973705421,-0.03741368779396492,-0.34961190033016576,-0.29752180100720227,-0.6409090949394572,-0.1556349510424495,-0.4909868622059257
2025-10-02,-0.10022204743978502,-0.01662234110009775,-0.10245630311580722,-0.026335943830802733,-0.00718811863687796,-0.01570540898028039,-0.03741368779396492,-0.344400794250488,-0.2959142625727865,-0.6444215078772706,-0.1541587237960963,-0.48457073021692487
2025-10-03,-0.10022204743978502,-0.015093012671491213,-0.1018953302969855,-0.023715204909030674,0.0,-0.01493304079899449,-0.03741368779396492,-0.34382178246385686,-0.29082387750044025,-0.6566115932902312,-0.15292068805631986,-0.48793156125878245
2025-10-06,-0.10022204743978502,-0.019946809320117165,-0.10301659073514313,-0.030938355039360488,0.0,-0.01458974422604753,-0.03741368779396492,-0.35480487437601305,-0.28868054402232046,-0.6532024786467596,-0.15323812535488457,-0.48457073021692487
2025-10-07,-0.10022204743978502,-0.03470745633338146,-0.10691893884526016,-0.049220128024008436,0.0,-0.019052468720104243,-0.03741368779396492,-0.36072157945248384,-0.29912928834051655,-0.6386363846838332,-0.15695238395108502,-0.4870149709746394
2025-10-08,-0.10022204743978502,-0.02918882691358271,-0.1041349733354614,-0.039887531294952705,0.0,-0.019309990257659004,-0.03741368779396492,-0.3626937920095308,-0.29390491618141834,-0.6556818347511026,-0.1501905304987312,-0.4842652001222105
2025-10-09,-0.10022204743978502,-0.03224728086135831,-0.109133640622462,-0.03637178696374299,-0.02399030465921359,-0.017593507392924757,-0.03741368779396492,-0.3673982796272379,-0.2952444804423304,-0.6622933935593093,-0.15314290930300223,-0.4888481515429255
2025-10-10,-0.10022204743978502,-0.03902922443751944,-0.10691893884526016,-0.047558184130001235,-0.016669588126142054,-0.022914506057911566,-0.03741368779396492,-0.36394227353595376,-0.3044876475863666,-0.6791322470378953,-0.14647619621409524,-0.4952642835319263
2025-10-13,-0.10022204743978502,-0.03224728086135831,-0.08004637430118122,-0.04250836775436739,0.0,-0.021798775826552763,-0.03741368779396492,-0.3423019270779488,-0.29310114696421063,-0.6778925689857238,-0.1233333974162093,-0.4980140543843553
2025-10-14,-0.10022204743978502,-0.03224728086135831,-0.09282363170801644,-0.04231651121117164,0.0,-0.022399528459928097,-0.03741368779396492,-0.3512765423653966,-0.2926992879061572,-0.687190080486957,-0.13268258434832836,-0.4952642835319263
2025-10-15,-0.10022204743978502,-0.026196724351790213,-0.08636172091961913,-0.03828947455691578,0.0,-0.020082358438944792,-0.03741368779396492,-0.3465177934568576,-0.28868054402232046,-0.6884297585391285,-0.1299206376478219,-0.49068133211121134
2025-10-16,-0.10022204743978502,-0.030252579638402888,-0.0887967828513746,-0.04257225491033767,0.0,-0.019481605805569457,-0.03741368779396492,-0.3469158893371649,-0.2944407623262236,-0.6964876166182078,-0.13503180200995224,-0.48457073021692476
2025-10-17,-0.10022204743978502,-0.021276576317181273,-0.08531672318420336,-0.03681928966846204,-0.021097212477968474,-0.025317516591413458,-0.03741368779396492,-0.3442379429726645,-0.29176158270329877,-0.6892562187839154,-0.13637860203156904,-0.4836541399327817
2025-10-20,-0.10022204743978502,-0.01382969851512883,-0.09510870347238454,-0.024801871786378826,0.0,-0.025317516591413458,-0.03741368779396492,-0.3518193574896964,-0.28131278728400133,-0.6490702513128783,-0.14188894720262413,-0.4827375496486388
2025-10-21,-0.10022204743978502,-0.01562493976126067,-0.10189533029698528,-0.03509336108084227,-0.057351710352510854,-0.017507666880406614,-0.03741368779396492,-0.3552933608041525,-0.2866711465298514,-0.6411157161581584,-0.14782541826564866,-0.4870149709746394
2025-10-22,-0.10022204743978502,-0.010638237431231379,-0.1030165907351428,-0.02818974426800558,-0.06733696305135028,-0.01218673369254597,-0.03741368779396492,-0.35847792563062175,-0.28144677437075316,-0.6435950476324837,-0.14496825551325976,-0.48304307974335314
2025-10-23,-0.10022204743978502,-0.004787242353205712,-0.10020816360370965,-0.024929743635961676,-0.04863479086183031,-0.008582217892293187,-0.03741368779396492,-0.3570485281978747,-0.2766242612697083,-0.6545454549932729,-0.14295236972165937,-0.47693247784906656
2025-10-24,0.0,-0.001525270239861376,-0.10245630311580667,-0.024773976020565747,-0.05027211625066563,0.0,0.0,-0.3618072097010835,-0.2739374675827383,-0.6586777069571719,-0.1455714166559069,-0.4827375496486389
2025-10-27,-0.20820305381709736,0.0,-0.10077132906088515,-0.017642608812018845,-0.07713771965985161,0.0,-0.24975905687668898,-0.3619519963504064,-0.2715338250962609,-0.6444215078772706,-0.14471432081209512,-0.47601588756492375
2025-10-28,-0.20820305381709736,0.0,-0.10133360375872924,-0.012400935893189469,-0.08537034395093224,-0.004200941926728263,-0.24975905687668898,-0.3633090004584928,-0.26296049118378184,-0.6544421566989311,-0.1470952519282014,-0.47204399633363747
2025-10-29,-0.20820305381709736,0.0,-0.10357612463504462,0.0,-0.08133473828860815,-0.004629637503026807,-0.24975905687668898,-0.36157196509859957,-0.2551909264885105,-0.6512396879041784,-0.14961908281056657,-0.4695997555759228
2025-10-30,-0.20820305381709736,0.0,-0.10747360782881421,-0.007816444603255368,-0.07727604950237854,-0.007201614731534356,-0.24975905687668898,-0.3653174770831993,-0.2576021830390328,-0.5913223176728453,-0.14955558021316662,-0.4741827069966378
2025-10-31,-0.20820305381709736,0.0,-0.10580747675974556,-0.0027326381094460173,-0.08168064734537883,-0.009773657369802957,-0.24975905687668898,-0.36709064170009353,-0.24889486203980182,-0.5739669480925329,-0.14571431642216603,-0.47265505652306616
2025-11-03,-0.20820305381709736,0.0,-0.10525061513783718,0.0,-0.07750665554022551,-0.00548696324586273,-0.24975905687668898,-0.36846577784200885,-0.2531815289960414,-0.5592975558352646,-0.14688892525297792,-0.4692942254812086
2025-11-04,-0.20820305381709736,0.0,-0.11462270518127193,0.0,-0.08963655565110329,-0.006344288988698654,-0.24975905687668898,-0.3717046039593095,-0.255458798459812,-0.5513429960505272,-0.15001591727799024,-0.47265505652306616
2025-11-05,-0.20820305381709736,0.0,-0.11023694883409785,0.0,-0.08211877629716724,-0.006430041185910618,-0.24975905687668898,-0.3640870601852765,-0.24527797721401834,-0.5628099441430603,-0.14350799852680096,-0.4680721051023513
2025-11-06,-0.20820305381709736,-6.343302228228875e-05,-0.1157123779231457,0.0,-0.08221105249248739,-0.003943750744853758,-0.24975905687668898,-0.3706732350015396,-0.25251174686558553,-0.5498967214096722,-0.14942857501836637,-0.47601588756492397
2025-11-07,-0.20820305381709736,0.0,-0.11298295429239702,-0.0015453084552253804,-0.07771423475446915,0.0,-0.24975905687668898,-0.3670906417000934,-0.25787005501033455,-0.5542355453322371,-0.1508730131218018,-0.47784906813320993
2025-11-10,-0.20820305381709736,0.0,-0.11462270518127193,0.0,-0.051794138620577024,0.0,-0.24975905687668898,-0.3712884434505018,-0.26282655519813103,-0.5518595367822713,-0.15382539192607292,-0.4747937671860667
2025-11-11,-0.20820305381709736,0.0,-0.12219463913626405,0.0,-0.05294716880981243,0.0,-0.24975905687668898,-0.37890605462986493,-0.25867382422754237,-0.5284090998654607,-0.16036509982018,-0.4720439963336377
2025-11-12,-0.20820305381709736,-0.0006787647291663923,-0.12326574297207926,0.0,-0.030439996995815566,0.0,-0.24975905687668898,-0.38107731512706455,-0.2494307081846071,-0.531714891584573,-0.16338098122185118,-0.4680721051023514
2025-11-13,-0.20820305381709736,-0.003825713479745918,-0.11950523115547151,0.0,-0.03447560265813965,0.0,-0.24975905687668898,-0.3811135117893957,-0.24581382335882362,-0.5200413469033562,-0.16011116511901546,-0.4604338527344932
2025-11-14,-0.20820305381709736,0.0,-0.11571237792314559,0.0,-0.057374737176113855,-0.0005910139596528863,-0.24975905687668898,-0.38028119077178013,-0.2545210932569536,-0.5283058015711191,-0.15928570704125045,-0.474182706996638
2025-11-17,-0.20820305381709736,-0.004997919298926123,-0.11885155084625465,-0.01017048764772921,-0.06182544496662323,-0.005488023577173262,-0.24975905687668898,-0.3799916848784646,-0.2580040420970864,-0.54948347897227,-0.1594286068075096,-0.46868316529178
2025-11-18,-0.20820305381709736,-0.0077127163787892306,-0.11298295429239702,-0.019623086443713467,-0.0634396872315528,-0.0030395187684133518,-0.24975905687668898,-0.3789965125830258,-0.26215672196657414,-0.5484504467688174,-0.15404761317275562,-0.46623892453406546
2025-11-19,-0.20820305381709736,-0.014746804099640132,-0.11516784989197748,-0.028058554315722573,-0.05965777073098133,0.0,-0.24975905687668898,-0.38098685717390335,-0.26443404253144576,-0.5299586728006576,-0.15531751374388536,-0.4747937671860667
2025-11-21,-0.20820305381709736,-0.019189242116402605,-0.11679944690697441,-0.027280871822333297,-0.05988837676882841,-0.0004211559493628725,-0.24975905687668898,-0.3868131042972115,-0.26001338848845434,-0.5268595269302643,-0.1536031706793909,-0.47998777879621024
2025-11-24,-0.20820305381709736,-0.01579572222923109,-0.12165360562247207,-0.02632362582800507,-0.056383176253613,0.0,-0.24975905687668898,-0.37516054264526333,-0.2691225685457387,-0.5300620203550347,-0.14252382179975387,-0.48212648945921066
2025-11-25,-0.20820305381709736,-0.0115999555614974,-0.10913364062246178,-0.018366689665157532,-0.04547544310308316,0.0,-0.24975905687668898,-0.378887922596034,-0.2632284142561846,-0.5429752430884227,-0.1449524366302366,-0.482432019553925
2025-11-26,-0.20820305381709736,0.0,-0.10691893884525983,0.0,-0.03947968611905883,0.0,-0.24975905687668898,-0.3768251846804941,-0.2514400545759752,-0.5291322371858884,-0.1461270454610487,-0.47234952642835215
2025-11-28,-0.20820305381709736,0.0,-0.10802759161288333,0.0,-0.027234595589861965,-0.00025103581001584274,-0.24975905687668898,-0.37979263693831,-0.2507702724455192,-0.49896696779654726,-0.1499365201091315,-0.4677665750076373
2025-12-01,-0.20820305381709736,-0.002326750341482109,-0.11367843177023251,-0.008396993006134723,-0.022391868795073044,-0.0019247142839632359,-0.24975905687668898,-0.3819277007731803,-0.2506363364598684,-0.4916322470378953,-0.153111120160085,-0.4711274060494949
2025-12-02,-0.20820305381709736,0.0,-0.10747360782881443,0.0,-0.03454473942925218,0.0,-0.24975905687668898,-0.3767166620988326,-0.2464836054892795,-0.4999999999999998,-0.14987301751173165,-0.46471127406049406
2025-12-03,-0.20820305381709736,0.0,-0.11078743810079072,0.0,-0.03161611030895661,0.0,-0.24975905687668898,-0.3813848856488803,-0.23000671979477727,-0.48398763139621837,-0.15455555826352063,-0.4726550565230666
2025-12-04,-0.20820305381709736,0.0,-0.11133737920789488,0.0,-0.028733534835867935,0.0,-0.24975905687668898,-0.38100492180240375,-0.21607502663644806,-0.47696280552059167,-0.15776194745739192,-0.4650168041552084
2025-12-05,-0.20820305381709736,-0.04313350407119243,-0.11243520582364663,-0.05777007306412152,-0.0284798456741151,-0.008218478094751513,-0.24975905687668898,-0.3807878092337488,-0.22866710443276417,-0.4536157161581583,-0.157254002366627,-0.4662389245340658
2025-12-08,-0.20820305381709736,-0.03857753520847662,-0.11461249570893739,-0.04436746195131602,-0.03440635328642272,-0.011373092785940564,-0.24975905687668898,-0.366710677853615,-0.22987273270802533,-0.4925619809470061,-0.1368095719834117,-0.46684998472349437
2025-12-09,-0.20820305381709736,-0.03982010500134581,-0.09282363170801644,-0.05401505357500813,-0.029909535548404476,-0.018014263535097497,-0.24975905687668898,-0.3695876047529396,-0.2281313093890599,-0.5274793659563498,-0.13809529143756505,-0.46135044301863637
2025-12-10,-0.20820305381709736,-0.032187369738049365,-0.0933959788382982,-0.045927278606085364,-0.0322848452985921,-0.020172674112937106,-0.24975905687668898,-0.373333049332209,-0.20549229523149992,-0.5253099539950674,-0.1378571756194238,-0.4686831652917802
2025-12-11,-0.20820305381709736,-0.03147738144689749,-0.0812228618178743,-0.036972899651119384,-0.011737824806295483,-0.020172674112937106,-0.24975905687668898,-0.36441276274092316,-0.20803753886877419,-0.5629132424374022,-0.13177780479014034,-0.46807210510235153
2025-12-12,-0.20820305381709736,-0.023134657892449173,-0.08879678285137438,-0.032409014514977685,-0.008370954133607,-0.007554342019185367,-0.24975905687668898,-0.3712522467881705,-0.20870732099923017,-0.5751033278503628,-0.1419841632545067,-0.4726550565230665
2025-12-15,-0.20820305381709736,-0.011892755293561486,-0.09255503350967986,-0.016291202916147496,-0.006848931763695276,-0.0058940651657714005,-0.24975905687668898,-0.3705647124198779,-0.19973207692759665,-0.585537194479408,-0.1399682774629063,-0.46257256339749353
2025-12-16,-0.20820305381709736,-0.035678356164037583,-0.0864797122710309,-0.047602571938885174,-0.007356310087200724,-0.01087495906151481,-0.24975905687668898,-0.3685743678290003,-0.1999999999999993,-0.5985537401371556,-0.14073015725483573,-0.4665444546287799
2025-12-17,-0.20820305381709736,-0.04337022702381221,-0.07112637887831352,-0.06481802902995537,0.0,-0.022331084690776826,-0.24975905687668898,-0.3561980751464283,-0.19839251266668478,-0.5842975164272365,-0.12579365001273912,-0.4616559731133506
2025-12-18,-0.20820305381709736,-0.03982010500134581,-0.06992392230111799,-0.058116767548620496,-0.001840138010350767,-0.024489431933114147,-0.24975905687668898,-0.35788084921549,-0.18740792220368319,-0.5962810052515137,-0.12404766918219778,-0.4567674915979214
2025-12-19,-0.20820305381709736,-0.035323362018461535,-0.07052559596938135,-0.054477224737537466,0.0,-0.0195915708806923,-0.24975905687668898,-0.35793511050632176,-0.19356999956563992,-0.5884297683911357,-0.12360322668883306,-0.45768408188206444
2025-12-22,-0.20820305381709736,-0.037867546917324746,-0.07416188111925848,-0.06112074787985711,0.0,-0.020504742150720512,-0.24975905687668898,-0.36461181068107595,-0.180174152552116,-0.5903925837637345,-0.12066666676758542,-0.45371219065077806
2025-12-23,-0.20820305381709736,-0.02402223353974231,-0.05586897341357333,-0.04540728095440516,0.0,-0.021666948615210346,-0.24975905687668898,-0.3552571641418214,-0.1823174860302359,-0.5446281143179612,-0.11269841534150193,-0.45310113046134937
2025-12-26,-0.20820305381709736,-0.020827105662852063,-0.06629791514352401,-0.04205660613866968,0.0,-0.015440815411655762,-0.24975905687668898,-0.3603596802345075,-0.175619562523474,-0.548966938240526,-0.1238889505329156,-0.450045829514206
2025-12-29,-0.20820305381709736,-0.023548877917856648,-0.06325453310849527,-0.04119009030276233,-0.04504206036549452,-0.014361578454984869,-0.24975905687668898,-0.35950929458839154,-0.18245147311698762,-0.5158058212751333,-0.12023811884567959,-0.4595172624503503
2025-12-30,-0.20820305381709736,-0.01911127053145023,-0.05896045645248804,-0.03131145717287376,-0.035106311755458974,-0.011622127980402408,-0.24975905687668898,-0.3542619918463825,-0.18539852471121432,-0.5896694464433072,-0.11601591515871434,-0.4616559731133506
2026-01-02,-0.20820305381709736,-0.02289802522318274,-0.06932156343336893,-0.04015027129967341,-0.047404603714456206,-0.008633578975855816,-0.24975905687668898,-0.3634356550739848,-0.18191562697218255,-0.6262396780521714,-0.12428570931190375,-0.46532233424992264
2026-01-05,-0.20820305381709736,-0.015442877316027559,-0.07947861800745237,-0.01709998041303995,-0.02035728805380399,-0.012701301601571124,-0.24975905687668898,-0.3743101569991474,-0.18030813963886805,-0.6360537302851486,-0.13942861891765934,-0.4567674915979214
2026-01-06,-0.20820305381709736,-0.0042008844337865225,-0.09052691155239356,-0.0032351981377051198,-0.010355236433838177,-0.017184125108390735,-0.24975905687668898,-0.3753415259569174,-0.166242459393787,-0.6539256405972049,-0.1416667259559421,-0.45737855178735
2026-01-07,-0.20820305381709736,-0.01396367485389205,-0.09851469307516725,-0.01993074572723086,-0.0176194588876597,-0.018761432453985094,-0.24975905687668898,-0.37962978566048666,-0.16168786936514468,-0.6358471090664473,-0.1473015786034252,-0.4540177207454924
2026-01-08,0.0,-0.00852013034388277,-0.09738226388539506,-0.016175638087981503,-0.017531054874419194,-0.017267157951712186,0.0,-0.3784355654248951,-0.1669122926253439,-0.6480371944794081,-0.14541269800662482,-0.45493431102963544
2026-01-09,-0.0011196368252029965,-0.005975945445019559,-0.09851469307516714,-0.015540163758270609,-0.008566887931849232,-0.018678399610663865,-0.0009237734329894387,-0.37874320335204126,-0.16208977952429893,-0.6726239865240307,-0.144984150084719,-0.4552398411243498
2026-01-12,-0.002639170094677401,-0.006626798139693246,-0.10211089405513951,-0.02016178723342754,0.0,-0.017765228340635653,-0.0016628203711388512,-0.3845513184415186,-0.15485600987273185,-0.6478305978907246,-0.14757148356448424,-0.4848762603116398
2026-01-13,-0.0014395417774939467,-0.013253596279386715,-0.10020816360370943,-0.03160023701808545,-0.0032794583357991236,-0.018097296378418615,-0.0015704218840214557,-0.38460564713768053,-0.15030141984408962,-0.6467975410572544,-0.14703174933080165,-0.4870149709746401
2026-01-14,-0.006477907490907375,0.0,-0.10245630311580634,-0.01744658674740296,0.0,-0.023327225468623758,-0.0031408437680426893,-0.38950911529021204,-0.12860011088938827,-0.6776859723970405,-0.14741268922676642,-0.4842652001222111
2026-01-15,-0.008397337204653188,0.0,-0.09794885533999809,-0.004390581968960583,-0.0021615546813174014,-0.026066739278708395,-0.006374156502598094,-0.3836647361330733,-0.13074349546860897,-0.6768595121522536,-0.1434762093838836,-0.4864039107852115
2026-01-16,-0.00823735422069205,-0.004580145421722692,-0.10525061513783684,-0.00681691445963728,-0.008192271133260487,-0.02648184015981292,-0.006651281484555405,-0.3876454253148267,-0.14253180404771737,-0.6794421665509383,-0.1479524234604489,-0.4809043690803536
2026-01-20,-0.011996161140572448,0.0,-0.10301659073514224,-0.003928410806431248,0.0,-0.028142117013226664,-0.006466484510320503,-0.38598078327959584,-0.14239791916316746,-0.5963843035458556,-0.147825418265649,-0.482126489459211
2026-01-21,-0.008317345712672508,0.0,-0.09510870347238409,0.0,0.0,-0.024157363895330963,-0.0036951642113525196,-0.3849132176594965,-0.1198928920923592,-0.4963843133978626,-0.14693653327891953,-0.48457073021692554
2026-01-22,-0.005598245141645752,0.0,-0.10858095871741491,0.0,0.0,-0.022081986160812694,-0.0036951642113525196,-0.3926212867920207,-0.10904218651390762,-0.47882232259884905,-0.1557460616657914,-0.48182095936449665
2026-01-23,0.0,0.0,-0.10858095871741491,0.0,0.0,-0.015689850606117273,0.0,-0.3968552852047601,-0.09283322389180793,-0.45506199079901344,-0.16131748740430996,-0.4738771769019241
2026-01-26,0.0,-0.001032482953583047,-0.11209781359696025,0.0,0.0,-0.011705097488221572,0.0,-0.385347510202135,-0.10676491705013691,-0.297520663599671,-0.16049210501498046,-0.4766269477543531
2026-01-27,0.0,0.0,-0.10020816360370943,0.0,0.0,-0.009131649364779615,0.0,-0.38111351178939556,-0.08881453110907189,-0.2816115932902312,-0.16204765374175722,-0.4787656584173533
2026-01-28,0.0,0.0,-0.10580747675974522,0.0,0.0,-0.006724203592478273,-0.0010072393670333968,-0.3848770209971655,-0.07434699180593751,-0.22933886333059306,-0.1772063822305362,-0.4744882370913527
2026-01-29,-0.0008693638774424084,-0.007526277240953894,-0.1063635846622194,-0.00801392116211952,0.0,-0.002490415280120506,0.0,-0.3859083899549355,-0.09738786502155095,-0.5952479484180434,-0.17506349124413567,-0.47357164680720976
2026-01-30,0.0,-0.018105276007401527,-0.10858095871741502,-0.023122855875751247,-0.11366200569716556,-0.0032375841990083254,0.0,-0.3869578235412041,-0.10020098063012672,-0.5502066162926975,-0.17631749724380663,-0.476626947754353
2026-02-02,-0.005821712376809174,-0.010789489746093728,-0.1126725589254417,-0.007197200937943071,-0.1308476073860252,-0.004648825857960115,-0.0023705519284009657,-0.3855102940746282,-0.11024786589026958,-0.6655991852784215,-0.16587302296129902,-0.47968224870149634
2026-02-03,-0.005821712376809174,0.0,-0.10913364062246156,-0.004287664346836362,-0.0779745251665821,-0.005811032322449949,-0.0019146524789236397,-0.38817010840529786,-0.08747486464595777,-0.6579545450067268,-0.16517464576676966,-0.47632141765963876
2026-02-04,-0.008103208043042098,-0.020418816211960067,-0.11133737920789466,-0.03634327110858826,-0.07483453807687657,-0.009546750245884139,-0.004194010605331311,-0.39166231115891315,-0.09377092909466633,-0.6420454746972871,-0.16865078854482896,-0.4750992972807814
2026-02-05,-0.00826058568732535,-0.01884819949484584,-0.1124352058236463,-0.02741059810931512,-0.08592810025410202,-0.009463717402563021,-0.0019146524789237507,-0.3960410288156453,-0.10810448131104888,-0.6375000049260034,-0.1685714670644054,-0.4683776351970661
2026-02-06,-0.010856716598155347,-0.014764436252453828,-0.10858095871741502,-0.018018471304738215,-0.06904326748152756,-0.01087495906151481,-0.0052881275477834055,-0.39175276911207413,-0.1125251353540403,-0.6464876215442114,-0.1634126946763338,-0.47418270699663834
2026-02-09,-0.007237811065436861,0.0,-0.11030156314558526,0.0,-0.05029708275267453,-0.008716548483675202,-0.004194010605331533,-0.3996598187794226,-0.0955124546158338,-0.6758264553187833,-0.1720793989853825,-0.4760158875649243
2026-02-10,-0.00920461146508711,-0.0013048016285809316,-0.1129829542923968,-0.005136784314504594,-0.05915314820865758,-0.008218478094751624,-0.003646986914350281,-0.39837514059066825,-0.10140655780428698,-0.6782024884987667,-0.17593655734784175,-0.4760158875649243
2026-02-11,-0.007473817509877079,0.0,-0.11273004716227941,0.0,-0.04640489794284519,-0.009214682208101177,-0.004102816803338016,-0.3914089345225985,-0.05961158053150173,-0.6736570433575008,-0.1752063910103947,-0.47754353803849603
2026-02-12,-0.002202806844090466,-0.01035156440903473,-0.1135302916414559,-0.004997679098779018,-0.07421399561497999,-0.004233788312357878,0.0,-0.3863064858352425,-0.07608841512490294,-0.6676652989453622,-0.17480955654297115,-0.47296058661778095
2026-02-13,0.0,-0.017115898064657853,-0.11188656659556473,-0.014135004813578766,-0.055731029592778425,-0.0013282088156306715,0.0,-0.3827238251284645,-0.08801071079076306,-0.6649793462523357,-0.1723968362839473,-0.4723495264283524
2026-02-18,0.0,-0.019575648649060806,-0.11188656659556473,-0.008581942448736779,-0.06240596954687161,0.0,-0.0005452340793762334,-0.38348382022674965,-0.10395180144156113,-0.6889462992708724,-0.17134923264793545,-0.4781545982279246
2026-02-19,-0.002192629490902487,-0.005380767936055908,-0.11407680675113241,0.0,-0.06439906857118127,-0.0015733888542989183,-0.002635413605184933,-0.38800732453280473,-0.10421967341286276,-0.690495872206069,-0.16914291475257048,-0.4796822487014962
2026-02-20,0.0,0.0,-0.1200443461107038,0.0,-0.048717678702962286,0.0,0.0,-0.3926031547581901,-0.09819158313765775,-0.6852272897443756,-0.17320639979025343,-0.4775435380384959
2026-02-23,0.0,-0.00887395694061277,-0.12165360562247174,-0.02260747852774292,-0.021378555414974243,0.0,0.0,-0.39576958755083025,-0.09578032658713542,-0.6916322519638989,-0.17833338303540724,-0.4775435380384959
2026-02-24,0.0,0.0,-0.12433431156979768,-0.005861214838009388,-0.030573123616483455,0.0,0.0,-0.3949192019047145,-0.09082382639933895,-0.6988636497981913,-0.1792222680221368,-0.4772380079437816
2026-02-25,0.0,-0.0013195681289487338,-0.1291106316237366,-0.006797049160762736,-0.021058965488970016,0.0,0.0,-0.40186727593895355,-0.0771601074145134,-0.6932851231934374,-0.18222225485234878,-0.473877176901924
2026-02-26,0.0,-0.002791468584303902,-0.1306911812770598,-0.01054031129643418,-0.02668093880665412,0.0,0.0,-0.4063183869203463,-0.07970535105178755,-0.7079545647107409,-0.18663496633151444,-0.4705163458600664
2026-02-27,-0.0016159404387038334,-0.014363304311972858,-0.12963816670766315,-0.021868701512591238,-0.016527509017329134,0.0,0.0,-0.40365857258967663,-0.08935027505167514,-0.7046487729916288,-0.18466668856585522,-0.463794683776351
2026-03-02,0.0,-0.01152110991485944,-0.13235902534484256,-0.02004625961631379,-0.004512635461921932,-0.0017066778436310992,-0.003853739900693154,-0.40525088870557713,-0.09390491618141827,-0.6942148817325658,-0.18577779479926715,-0.4705163458600663
2026-03-03,-0.008540437023360936,-0.04481551989931043,-0.1317417291283085,-0.06196129590056154,-0.03967358676939914,-0.00828934780303825,-0.003316031013713694,-0.4049794474407621,-0.12618885433886595,-0.6845041524239481,-0.17931748407401893,-0.469294225481209
2026-03-04,-0.009079079198949347,-0.031873312785894115,-0.1200443461107038,-0.04275226679785782,-0.03726679277049183,-0.007557905583997382,-0.004481089727503829,-0.39472015396455995,-0.12096448217976774,-0.6986570285794901,-0.16233337758583966,-0.4723495264283524
2026-03-05,-0.019081352109263205,-0.05790998189514429,-0.1264635689711514,-0.07570307446977531,-0.04758951983748161,-0.018529104852865186,-0.010933869875269786,-0.39756088420155355,-0.13958470135238987,-0.6897727348856416,-0.16982539737564073,-0.46043385273449344
2026-03-06,-0.022312852955616913,-0.06339138999414362,-0.12273046513396568,-0.08619415901698002,-0.032396925363128215,-0.02413653918768177,-0.010575374491948897,-0.3955524749821754,-0.16088415124903777,-0.6708677677401149,-0.16453969548120462,-0.4537121906507783
2026-03-09,-0.018773581738011136,-0.055829061910118716,-0.12919772047835032,-0.08190910201841661,-0.04266318940096192,-0.018854121392003154,-0.009410315778158984,-0.39870084314631515,-0.1551239329451346,-0.6776859723970403,-0.1676984009606992,-0.46532233424992275
2026-03-10,-0.014234100839732533,-0.04243009014944976,-0.1317417291283085,-0.06279860156951378,-0.016677893475471883,-0.014384430951346117,-0.006363139207934854,-0.40355005000801514,-0.14963163771363375,-0.6880165407317438,-0.17376195290695928,-0.46684998472349437
2026-03-11,-0.011464226199659033,-0.038471308318615005,-0.13954039559306974,-0.060729950771747254,-0.028391998114593697,-0.011865149757477766,-0.005825430320955505,-0.40914105252883926,-0.15418622774227586,-0.6684917345601313,-0.1805714900736899,-0.45707302169263586
2026-03-12,-0.016696146407357948,-0.06389888045420578,-0.13954039559306974,-0.09200607195041766,-0.03809418271968712,-0.017228790686744655,-0.008782965951348753,-0.40944869045598553,-0.17736103694354022,-0.6660124030858061,-0.18231747090423123,-0.45218454017720666
2026-03-13,-0.031468830721482655,-0.0718672473726738,-0.13278967322151203,-0.10333446216657471,-0.04999622202658549,-0.03128814309656058,-0.018820563180315553,-0.4041833230854779,-0.18861355047894435,-0.6765495926392107,-0.1676349740517349,-0.446990528567063
2026-03-16,-0.018465811366759066,-0.060853705361865296,-0.13365233937382226,-0.09550312518459991,-0.060995770965020846,-0.019748071880613116,-0.01111315175493155,-0.3963847959997908,-0.18298726816069188,-0.6877066212187011,-0.15411111577015602,-0.44515734799877704
2026-03-17,-0.016388434737302005,-0.05714863003906734,-0.13591856815233783,-0.09624190219975115,-0.059679585621960074,-0.01446571608732683,-0.005018866990486259,-0.4049070541161016,-0.1808439346825722,-0.6866735643852308,-0.16930163340185278,-0.44515734799877704
2026-03-18,-0.015311209087321198,-0.06156425396114362,-0.13954039559306974,-0.10963894321367518,-0.08056934564306906,-0.012677815110107127,-0.007886761681048515,-0.4086344340668706,-0.19651710226096764,-0.6833677726661185,-0.1757301549841831,-0.4338527344943468
2026-03-19,-0.011541124766575095,-0.05775772701272641,-0.1338350820766191,-0.10973747186747607,-0.13494654787334948,-0.007882984125527681,-0.005108439554314281,-0.40414712642314676,-0.2036168848257831,-0.6729339060370734,-0.16474602215642842,-0.42590895203177426
2026-03-20,-0.015695936726685678,-0.07841443964859618,-0.132266043774653,-0.13268976310585112,-0.14064380522990838,-0.017310075822725146,-0.007348984418066196,-0.4019577338921164,-0.21781650105651473,-0.6802686021657075,-0.17144444869981768,-0.4311029636419179
2026-03-23,-0.014772625612929136,-0.04963710521184084,-0.13279015286115203,-0.09742402057933586,-0.17191257172755625,-0.011702579485516562,-0.004749944170993725,-0.39640292803362165,-0.19156065317427218,-0.7013429812725166,-0.1568412733277449,-0.43843568591506177
2026-03-24,-0.017850270624255038,-0.04654112686270173,-0.1280537114172723,-0.097473247328565,-0.1728151539058228,-0.018935406527983867,-0.008424470568028308,-0.4025910743749076,-0.1864702170008249,-0.6959710758864637,-0.16938095488227634,-0.43476932477848973
2026-03-25,-0.01938912248051594,-0.030553744656945048,-0.12752439481468303,-0.08043147283277108,-0.14451716903001888,-0.01747258409229424,-0.005646216817296712,-0.40355005000801514,-0.17963830640731115,-0.6950413419773528,-0.1694285629082175,-0.4289642529789175
2026-03-26,-0.02092791563558105,-0.04496777478172764,-0.13069118127705992,-0.10111805596577783,-0.1772901473483075,-0.020073150422143415,-0.009141461334669532,-0.4055222625650621,-0.1864702170008249,-0.6901859526930263,-0.1687618991681703,-0.42926978307363195
2026-03-27,-0.017696414789227122,-0.05166722194006779,-0.13278967322151203,-0.11894790938129507,-0.1553850627102269,-0.019666848747024734,-0.005377293997804289,-0.4069155307408081,-0.1961152432029144,-0.6802686021657076,-0.16903180412922936,-0.43538038496791853
2026-03-30,-0.01785027062425526,-0.04577985245061389,-0.13591856815233783,-0.12160765694652509,-0.1489921624725037,-0.019260485069513833,-0.005825430320955838,-0.4087248920200316,-0.19048896088466183,-0.7017561990799013,-0.16857146706440562,-0.44301863733577673
2026-03-31,-0.013464645561004684,-0.01989543822378137,-0.1338350820766191,-0.08008666012213905,-0.12612812443680377,-0.009508376833178178,-0.00026885444349011856,-0.40414712642314676,-0.16637644648053895,-0.7020661185929442,-0.1644444794293225,-0.4405743965780621
2026-04-01,-0.006078391455736631,-0.018372811955616797,-0.13695650833305228,-0.06659116560975653,-0.10063171571498264,-0.008614426344568216,0.0,-0.4074945425274391,-0.15726726642325473,-0.7087810003255103,-0.17574604955564188,-0.4448518179040627
2026-04-02,-0.006386103125792575,-0.016799459874642597,-0.1421090029045594,-0.07255083394622464,-0.12539483953620212,-0.00804555439748833,-0.00026812981600843333,-0.4121808307059873,-0.1594105999013744,-0.7107438156981092,-0.18182542038492522,-0.44729605866177735
2026-04-06,-0.005155021640783852,-0.01700251801385877,-0.1477061234222412,-0.07176275502650153,-0.12439833592894911,-0.005201132659697794,0.0,-0.41594440731908744,-0.1689216390167122,-0.7096074359402795,-0.18128576183967826,-0.44515734799877704
2026-04-07,-0.0040009561250833325,-0.015632146628111743,-0.14871590190409967,-0.07131948881741068,-0.12434187289979293,-0.00503862439012881,0.0,-0.4178080972944729,-0.17789688308834584,-0.7035124178638168,-0.1843968592932318,-0.4512679498930636
2026-04-08,0.0,0.0,-0.13591856815233783,-0.0333940738810079,-0.10696824473335309,0.0,0.0,-0.41285030044577953,-0.15673142027844955,-0.7185950525584874,-0.18244447609903147,-0.45340666055606405
2026-04-09,0.0,0.0,-0.14618683060292637,-0.017682098012486214,-0.09893947741676179,0.0,0.0,-0.41835091241877287,-0.14360349633732816,-0.7241735545332237,-0.19044444097959745,-0.4573785517873502
2026-04-10,0.0,0.0,-0.14466219322762408,-0.013397041013923139,-0.1046367347733207,0.0,0.0,-0.4205221729159724,-0.1453449707573945,-0.7264462894188655,-0.19114289386256234,-0.46104491292392225
2026-04-13,0.0,0.0,-0.16113980193623534,-0.01241197994194021,-0.10830325108613259,0.0,0.0,-0.4329165302270448,-0.1395847013523902,-0.728615701380148,-0.20555556144243525,-0.4619615032080653
2026-04-14,-0.0006815322666471335,0.0,-0.15621397135454895,-0.0033492226758091714,-0.09277224567605635,0.0,0.0,-0.43244610842740716,-0.1284662260048387,-0.7315082752918756,-0.20723811536401193,-0.4586006721662076
2026-04-15,0.0,-0.0036188881545213825,-0.15571822952675185,-0.0013791005318435356,-0.0974729076155586,0.0,0.0,-0.4320299479185977,-0.1336905981639369,-0.7303719201640635,-0.20876195063630654,-0.44851817904063473
2026-04-16,-0.000605478151050276,-0.00919400265700554,-0.15372930098003956,-0.0023641616038262425,-0.10021811255018853,0.0,0.0,-0.43117956227248355,-0.14052240655524872,-0.7265495877132073,-0.20755555266257686,-0.4518790100824923
2026-04-17,0.0,-0.014573531835895492,-0.15571822952675207,-0.004186603500103692,-0.0866425641449845,0.0,0.0,-0.43322416815419107,-0.13261890587432668,-0.7237603367258392,-0.20839841908051104,-0.45157347998777797
2026-04-20,0.0,-0.013106380730525058,-0.15621397135454906,-0.009062682110787978,-0.0962319145015692,0.0,-0.0006996224934169293,-0.4308538597168369,-0.1373074318886196,-0.7222107637906425,-0.20534923476721179,-0.4476015887564916
2026-04-22,-0.0028632073486842824,-0.028413525430308284,-0.15571822952675207,-0.03432990820376103,-0.11016469485221458,-0.0026257306671975122,-0.0019239284970599124,-0.4314328715034679,-0.14320163727927482,-0.7188016737771885,-0.20507940549458825,-0.4448518179040627
2026-04-23,-0.01002111075061718,-0.03550466871345981,-0.16211806124175843,-0.049598542707849136,-0.11531660197594851,-0.006922364293996508,-0.004285071012750441,-0.4342916663689601,-0.1541862277422763,-0.7299586777266611,-0.20874605606484764,-0.44332416743049097
2026-04-24,-0.006555116856432064,-0.03917250916568349,-0.15621397135454906,-0.0516179667563863,-0.1120826016474531,-0.007956715448534268,-0.005421907524797986,-0.43025671589637515,-0.15914267682897187,-0.7393595121522536,-0.20146036295027003,-0.44393522761991966
2026-04-27,-0.007609964568613958,-0.04508999126246249,-0.16309405938897903,-0.06235533536042248,-0.12090102508399869,-0.006604088391464424,-0.003935259766042032,-0.4354316253137218,-0.15887475375656934,-0.7365702611648856,-0.20966665450605948,-0.43690803544149004
2026-04-28,-0.008514201871754112,-0.049295784632575224,-0.158191251510007,-0.06407917344755687,-0.13667642819100778,-0.007797607849728827,-0.0056843159995841885,-0.4323737151027448,-0.15525786893078575,-0.7356405026257569,-0.20641273297468266,-0.43140849373663204
2026-04-29,-0.014767982940324553,-0.06885760037776845,-0.15966819900111484,-0.08988819440342144,-0.14538201737904466,-0.014162943785603677,-0.00839526976198346,-0.43369458995383037,-0.17427999826256224,-0.7265495877132073,-0.20725400993547105,-0.4298808432630603
2026-04-30,-0.011528019629480024,-0.05614239029443113,-0.1581912515100069,-0.07944641176078804,-0.13231417718722827,-0.008274991351066352,-0.004285071012750441,-0.4331698394580291,-0.16610852340813642,-0.7141529057115632,-0.20357146479375277,-0.4320195539260606
2026-05-04,-0.014843288144845368,-0.06470068468295309,-0.16552411936448974,-0.09412402465275527,-0.15021433457677447,-0.017584333856670464,-0.007870586251757294,-0.4288092538351276,-0.18004021656646552,-0.7038223127468419,-0.21397953293877603,-0.4210204705163446
2026-05-05,-0.00979508016727626,-0.05912557018046927,-0.16309405938897892,-0.09156280574132636,-0.14338901016453842,-0.0127307325766709,-0.006121530018215027,-0.42627609411995016,-0.16999333130632255,-0.7119834691202629,-0.20876195063630654,-0.43110296364191747
2026-05-06,-0.008890957833914026,-0.05408840859587449,-0.17129898062872406,-0.08304191849342923,-0.11967885297972813,-0.007320163643470323,-0.0027109537623989377,-0.43467166391810264,-0.1496316377136342,-0.7179752135324016,-0.21788891632174323,-0.4466849984723483
2026-05-07,-0.009569049583935674,-0.07692681952369884,-0.1674579578725639,-0.11220016212510375,-0.11631319739300527,-0.009388926657467378,-0.002098800760577446,-0.4297320328059058,-0.1592766639157237,-0.7139462844928619,-0.21709971300459163,-0.4466849984723483
2026-05-08,-0.006027750485229855,-0.07203636558740056,-0.1674579578725639,-0.10042850569985562,-0.11243983359289456,-0.0074793319471971875,-0.0010493670204519967,-0.4295329848657513,-0.15204289426415651,-0.7151859625450334,-0.2150952561667545,-0.4424075771463476
2026-05-11,-0.009418324205116013,-0.08392013283385091,-0.16986273398705787,-0.1191941934381262,-0.11275942351889867,-0.0074793319471971875,-0.0033231067642204293,-0.4332965614788514,-0.14655059903265566,-0.6993801658999177,-0.2201111287885671,-0.4369080354414896
2026-05-12,-0.009719774962755445,-0.09091352076640802,-0.17034209954715018,-0.12732111638150412,-0.12048733010940116,-0.011696381422132918,-0.002973295517511909,-0.435413526982557,-0.14989956078603672,-0.706301668851185,-0.22120634045052012,-0.42896425297891705
2026-05-13,-0.017405044735890107,-0.10724761900426716,-0.17225373759189233,-0.1448061570863891,-0.11670797954808076,-0.017345642106001757,-0.007957989023679612,-0.4364810588999921,-0.15351644561182043,-0.7041322322598847,-0.22068257647673184,-0.42988084326306
2026-05-14,-0.013788440432663251,-0.10084113628730096,-0.15472503287244388,-0.13456135659601554,-0.12039331687061128,-0.014242527937466942,-0.006471341264923325,-0.4238514569864359,-0.15083726598889535,-0.7010330617594737,-0.20239685596294055,-0.44821264894591983
2026-05-15,-0.02154913038009687,-0.10636737311448796,-0.16211806124175832,-0.14485545899096075,-0.14338901016453853,-0.020528340426399727,-0.009794448029143976,-0.42812165206150476,-0.1599464460461797,-0.694214881732566,-0.20569846120869406,-0.4430186373357762
2026-05-18,-0.01732973953136918,-0.10788340189515555,-0.15621397135454895,-0.14874647652966233,-0.14400946081663157,-0.0182208856617343,-0.009357234010513249,-0.4236524090462813,-0.17093103650918118,-0.6876033229243592,-0.19676192762702205,-0.4170485792850581
2026-05-19,-0.02252867288775784,-0.12240805605575378,-0.16162923992876532,-0.16751216426793292,-0.15269632080475326,-0.022756211039202112,-0.01303015202144231,-0.4298767520498984,-0.18338917831984636,-0.6783057867931084,-0.2054564095919058,-0.41918728994805843
2026-05-20,-0.01959016033455263,-0.10592717554719322,-0.15720381053137766,-0.14017628737719356,-0.1479956588652508,-0.020369172122673196,-0.008832550500287084,-0.424557123388559,-0.16075016416228627,-0.6896694365912999,-0.19711115406850443,-0.430797433547203
2026-05-21,-0.01974077074359437,-0.10578046789889672,-0.1635811677032578,-0.1351524533634788,-0.14639743380582004,-0.020210064523868088,-0.009182295027322596,-0.42924347897243564,-0.15981245895942764,-0.6882231619504451,-0.20449206323496438,-0.43507485487320363
2026-05-22,-0.017480464910188842,-0.11164907232037846,-0.1630940593889787,-0.14574199140914235,-0.14993229486040438,-0.018061717358007656,-0.00865761151709643,-0.42913488898544394,-0.1544541508146785,-0.6996900854129605,-0.2036349673911526,-0.43385273449434625
2026-05-26,-0.016500922402527762,-0.11027975118800759,-0.1630940593889787,-0.13530020876650917,-0.153805658660515,-0.015674739146400163,-0.007608177776971092,-0.4296596394812433,-0.1610180872346888,-0.7010330617594737,-0.20469846559862326,-0.44087992667277587
2026-05-27,-0.01476798294032422,-0.11404534699082569,-0.15720381053137766,-0.13618674118469087,-0.16375224096254126,-0.015436047395731789,-0.005421907524797986,-0.4268550385012507,-0.1535164456118201,-0.6859504270648031,-0.19928575850938712,-0.44699052856706245
2026-05-28,-0.011377294250660142,-0.11825114036093831,-0.15372930098003945,-0.14313154574848397,-0.1540125061478137,-0.011855489020938692,-0.0015741172503510592,-0.4247561713287117,-0.15231081733655882,-0.6606404976997531,-0.19477783097833934,-0.4430186373357762
2026-05-29,-0.012959623303821832,-0.12460874540260714,-0.15472503287244388,-0.14889423193269258,-0.1425052489959907,-0.01312859263106636,-0.0040227292576372475,-0.42609511080829776,-0.16222371550995007,-0.6601239815980269,-0.1981428631330573,-0.45401772074549207
2026-06-01,-0.015295349311526096,-0.132580209197943,-0.15720381053137766,-0.15884352161700543,-0.15854387080965116,-0.017266057954138825,-0.005596846507988751,-0.4278502107966895,-0.1683857928719068,-0.67159092969056,-0.2001270354701754,-0.45737855178734976
2026-06-02,-0.01650092240252765,-0.12177227316486561,-0.1581912515100069,-0.1536226302956889,-0.15593032113324845,-0.019334820968135658,-0.006208999509810242,-0.4288815797544595,-0.1394508164678403,-0.6728305831127138,-0.20022225152205764,-0.4616559731133504
2026-06-03,-0.031118179964032433,-0.14231216477283737,-0.16211806124175832,-0.17721516989541453,-0.1657828901964845,-0.031747277642274585,-0.014954080518502333,-0.4321566025340915,-0.15766912548130796,-0.6679752184584049,-0.20306351970298753,-0.47265505652306616
2026-06-05,-0.040913202646419955,-0.14783840160002404,-0.15621397135454895,-0.18007189961290415,-0.18451034572542235,-0.0401018531452042,-0.022037574785247482,-0.427651230261867,-0.17508371637866893,-0.6664256208931907,-0.19671431960108077,-0.48976474182706864
2026-06-08,-0.04272150479803338,-0.15038145854117257,-0.14313214277638586,-0.18411074770997837,-0.1847360142224399,-0.04495545442520388,-0.025273278777545705,-0.4154920501479483,-0.17454792133496477,-0.6748966967796546,-0.17825398586654828,-0.488237091353497
2026-06-09,-0.04776977026049123,-0.14358373055461404,-0.1390248515001402,-0.17637786422646196,-0.19900720550880824,-0.04829726034440718,-0.027022268291414853,-0.4122713560644783,-0.17294038290054925,-0.6756198341000821,-0.17411110366000637,-0.4873205010693541
2026-06-10,-0.04505728829062672,-0.14994126097387783,-0.14056970226026622,-0.18391369040237637,-0.2275495880815448,-0.043602827368134034,-0.024661125775724324,-0.41449687785250955,-0.17937043443600964,-0.6709710906644744,-0.17617459747754782,-0.4879315612587827
2026-06-11,-0.02117237441793618,-0.13414511565390774,-0.14005546004635916,-0.16214351754358602,-0.23091528957316942,-0.023472286291208122,-0.011805846017799437,-0.4147863837458251,-0.171064972494832,-0.6810950624104942,-0.175857160178983,-0.49679193400549826
2026-06-12,-0.016425617198006615,-0.13693271021635212,-0.15022615009020512,-0.16253755700344763,-0.20746839699991226,-0.01487907974253111,-0.003760387502524165,-0.42220494698503375,-0.16865371594430967,-0.6776859723970403,-0.18828573111017322,-0.495569813626641
2026-06-15,-0.015672105273686232,-0.14055159837087372,-0.15670916502275756,-0.16519722941333526,-0.18622140503336182,-0.016072538495874422,-0.0065588107565187626,-0.42756070490337394,-0.1533824585250687,-0.6748966967796546,-0.19668253045816275,-0.4922089825847834
2026-06-16,-0.020795618455775933,-0.1451486370105789,-0.15522193953936636,-0.1650494740103049,-0.18567614661034026,-0.019334820968135658,-0.00830780027038791,-0.4269093671974128,-0.16637644648053918,-0.6653925640597202,-0.19442860453685662,-0.4943476932477837
2026-06-17,-0.02697409431982556,-0.15150624205224772,-0.14972335070770681,-0.16967934371950022,-0.18041140523809773,-0.02936029943066709,-0.014954080518502444,-0.4245752554223897,-0.18459480659510785,-0.6751033179983557,-0.19017461170697347,-0.485487320501068
2026-06-18,-0.028481003198688626,-0.1522887325914326,-0.15372930098003945,-0.17036889398542232,-0.20575733769197269,-0.029996790530809503,-0.015916044767032456,-0.42300107134031983,-0.19477562784090163,-0.666012403085806,-0.1869682982015377,-0.48976474182706864
2026-06-22,-0.027049399524346485,-0.14206770177394634,-0.15273151348917824,-0.1584987089063732,-0.21369209176977388,-0.03039465058520474,-0.014954080518502444,-0.4226391721223419,-0.1937039866523924,-0.6639462894188654,-0.18231747090423078,-0.4970974641002126
2026-06-23,-0.03420741789605708,-0.13707941786464872,-0.15372930098003945,-0.15421365190781,-0.22346946860393868,-0.03270210534987028,-0.015566233520324047,-0.4225305821353502,-0.20348294884013263,-0.6748966967796546,-0.18150798308636018,-0.4992361747632129
2026-06-24,-0.030440088214010674,-0.1393779371845012,-0.15072853835301203,-0.15421365190781,-0.24971793733117864,-0.03134947829280055,-0.013817244006454898,-0.41802520986312586,-0.20977896218774028,-0.6672520811379776,-0.17496827519225322,-0.5025970058050706
2026-06-25,-0.02983730166850973,-0.13346045508772209,-0.15123003585648764,-0.1478599441114804,-0.24215928211343918,-0.030235542986399522,-0.01469173876338925,-0.4175909847258178,-0.20977896218774028,-0.6546487779176322,-0.17341272646547645,-0.49312557286892633
2026-06-26,-0.029083789744189237,-0.1266138494258665,-0.15273151348917824,-0.13574347497560002,-0.23309641507505907,-0.030235542986399522,-0.013117621513037747,-0.4191832334363881,-0.21888814224502462,-0.6662190243045072,-0.17553972288041808,-0.4955698136266409
2026-06-29,-0.03277581422171483,-0.12710285004605337,-0.15472503287244388,-0.13500469796044867,-0.2437010900486155,-0.033338657154934115,-0.014954080518502333,-0.42175258981389674,-0.22411256550522374,-0.6713843084718589,-0.17925398147661853,-0.5087076076993571
2026-06-30,-0.033905967138417537,-0.1324335015496464,-0.1497233507077066,-0.14160468981360952,-0.24358830170500856,-0.034373008309471764,-0.013817244006454565,-0.4210107267494423,-0.22880109151951666,-0.6616735545332235,-0.17749414966237742,-0.4955698136266409
2026-07-01,-0.03993371762364739,-0.13478089854479613,-0.15223159194451918,-0.14391962466820718,-0.23505187207993128,-0.03747612247800647,-0.01539136125680618,-0.42428574952907416,-0.22304087321561317,-0.6673553794323193,-0.17861910687948923,-0.485487320501068
2026-07-02,-0.0428722301768526,-0.12930361401531176,-0.14720030916200622,-0.13702404685364356,-0.22670346893243432,-0.041454480202273714,-0.019501493286365745,-0.4188937275430725,-0.21982584744788303,-0.6698347109066445,-0.171333338076476,-0.4805988389856388
2026-07-06,-0.02501512427428121,-0.13086852047127662,-0.1487159019040991,-0.13731963281504644,-0.21873116464499898,-0.027689396471064942,-0.010144259275852274,-0.41900231753006434,-0.21165442369455834,-0.6647727496636523,-0.17707937703573584,-0.4613504430186359
2026-07-07,-0.024261612349960715,-0.13169988868575866,-0.15522193953936614,-0.13983154982190382,-0.220573879211166,-0.02649587701280076,-0.008307800270387466,-0.42585993361114227,-0.21419961623073147,-0.6627066113666938,-0.18355558233244273,-0.4592117323556357
2026-07-08,-0.022830008675618574,-0.13898669191490887,-0.15372930098003912,-0.14973153760164526,-0.23456303078116414,-0.02562063345706822,-0.008482739253578342,-0.4237429344047725,-0.21942398838982968,-0.6681818396771062,-0.17922226802213637,-0.4686831652917799
2026-07-09,-0.023282069842299746,-0.1294991993389054,-0.15323068131440276,-0.1297345047345605,-0.22333781334571134,-0.02331317869240257,-0.006733683020036185,-0.4252447251621818,-0.20897524407163337,-0.688842976346513,-0.18039687685294825,-0.47723800794378113
2026-07-10,-0.01981619091789255,-0.10137908920519034,-0.15720381053137733,-0.09402549599895449,-0.2283205150015838,-0.020210064523867755,-0.0031482345007024515,-0.4278140815396887,-0.19115874301511815,-0.6962809953995066,-0.1850952364877606,-0.4647112740604936
2026-07-13,-0.0207956184557756,-0.11433876228741902,-0.1635811677032576,-0.10845689998943242,-0.2484581691123724,-0.021403583982132268,-0.004634882259458295,-0.4291168243569433,-0.19263229436278195,-0.7007231422464308,-0.18923811869430263,-0.46501680415520796
2026-07-14,-0.019590160334551965,-0.10861694013663858,-0.1586841154999643,-0.1026449119006525,-0.23640565353752774,-0.01814130150987081,-0.0036729180109281723,-0.42643887799244296,-0.19356999956564058,-0.7000000049260033,-0.18287302402093686,-0.46990528567063716
2026-07-15,-0.01883664841023147,-0.11164907232037868,-0.1655241193644893,-0.10318670676354447,-0.23962092466610796,-0.01901654506560324,-0.000437214018629728,-0.4324823050897362,-0.18137978082737793,-0.6979338912590627,-0.19239682417379722,-0.45310113046134914
2026-07-16,-0.02094634383459526,-0.12460874540260725,-0.16162923992876488,-0.10840759808486122,-0.2506016525948246,-0.0195735127188037,0.0,-0.43157759074746027,-0.18553251179796681,-0.7047520712859705,-0.19192066822595033,-0.460433852734493
2026-07-17,-0.022001191546777155,-0.12416862245771754,-0.1596681990011144,-0.11880015397826493,-0.2455061625953452,-0.022119659234137945,-0.004634882259459072,-0.4301119966523822,-0.1833891783198469,-0.6992768676055758,-0.18831752025309112,-0.4564619615032067
2026-07-20,-0.024939704099982363,-0.12666272710116389,-0.1586841154999642,-0.11786431965551158,-0.24595740777957675,-0.022835795191065045,-0.005247035261280564,-0.42924347897243553,-0.19263229436278206,-0.704545474697287,-0.1861905238381495,-0.4506568897036345
2026-07-21,-0.0274261554865064,-0.12509782064519903,-0.16358116770325737,-0.11328375185088779,-0.23452538876172668,-0.028485055874933995,-0.006121530018215027,-0.43166804870062137,-0.18968519166745446,-0.704028933965543,-0.18977777723954992,-0.4466849984723481
2026-07-22,-0.03172096650953293,-0.10519363730571063,-0.16697544039483758,-0.11328375185088779,-0.2202730184850772,-0.034532176613198184,-0.010581540014156454,-0.4359020471133608,-0.1863362299140735,-0.697830592964721,-0.1924603267711974,-0.43538038496791787
2026-07-23,-0.03292642463075657,-0.10851918478604405,-0.16986273398705753,-0.10106882921654858,-0.23913203746243894,-0.030792510639599535,-0.011193693015978057,-0.43834474887537733,-0.1691895620891153,-0.6987603515038496,-0.1964304879678861,-0.4329361442102032
2026-07-24,-0.028179667410827114,-0.1231415942972367,-0.16745795787256335,-0.11727329804339048,-0.23518348143325696,-0.03214513769666938,-0.00743330551345367,-0.4371867253021151,-0.1721366647844429,-0.7034090949394574,-0.1909682806418207,-0.432630614115489
2026-07-27,-0.026823368941005787,-0.11585486569049153,-0.1689025639479531,-0.10692996889921591,-0.23388611709991514,-0.03023554298639919,-0.007345836021858121,-0.4379466866977342,-0.16651038246619043,-0.714152905711563,-0.19325399570604473,-0.4479071188512055
2026-07-28,-0.02998791207755158,-0.11135558240138066,-0.16309405938897836,-0.10220164569156176,-0.2410687193624943,-0.03055381888893094,-0.007608177776971203,-0.43405648917180606,-0.1494976506268828,-0.7250000147780105,-0.18682131125976076,-0.4396578062939185
2026-07-29,-0.035563601396100375,-0.12265259367704995,-0.16015934999235815,-0.12136137288969384,-0.2413695800885831,-0.04034054489587224,-0.01276781026632956,-0.4327536789492211,-0.1627595616547559,-0.7184917542641456,-0.18458729139699592,-0.45126794989306296
2026-07-30,-0.03292642463075679,-0.10475351436082103,-0.1557182295267513,-0.10727478160984805,-0.22907262091190417,-0.03548694361587257,-0.009707045257221991,-0.43201188329009865,-0.16155393337949475,-0.7150826642506918,-0.18617462926669048,-0.45523984112434923
2026-07-31,-0.028330277819868854,-0.10142796688048739,-0.15966819900111417,-0.09968972868470449,-0.23866197126848887,-0.025381941706399402,-0.0056843159995841885,-0.4264027487354437,-0.15740120240890598,-0.7162190193785039,-0.193952372900574,-0.4613504430186358
2026-08-04,-0.021398405001276544,-0.09727112580807684,-0.1541578247383032,-0.09594639139369077,-0.22166439605720933,-0.022835795191065045,-0.0027109537623989377,-0.41520254425463266,-0.14333557326492607,-0.7244834740462665,-0.1886349575516557,-0.43171402383134594
