data,B5MB11.SA,BOVV11.SA,EURBRL=X,FIND11.SA,GC=F,IB5M11.SA,IMAB11.SA,JPYBRL=X,MATB11.SA,NG=F,USDBRL=X,ZC=F
2020-01-03,0.0,0.0,0.0,0.0,0.0,0.0,0.0,0.0,0.0,0.0,0.0,0.0
2020-01-06,0.0,-0.7020824077857757,0.0,-1.8873636550491568,0.0,0.0,0.0,0.0,-0.7789441823611964,0.0,0.0,-0.4527813712807194
2020-01-07,-0.6862964343773759,-0.8035903974177416,0.0,-2.2907112988202805,0.0,-1.9709559085108963,-0.5215044490214149,-0.21049298654486348,-0.40289474355613697,0.0,0.0,-0.5174644243208348
2020-01-08,-0.48736608246227053,-1.158858680794972,-0.24651035872461646,-3.2267811501690113,-0.9161486173001832,-1.4522837175506287,0.0,0.0,0.0,-0.9713186411464014,0.0,-0.5821474773609503
2020-01-09,-0.48736608246227053,-1.3957042030464328,-0.6756995025293255,-4.155244831578497,-1.2787948232496849,-1.4522837175506287,0.0,-1.05771992385848,-0.39883414901519254,0.0,-0.083612442141201,-0.8408796895213677
2020-01-10,0.0,-1.7763478704425073,-0.013202913456911158,-5.022824316054352,-0.9097880381659595,-1.5560165728807807,0.0,-0.669706789308977,0.0,0.0,0.0,-0.19404915912032417
2020-01-13,-0.029735811715847493,-0.3129781278645827,-0.6756995025293477,-4.794517286908196,-1.4887405323284364,-1.5560165728807807,-0.0649981171967573,-1.1666827876790187,0.0,-0.9082643873763119,-0.5278523416419656,0.0
2020-01-14,0.0,0.0,0.0,-4.619476672283218,-1.87046847568062,-1.4522837175506398,-0.3639656547330672,0.0,-0.20471296649509085,-0.6811928768494568,0.0,-0.12836970474967568
2020-01-15,0.0,-1.0400839968840003,-0.42042441743668224,-5.471838010643959,-1.2533447404378784,-1.4522837175506398,-0.3639656547330672,-0.2652846250838281,-0.8444263449150058,-3.723888319189017,-0.3497549507020081,-0.5134788189987138
2020-01-16,-0.13859953142029147,-0.8033185865685799,0.0,-5.197864930679308,-1.4505692912482049,-1.7946092630186983,-0.5329567925164702,0.0,-1.2538425166536915,-5.6766578347845815,0.0,-3.594351732991019
2020-01-17,-0.16830590510291676,0.0,0.0,-3.729067065516367,-0.827077210596372,-1.628630363042849,-0.25997263414638816,-0.06054368701641222,0.0,-9.037233902603747,0.0,-0.06418485237483784
2020-01-21,0.0,-1.318219743861171,-0.2533827627843932,-6.392689715877575,-0.9797699411922101,-0.9336115265903944,-0.2859758479532126,0.0,-1.5557271731565292,-13.941868090855037,0.0,-0.5134788189987138
2020-01-22,0.0,-0.07556367677885589,0.0,-4.490102108476723,-1.0497518442184717,-0.9336115265903944,0.0,0.0,0.0,-13.487735897166885,0.0,-0.19255455712452463
2020-01-23,-0.009834209491310641,0.0,-0.6086963275863333,-2.3592016656931114,-0.4580781917875476,-0.2282170303120501,0.0,-0.535073519860152,0.0,-12.534056124948666,-0.702929725032464,0.0
2020-01-24,0.0,-0.8664508257136938,-1.2709764098618792,-3.592080525534047,-0.04453958648937828,-0.9336115265903833,-0.23352400220528757,-0.6707914226441347,-2.9876520604263157,-14.032693446856104,-0.9926624667913053,-1.6507936507936471
2020-01-27,0.0,-4.232276833056914,-1.2731226216651792,-5.631654672917252,0.0,-1.348550862220499,-0.10379064498473589,-0.6472999157572601,-8.790126847632163,-13.623976638009882,-1.220634778097851,-3.36507936507936
2020-01-28,0.0,-2.449389711993699,-0.7094354216110488,-4.543374329234484,-0.4819950165462217,-1.6390060228687275,-0.23352400220530978,0.0,-8.148146264347023,-12.170749287261584,-0.11398615565327841,-1.8412698412698547
2020-01-29,0.0,-3.3824857118086027,-0.9944932293149633,-5.403341837534514,-0.44393707402548,-1.3070561372265477,0.0,-0.44574695463531766,-9.283946472921489,-14.759307122230247,-0.4155863215254296,-2.412698412698411
2020-01-30,0.0,-3.274181742184301,-0.22504563766099217,-5.418565789886209,0.0,-1.473027122892856,0.0,0.0,-9.58024955090181,-16.939142734669876,0.0,-3.619047619047633
2020-01-31,0.0,-4.732150598134877,0.0,-6.012172194397425,-0.037889206563779254,-0.4253149954560276,-0.4139711283192904,0.0,-11.382717556423605,-16.39418518498067,0.0,-3.1746031746031966
2020-02-03,0.0,-4.098973772374926,0.0,-5.898015776706044,-0.3978559411509375,-0.41493933563012675,-0.3881022508588017,0.0,-10.098765808858989,-17.393274928358025,0.0,-3.8095238095238293
2020-02-04,0.0,-3.215863242195871,-1.093366279712793,-5.936069851348691,-2.090304741770599,-2.220446049250313e-14,-0.19405112542938419,-1.047859926288186,-8.617288094979747,-14.986373219074311,-0.8359403348949912,-2.920634920634957
2020-02-05,0.0,-2.824293446742232,-1.0680818956879223,-4.64230679457417,-1.6229839704373195,-0.8609977364283483,0.0,-1.6173506564824303,-8.197530110677087,-15.485920797604368,-0.6748271373413717,-3.3015873015873387
2020-02-06,-0.9093563382178371,-3.5407815073085547,-1.940257531044709,-6.012172194397413,-1.1619844909417365,-0.2282170303120723,-0.2713166412567136,-2.4526062418250283,-8.962965600284534,-15.440505412762452,-1.1441597913344648,-3.6825396825397205
2020-02-07,-0.4211758746673011,-4.823794863293839,-1.0217422598091552,-6.225261077428456,-0.9409551256117754,-0.12448417498193143,-0.3746781780493702,-1.4756050002187715,-11.333333710093562,-15.622156124764597,-0.042031950294729725,-2.6031746031746517
2020-02-10,0.0,-5.731898128290791,-0.45925763561777133,-7.146112782662084,-0.5557340592437621,0.0,0.0,-0.3619403153952705,-13.629630759910306,-19.80017663764174,0.0,-3.047619047619099
2020-02-11,0.0,-3.382485711808614,-0.6825678687815806,-4.710802967683636,-1.1304088673231738,0.0,0.0,-0.3695306335812498,-10.172836868851276,-18.801086894264373,0.0,-3.5555555555556118
2020-02-12,0.0,-2.2827608861411997,-0.4339732515928896,-3.5616384270672707,-1.016733538739334,-0.964463906844859,0.0,-0.25816510799565595,-7.97530751169464,-16.257944444137674,0.0,-2.7301587301587826
2020-02-13,0.0,-3.2491890073664043,-0.3075714223575887,-5.616436526802159,-0.5304720185704159,-0.862942613320894,-0.5386663618953347,0.0,-8.64197530864198,-17.075383475512872,0.0,-3.6190476190476772
2020-02-14,0.0,-4.223943802704366,-0.7183798787334217,-6.2480911997194415,-0.05052408134671449,-0.22335149309961055,0.0,-0.00505120910150314,-9.382714165581596,-16.575835896982827,-0.17758338545744712,-4.063492063492113
2020-02-18,0.0,-3.7240700376264035,-1.2850735442066497,-7.0776224157892305,0.0,-0.4670041466727559,0.0,-0.5302546731209445,-9.358026951919374,-10.036329059663862,-0.6430101988075254,-2.7301587301587826
2020-02-19,0.0,-2.54102762091285,-1.0069955471557979,-5.136980733745711,0.0,-0.4670041466727559,-0.281439459967292,0.0,-9.135804352936939,-11.217069515043399,0.0,-3.3650793650794153
2020-02-20,0.0,-4.065648007204425,-0.6614925260385651,-6.301363420477168,0.0,-0.9340082933455229,-0.43494479449239787,-0.9867981269280235,-9.432098011911672,-12.80653760663466,0.0,-3.873015873015939
2020-02-21,-0.7680864523526565,-4.7821360677707485,-0.22540973108248208,-7.5418542564939735,0.0,0.0,-0.21747239724621004,-1.0473741700290806,-9.629633397231919,-13.487735897166885,0.0,-4.253968253968321
2020-02-26,-2.915041613596525,-11.538780817275141,0.0,-12.86909955721638,-0.27970179096582504,-0.9948262467585178,-1.5351119052717688,0.0,-18.518518518518533,-17.30244957235696,-0.12522633832865449,-5.90476190476198
2020-02-27,-3.9700175943472304,-13.779889264133061,0.0,-13.242005102520693,-0.27970179096582504,-2.314484549643847,-1.4455638734643284,0.0,-18.814812177493266,-20.435964957014818,0.0,-7.428571428571507
2020-02-28,-6.949837753571842,-12.746809612566857,0.0,-11.073056391331015,-4.894807320626371,-1.7967761994494902,-1.5223165407268868,0.0,-21.679014041100054,-23.52406495683076,0.0,-6.920634920634983
2020-03-02,-4.3771939981530394,-10.65567028709612,-0.040558429814341324,-10.578382452159474,-3.180100178414458,-0.2842338577048076,-0.5372881908448313,0.0,-16.049382716049408,-20.254308831329904,-0.969941757350401,-4.825396825396888
2020-03-03,-4.7103428214781085,-11.605432347616151,0.0,-12.595126477251718,-0.15201264970888806,-0.13197125164278178,-0.24305336633260177,0.0,-18.0246894742236,-18.25612934457519,-0.2764822030795977,-3.047619047619121
2020-03-04,-3.7294085418720258,-10.314085961278296,0.0,-13.30288929945429,-0.21281770959244994,0.0,0.0,0.0,-14.691359908492496,-17.029968090670977,0.0,-1.7142857142857792
2020-03-05,-5.441419013756366,-14.37140729436992,0.0,-18.363773496387903,0.0,0.0,-0.48518546335372115,0.0,-17.160495710961644,-19.52770056963855,0.0,-2.349206349206423
2020-03-06,-5.441419013756366,-17.920521832031035,0.0,-18.64535274629181,0.0,-2.79465580855629,-0.6894802319094229,0.0,-21.11110922731002,-22.434149857452333,0.0,-4.1904761904762555
2020-03-09,-8.837678732303278,-27.893023467491517,0.0,-26.331805518943995,0.0,-4.3641201850553095,-3.153729865076005,0.0,-29.62962962962966,-19.255219087952547,-0.35604916074718496,-4.952380952381019
2020-03-10,-8.800661411896982,-22.85262066494913,0.0,-25.57077047598365,-0.9196789736675148,-5.629814770881392,-2.962205954882724,0.0,-24.074074074074105,-12.079923931260538,0.0,-3.4920634920635574
2020-03-11,-10.762537031441088,-28.60951152805784,-2.3753761932561623,-27.701670918767242,-1.9767080075208998,-4.8197671458780516,-5.515832113964758,-3.395944892715941,-28.3950617283951,-14.713891737388318,-1.710814498135671,-3.682539682539754
2020-03-12,-10.762537031441088,-39.331833345494935,0.0,-31.621002551260336,-5.088083079837258,-4.8197671458780516,-11.64453879228593,0.0,-41.97530864197534,-16.39418518498068,0.0,-6.0952380952381535
2020-03-13,-10.762537031441088,-30.850619974915748,-1.175466858888019,-33.12784868482933,-9.483430804904437,-4.8197671458780516,-9.34627135258781,-0.5124660349993038,-35.06173027886288,-15.12261395991732,-0.4902493940231456,-5.841269841269902
2020-03-16,-10.762537031441088,-40.831460996968595,-0.476089243547273,-38.89649570396553,-11.263062143083747,-4.8197671458780516,-9.34627135258781,-2.373404281996827,-41.72839411982786,-17.574925640360185,0.0,-9.904761904761973
2020-03-17,-12.40051286251277,-37.848871754726446,0.0,-36.44596193663536,-8.93400869429305,-0.7695444712345512,-9.971907033995898,0.0,-40.09876486695845,-21.480470085234117,0.0,-12.634920634920698
2020-03-18,-12.40051286251277,-43.93068088294781,-1.0993311144611884,-41.40030169205345,-11.776646830210492,-0.7695444712345512,-14.453523670751867,-0.8941820367927678,-46.79012534059126,-27.1571279200187,0.0,-14.857142857142925
2020-03-19,-12.40051286251277,-42.76431088317918,0.0,-42.92237177797414,-11.69901608922439,-0.7695444712345512,-14.453523670751867,0.0,-46.46913504894871,-24.8864615378952,0.0,-12.253968253968328
2020-03-20,-12.40051286251277,-43.81404388297094,-2.9816067835102267,-45.053272220757734,-11.37653030755449,-10.692593114185755,-11.89989751166982,-2.804788158420657,-46.79012534059126,-27.1571279200187,-0.19125946487708045,-12.698412698412763
2020-03-23,-20.97908447263559,-46.829958890383594,-3.260457188514543,-49.010652121656896,-6.419826813974316,-18.894292485301488,-17.0071498298339,-3.48846728482759,-49.18518537356532,-27.247953276019775,-1.1454267014356811,-12.76190476190483
2020-03-24,-18.397184622032203,-41.514623292364405,-1.1207800276455182,-41.81887328817627,-0.8539891805389721,-10.783719416275627,-14.249228902196142,-1.586052363670576,-46.12345754364391,-24.93187692273713,0.0,-11.809523809523881
2020-03-25,-18.397184622032203,-37.523953489613774,-1.6052032300789776,-36.24809700595601,-2.52015235424754,-10.783719416275627,-10.623084432128815,-2.5924692312359388,-41.530863444010436,-24.659395441051135,-0.8479609337947669,-11.492063492063554
2020-03-26,-16.52785583366988,-35.032904982097,-2.0771137504232873,-36.4535739128112,-1.4571528464653705,-10.783719416275627,-8.656791120678353,-3.6137404349504965,-40.39506323543597,-25.65849059811127,-2.100468833784064,-11.428571428571498
2020-03-27,-17.03682810351014,-38.598685580463254,-0.8633750641509286,-39.26940124926984,-3.0217960935167265,-9.426898528359672,-10.227275494690513,-2.3525376909007023,-39.43209707001112,-25.794731338954293,-2.3163471584614292,-12.126984126984187
2020-03-30,-16.518599738485317,-37.5489462244317,0.0,-38.73667904169225,-3.135264257987458,-9.426898528359672,-10.0229807261348,0.0,-38.66666628990647,-23.251583475144788,-0.7209824123804554,-13.333333333333409
2020-03-31,-20.46085610761078,-39.015248110734845,0.0,-40.52511023140174,-5.440428521107055,-14.094780778901217,-9.090912633203862,0.0,-37.16049194335941,-25.522249857268285,0.0,-13.460317460317539
2020-04-01,-18.52674171328841,-40.5481951711392,0.0,-43.538808304776325,-5.750973354919386,-14.094780778901217,-9.984677892358285,0.0,-36.7901225148896,-27.92915156655201,0.0,-14.984126984127066
2020-04-02,-18.52674171328841,-39.54011461063072,0.0,-42.57990833113663,-2.914305692930741,-14.094780778901217,-9.984677892358285,0.0,-35.95061596528987,-29.518614244460494,0.0,-15.301587301587372
2020-04-03,-18.332406076404094,-41.806215792306546,-0.8268370137118897,-44.360727544670276,-2.4365511393326544,-16.008510374655337,-9.984677892358285,-0.5620982238854433,-38.024690416124166,-26.385098859802635,0.0,-16.00000000000007
2020-04-06,-18.332406076404094,-37.94884269399815,0.0,-40.5174982552259,0.0,-13.234102280390136,-11.210417279760366,0.0,-37.20987578968946,-21.389644729233037,0.0,-16.761904761904844
2020-04-07,-17.78641648615753,-36.099310398833694,-1.2529001898981096,-35.974123925991385,-0.7274866530634916,-16.271769286372763,-10.623084432128781,-1.6106731831378562,-37.01234511387204,-15.894637606450601,-1.181639704734505,-15.809523809523885
2020-04-08,-17.915973577413734,-34.20811295190638,-1.5868908322188457,-35.49466813293495,-0.6917099335681187,-16.271769286372763,-9.512253546056225,-2.3946835958517543,-36.22222241060238,-19.02815299110846,-2.3707504678103897,-16.190476190476268
2020-04-09,-17.12011883950737,-35.00791224727906,-3.739663721965303,-36.3165873728289,0.0,-12.373431507065746,-10.240036611742177,-4.4603303942274515,-37.259259636019515,-21.29881395954919,-4.20678534356661,-15.746031746031818
2020-04-13,-17.638347204532177,-34.033157451941086,-4.1359552747127655,-35.66970874755994,0.0,-12.373431507065746,-9.346271352587754,-4.234878974975498,-35.555554613655026,-21.70753618207818,-4.5433217520042035,-15.809523809523885
2020-04-14,-17.036828103510125,-33.4749651868747,-4.1359552747127655,-33.41704571714571,0.0,-12.373431507065746,-9.81869569888979,-1.874721316365091,-33.037034964855835,-25.068117663580114,-2.804517618815028,-17.20634920634928
2020-04-15,-16.157689689938493,-33.99149865641801,-1.91050074006055,-35.08370851298799,-1.6792850697309514,-12.373431507065746,-9.422877020140785,-2.1184533984214493,-34.345678635585486,-27.42960398802191,-3.486951546977124,-18.920634920635003
2020-04-16,-16.157689689938493,-34.87461554283684,-1.2165593674452468,-37.001520072740554,-2.066370340227841,-12.373431507065746,-8.069458273046715,-1.1658613767351778,-35.777777212637474,-23.4332396008297,-2.084692737569638,-18.793650793650873
2020-04-17,-16.157689689938493,-33.87486165644115,-1.7063022858327836,-36.453573912811244,-3.8424319392148742,-12.373431507065746,-7.941778913354769,-1.5436491305221955,-34.419754405080575,-20.3905495721729,-2.198746734420909,-18.15873015873024
2020-04-20,-12.91874828786952,-33.891527717146296,-2.282565077839427,-37.10806451425608,-3.1365615709831984,-12.262049765498107,-5.669053190381479,-1.2694467549592692,-35.53086269049002,-12.624881480949767,-2.165091310508327,-20.190476190476282
2020-04-22,-12.530077014100915,-32.633507095978956,-0.18516985827493615,-36.33941749511989,-1.5938976933039584,-7.341028597791322,-6.792645193505709,0.0,-34.46913354190784,-11.943683190417541,-0.6263385831931201,-19.365079365079453
2020-04-23,-14.057000883953563,-33.349995156545276,0.0,-37.503800181851354,-1.3320375131871787,-7.341028597791322,-7.5587310929681735,0.0,-33.38271717966344,-17.574925640360174,0.0,-18.920634920635003
2020-04-24,-19.859337006588717,-36.94076213348967,0.0,-42.9984741210229,-1.8899044853805558,-7.341028597791322,-10.750763791820717,0.0,-34.54320931140291,-20.708441025018043,0.0,-19.80952380952389
2020-04-27,-19.119004719125897,-34.56635698218954,0.0,-41.17198885667075,-2.5502321399808237,-12.61644270449207,-10.648616407542855,0.0,-32.07407350893378,-17.39327492835804,0.0,-22.412698412698482
2020-04-28,-16.342769231638222,-31.9253520657652,0.0,-36.71993501660007,-2.6299284144145174,-12.61644270449207,-9.218591992895785,0.0,-31.48148148148152,-18.528605412578404,0.0,-23.11111111111118
2020-04-29,-14.815838301453631,-30.375738944655694,-2.6907278468284446,-35.28157924990394,-3.034093939733795,-9.487649396419584,-9.218591992895785,-2.254866260476174,-29.06172952534245,-15.12261395991732,-2.7456393474098006,-22.666666666666735
2020-04-30,-15.602444004507332,-32.69182559596737,-5.173854236073727,-38.11263053871428,-4.127056527304851,-9.487649396419584,-9.805924840527357,-5.02220566097632,-30.93827330035933,-11.489550996729381,-5.622192541630888,-20.888888888888957
2020-05-04,-15.787523546207083,-33.974838951952655,-1.8112609428643567,-40.01521814611513,-2.8348567280708004,-11.401378992173704,-9.346271352587742,-2.7825202806518012,-31.777779849959053,-9.491366096291898,-3.1065276314767076,-21.079365079365154
2020-05-05,-15.787523546207083,-33.491624891340045,-1.2816133688073883,-38.858447435559505,-2.9771690221157887,-9.953424076981177,-8.797241338732675,-1.4311179053072554,-30.962965223524353,-3.088094586133172,-1.9813889588818911,-20.507936507936574
2020-05-06,-15.787523546207083,-33.824876186805284,-1.2047790817425796,-40.433789742237956,-4.127056527304829,-9.953424076981177,-8.669561979040719,-0.5276540201756164,-31.135803976176735,-11.716617093573467,-1.3179706607551411,-20.8253968253969
2020-05-07,-16.250229460788358,-34.59968274736004,0.0,-42.69405894259144,-1.986674065794114,-9.953424076981177,-9.231362851258195,0.0,-26.765432475525706,-13.987278062014209,0.0,-19.74603174603182
2020-05-08,-16.250229460788358,-32.725151361137875,0.0,-40.684926893675055,-2.664081975216792,-9.953424076981177,-8.912159581372947,0.0,-24.074074074074115,-17.211624216355904,0.0,-18.984126984127048
2020-05-11,-16.342769231638222,-33.8165431564527,-1.6656082029278818,-41.39268971587764,-3.4951843826710682,-11.573511601801235,-9.07814177484143,-6.3136403186775265,-23.6049369529442,-17.075383475512908,-6.034240013874658,-19.111111111111168
2020-05-12,-17.453267662832474,-34.8162970428484,-0.47498749019675435,-43.83561150703195,-2.9771690221157887,-11.573511601801235,-9.576098096557562,-1.3393697147674688,-25.925925925925974,-21.88918689408036,-0.19934209826639737,-17.77777777777785
2020-05-13,-17.638347204532202,-34.90794130800733,0.0,-43.45509398555178,-2.4363823047447997,-12.575947275909915,-9.4611798539173,0.0,-24.172841766734233,-26.6121649566467,0.0,-18.666666666666742
2020-05-14,-17.91597357741376,-33.84986892162319,-0.2382130783366465,-42.51902413420304,-1.0588020779262353,-14.084653059162344,-9.218591992895798,0.0,-24.938272546838867,-23.660305697673778,0.0,-18.666666666666742
2020-05-15,-16.759208790960567,-35.26618533829048,-1.6486673571111998,-42.435309814978474,-0.18784805883388378,-13.882137290318152,-8.5801854531253,-1.6714467408413758,-25.950617849091007,-25.24976837558228,-1.3081023754693888,-18.920634920634992
2020-05-18,-16.944288332660307,-32.01699633092411,-0.8337345648544159,-39.83257136155088,-1.4174248896141495,-10.84447028433555,-8.120531965185663,-0.7539648806678789,-25.135803222656307,-19.02815299110848,-0.5300422627535828,-18.539682539682612
2020-05-19,-16.06514991908863,-32.4668846263662,-2.2034466877456693,-41.13394058826467,-0.7115614702249529,-10.915348872134334,-7.431051733276228,-3.2357072894462324,-24.049382150909093,-16.893727349828012,-2.8438494457043606,-18.412698412698493
2020-05-20,-16.06514991908863,-32.058648770207384,-1.4903842309622828,-41.240485029780196,-0.3472406077012713,-10.915348872134334,-7.431051733276228,-3.057665995452885,-24.444443502543944,-19.57311054079771,-2.2288717824590965,-18.85714285714293
2020-05-21,-15.000924903485323,-30.500708974985102,-2.1125540167976853,-37.831045482573764,-2.0606792382345196,-10.915348872134334,-6.779874335143299,-3.9151893737787935,-26.740740552360688,-22.3433190877685,-3.3280176814685203,-19.301587301587375
2020-05-22,-15.186004445185064,-30.850619974915695,-4.762647424093636,-37.94520190026513,-1.2580392895892412,-11.067233767470807,-6.792645193505709,-6.28429051227929,-27.037038920838206,-21.38964472923307,-5.674097886408691,-19.23809523809532
2020-05-26,-13.936699887881987,-28.384570558456645,-7.08520438744894,-34.8934497522479,-2.9543976653000903,-10.014174945041109,-5.962714743541908,-8.16648871110175,-27.75308585461279,-18.574020797420378,-7.52582732831547,-18.984126984127048
2020-05-27,-14.491945573313137,-26.37673611155248,-8.091330880783099,-34.6270886484591,-2.6413106184010937,-10.014174945041109,-5.962714743541908,-9.681694165855003,-23.777775705596603,-21.798361538079302,-9.214466220093598,-18.603174603174665
2020-05-28,-14.029239658731862,-27.20986117209565,-9.01126514631867,-34.93150382689056,-2.4705358655470855,-10.014174945041109,-5.962714743541908,-11.136947906847382,-22.839506172839563,-17.029968090670998,-10.42573332827853,-16.825396825396886
2020-05-29,-14.399405802463273,-26.92660170250607,-6.223259690815464,-35.677320723735804,-1.127109199530829,-10.135684406347622,-6.294688871789578,-8.802364011537133,-22.024691546404863,-16.03087834729363,-8.201956859783122,-17.269841269841336
2020-06-01,-14.436423122869613,-25.743565642032294,-7.243487513597846,-33.63013460017677,-1.0758753839061441,-10.398951043251724,-6.4734419236204594,-9.979652423543694,-21.456791442117627,-19.436869799954714,-9.370760318051286,-17.90476190476197
2020-06-02,-13.659073515000452,-23.71073846031019,-6.472442960794944,-30.974123925991403,-1.7931349049669087,-8.677601771416244,-5.847806242212372,-9.351039280352003,-19.99999623239782,-19.300634472794485,-8.832228565577594,-17.650793650793716
2020-06-03,-12.918748287869574,-22.294428399882694,-8.904701840578454,-27.80060338410695,-3.352872088626069,-7.928312739659448,-5.515832113964725,-13.195373552373946,-19.308641221788257,-17.30244957235698,-11.672675734867411,-17.714285714285783
2020-06-04,-12.733661685837905,-21.519621839327918,-10.915385521902754,-26.788431189709495,-2.151757716654812,-8.707977205446172,-5.183857985717044,-15.638964255296672,-17.72839581524891,-17.257034187515053,-14.011959487636638,-16.444444444444507
2020-06-05,-12.548582144138166,-20.736482248420607,-9.10372712261065,-26.560118354326768,-4.582455868248814,-8.61685090335631,-4.928499266333142,-14.80324088487599,-18.51851851851859,-19.073568375950412,-13.06741464903578,-15.87301587301594
2020-06-08,-12.548582144138166,-18.35374406676792,-12.347787656845522,-22.75494313952504,-3.324409629817082,-6.956260224767408,-4.239019034423697,-17.806403476522625,-17.382718309944124,-18.755671509422488,-15.746472406404221,-15.238095238095307
2020-06-09,-12.548582144138166,-19.003580596993242,-14.626463853629534,-23.668182868582832,-2.3908465399559042,-7.15876826842492,-4.622066854810303,-19.199884888378005,-17.283950617284017,-19.754766666482627,-18.089158435587972,-16.825396825396886
2020-06-10,-11.808249856675356,-20.769808013591117,-13.037347897881856,-25.783865165251306,-2.4705358655470966,-7.665046102755346,-4.239019034423707,-17.461210740358446,-19.604934880762983,-19.164393731951478,-16.784458336533113,-17.142857142857203
2020-06-12,-11.854523272266249,-22.35274689987111,-12.018681907560868,-27.815827336458643,-1.5597371836591378,-7.968815893428271,-4.1113396747317505,-15.400964479455714,-22.79012232650951,-21.389644729233037,-15.48315241323468,-16.190476190476243
2020-06-15,-12.22468941599767,-22.644339399813283,-10.951434707519214,-29.223741004687966,-2.072061442221118,-8.313081112683374,-4.366698394115653,-14.567054956324288,-21.48148336528266,-24.205263247362986,-14.246400634573163,-16.38095238095243
2020-06-16,-12.456042373288312,-21.71957007411116,-8.461186258833585,-28.15829078329617,-1.54266387767924,-8.373839705929974,-4.302863584925043,-12.888339290152329,-19.259257375458205,-26.70299572633056,-12.455717752333085,-16.444444444444507
2020-06-17,-12.363502602438414,-20.061652983377343,-7.462898819336838,-26.293757250537976,-1.5654352344949385,-7.503041212866679,-3.9836603150397942,-11.314995968927466,-18.02468947422363,-25.613075213269344,-10.920092191970065,-16.12698412698418
2020-06-18,-12.363502602438414,-19.54511315759425,-7.939317503127564,-25.791471335190565,-1.8158993129401502,-7.503041212866679,-4.711443380725743,-11.151478989421836,-17.160495710961666,-25.613075213269344,-11.186806360896007,-15.936507936507994
2020-06-19,-12.502308728547273,-19.50345436207117,-5.594820156486624,-25.395735667595297,-0.614784940968871,-7.503041212866679,-4.200716200647204,-8.729695062491071,-16.790121572989058,-24.205263247362986,-8.650449797143335,-15.55555555555561
2020-06-22,-13.288914431600984,-20.278260922625947,-7.013113489098566,-25.570770475983696,0.0,-9.052250149887941,-4.32839556033916,-9.714397561756194,-18.493831304856336,-24.43232934420706,-9.792067446727659,-16.63492063492069
2020-06-23,-13.242641016010104,-19.68674289238904,-7.198044914565105,-25.570770475983696,0.0,-9.052250149887941,-4.073036840955235,-10.749969002161997,-18.24691207320607,-25.65849059811127,-10.779084035903407,-17.46031746031752
2020-06-24,-13.242641016010104,-21.11138598316913,-8.704099780319641,-26.94063587580695,-0.3555062832010569,-8.252330244623451,-4.7497462145022595,-12.103484860872483,-17.530860429928673,-27.47501937286385,-12.493207598158119,-17.650793650793705
2020-06-25,-12.8262085170197,-19.703408953094193,-5.767212084966344,-25.41856578988626,-0.5643022480542492,-8.252330244623451,-4.239019034423707,-9.26019801797937,-17.827163507908995,-32.69754501396028,-9.17029333131143,-19.428571428571484
2020-06-26,-13.196367600419201,-21.519621839327897,-5.79698404920681,-27.351595495753923,0.0,-8.201699371115744,-4.290092726562634,-9.14392228503612,-18.51851851851857,-32.107172079429134,-8.95114622692409,-19.49206349206355
2020-06-29,-12.8262085170197,-19.928349922695332,-3.6107773015973788,-25.494668132934983,0.0,-8.201699371115744,-4.239019034423707,-7.061876016228375,-18.39506361219623,-22.388734472610416,-6.88876727100819,-17.142857142857192
2020-06-30,-12.085876229556892,-20.328252748501573,-4.812797939158308,-27.245051054238413,0.0,-7.877681866151731,-3.6772181622062416,-8.771481231012102,-18.740741117501013,-20.48137492817399,-8.227441530259705,-14.031746031746085
2020-07-01,-11.253004171244207,-19.42014312726481,-3.878762344174491,-25.59360640451125,-1.104297201791693,-7.209399141932627,-3.345253775269308,-8.115619769960913,-18.320983133198343,-24.114437891361916,-7.214940270607373,-11.55555555555562
2020-07-02,-11.160464400394353,-19.58677195311732,-6.303182170120591,-25.0380482684061,-0.5019520356943863,-6.3892315223770595,-2.9749768132451115,-10.04868690992441,-18.098769953221495,-21.25340398839005,-9.686742689723115,-13.01587301587308
2020-07-06,-10.142512800381919,-17.129049210771065,-6.372141930665521,-22.32876537346299,-0.25097601784720425,-5.599431611664785,-2.5791581344961068,-10.277603913145516,-17.209879557291707,-16.89372734982798,-9.768283914458376,-12.000000000000066
2020-07-07,-10.420132112931535,-18.212114331973105,-5.108993113514471,-24.40638778925226,0.0,-4.657754530802716,-2.9622059548827018,-9.394639296162277,-17.283950617284006,-14.804717093389408,-9.039483903830304,-12.380952380952447
2020-07-08,-10.235052571231796,-16.39590144573938,-5.007130250923664,-21.61339057508456,0.0,-5.994335429614283,-2.45147877480415,-9.187529068933308,-16.049382716049433,-17.166208831513963,-8.640259169215959,-11.55555555555563
2020-07-09,-10.235052571231796,-17.762226036531015,-5.115262862007874,-22.67884079647636,-0.8978269803428862,-5.994335429614283,-2.042898979003449,-9.536349499675955,-16.543211760344377,-19.209803703110616,-9.238249752362893,-10.793650793650865
2020-07-10,-8.939474598337826,-16.31259021093301,-5.602659210324001,-22.374425618044913,-0.9529082251790277,-4.009719520874722,-1.4938689651483927,-9.550887350337312,-16.172837622371784,-18.029063247731102,-9.319790977098153,-13.523809523809593
2020-07-13,-8.754395056638097,-17.445640801770935,-5.894153941530766,-22.831045482573785,-0.24786560176259798,-3.7059574553884422,-1.1746656952631218,-9.456411625299289,-16.246918101369644,-21.026337891545978,-9.504963921288834,-15.174603174603252
2020-07-14,-9.124561200369484,-16.00433165028572,-3.9837638174532675,-21.537288232035845,-0.2698994444540137,-3.95909637255365,-1.2002074119879635,-8.522578067175202,-13.38271152826007,-20.708441025018054,-8.237632158187068,-14.984126984127066
2020-07-15,-8.846934827487962,-14.796302854994025,-4.080926236894666,-20.85235553212421,-0.22583175907119335,-4.6678822505415996,-1.0342154772087775,-9.085784418564524,-13.086417869285338,-19.255219087952547,-8.827133251613905,-17.142857142857228
2020-07-16,-9.078287784778604,-15.812710089615301,-3.9743629311544515,-21.55250637815096,-0.9253676027609403,-3.95909637255365,-0.587332847631572,-8.813267399533142,-13.580246913580286,-21.75294615323734,-8.82461394693551,-16.126984126984212
2020-07-17,-8.199149371206948,-13.796548968598321,-4.914668274631683,-19.847789507666015,-0.3965822733062563,-3.878090065015971,-0.7533150411000333,-9.727114797041448,-12.56790161132817,-21.980012250081415,-9.440409776651904,-15.428571428571514
2020-07-20,-7.64389662544388,-12.563527438488675,-3.628009768851004,-18.18873288176299,0.0,-2.4402628695623596,-0.37027696202418525,-8.620688254878617,-10.740736973138542,-25.476834472426347,-8.512843917491232,-16.634920634920736
2020-07-21,-7.64389662544388,-12.813461142907768,-4.378690716594846,-17.84626943492548,0.0,-2.7946558085563344,0.0,-9.721666487086821,-12.592588824990381,-23.93278717935977,-9.491371016946903,-18.03174603174612
2020-07-22,-7.64389662544388,-12.813461142907768,-6.582144877223117,-18.721455089340623,0.0,-3.5540725600519907,-0.22953367684094284,-12.070781464971514,-13.061730655623094,-23.660305697673767,-12.173831050729888,-16.825396825396922
2020-07-23,-7.921522998325415,-14.396400029187772,-7.26072745373404,-20.16742283221259,0.0,-3.857842350724905,-0.3060416594916293,-13.24079418356041,-12.592588824990369,-18.937327635107394,-13.052120606486561,-16.69841269841279
2020-07-24,-7.921522998325415,-14.146459968528912,-5.347206191851139,-20.24352517526131,0.0,-2.7642803745263733,-0.2805422415710579,-11.398568305969569,-12.098769199701021,-17.892822506888084,-11.480706338505776,-17.14285714285724
2020-07-27,-6.857297982722077,-12.555194408136117,-4.468021555081448,-17.602738453427648,0.0,-3.057922445460448,0.0,-10.355727940232995,-9.654320610894118,-21.25340398839004,-11.1664170043831,-17.460317460317555
2020-07-28,-6.857297982722077,-12.871779642896207,-5.1795221794034285,-18.6453527462919,0.0,-2.7642803745263733,0.0,-11.28047195765035,-9.925927056206618,-18.25612934457518,-12.65592551801278,-18.73015873015882
2020-07-29,-7.1811907108625945,-11.797047552046713,-5.420866395545499,-16.933023899631127,0.0,-2.1364930788894343,0.0,-10.944368762192735,-8.22222674334493,-15.803812250449523,-12.471125204096067,-19.873015873015966
2020-07-30,-6.246529846847393,-12.138631877864537,-4.5855550524644855,-18.21156300405398,-0.5733274211351502,-1.8226032936642933,-1.4130359704433326,-10.597362178739312,-8.88888512128666,-16.939142734669876,-12.190818130828218,-19.8095238095239
2020-07-31,-5.691277101084291,-13.76322320342781,-4.146747386751626,-20.129374563806522,0.0,-0.43539924653172024,-0.912846499675446,-10.553755394842145,-10.864201298466458,-18.301539315734306,-12.44393939541225,-19.746031746031846
2020-08-03,-5.422913883719249,-13.81321502930346,-3.9273435538952017,-19.330285446203533,0.0,-0.718913597726889,-0.8503192382092295,-10.364810712852822,-8.666662522304225,-4.586731908040564,-11.300628708278781,-19.365079365079463
2020-08-04,-5.700533196268854,-15.146213854924607,-2.010683681324288,-21.99390809656474,0.0,-0.1620126150754242,-0.025014720714766625,-8.86413634067421,-9.382714165581607,-0.40871139516340804,-9.64427093914818,-21.714285714285797
2020-08-05,-5.700533196268854,-13.921518998927763,-2.107853573648266,-21.88736365504922,0.0,-0.35439293899405255,-0.6752543544885747,-9.020384394849234,-4.864200544945985,-0.49954216484725533,-10.128431074254207,-21.01587301587311
2020-08-06,-6.255778881700014,-12.821794173260347,-1.5828462072542404,-20.319633324546604,0.0,-1.7821001398954928,-0.4001496685502093,-8.936812057807186,-4.913584391276061,-1.6802880339095272,-10.116539308119554,-20.952380952381045
2020-08-07,-6.625945025431412,-13.988170529268784,-0.8227643732115597,-21.94063587580698,-2.0180367737783422,-1.7821001398954928,-0.6502491740944749,-8.262778283429073,-5.82716200086808,0.0,-9.430219148724529,-21.841269841269938
2020-08-10,-7.458817083744107,-13.48829676419081,0.0,-21.514458109744904,-1.320983455322322,-2.0352390570607115,-1.2129563660079556,-6.6948832721590135,-3.7037037037037313,-3.7980251526283815,-7.6311520853200365,-21.142857142857242
2020-08-11,-8.199149371206914,-14.504703998812074,0.0,-22.10045253808025,-5.795760390644045,-2.825031242586329,-1.8256834590302806,-6.060821819012885,-5.851849214530292,-2.9937406065419947,-6.895555622521011,-20.888888888888978
2020-08-12,-8.939474598337815,-14.529703089869795,-1.844161864385807,-22.762555115700945,-5.683644922541431,-4.212235289718935,-2.3383802901555284,-8.242792122813292,-3.703703703703709,-3.842715321387824,-8.596086280433768,-20.126984126984226
2020-08-13,-9.217100971219361,-15.979338915467789,-0.37163210719899364,-24.200910882397054,-4.621011397910069,-3.898337779307115,-2.9135948424263702,-7.566944501146122,-5.308645742910912,-2.5022339757780454,-7.6685285219312505,-17.3968253968255
2020-08-14,-9.03201436918768,-15.279510559366837,-1.4212136522045005,-24.429217911543198,-5.5812819887886995,-3.5135694062832012,-2.325872929798145,-8.864136340674222,-2.4691358024691357,0.0,-8.823730975199362,-17.587301587301695
2020-08-17,-9.772346656650488,-16.68749394568153,-0.2254616558738265,-26.438349960459572,-3.2415305873750966,-4.515997355205215,-3.338749691370657,-7.586930661761904,-1.4814777138792423,-0.721560285697509,-7.909758020380631,-15.936507936508049
2020-08-18,-8.291689142056802,-14.687992529129923,0.0,-24.95433394918155,-2.5396039768919243,-2.723777220757595,-2.2633456683319286,-5.586642882706949,0.0,0.0,-6.423287253549647,-16.952380952381063
2020-08-19,-8.47676868375653,-15.621094885184606,-0.16822125546916977,-25.722980968317756,-4.523521756184512,-2.8756621160940465,-2.050768243859802,-5.641146286513187,-0.19474641550335514,0.0,-7.152079163519575,-17.460317460317565
2020-08-20,-8.291689142056812,-15.021243824595153,0.0,-24.96194592535741,-5.737263035431406,-4.272986157778846,-2.213335307543729,-4.847202316526811,0.0,-3.050293345252275,-5.606149566015361,-17.587301587301695
2020-08-21,-7.736443456625652,-15.187866294207897,0.0,-25.106538635278998,-5.6982707489185,-2.3795042763158247,-1.7881709182787975,-4.4711267998374105,-2.253652954547569,0.0,-5.614639055735449,-16.952380952381063
2020-08-24,-7.597630270184908,-14.45471852917619,0.0,-24.315067300088433,-6.034611202930784,-2.3795042763158247,-1.488061051946321,-3.548196629709477,-0.5034742006283954,0.0,-4.549475417580839,-15.746031746031864
2020-08-25,-7.921522998325415,-14.579688559505621,-0.1705570510744936,-24.360727544670347,-6.809649094412629,-2.3795042763158247,-1.7381510171699421,-3.8406998093566513,-2.541351191226371,-0.9550310114924798,-4.685380159025665,-13.460317460317583
2020-08-26,-8.661855285788223,-15.979338915467768,-1.6406597991388217,-25.87518565441519,-5.4009285317146,-3.4123153844544674,-2.063275604217163,-5.9263805408298005,-3.020854349532376,-2.0692417644075256,-6.438573195440711,-13.523809523809637
2020-08-27,-8.846934827487974,-15.829376150320396,0.0,-24.969557901533268,-6.331953420134672,-4.971652041214602,-2.1758132264716012,-3.7734791702652037,-2.7091759247691805,0.0,-4.743137851491608,-12.571428571428688
2020-08-28,-8.291689142056825,-14.488044294346691,-0.8334050761736544,-24.337897422379385,-4.235926123034972,-2.9566684236317364,-2.1758132264716012,-5.136077801595529,-1.7022275235124007,0.0,-5.397193089555385,-12.126984126984242
2020-08-31,-8.569308454606439,-16.795797915305798,-3.3758324025927378,-26.78843118970955,-4.089691660446626,-3.2604304891179936,-1.9632358019994633,-7.236289615643122,-4.099734169280389,-1.0161817745556023,-8.433003830963258,-11.49206349206361
2020-09-01,-8.523042099347455,-14.471378233641552,-1.255382329932464,-24.695584821568605,-4.060445957988046,-4.313489311547702,-2.063275604217163,-5.886414987684907,-0.9829773589344004,-4.892740356341074,-6.71888026870856,-11.238095238095347
2020-09-02,-8.569308454606439,-14.704658589835073,-3.0518110743446014,-24.73363308997468,-5.708017332972826,-4.313489311547702,-1.888210720496497,-7.401620442438162,-1.3425978683423878,-6.435829869818244,-8.308990855653075,-11.17460317460328
2020-09-03,-8.3842289129067,-15.704406119990965,-4.693009392012126,-25.038048268406133,-6.03948449495798,-4.303361591808796,-1.7756635579214253,-8.72061228987131,-5.106682570537158,-6.398196166530812,-9.304505035207079,-12.507936507936623
2020-09-04,-8.245415726465932,-15.254517824548886,-5.659036917404436,-24.27701322544579,-6.219837952032059,-4.121101262442384,-1.6005986742007594,-9.40917714682371,-4.339481175552374,-2.5969139645445893,-10.133534488876005,-11.809523809523936
2020-09-08,-8.93947459833785,-16.22927261988688,-5.648487486060461,-25.943681827524635,-5.776261272239836,-4.121101262442384,-2.1883205868289846,-9.447328852679549,-4.5792373275863945,-9.672561656371048,-9.990833295260227,-10.857142857142987
2020-09-09,-8.56930845460645,-15.154546885277176,-4.964276377279308,-25.433783936001397,-5.205949248263487,-3.3920599449766886,-1.8381908193876417,-8.099268072010402,-2.8530296159895885,-9.446750463422148,-8.932458008618415,-11.111111111111239
2020-09-10,-9.078287784778617,-17.353996536611994,-5.598758559016693,-27.38964376416002,-4.742873450067043,-3.3920599449766886,-2.3383802901555284,-9.200246304218584,-5.298487492164394,-12.570572166888317,-9.817552117204176,-9.269841269841395
2020-09-11,-9.170827555628481,-17.853870301689945,-5.225001117463646,-28.38660361867896,-5.54228375198027,-3.624951147850819,-2.46342527276735,-8.938625905096465,-3.620231010974384,-14.602935715999577,-9.613690954707877,-7.301587301587431
2020-09-14,-8.939474598337839,-16.08764288509207,-5.071279805557072,-26.834091434291473,-4.7964915629570175,-4.819767145878117,-2.2133353075437068,-9.013115469518507,-2.9968833072100076,-13.059846202522419,-9.686742689723038,-9.20634920634933
2020-09-15,-9.217100971219395,-16.154294415433068,-5.80974718589612,-28.02891621948975,-4.640504566018788,-5.22479095837981,-2.463425272767328,-9.481846095869795,-0.02397104232241265,-11.102750059985977,-10.50047810084277,-7.047619047619158
2020-09-16,-9.587267114950793,-16.51253844571623,-5.885095133880814,-27.724501041058303,-4.4504045248903505,-5.22479095837981,-2.5884702553791494,-9.076701645944762,-1.941974529784385,-14.678212095798838,-10.398547519594647,-5.587301587301696
2020-09-17,-9.494720283768999,-16.21261291542151,-6.87373782306021,-28.843223483207858,-5.4350475262003535,-4.455246487145271,-2.4134053716584836,-9.441880542724924,0.0,-23.146405514728364,-11.04920048124387,-4.698412698412802
2020-09-18,-11.576896899384748,-17.728900271360516,-6.48792902158627,-29.83257136155093,-4.845236383819785,-6.581611846295743,-3.7264015398840944,-9.107591194556719,-0.7163305382266394,-22.920585348555022,-11.01862049680361,-3.8730158730159725
2020-09-21,-12.085876229556913,-18.76197356668692,-3.894263653285346,-30.677320723735846,-7.326348955794537,-8.424462854251091,-4.089038667682788,-6.30064221022999,-3.3667617274384387,-30.937147408362275,-8.436398006719624,-6.095238095238187
2020-09-22,-11.54913567416298,-18.66200262741522,-4.050996008606855,-30.745811090608697,-7.453084299978685,-8.424462854251091,-3.863953882853255,-6.0662768970542675,-3.7488052884017575,-30.97478559826191,-8.049065038239933,-6.222222222222317
2020-09-23,-11.530630544125763,-19.836705657536413,-3.49790542046744,-31.331805518944066,-9.339506487250171,-6.581611846295754,-3.7013868191693167,-5.388608660010952,-3.533905216070077,-20.02258381126222,-7.075633252747959,-6.412698412698492
2020-09-24,-10.975384858694614,-18.80363236221,-1.78286108339214,-29.61187050234405,-8.930048801943691,-6.379103802638275,-3.5138145750912897,-3.524576006428126,-3.915948777033418,-15.393306297606312,-4.994566078526463,-7.682539682539769
2020-09-25,-11.067924629544489,-18.77030659703951,-3.157305387784337,-30.022830122291,-9.44674866332561,-5.234918678118694,-3.5138145750912897,-5.063402084462554,-3.151861655106758,-19.495676072340686,-6.421586115342337,-7.23809523809531
2020-09-28,-10.81805948188469,-20.686496778784736,-2.5469402984109824,-30.167422832212576,-8.710697108061172,-6.90562935125979,-4.314123452512286,-4.289451043178882,-3.844318455801854,-20.92585550273118,-5.526301378829201,-6.857142857142939
2020-09-29,-12.085876229556913,-21.861199808905962,-0.4129369372529168,-32.009132048916435,-7.662683459511344,-7.442282619620166,-4.501686156269679,-2.4672045581170976,-4.8233056500601945,-3.6130957391002694,-3.8427578010147734,-7.365079365079453
2020-09-30,-11.25300417124423,-20.803133778761595,-0.3888198448888991,-31.164382686731507,-7.994150621496477,-6.844878483199867,-4.37664117365788,-3.190286658259933,-3.8204447182703105,-4.892740356341108,-4.347315393291796,-3.7460317460318526
2020-10-01,-11.715710085825503,-20.128298157478575,-0.9268408434313868,-31.05022626904016,-6.975382675405195,-7.077769686074009,-4.264103551403431,-3.364700257674791,-3.5816617997701194,-4.892740356341108,-4.722756595636845,-2.7936507936508925
2020-10-02,-12.178416000406788,-21.45297030898693,-0.1642707432505941,-31.202430955137583,-7.375093776657327,-6.9562602247674965,-4.089038667682776,-2.886886858703508,-3.6771749671701937,-8.242382225980604,-4.151943720515627,-3.555555555555645
2020-10-05,-11.25300417124424,-19.478461627253264,0.0,-29.794517286908274,-6.775530099926874,-6.9967633785363414,-4.314123452512286,-2.2164875469909417,-0.8357265517952128,-1.5807321899889981,-3.479208364804387,-3.6190476190477106
2020-10-06,-11.401073452869593,-19.961675687865853,-1.283459364322237,-30.372905545304384,-7.331222247821712,-6.9967633785363414,-4.5767207780932795,-4.231313176707263,-1.5759308275533845,-5.156194225801858,-5.317344902369248,-2.222222222222303
2020-10-07,-12.548582144138209,-20.019994187854284,-1.3766353452427382,-31.126328612088873,-8.184256612920427,-7.351156317530306,-4.18906892957982,-3.811630876120864,0.0,-1.91946243924902,-4.97078254625718,-1.269841269841343
2020-10-08,-10.947616573140929,-18.003833066837306,-0.8115597839796429,-28.127848684829427,-7.940532508606502,-6.844878483199867,-4.426661074766713,-3.7970997935464212,0.0,-1.129091857642306,-4.67348839289099,-1.7142857142857792
2020-10-09,-11.132703175172598,-18.45372136227943,-1.0490144930859868,-28.082188440247503,-6.4343163538873815,-5.953832275845516,-3.1261722668984637,-4.064168502623156,-1.3383416125430148,0.0,-4.88924132152192,0.0
2020-10-13,-11.040163404322756,-17.578937506213155,-1.8575572729149115,-28.554032257128092,-7.945405800633665,-5.336172699947451,-3.4137843131941903,-4.634637011256338,0.0,0.0,-6.059737817339217,-0.9493670886076
2020-10-14,-10.420132112931569,-16.895775210817344,-1.765886210929446,-28.082188440247503,-7.321469713471829,-5.558936183082697,-3.96398414475031,-4.07869958519762,-0.5861664503067132,-7.670756554339642,-5.400587265311774,0.0
2020-10-15,-11.530630544125797,-17.029078271499355,-1.3540973926204458,-28.28005917716344,-7.228859314068947,-6.176588033794084,-2.8385697609233596,-3.401038116241206,0.0,-2.802098885169757,-5.026847201174,0.0
2020-10-16,-10.42938820811613,-17.587270536565715,-1.3180295021441468,-29.83257136155092,-7.345842123903212,-5.28554182643971,-2.7510373190630433,-3.244790062066183,0.0,-2.8721546976643864,-4.6751895310982565,-0.43343653250772496
2020-10-19,-9.79085178668775,-17.478960210701665,-0.6417332653014474,-28.63774657635265,-7.072872317130729,-4.050222674643578,-2.7885498598145264,-2.739721577148513,-1.3574712182391035,-2.101574163877351,-4.104376655977049,0.0
2020-10-20,-10.02220474397838,-15.946013150297278,-0.8806857270621804,-26.217654907489297,-6.877893033679571,-4.779263992109273,-2.363385470549584,-3.4337415121424297,0.0,0.0,-4.770323660175457,0.0
2020-10-21,-10.003699613941187,-15.979338915467778,-0.40126871832504296,-25.799083311366477,-6.1857189575462606,-3.9590963725537165,-2.6384901564879604,-3.470072602621921,0.0,0.0,-4.794107192444763,0.0
2020-10-22,-10.262813796453585,-14.712985263947854,-0.14878631871029224,-23.972598047014326,-7.3312222478216675,-5.1539123705809935,-2.9010874820689647,-2.6452526201973914,0.0,-0.5292766263589543,-4.732947223564244,0.0
2020-10-23,-10.253557701269012,-15.296176620071956,-0.7544445272547828,-24.76407518844148,-7.287350718986052,-4.870398019385814,-3.0261324646807863,-3.1884728109707217,0.0,-1.7201470639615635,-5.013254296832114,0.0
2020-10-26,-10.77179312662575,-15.479465150389816,0.0,-24.687972845392757,-7.253231724500308,-5.032402909274502,-3.088659726147003,-2.5162596519689218,-2.0883726706678596,0.0,-4.590246029948486,-0.3577817531305927
2020-10-27,-11.003146083916393,-16.795797915305812,-0.3422853436372275,-26.62100255126041,-6.955883557000931,-5.579183897373774,-3.351257051727985,-2.5544113578245597,-1.8026016251163068,-0.16533981941211362,-4.479817858322088,-0.7751937984496249
2020-10-28,-11.36405613246325,-20.328252748501573,0.0,-29.863007653781125,-8.544969477364084,-5.356420414238516,-3.326251871333885,-0.8647923036566252,-5.737525860736625,-0.9259219108177286,-3.0782824919827867,-4.233750745378662
2020-10-29,-11.067924629544523,-19.286846422822602,0.0,-29.528156183119457,-9.06166338845048,-5.963952270397687,-2.913594842426326,0.0,-3.9788993328347066,0.0,-2.403845998064269,-4.9493142516398585
2020-10-30,-11.558391769347576,-21.35299301347542,-0.04741941226359403,-31.864533532758255,-8.486472122151422,-4.56662822871291,-3.176192168007308,0.0,-6.133217877738639,0.0,-1.8449329897358369,-4.9493142516398585
2020-11-03,-10.966128763510097,-19.67008318792368,-0.9825994784712688,-30.509892085286683,-6.970509383377966,-5.822195094800097,-3.0886597261469806,-0.8087965573672085,-1.4069096081142929,-8.795470132422533,-2.4684082433593435,-4.353011329755541
2020-11-04,-10.4201321129316,-18.06215156682577,0.0,-28.424651887085005,-7.648063583429765,-4.181859855688996,-2.563465074984983,-0.4089211763416478,-3.605194864439898,-9.183067362274521,-2.2339670964227953,-3.339296362552202
2020-11-05,-10.401626982894395,-15.629427915537232,-1.829686921897844,-26.468792058926372,-5.176697595509339,-4.181859855688996,-3.0136346446440254,-1.8962467498834568,-2.923723416093549,-12.283845201090493,-3.795190736476206,-2.385211687537303
2020-11-06,-10.068478159569327,-15.437806354866801,-3.581035606687921,-26.514458109744886,-4.932973491195414,-4.191979850241168,-2.751037319063021,-3.548230064098501,-2.923723416093549,-13.893860089100585,-6.166763712551071,-2.9815146094216094
2020-11-09,-8.985748013928808,-13.429971907962646,-5.908786271780675,-22.90714782562252,-9.666100357208096,-4.01984724061365,-1.763165737884631,-6.0940485002919935,-4.154766178521296,-14.758500610192327,-8.896782710214513,-2.802623732856313
2020-11-10,-9.494720283769054,-12.180284317147871,-5.939822759386171,-20.61643652680223,-8.58396176387699,-3.54394484031314,-2.0382704238229965,-7.337103897632346,-6.177184589160289,-12.07514009401397,-8.523042646076739,0.0
2020-11-11,-9.726073241059707,-12.363572847465743,-5.484613893831803,-20.547940353692773,-9.30051420073722,-4.67800997028055,-2.7135152379909044,-6.946274311923062,-6.572876606162326,-9.630297669213217,-8.026982644177949,-1.3593380614657313
2020-11-12,-9.781602751835184,-14.188118764052026,-6.196980214591507,-23.112630538714306,-8.72044964241101,-4.799519431587063,-2.8260624005659873,-7.4818568442901245,-6.748743451848904,-11.270125541524367,-8.433003830963237,-3.4869976359338084
2020-11-13,-9.827869107094145,-12.24693584748887,-4.8387603728042965,-23.097406586362624,-8.081893679167628,-5.771571946479082,-2.801047679851265,-6.072337243426695,-4.5504581955233,-10.70364329738146,-7.299883771757143,-2.9550827423167836
2020-11-16,-9.957426198350339,-10.830625787061365,-4.518050000880902,-19.710802967683716,-8.003897205550759,-5.771571946479082,-2.738529958705682,-5.616367146588064,-3.1875152988306454,-19.58855238270717,-7.294788457793455,-1.5957446808510745
2020-11-17,-10.281325986822775,-10.205781991653984,-5.132867034302924,-18.92693780243241,-8.140385084084755,-4.8501425799080895,-2.9636147435352034,-6.276797831597436,-3.2754487216739236,-19.737631521181587,-8.009995564079597,-0.650118203309713
2020-11-18,-10.235052571231884,-11.388818052127746,-6.640363642770297,-19.855401483841874,-8.676578113575372,-6.581611846295765,-3.276231970225052,-7.4691913827409255,-3.803040872940866,-19.141329184253053,-9.499868607325112,0.0
2020-11-19,-10.318336246897186,-10.688996052266564,-6.124561743512036,-19.55859828158627,-9.281015082332999,-6.409479236668236,-3.338749691370635,-6.604300109560624,-3.055623550358455,-22.719143205824178,-8.91376979031283,-0.7633587786259444
2020-11-23,-10.80881044703219,-10.072478930971984,-5.784633274018214,-20.136980733745812,-10.416765838258524,-6.287969775361734,-3.1511869876132304,-6.336512213643619,-0.1319001342648729,-19.171142168554113,-8.635163855252237,0.0
2020-11-24,-10.373865757672673,-7.989666279614016,-4.809196779365399,-17.427697838802693,-12.025344926730375,-6.571491851743582,-3.351257051728007,-5.826260604374999,0.0,-17.262969003595185,-7.573394392854038,-0.17584994138335475
2020-11-25,-10.2535577012691,-7.881362309989726,-5.571810637960506,-17.633174745657886,-11.981479348190282,-6.186715753532979,-3.788919261029655,-6.989703566186933,0.0,-13.655341997723024,-8.72859684612216,-1.5240328253223967
2020-11-27,-9.309640742069348,-7.464799779718123,-6.117169083317197,-18.493148060194486,-13.141602514547213,-4.151476696472356,-3.026132464680764,-7.395005076295469,0.0,-15.235543901432058,-9.362262727673032,-0.23446658851115076
2020-11-30,-9.078287784778706,-8.681161605362387,-5.568857802286864,-19.64991877075011,-13.443823974073787,-4.81976714587814,-2.963614743535181,-7.127217180378453,-0.4887022510364547,-14.072752211876082,-9.239942789912014,-1.5826494724501927
2020-12-01,-8.384228912906789,-6.789970514674881,-5.985637520040877,-17.009126242679862,-11.572021662883802,-4.789391711848179,-2.475932633124678,-7.512620637004552,0.0,-14.132378180478188,-9.433613324480927,-2.75498241500588
2020-12-02,-7.736443456625763,-6.315089484414827,-7.170936767737269,-16.17960083284663,-11.006582930934616,-2.794655808556412,-1.9007180808538138,-9.720084537068907,-1.6848409830803601,-17.11389697360537,-11.57754160579021,-1.7584994138335475
2020-12-03,-6.533405254581681,-5.973505158597048,-6.638883701263221,-15.905627752881967,-10.465510659121314,-1.2758223055651108,-0.8253140578150853,-9.647711434006546,-4.85629479859041,-25.253431692012708,-11.383871071221307,-0.9378663540445697
2020-12-04,-6.34832571288192,-4.807128802588611,-7.564072658080634,-15.639266649093175,-10.509382187956906,-1.3770763273938447,-1.75065837752727,-10.230336146337526,-2.160555274735698,-23.225999481365,-12.493207598158085,-2.2274325908558157
2020-12-07,-6.255778881700147,-4.940431863270634,-7.686738666995529,-15.18264678456427,-9.246890137551722,-2.1871239523972186,-1.4255337904800491,-10.465553786689863,-1.6848409830803601,-28.264763469440936,-12.43544990569212,-1.6412661195779776
2020-12-08,-6.348325712881941,-4.7988021284758435,-8.762677284659691,-15.639266649093164,-8.808186749786683,-1.9441127549708948,-1.175443825256406,-11.310547006387727,-2.2794876283206977,-28.473468576517458,-13.38849233467122,-2.2274325908558157
2020-12-09,-5.8856197983006675,-5.490291097984457,-8.412403319297379,-15.913239729057826,-10.572752835196763,-1.9137295957542433,-1.212956366007889,-11.048185239553865,-2.993066627146046,-27.19141784127268,-13.024942898460823,-1.0550996483001507
2020-12-10,-5.607993425419133,-3.640752446580209,-7.757677196567936,-13.310495469393635,-10.621497656059553,-0.8809262128023132,-0.662746994131147,-10.288237325000605,-0.9910802625146764,-23.881934895380187,-12.175524088279,-1.465416178194645
2020-12-11,-4.77512136710645,-3.6824112421032784,-9.86225972973449,-12.922371777974195,-10.319276196532968,-0.49615783977839945,-0.5001894707678645,-12.745397530349578,-0.4757218529976681,-22.74895619012525,-14.647326507394764,-0.5275498241501086
2020-12-14,-4.682581596256574,-4.090640742022278,-9.364195986539558,-13.1582907832962,-10.86034846834627,-0.8201753447424021,-0.8503192382091851,-11.889552052485563,-1.4668021155123445,-20.035782689645863,-13.96779469951256,-1.6998827667057959
2020-12-15,-4.682581596256574,-2.799300711924213,-8.146373262390105,-12.092840561904406,-9.709965935748166,0.0,-0.10003980221767739,-10.977618599341533,0.0,-20.035782689645863,-13.058917058657515,-0.4103165298945388
2020-12-16,-3.942249308793766,-1.33299882562109,-8.770062897514052,-10.152204686097477,-9.524739186646913,-0.48251240524322947,0.0,-11.330445059870131,0.0,-20.1848547196357,-13.718334932403241,0.0
2020-12-17,-3.664629996244162,-0.8581177953610686,-8.418316037985162,-10.83713157977253,-8.008776447873444,0.0,0.0,-11.116938676383114,0.0,-21.407279486278362,-13.645015875669786,0.0
2020-12-18,-3.5258168098033837,-1.2080287952916713,-8.384319667365514,-10.920845898997111,-8.081893679167617,0.0,0.0,-11.267117752123868,0.0,-19.49910632131945,-14.091807674822709,0.0
2020-12-21,-3.8497095379439017,-3.149211711854827,-7.623185750277484,-12.686446966415621,-8.398735014775704,-0.010019168633679243,0.0,-10.673634041093727,-1.4084507042253502,-19.35003429132959,-13.349422860510863,0.0
2020-12-22,-3.942249308793766,-2.3327463557770045,-7.417755774414636,-11.719935016600092,-9.012918567587679,-0.010019168633679243,0.0,-10.369656223379097,-0.732393219997074,-17.113896973605357,-13.037887750152354,0.0
2020-12-23,-3.29446385251273,-1.4079833863146707,-7.1280818900967375,-10.410953813710433,-8.618086708658224,0.0,0.0,-9.866643946576714,-0.43192402297903554,-22.242099914584458,-12.397141893395958,0.0
2020-12-28,-4.081062495234522,-0.23327399995367593,-6.340337215243419,-9.010652121656959,-8.496224656501262,-0.44999694824220393,-0.0861428660891117,-9.522856540831192,-0.16901437105709682,-31.276088138384583,-11.400858151319614,0.0
2020-12-29,-2.6466783962317164,0.0,-5.293962191018187,-9.056312366238872,-8.37436260434431,0.0,0.0,-8.466170141029572,0.0,-26.44603636586972,-10.881014617151518,0.0
2020-12-30,-2.6004049806408136,-0.39986950455903614,-5.704829190084415,-9.908673704599646,-7.8235437484766575,-1.4661890977278658,-0.5633194871881186,-8.978228213148054,0.0,-27.78772017820119,-11.514680498702411,0.0
2021-01-04,-1.8138063379190217,-0.6497823836620675,-6.143772793741986,-11.461185888987135,-5.205949248263398,0.0,0.0,-9.340107209525772,0.0,-23.047107358589514,-11.798389848384815,0.0
2021-01-05,-2.4615917942000243,-0.29990053949175977,-4.13525960640605,-12.427697838802665,-4.8159906813611375,-0.5618528457078553,-0.2554733482592386,-7.080175000414524,0.0,-19.439480352717318,-10.041794535555205,0.0
2021-01-06,-2.36905202335016,-0.1749409220851983,-3.9771243327049732,-11.22526107742855,-7.048499906699313,-0.7688504709318145,-0.3162950322244562,-6.89380600287598,0.0,-19.022063030079707,-10.232062793709574,0.0
2021-01-07,-3.5258168098033615,0.0,-3.1480047217181784,-8.287665347102703,-6.7852766839811895,-2.207982189405422,-1.2530399240104906,-6.7074370053376136,0.0,-18.634465800227716,-9.742799243981736,-0.20202020202021442
2021-01-08,-3.340737268103622,0.0,-1.9420074349442817,-7.49618820567558,-10.59712524562817,-2.6121182614094685,-1.1557140918635023,-5.710458247048955,0.0,-19.49910632131945,-8.113619182876853,0.0
2021-01-11,-4.497502054556824,-1.6068703029017306,-2.383910921615995,-9.32267347002771,-9.841580522255022,-3.361257895803149,-1.459850356196235,-5.695979582116695,-1.1217666160583062,-18.09779654038589,-8.056064006864116,-0.8060453400503764
2021-01-12,-3.8959829535347823,-0.7636616748581515,-1.4114272626367885,-8.318107445569535,-10.168168441917446,-1.9516961923115916,-1.2651986919022362,-4.642912848547997,-1.950897384144612,-17.918904417610413,-6.773243785418059,0.0
2021-01-13,-4.497502054556824,-2.386445009823046,-4.019979210345537,-9.535762353058752,-9.646601238803887,-2.2474113828313658,-1.1313872745778775,-7.208642819289979,-4.893510654640143,-18.694098877314392,-9.59839691215868,0.0
2021-01-14,-3.3870036233626055,-1.3602729273138991,-4.794418506316223,-8.561638427067376,-9.807455577473744,-2.6121182614094907,-1.0948831263960956,-7.68813063584396,-3.934316753343392,-20.512825980885584,-10.00441809894398,0.0
2021-01-15,-3.8497095379438795,-3.873997917468386,-6.720167726704185,-11.187212809022496,-10.8310968155922,-1.7939869389575036,-0.8637458769247486,-9.454103104001966,-6.535517400037227,-18.395947708850148,-11.732134565540598,-0.5147402901263476
2021-01-19,-4.497502054556824,-3.698990979034411,-5.518610264451517,-11.445961936635463,-10.333902022910014,-2.7402650201312273,-1.4111874401227742,-7.630229457180848,-5.316203434071076,-24.09064000245672,-10.050292125933435,-1.5442208703790317
2021-01-20,-4.682581596256563,-4.255825720375739,-3.947560739266087,-12.58751450107598,-9.047037562073434,-3.12469025559714,-1.5450081389493553,-6.705623801954552,-6.0965698298307665,-24.299345109533242,-8.998713291462613,-2.292934019653714
2021-01-21,-5.052747739987984,-5.4888247364017095,-5.308740464067441,-14.383557666961334,-9.076283264532004,-3.745683131269062,-1.982965102108658,-7.5506170216524175,-5.982761487395849,-25.73047498325244,-10.123335760290452,-1.8717828731867003
2021-01-22,-5.700533196268998,-6.188846421094151,-3.835240226219694,-14.710802967683744,-9.544238305051135,-4.13996754517888,-2.1897755342943803,-6.492117418467536,-6.291658327894933,-27.072151687099332,-9.121025128565464,-6.317267197005149
2021-01-26,-5.052747739987984,-6.888868105786594,-1.9449602706179347,-15.96651194981561,-9.787962409365058,-3.2331186574310777,-1.6423339710963436,-4.6953878981279225,-7.364654369875079,-20.810977149349874,-7.150386125970332,-0.3743565746373356
2021-01-27,-5.145287510837859,-7.374112409974087,-3.790905407072076,-15.669708747559996,-10.07067880019189,-3.2232594789871616,-1.9464702354290764,-6.49935675093376,-10.729960419801543,-17.710199310533902,-9.047981494208447,-0.04679457182965585
2021-01-28,-4.682581596256574,-4.908120446965636,-3.218943251290618,-13.013692267138065,-10.411892546231371,-3.0556910471891574,-1.7031556550615945,-5.965580681416749,-8.714025267300151,-20.572451949487725,-8.049065038239888,0.0
2021-01-29,-3.942249308793766,-8.161643632927007,-2.6115118307229346,-15.372905545304395,-9.953690040062103,-3.10497189870933,-1.2165450573309755,-5.674268325251175,-11.477804830507077,-23.553970742614883,-7.617745496115003,0.0
2021-02-01,-4.127335910825436,-6.1411194629916395,-2.069106221039896,-13.660576698643624,-9.295634958414523,-2.286840576257343,-0.7420932274921022,-5.623606479054288,-10.01463179239861,-15.026838794355557,-7.230226212498336,0.0
2021-02-02,-3.201924081662888,-5.44904822528729,-3.168695713455194,-13.378991642503134,-10.772605410675073,-0.9364189027298409,-0.24330529886538166,-6.320227085861263,-11.640383747020145,-15.175910824345406,-7.744974432702733,-1.1379153390987717
2021-02-03,-2.9242977087813204,-4.271738752438948,-4.538740992617962,-12.78538523799192,-10.689741595326542,-0.4435652654299793,0.0,-7.541571226336119,-9.608193803743227,-16.845558789442162,-8.825432113406539,0.0
2021-02-04,-3.155650666071952,-4.828573493780263,-4.801811166511094,-12.382037594220796,-12.800388768507753,-0.5421344888200008,-0.29182620379816226,-7.778602070071727,-10.047141373949675,-12.49255030816705,-9.078553377990573,-0.36231884057971175
2021-02-05,-2.554131565049922,-3.9058118435078004,-4.095357564439183,-12.245051054238443,-11.728002709526509,-0.2464268186498919,0.0,-7.009608360202202,-7.1370500885083015,-14.639241564503546,-7.826515657438016,-0.63405797101449
2021-02-08,-2.9242977087813204,-4.335372673561155,-4.460409802850707,-13.295277323278555,-10.704361471408063,-1.2419857513438437,-0.37671351943715514,-7.787647865387837,-6.714351107325845,-14.072752211876082,-8.786354538588082,0.0
2021-02-09,-3.5720902253942755,-4.5581065700976975,-4.484053630261342,-12.595126477251817,-10.538627890415487,-1.2321340932495817,-0.5711522851793105,-7.7460318145070595,-6.242887753816751,-15.47406199280964,-8.869605002188742,-1.3303769401330379
2021-02-10,-3.29446385251273,-5.377457788133466,-3.7376979862225213,-14.802129263084119,-10.28028391002006,-1.6461293436975444,-0.4617781616116923,-6.971605235021505,-5.885220339239538,-13.20811169078434,-8.658947387521499,-5.188470066518858
2021-02-11,-3.1093843108129904,-4.621746560263418,-3.5899011610494247,-14.520544206943619,-11.045575217447535,-0.6604220690978546,-0.6197619766148743,-6.88476020755987,-6.145340403908928,-14.49016242602912,-8.51964036966213,-4.035476718403563
2021-02-12,-3.3870036233626055,-4.414919626746561,-3.85149844077598,-14.55098630541043,-11.206435506412937,-1.1335573495099172,-1.117995088965551,-7.311772974533914,-5.706386631950922,-13.178298706483282,-8.850916783883122,-4.434589800443478
2021-02-17,-3.479543394212492,-3.802401411271117,-4.070233795521472,-14.368339520846185,-13.668048959983492,-1.9418370138676644,-1.3974984968822546,-8.422747627298744,-4.048118894026764,-4.02504432850982,-8.782960362831627,-1.9068736141907072
2021-02-18,-3.4332770389535083,-4.860393488863101,-3.750996317764632,-15.966511949815565,-13.555933491880879,-1.2715557663258714,-0.6562169273538365,-7.54519089256922,-3.072670201954464,-8.109721734106278,-8.096632102778479,-2.394678492239488
2021-02-19,-4.081062495234522,-5.449048225287267,-3.0563681530682896,-15.852355532124218,-13.438944731751102,-1.8432677904776318,-1.130149829662075,-7.081981463264531,-0.8291307680863058,-8.497318963958268,-7.824822619888838,-3.725055432372526
2021-02-22,-4.867661137956314,-9.951477390294283,-3.651974136260394,-20.410953813710442,-11.932734527327504,-3.1739711071172794,-2.2238447085851765,-7.650134251196262,-0.780360194008145,-11.955873939840611,-8.590990966469992,-2.2616407982261832
2021-02-23,-5.3303670525375875,-7.79571672399586,-1.7779594425554435,-17.427697838802647,-12.044844045134596,-3.755542309712945,-2.2359994492817226,-5.847971861240476,-0.016254790775549477,-14.162198273263781,-7.186061424374268,-1.7738359201774023
2021-02-24,-5.978159569150532,-7.421845437120133,-2.3366162194542572,-17.98325597490781,-12.434802612036865,-4.484963587218815,-2.770687512371417,-6.5174483415659346,0.0,-14.907572640182154,-7.59038147295229,-0.7982261640798516
2021-02-25,-5.793072967118884,-10.237851276996556,-2.812509029405108,-19.63470062463497,-13.507188671018088,-4.8693888226847175,-2.782842253067952,-7.70441576362626,-4.257347534066403,-17.20334303499308,-8.212763137728263,-1.596452328159681
2021-02-26,-5.70053319626902,-12.306102405034503,-0.6443806268610075,-21.613390575084534,-15.76407625708317,-4.958106387980532,-3.001581228852579,-5.969200347649684,-4.765686995457818,-17.382235157768545,-6.08818732869123,-1.4634146341463872
2021-03-01,-6.625945025431578,-11.868585058949533,-0.13301855212395353,-22.374425618044892,-16.037046063855655,-5.510100055244482,-3.2689298960727475,-4.901654949148682,-2.160445740855721,-17.20334303499308,-4.906228401620149,-2.8824833702883024
2021-03-02,-7.273737542044523,-10.731046028172141,0.0,-20.038048268406094,-15.520352152769245,-5.697386843930308,-3.6456434155099027,-4.498159901890187,-1.7950771317234104,-15.354802947120817,-4.174034215235656,-0.532150776053264
2021-03-03,-7.736443456625796,-11.017419914874393,0.0,-19.977164071472476,-16.38800639394947,-6.545095701714021,-3.9980567249046084,-3.828683421564716,-1.5091354272051882,-16.04055134543708,-3.5896365364306404,-2.3946784922395103
2021-03-04,-5.6542668410100365,-9.919657395211456,-1.2908027780934472,-19.254183103154787,-17.12405794921391,-4.386394363828794,-2.697777610893437,-5.0771716885210765,-3.0976977590244648,-18.127609524686893,-4.568163635886313,-3.1042128603104624
2021-03-05,-4.913934553547228,-7.803673240027464,-1.109949345181771,-17.275493152705202,-17.231294174993828,-3.351398717359244,-1.8228217077549513,-4.993939586759533,0.0,-19.469293337018335,-3.7051519213625594,-0.31042128603108177
2021-03-08,-5.052747739988006,-12.17882242470305,-1.1318222895944419,-21.36224761741086,-18.22081641862655,-3.9231107415109823,-1.9807962514074795,-4.966795460278028,-1.0228130904564647,-20.572451949487647,-3.3450047615667056,0.0
2021-03-09,-6.662962345837908,-10.921959929625814,0.0,-20.646878625268993,-16.32464169700517,-4.691961212442819,-3.0137359695491472,-2.4264031531673447,0.0,-20.63208502657432,-0.2004669867397224,-0.5309734513274433
2021-03-10,-5.70053319626902,-9.75260697280904,-0.8506820133079462,-19.330285446203487,-16.08579088471842,-4.632821182478731,-2.782842253067952,-3.3727133247261176,-3.303968287358805,-19.737631521181555,-1.4423140793649147,-3.053097345132749
2021-03-11,-4.775121367106472,-8.20141407499797,-2.845194935827633,-18.531196328600508,-16.046792647909992,-4.149826723622807,-2.187389757846181,-5.377529840002593,-1.2429214890786966,-20.45319290379887,-3.657584856823959,-1.7699115044247926
2021-03-12,-5.284100697278649,-8.877572280639146,-4.7247450886613755,-19.54337432923453,-16.183280526444,-4.632821182478731,-2.479038635108788,-7.749651480740161,-1.604783567849788,-22.480625114446585,-5.973093177982003,-2.7876106194690387
2021-03-15,-5.145287510837893,-8.105960158792879,-4.687381160714221,-18.66057669864358,-15.72507802027474,-3.8541115331029885,-2.6248677094154127,-7.860020968450188,-2.1397114237997172,-25.93918009032893,-6.646581894899295,-2.7433628318584202
2021-03-16,-5.376640468128546,-8.957125302868018,-3.815142771590796,-20.205476906855214,-15.642214204926198,-4.139967545178869,-2.114470585017536,-6.919136925974579,0.0,-23.613596711216957,-4.61912487618128,-1.902654867256648
2021-03-17,-5.145287510837893,-6.769550710530236,-3.8654364138303254,-18.028916219489698,-15.827440954027471,-4.139967545178869,-2.2359994492817226,-6.691151877555268,0.0,-24.627309262298525,-4.46792609218728,-1.2389380530973493
2021-03-18,-5.006474324397114,-8.280961028183388,-3.909988084380933,-17.747331163349212,-15.56422368160485,-4.563821974070715,-2.345364301498709,-7.2448260005547045,-1.0972015059771856,-26.02862615171666,-5.152561314691306,-3.2743362831858414
2021-03-19,-6.81103162746326,-7.222975019634903,-4.8339521826687,-15.98173009593068,-15.115767759489929,-5.372101638428484,-3.0258814388950284,-7.657373583662331,-3.507959341492828,-24.418604155222003,-5.567071991196704,-1.2831858407079566
2021-03-22,-6.949837753572108,-8.225277554049237,-6.1588402039427725,-16.42313181434445,-15.291247924536854,-6.604235731678121,-3.6334886748133455,-8.723105778780226,-4.54334518359536,-23.017294374288443,-6.67363809305308,-2.831858407079646
2021-03-23,-7.505090499335177,-9.354866137838547,-5.638657310496087,-17.343983519578078,-15.929809838075714,-6.436667299880073,-3.6942531069454443,-8.444458884164053,-6.845928554863434,-25.223618707711637,-6.470854318088071,-2.4336283185840912
2021-03-24,-8.33795549731594,-10.349218225264822,-6.121476275995608,-18.873665581674615,-15.530098736823582,-7.09708936897796,-4.168186009253672,-7.9577317351440024,-5.563280057262321,-24.925467539247382,-6.217724952845927,-2.0796460176991327
2021-03-25,-8.245415726466065,-9.275313115609663,-4.619847899418195,-17.427697838802647,-15.920057303725855,-6.653524103547969,-3.998056724904586,-6.5210680077990695,-5.439654624579216,-23.375078619839396,-4.532488337482354,-3.2743362831858525
2021-03-26,-7.690170041034927,-8.161643632927017,-4.45890824425168,-17.602738453427634,-15.56422368160485,-6.180381302786275,-3.7185533169878826,-6.398026318006789,-2.6425577324463045,-23.762675849691384,-4.043224787754518,-2.212389380530988
2021-03-29,-7.921522998325581,-7.835493235110336,-2.4758929690995357,-17.351595495753934,-16.543993390887678,-6.99852014558796,-3.755017539077521,-5.196586971547223,-1.7153463545913183,-22.898035328599676,-2.2764388469975416,-3.230088495575234
2021-03-30,-7.551356854594172,-6.682047241313239,-2.276150467066218,-16.080668367506934,-17.918594959099977,-6.209951317768314,-3.4390591804218107,-4.775000333656331,-1.0972015059772078,-21.79487671613036,-1.7939717494406815,-4.5575221238938095
2021-03-31,-7.458817083744296,-6.8809176587984915,-2.8121409126445784,-16.674274772018162,-16.46112362524366,-6.2000921393244095,-3.4633593904642823,-5.3612447122204365,-2.1789520435188225,-22.242099914584458,-1.9502658473983803,-0.13274336283185528
2021-04-01,-7.088650940012875,-8.0105001735443,-5.125662159652822,-18.569250403243164,-15.842066780404506,-5.864955275728345,-3.305384846811754,-8.010200044190919,-2.7507321966938614,-21.31783342489062,-4.333722488949753,-0.9292035398229981
2021-04-05,-7.643896625444024,-6.117255983940339,-3.4501575616216695,-17.30592944493544,-15.817694369973111,-6.515525686732005,-3.3418397975507275,-6.635057161742219,-0.4172409934884658,-25.134172646323904,-2.986550639320007,-2.0796460176990994
2021-04-06,-7.5513568545941485,-5.958156008526016,-3.710245582347571,-17.58751450107595,-15.110894467462755,-6.525377344826245,-3.5727335140319005,-6.989703566186922,0.0,-26.774000518635056,-3.8002860504397384,-1.9026548672566146
2021-04-07,-8.014062769175434,-5.9342925294747495,-4.502014143887745,-17.876705727155716,-15.179138406729765,-6.604235731678132,-3.7185533169878826,-7.812978788486258,0.0,-24.865834462160695,-4.980973174184422,-0.7964601769911317
2021-04-08,-6.394592068140959,-5.528595178472651,-4.287909860637251,-17.42769783880267,-14.365096328143977,-5.234103221612518,-2.9529715374170262,-7.559662816968493,0.0,-24.806201385074022,-4.659895488548937,0.0
2021-04-09,-6.394592068140959,-6.069522956794304,-4.710376455449328,-17.640786721833713,-15.023151409791557,-7.36322702416603,-3.4390591804218107,-7.856401302217053,0.0,-24.68694233938522,-5.4328683879591555,-0.4312203536007031
2021-04-12,-6.394592068140959,-5.091083901431192,-2.89548857806714,-16.286145274362152,-15.61296850246765,-5.924095305692423,-3.511969081899813,-6.349177675192785,0.0,-23.64340969551805,-3.518285939622734,-1.8542475204829767
2021-04-13,-7.5513568545941485,-4.749026540594848,-1.90685535233297,-16.59056045279361,-14.881796189525897,-6.564806538252155,-3.7914724898165275,-5.1712560484487575,0.0,-21.914135761819175,-2.6195989266950326,0.0
2021-04-14,-7.597630270185052,-3.842177922385548,-1.8292565105941683,-16.057832438979425,-15.432609095098048,-6.978801788700095,-3.8643823912945074,-5.040981766723296,0.0,-21.943948746120224,-2.8897153720355395,0.0
2021-04-15,-7.4588170837442735,-3.706941426022514,-2.6899972523500404,-16.362247617410862,-13.94589205878315,-5.8649552757283345,-3.4998143412032334,-6.054245652794277,0.0,-20.751344072263212,-3.966770776324813,-0.6734006734006703
2021-04-16,-6.903571398313124,-3.1262432056299083,-3.455906385305474,-15.768641212899649,-13.282963685108395,-5.598817620540264,-3.086645871027105,-6.551825059980665,0.0,-20.095408658247994,-4.610635386461204,-1.4309764309764383
2021-04-19,-6.672218441022504,-3.4126170923321486,-3.8323892426421424,-16.666662795842313,-13.750912775332013,-5.234103221612507,-2.9529715374170262,-7.043985078616899,0.0,-18.038163463299227,-5.106687287701872,-0.33670033670033517
2021-04-20,-7.5513568545941485,-4.168322251158729,-4.072359806472237,-17.351595495753934,-13.365827500456916,-6.28880970462019,-2.418274202976689,-7.185118359041553,-1.2718429396167852,-18.694098877314413,-5.794716685962298,0.0
2021-04-22,-6.533405254581737,-4.645610039314629,-3.7231821486348293,-17.73211301723411,-13.17572745932848,-5.3721016384284725,-1.810666967058372,-6.740007260902114,0.0,-18.038163463299227,-5.410777893239005,0.0
2021-04-23,-6.533405254581737,-3.667170983951551,-6.059691838383352,-15.75342306678451,-13.380453326833951,-4.977817224518666,-1.5068633490991967,-8.786433086526536,-0.23709648002918637,-18.60465281592669,-7.529221504071726,0.0
2021-04-26,-6.533405254581737,-3.5558040356832854,-4.859818463248288,-15.852355532124196,-13.273217101054048,-5.4608116833746,-1.5554730405347383,-8.140481066449446,0.0,-16.815745805141123,-6.951620277437676,0.0
2021-04-27,-6.533405254581737,-4.526292644058283,-5.67314340060393,-16.331805518944044,-13.331708505971173,-5.342531623446433,-1.591927991273745,-9.110315698256588,-0.08234636026783759,-14.341090396039336,-7.663433207967396,0.0
2021-04-28,-6.255778881700202,-3.2057901588153026,-5.3340176192195665,-13.812781384741001,-13.56568602623074,-4.859537164590488,-1.5797825219278416,-9.307543694494303,-0.7685939526525076,-12.79070147663135,-7.3967109383833325,-1.329978432782175
2021-04-29,-6.070699340000463,-4.033091823839186,-6.893127380639951,-15.433783936001344,-13.814283422571826,-4.780678777738601,-1.591927991273745,-10.93056967884458,-0.6999754761984001,-13.208111690784396,-9.258631008217488,0.0
2021-04-30,-6.811031627463282,-5.091083901431171,-7.058383792565448,-15.730587138256958,-13.853275709084755,-5.243962400056423,-1.6526924234058438,-11.321399264553866,-1.9352232367522593,-12.611809353855886,-9.343574509367292,0.0
2021-05-03,-6.76475821187239,-4.80471001472893,-6.1502203944145295,-14.764075188441417,-12.678526716350792,-5.687527665486403,-1.8714313991904707,-9.94083025302216,-4.597856774715892,-11.56827670998869,-7.588680334744957,-1.0472972972973005
2021-05-04,-7.782709811884814,-5.799062102155195,-5.802467951507051,-16.933023899631085,-13.438944731751102,-6.170522124342348,-2.3089093507597247,-9.80512310168048,-3.9253370661449294,-11.538463725687631,-7.6158661434287955,0.0
2021-05-05,-7.320003897303529,-4.3274222265730415,-6.068311647911607,-15.981730095930669,-13.034366288767318,-6.259239689638141,-2.1509348071071965,-9.926358328622886,-1.880322172804627,-12.403104246779362,-7.539420232657235,0.0
2021-05-06,-7.73644345662583,-4.184235283221893,-7.693522603703218,-16.042614292864275,-11.503777723616826,-6.357808913028173,-2.187389757846203,-11.352163057268472,-0.37057956381978396,-12.701255415243617,-9.066661611855832,0.0
2021-05-07,-7.088650940012875,-2.394401525854617,-8.572941883435226,-14.710802967683678,-10.743359708216516,-6.03252370752635,-1.9564960413650079,-12.497507687914988,0.0,-11.80680190985085,-10.413315019365276,0.0
2021-05-10,-7.134924355603789,-2.633042385410833,-8.532706969643588,-14.117196563172453,-10.431391664635592,-6.062093722508399,-2.1023251156716327,-12.687496351686455,0.0,-12.581996369554837,-11.05769807162198,-3.2028469750889688
2021-05-11,-5.978159569150598,-1.8375607154697993,-8.920687474347822,-14.117196563172453,-10.50938218795694,-5.04681643292666,-1.9807962514074573,-13.172417037856643,0.0,-11.896247971238571,-11.283641628180286,-1.714655451310254
2021-05-12,-7.0886509400128865,-4.383105700707146,-8.896260112687882,-16.25570317589531,-11.15769068555018,-5.657957650504342,-2.187389757846181,-13.107276526727297,-2.0093770520285825,-11.478830648600958,-11.300628708278616,-1.9734713684891658
2021-05-13,-6.76475821187238,-3.643307504900284,-7.985225728692513,-14.42921791154317,-11.09919333033751,-5.253814058150608,-2.333209560802163,-12.49932089129805,-4.501005414161641,-11.359571602912155,-9.909283969866678,-6.955677774183123
2021-05-14,-6.625945025431612,-2.5137189211109745,-7.927744343849541,-13.302889299454336,-10.411892546231371,-4.879248001128622,-2.0172604734970956,-12.30571256129329,-6.8184914443981555,-11.717355848463107,-9.831136920887829,-11.355548366224532
2021-05-17,-5.885619798300712,-1.8057407203869502,-8.05275898998855,-13.242005102520727,-8.969047038752088,-4.613110345940563,-1.9807962514074573,-12.853960555209564,-4.246481050434214,-7.304714290101321,-10.480096844987907,-15.561307020381765
2021-05-18,-6.764758211872368,-1.813697236418521,-7.943551895981226,-13.013692267138,-8.954421212375053,-4.484963587218804,-2.1023251156716327,-12.678450556370368,-3.7374425431995872,-10.19677991335618,-10.446114584133104,-14.817211258492403
2021-05-19,-7.227464126453653,-1.9648406958012399,-7.656158675756053,-13.584468549358263,-8.296366130727462,-5.1848148497426365,-2.3575190421952663,-12.5879791221426,-4.755529777889067,-11.627909787075364,-10.649975746629393,-14.817211258492403
2021-05-20,-6.394592068140959,-2.036431132955041,-7.204954814519892,-11.948247851982796,-8.27199372029609,-4.484963587218804,-2.114470585017536,-12.117537100904896,-7.166776108191253,-12.79070147663136,-9.826041606924141,-14.008411517308318
2021-05-21,-6.302052297291095,-1.9250641846867866,-7.248060714155979,-11.986296120388861,-8.5205970669327,-4.4553935722367655,-1.8714313991904707,-12.197149536433338,-7.394513274788517,-13.357190829258837,-10.279629858248018,-14.655451310255586
2021-05-24,-6.394592068140959,-0.8273016650238163,-6.180396579758196,-10.30440937219489,-8.135511792057626,-4.879248001128644,-2.041560683539556,-10.930569678844593,-7.5686556066850486,-13.953493166187359,-8.912068652105376,-14.946619217081858
2021-05-25,-6.394592068140959,-1.614826818933257,-6.679023097389414,-11.643832673551346,-7.4774567104100464,-4.514533602200855,-1.676992633448282,-11.598239696320189,-9.578032658713632,-13.148478613697744,-9.647665114904392,-19.734713684891624
2021-05-26,-6.533405254581737,-0.9625320923433822,-6.213443750946379,-10.76864121289962,-7.321469713471817,-4.337105991958956,-1.7256023248838237,-11.352163057268505,-8.774283881946221,-11.031607450146897,-9.440409776651693,-19.184729860886463
2021-05-27,-5.700533196269042,-0.5170642992703312,-7.003773393566881,-10.69253886985091,-7.594445470539801,-3.9428290983987924,-1.3367340647501114,-11.98364315294631,-7.608841512490372,-11.806801909850861,-9.783569856349217,-14.008411517308328
2021-05-28,-5.8300902875252465,0.0,-8.2654312063142,-9.817347409199206,-7.262978308554691,-3.390827910785177,-1.373189015489118,-13.697140571524368,-8.653715944310015,-10.9719743730602,-11.01182404463249,-15.01132319637659
2021-06-01,-5.145287510837915,0.0,-8.331532400685425,-8.066964487895778,-7.24347919015046,-3.09512024061509,-0.7412815695283625,-13.793038134835145,-7.046218390775227,-7.453786320091183,-11.378775757257431,-10.870268521514081
2021-06-02,-4.404955223375106,0.0,-9.624805317696117,-7.884317703331522,-7.019254204240766,-2.493838201481291,-0.42532321087265235,-14.902199584217069,-7.273945337152288,-8.318426841182912,-12.515289992219946,-12.649627952119058
2021-06-04,-3.248190436921905,0.0,-11.546029303241156,-6.004560218221611,-7.882035153393819,-1.4489833765678362,0.0,-16.70616843702273,-8.372404383452437,-7.662498535652274,-13.762232398808827,-11.646716273050806
2021-06-07,-4.0347961399756045,0.0,-11.75870151956685,-5.593600598274639,-7.540821407354326,-1.7052693736616775,-0.5690684249285649,-16.726073231038185,-8.774283881946232,-8.46750597965732,-14.30076415128253,-12.099644128113896
2021-06-08,-3.387003623362661,-0.7541175368446118,-11.640867764036422,-6.925411923455249,-7.765052343559542,-1.4884125699937911,-0.8838791135823643,-16.461898260821272,-10.167453197779142,-6.738224937473857,-14.290573523355155,-12.0025881591718
2021-06-09,-3.2019240816629213,-0.6855529439769414,-11.96562491220875,-6.187212809022446,-7.716307522696752,-1.596840971827751,-1.3318785844484093,-16.77492861438501,-9.1225787659595,-6.708411953172799,-14.465547738960339,-10.61145260433517
2021-06-10,-3.4795433942125364,-0.4037163194889115,-11.449751923526197,-6.385077739701783,-7.667562701833974,-1.7151285521055826,-1.8040899985921621,-16.458285335121168,-8.640327455855024,-6.112109616244277,-14.013660625843706,-9.543836945972185
2021-06-11,-3.877470763165669,-0.8683724864782527,-11.613569416532032,-7.153724758837976,-8.486472122151422,-1.93198535577348,-1.8040899985921621,-16.385905491525765,-7.702612032776235,-1.7292810421835392,-14.132578287190189,-11.420252345519255
2021-06-14,-3.8034431826849624,-0.44180517706259304,-11.040215043006496,-7.0319563649707595,-9.13965391177184,-1.5574117784017627,-1.6224680921505863,-15.611485652573275,-8.707300558790521,-0.05963307708674037,-13.07080882479198,-14.687803299902946
2021-06-15,-3.895982953534849,-0.4037163194888893,-11.905272541521327,-6.438349960459555,-9.602729709968283,-1.862986147365464,-1.9978132578356567,-16.820164331498898,-9.738786502155172,-3.3989290072803047,-14.062928828589582,-13.62018764153996
2021-06-16,-4.312415452525231,-1.074043018906301,-12.148120943190744,-5.197864930679352,-9.35900560565437,-1.5475601203075895,-1.9251681903285744,-17.09519155988196,-12.391158487509601,-3.0709648545149903,-14.31435705562446,-12.908443869297969
2021-06-17,-4.543768409815863,-2.049057332738502,-12.945638328414688,-5.532722207577634,-13.536434373476691,-2.513549038019447,-2.2278682885065737,-17.451644427176717,-14.989956078603706,-3.0113317774283166,-14.135980563604743,-18.084762212876104
2021-06-18,-6.209512526441241,-1.8890887801639056,-14.305005587801745,-6.293757250537979,-13.82403000662621,-4.287825140438772,-3.596069406708524,-17.853326271052318,-13.208305972952184,-4.144310482683256,-14.932728894626146,-15.205435134260759
2021-06-21,-5.237827281687791,-1.0435672836123677,-13.286196176723852,-6.7732072373578145,-13.14647580657441,-3.400687089229104,-3.1359685830405715,-16.326197850012637,-11.332885347014809,-4.859871865300558,-13.427561808831435,-14.687803299902946
2021-06-22,-5.469180238978433,-1.3863437556008273,-14.215915950690238,-7.6103446233668715,-13.414572321319717,-3.9231107415110045,-3.4749912149720896,-17.81894955263762,-11.091759691962565,-2.862259747438489,-14.835893627341711,-14.623099320608212
2021-06-23,-5.469180238978433,-1.6605672578090869,-14.993315879018375,-7.184166857304786,-13.122103396143025,-3.164119449023106,-3.378124966513385,-18.94077646356861,-10.475551955766893,-0.6261224297142598,-15.787243018771669,-14.040763506955667
2021-06-24,-4.960207969138175,-0.9369254562584306,-14.909968213595803,-7.929977947913436,-13.448697266100995,-2.5332673949072793,-2.9543466765989512,-19.063818153360867,-9.05559544280382,0.0,-15.649637139119587,-15.464251051439659
2021-06-25,-4.8213947826974195,-2.513707688184119,-15.808072883298829,-10.045660244581923,-13.399952445238206,-2.5036898595755197,-2.91802414284541,-19.86356891541181,-9.685201887674665,0.0,-16.54151959921817,-17.631834357813002
2021-06-28,-4.913934553547284,-2.559415479581306,-15.994878819044922,-9.969552095296642,-13.25371798264986,-2.5135490380194248,-3.063323515533445,-19.755005890551825,-9.310119806531237,0.0,-16.495653672886856,-12.584923972824324
2021-06-29,-4.682581596256641,-2.6051174594347914,-15.618395961708242,-9.718414943859532,-14.072627402967319,-2.4248389930733083,-3.0512129250576225,-19.436549407904923,-8.02410949943918,0.0,-16.335965399172746,-10.126172759624719
2021-06-30,-5.237827281687791,-2.894573017746316,-15.290767827691454,-10.197864930679367,-13.682668836065048,-3.104971898709308,-2.954346676598929,-18.891921080221763,-8.533158226894011,0.0,-15.821217178968327,-6.826269815593644
2021-07-01,-5.1915609264288065,-3.7781833718715685,-15.376986478958488,-11.339417495119886,-13.434071439723972,-2.533267394907235,-2.5305683866844952,-19.094575205542462,-8.908240308037453,0.0,-15.581680718068114,-6.858621805241016
2021-07-02,-4.497502054556879,-2.42229791693348,-14.121077489894962,-10.730587138256986,-13.107483520061525,-2.1685529959794225,-2.3126239464893783,-18.182641752398432,-7.983923593633834,0.0,-14.2922341582718,-9.770300873503713
2021-07-06,-4.636308180665727,-4.197137559007469,-13.270388624592155,-12.138506612722876,-12.576163782598094,-2.720546663243373,-2.1189006872458838,-17.004720125654394,-8.492972321088665,-1.702701701309861,-13.555673717155315,-15.108379165318663
2021-07-07,-4.266149097266259,-2.8031690580393787,-11.764450343250621,-11.339417495119886,-12.186205215695821,-2.897974273485271,-1.9251681903284856,-15.010762609077066,-7.300742754502654,-2.8108132489847226,-11.740624055260573,-15.561307020381744
2021-07-08,-4.266149097266259,-4.082876797830048,-11.372159933782255,-12.305929444935426,-12.278821565394205,-2.414979814629359,-2.227868288506496,-14.44622948737846,-7.769595355931946,-0.32432658834293804,-11.130741705978997,-17.437722419928825
2021-07-12,-4.127335910825492,-2.3842206824472134,-10.745640932172728,-10.273967273728113,-11.991225932244676,-2.414979814629359,-2.04624638206492,-13.668189982192835,-6.229070905332645,0.0,-10.677153454655098,-13.393723714008399
2021-07-13,-4.775121367106506,-1.8433868003104426,-11.83773242823044,-9.893449752247928,-11.801119940820715,-2.8191234069830817,-2.215757698030685,-15.168181017284056,-6.162087582176956,-1.4137095831547875,-12.124562847983855,-12.390812034940135
2021-07-14,-4.682581596256641,-1.614865277955646,-12.67405266032121,-9.155244831578536,-11.074820919906136,-2.1488421594413,-1.9251681903285078,-15.542725475210995,-7.166776108191253,-2.373965989008453,-12.29954516424716,-11.614364283403422
2021-07-15,-4.312415452525231,-2.4756246421541617,-13.814998879698791,-9.665142723101782,-10.874968344427828,-2.2178413678492936,-1.707223750133413,-16.60303154124594,-7.139988911061101,-3.6009599320701136,-13.870959432227947,-26.981559365901
2021-07-16,-3.775674897131265,-3.542048727237035,-13.29769382409144,-11.286145274362159,-11.552522544479638,-1.5278417634197128,-1.3439799372502614,-15.779756318946415,-9.484262138427779,-2.000534708822199,-13.189726486138476,-28.049175024263985
2021-07-19,-3.7571697670940707,-4.768435553350747,-13.27470538135116,-12.077622415789302,-11.83524488560198,-1.429272540029669,-1.2350123359896492,-15.765284394547141,-10.435366049961559,0.0,-13.097994633475828,-28.049175024263985
2021-07-20,-3.063110895222143,-3.9076761891522316,-11.05027377145441,-11.035002316688459,-11.728002709526542,-1.3307033166396254,-1.1381460875309668,-13.271934267400564,-9.229737774700375,0.0,-10.796079216659704,-26.010999676480097
2021-07-21,-3.4795433942125364,-3.6410716207674554,-11.663863058771573,-11.164376880494931,-12.117961276428812,-1.2419857513438215,-1.1381460875309668,-14.075304695684455,-8.225049248686078,0.0,-11.322711102340632,-26.010999676480097
2021-07-22,-3.387003623362661,-3.435406899883131,-12.139501133662511,-11.491622181217364,-12.015598342676071,-1.6264109868097343,-1.2834454602190237,-14.891340585517732,-8.278633863166595,0.0,-11.876528796705399,-26.949207376253636
2021-07-23,-4.0347961399756045,-4.227601671213977,-12.071961020371624,-12.077622415789302,-12.191078507722974,-1.6756993586795832,-1.2955560506948238,-14.581936638719938,-8.747486464595887,0.0,-11.667572320245423,-29.181494661921715
2021-07-26,-3.9422493087938326,-3.4887278135600552,-12.436953082335577,-11.339417495119907,-12.322693094229809,-1.4489833765677917,-1.5498230246434819,-14.929343710698594,-6.296054228488357,0.0,-11.69645926713654,-28.85797476544808
2021-07-27,-4.867661137956381,-4.5703839547461715,-12.238649499221898,-11.757989091242727,-12.283694857421368,-2.414979814629381,-1.586145558397023,-15.177226812600143,-8.479573612413482,-3.1935707661408297,-12.078696921652543,-28.987382724037538
2021-07-28,-4.497502054556901,-3.3363781948089533,-12.24583038983048,-11.301363420477273,-12.283694857421368,-2.375550621203415,-1.9251681903285522,-14.824393611538511,-7.916950490698316,-1.4139464747414898,-12.185722816864363,-28.922678744742814
2021-07-29,-4.590041825406777,-3.877206265402011,-12.968626771154955,-11.377471569762566,-10.73848641618933,-2.2079821894053775,-1.4892793099383184,-15.781569522329475,-7.260546628477094,-1.048274470335353,-13.108185261403204,-27.790359107085095
2021-07-30,-5.607993425419188,-6.718464181015127,-13.225843806036409,-13.622522624000943,-11.64513889417801,-3.52882632760112,-2.3368358897671415,-15.986030110500216,-10.127267291973796,-4.583134844937298,-13.69258294020822,-29.213846651569074
2021-08-02,-5.0527477399880505,-6.2309570240990375,-11.13649242272141,-12.815827336458696,-11.37704237943269,-3.173971107117257,-2.1552232209994693,-14.098829155933023,-10.301409623870338,-4.071191713867995,-11.51297936049499,-27.693303138143012
2021-08-03,-4.682581596256641,-5.339733547694037,-11.74433288635479,-11.89497563122508,-11.76700094633496,-2.957121823799047,-2.4216007854239274,-14.314148742802924,-9.068994151478993,-1.8283832710376369,-12.092281725336317,-28.760918796505997
2021-08-04,-4.682581596256641,-6.81748707454558,-11.396587295442195,-14.07914248852985,-11.74750182793074,-3.568255521027086,-1.7193343406092576,-13.72971082708906,-8.412590289257782,0.0,-11.715139384784,-29.375606599805902
2021-08-05,-6.376086938103787,-6.802255018442338,-12.115066920007688,-14.459660010010023,-12.010725050648874,-3.9625399349368817,-3.1117566397628305,-14.603647895585448,-10.743475028169481,-0.4329034612322702,-12.201008758755416,-28.081527013911376
2021-08-06,-5.978159569150621,-5.911031542037315,-10.840479392968005,-12.488582035736307,-14.209115281501283,-4.189255917048662,-2.86959101861608,-13.536102497084457,-10.435366049961537,-0.4329034612322702,-10.892906383286016,-28.178582982853463
2021-08-09,-6.71848479628151,-5.911031542037315,-11.35922336749502,-12.130894636547085,-15.99317453502005,-4.189255917048662,-3.051212925057656,-14.078924361917567,-9.631617273194127,-2.3569035538932637,-11.11715690229519,-28.793270786153368
2021-08-10,-6.903571398313179,-6.4137707550566585,-11.787438785990878,-13.242005102520793,-15.729951312301903,-4.583532810608826,-3.0754248683353747,-14.187487386777542,-9.135967254414467,-1.659446066139303,-11.12055107805161,-28.922678744742814
2021-08-11,-7.273737542044579,-6.619441287484717,-12.65393520342537,-13.660576698643611,-14.67706437172489,-4.8792480011286,-3.063323515533467,-15.121138837320103,-8.908240308037406,-2.380951834859746,-11.859541716607048,-28.016823034616657
2021-08-12,-7.736443456625852,-7.7163294847740875,-11.984303450184886,-16.3774715697626,-14.745308310991877,-5.37210163842845,-3.2207242410234094,-14.44804269076153,-9.819158313765842,-5.411253127595328,-11.351589948573615,-26.625687479780037
2021-08-13,-8.66185528578841,-7.205971337931249,-11.456939666129628,-15.71536899214192,-13.468196384505159,-6.535236523270093,-3.9714238100674537,-13.92512561994369,-10.0468852601429,-7.142855504579249,-10.773988721939553,-26.46392753154322
2021-08-16,-9.402180512919301,-8.676111742503023,-11.143680165324854,-17.290711298820373,-12.897878410233298,-7.343516187627863,-4.7947684466185585,-13.387736624726598,-10.99798917167667,-5.098602539140639,-10.85383690912568,-26.916855386606308
2021-08-17,-8.754395056638288,-9.795856741262831,-11.011477776582424,-18.09740658636263,-12.990494759931682,-7.668801393129677,-4.346768975752524,-12.937192656971142,-12.819825183133549,-7.720060119555572,-10.646581570872982,-27.758007117437757
2021-08-18,-8.754395056638288,-10.61090831406416,-10.95256432481464,-18.09740658636263,-13.156228340924248,-8.28979426880162,-5.109569897598487,-12.575313660593423,-14.708644517746105,-7.359307235195367,-10.058781615653423,-27.305079262374665
2021-08-19,-9.772346656650722,-10.30621488810567,-9.548645394876964,-17.49618820567559,-13.224472280191247,-8.23065423883753,-5.000602296337875,-11.397398774382406,-16.94574851615176,-7.888409554266151,-8.626666264873862,-28.825622775800742
2021-08-20,-9.032014369187912,-9.574954152731518,-9.196589899200248,-17.503800181851435,-13.185474043382806,-7.146377740847787,-3.9835251628693724,-10.75686614285547,-16.490289513287536,-7.383355516161849,-8.023580367763216,-30.281462309932095
2021-08-23,-9.494720283769187,-10.230042984501974,-9.66360131256807,-17.374425618044963,-12.103341400347212,-7.254806142681747,-4.104612592279688,-11.382920109450122,-16.409912591566755,-5.122656554079685,-8.619869812702884,-30.37851827887418
2021-08-24,-8.476768683756742,-7.8915300934519035,-9.236824812991863,-15.677314917499308,-11.986352640217458,-6.121241272822164,-3.86244697113296,-11.247212958108632,-13.369059816393714,-6.301108331026306,-8.604583870811823,-29.537366548042744
2021-08-25,-7.828983227475728,-7.602068723596689,-11.43682220923381,-16.156770710555733,-12.834513713288976,-5.569240085208548,-2.8938121995677135,-13.499919315819708,-12.565311039626327,-6.277054316087238,-10.882715755358651,-28.663862827563925
2021-08-26,-7.292242672081772,-9.186469889345862,-11.872218518338274,-17.283099322644567,-12.63953442983784,-4.849677986146583,-2.615324044667444,-14.294243948787667,-13.70395599173182,0.0,-11.473909886334631,-28.469750889679734
2021-08-27,-6.64445721580077,-7.541134687639972,-11.310368644175162,-15.334851470661782,-11.450159610726839,-4.73139040586873,-2.288412003211726,-13.660950649726777,-12.39115848750959,0.0,-10.78418745052504,-27.790359107085106
2021-08-30,-6.857297982722255,-8.363799382721071,-11.911021365205098,-16.651444649727274,-11.82061905922488,-4.504681944106648,-2.3973796044723272,-14.31233553942004,-12.766240568653032,-1.4874155359878793,-11.613216904194001,-30.087350372047894
2021-08-31,-7.801222002253971,-9.178850955522389,-12.173987223770332,-16.202430955137647,-11.528150134048188,-5.864955275728345,-3.4386686812185485,-14.715830586678546,-13.93168293810888,0.0,-11.951281669927816,-30.89615011323198
2021-09-01,-7.810471037106581,-8.676111742503046,-12.633817746529575,-15.578382452159634,-11.620766483746593,-5.864955275728345,-4.588925359225382,-15.345504219506312,-13.811125220692844,0.0,-12.522086444390935,-33.29019734713686
2021-09-02,-8.199149371207126,-10.763252121271572,-11.810434080726019,-18.3257194217454,-11.835244885601936,-6.357808913028185,-3.378124966513407,-14.768305636258495,-14.614868887350141,0.0,-11.922402823694856,-33.19314137819478
2021-09-03,-7.764204681847609,-10.748020065168307,-11.626499130824397,-19.04870039006308,-10.753106292270843,-6.850662550328035,-3.3660236137115107,-14.723069919144605,-14.668453501830658,0.0,-11.969969888233434,-34.26075703655776
2021-09-08,-9.124561200369675,-13.124616002248368,-12.06046337300405,-22.070010439613508,-12.712651661132046,-6.850662550328035,-3.6566131214136877,-15.193511940382498,-16.396518993001663,0.0,-12.177225226486144,-35.52248463280494
2021-09-09,-9.355914157660317,-11.593541561719867,-9.670789055171515,-20.471838010644106,-12.386057791174077,-7.244946964237863,-3.632401178135969,-12.673024427287272,-16.2357702596702,0.0,-9.611989816500477,-35.813652539631214
2021-09-10,-7.967796413916483,-12.614257855405542,-11.732835238987239,-20.593606404511334,-12.766269774022,-6.170522124342359,-3.1359685830405826,-14.350331924067728,-16.27595616547556,-1.8485377183773855,-11.720242799405822,-34.940148819152405
2021-09-13,-7.5976302701850855,-10.725169075241581,-10.985611496002834,-19.733633089974724,-12.649281013892221,-5.835385260746295,-3.0148903913041813,-13.633813263778316,-16.07501641622866,0.0,-10.862326398845767,-35.71659657068912
2021-09-14,-7.366277312894443,-11.007005699729632,-11.560397936453182,-19.87061962995704,-12.030224169053083,-5.933954484136317,-2.5305683866846174,-14.243582102590635,-16.342934378521157,0.0,-11.436533449723408,-34.90779682950503
2021-09-15,-7.643896625444057,-11.768736358854003,-11.186786064960973,-20.449007888353165,-12.629781895488001,-5.963524499118367,-2.9059135523696877,-13.603049471063677,-17.079704942242955,0.0,-10.999932278497848,-30.960854092526702
2021-09-16,-6.764758211872401,-12.858011433863592,-11.346293653202677,-20.50989208528676,-14.472338504219417,-5.3721016384284725,-2.482135262455276,-13.60486267444676,-20.77696157963721,-2.289377273382265,-11.29213111790035,-31.478485926884513
2021-09-17,-8.06033618476637,-14.686166178070813,-11.189663902800294,-22.38203759422084,-14.725809192587691,-5.519959233688365,-2.772724770157453,-13.358786035395076,-24.112524624343013,-6.501831805736891,-10.695841672960672,-31.769653833710787
2021-09-20,-8.014062769175467,-16.598111759705226,-10.933878934843655,-24.809735433023448,-14.121372223830075,-6.505666508288066,-3.0754248683354635,-12.977002245002078,-26.44340425314462,-8.699631892196368,-10.136928664632238,-32.48139760595278
2021-09-21,-7.50509049933521,-15.67641835954998,-10.323174337360664,-24.086754464705763,-13.429198147696775,-5.352390801890339,-2.7485128268797343,-11.9999282807287,-26.550568371995553,-11.996340755166823,-9.567816927718287,-33.09608540925269
2021-09-22,-7.782709811884825,-14.137719173654284,-11.270133730383558,-21.080668367507027,-13.39507915321102,-6.239521332750297,-2.6516465784210297,-12.64768676365583,-24.01875410405716,-11.996340755166823,-10.490287472915261,-31.996117761242328
2021-09-23,-7.6901700410349605,-12.621876789229036,-11.219840088144007,-21.392689715877744,-14.808678958231736,-6.33809807649004,-2.918024142845488,-12.886530810774321,-21.87542062593737,-8.86447257531362,-10.170902824828909,-31.510837916531887
2021-09-24,-8.411990138128644,-13.223644707322524,-10.577513534402783,-21.81886748193983,-14.711189316506168,-6.052242064414159,-3.220724241023498,-13.051188551447346,-22.46483605489279,-5.8608089638398475,-9.929673326379518,-31.83435781300551
2021-09-27,-8.411990138128644,-13.193174783572303,-10.234077848254298,-21.15677071055576,-14.696563490129133,-6.101522915934321,-3.2570467747770393,-12.80872483809592,-21.87542062593737,0.0,-9.333383881439861,-30.184406340989977
2021-09-28,-8.411990138128644,-15.76020919697717,-9.439438300869686,-23.70623694322559,-15.388737566262446,-6.416948942992273,-3.2328348314992983,-12.1121109718218,-25.49230034161084,0.0,-8.426207378792071,-31.090262051116145
2021-09-29,-8.411990138128644,-14.990859604029316,-8.889079222079266,-23.135460661005325,-16.085790884718453,-7.057660175552005,-3.0754248683354413,-11.949259693998805,-24.139316931583277,-6.231806858503608,-7.794242635448456,-30.24911032028471
2021-09-30,-8.411990138128644,-15.143203411236684,-9.77999614917885,-23.325719421745404,-14.438213559438173,-6.535236523270105,-2.966457267074818,-12.497507687915077,-22.357671936041857,0.0,-8.020186192006761,-30.540278227110985
2021-10-01,-8.624837965382104,-13.680681940488393,-9.524218033217057,-21.48401601127816,-14.35534974408965,-6.574665716696049,-3.014890391304159,-11.661567004066342,-22.67916940270478,-4.22703495150476,-7.554706174548221,-29.925590423811077
2021-10-04,-7.866000547882058,-15.386956989694733,-10.678100818881875,-24.520544206943697,-13.906899772270254,-6.574665716696049,-2.7606234173555233,-12.461324506650307,-23.978568198251825,-1.7214983333456613,-8.808445033308043,-30.02264639275317
2021-10-05,-7.866000547882058,-15.524068740798857,-8.991105425478008,-23.477924107842863,-14.228614399905503,-6.574665716696049,-3.3781249665134294,-11.09341421613479,-24.313464373589934,0.0,-7.359342602430163,-30.443222258168888
2021-10-06,-7.866000547882058,-15.310785086091027,-8.78992400452503,-23.592080525534232,-14.184742871069911,-6.357808913028173,-2.893812199567747,-11.133223804165516,-24.84930029817494,-10.09188256479474,-6.9804991236705805,-31.12261404076352
2021-10-07,-7.866000547882058,-15.402194857341689,-8.847405389368001,-23.89649570396568,-14.311478215254049,-6.554947359808249,-3.2812679557286395,-10.803915063352287,-24.634966950362948,-10.060199182260499,-6.701893188609986,-30.89615011323197
2021-10-08,-7.893761773103836,-13.52071919945752,-8.389013785528409,-22.313541421111395,-14.389468738575406,-6.160670466248108,-2.518457796208795,-10.610306733347697,-23.64367202291374,-11.834597029905748,-6.2754826453118255,-31.34907796829506
2021-10-11,-7.893761773103836,-14.168189097404493,-8.424938794555924,-24.61947667228337,-14.47233850421945,-6.653524103547959,-2.845379075338428,-11.27255062174013,-22.77293992299064,-15.320025960127747,-6.44707078581872,-31.025558071821415
2021-10-13,-7.893761773103836,-13.162704859822071,-8.377516138160857,-23.09740658636269,-12.56641719854371,-7.2942278157580365,-2.99066921035257,-11.847936001604864,-23.04085788528314,-11.438524530409433,-6.029157832898779,-33.71077321255257
2021-10-14,-7.893761773103836,-13.27696562099947,-8.176341569202727,-23.363773496388063,-12.420182735955354,-7.274516979219891,-3.148079173516427,-11.95469256361481,-23.10783609832875,-9.901774715134726,-6.351936656741531,-33.12843739890003
2021-10-15,-8.597076740160325,-12.317183363270534,-8.215137564074693,-20.76102923672387,-13.858154951407453,-7.057660175552016,-3.2328348314993205,-12.383518533971937,-21.969191146223256,-14.290240483219163,-6.3570319707052185,-31.963765771594954
2021-10-18,-9.309640742069437,-12.431444124447932,-9.006906125614854,-20.479449986819997,-13.975137761241708,-7.353375366071813,-3.692935655167273,-13.613908469762869,-22.906901459191953,-20.960075991769557,-7.271004925523972,-31.057910061468785
2021-10-19,-10.577457489741649,-14.952770746455602,-8.05850781367231,-23.515978182485508,-13.736292899250502,-8.674219504267544,-6.768369761176595,-12.741777864116532,-24.63496695036296,-19.391635239506023,-6.3723179125962925,-31.38142995794241
2021-10-20,-10.577457489741649,-14.990859604029316,-6.699140554285233,-19.77168716461739,-13.034366288767318,-8.230654238837554,-4.346768975752601,-11.804513487874068,-25.438715727130344,-18.09251834769269,-5.149159038276718,-30.21675833063734
2021-10-21,-12.252450641219648,-17.413163332506542,-6.303972306977579,-23.40182176479413,-13.17572745932849,-10.300638011426999,-5.073247363845024,-11.451680286812438,-26.992633776294717,-18.963879357475477,-4.9283107956821,-31.12261404076351
2021-10-22,-12.32648528203233,-18.62431229097332,-5.530882283413563,-25.799083311366534,-12.478674140872482,-8.25036507537571,-5.315412984991763,-10.065678405664535,-24.983256724266134,-16.349803882581682,-3.883528413382231,-30.378518278874147
2021-10-25,-12.32648528203233,-16.750455566912613,-5.471968831645779,-24.20091088239712,-11.96685352181326,-9.581068392015357,-5.158003021827906,-10.076537404363716,-23.85800537072571,-6.5589361152259436,-4.029631883412543,-30.378518278874147
2021-10-26,-13.011288058719671,-18.57099137729635,-7.383134088742905,-26.065444415155326,-12.61516201940649,-11.246916092600767,-5.83605752336489,-11.663380207449425,-25.385131112649816,-6.812418284409016,-5.64012372621181,-29.666774506632155
2021-10-27,-12.233945511182453,-18.464349549942447,-7.301225342239981,-26.02739614674926,-12.361685380742705,-10.872350035578748,-5.83605752336489,-11.815365746040218,-26.59075938791102,-1.7427069106563664,-5.463448372399382,-27.887415076027168
2021-10-28,-13.242641016010293,-19.881169040837264,-7.769682526522326,-26.33180551894414,-12.181331923668616,-10.95120842243067,-5.848158876166809,-11.97640382048033,-26.85867735020353,-8.396700727939654,-5.969699002225548,-27.175671303785176
2021-10-29,-13.07606660434777,-20.627667643858373,-5.2607355342397355,-27.43530981497859,-13.087984401657272,-10.221779624575134,-5.96923706790321,-10.074724200980667,-29.269928790615808,-14.036750759581496,-4.1026836184277045,-26.463927531543185
2021-11-01,-12.095132324741698,-19.226080209066808,-6.383003215641169,-25.761029236723886,-12.498173259276701,-10.35977804139112,-5.848158876166787,-10.56507101623383,-28.720699267465733,-17.839036178509616,-4.292951876582074,-25.072791976706565
2021-11-03,-11.493613223719624,-18.49481947369267,-5.558187482912813,-25.038048268406186,-14.033635116454379,-8.95021633789953,-4.346768975752601,-9.844932689711305,-30.75686862673459,-10.17109857558488,-3.5301777057573314,-27.01391135554836
2021-11-04,-9.920415938276061,-20.741922593492077,-7.3515189844795215,-27.625568575718674,-12.600536193029432,-8.408081849079496,-4.9763811153863085,-11.91669617896719,-31.73476484550861,-9.442327896115332,-5.674097886408513,-27.628599158848267
2021-11-05,-9.920415938276061,-19.835467060983813,-7.029639674146527,-26.263315152071275,-11.4599061947812,-8.743218712675581,-4.358879566228402,-10.973998933108497,-32.48492900779548,-12.610900337631193,-4.836578943019476,-28.437398900032353
2021-11-08,-9.920415938276061,-19.85831805091053,-7.916253548476815,-27.199385003420005,-10.923713165290582,-9.610645927347095,-5.0006022963379415,-11.639855747201032,-30.488950664442083,-14.020909068314358,-5.86606728277016,-28.63151083791652
2021-11-09,-9.920415938276061,-19.294638990390734,-7.736628503339304,-27.206996979595854,-10.787231237052108,-8.822077099527469,-4.528390882194156,-11.446247417196442,-31.13195070787802,-21.118500458895294,-5.832093122573479,-28.2109349725008
2021-11-10,-9.920415938276061,-18.761424042077447,-8.754005847492408,-25.076102343048845,-9.93907016398058,-7.658942214685826,-4.96427976258439,-12.189910203967347,-32.217016155613095,-22.686941211158818,-6.919339154790116,-26.33451957295373
2021-11-11,-9.920415938276061,-17.702618890818066,-9.423630748738033,-24.31506730008849,-9.178652148580246,-7.678653051223961,-4.467847167489014,-12.767108787215165,-29.00201082832331,-18.42521652766591,-6.735867348806712,-26.302167583306357
2021-11-12,-10.216547441194802,-18.67002008237051,-11.24426744980399,-25.038048268406186,-8.949547920347856,-7.471655425999968,-4.153036478835204,-14.359377719383847,-28.33221847764711,-24.096957496296568,-8.297099089518255,-25.299255904238105
2021-11-16,-10.216547441194802,-20.140160486942282,-10.929569030079556,-26.164382686731603,-9.646601238803864,-8.329223462227608,-5.012712886813764,-13.516204443602064,-29.122573655849425,-17.98161895436825,-7.306680223927941,-26.10805564542219
2021-11-17,-10.049973029532232,-20.955212059743612,-10.56170598227113,-26.681886748194106,-8.861810812972148,-7.806799809945719,-4.358879566228402,-13.349733499545946,-30.140655780428805,-23.700884996800276,-6.5269108723467255,-25.558071821417016
2021-11-18,-10.049973029532232,-21.404630359085985,-10.453937807183477,-27.473358083384657,-9.285888374360152,-7.639231378147682,-4.237801374491978,-12.341902483091138,-31.94909819332059,-22.338401339918445,-6.076724897437391,-25.84923972824329
2021-11-19,-10.049973029532232,-21.20657876048142,-9.255503350968052,-27.80821536028292,-9.76358999893363,-8.329223462227608,-4.383091509506132,-12.02344600044405,-30.113868583298643,-19.756016802013487,-5.606149566015162,-26.14040763506956
2021-11-22,-10.049973029532232,-21.785495688648172,-8.991105425478008,-29.45966001001008,-11.966853521813226,-8.053226628595645,-4.3346583852767795,-10.999329856206897,-28.948426213842794,-24.128640878830808,-4.668393078927114,-25.36395988353284
2021-11-23,-10.049973029532232,-20.50578794885749,-9.807301348678122,-29.322673470027727,-13.063611991225866,-8.132085015447544,-4.383091509506132,-11.963738358931074,-27.890153073347978,-21.308615863009894,-5.110089564116349,-24.878680038822388
2021-11-24,-8.985748013928907,-19.87355010701379,-10.034342198215851,-27.252663030414347,-13.034366288767297,-7.146377740847843,-3.922990685838168,-12.481222560132721,-26.376426040099044,-19.70849172821213,-5.3683061426640695,-24.97573600776447
2021-11-26,-8.976491918744344,-21.785495688648183,-10.399327408184956,-28.18112090558721,-12.975868933554647,-7.836369824927769,-3.5234243392014752,-12.506560223764184,-27.260551738587214,-13.70405257960824,-5.458344957777561,-24.069880297638303
2021-11-29,-8.93021850315343,-21.343690511585557,-8.81435821817983,-28.02130424331395,-13.122103396142993,-6.673234940086125,-3.620290587660191,-10.519835299119896,-26.322841425618513,-23.09885540192227,-4.732947223564032,-24.813976059527665
2021-11-30,-8.532298194532196,-21.77787675482472,-9.150606161724873,-29.535768159295372,-13.546186907826518,-6.416948942992306,-3.4507792716944152,-10.952280935710146,-26.71132221543714,-27.645753191587062,-4.853566023117795,-26.62568747978
2021-12-01,-8.532298194532196,-22.722426956450402,-8.483852246323709,-30.47944998681995,-13.156228340924248,-6.673234940086125,-3.0996460492870637,-10.197765890772892,-25.492300341610864,-32.54119085249222,-4.510891982908083,-25.978647686832744
2021-12-02,-8.532298194532196,-20.08683376172162,-7.407561450402844,-28.23439312634499,-14.174996287015528,-6.377519749566352,-2.8090565415848645,-8.748436701878715,-22.88010915195169,-35.74143912208775,-3.30988840857368,-25.331607893885465
2021-12-03,-7.458817083744296,-19.302252112670526,-8.324351510076855,-28.12784868482947,-13.13672922252005,-5.9635244991183995,-2.312623946489478,-9.685707818654388,-22.839923246146355,-34.53738748678629,-4.12948869617944,-24.166936266580386
2021-12-06,-7.458817083744296,-17.999693382953108,-8.496781960616072,-26.727546992776,-13.356080916402568,-5.312961608464417,-2.3852690139965715,-9.34734654199203,-20.02679230724027,-42.06273475939778,-4.014362142837735,-24.49045616305402
2021-12-07,-7.597630270185062,-17.66453584478812,-7.8142273450780735,-27.01673821885575,-13.10748352006148,-5.303102430020534,-2.0220344387873013,-9.294878232945091,-19.51774868989553,-41.254751846365345,-3.370481331385089,-24.134584276933037
2021-12-08,-7.597630270185062,-17.070381048974383,-9.133359690673515,-26.727546992776,-13.06848528325305,-4.682109554348612,-1.6345786826264086,-10.561451350000638,-19.63831151742165,-39.559566232283,-4.664990802512559,-24.328696214817214
2021-12-09,-7.597630270185062,-18.471968483765977,-9.853285086153518,-29.185686930045417,-13.497442086963751,-4.386394363828838,-2.0341357915891978,-11.963738358931042,-20.495650018779664,-39.575411700777394,-6.027456694691502,-23.843416370106763
2021-12-10,-5.83934638270982,-17.496954169933776,-9.608997765564443,-27.503800181851435,-13.092857693684445,-4.386394363828838,-1.319767993972587,-11.145889265714693,-19.5981256116163,-37.81685554439929,-5.356414376529406,-23.843416370106763
2021-12-13,-6.24652984684756,-17.611209119567462,-8.807170475576376,-28.538808304776442,-12.92712411269189,-4.189255917048751,-1.3803117086777283,-10.394987146477542,-18.660415298647614,-39.892268189483524,-4.718317434981478,-24.393400194111937
2021-12-14,-6.533405254581737,-18.304386808911623,-7.957920529193252,-28.843223483207904,-13.702167954469257,-4.189255917048751,-1.5013899004141629,-9.519243615131279,-19.383792263804335,-40.63688056022021,-3.511489487451691,-23.811064380459392
2021-12-15,-7.0886509400128865,-17.57312607353747,-8.137545574330762,-29.284625201621672,-14.08237993731717,-4.563821974070759,-1.8040899985921621,-9.63142630622439,-19.075688395706504,-39.76552332766471,-3.4961954449024946,-24.199288256227756
2021-12-16,-7.384782442931637,-17.077999982797888,-7.890387267897214,-28.51597818248549,-12.425056027982539,-5.174963191648452,-2.0704675630166203,-9.975206971436702,-17.07970494224299,-40.33586576278119,-3.5165848014153567,-23.48754448398578
2021-12-17,-7.384782442931637,-17.946372469276163,-7.40038055979425,-29.756463212265672,-12.074089747593197,-6.022672049432176,-2.712190293126149,-9.470388231784277,-17.012726729197404,-41.53992117530995,-3.3806800599705533,-23.228728566806865
2021-12-20,-7.384782442931637,-19.622183406276005,-7.838654706738025,-31.628614527436305,-12.566417198543734,-7.018230982126116,-2.978567857550618,-9.41610671935429,-19.557939705810988,-39.258551434843994,-3.2845252479689946,-23.51989647363314
2021-12-21,-7.708675171072121,-19.21846127524336,-6.993714665119,-32.30593525117208,-12.849133589370576,-5.69738684393033,-2.603213454191644,-8.605496958604174,-18.44608195083566,-38.70405446822191,-2.4650059669445112,-22.58168877385961
2021-12-22,-7.708675171072121,-19.408893940024452,-6.874448842663794,-31.69710489430917,-12.18133192366867,-5.70723850202458,-2.6516465784209853,-8.826242674557239,-19.12927301018703,-37.008868854139564,-2.419140040613199,-22.031704949854447
2021-12-23,-7.708675171072121,-19.705968432159448,-7.529705110697382,-31.75037711506693,-11.713382833445053,-5.70723850202458,-2.4821352624552095,-10.38051522207828,-19.11587430151186,-40.89036650663057,-3.9650777387755354,-21.61112908443873
2021-12-27,-7.866000547882024,-19.180378229213368,-7.749565069626518,-31.347029471295805,-11.864490588060583,-5.933954484136372,-2.833268484862561,-10.894386497580012,-18.72739862180335,-35.678072357019275,-3.657584856823859,-20.446457457133647
2021-12-28,-7.866000547882024,-19.538392568848828,-8.475232436795466,-31.925417729691908,-11.762127654307818,-6.209951317768336,-2.7364022364038787,-11.411870698781634,-20.093770520285894,-35.75728836780946,-4.456034326052527,-21.740537043028173
2021-12-29,-7.866000547882024,-20.132541553118834,-8.545643535930814,-32.32115339728718,-12.01072505064893,-6.052242064414215,-1.0776116104997402,-11.281596417056171,-19.54454099713582,-36.24841101490848,-4.398276633586551,-21.64348107408609
2021-12-30,-8.865439957525323,-19.751676223556647,-6.963538479775277,-32.22982710188678,-11.640265602150867,-10.300638011427054,-4.588925359225405,-10.243001607886736,-18.31212552474446,-43.58364666063266,-3.120754242557422,-22.872856680685892
2022-01-03,-9.124561200369651,-20.3001232279732,-9.031340339269656,-32.32115339728718,-12.288568149448565,-8.220795060393693,-2.9301347333212546,-14.160350000829048,-18.955125568180385,-39.559566232283,-5.38699436096961,-23.7463604011647
2022-01-04,-9.124561200369651,-20.749541527315575,-7.789799983418155,-32.00913204891648,-11.576894954911044,-8.230654238837598,-3.2086136505476315,-10.869048833948547,-18.72739862180335,-41.11216529327939,-3.4860048169750746,-21.125849239728268
2022-01-05,-9.124561200369651,-22.714808022626933,-8.001033280824199,-33.264835224811776,-11.060201043824636,-8.220795060393693,-3.523424339201442,-11.596426492937118,-20.254524363727445,-38.49809737284019,-3.570948318124889,-22.064056939501796
2022-01-06,-9.124561200369651,-22.22730086571083,-7.250931700000452,-32.4581399372695,-12.810141302857648,-8.52636190900773,-3.741368779396559,-11.08618162420153,-20.120562827526157,-39.60709508331164,-3.0708946917680557,-21.86994500161762
2022-01-07,-9.124561200369651,-21.343690511585578,-7.796980874026726,-31.30897539665314,-12.405556909578353,-9.275501543401399,-3.935101276313935,-11.274357084590125,-19.04889608846627,-37.95944209748523,-3.4656154604621903,-21.48172112584925
2022-01-10,-9.124561200369651,-21.73217477497126,-8.047017018299595,-31.69710489430917,-12.337312970311343,-9.275501543401399,-3.935101276313935,-11.820791875123316,-18.9551255681804,-35.37705755958026,-4.318436547058546,-22.38757683597543
2022-01-11,-9.124561200369651,-20.57434673018146,-7.841525692582496,-30.898015776706167,-11.352669969001328,-10.54706483007698,-4.346768975752546,-11.125984471699235,-17.494978039301902,-32.68377362835088,-3.8087836408178366,-22.225816887738613
2022-01-12,-9.124561200369651,-18.860452747151648,-9.096002614721222,-30.66970874756001,-10.933465699640477,-10.54706483007698,-4.358879566228346,-12.65311963327197,-15.338245852506937,-23.051330328120923,-5.4209766218243916,-22.484632804917524
2022-01-13,-9.124561200369651,-19.26416906664057,-9.075885157825414,-29.87061962995702,-11.22593462481719,-9.916212775961142,-3.9835251628693724,-12.701975016618794,-15.941059990137529,-32.35107544837764,-6.00027898666572,-23.97282432869623
2022-01-14,-9.124561200369651,-18.15204300170421,-9.041399067717581,-28.767121140159148,-11.45503290275406,-9.40364078177346,-3.9351012763139126,-12.374472738655607,-16.490289513287614,-32.47781653296917,-6.110699057633962,-22.84050469103852
2022-01-18,-11.28076539646613,-18.258684829058126,-9.601810022961043,-28.797563238625944,-11.659758770259533,-10.724492440318912,-4.5526028254718405,-12.90281593855661,-16.302748472715912,-32.14511835299593,-6.295872001824643,-22.419928825622783
2022-01-19,-11.28076539646613,-17.14655876412181,-9.433689477185936,-28.082188440247524,-10.158421857863132,-9.807784374127193,-4.116713945081607,-12.095825844039432,-14.775622730791794,-36.13751162158406,-5.448154329850096,-20.99644128113881
2022-01-20,-10.327592342081815,-16.499083054631093,-11.403768186050844,-26.605778598908746,-10.1876675603217,-9.13750312658539,-3.5960694067084797,-13.954076209275257,-15.874081777091952,-39.76552332766471,-7.631152085319748,-20.931737301844088
2022-01-21,-10.327592342081815,-16.506701988454598,-11.958437169605352,-27.2069969795958,-10.709234763435283,-9.44306997519938,-3.801912494101678,-13.997498723006075,-17.9772293494064,-36.64448351440478,-7.955632047369776,-20.25234551924945
2022-01-24,-10.327592342081815,-17.116088840371567,-11.09050868524607,-27.28309932264452,-10.22666579713013,-9.314930736827321,-3.160180526318268,-13.174223500706727,-18.245147311698883,-36.20088594110711,-7.293087319585901,-19.63765771594955
2022-01-25,-10.327592342081815,-15.493598817048692,-10.767197307988251,-24.726021113798822,-9.690472767639513,-9.314930736827321,-3.559746872954961,-12.971569375385872,-18.95512556818043,-35.78897175034369,-6.800421493443521,-19.76706567453901
2022-01-26,-10.327592342081815,-14.785189071601245,-11.627938049744113,-23.592080525534165,-10.801851113133665,-9.314930736827321,-3.075424868335397,-13.568672752648968,-18.673814007322864,-32.240176055053205,-7.571628449381452,-18.86120996441284
2022-01-27,-10.327592342081815,-13.794942701665814,-12.307621679437641,-22.564684378785017,-12.585910366652431,-9.354359930253276,-3.7898019036259,-14.359377719383815,-18.017415255211745,-0.7446123707366525,-7.767623872833629,-19.08767389194438
2022-01-28,-10.327592342081815,-14.152957041301262,-13.460072398177637,-21.879751678873394,-12.995368051958922,-9.157213963123533,-3.8382350278552413,-15.258652451511656,-17.53516394510728,-26.505068321354088,-8.20391721905025,-17.696538337107746
2022-01-31,-10.327592342081815,-14.023458412476886,-14.095211209315405,-20.547940353692784,-12.503046551303909,-9.167073141567439,-3.596069406708524,-15.767090857397204,-18.151376791413064,-22.78199891321614,-8.89848384842148,-18.990617923002272
2022-02-01,-9.726073241059774,-13.048444098644707,-14.302134601957327,-20.70015084602681,-12.244696620612949,-9.265642364957483,-3.5839680539066054,-16.664552386141974,-16.008038203183172,-24.730670473708837,-9.909283969866555,-17.858298285344553
2022-02-02,-9.726073241059774,-14.366240696009092,-14.757655219952447,-22.488582035736304,-11.810872475170587,-8.920646322917513,-3.1844017072699127,-16.97938920255594,-15.673142027845067,-12.84854081554716,-10.565032245479467,-19.443545778065353
2022-02-03,-8.430502328497724,-14.450031533436258,-14.61395518384242,-22.092840561904424,-12.113087984401638,-7.520943797869862,-2.579001510913903,-16.769495744769003,-16.302748472715933,-22.5602001265673,-10.626192214359975,-20.187641539954715
2022-02-04,-8.70812164104734,-13.749234910268626,-13.214346158668866,-22.08523439196519,-11.937607819354735,-8.240513417281514,-3.075424868335397,-16.847301717447372,-14.963163771363542,-27.566537180796878,-10.252452150222203,-19.702361695244274
2022-02-07,-8.70812164104734,-14.221510011081474,-12.402460140232897,-22.63317474565789,-11.25518032727576,-8.033508271707868,-2.748512826879679,-16.35514843934416,-13.63697266857622,-32.95310504325565,-9.504963921288534,-17.793594306049833
2022-02-08,-8.70812164104734,-13.833025747695793,-13.529044578393313,-22.298323274996235,-10.962711402099046,-8.822077099527492,-3.087535458811197,-17.24717709847291,-13.824513709147945,-32.69961531961799,-10.597313368127004,-18.181818181818198
2022-02-09,-9.772346656650665,-13.84826361534277,-13.738845808874544,-23.477924107842806,-10.543507132738196,-9.305071558383416,-3.4023461474650074,-17.706766861544466,-13.650371377251403,-36.48605904727901,-10.668663964934888,-16.305402782271116
2022-02-10,-9.772346656650665,-13.03321204254143,-14.109579842527431,-23.287665347102728,-10.494762311875416,-8.841787936065614,-3.4871018054478897,-18.059600062606094,-13.784327803342599,-37.27819649181703,-11.074685151720187,-16.952442575218384
2022-02-11,-9.772346656650665,-12.789458464083413,-13.944330282596805,-21.917805753516063,-10.270531375670188,-8.782647906101538,-3.4871018054478897,-18.160923755000013,-15.68654073652026,-37.563369597988924,-10.833447552612673,-15.755418958265944
2022-02-14,-9.772346656650665,-12.79707158636315,-14.394102076908133,-21.461185888987156,-8.944674628320703,-8.85164711450953,-3.4386686812185263,-17.694101399995255,-15.271267639461383,-33.539285392411976,-10.812110419098598,-15.140731154966025
2022-02-15,-9.772346656650665,-11.928699099884854,-15.333873727327585,-19.78690531073246,-9.588103883591238,-8.85164711450953,-3.4386686812185263,-18.34729275253838,-17.481584440736874,-31.780729236033856,-11.422940545381389,-17.437722419928825
2022-02-16,-9.772346656650665,-11.532601714219437,-15.424402283358752,-19.596646549992368,-8.837438402540787,-9.728925987275305,-3.2086136505476093,-19.291796461247092,-17.227060077009448,-25.26932574906382,-12.37599107501861,-16.273050792623746
2022-02-17,-10.049973029532211,-12.858011433863602,-16.10121492720783,-20.243525175261347,-7.350721366225899,-8.762937069563403,-3.087535458811197,-19.467313200619497,-19.290021743518558,-28.92902083767871,-12.751432277363662,-15.884826916855378
2022-02-18,-9.800107881872421,-13.520719199457531,-15.569541238388418,-20.220695052970385,-7.453084299978663,-8.831936277971419,-3.099646049287008,-18.57165813472458,-20.281316670967776,-29.800374293006914,-12.16023814638767,-15.334843092850203
2022-02-22,-9.698312015838006,-13.315048667029483,-17.13439982349262,-21.11871663591304,-7.0874981435077755,-9.70921515073715,-3.329701079957925,-19.441982277520875,-19.758874344947863,-28.73890543356412,-13.313739461448515,-12.681979941766397
2022-02-23,-9.698312015838006,-14.038696280123853,-17.69337871181126,-21.6894929181333,-6.936390388892244,-9.99507116281302,-3.2691573652527617,-20.500475140172735,-20.964502620209057,-26.758550490537168,-14.088413499066021,-11.517308314461317
2022-02-24,-9.698312015838006,-14.37385381828883,-18.663333399569282,-22.2222209319475,-6.161346547114899,-9.334641573365477,-3.366023613711444,-21.124722643917515,-21.969191146223345,-27.62991150031995,-14.910646500563985,-10.061468780329964
2022-02-25,-9.86488642750054,-13.101765012321643,-17.664634593392336,-21.910193777340204,-8.042895442359221,-12.26219338218254,-3.390235556989163,-19.80024160766567,-19.758874344947873,-29.182510561316356,-12.982471147885633,-14.655451310255552
2022-03-02,-9.86488642750054,-11.547833770322658,-17.515192585593407,-22.602738453427673,-6.36607241462036,-9.21636151343731,-3.172291116794068,-18.720030747615468,-15.673142027845099,-24.55639676086139,-12.357302856712993,-4.367518602394005
2022-03-03,-10.022204743978502,-11.806825216427697,-18.60872300057077,-22.146112782662218,-5.70801733297277,-10.04435201433319,-3.099646049286986,-20.160314141193346,-15.13731121337023,-25.190109738273648,-13.419023715162414,-2.782271109673218
2022-03-04,-10.022204743978502,-12.050578794885746,-20.0341983063239,-24.041094220123803,-4.2115537126035445,-10.034500356238995,-3.329701079957903,-21.184430285430476,-12.257202061418537,-20.53232010973901,-14.53350416001169,-2.1028793270785884
2022-03-07,-10.022204743978502,-14.67093412196756,-20.98977750887504,-26.293757250538054,-2.807700491637155,-11.108917675784824,-3.2691573652527395,-20.261637833587265,-12.605496945431815,-23.431553581895525,-14.029627023017566,-3.0410870268521295
2022-03-08,-10.022204743978502,-14.594756406820132,-20.24687052264961,-26.369859593586764,-0.5556921478947818,-9.89649441907332,-3.7413687793964923,-19.849096991012505,-14.534497075739628,-28.279466168999324,-13.181236996418233,-2.361695244257511
2022-03-09,-10.022204743978502,-12.720899682759457,-20.823089030024768,-22.77777326181608,-3.197659058539415,-10.793491648726894,-3.7413687793964923,-20.90397018743122,-13.690557283056792,-28.29530786026645,-14.059526552174905,-4.88515043675185
2022-03-10,-10.022204743978502,-12.941802271290758,-20.288537503366044,-23.904107680141507,-2.602974624131682,-10.694922425336873,-3.7413687793964923,-21.76524853491143,-11.252513535404262,-26.631809405945617,-14.863079436025405,-1.9411193788417935
2022-03-11,-10.022204743978502,-14.419561609686015,-20.7483680261253,-24.55859828158633,-3.3536460554776437,-10.202068788037021,-3.7413687793964923,-21.989613917097618,-12.150032832457514,-25.142584664472267,-14.893659420465678,-1.0676156583629748
2022-03-14,-10.022204743978502,-15.524068740798857,-20.488280005399396,-24.094366440881597,-4.479650227348841,-10.05421119277713,-3.7413687793964923,-21.738104408429926,-15.74012024089071,-26.20405352391507,-13.809799463347316,-5.758654157230659
2022-03-15,-10.022204743978502,-16.5600229021315,-19.49389795598143,-24.27701322544582,-5.995612966122299,-10.54706483007698,-3.7413687793964923,-21.615069459170666,-17.615540866828095,-27.62991150031995,-12.996064052227585,-1.9087673891944323
2022-03-16,-10.022204743978502,-14.914687700425588,-18.644648009598274,-23.19634485793891,-6.99488179380936,-10.458354785130853,-3.7413687793964923,-21.025205414373627,-15.74012024089071,-24.778195547510208,-12.28595225990512,-5.532190229699118
2022-03-17,-10.022204743978502,-13.391226382176857,-19.63903005901624,-21.59056045279367,-5.332684592447556,-10.59635320194683,-3.7413687793964923,-22.771273088516352,-13.328873910588534,-20.94423430050243,-13.803432346057232,-2.3616952442575334
2022-03-18,-10.022204743978502,-11.654475597676583,-19.66633525851549,-20.966511949815647,-6.0102387924993455,-10.064070371221046,-3.7413687793964923,-23.07163123999786,-11.051573786157354,-22.956272626063612,-14.389101828188643,-4.011646716273065
2022-03-21,-10.022204743978502,-10.786103111198297,-20.232501889437593,-19.90106172842385,-5.990739674095136,-10.054211192777117,-3.7413687793964923,-23.842438153250267,-11.051573786157354,-22.37008472245272,-14.756053540813596,-2.135231316725983
2022-03-22,-10.022204743978502,-9.894879634793286,-21.89219893533705,-18.036528195665646,-6.375824948970221,-9.689496793849328,-3.7413687793964923,-25.3369963187253,-11.640994325222865,-17.82319448724251,-16.15928194470204,-2.5558071821417117
2022-03-23,-10.022204743978502,-10.054842375824169,-22.229885797801753,-18.31050127563032,-5.600781107192853,-9.147362305029317,-3.7413687793964923,-26.68318861184248,-12.136644344002523,-17.11026549904009,-16.587393626207493,-1.9411193788418046
2022-03-24,-10.022204743978502,-8.775134636033465,-23.730075255459504,-17.351595495754037,-4.382160585623273,-7.363227024166075,-3.7413687793964923,-27.94434234034805,-11.45345328465115,-14.432823259077832,-18.044985546805492,-3.1704949854416187
2022-03-25,-10.022204743978502,-8.797985625960214,-23.69127926058754,-16.40030169205361,-4.762366618175662,-6.416948942992318,-3.7413687793964923,-28.619244949756673,-13.730743188862126,-11.739539327848448,-18.009310248401555,-2.426399223552256
2022-03-28,-10.022204743978502,-8.790372503680466,-25.198656460848735,-16.704716870485058,-5.454546644604507,-6.209951317768326,-3.7413687793964923,-29.893064139811653,-13.663770085926629,-12.73764142222278,-19.5280702385382,-3.1381429957942464
2022-03-29,-10.022204743978502,-7.769650398451078,-24.763260151744294,-15.487056156759271,-6.7999025103582245,-6.830951713789945,-3.7413687793964923,-30.36531262389941,-14.052240655525061,-15.462608735986406,-19.065984396836065,-6.017470074409581
2022-03-30,-10.022204743978502,-7.579217733669996,-24.218643044642818,-15.646878625269123,-5.751888861808374,-6.27895052617633,-3.7413687793964923,-30.034197420236318,-13.275289296108017,-11.200884052493498,-19.200196100731738,-4.4969265609834945
2022-03-31,-10.022204743978502,-8.059111768306293,-23.556205886000647,-15.875185654415269,-4.986597554380879,-5.914243647598216,-3.7413687793964923,-29.31948522279697,-14.467518862694039,-10.614696148882585,-18.970850267758866,-3.105791006146874
2022-04-01,-10.022204743978502,-6.573733496087564,-24.65117521989768,-15.449007888353206,-6.453815472291568,-5.914243647598216,-3.7413687793964923,-29.65060042646006,-15.070327890214518,-9.378961131046914,-19.51277619598899,-4.885150436751862
2022-04-04,-10.022204743978502,-6.817487074545625,-26.050777393076363,-15.79147133519071,-5.9614939716365445,-5.352390801890383,-3.7413687793964923,-31.2627741526442,-14.561289382979881,-9.505702215638445,-20.882038540338886,-2.8793270786153458
2022-04-05,-10.022204743978502,-8.89701433103437,-27.591208616520614,-17.998474121023023,-6.26858277289476,-5.864955275728356,-3.7413687793964923,-32.30860829427987,-16.128601030709333,-4.435990841885817,-21.95909394462815,-1.682303461662904
2022-04-06,-10.022204743978502,-9.430223467803945,-27.141436822209286,-18.660576698643705,-6.48793446677729,-6.298668883064106,-3.7413687793964923,-31.97929955346662,-15.539185601753902,-4.483523470141737,-20.99245861130713,-2.1028793270786217
2022-04-07,-10.022204743978502,-8.950335244711349,-26.201658319794983,-17.785385237991967,-5.737263035431328,-6.476096493306072,-3.7413687793964923,-31.098123152504176,-16.3429343785213,0.0,-19.89671498871225,-1.9411193788417935
2022-04-08,-10.022204743978502,-9.095065929638968,-25.843854000434476,-18.11263053871438,-5.35705700287894,-5.372101638428505,-3.7413687793964923,-30.747096414292617,-16.597458742248726,-1.2737903041364573,-19.26984555933233,-0.5176318343578235
2022-04-11,-10.022204743978502,-10.184335193104843,-26.64424922349774,-18.873665581674736,-5.225442416372106,-7.067519353995955,-3.7413687793964923,-31.653610478886527,-17.615540866828095,0.0,-20.187212689907486,-1.067615658362997
2022-04-12,-10.022204743978502,-10.75563318744811,-26.66436668039355,-20.175034808388524,-3.8703399665640514,-7.6983714081117816,-3.7413687793964923,-32.30498862804676,-17.48158444073691,0.0,-20.26365860067908,0.0
2022-04-13,-10.022204743978502,-10.252893974428767,-27.341179324242624,-19.824959385375152,-3.4365098708261654,-6.081812079396254,-3.7413687793964923,-32.58906839227914,-17.119895958158548,0.0,-20.611922094998413,0.0
2022-04-14,-10.022204743978502,-10.877512882449004,-26.608324214470237,-20.1293745638066,-3.9288313714811784,-6.377519749566352,-3.7413687793964923,-32.33393921737833,-18.285333217504295,0.0,-20.3214243938032,0.0
2022-04-18,-10.022204743978502,-11.166968440760517,-26.838236049852426,-18.987821999366084,-3.343893521127783,-7.432226232574046,-3.7413687793964923,-32.808000904849145,-19.290021743518594,0.0,-20.144740939332618,0.0
2022-04-19,-10.022204743978502,-11.616392551646637,-26.90146625837919,-19.63470062463507,-4.6697562187727915,-6.091671257840181,-3.7413687793964923,-33.719941098526206,-19.35699995656419,-8.235294619807432,-20.970376217245136,-1.1374116200430273
2022-04-20,-10.022204743978502,-12.17245267834295,-27.673117363023536,-19.429217911543272,-4.835483849469835,-6.091671257840181,-3.7413687793964923,-34.71872631966492,-20.830546194117883,-11.291564635000972,-20.749527974650515,0.0
2022-04-22,-10.022204743978502,-14.648077320497144,-28.08696414830737,-21.042614292864382,-5.873750913965326,-7.097089368978016,-3.7413687793964923,-34.89062339280419,-23.509715596822655,-16.445015646295126,-21.500410379340607,-2.7888446215139306
2022-04-25,-10.022204743978502,-15.18129226881043,-28.516618485722887,-21.4611858889872,-7.7163075226967415,-6.998520145587994,-3.7413687793964923,-32.57820939357996,-24.313464373590044,-14.718670046315996,-18.53765137294786,-1.9000919399325578
2022-04-26,-10.022204743978502,-17.00182807919417,-24.975925516075158,-23.93454977860833,-7.3165964214446095,-6.860521728772029,-3.7413687793964923,-31.060126767856545,-26.05492346332612,-12.404095214012367,-17.161592576426987,-1.5323322096230219
2022-04-27,-10.022204743978502,-15.943022927934791,-23.587820990264042,-24.39116964313722,-8.072141144817746,-7.284376157663863,-3.7413687793964923,-28.88522638282366,-24.192901546063915,-7.071610756494806,-15.095819444754666,-0.030646644192422468
2022-04-28,-10.022204743978502,-15.562157598372606,-24.74745259961262,-24.61947667228337,-7.935659216579271,-6.850662550328113,-3.7413687793964923,-30.05952834333476,-22.50502707080837,-11.918160354966822,-15.676814847145138,0.0
2022-04-29,-10.022204743978502,-17.443633256256806,-25.511915961653532,-25.684926893675165,-6.931511146569513,-5.91424364759825,-3.7413687793964923,-31.698839455467386,-23.77762844900504,-7.3657314703187815,-16.115117156577973,0.0
2022-05-02,-10.022204743978502,-18.31961886501483,-24.73020612856128,-27.199385003420005,-9.246890137551722,-6.3479497345843345,-3.7413687793964923,-30.814043388271816,-24.38044258663563,-4.41176802372768,-15.546005419664022,-0.6416131989000928
2022-05-03,-10.022204743978502,-18.0758652865568,-23.25300511364381,-27.176554881129057,-8.90567639151223,-7.185799413924155,-3.7413687793964923,-29.30681976124758,-23.69725663739436,0.0,-13.619531205192937,-2.1387106630002983
2022-05-04,-10.022204743978502,-16.956126099340697,-25.046336615210517,-25.875185654415255,-8.993419449183438,-6.92952093718,-3.7413687793964923,-31.085457690954975,-22.705961709945154,0.0,-15.770255938673195,-2.4136877482432095
2022-05-05,-10.022204743978502,-19.248931198993557,-24.97449344915037,-28.538808304776452,-8.652205703143945,-6.357808913028262,-3.7413687793964923,-31.118027946519653,-22.906901459192042,0.0,-16.43789598042075,-1.7720745493431167
2022-05-06,-10.022204743978502,-19.226080209066833,-23.879524115253336,-28.219174980229887,-8.301245373050104,-6.850662550328113,-3.7413687793964923,-30.197041957526306,-24.032152812732456,-8.425364587965023,-14.582772362757545,-3.1775129850290407
2022-05-09,-10.022204743978502,-20.5895787862847,-23.038893978398445,-28.226786956405736,-9.475994365784091,-6.1508112878042915,-3.7413687793964923,-29.674124886708462,-26.21567219665758,-20.004553922448455,-13.69258294020812,-4.124656278643457
2022-05-10,-10.022204743978502,-20.75716046113906,-21.692456433303754,-28.455093985551873,-10.314402904505748,-6.43666729988015,-3.7413687793964923,-28.412977898735914,-28.1312787284003,-15.917109924890681,-12.325021734065466,-3.8802322028720027
2022-05-11,-10.022204743978502,-19.911638964587496,-22.383637710364845,-27.732113017234195,-9.69534605966661,-6.55494735980835,-3.7413687793964923,-28.763997896414473,-26.590759387911124,-13.01377805849805,-12.827878188135223,-1.9553926061717242
2022-05-12,-10.022204743978502,-18.723340996047465,-22.445428999971952,-25.951287997463968,-11.099193330337442,-7.294227815758125,-3.7413687793964923,-28.447354617150634,-27.260551738587314,-11.88660081612285,-12.777727013653205,-0.5805071799572348
2022-05-13,-10.022204743978502,-18.0758652865568,-23.469987234733626,-25.6468786252691,-11.898609582546204,-6.357808913028274,-3.7413687793964923,-27.768832341508876,-25.117213150357443,-12.751905801343232,-12.792202889731286,-2.9025358997861295
2022-05-16,-10.022204743978502,-16.79615754676611,-24.327856990645014,-24.89344975224803,-11.601267365342338,-5.933954484136416,-3.7413687793964923,-29.27967563476607,-24.64836054892814,-9.415918727794349,-14.06802414255315,-1.0693553315001547
2022-05-17,-10.022204743978502,-16.620962749631996,-24.152548702266486,-23.630134600176877,-11.372169087405448,-5.372101638428561,-3.7413687793964923,-28.97750427990151,-23.56329510119307,-5.453718455753398,-14.044240610283843,-2.1387106630003205
2022-05-18,-10.022204743978502,-18.601461301046605,-25.191475570240186,-25.410953813710503,-11.48427860521254,-5.372101638428561,-3.7413687793964923,-30.985940461411122,-26.04152986476106,-4.725036573078912,-16.110021842614273,-4.491292392300661
2022-05-19,-10.022204743978502,-17.71785675846509,-25.27769422150722,-24.969557901533324,-10.251038207561425,-5.372101638428561,-3.7413687793964923,-29.739265397837844,-24.621568241687886,-5.4081792312688055,-15.61055956430094,-4.277421326000619
2022-05-20,-10.022204743978502,-16.826627470516353,-25.07651280055422,-23.668182868582942,-10.221786554807355,-4.731390405868819,-3.7413687793964923,-30.22599254685787,-22.839923246146466,-7.969939768566514,-16.247627722266365,-4.8273754964864075
2022-05-23,-10.022204743978502,-15.280315162340873,-25.997612764992372,-22.56468437878507,-9.929317629630663,-5.559388427114387,-3.7413687793964923,-30.971461796478827,-21.513732143359153,-0.4440345841853155,-17.093644256033645,-3.910785212343426
2022-05-24,-10.022204743978502,-15.242232116310895,-26.13843496326306,-22.17655488112904,-9.08603579888183,-6.249380511194302,-3.7413687793964923,-31.876162657689843,-21.500338544794072,0.0,-18.22676431523974,-5.682859761686531
2022-05-25,-10.022204743978502,-14.975621736382372,-25.71740043537578,-22.907147825622598,-10.007314103247522,-6.456378136418284,-3.7413687793964923,-31.241062895778914,-21.460147528878636,0.0,-18.15371258022458,-5.621753742743674
2022-05-26,-10.022204743978502,-14.213891077258012,-25.968875498568313,-21.917805753516106,-9.948816748034872,-5.707238502024592,-3.7413687793964923,-31.376770047120406,-20.72337696515685,-0.7022598074260422,-18.068769079074766,-6.507791017415232
2022-05-27,-10.022204743978502,-14.175808031228021,-26.490490458939785,-21.34702947129584,-9.758710756610922,-5.293243251576662,-3.7413687793964923,-32.087862578326835,-20.000000000000128,-2.7198694557911907,-18.99633493823544,-5.010693553315015
2022-05-31,-10.022204743978502,-14.62522633057043,-26.461753192515737,-21.23287305360447,-10.177920976267274,-5.2636732365946015,-3.7413687793964923,-32.71210334153839,-20.02679230724039,-9.207438255937884,-19.264750245368646,-7.913229453101145
2022-06-01,-10.022204743978502,-14.404323742039093,-27.05090826617811,-22.275493152705327,-10.148669323513193,-4.879248001128678,-3.7413687793964923,-33.49557571634002,-18.432688352270677,-3.065428906293599,-19.638490309506416,-10.632447296058679
2022-06-02,-10.022204743978502,-13.520719199457575,-26.32093099424505,-21.84170341046737,-9.017791859614832,-5.234103221612541,-3.7413687793964923,-33.05589074728391,-16.85197799586604,-5.417457098739997,-18.19279015504307,-10.754659333944417
2022-06-03,-10.022204743978502,-14.510965569393019,-26.096761130551783,-22.98325597490789,-10.046306389760462,-4.97781722451871,-3.7413687793964923,-33.207883026407735,-17.93704344360111,-4.99386878074578,-18.529153782569608,-11.151848457073033
2022-06-06,-10.022204743978502,-15.257464172414137,-26.478999663567095,-23.7823392862743,-10.348527849287038,-4.97781722451871,-3.7413687793964923,-33.96963740381103,-18.191562697218433,0.0,-18.880811452645375,-9.257561869844189
2022-06-07,-10.022204743978502,-15.607859578226101,-26.388464255541066,-24.657530746926014,-9.94394345600772,-5.569240085208604,-3.7413687793964923,-34.402083040401074,-17.669125481308612,-0.31108485318155354,-18.554638453046202,-7.485487320501083
2022-06-08,-10.022204743978502,-16.918037241767003,-25.18428782763673,-25.64687862526909,-9.729465054152374,-5.943813662580267,-3.7413687793964923,-33.70546243359392,-20.401879498493912,-6.6831068586905795,-17.308951648467453,-6.568897036358079
2022-06-09,-10.022204743978502,-17.702618890818112,-24.593693835054697,-25.799083311366534,-9.880572808767896,-5.943813662580267,-3.7413687793964923,-34.072774299587834,-22.545212976613694,-3.8510970784643384,-16.7895536504965,-5.530094714329358
2022-06-10,-10.022204743978502,-18.95185670685858,-25.197224393923957,-27.397255740335925,-8.77406775530092,-5.657957650504408,-3.7413687793964923,-33.9967747897595,-22.6791694027049,-5.0632824628574,-16.701215973590276,-5.499541704857924
2022-06-13,-10.022204743978502,-21.336077389305828,-24.659795029425922,-29.033482243947983,-10.894467462831992,-5.569240085208616,-3.7413687793964923,-33.06493654260002,-25.17079776483796,-7.6485665983790145,-15.330252491033104,-5.988389856400844
2022-06-14,-10.022204743978502,-21.450332338939493,-23.511661067444912,-29.223741004688076,-11.796246648793474,-6.495807329844228,-3.7413687793964923,-31.063746434089488,-27.24715302991214,-22.881350817022316,-13.131968793672389,-6.1106018942865825
2022-06-15,-10.022204743978502,-20.871421222316478,-23.316228470175705,-28.15829078329628,-11.51352430767112,-6.0719529009523825,-3.7413687793964923,-31.61018122462287,-27.126590202386026,-20.403342259324354,-13.086102867341076,-5.407882676443632
2022-06-17,-10.022204743978502,-23.164226321969316,-23.468548315813965,-29.193298906221276,-10.52400801433393,-5.322813266558701,-3.7413687793964923,-30.967842130245703,-30.421972451396584,-25.5095462067096,-14.17165586200857,-4.124656278643457
2022-06-21,-10.022204743978502,-23.575561575281746,-21.617735429404284,-28.40943374096998,-10.57275283519672,-5.372101638428561,-3.7413687793964923,-30.51730490302329,-30.797054532540002,-26.968457235807307,-11.878229934912554,-7.027192178429575
2022-06-22,-10.022204743978502,-23.712673326385858,-22.487102832683238,-28.394215594854888,-10.587372711278231,-5.372101638428561,-3.7413687793964923,-31.99196501501589,-32.391158487509706,-26.432094692232354,-12.97228051995829,-6.141154903758017
2022-06-23,-10.022204743978502,-24.80956733521893,-21.19670090151702,-29.41399976542818,-11.006582930934583,-5.864955275728412,-3.7413687793964923,-30.90089515626653,-33.99866115115459,-33.072300527119424,-11.769502901493444,-8.738160708829824
2022-06-24,-10.022204743978502,-24.09353865594803,-20.863330795811308,-29.76407518844154,-10.967584694126131,-5.963524499118444,-3.7413687793964923,-29.712121271356352,-31.828535365794565,-33.276120032839465,-11.015226321046956,-8.310418576229761
2022-06-27,-10.022204743978502,-22.730040078730184,-20.529953838110714,-29.041094220123863,-11.240554500898625,-6.3873789280103015,-3.7413687793964923,-29.81345170428311,-30.127262181863824,-30.261743816385454,-10.95746862858098,-9.043690803544157
2022-06-28,-10.022204743978502,-22.760510002480395,-20.41355900149996,-29.946721973005786,-11.40628808189119,-6.702804955068209,-3.7413687793964923,-30.01429262622093,-29.604824965954002,-29.725376157629412,-11.035607576901707,-7.179957225786737
2022-06-29,-10.022204743978502,-23.34704586447065,-20.39200262568449,-30.81430145748163,-11.59152078128798,-6.702804955068209,-3.7413687793964923,-29.956391447557817,-30.55592887748777,-30.29392342062389,-10.529356947075541,-5.866177818515106
2022-06-30,-10.022204743978502,-24.459171929406963,-22.26293296898998,-31.445961936635513,-12.059469871511618,-6.850662550328113,-3.7413687793964923,-31.351439124021987,-31.8687212715999,-41.81506062768388,-11.985255830124375,-9.104796822487005
2022-07-01,-10.022204743978502,-23.979277894770657,-20.945232690319347,-30.936069851348858,-12.31294055987988,-6.86052172877204,-3.7413687793964923,-30.017912292454042,-31.922305886080416,-38.532500581851856,-10.777390998353997,-7.791017415215384
2022-07-05,-10.022204743978502,-24.558194822937416,-20.15777403354332,-31.270927128247095,-14.121372223830042,-7.037949339013949,-3.7413687793964923,-29.046264457263817,-33.90489063086874,-40.75305696009903,-9.48118038901925,-10.05194011610142
2022-07-06,-10.022204743978502,-24.26112033080241,-20.659278389013846,-31.605778598908774,-15.432609095098016,-7.156229398942138,-3.7413687793964923,-28.108993340488308,-33.235098280192545,-40.89250702698002,-8.51454505569823,-9.043690803544136
2022-07-07,-10.022204743978502,-22.66910604277348,-20.584557385114366,-30.631654672917385,-15.28637463250967,-8.132085015447599,-3.7413687793964923,-27.77968459967508,-31.82853536579455,-32.45011547521312,-7.787446183277435,-8.707607699358366
2022-07-08,-10.022204743978502,-23.088054418365633,-22.04307986205569,-30.47944998681995,-15.15476599629837,-8.319364283783749,-3.7413687793964923,-28.934081766170717,-33.060950838185896,-35.27139872069321,-9.31299452492691,-4.888481515429244
2022-07-11,-10.022204743978502,-24.687687640218048,-23.14666900548096,-32.2602692003536,-15.671459907384778,-9.314930736827376,-3.7413687793964923,-30.24227767464024,-34.60147528878519,-31.06629018933843,-10.743408737499195,-4.521845401772051
2022-07-12,-10.022204743978502,-24.344911168229576,-22.406633005099998,-32.427697838802715,-15.998047827047223,-9.679645135755177,-3.7413687793964923,-29.192823866771633,-34.41393424821347,-33.88757343481853,-8.650449797143045,-10.449129239230048
2022-07-13,-10.022204743978502,-24.939060152499582,-21.676648881172078,-33.19634485793892,-15.466734039879304,-8.467221879043674,-3.7413687793964923,-28.047479236125127,-35.16409841050036,-28.245006943858332,-7.643043851454379,-9.56309196455849
2022-07-14,-10.022204743978502,-26.05118621743592,-22.295986992173034,-33.78995126245014,-16.914452839385763,-8.536221087451656,-3.7413687793964923,-29.131303021875432,-37.58874855958781,-29.199740148800622,-8.417709788413763,-15.062633669416424
2022-07-15,-10.022204743978502,-25.746492791477404,-21.930994930209046,-33.02891621948978,-17.016815773138504,-7.66880139312981,-3.7413687793964923,-29.39185832585922,-36.93234980747668,-24.73717943799505,-7.875783860183649,-26.153376107546578
2022-07-18,-10.022204743978502,-25.502739213019364,-21.633542981535992,-32.68645277265227,-16.685354561448882,-7.974368241743823,-3.7413687793964923,-29.261584044133937,-36.637644648054035,-19.77043067267188,-8.09153678881458,-25.175679804460728
2022-07-19,-10.022204743978502,-24.474403985510207,-20.76561449717671,-30.745811090608743,-16.646356324640465,-9.719074329181133,-3.7413687793964923,-28.849043201559144,-35.539185601753886,-22.07680444406932,-7.637948537490691,-27.069966391689583
2022-07-20,-10.022204743978502,-24.398232081906524,-20.46816254850363,-30.783865165251388,-17.158176943699676,-9.512069183607474,-3.7413687793964923,-29.14035555772455,-35.565977908994164,-14.106411112219385,-8.04057554851958,-27.61992056217536
2022-07-21,-10.022204743978502,-24.05545560991803,-19.989653487768233,-29.718414943859607,-16.514747688429132,-9.6993559722933,-3.7413687793964923,-28.478111669332094,-35.298059946701656,-14.91095748517236,-7.070537938783994,-29.636419187289942
2022-07-22,-10.022204743978502,-24.09353865594801,-19.288413482259227,-30.509892085286737,-15.812821077945948,-8.122225837003727,-3.7413687793964923,-27.441330063545742,-35.164098410500365,-10.974037898376675,-6.6016637455690415,-31.041857622975854
2022-07-25,-10.022204743978502,-23.065203428438863,-19.975284854556197,-29.87061962995704,-16.207652936875405,-8.950216337899608,-3.7413687793964923,-27.06316593938568,-35.11051890612996,-6.382743425074066,-6.620351963874649,-29.117018026275577
2022-07-26,-10.022204743978502,-23.286106016970177,-21.35333065191941,-30.289191226079872,-16.27102358411523,-9.088214754715606,-3.7413687793964923,-28.964838818352334,-35.63295612203977,-3.529280575355531,-9.005509743633311,-27.039413382218136
2022-07-27,-10.022204743978502,-21.92260743975233,-22.159474698666447,-29.64231260081087,-16.20277964484822,-9.088214754715606,-3.7413687793964923,-29.32310488902997,-34.44072655545377,-6.811835506006469,-9.110834500637866,-26.64222425908952
2022-07-28,-10.022204743978502,-21.267518607981874,-23.15528881500921,-28.614910647825155,-14.681937663752077,-8.339082640671624,-3.7413687793964923,-30.341794904184116,-33.89149703230368,-12.744044011018064,-10.93028281989712,-24.83959670027498
2022-07-29,-10.022204743978502,-20.818100308639476,-24.13243124537068,-29.025870267772113,-14.067754110940111,-7.737800601537803,-3.7413687793964923,-30.238658008407114,-33.221704681627486,-11.72494648241782,-11.954675845684115,-24.686831652917817
2022-08-01,-10.022204743978502,-21.572212033940364,-24.09219633157904,-29.490102108476858,-13.770411893736235,-8.723507876137504,-3.7413687793964923,-29.89849026889472,-35.070327890214514,-11.145672684677187,-12.150047518460294,-25.81729300336083
2022-08-02,-10.022204743978502,-20.71145848128557,-23.596440799792294,-28.850835459383738,-13.668048959983492,-9.167073141567494,-3.7413687793964923,-28.713336050217663,-34.22639320764179,-17.335333369139573,-11.932593451622076,-27.742132600061097
2022-08-03,-10.022204743978502,-20.28488536032619,-23.018776521502627,-27.861487581040635,-14.306604923226839,-8.615079474303556,-3.7413687793964923,-28.42564336028518,-35.39183046698753,-11.328039120904943,-10.340789827128404,-27.711579590589665
2022-08-04,-10.022204743978502,-18.631931224796805,-22.936874626994573,-25.525110231401847,-12.819887886911962,-7.028090160570066,-3.7413687793964923,-28.67714612841986,-34.494306059824176,-12.872772658334009,-10.25584632597859,-26.397800183318054
2022-08-05,-10.022204743978502,-18.34247566648527,-23.30760866064746,-24.733633089974706,-13.580305902312272,-6.36766809147219,-3.7413687793964923,-28.91599017553834,-33.35566110771868,-13.494952595059228,-11.472208748127223,-25.420103880232205
2022-08-08,-10.022204743978502,-16.811395414413045,-23.689840341667924,-23.1202425148902,-12.902751702260485,-5.480530040262521,-3.7413687793964923,-30.806810796338834,-32.68586875704248,-18.590424892517245,-12.262168727635792,-25.633974946532224
2022-08-09,-10.022204743978502,-16.544790846028256,-25.145491832764776,-22.792997214167777,-12.551791372166644,-5.933954484136428,-3.7413687793964923,-31.441910558249585,-31.614202017982585,-15.972961152757193,-13.188033448589188,-24.778490681332098
2022-08-10,-10.022204743978502,-15.364105999767997,-24.87390616467131,-21.423131814344522,-12.473800848845295,-5.372101638428573,-3.7413687793964923,-31.40210097021886,-31.413262268735696,-12.014588496469237,-12.95698647740906,-24.075771463489147
2022-08-11,-10.022204743978502,-15.821143232933865,-24.63967757253012,-20.852355532124257,-12.761396481994813,-6.180381302786342,-3.7413687793964923,-30.60415667101798,-30.6764917050139,-4.805835398587687,-13.46663938364977,-23.098075160403297
2022-08-12,-10.022204743978502,-13.406458438280122,-23.53464951018519,-18.949767924723403,-12.32756638625695,-5.293243251576685,-3.7413687793964923,-29.838782627381754,-29.269928790615918,-5.942929924576646,-12.39127701690964,-21.814848762603113
2022-08-15,-10.022204743978502,-13.048444098644673,-25.274816383667908,-18.53880830477641,-13.165974924978608,-3.7555423097130336,-3.7413687793964923,-31.12888020468586,-30.75686862673469,-6.372022005509049,-13.786015931078,-23.403605255117622
2022-08-16,-10.022204743978502,-12.591406865478794,-25.62974971718396,-18.417045717145776,-13.56568602623074,-3.9033999049729373,-3.7413687793964923,-30.752529283908856,-30.54253527892272,0.0,-13.434358261002243,-25.32844485181789
2022-08-17,-10.022204743978502,-12.568555875552057,-24.858098612539614,-18.378991642503127,-14.194489455124238,-5.3326724450026175,-3.7413687793964923,-30.72176549119424,-30.046885260143053,-0.9111376764614154,-12.65053858035612,-24.839596700274956
2022-08-18,-10.022204743978502,-12.705667626656203,-24.503165279023552,-19.025870267772092,-14.438213559438163,-4.9679580460748385,-3.7413687793964923,-30.76519474545808,-30.475551955767,-1.5114239525274797,-12.255372275464838,-24.259089520317723
2022-08-19,-10.022204743978502,-14.130100239830778,-25.112437809581735,-19.901061728423798,-14.813552250258887,-4.9679580460748385,-3.7413687793964923,-31.157830794017404,-32.08305461941189,0.0,-12.221398115268167,-23.495264283531903
2022-08-22,-10.022204743978502,-15.173673334986903,-25.66136482144733,-21.00456021822167,-15.476480623933641,-4.9679580460748385,-3.7413687793964923,-31.74588837596439,-33.0207649323806,0.0,-12.197614582998884,-22.578673999388897
2022-08-23,-10.022204743978502,-13.208406839675535,-26.404271807672764,-20.35768159295268,-14.852544536771816,-4.3962535422728095,-3.7413687793964923,-32.17833401255446,-29.939721141292118,-5.030996384707443,-12.406571059458848,-19.34005499541701
2022-08-24,-10.022204743978502,-13.017974174894443,-26.941701172170795,-20.35768159295268,-14.803799715909028,-3.992109949919065,-3.7413687793964923,-32.49497729181846,-31.225721228163994,-3.6157063061514783,-13.300154657764708,-18.637335777574048
2022-08-25,-10.022204743978502,-12.57617480937554,-26.843984873536197,-19.14002668546346,-14.321230749603874,-4.928536372998571,-3.7413687793964923,-32.55107200763153,-31.011387880352025,-3.1508294995889585,-13.188033448589188,-19.645585090131334
2022-08-26,-10.022204743978502,-13.810174757769033,-26.838236049852416,-20.053266414521254,-15.3741176901809,-6.219810496212297,-3.7413687793964923,-32.357463677626775,-33.0207649323806,-3.966950062934571,-13.211816980858481,-18.270699663916858
2022-08-29,-10.022204743978502,-13.802555823945529,-27.55672252641277,-19.710802967683716,-15.349745279749516,-5.914243647598283,-3.7413687793964923,-33.68375117672867,-33.717349590297054,-3.3781054511549113,-13.996673545745242,-16.43751909563087
2022-08-30,-10.022204743978502,-15.234613182487323,-27.723411005263053,-20.015218146115178,-16.00292706936993,-5.746667695450569,-3.7413687793964923,-34.36770632198641,-34.69524580907108,-6.590913927348918,-14.596357166441331,-16.92636724717379
2022-08-31,-10.022204743978502,-15.64594843579975,-26.257700785718285,-22.070010439613462,-16.509868446106456,-5.460811683374711,-3.7413687793964923,-33.18435856615922,-35.69993433508537,-5.712814387398257,-12.98756646184932,-17.659639474488188
2022-09-01,-10.022204743978502,-15.265083106237565,-25.292062854719244,-20.852355532124236,-17.29953811426086,-5.460811683374711,-3.7413687793964923,-32.75191292956916,-35.69993433508537,-4.318183967710654,-11.971662925782445,-19.553926061717032
2022-09-02,-10.022204743978502,-14.830896862998411,-25.08226162423801,-20.167422832212612,-16.656102908694802,-4.149826723622874,-3.7413687793964923,-32.31946729297911,-35.686540736520286,-9.235537450631604,-10.974455708679287,-18.24014665444541
2022-09-06,-10.022204743978502,-15.737352395506665,-26.356856003272554,-21.00456021822167,-17.114305414864084,-5.007387239500782,-3.7413687793964923,-33.578807818101616,-35.16409841050038,-15.857435940279508,-12.44393939541193,-16.804155209288062
2022-09-08,-10.022204743978502,-15.5850085882993,-24.664104934190057,-20.654484795208283,-16.743845966366035,-4.642680360922736,-3.7413687793964923,-34.157812864199485,-35.6731420278451,-18.233474046266608,-10.867429813467455,-17.567980446073882
2022-09-09,-10.022204743978502,-13.52071919945752,-25.054963276733588,-19.55859828158627,-16.344140815409414,-3.9033999049729595,-3.7413687793964923,-34.42922716688264,-33.19491237438723,-17.39669875005616,-11.434832311516018,-14.634891536816319
2022-09-12,-10.022204743978502,-12.75898854033316,-25.783501629747008,-18.409433740969916,-15.764076257083182,-4.484963587218926,-3.7413687793964923,-34.71872631966498,-32.48492900779561,-14.78306471507601,-12.573055785343923,-12.954476015887506
2022-09-13,-10.022204743978502,-14.907068766602126,-25.92145284217323,-20.197864930679398,-16.89008042895438,-6.357808913028284,-3.7413687793964923,-35.38820279999062,-34.49430605982419,-14.421486202855183,-13.495518229882775,-13.351665139016134
2022-09-14,-10.022204743978502,-15.143203411236684,-25.609632260288116,-19.870619629956987,-17.304411406288047,-5.667816828948357,-3.7413687793964923,-34.9738554945658,-36.10180872346908,-5.847107096046045,-11.834065146788475,-13.351665139016134
2022-09-15,-10.022204743978502,-15.333636076017775,-25.980366293941014,-20.66209677138413,-18.820374145061514,-5.717097680468541,-3.7413687793964923,-34.61558942388816,-35.565977908994185,-14.008263469467053,-12.294441749625207,-17.20134433241669
2022-09-16,-10.022204743978502,-15.843994222860614,-24.743142694848487,-21.445961936635427,-18.513285343803286,-5.145385656316792,-3.7413687793964923,-33.79774707120484,-35.76691254813097,-19.79339158890805,-10.87762044139483,-17.231897341888125
2022-09-19,-10.022204743978502,-13.878733539092957,-24.57357637815887,-18.493148060194454,-18.781381858548595,-5.027105596388637,-3.7413687793964923,-33.44672033299325,-33.82451370914799,-19.91735939412521,-10.799473392415981,-17.109685304002397
2022-09-20,-10.022204743978502,-13.330286534676416,-25.527723513785183,-16.28614527436213,-19.09822319415668,-4.06110915832707,-3.7413687793964923,-34.677110268784205,-35.03014198440918,-20.27892805433895,-12.155142832423971,-15.429269783073584
2022-09-21,-10.022204743978502,-14.084398259977304,-26.372663555404195,-17.237439078062565,-18.85937238186993,-4.3962535422728095,-3.7413687793964923,-35.22173859646737,-35.43201637279287,-19.638434295388397,-12.654597010079172,-16.22364802933083
2022-09-22,-10.022204743978502,-12.195309479813353,-26.984807071806838,-16.133940588264693,-18.55715092234338,-3.7752531462511563,-3.7413687793964923,-35.19640767336891,-33.958475245349284,-26.76652890933553,-12.16363232214407,-15.887564925145071
2022-09-23,-10.022204743978502,-14.244361001008176,-27.703293548367192,-18.013692267138016,-19.800143854344366,-3.4992563126192144,-3.7413687793964923,-34.99918641766424,-35.83389076117657,-29.46281143179612,-13.09629349526842,-17.293003360830983
2022-09-26,-10.022204743978502,-15.935403994111253,-28.654562846154196,-19.55859828158625,-20.87252991332559,-4.386394363828883,-3.7413687793964923,-33.656613790780185,-37.03951903643775,-28.68802003819424,-10.661867512763889,-18.576229758631168
2022-09-27,-10.022204743978502,-16.796157546766054,-25.990425022388862,-20.5251102314018,-20.706802282628544,-4.682109554348656,-3.7413687793964923,-32.61620577822768,-36.57066643500846,-31.291324243740227,-8.443194458890279,-18.423464711273997
2022-09-28,-10.022204743978502,-16.75045556691258,-25.88265684730121,-20.16742283221258,-19.064098249375427,-4.307535976977006,-3.7413687793964923,-32.75191292956917,-36.677830553859394,-29.04958869840799,-8.635163855251903,-18.056828597616803
2022-09-29,-10.022204743978502,-17.10846990654803,-25.05065337196942,-20.319633324546594,-19.156714599073823,-5.046816432926782,-3.7413687793964923,-32.652395700025295,-36.51708182052793,-28.987604795799417,-8.701419138096123,-18.17904063550253
2022-09-30,-10.022204743978502,-15.242232116310817,-23.796176449830686,-19.254183103154798,-18.96660860764986,-3.8442523546591945,-3.7413687793964923,-32.40088619135758,-34.507704768499345,-30.103310116750215,-8.327670973300227,-17.201344332416667
2022-10-03,-10.022204743978502,-10.534736410460477,-23.78324673553831,-14.406387789252229,-17.47989157133495,-3.2922586873952664,-3.7413687793964923,-32.370129139175994,-32.860016199049134,-33.161161299424556,-8.020186192006651,-16.80415520928804
2022-10-04,-10.022204743978502,-10.770871055095043,-27.078213465677294,-14.657530746925929,-16.105290003122676,-3.0556910471892573,-3.7413687793964923,-35.348399952492734,-31.815136657119403,-29.369838040885043,-12.280856945941398,-16.529178124045142
2022-10-05,-10.022204743978502,-9.780618873615888,-25.799309181878616,-13.751897187807439,-16.578112385373466,-3.9231107415111155,-3.7413687793964923,-34.95395070055051,-31.11855710931305,-28.409094939457457,-12.071900469481434,-16.406966086159414
2022-10-06,-10.022204743978502,-9.47593125920111,-26.06371395936351,-14.13241470928761,-16.563492509291954,-2.9078334519293647,-3.7413687793964923,-34.9358523693851,-31.373076362930373,-27.975207621197416,-11.742325193467707,-17.445768408188133
2022-10-07,-10.022204743978502,-10.298595954282186,-26.609763133389784,-14.786905310732424,-17.10943212283691,-4.001969128363003,-3.7413687793964923,-34.88881018942116,-31.681180231028215,-30.289256898572415,-11.319316926584067,-16.498625114573695
2022-10-10,-10.022204743978502,-10.69469915149137,-26.843984873536108,-15.525110231401818,-18.72775779536311,-3.5682555210272526,-3.7413687793964923,-35.321255826011225,-30.944409667306417,-33.5227299596383,-11.687961676758151,-14.66544454628772
2022-10-11,-10.022204743978502,-11.73826643510374,-27.663058634575542,-16.37747156976259,-18.172071597763797,-4.376535185385,-3.7413687793964923,-35.57095213129603,-31.145344306443214,-31.859504270648042,-11.885026387083474,-15.307057745187812
2022-10-13,-10.022204743978502,-12.233392525843334,-26.20884606239834,-17.191778833480676,-18.5961491591518,-4.80038961427689,-3.7413687793964923,-34.74949011237959,-30.837240438345383,-30.361570630615166,-10.106348680191847,-14.726550565230589
2022-10-14,-10.022204743978502,-13.985375366446851,-26.197348415030785,-17.73211301723414,-19.975629969686757,-3.6471139078791515,-3.7413687793964923,-35.38820279999061,-31.681180231028215,-33.33677825181258,-10.644880432665538,-15.70424686831644
2022-10-17,-10.022204743978502,-12.629495723052486,-25.61969098873599,-16.423131814344494,-19.22983183036796,-3.6471139078791515,-3.7413687793964923,-35.0987036472081,-30.823846839780288,-38.02686070917113,-9.496466330910259,-16.46807210510226
2022-10-18,-10.022204743978502,-11.060326613406557,-25.35097630648697,-15.098932465339733,-19.619790397270233,-3.3021178658391936,-3.7413687793964923,-35.902074075492166,-29.939721141292107,-40.65082949958898,-10.346581797691224,-16.773602199816583
2022-10-19,-10.022204743978502,-10.70231227377112,-25.77632073913837,-14.840177531490195,-20.66780404582006,-3.4006870892292373,-3.7413687793964923,-36.464793993807696,-30.85063914702054,-43.574383047611995,-10.984646336606652,-17.109685304002355
2022-10-20,-10.022204743978502,-10.039610319720914,-26.098200049471387,-13.683406820934563,-20.506943756854678,-3.4006870892292373,-3.7413687793964923,-36.35442450609767,-29.67180317899961,-44.64876412482257,-10.485192158951428,-16.406966086159404
2022-10-21,-10.022204743978502,-7.739180474700813,-26.73764876537328,-11.567730330502657,-19.522300755544652,-4.287825140438894,-3.7413687793964923,-37.14874913906545,-28.868054402232225,-48.770661629269775,-11.378775757257287,-16.376413076687967
2022-10-24,-10.022204743978502,-10.869893948625453,-27.252082835136182,-15.525110231401829,-19.634416223647268,-3.2922586873952886,-3.7413687793964923,-37.57938831280564,-29.403885216707117,-46.29132522894095,-12.282549983490531,-16.712496180873725
2022-10-25,-10.022204743978502,-11.776355292677465,-24.652607286822427,-16.202430955137604,-19.434557697873455,-4.425823557254882,-3.7413687793964923,-35.50219869446679,-29.73878139204521,-42.014465504970545,-9.856621591364224,-16.13198900091649
2022-10-26,-10.022204743978502,-13.101765012321632,-23.949935214388617,-19.124808539348347,-18.888618084328492,-4.563821974070869,-3.7413687793964923,-35.0082322129805,-28.881448000797295,-42.086779237013296,-9.703729769821068,-16.284754048273665
2022-10-27,-10.022204743978502,-11.898229176134622,-21.961171115552702,-16.971077974273786,-19.049478373293883,-4.435682735698765,-3.7413687793964923,-33.327298309433914,-29.028803135563674,-46.42562286359227,-8.536627449760159,-16.620837152459423
2022-10-28,-10.022204743978502,-11.662094531500045,-23.540398333868907,-16.15677071055567,-20.07799290343951,-3.479545476081114,-3.7413687793964923,-33.96782420042801,-30.140655780428904,-41.28099342910535,-9.29600744482848,-16.80415520928803
2022-10-31,-10.022204743978502,-10.603289380240666,-24.218643044642775,-13.812781384741035,-20.258346360513592,-3.6274030713410177,-3.7413687793964923,-35.08422498227583,-30.54253527892271,-34.34917542641458,-10.157318021144945,-15.490375802016409
2022-11-01,-10.022204743978502,-10.153871080898258,-26.46175319251568,-13.318107445569494,-19.814769680721366,-2.3558397846654144,-3.7413687793964923,-37.00037652617476,-29.430677523947367,-40.97107391606249,-12.020931128528256,-14.7265505652306
2022-11-03,-10.022204743978502,-9.940581614646716,-27.50068006048939,-13.280059177163428,-20.677550629874418,-3.3021178658391936,-3.7413687793964923,-37.06913670353704,-29.57803265871375,-38.27479631960542,-12.635908791773542,-16.987473266116638
2022-11-04,-10.022204743978502,-9.026507148314977,-28.372918449612815,-12.823433506397963,-18.474287106994815,-3.459827119193326,-3.7413687793964923,-37.619191160303366,-26.79169402704793,-33.884298619852046,-13.106484123195772,-16.773602199816608
2022-11-07,-10.022204743978502,-11.189825242230922,-27.665929620420037,-14.840177531490184,-18.27930782354368,-4.475104408775065,-3.7413687793964923,-37.621004363686424,-27.46148637772412,-28.26446747537197,-13.731109670273723,-17.4152153987167
2022-11-08,-10.022204743978502,-10.527117476636983,-25.816555652930017,-14.908673704599629,-16.5439933908877,-3.6471139078791626,-3.7413687793964923,-36.412325684760795,-25.706633689422965,-36.590910971746816,-12.453676386484014,-18.423464711273986
2022-11-09,-10.022204743978502,-12.484765038124856,-25.55071195652546,-19.101972610820795,-16.64148303261326,-4.386394363828949,-3.7413687793964923,-35.95273592168905,-25.787005501033644,-39.41116129942458,-12.6291123396026,-18.790100824931177
2022-11-10,-10.022204743978502,-15.485985694768845,-25.38977230135895,-23.477924107842775,-14.681937663752043,-4.780678777738768,-3.7413687793964923,-35.84055323059594,-26.04152986476106,-35.547524308842306,-11.91220409510917,-20.164986251145656
2022-11-11,-10.022204743978502,-13.543570189384225,-21.75568664183046,-25.197864930679394,-13.916646356324557,-6.111382094378426,-3.7413687793964923,-31.767599632829736,-20.30810386809797,-39.26652890933553,-9.255577060102327,-19.584479071188433
2022-11-14,-10.022204743978502,-12.835160443936811,-20.82452794894443,-24.543374329234567,-13.546186907826518,-5.381960816872566,-3.7413687793964923,-30.629487594116434,-20.174147442006763,-38.70867871186191,-10.317702951458251,-19.676138099602735
2022-11-16,-10.022204743978502,-15.097501431383176,-20.672208103306154,-25.913239729057835,-13.575432610285088,-5.894525290710528,-3.7413687793964923,-30.54625549235488,-21.20562827526131,-35.95041721279628,-9.423422696553207,-18.698441796516875
2022-11-17,-10.022204743978502,-15.760209196977115,-19.407679304714375,-26.56011835432681,-14.170117044692843,-6.308520541158503,-3.7413687793964923,-29.918395062910186,-22.237109108515874,-34.2045479623291,-8.280103908761605,-18.423464711273972
2022-11-18,-10.022204743978502,-16.14868764881906,-19.29272338702329,-26.103498489797914,-14.603947140430707,-6.308520541158503,-3.7413687793964923,-30.108383726681666,-23.17481942148457,-34.886365965019884,-7.887675626318225,-18.39291170180255
2022-11-21,-10.022204743978502,-15.447896837195119,-20.192266975645968,-25.57077047598373,-15.310747042941063,-6.239521332750475,-3.7413687793964923,-30.61682213256721,-24.032152812732466,-30.000001970401435,-8.58080033854235,-19.401161014359836
2022-11-22,-10.022204743978502,-16.11060460278907,-21.73413026601502,-26.636220697375524,-15.266875514105461,-6.8506625503282015,-3.7413687793964923,-32.27603803871527,-23.375754060621357,-29.9690124820989,-9.645963976696981,-19.737244118545593
2022-11-23,-10.022204743978502,-16.095366735142093,-20.653529565330018,-26.217654907489283,-14.945160886470198,-7.737800601537859,-3.7413687793964923,-31.324294997540512,-22.839923246146466,-24.504133705134944,-8.981726211363961,-18.94286587228835
2022-11-25,-10.022204743978502,-16.285799399923174,-20.468162548503578,-26.17960083284664,-14.53570320116373,-7.530802976313867,-3.7413687793964923,-30.53901615988882,-23.09444249976378,-27.438017082592136,-9.622180444427663,-18.362358692331128
2022-11-28,-10.022204743978502,-16.15630658264252,-19.230932097416186,-26.529676255860004,-15.179138406729786,-7.382945381053974,-3.7413687793964923,-29.657839758926198,-23.590087408433334,-30.661160314223856,-8.118714496840196,-18.270699663916822
2022-11-29,-10.022204743978502,-14.495733513289654,-20.30003515073361,-25.555552329868625,-14.77455401345047,-6.69294577662437,-3.7413687793964923,-30.036003883086437,-21.513732143359153,-25.258265439868477,-8.862808550017453,-18.637335777574016
2022-11-30,-10.022204743978502,-13.345518590779616,-21.883572273813947,-25.608824550626387,-14.891542773580246,-6.071952900952448,-3.7413687793964923,-31.29715761159201,-21.299398795547187,-28.409094939457457,-10.502179239049713,-19.095630919645522
2022-12-01,-10.022204743978502,-14.480501457186412,-22.390825452968254,-25.34246344683758,-12.205704334099977,-5.046816432926827,-3.7413687793964923,-31.778458631529084,-21.795043704216745,-30.392565044921216,-11.973550379126618,-20.562175374274293
2022-12-02,-10.022204743978502,-13.947286508873113,-21.606237782036676,-24.29984334773675,-12.459175022468239,-4.090679173309164,-3.7413687793964923,-30.596917338551933,-21.661087278125546,-35.113636990582286,-11.939389903792975,-22.39535594256028
2022-12-05,-10.022204743978502,-15.950641861758196,-21.007023979926398,-26.765595261182018,-13.84840241705757,-5.598817620540442,-3.7413687793964923,-29.82430396244945,-21.862021917262354,-42.386363994618456,-11.354992224987958,-23.1591811793461
2022-12-06,-10.022204743978502,-15.33363607601771,-20.393441544604094,-26.255703175895363,-13.755786067359177,-6.3578089130283395,-3.7413687793964923,-30.110190189531693,-20.160753843441704,-43.50206931556927,-10.301712252309848,-23.556370302474726
2022-12-07,-10.022204743978502,-15.973492851684911,-21.308785833363608,-26.156770710555712,-12.966122349500308,-5.89452529071054,-3.7413687793964923,-30.839381051903338,-22.036169359268985,-40.8781005251514,-11.083174641440186,-23.281393217231827
2022-12-08,-10.022204743978502,-17.298902571329076,-21.406502131998206,-28.53880830477641,-12.810141302857602,-5.845244439190356,-3.7413687793964923,-30.951563742996424,-22.304087321561482,-38.40909395425677,-11.592827547680894,-22.761992056217473
2022-12-09,-10.022204743978502,-17.108469906547995,-20.778544211469008,-28.65296472246779,-12.351938796688344,-6.200092139324543,-3.7413687793964923,-30.797765001022558,-19.6249179188567,-35.48554040623375,-11.247966329776105,-22.42590895203169
2022-12-12,-10.022204743978502,-18.784275032004103,-20.748368026125284,-30.47944998681993,-13.209846453814222,-8.122225837003771,-3.7413687793964923,-30.64034659281576,-21.366377008592785,-31.952482587562702,-11.066187561341835,-21.63153070577445
2022-12-13,-10.022204743978502,-20.13254155311872,-19.432106666374317,-32.07762241578933,-11.581768246938163,-7.895509854891991,-3.7413687793964923,-29.983535574039323,-22.237109108515885,-28.357440866283078,-9.600098050365592,-21.326000611060103
2022-12-14,-10.022204743978502,-19.957340944440883,-19.213685626364818,-31.506846133569077,-11.893736290519087,-7.599802184721904,-3.7413687793964923,-29.377386401459958,-21.366377008592785,-33.57438403281273,-10.08426628612974,-21.906507791017336
2022-12-15,-10.022204743978502,-20.04113178186805,-19.06137263272142,-31.58294847661779,-13.370706742779625,-7.954657405205767,-3.7413687793964923,-29.428048247657014,-22.57200528385397,-27.99587220606935,-10.349279316848413,-20.13443324167422
2022-12-16,-10.022204743978502,-20.67336962371178,-18.9593464293227,-31.6590508196665,-12.746770655617778,-7.777229794963814,-3.7413687793964923,-30.28208052213793,-23.643672022913865,-31.818184952911388,-9.761487462286977,-20.19553926061709
2022-12-19,-10.022204743978502,-19.431750741494803,-19.229493178496515,-28.957379900899227,-12.858886123720392,-7.796940631501947,-3.7413687793964923,-29.726599936288633,-24.996650322831325,-39.555788763510094,-9.851372364896015,-20.89825847846003
2022-12-20,-10.022204743978502,-17.519805159860404,-19.344455948182482,-27.024350195031555,-11.484278605212573,-7.9349390483179345,-3.7413687793964923,-30.102950857065636,-23.630278424348784,-44.97933837073027,-10.104647541984502,-20.317751298502806
2022-12-21,-10.022204743978502,-17.093237850444744,-20.663588293777924,-25.98934207210656,-11.484278605212573,-8.37851183409759,-3.7413687793964923,-28.68619192373614,-23.76423485043999,-44.91735939412524,-11.687961676758075,-19.065077910174054
2022-12-22,-10.022204743978502,-17.024679069120808,-20.765614497176653,-26.773207237357855,-12.893005118206124,-7.836369824927891,-3.7413687793964923,-28.921416304621527,-24.581382335882562,-48.357438895881664,-11.662477006281513,-19.278948976474087
2022-12-23,-10.022204743978502,-15.661180491902948,-21.338962018707342,-23.89649570396559,-12.45917502246826,-7.34351618762804,-3.7413687793964923,-29.388238659626296,-25.505693940176066,-47.530993429105386,-12.245181647537384,-18.576229758631136
2022-12-27,-10.022204743978502,-16.27056734381993,-21.554512072872356,-25.9512879974639,-11.537896718102548,-7.284376157663952,-3.7413687793964923,-28.964838818352334,-23.30877584757577,-45.433885347858634,-11.363481714708035,-17.537427436602428
2022-12-28,-10.022204743978502,-15.20414325873708,-19.140403541385055,-24.056312366238874,-11.874237172114855,-5.372101638428628,-3.7413687793964923,-28.270031414928255,-23.10783609832886,-51.353306175947424,-10.092755775849838,-16.559731133516575
2022-12-29,-10.022204743978502,-15.371724933591436,-19.705131253387485,-24.322673470027688,-11.30879844016568,-6.436667299880227,-3.7413687793964923,-28.908750843072283,-22.89350275051688,-52.9028938891547,-10.525962771318987,-16.9569202566452
2023-01-03,-10.022204743978502,-19.94210888833765,-17.75947990618252,-29.22374100468801,-10.324155438855676,-7.34351618762804,-3.7413687793964923,-25.850867594226923,-23.576693809868253,-58.80165505837513,-8.940429056217836,-18.056828597616782
2023-01-04,-10.022204743978502,-18.6928710722972,-16.996448611066405,-29.124808539348347,-9.685593525316794,-8.279935090357892,-3.7413687793964923,-24.454013454912893,-22.719360418620347,-56.9008285143883,-6.929537883375381,-20.103880232202798
2023-01-05,-10.022204743978502,-17.100850972724523,-17.252226727028198,-26.681886748194028,-10.56300030084688,-9.206502334993495,-3.7413687793964923,-25.671737929154624,-21.232420582501575,-61.57024884987672,-7.751770884873366,-20.226092270088525
2023-01-06,-10.022204743978502,-15.882083080434272,-19.153333255677406,-25.555552329868625,-9.129907327717458,-7.382945381053984,-3.7413687793964923,-27.385235347732674,-20.830546194117893,-61.673554533223765,-9.115929814601442,-20.073327222731365
2023-01-09,-10.022204743978502,-16.064896811391883,-20.116107052826827,-25.312021348370774,-8.715576350383813,-7.24494696423802,-3.7413687793964923,-28.432875952218396,-19.946420495629724,-59.6074384032813,-11.246265191568828,-20.226092270088536
2023-01-10,-10.022204743978502,-14.648077320497066,-18.993832519430555,-23.257229054872486,-8.769194463273788,-5.786096888876613,-3.7413687793964923,-27.83577931548814,-18.82116914208932,-62.40702660908893,-10.748512152120892,-19.951115184845637
2023-01-11,-10.022204743978502,-13.117002879968531,-19.82152608999822,-21.68949291813329,-8.622960000685431,-6.052242064414337,-3.7413687793964923,-28.81285327976154,-18.94173196961543,-62.07644743717773,-11.689662814965352,-19.8289031469599
2023-01-12,-10.022204743978502,-13.650212016738116,-20.2267530657538,-23.13546066100527,-7.604192054594128,-5.352390801890527,-3.7413687793964923,-29.236253121035304,-18.75418581893361,-61.82851428974519,-12.365792346433002,-17.995722578673913
2023-01-13,-10.022204743978502,-14.381472752112256,-20.341708983444907,-23.69101879711043,-6.487934466777312,-4.386394363828949,-3.7413687793964923,-28.44916108000056,-18.21835500445872,-64.67975410572546,-13.228804060956744,-17.50687442713098
2023-01-17,-10.022204743978502,-13.924435518946376,-19.95085064090135,-23.858441629322968,-7.0338800306177784,-5.657957650504519,-3.7413687793964923,-27.4214252695305,-18.95512556818052,-62.9545469771284,-12.578151099307522,-16.25420103880223
2023-01-18,-10.022204743978502,-13.566421179310916,-20.97828671350235,-22.43530981497852,-7.1703619588562635,-5.746667695450636,-3.7413687793964923,-28.07099695584051,-18.05760627112727,-65.79545450067272,-13.366409940608825,-16.74304919034515
2023-01-19,-10.022204743978502,-13.101765012321565,-19.584426512012588,-22.519024134203093,-6.3075810097032114,-5.746667695450636,-3.7413687793964923,-27.054120144069593,-18.285333217504316,-66.1673554533224,-11.910511057559948,-17.23189734188808
2023-01-20,-10.022204743978502,-13.558802245487422,-19.498207860745552,-23.18873288176303,-6.0979758998750295,-5.746667695450636,-3.7413687793964923,-27.09211652871726,-18.673814007322942,-67.21074457922869,-12.119467534019934,-17.354109379773817
2023-01-23,-10.022204743978502,-13.794942701665692,-18.822834135816148,-25.167422832212615,-6.063856905389287,-6.505666508288243,-3.7413687793964923,-27.28571811818884,-18.928333260940256,-64.3904967145527,-11.553758073520537,-18.576229758631126
2023-01-24,-10.022204743978502,-12.713286560479597,-18.68632184230957,-24.193298906221216,-5.732389743404154,-6.959090952162139,-3.7413687793964923,-27.873775700135837,-18.285333217504316,-66.34297733171395,-11.560546425033369,-17.262450351359504
2023-01-25,-10.022204743978502,-11.745885368927155,-19.64333996378036,-23.287665347102703,-5.376556121283138,-5.864955275728489,-3.7413687793964923,-28.610199154440696,-19.11587430151198,-68.31611760774354,-12.707259388581383,-17.537427436602393
2023-01-26,-10.022204743978502,-11.844908262457587,-20.4293665536316,-23.249617078696637,-5.96636726366373,-5.884666112266624,-3.7413687793964923,-29.006454869233124,-17.883458829120634,-69.58677775921225,-13.831889958067379,-16.590284142987976
2023-01-27,-10.022204743978502,-13.54357018938418,-20.75124586396462,-24.809735433023405,-5.990739674095124,-7.3040869942020965,-3.7413687793964923,-29.440713709206246,-19.33020764932396,-67.88223275248531,-13.992509807466424,-16.529178124045117
2023-01-30,-10.022204743978502,-13.292197677102646,-20.25692925109752,-24.056312366238906,-6.268582772894781,-7.047800997108277,-3.7413687793964923,-28.85446933064233,-19.075688395706635,-72.34504172127964,-13.237293550676842,-16.437519095630826
2023-01-31,-10.022204743978502,-12.66757876908241,-20.289976422285715,-23.592080525534165,-5.94686814525951,-6.229669674656291,-3.7413687793964923,-29.075215046595403,-18.28533321750433,-72.2727279892369,-13.106484123195727,-16.926367247173758
2023-02-01,-10.022204743978502,-13.680681940488315,-20.874821591183967,-24.74885704232639,-6.029731960608031,-6.357808913028351,-3.7413687793964923,-29.467851095154728,-18.75418581893362,-74.50413370513496,-13.831889958067379,-16.773602199816583
2023-02-02,-10.022204743978502,-15.219375314840311,-20.085930867483114,-24.193298906221237,-6.5902974005300425,-6.604235731678276,-3.7413687793964923,-28.9232227674716,-22.57200528385399,-74.62809904735035,-14.14956536728832,-17.476321417659534
2023-02-03,-10.022204743978502,-16.48385099852775,-20.902126790683205,-26.232873053604422,-9.19327202466178,-7.343516187628052,-3.7413687793964923,-29.04626445726386,-21.60750266364504,-75.10330568334706,-14.22261710230347,-17.201344332416646
2023-02-06,-10.022204743978502,-16.2400974200697,-21.03576124635046,-25.951287997463922,-9.0324176859919,-7.343516187628052,-3.7413687793964923,-29.200063199237736,-22.58539888241907,-74.61776921791616,-12.513596954670591,-17.01802627558805
2023-02-07,-10.022204743978502,-17.009447013017542,-20.70670104540886,-27.602738453427676,-8.764321171246593,-6.367668091472267,-3.7413687793964923,-29.789927244034775,-22.062961666509253,-73.30578482270724,-12.58324641327121,-17.62908646501671
2023-02-08,-10.022204743978502,-15.371724933591413,-19.732436452886716,-23.698624967049685,-8.486472122151422,-6.564806538252322,-3.7413687793964923,-28.107186877638323,-22.11654628098976,-75.24793561043433,-11.502788732567403,-17.07913229453092
2023-02-09,-10.022204743978502,-16.81901434823645,-19.97384593563648,-25.540334183753544,-9.0324176859919,-6.811233356902246,-3.7413687793964923,-28.391259901337683,-23.85800537072584,-74.89669431665298,-11.669273458452478,-18.026275588145335
2023-02-10,-10.022204743978502,-16.77330655683924,-18.40036754100406,-26.06544441515529,-9.198145316688954,-6.466237314862289,-3.7413687793964923,-27.231436605758862,-24.474213106921518,-74.02892706913825,-10.140322840388427,-16.834708218759463
2023-02-13,-10.022204743978502,-15.92778506028768,-20.037069292168376,-24.809735433023416,-9.729465054152397,-6.466237314862289,-3.7413687793964923,-28.40935823250289,-24.166109238823687,-75.15495975652145,-11.43172975945218,-16.284754048273665
2023-02-14,-10.022204743978502,-16.971358155443827,-20.499777652766937,-25.038048268406143,-9.627102120399666,-6.466237314862289,-3.7413687793964923,-29.469664298537822,-24.313464373590055,-73.48140670109879,-12.36749348464028,-16.620837152459423
2023-02-15,-10.022204743978502,-15.638329501976179,-19.962348288268906,-23.759509163983306,-10.592251953600984,-5.618528457078575,-3.7413687793964923,-29.371953531843985,-22.97387967223766,-74.47314175383069,-11.80517819989728,-17.354109379773817
2023-02-16,-10.022204743978502,-15.1355844774131,-19.87181973223776,-23.744291017868193,-10.212039970753084,-5.628387635522502,-3.7413687793964923,-29.50947388656855,-23.054256593958446,-75.32024934247706,-11.354992224987924,-17.384662389245253
2023-02-17,-10.022204743978502,-15.965873917861394,-20.0888018533276,-24.23895915080316,-10.290030494074431,-4.455393572236932,-3.7413687793964923,-29.594512451180133,-23.938382292446605,-76.49793364003288,-11.375373480842676,-17.170791322945213
2023-02-22,-10.022204743978502,-17.519805159860347,-20.952420432922768,-25.418565789886326,-10.699488179380923,-4.484963587218993,-3.7413687793964923,-30.703673900561878,-25.184196473513143,-77.54132276593919,-12.229887604988187,-17.62908646501671
2023-02-23,-10.022204743978502,-17.184641810151636,-21.527206873373107,-25.540334183753554,-11.381915671459897,-4.465252750680837,-3.7413687793964923,-30.913560617815794,-24.688546454733494,-76.09504319908069,-12.489813422401298,-19.30950198594552
2023-02-24,-10.022204743978502,-18.517670463619275,-21.805980284070014,-27.336371543402294,-11.830365643279295,-4.967958046074927,-3.7413687793964923,-30.946130873380472,-25.987945250280543,-74.67975312052472,-12.744635825192574,-20.562175374274283
2023-02-27,-10.022204743978502,-18.6243122909732,-22.25287424054204,-27.56468437878503,-11.430660492322687,-5.372101638428662,-3.7413687793964923,-31.21392550983051,-25.82719651694908,-71.787191523806,-11.528273403043965,-21.44821264894584
2023-02-28,-10.022204743978502,-19.332722036420602,-20.765614497176653,-27.526630304142387,-10.850595933996454,-5.14538565631687,-3.7413687793964923,-30.956989872079653,-24.621568241687896,-71.62190193785038,-11.665879282696046,-23.067522150931797
2023-03-01,-10.022204743978502,-19.54600569112842,-20.45522598221634,-28.957379900899248,-10.421645080581277,-5.588958442096548,-3.7413687793964923,-30.519111365873385,-22.97387967223766,-70.96074359402795,-11.05090161945077,-21.723189734188743
2023-03-02,-10.022204743978502,-20.460085969003906,-20.647780741646226,-29.87061962995703,-10.62637094808676,-5.470670861818694,-3.7413687793964923,-31.17954205088276,-23.25519123309524,-71.43595023002467,-12.029428718906443,-22.05927283837451
2023-03-03,-10.022204743978502,-20.094452695544973,-20.83458667739233,-29.95433394918159,-9.934196871953437,-5.618528457078586,-3.7413687793964923,-31.195827178665102,-22.612191189659303,-68.91528958595562,-11.66757232024519,-21.142682554231506
2023-03-06,-10.022204743978502,-19.370810893994307,-20.660717307933453,-27.884317703331597,-9.924444337603555,-5.618528457078586,-3.7413687793964923,-30.814043388271926,-24.045546411297547,-73.42975262792437,-11.755918097809538,-21.23434158264581
2023-03-07,-10.022204743978502,-19.75167622355649,-20.925115233423487,-27.3211533972872,-11.581768246938196,-5.835385260746473,-3.7413687793964923,-31.460002148882026,-24.795715683694517,-72.2417360379326,-12.472818241644823,-21.539871677360146
2023-03-08,-10.022204743978502,-17.702618890817934,-21.36338938036725,-25.593606404511327,-11.640265602150846,-5.707238502024714,-3.7413687793964923,-31.64637114642057,-24.166109238823662,-73.64669382405262,-11.830662870373843,-22.456461961503127
2023-03-09,-10.022204743978502,-19.1422893716395,-22.05457065742834,-25.791471335190653,-10.831096815592234,-4.455393572236954,-3.7413687793964923,-32.16204888477216,-25.813797808273886,-73.72933984853131,-12.605328807333239,-24.41185456767484
2023-03-10,-10.022204743978502,-20.201094522898867,-21.504211578637943,-28.203956834114763,-9.237143553497429,-4.455393572236954,-3.7413687793964923,-31.454576019799052,-27.421300471918777,-74.89669431665297,-12.277454669526799,-23.70913534983188
2023-03-13,-10.022204743978502,-20.589578786284545,-21.764306451358706,-28.40943374096996,-6.814528336735304,-3.5091154910632083,-3.7413687793964923,-30.139140778863315,-27.836573568977652,-73.07851379714481,-11.395762837355583,-23.678582340360453
2023-03-14,-10.022204743978502,-20.741922593491946,-19.19069718362455,-29.086754464705745,-7.082624851480601,-5.096104804796697,-3.7413687793964923,-28.709716383984595,-27.75619664725687,-73.4194227984902,-10.884416893565717,-23.311946226703263
2023-03-15,-10.022204743978502,-20.93997419209651,-19.06424361856588,-28.691018797110456,-6.088229315820737,-4.159678381717158,-3.7413687793964923,-29.30320009501475,-29.8057596050908,-74.80372092574189,-10.782486312317573,-23.434158264589
2023-03-16,-10.022204743978502,-20.254415436575847,-19.62610034472384,-27.283099322644567,-6.458688764318776,-4.041398321788991,-3.7413687793964923,-27.96786006006373,-29.59142625727881,-74.02892706913823,-10.18110155341423,-22.670333027803167
2023-03-17,-10.022204743978502,-21.397011425262413,-20.275607789073646,-29.604258526168238,-3.9824494843711755,-3.4105462676731646,-3.7413687793964923,-29.062549585046217,-30.0602839688182,-75.8471075886464,-11.157927514662624,-22.487014970974585
2023-03-20,-10.022204743978502,-22.113040104533297,-20.45522598221632,-29.832571361550976,-3.524252928497418,-3.0064026753194195,-3.7413687793964923,-27.605981063685835,-29.953114739857167,-77.03512417863818,-10.33908868892105,-22.639780018331745
2023-03-21,-10.022204743978502,-22.219681931887216,-19.403369399950233,-29.299843347736786,-5.532537167925877,-4.376535185385022,-3.7413687793964923,-27.904532752317458,-30.609513491968276,-75.74380190529936,-11.054295795207182,-23.00641613198894
2023-03-22,-10.022204743978502,-22.821449849980713,-18.8918063160318,-29.832571361550976,-5.103580364215188,-3.9231107415111377,-3.7413687793964923,-28.347837387606866,-30.34159552967578,-77.57231471724346,-10.965958118300978,-22.578673999388876
2023-03-23,-10.022204743978502,-24.588664746687495,-18.246608776446116,-31.796037359648853,-2.812573783664374,-3.0064026753194195,-3.7413687793964923,-27.788730394991255,-31.011387880351972,-77.74793413263323,-11.047499343036248,-22.79254506568892
2023-03-24,-10.022204743978502,-23.613650432855305,-17.566925146752588,-30.867579484475982,-3.382891757936257,-3.104971898709463,-3.7413687793964923,-26.72480466272339,-31.27930584264447,-77.10743791068091,-10.018011003285565,-21.41765963947443
2023-03-27,-10.022204743978502,-23.179464189616162,-18.929170243978966,-29.969557901533307,-4.830610557442716,-2.858545080059527,-3.7413687793964923,-27.423231732380415,-31.627595616547644,-78.42975213532401,-10.894607521493105,-20.776046440574337
2023-03-28,-10.022204743978502,-22.006398277179386,-19.327209477131113,-30.030436292230334,-3.85571414018705,-1.931985355773591,-3.7413687793964923,-28.33879159229059,-30.328201931110687,-79.02892657653788,-11.710044070820114,-20.898258478460075
2023-03-29,-10.022204743978502,-21.450332338939337,-19.582987593092906,-29.665142723101845,-4.16280889174081,-1.9418370138677865,-3.7413687793964923,-28.693431256202253,-29.537846752908393,-79.43181824899095,-12.26556290339217,-20.50106935533146
2023-03-30,-10.022204743978502,-19.90402003076387,-20.03275938740423,-28.059358317956608,-3.4706288653119532,-1.85312696892167,-3.7413687793964923,-29.94372598600864,-28.760885173271166,-78.2644625493684,-12.778609985389311,-20.623281393217184
2023-03-31,-10.022204743978502,-21.54174211019001,-20.222443160989645,-28.523590158661328,-4.021447721179616,-1.872837805459815,-3.7413687793964923,-30.759761875841917,-29.725387793480117,-77.10743791068091,-13.483626463748067,-19.27894897647413
2023-04-03,-10.022204743978502,-21.732174774971103,-21.17371245877665,-29.642312600810882,-3.295148700265038,-2.572696588333323,-3.7413687793964923,-31.226590971379732,-29.631617273194244,-78.33677874441291,-14.000067721501608,-19.615032080659887
2023-04-04,-10.022204743978502,-21.46557020658634,-20.677956926989904,-28.196344857938925,-1.4282256313977393,-1.6658401802358003,-3.7413687793964923,-30.710913233028126,-30.85063914702052,-78.24380289050006,-13.98648291781781,-20.10388023220282
2023-04-05,-10.022204743978502,-22.067338124679825,-20.193699042570724,-28.15829078329627,-1.4915903283420517,-1.774268582069749,-3.7413687793964923,-30.21875321439188,-32.391158487509706,-77.73760430319906,-13.857366527885828,-20.226092270088547
2023-04-06,-10.022204743978502,-22.120659038356795,-21.17371245877665,-28.302889299454435,-1.930293716107112,-1.665840180235778,-3.7413687793964923,-30.403315749080196,-32.75284697008806,-79.22520811379778,-14.494434685851253,-21.35655362053156
2023-04-10,-10.022204743978502,-21.328458455482192,-20.644909755801734,-27.754943139525135,-3.0416780118967757,-2.375550621203526,-3.7413687793964923,-30.77242733739114,-31.198928920923695,-77.56198488780927,-14.134279425397256,-20.073327222731375
2023-04-11,-10.022204743978502,-18.106335210306867,-20.644909755801734,-24.786905310732486,-2.276380754173757,-1.8925561623475806,-3.7413687793964923,-31.387629045819644,-28.064300515354702,-77.41735496072202,-13.949106481206597,-20.439963336388555
2023-04-12,-10.022204743978502,-17.588358129640568,-21.543014425504747,-23.0898004164234,-1.9790385369698793,-0.9167080661917848,-3.7413687793964923,-32.22718939590149,-28.385803092127716,-78.37810052515138,-14.990486587091922,-19.82890314695991
2023-04-13,-10.022204743978502,-17.816879651995354,-22.31178769230978,-23.417045717145836,-0.49719479268216515,-0.4337060869861409,-3.7413687793964923,-33.12826385034619,-29.216344176135365,-79.26652989453623,-16.470169002410085,-20.287198289031405
2023-04-14,-10.022204743978502,-17.984461326849697,-21.80167037930587,-22.724501041058353,-2.4031220486534166,-0.5421344888200896,-3.7413687793964923,-32.71934267400469,-30.033491661577937,-78.16115686602137,-16.30368427652501,-18.576229758631168
2023-04-17,-10.022204743978502,-18.174893991630782,-22.43680919044365,-22.968032022556205,-2.7930806155556875,-0.44356526543006813,-3.7413687793964923,-33.680131510495556,-30.582721184728012,-76.49793364003288,-16.609476020269433,-17.323556370302416
2023-04-18,-10.022204743978502,-17.99207444912947,-22.474166266395954,-23.127848684829477,-2.1496454099896423,-0.15770925335417685,-3.7413687793964923,-33.50824117788931,-30.10046987462355,-75.5578526604754,-16.08114299638124,-17.20134433241669
2023-04-19,-10.022204743978502,-19.858318050910405,-21.41943184629056,-24.26179507933075,-2.744335794692898,-0.5027052953941347,-3.7413687793964923,-32.71934267400469,-31.011387880351982,-77.04545647107412,-15.325157177069325,-17.842957531316785
2023-04-20,-10.022204743978502,-19.408893940024296,-20.18220824719804,-23.995428169305335,-2.1398988259352936,-0.4435652654300237,-3.7413687793964923,-31.84902527174144,-31.788349459989206,-76.76652890933553,-13.79621465966342,-18.881759853345503
2023-04-24,-10.022204743978502,-19.843080183263428,-20.324462512393538,-24.094366440881622,-3.041678011896798,-0.7195620990619878,-3.7413687793964923,-31.816455016176747,-33.38245341495891,-76.518595761903,-14.24469949636552,-20.409410326917154
2023-04-25,-10.022204743978502,-20.414378177606707,-20.061496653828314,-23.607304477885926,-2.8028271996100362,0.0,-3.7413687793964923,-32.07700357962753,-34.96316377136354,-76.16735693112344,-14.491032409436711,-20.989917506874377
2023-04-26,-10.022204743978502,-21.107555866950868,-20.318713688709767,-24.77929914079323,-3.207411592889331,-0.5570755439056829,-3.7413687793964923,-31.61380089085589,-34.84260094383742,-78.1301649147171,-14.156361819459306,-21.600977696303037
2023-04-27,-10.022204743978502,-20.559108862534327,-19.983904664084374,-23.82039336091696,-3.002679775088335,0.0,-3.7413687793964923,-31.61199442800584,-34.614868887350255,-75.67148817325662,-14.32794185930807,-23.373052245646154
2023-04-28,-10.022204743978502,-19.492684777451462,-21.13491646390472,-23.272447200987656,-2.9929331910339974,-0.15534336127124293,-3.7413687793964923,-32.70848367530535,-32.55191233095126,-75.10330568334703,-15.46276305672144,-22.273143904674562
2023-05-02,-10.022204743978502,-21.404630359085864,-21.077435079061747,-25.03043629223033,-1.813304955977313,-0.2718434750455301,-3.7413687793964923,-34.277234887758844,-33.67716368449166,-77.12810003255103,-15.264005308846972,-22.028719828903085
2023-05-03,-10.022204743978502,-21.473189140409787,-20.32590143131321,-24.916279874538972,-1.1162575878168268,-0.9902880029771133,-3.7413687793964923,-33.18254536277635,-33.55660085696556,-77.58264454667763,-14.406088908286918,-21.142682554231527
2023-05-04,-10.022204743978502,-21.046616019450404,-20.590306208798104,-23.744291017868235,-0.17060687301971855,0.0,-3.7413687793964923,-32.83333182794765,-35.00334967716887,-78.2954545006727,-15.153577137220587,-20.989917506874367
2023-05-05,-10.022204743978502,-18.723340996047313,-21.104740278560996,-21.01217219439757,-1.6621972013617925,-0.6750211849973153,-3.7413687793964923,-32.81524023731544,-31.97589050056091,-77.92355354802302,-15.354036023302342,-20.164986251145677
2023-05-08,-10.022204743978502,-18.228214905307738,-21.629233076771815,-20.15981085603681,-1.2283671056239176,0.0,-3.7413687793964923,-33.72898689384256,-30.837240438345326,-76.88016688511851,-15.878974871434126,-19.76779712801704
2023-05-09,-10.022204743978502,-17.253200591475558,-20.889190224395982,-19.855401483841938,-0.7457981393187763,-0.6555483304439003,-3.7413687793964923,-32.940088389957765,-30.462158357201886,-76.58057966451157,-14.922538266698615,-21.50931866788873
2023-05-10,-10.022204743978502,-17.123701962651182,-21.476913231133533,-19.071536318590653,-1.0236412381184334,-0.6459132137828227,-3.7413687793964923,-33.311013181651596,-31.46684688321617,-77.36570335054938,-15.297979469043666,-21.112129544760094
2023-05-11,-10.022204743978502,-16.50670198845442,-22.02152348624017,-17.69405894259155,-1.7938117878686266,-0.3181353710354551,-3.7413687793964923,-33.301967386335484,-32.243803352743306,-77.37603317998357,-16.02847251722086,-22.700886037274604
2023-05-12,-10.022204743978502,-16.346739247423546,-22.745751934489444,-18.31050127563032,-1.8035583719229864,0.0,-3.7413687793964923,-33.68556438011174,-31.922305886080395,-76.59090949394574,-16.256117211986453,-22.6092270088603
2023-05-15,-10.022204743978502,-15.851613156683953,-23.3234162127791,-17.86148758104068,-1.6329514989032456,0.0,-3.7413687793964923,-34.449125220364905,-31.145344306443157,-75.46487680656254,-16.41411244815143,-27.58936755270388
2023-05-16,-10.022204743978502,-16.636194805735073,-23.658232089399334,-18.71384891940142,-3.07579700638253,0.0,-3.7413687793964923,-34.99194708519819,-31.801743058554276,-75.45454697712837,-16.96283482855251,-28.96425297891837
2023-05-17,-10.022204743978502,-15.562157598372428,-22.921067074862833,-17.853875604864832,-3.451135697203267,-0.16117348590191094,-3.7413687793964923,-34.49978706656197,-30.046885260143007,-75.56818248990957,-16.08793134789409,-31.37794072716157
2023-05-18,-10.022204743978502,-14.922300822705237,-23.136610277033,-17.68644696641569,-4.630757981964406,-0.07584549536272522,-3.7413687793964923,-35.07879885319286,-29.48426213842785,-73.22314126123031,-16.11681829478522,-32.1417659639474
2023-05-19,-10.022204743978502,-14.556673360790008,-23.175406271904954,-17.206996979595846,-3.5486253389288236,-0.12325073822057053,-3.7413687793964923,-35.200027339602045,-28.82786338631672,-73.29545499327305,-15.66323004346134,-32.23342499236169
2023-05-22,-10.022204743978502,-14.998478537852645,-23.326287198623564,-18.127848684829484,-3.738725380057273,-0.12325073822057053,-3.7413687793964923,-34.34418186173806,-28.425988997933015,-75.20661136669406,-15.112806524852985,-30.216926367247112
2023-05-23,-10.022204743978502,-15.158441278883528,-22.902381684891825,-17.732113017234198,-3.85571414018705,-0.17064874805386987,-3.7413687793964923,-35.238023724249715,-28.96182492251801,-76.02272700403617,-15.634343096570213,-29.422548120989855
2023-05-24,-10.022204743978502,-16.057283689112023,-23.104995172769616,-18.630134600176852,-4.323663230410668,-0.17064874805386987,-3.7413687793964923,-35.09327077759211,-30.87743145426075,-75.22727348856418,-15.547706557871265,-28.230980751603973
2023-05-25,-10.022204743978502,-15.067031507632866,-23.40101505451788,-16.689492918133343,-5.283939771584823,-0.40766049629399337,-3.7413687793964923,-35.585430796228344,-31.118557109312984,-76.16735693112344,-15.761758348294919,-27.803238619003924
2023-05-26,-10.022204743978502,-14.351002828361981,-22.448299985816366,-16.742765138891112,-5.235194950722033,-0.0568877380342947,-3.7413687793964923,-34.93404590653507,-30.38178143548109,-77.46900903389641,-14.460452424996484,-26.18392911701798
2023-05-30,-10.022204743978502,-15.950641861758118,-22.823350776228224,-17.640786721833777,-4.557640750670233,0.0,-3.7413687793964923,-35.34839995249275,-30.971201974546602,-75.96074556442936,-14.750958226849843,-27.406049495875283
2023-05-31,-10.022204743978502,-16.43814901867421,-22.386515548204123,-18.29527732327859,-4.2700451175207155,0.0,-3.7413687793964923,-34.84719413854042,-31.46684688321617,-76.59090949394574,-14.467248877167439,-27.406049495875283
2023-06-01,-10.022204743978502,-14.549054426966546,-22.372140062997236,-16.91780575351608,-3.582744333414567,-0.02807297316633761,-3.7413687793964923,-34.26275622282653,-31.131950707878087,-77.70661235189479,-14.127482973226346,-27.58936755270388
2023-06-02,-10.022204743978502,-13.01797417489433,-22.518711084951715,-14.916279874538985,-4.830610557442716,-0.02807297316633761,-3.7413687793964923,-34.62282875635422,-28.854655693557007,-77.56198488780929,-14.835893627341523,-25.572868927589308
2023-06-05,-10.022204743978502,-13.010361052614549,-23.767439183406648,-14.505326060828583,-4.557640750670233,0.0,-3.7413687793964923,-36.03234835721766,-28.680508251550364,-76.80785315307577,-15.79573250849159,-26.978307363275235
2023-06-06,-10.022204743978502,-11.486899734365819,-24.212901072953873,-14.132414709287689,-4.192054594199357,0.0,-3.7413687793964923,-36.05406635461599,-28.332218477647185,-76.63223127468422,-16.322372494830628,-25.695080965475057
2023-06-07,-10.022204743978502,-10.808959912668625,-24.540529206970664,-13.439875839436787,-5.303438889989032,-0.7185687579570832,-3.7413687793964923,-36.30918878898378,-28.519759518218912,-75.94008344255926,-16.553411365352623,-26.153376107546546
2023-06-09,-10.022204743978502,-9.666363923982068,-23.757380454958742,-12.184166857304902,-4.352914883164749,-0.3224376726629008,-3.7413687793964923,-35.86407769084451,-28.680508251550375,-76.7148772991629,-16.38183132550387,-26.153376107546546
2023-06-12,-10.022204743978502,-9.30834958434662,-24.691410133689253,-11.925411923455364,-4.689249386881544,-1.3357941380667926,-3.7413687793964923,-36.66564165627854,-28.184863342880828,-76.59090949394576,-17.13271373019396,-24.564619615032036
2023-06-13,-10.022204743978502,-9.894879634793153,-24.852349788855754,-12.336371543402347,-5.210822540290638,-1.2897296052689744,-3.7413687793964923,-36.92980988596243,-28.225049248686172,-75.82644792977806,-17.42661370780374,-25.14512679498926
2023-06-14,-10.022204743978502,-8.02864184455595,-24.67273159571308,-11.141546758204047,-4.689249386881523,-0.7922621705883204,-3.7413687793964923,-37.25912536730851,-26.72471581400232,-75.80578580790794,-17.419817255632775,-25.725633974946483
2023-06-15,-10.022204743978502,-7.944851007128784,-25.024787091389822,-10.456614058292434,-4.567387334724571,-0.48826015088978547,-3.7413687793964923,-37.77480310566028,-25.653049074942437,-73.83264553187836,-18.201279644763126,-23.83134738771764
2023-06-16,-10.022204743978502,-8.333335270514464,-24.38677044241272,-10.570770475983792,-4.53814163226599,-0.5066817469323692,-3.7413687793964923,-37.91774284893498,-25.38513111264994,-72.80991852784217,-18.299816050254858,-21.753742743660197
2023-06-20,-10.022204743978502,-7.594455601316829,-25.060712100417327,-9.436829887719123,-5.654399220082828,-0.48826015088978547,-3.7413687793964923,-39.10471027099511,-26.14869398361199,-74.25619809470065,-18.848538430655935,-21.32600061106015
2023-06-21,-10.022204743978502,-7.030770729253321,-24.889706864808037,-8.873665581674729,-5.761635445862745,0.0,-3.7413687793964923,-38.71206748190276,-27.166781218301473,-73.17148965105768,-18.637880815988694,-17.995722578673966
2023-06-22,-10.022204743978502,-8.043873900659214,-24.81355379398378,-10.175034808388517,-6.765783515872503,0.0,-3.7413687793964923,-39.184322706523545,-28.064300515354734,-73.0578516752747,-19.09656438127627,-19.278948976474155
2023-06-23,-10.022204743978502,-8.097194814336174,-24.908392254779056,-10.213083076794582,-6.453815472291602,0.0,-3.7413687793964923,-39.66200406022749,-28.18486334288085,-71.80785118267436,-18.970226517082832,-22.91475710357467
2023-06-26,-10.022204743978502,-8.729432656179902,-25.813677815090653,-10.867573678239395,-6.229590486381909,0.0,-3.7413687793964923,-39.667430189310636,-28.10449153127016,-71.1673574237238,-18.702434960625624,-22.120378857317412
2023-06-27,-10.022204743978502,-9.194088823169267,-25.299243745327736,-11.11110465973727,-6.702412868632701,-0.28403661382387924,-3.7413687793964923,-39.86103851931523,-28.39919669069282,-71.45661235189479,-19.01162088012647,-23.861900397189086
2023-06-28,-10.022204743978502,-9.826326665012996,-24.29911972422085,-11.872139702697604,-6.785276683981223,-0.46729167956991446,-3.7413687793964923,-39.48106119177209,-29.470863429752715,-73.1095057484491,-18.27772555553471,-27.894897647418237
2023-06-29,-10.022204743978502,-8.35618626044119,-23.93556658117655,-10.045660244582033,-6.936390388892255,0.0,-3.7413687793964923,-39.21869942493823,-29.323513405096445,-72.0971085738471,-17.598193747652502,-28.994805988389828
2023-06-30,-10.022204743978502,-8.89701433103427,-24.21577205879828,-9.444441863894992,-6.356325830566045,-0.9549527554898796,-3.7413687793964923,-39.32183632071523,-30.274617316630227,-71.09504122867929,-17.511557208953555,-32.233424992361726
2023-07-03,-10.022204743978502,-7.449724916389222,-25.016160429866694,-8.523590158661365,-6.327080128107465,-0.4324354566969335,-3.7413687793964923,-40.03654851815459,-29.028803135563695,-72.01446254936843,-18.72451735468764,-31.89734188817598
2023-07-05,-10.022204743978502,-7.594455601316852,-24.34653552862106,-8.592080525534229,-6.429443061860207,-1.3063035569749415,-3.7413687793964923,-39.36707203782894,-29.055595442803963,-72.5516530879737,-17.778271377879495,-32.997250229147554
2023-07-06,-10.022204743978502,-9.247409736846258,-24.42413437035985,-10.958899973639834,-6.960762799323639,-1.5225247219875948,-3.7413687793964923,-39.30555119293291,-29.80575960509083,-73.04752184584054,-17.654258402569333,-30.73632752826152
2023-07-07,-10.022204743978502,-8.127664738086438,-23.05614044944968,-9.071530512354077,-6.107728434224924,-0.9819786827843346,-3.7413687793964923,-38.17467848668565,-28.278633863166714,-73.32644694457736,-16.439589017969848,-31.50015276504735
2023-07-10,-10.022204743978502,-8.973186234637975,-23.347843574438986,-10.312021348370859,-6.166219839142051,-1.6666652920009684,-3.7413687793964923,-38.04801713066026,-29.149365963089814,-72.42768774575833,-17.251631391540457,-30.247479376718587
2023-07-11,-10.022204743978502,-9.247409736846258,-22.57332148395016,-10.905627752882063,-5.859125087588312,-1.2432407688449998,-3.7413687793964923,-37.277216957940865,-28.81446978775172,-71.78719152380602,-16.78785251228918,-30.12526733883285
2023-07-12,-10.022204743978502,-9.09506592963889,-23.25444403256335,-11.035002316688548,-4.645383808341408,-1.1711739205025329,-3.7413687793964923,-37.35864259685236,-28.225049248686197,-72.80991852784217,-17.581206667554184,-32.81393217231895
2023-07-13,-10.022204743978502,-7.762037276171241,-22.915318251178974,-9.657530746926025,-4.499149345753062,-2.3783778285121127,-3.7413687793964923,-36.99133073085863,-27.42130047191881,-73.7086777266612,-18.169006622773754,-27.467155514818174
2023-07-14,-10.022204743978502,-9.117916919565616,-22.696897211169485,-10.82952540983333,-4.455277816917469,-2.540540265607416,-3.7413687793964923,-37.166840729697824,-28.064300515354745,-73.77066162926977,-18.544447825118795,-26.703330278032354
2023-07-17,-10.022204743978502,-8.531381057575405,-23.021654359341824,-10.213083076794593,-4.830610557442682,-1.5405397157411516,-3.7413687793964923,-37.537772261924864,-27.80978126173742,-74.04958672800657,-18.658270172501577,-38.98564008554841
2023-07-18,-10.022204743978502,-8.97318623463802,-22.418123800472557,-9.5814284038773,-3.6217425702229633,-0.7837862581820509,-3.7413687793964923,-37.333304933220916,-27.782988954497156,-72.84091047914644,-18.357573742720824,-35.38038496791931
2023-07-19,-10.022204743978502,-9.102679051918683,-22.446867918891467,-10.54794035369284,-3.607116743845906,-0.7837862581820509,-3.7413687793964923,-37.4364418289979,-29.00201082832343,-73.1095057484491,-18.29811491204758,-33.333333333333314
2023-07-20,-10.022204743978502,-8.638022884929308,-22.916757170098624,-9.923891850714838,-4.055566715665304,-0.7747753246410749,-3.7413687793964923,-37.917742848934964,-28.47957361241361,-71.51859625450335,-18.62769018806132,-34.3415826458906
2023-07-21,-10.022204743978502,-6.954598825649693,-23.281742380067726,-7.815827336458803,-4.25054599911644,-0.09008871542444119,-3.7413687793964923,-37.94669343826652,-28.466174903738427,-71.97314076862995,-18.508772526714846,-35.59425603421935
2023-07-24,-10.022204743978502,-6.276659003952512,-23.649605427876153,-9.003040145481211,-4.445525282567575,-0.09008871542444119,-3.7413687793964923,-39.00699950430126,-26.604152986476215,-72.26239815980271,-18.840040840277716,-31.50015276504734
2023-07-25,-10.022204743978502,-5.6139512383585615,-24.915573145387594,-9.216129028512254,-4.3577881751918905,-0.8648640400654939,-3.7413687793964923,-39.596863549098316,-24.8760874953052,-71.79752135324017,-19.721732672448944,-31.866788878704533
2023-07-26,-10.022204743978502,-5.309263623943772,-24.632489829926552,-9.025870267772174,-4.026321013206735,-0.09008871542444119,-3.7413687793964923,-39.01785850300043,-24.420633602551078,-72.46900952649678,-19.324209076041875,-33.97494653223341
2023-07-27,-10.022204743978502,-7.274524307711427,-24.631057763001753,-10.350069616776935,-5.171824303482142,0.0,-3.7413687793964923,-38.949098325638154,-24.983256724266244,-74.25619809470065,-19.539962004672805,-34.83043079743353
2023-07-28,-10.022204743978502,-7.099329510577301,-25.21159302713588,-10.121762587630778,-4.440651990540401,0.0,-3.7413687793964923,-38.187343948234876,-25.853988824189333,-72.7479346252336,-19.448222051352037,-36.32752826153375
2023-07-31,-10.022204743978502,-5.712979943432694,-25.428575148225708,-9.299843347736836,-3.948330489885399,0.0,-3.7413687793964923,-39.31641019163209,-23.791027157680233,-72.78925640597205,-19.75910910906016,-38.405132905591174
2023-08-01,-10.022204743978502,-6.230957024099015,-25.346666401722807,-9.573816427701487,-5.4009285317145554,0.0,-3.7413687793964923,-39.92979195614449,-24.233087451869274,-73.55372043314152,-19.735325576790864,-39.2606171707913
2023-08-02,-10.022204743978502,-6.581352429910991,-24.478737917363503,-9.589034573816601,-5.561782870384424,0.0,-3.7413687793964923,-39.28564639891747,-25.237775977883558,-74.41115785122207,-18.59201488965738,-40.329972502291454
2023-08-03,-10.022204743978502,-6.741315170941853,-24.51610184531067,-9.619476672283389,-5.825006093102559,-0.1602424127496116,-3.7413687793964923,-39.28022026983449,-24.460819508356423,-73.50206635996712,-18.279426693741996,-41.24656278643444
2023-08-04,-10.022204743978502,-7.556366743743181,-23.020215440422163,-11.598166622732975,-5.454546644604507,-0.1602424127496116,-3.7413687793964923,-37.630050159002515,-24.474213106921493,-73.37810101775175,-16.47866659278835,-40.81882065383438
2023-08-07,-10.022204743978502,-7.716329484774043,-23.00871779305459,-11.61339057508467,-5.751888861808374,-0.10683053914883889,-3.7413687793964923,-37.69519067013169,-24.66175414749322,-71.84917542641458,-17.0053065791274,-41.06324472960584
2023-08-08,-10.022204743978502,-7.906762149555124,-22.6552233784582,-11.818867481939854,-6.210091367977655,0.0,-3.7413687793964923,-37.79289469629268,-25.82719651694906,-71.3119848878093,-16.774259607947272,-40.63550259700578
2023-08-09,-10.022204743978502,-8.417120296397961,-22.95699208389025,-12.99847412102303,-6.634168929365636,-0.15960303876934034,-3.7413687793964923,-38.11677730802256,-27.139988911061184,-69.4318180026908,-16.781056060118228,-41.216009776963006
2023-08-10,-10.022204743978502,-8.668492808679495,-22.709833777456712,-12.663616844124748,-6.682913750228425,0.0,-3.7413687793964923,-38.265149920913444,-27.260551738587303,-71.4566123518948,-16.728393681615938,-40.9410326917201
2023-08-11,-10.022204743978502,-8.660873874856001,-23.020215440422163,-12.52663030414245,-6.756030981522587,0.0,-3.7413687793964923,-38.836915634545086,-27.367715857438245,-71.38429861985205,-16.901674859671978,-42.010388023220266
2023-08-14,-10.022204743978502,-9.719684837659115,-23.063321340058252,-13.165902759472148,-6.8681464496252005,-0.9789228470997724,-3.7413687793964923,-38.663212098555945,-27.729404340016607,-71.12603317998358,-16.57040654610912,-41.857622975863094
2023-08-15,-10.022204743978502,-10.306214888105636,-22.255752078381242,-13.477924107842865,-7.262978308554624,-0.3880434286750556,-3.7413687793964923,-38.313998563727246,-28.318824879082115,-72.53099342910537,-15.702299517621688,-43.29361442102044
2023-08-16,-10.022204743978502,-10.534736410460422,-21.906567568548972,-14.178080760106182,-7.574946352135548,-0.2910325715062778,-3.7413687793964923,-38.067921924675744,-28.158071035640553,-73.22314126123032,-15.343845395374967,-42.621448212648914
2023-08-17,-10.022204743978502,-11.029856689656302,-22.116361947035344,-15.12937456380662,-8.159884202488954,-1.225857127727703,-3.7413687793964923,-38.299526639327986,-28.359010784887452,-72.92355404062339,-15.280992388945336,-42.19370608004886
2023-08-18,-10.022204743978502,-10.664229227741073,-22.116361947035344,-14.474883962361796,-8.062394560763398,-0.7849011327621946,-3.7413687793964923,-38.209055205100384,-28.399196690692786,-73.64669382405262,-15.474654822856115,-41.39932783379161
2023-08-21,-10.022204743978502,-11.486899734365885,-22.668159944745415,-15.182646784564358,-7.711428280374033,-1.4463351252104517,-3.7413687793964923,-38.14392143450426,-29.22973777470044,-72.80991852784217,-15.620758292886439,-42.65200122212035
2023-08-22,-10.022204743978502,-10.13863321325128,-22.117800865955004,-13.569250403243272,-7.5603205257585016,-2.416436968443647,-3.7413687793964923,-38.39180453640581,-28.265240264601587,-73.55372043314155,-15.420291306146572,-42.98808432630612
2023-08-23,-10.022204743978502,-8.622790828826032,-23.11505390121743,-12.328765373463069,-6.483061174750104,-2.1518674085370337,-3.7413687793964923,-38.70302168658666,-28.104491531270128,-74.20454648452804,-16.127008922712605,-41.796516956920236
2023-08-24,-10.022204743978502,-9.506395371407573,-24.25025814890609,-13.774727310098466,-6.497687001127139,-1.4110578381986816,-3.7413687793964923,-39.336308245114516,-28.89484159936234,-73.97727299596384,-17.520046698673685,-42.28536510846317
2023-08-25,-10.022204743978502,-10.344303745679328,-24.310610519593535,-14.634700624635045,-6.843774039193806,-1.7726449837285663,-3.7413687793964923,-39.44849093620761,-28.80107107907649,-73.76033179983561,-17.091943117826368,-42.468683165291765
2023-08-28,-10.022204743978502,-9.323581640449952,-24.58076412076221,-12.907147825622589,-6.512306877208651,-1.869655840897333,-3.7413687793964923,-39.882749776180745,-28.064300515354702,-73.35743889588164,-17.260128981918697,-41.52153987167734
2023-08-29,-10.022204743978502,-8.363799382721005,-24.27325344364123,-11.986296120388973,-5.605654399219995,-2.10776911765872,-3.7413687793964923,-39.79951767441919,-26.617551695151352,-73.59504221388,-17.222752545307507,-42.62144821264893
2023-08-30,-10.022204743978502,-9.072209128168396,-24.120933598002956,-13.698624967049733,-5.225442416372072,-1.6227148318148865,-3.7413687793964923,-39.859225315932164,-26.617551695151352,-71.11570335054942,-17.58460894396876,-43.56859150626335
2023-08-31,-10.022204743978502,-10.382386791709319,-23.653915332640274,-14.62708864845922,-5.522790583871451,-2.4605352593220275,-3.7413687793964923,-39.45934993490678,-27.086404296580668,-71.40496074172218,-16.95433723817429,-43.660250534677644
2023-09-01,-10.022204743978502,-8.912246387137557,-22.925376979626876,-14.200910882397155,-5.444794110254603,-2.7162905438165463,-3.7413687793964923,-38.40446999795502,-25.505693940176034,-71.43595023002469,-15.843299573030233,-43.20195539260615
2023-09-05,-10.022204743978502,-9.201707756992782,-23.534649510185048,-15.753423066784622,-6.107728434224868,-4.541848093835554,-3.7413687793964923,-39.05223522141515,-25.733425996663193,-73.32644694457737,-16.142294864603702,-42.43813015582033
2023-09-06,-10.022204743978502,-10.268126030531944,-23.38951740715023,-16.75037711506697,-6.502560293154325,-3.5188269558574348,-3.7413687793964923,-39.03414363078277,-26.711322215437217,-74.07024884987672,-15.624152468642883,-42.37702413687745
2023-09-08,-10.022204743978502,-10.900363872375651,-23.54470823863296,-17.070010439613537,-6.487934466777256,-3.4130018232765957,-3.7413687793964923,-38.84415496701129,-27.83657356897762,-73.08884362657902,-15.464464194928784,-42.74366025053465
2023-09-11,-10.022204743978502,-9.506395371407583,-23.82060381149056,-15.966511949815665,-6.249083654490528,-3.1307902556368616,-3.7413687793964923,-38.75187706993347,-26.5907593879111,-73.05785167527472,-15.347247671789566,-42.407577146348906
2023-09-12,-10.022204743978502,-8.782753569856915,-23.870897453730088,-14.322673470027791,-6.834021504843923,-2.910312258154102,-3.7413687793964923,-39.13184765694358,-26.32284142561859,-71.66322371858888,-16.25781835019375,-43.385273449434756
2023-09-13,-10.022204743978502,-8.660873874856023,-23.6941502464319,-13.318107445569593,-6.941263680919363,-2.901491254287536,-3.7413687793964923,-39.14994598810899,-26.88546454733376,-72.31404976997537,-15.965619510791262,-43.29361442102046
2023-09-14,-10.022204743978502,-7.716329484774064,-24.244509325222296,-13.470317937903598,-6.897392152083748,-2.9896811075897256,-3.7413687793964923,-39.640292803362144,-25.14400545759767,-72.02479484180438,-16.495653672886736,-43.47693247784905
2023-09-15,-10.022204743978502,-8.150515728013207,-25.546402051761252,-13.470317937903598,-6.22959048638182,-3.007316386868364,-3.7413687793964923,-40.26091390034079,-24.83590158949984,-72.68595072262505,-17.29750541852997,-41.796516956920236
2023-09-18,-10.022204743978502,-8.508530067648646,-25.776320739138292,-13.995428169305358,-5.849378503533897,-3.289527954508109,-3.7413687793964923,-40.43280423294704,-25.666442673507493,-71.8181834751103,-17.31788667438472,-42.37702413687746
2023-09-19,-10.022204743978502,-8.97318623463802,-25.49035958583792,-15.167422832212695,-5.825006093102525,-3.4394581064218333,-3.7413687793964923,-40.49794474407621,-25.746819595228278,-70.57851281194412,-17.543830230943026,-41.796516956920236
2023-09-20,-10.022204743978502,-8.31047846904407,-25.27194539782328,-13.995428169305368,-5.162077719427782,-3.263071671362927,-3.7413687793964923,-40.414712642314655,-24.353650279395367,-71.7665294019359,-17.338276030897593,-41.06324472960584
2023-09-21,-10.022204743978502,-10.222424050678491,-25.31649021637903,-16.40030169205362,-6.44894218026435,-3.518826955857446,-3.7413687793964923,-40.481659616293854,-25.25117468655873,-73.03719201640637,-17.117427788302976,-41.91872899480597
2023-09-22,-10.022204743978502,-10.176722070825006,-24.467240269995894,-16.719935016600186,-6.146720720737797,-3.430637102555245,-3.7413687793964923,-39.52811011226905,-25.53248624741631,-72.75826445466778,-16.164385359323873,-41.6743049190345
2023-09-25,-10.022204743978502,-10.207191994575249,-24.909831173698638,-16.78843118970964,-6.575677524448508,-4.0479728041251555,-3.7413687793964923,-39.832087929983665,-25.974551651715437,-72.73760479579944,-16.181372439422216,-41.185456767491566
2023-09-26,-10.022204743978502,-11.631624607749803,-24.46293036523176,-17.94520190026526,-7.365341242307388,-5.47667265005699,-3.7413687793964923,-39.59143742001532,-26.65773760095672,-72.56198538040965,-15.596974760617188,-41.36877482432016
2023-09-27,-10.022204743978502,-11.486899734365908,-24.274685510565995,-18.356161520212233,-8.769194463273756,-6.305672073697599,-3.7413687793964923,-39.448490936207584,-26.992633776294817,-71.44628252246062,-15.292884155080044,-40.9410326917201
2023-09-28,-10.022204743978502,-10.329065878032395,-23.88239510109762,-16.499234157393282,-9.31513407681872,-5.7677052215633235,-3.7413687793964923,-38.97442924873658,-26.885464547333793,-69.57644792977807,-14.341534763650078,-40.29941949282001
2023-09-29,-10.022204743978502,-9.696828036188698,-23.55764480492015,-16.407913668229458,-9.914697753549163,-4.585939656259452,-3.7413687793964923,-39.02509783546664,-25.947759344475173,-69.74173751573367,-14.501223037364197,-41.735410937977356
2023-10-02,-10.022204743978502,-10.915601740022641,-23.623739147296508,-17.245051054238523,-10.796977821106434,-5.247373648707699,-3.7413687793964923,-39.00157337521808,-26.764906829917756,-70.66115883642281,-14.331344135722723,-40.268866483348575
2023-10-03,-10.022204743978502,-12.22577359201984,-23.750192712355165,-18.652964722467825,-11.06020104382457,-6.482051780302001,-3.7413687793964923,-38.88215135165892,-27.15338250962628,-69.5351261490396,-14.013660625843649,-40.42163153070574
2023-10-04,-10.022204743978502,-11.982020013561801,-22.475605185315484,-17.161336735013943,-11.357543261028436,-6.191019208795656,-3.7413687793964923,-37.298928214806345,-27.582049205250236,-69.4008285143883,-12.233289881402875,-40.604949587534335
2023-10-05,-10.022204743978502,-12.362885343123986,-22.21120040783059,-16.6514446497273,-11.450159610726839,-5.891172361877284,-3.7413687793964923,-37.39120611188398,-28.1312787284003,-67.29339060370737,-12.432047629277342,-39.19951115184841
2023-10-06,-10.022204743978502,-11.639243541573318,-22.431060366759723,-15.753423066784622,-10.787231237052087,-5.73242793455152,-3.7413687793964923,-37.05103837237158,-27.501677393639557,-65.5165294019359,-12.255372275464893,-39.871677360219934
2023-10-09,-10.022204743978502,-10.748020065168296,-21.98990838197663,-16.38507773970189,-9.846453814282153,-5.811796783987155,-3.7413687793964923,-37.58300797903853,-28.05090691678962,-65.12396879041788,-12.583246413271343,-40.329972502291426
2023-10-10,-10.022204743978502,-9.795856741262842,-22.127859594402853,-15.449007888353172,-9.285888374360152,-4.400738945788419,-3.7413687793964923,-37.44006149523099,-27.367715857438245,-65.0619848878093,-12.761622905291059,-40.66605560647718
2023-10-11,-10.022204743978502,-9.36928362030347,-23.010156711974194,-14.832565555314403,-8.710697108061094,-5.150362791538887,-3.7413687793964923,-38.50036756126573,-27.354322258873175,-65.11363649798193,-14.192037117863354,-40.36052551176286
2023-10-13,-10.022204743978502,-10.534736410460466,-23.678349546295017,-16.00456021822171,-6.049231079012241,-4.982804088801052,-3.7413687793964923,-39.04680909233197,-27.01942608353508,-66.57024835727637,-14.278681757220435,-39.71891231286276
2023-10-16,-10.022204743978502,-9.811088797366086,-24.070639955763372,-15.36529356912859,-6.356325830566001,-4.9739830849344635,-3.7413687793964923,-38.94729186278809,-26.979240177729746,-67.88223275248528,-14.239604182401933,-40.1161014359914
2023-10-17,-10.022204743978502,-10.329065878032395,-23.646734442031626,-16.9482478519829,-6.278335307244632,-5.635417077382721,-3.7413687793964923,-39.04137622271596,-27.09980300525586,-68.19214980252639,-14.419681812628948,-40.23831347387713
2023-10-18,-10.022204743978502,-11.791587348780697,-23.541837252788433,-17.427697838802736,-4.689249386881478,-5.009260371946256,-3.7413687793964923,-39.14089345225984,-29.44407623262254,-68.42975312052472,-14.423084089043492,-39.87167736021995
2023-10-19,-10.022204743978502,-11.745885368927222,-23.53033960542087,-17.260269200353594,-4.050693423638119,-5.723606930684932,-3.7413687793964923,-38.91110194099048,-29.537846752908415,-69.4524801245609,-14.105400579164417,-38.28292086770544
2023-10-20,-10.022204743978502,-12.515234961875077,-23.17971617666894,-17.260269200353594,-3.3633926395319924,-5.811796783987133,-3.7413687793964923,-38.84958109609424,-30.944409667306395,-70.05165456577475,-13.989877093574353,-39.44393522761989
2023-10-23,-10.022204743978502,-12.667578769082455,-23.319106308014824,-17.57990252490017,-3.665608148763033,-5.935263924301093,-3.7413687793964923,-39.256695809585864,-30.54253527892271,-69.77272700403618,-14.526707707840792,-40.08554842651997
2023-10-24,-10.022204743978502,-11.989638947385261,-23.17684519082447,-17.085234391965198,-3.7289787960028575,-5.794161504708484,-3.7413687793964923,-39.45030413959063,-30.381781435481138,-69.30785266047542,-14.849486531683553,-40.8493736633058
2023-10-25,-10.022204743978502,-12.705667626656158,-24.053393484712004,-17.351595495754,-3.285402116210634,-5.8294387917202535,-3.7413687793964923,-39.74161649575604,-31.413262268735686,-68.90495975652145,-15.211334829686674,-41.33822181484872
2023-10-26,-10.022204743978502,-11.067945547230018,-24.109435950635326,-15.509892085286758,-3.1342943615951024,-5.802982508575038,-3.7413687793964923,-39.80313734065207,-30.475551955767,-66.79752184584054,-15.14848182325702,-41.42988084326302
2023-10-27,-10.022204743978502,-12.28671343952027,-24.36953082335609,-17.617956599542815,-3.0660504223281038,-5.229738369428993,-3.7413687793964923,-40.02026339037222,-29.537846752908404,-67.3140502625757,-15.30817009697113,-41.246562786434424
2023-10-30,-10.022204743978502,-12.926570215187471,-24.717276414268696,-18.462705961727732,-2.695590973830042,-6.279215790552318,-3.7413687793964923,-40.12882641523221,-29.926322432616914,-65.3719019378504,-15.87336921600836,-41.55209288114875
2023-10-31,-10.022204743978502,-12.400974200697679,-23.069070163741966,-18.706236943225584,-3.2317840033206813,-5.670694364394491,-3.7413687793964923,-38.771781863948895,-29.738781392045187,-63.068182489909596,-14.275279480805903,-41.49098686220588
2023-11-01,-10.022204743978502,-10.930833796125905,-23.428313402022148,-17.770161285640274,-3.543746096606082,-5.212096361695839,-3.7413687793964923,-39.8067570068852,-28.8010710790765,-63.904960249121814,-14.479140643302191,-41.94928200427738
2023-11-03,-10.022204743978502,-8.531381057575405,-24.434193098807665,-14.444441863894975,-2.9246892517669543,-4.312549092486195,-3.7413687793964923,-40.44185676879613,-27.54186329944488,-63.68801658999179,-15.858593615579487,-41.67430491903449
2023-11-06,-10.022204743978502,-8.287627479117365,-24.54340019281499,-14.033482243947992,-3.4072641683676186,-4.903428510910912,-3.7413687793964923,-40.762119714293085,-26.65773760095671,-66.28099342910537,-16.770865432190963,-41.67430491903449
2023-11-07,-10.022204743978502,-7.66300857109713,-24.74745259961244,-12.214608955771688,-4.1286839469595,-4.815238657608678,-3.7413687793964923,-41.08056945640715,-27.006027374859887,-67.56198341000822,-17.027388973189527,-42.743660250534646
2023-11-08,-10.022204743978502,-7.746799408524307,-25.161299384896264,-11.453573912811343,-4.874482086278298,-4.312549092486173,-3.7413687793964923,-41.37550147880567,-26.322841425618606,-67.91322470378957,-17.24144076361319,-41.82706996639165
2023-11-09,-10.022204743978502,-7.914381083378652,-24.59369383505452,-11.940635875807025,-4.255425241439159,-4.312549092486173,-3.7413687793964923,-41.11856584105481,-26.34963373285887,-68.58471287704617,-16.5992853923422,-42.804766269477504
2023-11-10,-10.022204743978502,-6.611822353661234,-24.32354708588068,-11.126328612088932,-5.7957603906440225,-4.233180243050549,-3.7413687793964923,-40.9937176884125,-25.010049031506476,-68.6673564385231,-16.181372439422237,-43.29361442102043
2023-11-13,-10.022204743978502,-6.733696237118403,-24.65260728682228,-12.214608955771677,-5.166951011455012,-4.541848093835521,-3.7413687793964923,-41.56187047634404,-25.492300341610953,-66.97314126123031,-16.869750165982257,-41.67430491903449
2023-11-14,-10.022204743978502,-4.600853878496414,-24.59657167289382,-10.974118119754895,-4.372408051273435,-3.880414101387264,-3.7413687793964923,-41.4822580408156,-23.590087408433313,-67.91322470378957,-16.651947770844465,-41.55209288114876
2023-11-16,-10.022204743978502,-3.4963409358398367,-24.264626782118036,-9.4368298877191,-3.295148700265038,-3.457093385700405,-3.7413687793964923,-41.85137636965956,-22.438043747652635,-68.36776921791616,-17.421518393840163,-41.979835013748826
2023-11-17,-10.022204743978502,-3.366848118559196,-24.107997031715666,-9.71841494385961,-3.407264168367652,-2.8926702504209256,-3.7413687793964923,-41.636056782789474,-22.17013089547023,-69.42148817325662,-17.399435999778124,-42.92697830736324
2023-11-20,-10.022204743978502,-2.4908625098011394,-24.382460537648466,-9.117196563172513,-3.597370159791602,-3.2895279545080647,-3.7413687793964923,-41.68671862898634,-21.902212933177722,-70.22727398116456,-18.130317879545565,-42.62144821264891
2023-11-21,-10.022204743978502,-2.696527230685497,-23.735824079143132,-9.436829887719089,-2.5444772689190764,-3.624658816892745,-3.7413687793964923,-40.81640122672309,-21.138650062215667,-70.59917493381423,-17.576111353590562,-42.560342193706035
2023-11-22,-10.022204743978502,-2.460386774507184,-23.245817371040168,-8.866053605498836,-2.929562543794173,-4.409559949654973,-3.7413687793964923,-40.16139667079687,-21.165442369455935,-70.07231422464311,-16.76916429398365,-42.7131072410632
2023-11-24,-10.022204743978502,-2.8184011141426435,-23.186903919272382,-8.447482009376028,-2.4031220486534166,-3.2983489583746417,-3.7413687793964923,-40.7150707937963,-22.759546324425628,-70.50619907990136,-16.71480077727412,-43.38527344943473
2023-11-27,-10.022204743978502,-2.612736393258297,-23.372270936098815,-8.02891621948979,-1.9351670081342975,-3.166060814194094,-3.7413687793964923,-41.040766608909266,-22.464836054892867,-71.1363654724195,-16.741986585957967,-44.332416743049144
2023-11-28,-10.022204743978502,-2.026206342811776,-22.925376979626787,-6.986296120388946,-0.5751912662990577,-2.760382106240322,-3.7413687793964923,-40.40566684699852,-22.438043747652614,-72.0454545006727,-16.833718438620604,-44.82126489459207
2023-11-29,-10.022204743978502,-2.308042967299795,-23.126551548584928,-7.0395683411467065,-0.21447840185536693,-2.6898342606712977,-3.7413687793964923,-40.09625615966772,-21.915606531742803,-71.03305978907248,-17.27031960984616,-45.035135960892106
2023-11-30,-10.022204743978502,-1.333028653467605,-22.938306693919163,-5.479449986819951,-0.6531817896204273,-2.5222688294789797,-3.7413687793964923,-39.64933859867822,-22.49162836213313,-71.05371944794082,-16.687623069248424,-43.56859150626333
2023-12-01,-10.022204743978502,-0.8379083742717452,-23.13230037226871,-5.555552329868673,0.0,-2.292969828129643,-3.7413687793964923,-39.806757006885206,-22.638983496899513,-70.92975410572544,-16.364844245405664,-43.23250840207757
2023-12-04,-10.022204743978502,-1.8052979427367277,-23.287491203751433,-5.365293569128582,-2.2646076491580347,-2.6457359697929506,-3.7413687793964923,-39.430399345575196,-23.616879715673555,-72.16942230588985,-16.72059274783698,-43.75190956309193
2023-12-05,-10.022204743978502,-1.7367449729565276,-23.076257906345397,-4.870619629957051,-2.5350072428778403,-2.6016376789146145,-3.7413687793964923,-39.263935142052105,-23.817819464920454,-72.00413271993425,-16.02507834146456,-42.743660250534646
2023-12-06,-10.022204743978502,-2.7117592867887397,-23.743011821746563,-6.149158734379889,-1.9555770159343289,-2.548725112624195,-3.7413687793964923,-39.41773388402597,-24.045546411297515,-73.46074457922866,-16.286697196426815,-43.20195539260614
2023-12-07,-10.022204743978502,-2.4451489068602283,-23.975801494968074,-5.936069851348858,-1.9845473484276899,-2.689834260671309,-3.7413687793964923,-39.779612880403704,-24.434027201116127,-73.29545499327305,-16.736891271994292,-42.77421326000608
2023-12-08,-10.022204743978502,-1.6453410132496238,-23.879524115253126,-4.322673470027749,-3.5103791005251073,-2.7603821062403444,-3.7413687793964923,-38.38275874108966,-23.616879715673555,-73.33677677401151,-16.58569248800028,-43.0797433547204
2023-12-11,-10.022204743978502,-1.6758051254561313,-24.307739533748986,-4.581428403877297,-4.490584258812169,-2.945582816711334,-3.7413687793964923,-38.92376740253971,-23.509715596822623,-74.8863644872188,-16.871329794317592,-43.7213565536205
2023-12-12,-10.022204743978502,-2.0871461903122612,-23.720016527011435,-5.068490366872991,-4.500239071553591,-2.328247115141413,-3.7413687793964923,-38.87310555634285,-23.415945076536747,-76.1260326873832,-16.133805374883636,-43.47693247784904
2023-12-13,-10.022204743978502,0.0,-23.799054287669875,-2.2907112988204026,-4.282952736449774,-1.8784701163093165,-3.7413687793964923,-38.145727897354085,-22.210316801275553,-75.87809953995068,-15.66152890525413,-44.179651695692
2023-12-14,-10.022204743978502,0.0,-23.067638096817145,-0.7610350429604562,-1.9700651293155458,-0.7849011327621613,-3.7413687793964923,-37.68251846804941,-21.433355221638315,-75.28925739117275,-16.444692432591758,-44.179651695692
2023-12-15,-10.022204743978502,-0.5032660890646579,-22.44973890473585,-0.8371315797725765,-2.4094652058938903,0.0,-3.7413687793964923,-37.487103675194774,-21.245814181066613,-74.26653038713657,-16.509246577228687,-40.97158570119155
2023-12-18,-10.022204743978502,0.0,-22.87652225630692,-0.3044093721949803,-2.1583752376569065,0.0,-3.7413687793964923,-37.362255522552445,-20.897524407163438,-74.14256258191942,-16.423330997103303,-41.70485792850593
2023-12-19,-10.022204743978502,0.0,-23.125112629665267,-0.15220468609755677,-1.5741176043426952,-0.6503760517742152,-3.7413687793964923,-37.97021789851489,-20.388480789818686,-74.25619809470064,-16.826930087107772,-42.22425908952029
2023-12-20,-10.022204743978502,-0.9317928116825303,-23.32916503646272,-1.3698537873501948,-1.762433606953151,0.0,-3.7413687793964923,-38.80073245328046,-20.535835924585065,-74.72107490126318,-17.326384264762986,-42.590895203177496
2023-12-21,-10.022204743978502,0.0,-22.813292047780152,-0.7990775051299415,-1.5403198654786343,0.0,-3.7413687793964923,-38.04259100157725,-18.419289643595437,-73.42975262792437,-16.509246577228698,-42.254812098991735
2023-12-22,-10.022204743978502,0.0,-22.811853128860506,-1.3322676295501878e-13,-0.6711686307942721,0.0,-3.7413687793964923,-37.87070066897101,-18.178163988543204,-73.03719201640635,-17.066458447349888,-42.19370608004886
2023-12-26,-10.022204743978502,0.0,-22.92824796547126,0.0,-0.618061266447334,-0.008711144623796407,-3.7413687793964923,-38.212674871333476,-17.642333174068312,-73.65702611648854,-17.2712754875055,-41.307668805377304
2023-12-27,-10.022204743978502,0.0,-22.92824796547126,0.0,0.0,0.0,-3.7413687793964923,-38.86767942725966,-17.267251092924894,-72.94421616249348,-18.22676431523983,-41.76596394744879
2023-12-28,-10.022204743978502,-0.007316087249309433,-23.015905535657954,0.0,-0.3842643919140354,0.0,-3.7413687793964923,-38.263336717530336,-17.07970494224307,-73.5847123844458,-18.012712524816155,-42.04094103269169
2024-01-02,-10.022204743978502,-1.0540973830411637,-23.126551548584928,-1.347812063366416,-0.8405783573119496,-0.05214458531794808,-3.7413687793964923,-37.744039312945645,-18.017415255211755,-73.47107440866282,-17.565920725663233,-43.324167430491876
2024-01-03,-10.022204743978502,-0.9808918321526416,-22.75006869124825,-1.909399470975326,-2.2911740914236867,0.0,-3.7413687793964923,-37.33149847037086,-17.749497292919248,-72.43801757519248,-16.37503487333304,-43.14084937366328
2024-01-04,-10.022204743978502,-2.2253080100655853,-22.95124326020639,-3.00262798501838,-1.9021017038832966,-0.415616708301636,-3.7413687793964923,-37.762137644111036,-18.888147355134834,-70.8574379106809,-16.43109952824987,-42.98808432630611
2024-01-05,-10.022204743978502,-1.5738188177135903,-22.87077343262314,-1.5200290025527918,-1.897299571666211,-0.3983020980009244,-3.7413687793964923,-38.7989192498974,-19.43737687828491,-70.11363846838333,-16.83202540107147,-43.69080354414906
2024-01-08,-10.022204743978502,-1.3029783847039789,-23.553328048161127,-1.0183456228185173,-2.6562240910601553,-1.2035669022074202,-3.7413687793964923,-39.21146009247218,-18.847956339219397,-69.21487680656253,-17.425471515007562,-44.393522761992024
2024-01-09,-10.022204743978502,-2.049632559291281,-23.372270936098804,-2.261328493785608,-2.665828355494282,-1.679794655724287,-3.7413687793964923,-38.92558060592278,-20.803753886877562,-67.04545499327304,-17.283912514188103,-43.87412160097766
2024-01-10,-10.022204743978502,-2.466872924479091,-23.03314515471444,-2.8828199292691536,-2.8915872037893475,-2.1906648420594754,-3.7413687793964923,-38.53836394591341,-22.022775760703816,-68.60537253591448,-16.670635989150085,-43.84356859150622
2024-01-11,-10.022204743978502,-2.679162320296502,-22.95555316497051,-3.0325742861931904,-3.247027075582387,-2.1906648420594754,-3.7413687793964923,-39.28202673268449,-22.17013089547021,-68.00620055770241,-16.903375997879355,-44.05743965780625
2024-01-12,-10.022204743978502,-2.4595568372297816,-23.136610277032833,-2.5084283241965544,-1.6907609790580147,-2.1993254502640336,-3.7413687793964923,-39.36887850067898,-22.371065534607006,-65.77479484180434,-17.27202074805344,-45.371219065077874
2024-01-16,-10.022204743978502,-3.68201358379594,-23.510222148525038,-2.9576913949686645,-2.6850427477718486,-2.1387144050488804,-3.7413687793964923,-39.6583843939945,-23.911589985206295,-70.04132227333879,-17.399435999778156,-45.79896119767793
2024-01-17,-10.022204743978502,-4.435983845632552,-24.251697067825674,-3.2572115343417862,-3.8090172668022393,-2.2599364954792533,-3.7413687793964923,-39.495539856704355,-24.715338761973683,-70.35124178638168,-16.334264260965416,-45.9517262450351
2024-01-18,-10.022204743978502,-5.146035244775604,-23.03027416886999,-3.2946529799540603,-3.0404884829741796,-2.329201542790549,-3.7413687793964923,-39.73257070043977,-25.023442630071525,-72.13843035458555,-16.17967130121498,-45.73785517873507
2024-01-19,-10.022204743978502,-4.875194811766015,-23.084877715873652,-3.2497163899043002,-2.6610262232772186,-3.1084911284917527,-3.7413687793964923,-39.83208792998365,-25.010049031506433,-73.97727299596382,-16.313883005110664,-45.55453712190648
2024-01-22,-10.022204743978502,-5.71700279898979,-23.208460295087853,-4.492699260871403,-2.9828453061415017,-3.2816702620411697,-3.7413687793964923,-40.08721036435144,-25.66644267350745,-75.01033229243593,-16.678412620954763,-45.52398411243506
2024-01-23,-10.022204743978502,-4.362789464342898,-22.0646293858761,-3.5342576659275093,-2.79552110581085,-3.143126955201647,-3.7413687793964923,-39.07575968166353,-24.608174643122737,-74.69008294995889,-15.25720885667613,-45.43232508402075
2024-01-24,-10.022204743978502,-4.7727137422813755,-22.844907152043547,-3.5941616938021337,-3.266241467859954,-3.0219048647712854,-3.7413687793964923,-39.59867675248135,-23.75084125187482,-72.7169426739293,-15.870485381714127,-44.7296058661778
2024-01-25,-10.022204743978502,-4.450627189730039,-22.885142065835172,-4.028457326749358,-3.122142320892174,-1.9828564879086463,-3.7413687793964923,-39.51725111356986,-24.085737427212926,-73.44008245735853,-16.205155971691543,-44.79071188512066
2024-01-26,-10.022204743978502,-3.9601812736537068,-23.41107378296564,-4.0359410456617955,-3.126944453109237,-1.9828564879086463,-3.7413687793964923,-39.779612880403704,-22.92029505775708,-71.98347306106588,-16.488857220715825,-45.462878093492186
2024-01-29,-10.022204743978502,-4.296900000703674,-23.524590781737086,-4.417822082409362,-2.7234715323269487,-2.000171098209369,-3.7413687793964923,-40.18492113104528,-24.581382335882495,-74.27686021657077,-16.52623365732705,-46.196150320806574
2024-01-30,-10.022204743978502,-5.167994676122389,-23.093497525401872,-5.211536169841824,-2.42086097833093,-2.156029015349614,-3.7413687793964923,-39.256695809585885,-24.340256680830265,-78.54339011110699,-15.904459541910821,-45.27956003666359
2024-01-31,-10.022204743978502,-4.801989260877482,-22.972792784027007,-4.642459330557935,-1.609107141139976,-1.5672331734985279,-3.7413687793964923,-39.23498455272056,-24.91627851122059,-78.30578679310864,-15.902758403703555,-45.218454017720724
2024-02-01,-10.022204743978502,-4.179786756720427,-23.139481262877293,-3.931111853262459,-1.3881504250619847,-1.523936738584053,-3.7413687793964923,-38.994334042752044,-25.586070861896793,-78.82231520984381,-15.875580695677849,-45.34066605560645
2024-02-02,-10.022204743978502,-5.321721865148755,-23.278871394223188,-3.781357496338422,-2.199910125662241,-1.6797946557243093,-3.7413687793964923,-39.280220269834466,-25.720027287988,-78.52272798923687,-16.502450125057777,-45.89062022609225
2024-02-05,-10.022204743978502,-4.98499196849993,-23.55189598123634,-3.092478314067826,-2.6994550078323187,-1.7317516988433646,-3.7413687793964923,-39.87370398086444,-25.720027287988,-78.4917360379326,-16.197711466870235,-45.89062022609225
2024-02-06,-10.022204743978502,-2.708437838892608,-23.587820990263843,-0.03744144561229623,-2.276761831363172,-1.5585725652939475,-3.7413687793964923,-39.743422958606125,-24.139316931583377,-79.24586777266612,-15.908825796642823,-46.37946837763518
2024-02-07,-10.022204743978502,-3.1842515804703098,-23.40101505451773,-2.620741235508317,-2.2431410424344045,-1.3161283844332128,-3.7413687793964923,-39.29107926853362,-23.724048944634603,-79.67975262792437,-15.69890534186541,-46.92942254812096
2024-02-08,-10.022204743978502,-4.4872299651743,-23.161037638692783,-4.941973757168528,-2.3872401894021733,-1.4633256933688776,-3.7413687793964923,-39.27660060360134,-24.47421310692147,-80.19628104465954,-15.579987680518936,-47.0516345860067
2024-02-09,-10.022204743978502,-4.728794879587806,-22.72851231543279,-4.979409490018282,-2.8147296346790918,-1.4286964727674545,-3.7413687793964923,-39.49192019047144,-25.519092648851217,-80.91942205958968,-15.196048887795644,-47.571035747021064
2024-02-14,-10.022204743978502,-5.336354039647362,-23.880956182177936,-5.540996897627193,-4.39982025132446,-1.4113752563582826,-3.7413687793964923,-40.61374710140241,-26.255863212572994,-83.37810003255103,-15.873879557470582,-48.15154292697829
2024-02-15,-10.022204743978502,-4.875194811765993,-23.422564578338346,-5.099217545767543,-3.833033791296858,-1.3507642111431073,-3.7413687793964923,-40.2826251572061,-25.76021830390345,-83.66735619222291,-15.596974760617266,-48.945921173235554
2024-02-16,-10.022204743978502,-4.143183981276155,-23.17397420498,-5.653315521701485,-3.381521958115996,-1.5325973467886445,-3.7413687793964923,-39.987693134807564,-23.777628449005018,-83.37810003255103,-15.527317201358526,-49.09868622059271
2024-02-20,-10.022204743978502,-3.257445961759986,-23.211331280932313,-3.144887197504964,-2.6129931742879364,-1.5758937817030971,-3.7413687793964923,-40.327860874319974,-23.991961796816994,-83.71900903389641,-15.799134784906277,-48.823709135349816
2024-02-21,-10.022204743978502,-3.081770510985693,-23.48435586794545,-3.5567202481898486,-2.8627626836683406,-1.4633256933688776,-3.7413687793964923,-40.56127205182227,-23.64367202291382,-81.68388485525826,-16.308779590488864,-49.77085242896423
2024-02-22,-10.022204743978502,-2.9719621846528987,-23.300420918043805,-3.7813574963384333,-2.987653301767834,-1.4633256933688776,-3.7413687793964923,-40.61917323048539,-22.719360418620315,-82.10743864958145,-16.16438535932395,-50.381912618392896
2024-02-23,-10.022204743978502,-3.542929738867062,-23.043203883162356,-4.530140706483654,-2.07982750318908,-1.9828564879086463,-3.7413687793964923,-40.32967407770305,-23.322169446140805,-83.44008270365873,-15.697204203658154,-51.145737855178716
2024-02-26,-10.022204743978502,-3.484367532076005,-23.15959871977311,-4.477726110283986,-2.5649601252986653,-1.7923627440585288,-3.7413687793964923,-40.66802861383238,-23.87139896929089,-82.86157038431497,-15.168863079111826,-50.25970058050717
2024-02-27,-10.022204743978502,-1.7934243007802997,-22.41956271939214,-3.4069658912658007,-2.30077835585778,-1.7923627440585288,-3.7413687793964923,-40.16320313364693,-22.46483605489289,-83.31611612994246,-15.416897130390295,-50.10693553315001
2024-02-28,-10.022204743978502,-3.030524391443923,-23.17971617666894,-3.5192788025775634,-2.34881140484704,-1.8096773543592515,-3.7413687793964923,-40.69878566601398,-22.585398882419017,-80.52686021657077,-16.20684900924073,-49.49587534372134
2024-02-29,-10.022204743978502,-3.8137813414754973,-22.676779754273603,-4.455263528021625,-1.7387940280472303,-1.4286964727674656,-3.7413687793964923,-40.338719873019144,-23.05425659395842,-80.78512442493835,-15.613961840715618,-49.19034524900702
2024-03-01,-10.022204743978502,-3.8137813414754973,-22.862146771100043,-4.754777954632205,0.0,-1.4806469097780606,-3.7413687793964923,-40.09263649343462,-22.223710399840655,-81.04338863330594,-15.571490090140717,-49.618087381607076
2024-03-04,-10.022204743978502,-4.348146120245399,-23.112182915372912,-5.211536169841812,0.0,-1.6884552639289119,-3.7413687793964923,-40.577557179604604,-22.411256550522474,-80.2066121055946,-15.861987791335952,-48.976474182706994
2024-03-05,-10.022204743978502,-4.6263138101031664,-22.859275785255573,-5.428678273552901,0.0,-1.6191836105091229,-3.7413687793964923,-40.561272051822286,-22.90690145919203,-79.7830583112714,-15.994498357024344,-49.46532233424992
2024-03-06,-10.022204743978502,-3.9455379295562087,-22.781676943516793,-4.530140706483621,0.0,-1.5845477837992505,-3.7413687793964923,-40.23015684815918,-23.295382249010654,-80.07231447094327,-15.787243018771646,-48.91536816376413
2024-03-07,-10.022204743978502,-4.384748895689638,-22.627925030953733,-5.0917281140925414,0.0,-1.0044125501527668,-3.7413687793964923,-40.07997103188541,-23.442732273666934,-81.2190092801966,-16.016580751086373,-47.93767186067828
2024-03-08,-10.022204743978502,-5.33635403964734,-22.44686791889141,-4.7173365090199315,0.0,-1.2208815125081984,-3.7413687793964923,-39.640292803362144,-23.523109195387715,-81.35330691484792,-16.183065476971425,-47.90711885120683
2024-03-11,-10.022204743978502,-6.002486576096821,-22.811853128860516,-4.605017884945628,0.0,-1.1516098590884205,-3.7413687793964923,-39.6203880093467,-24.139316931583387,-81.82851355084463,-15.44000020737666,-47.66269477543538
2024-03-12,-10.022204743978502,-4.919113674459541,-21.903689730709598,-3.257211534341742,-1.0126047036082442,-1.333449600842418,-3.7413687793964923,-38.6378811754573,-23.77762844900503,-82.29338912590629,-15.442381800866844,-47.57103574702107
2024-03-13,-10.022204743978502,-4.589711034658905,-21.96691993923634,-2.545869769808784,-0.325319480240549,-1.056369593271833,-3.7413687793964923,-39.10832993722821,-23.26858994177039,-82.87190144525003,-15.59017830844629,-47.8765658417354
2024-03-14,-10.022204743978502,-4.9117975872102315,-21.795921555621923,-3.2871578355165187,-0.8934707903780037,-1.4200358645629074,-3.7413687793964923,-39.11556252916124,-24.259879759109516,-82.01446279566859,-15.58168071806807,-48.36541399327833
2024-03-15,-10.022204743978502,-5.680400023545484,-22.005715934108316,-3.781357496338378,-1.1546369380011412,-1.8269985707684566,-3.7413687793964923,-39.06309422011432,-24.179507947498834,-82.90289339655432,-15.182455983453725,-46.62389245340665
2024-03-18,-10.022204743978502,-5.402243503286563,-22.250003254697404,-4.2306262798730065,-0.9988567618842925,-2.1820042338549284,-3.7413687793964923,-39.66019085684458,-23.134628405569092,-82.40702587018838,-15.601268109426092,-46.71555148182095
2024-03-19,-10.022204743978502,-4.941073105806348,-22.08906359953089,-4.380386349559551,-1.2004559528923098,-2.0867573619298696,-3.7413687793964923,-38.99433404275206,-21.620901372320155,-81.98347207586518,-14.558988830488339,-46.287809349220886
2024-03-20,-10.022204743978502,-3.879659635515853,-21.51714814492499,-3.421944754615669,-1.1271522408361823,-1.6884552639289119,-3.7413687793964923,-39.74885582822212,-20.870732099923195,-82.44834765092683,-14.548790101902842,-46.34891536816376
2024-03-21,-10.022204743978502,-4.4872299651742775,-21.99134730089626,-4.380386349559551,-0.004586376002280179,-2.095417970134461,-3.7413687793964923,-40.483472819676926,-20.495650018779767,-82.61363723688244,-15.632650059021191,-46.13504430186373
2024-03-22,-10.022204743978502,-5.453478453229465,-22.37501790083637,-5.7656341457757225,-1.1179794888315997,-2.2426152790701037,-3.7413687793964923,-40.64631735696689,-21.527125741924202,-82.86157038431497,-15.491641902954555,-46.31836235869232
2024-03-25,-10.022204743978502,-5.343681296495539,-23.044642802082016,-5.9303673660496825,-0.35280417740548575,-2.0174857085100917,-3.7413687793964923,-41.09142845510634,-21.995983453463598,-83.31611612994246,-15.0431570662525,-46.501680415520916
2024-03-26,-10.022204743978502,-5.460805710077632,-22.58481227932275,-5.076754963505126,-0.31614672823594425,-2.199325450264089,-3.7413687793964923,-40.56308525520536,-22.29069372299636,-83.7293388633306,-15.530719477773069,-47.143293614421026
2024-03-27,-10.022204743978502,-4.860551467668516,-22.52589882755497,-4.2980197394225765,0.0,-2.4764054578347183,-3.7413687793964923,-40.58117684583773,-20.763562870962147,-82.25206611366693,-15.471260647099816,-47.84601283226397
2024-03-28,-10.022204743978502,-4.618986553255011,-22.553204027054228,-4.155749101410966,0.0,-1.8702883995744601,-3.7413687793964923,-40.3170018756208,-20.69658465791655,-81.78719053860529,-15.223226595821348,-45.982279254506565
2024-04-01,-10.022204743978502,-5.365640727842324,-22.981419445550088,-6.027707126774029,0.0,-2.1300537968443445,-3.7413687793964923,-40.06369264463607,-20.22773205648726,-81.02272774293671,-14.834200589792513,-46.776657500763804
2024-04-02,-10.022204743978502,-4.948389193055669,-22.981419445550088,-5.8704633381750355,0.0,-2.294572322189181,-3.7413687793964923,-39.689141446176116,-20.442065404299225,-80.76446353456912,-14.147872329739364,-47.8765658417354
2024-04-03,-10.022204743978502,-5.124075813428819,-21.777236165650905,-5.728192700163426,0.0,-2.2253006687694143,-3.7413687793964923,-39.533536241352195,-20.562628231825343,-80.98140596219824,-13.964392423097827,-47.23495264283532
2024-04-04,-10.022204743978502,-4.9923192253481075,-21.571751691928643,-5.466119719165108,-0.24406615036484114,-2.2945723221892034,-3.7413687793964923,-39.86465818554832,-20.428666695624052,-81.6735537943232,-14.402694732530675,-46.80721051023525
2024-04-05,-10.022204743978502,-5.629165073602627,-21.409373117842467,-5.054286668480234,0.0,-2.493720068135441,-3.7413687793964923,-39.51363144733674,-21.59410906507989,-81.55991828154198,-14.083310084444333,-46.92942254812097
2024-04-08,-10.022204743978502,-3.923578498209468,-21.597617972508232,-3.931111853262381,0.0,-2.467744849630149,-3.7413687793964923,-39.69638077864215,-20.02679230724035,-80.95041401089395,-14.125781835019225,-46.776657500763804
2024-04-09,-10.022204743978502,-3.1549648922753692,-21.44242714102551,-3.2197700887294123,0.0,-2.3292015427906376,-3.7413687793964923,-40.13425928484838,-20.174147442006728,-80.66115785122207,-14.652421821358285,-47.296058661778176
2024-04-10,-10.022204743978502,-4.6263138101032,-21.958293277713224,-5.391242540703067,-0.593125766748448,-2.6582385934802666,-3.7413687793964923,-40.29348415590541,-21.044879541929838,-80.52686021657077,-14.929334718869736,-46.92942254812097
2024-04-11,-10.022204743978502,-5.080156950735271,-21.66659015272393,-5.353801095090804,0.0,-3.0132442565667605,-3.7413687793964923,-40.054640108786934,-21.29939879554715,-81.77685947767023,-13.933820539315711,-47.6015887564925
2024-04-12,-10.022204743978502,-6.134254333776434,-21.594746986663782,-6.402098731846618,0.0,-2.8487323373304063,-3.7413687793964923,-39.86827111124839,-22.277295014321187,-81.71487680656253,-13.522695937908601,-46.776657500763804
2024-04-15,-10.022204743978502,-6.617378577804023,-22.49716156113091,-7.9745423305991,0.0,-3.238373827126795,-3.7413687793964923,-39.5896242166322,-21.674480876690595,-82.53099244390464,-13.069115787242858,-47.265505652306736
2024-04-16,-10.022204743978502,-7.254230010857954,-20.913624438050572,-8.685889807894576,0.0,-3.6107007066224495,-3.7413687793964923,-39.162611449658144,-22.572005283853958,-82.10743864958144,-11.937688765585918,-47.326611671249594
2024-04-17,-10.022204743978502,-7.5104326845695235,-19.666335258515268,-9.060281412967196,-0.7988998354593435,-3.7059475785475193,-3.7413687793964923,-38.185537485384934,-22.062961666509228,-82.3140500162755,-10.208279261440156,-47.4182706996639
2024-04-18,-10.022204743978502,-7.5250704438675875,-19.534132869772836,-9.322354393965536,-0.35552952260337056,-3.60204009841788,-3.7413687793964923,-38.64512050792348,-22.572005283853958,-81.84917444121385,-11.106958173709703,-47.84601283226396
2024-04-19,-10.022204743978502,-6.712537975239918,-19.77267136667813,-9.502060764826881,0.0,-3.8877807141930565,-3.7413687793964923,-38.65054663700646,-21.19222956658613,-81.90082728288736,-10.952365213959292,-47.02108157653527
2024-04-22,-10.022204743978502,-6.50025416422193,-20.157774033543042,-9.472108750889563,-2.7601715254901182,-3.420206962772332,-3.7413687793964923,-39.05223522141509,-21.138650062215714,-81.4979343789334,-11.555451111069914,-46.25725633974945
2024-04-23,-10.022204743978502,-6.815019044724546,-20.927993071262595,-9.082743995229558,-2.9477966165186165,-3.671311751837625,-3.7413687793964923,-39.624007675579755,-22.43804374765267,-81.28099195130427,-12.24348050933034,-45.86006721662083
2024-04-24,-10.022204743978502,-7.122467837977831,-21.1579049066448,-9.434673018039819,-3.081216867609693,-3.783873234063384,-3.7413687793964923,-40.01664372413908,-23.215005327289894,-82.92355428692353,-12.841471092477297,-46.50168041552091
2024-04-25,-10.022204743978502,-7.129783925227118,-20.91505650497537,-10.355673167371437,-2.860234168980258,-3.896441322397637,-3.7413687793964923,-40.0293091856883,-24.326857972155125,-83.0785128119441,-12.586640589027864,-46.10449129239228
2024-04-26,-10.022204743978502,-5.7389622303365755,-20.446606172687886,-8.236615311597461,-2.6517618456152525,-3.827169668977859,-3.7413687793964923,-40.00940439167302,-23.911589985206348,-83.3264471908775,-12.364099308884102,-46.22670333027802
2024-04-29,-10.022204743978502,-5.160678588873102,-20.824527948944226,-8.498694005358299,-2.209806627669042,-3.8877807141930343,-3.7413687793964923,-41.50758896391401,-23.76423485043997,-79.02892657653786,-13.096293495268585,-46.31836235869231
2024-04-30,-10.022204743978502,-6.207448715066111,-21.262802095888,-9.359790126815303,-4.461307720011087,-4.5198729909585955,-3.7413687793964923,-40.76573263999313,-24.8091092822596,-79.43181824899094,-13.070808824792014,-46.287809349220886
2024-05-02,-10.022204743978502,-5.336354039647395,-20.72968948814895,-8.498694005358287,-4.1360888596991385,-4.173521329968222,-3.7413687793964923,-40.36223759273465,-23.456130982342117,-78.97727250336347,-11.755918097809781,-44.760158875649246
2024-05-03,-10.022204743978502,-4.128540637178723,-21.23550374838361,-6.626735979995225,-4.144425716771205,-3.957052367612801,-3.7413687793964923,-39.57695875508297,-22.30408732156144,-77.87190193785037,-13.184631172174798,-45.37121906507791
2024-05-06,-10.022204743978502,-4.318859432050481,-21.45823469315723,-6.776490336919272,-3.2021267434363287,-4.225471766978817,-3.7413687793964923,-40.11978061991607,-22.652377095464615,-77.32438156981092,-13.85397235212963,-44.1490986862206
2024-05-07,-10.022204743978502,-3.7771785660312696,-21.53007785921738,-6.364657286234399,-3.46897742493113,-5.0653723978952065,-3.7413687793964923,-40.46356802566141,-24.74213106921397,-77.20041376459376,-13.786015931078143,-44.54628780934923
2024-05-08,-10.022204743978502,-3.4916947889241823,-21.74131115662342,-6.4769759103086795,-3.535682460820333,-3.9916881943227067,-3.7413687793964923,-40.64631735696683,-24.487611815596654,-77.40702513128784,-13.813201739761983,-45.55453712190651
2024-05-09,-10.022204743978502,-4.421340501535099,-21.463976664846165,-9.292402380028243,-2.7643348643698107,-3.974366977913524,-3.7413687793964923,-40.78021130492544,-24.28667206634976,-76.22933837073023,-13.565167688483537,-45.890620226092274
2024-05-10,-10.022204743978502,-4.948389193055691,-20.39056370676462,-9.172594324278993,-1.2966917437427172,-3.6799723600422274,-3.7413687793964923,-40.114354490832895,-25.090425953227246,-76.73553695803122,-12.666488776213992,-44.30186373357776
2024-05-13,-10.022204743978502,-4.5165054837704055,-20.712443017097637,-7.9745423305991325,-2.5975570056778086,-3.905095324493757,-3.7413687793964923,-40.46175482227853,-24.608174643122773,-75.40289290395395,-12.964463384863102,-43.965780629392
2024-05-14,-10.022204743978502,-4.18710284396977,-20.206635608857837,-7.375519190140456,-1.8762509102850267,-3.896441322397637,-3.7413687793964923,-40.30252995122149,-25.14400545759767,-75.7851236860378,-12.438844081448408,-44.54628780934923
2024-05-15,-10.022204743978502,-4.589711034658938,-20.278478774917986,-7.487832101452241,-0.4044342714655591,-3.6626511436330222,-3.7413687793964923,-40.71869046002921,-24.52779772140199,-75.04132424374022,-12.88733701880862,-43.47693247784906
2024-05-16,-10.022204743978502,-4.370105551592218,-19.746805086098597,-7.150881941991893,-0.767174078258126,-3.342281307256445,-3.7413687793964923,-39.7868522128699,-23.59008740843329,-74.22520860639811,-12.788800613316898,-44.14909868622059
2024-05-17,-10.022204743978502,-4.553108259214678,-19.93792092660882,-7.525273547064504,0.0,-3.1431269552017027,-3.7413687793964923,-40.27900549097312,-23.817819464920454,-72.87190243045073,-12.873744114466701,-44.69905285670638
2024-05-20,-10.022204743978502,-4.81663260497498,-20.481092262795777,-7.7124693496008145,0.0,-3.1691021737070058,-3.7413687793964923,-40.749454252743845,-23.603486117108453,-71.58058015711191,-13.325631227583312,-43.72135655362052
2024-05-21,-10.022204743978502,-5.094800294832746,-20.62335337998613,-7.899665152137114,-0.5012511467758718,-3.1604481716108745,-3.7413687793964923,-40.957534507147706,-24.139316931583366,-72.40702562388819,-13.306951109935849,-44.02688664833484
2024-05-22,-10.022204743978502,-6.485616404923878,-20.26267807478115,-9.546985929351614,-1.8365566771595843,-3.7405834052573583,-3.7413687793964923,-40.6752679462984,-25.840590115514118,-70.64049671455265,-12.987566461849509,-43.629697525206204
2024-05-23,-10.022204743978502,-7.063905631186785,-19.913493564948894,-10.782479368643727,-4.06343343243134,-3.3336206990518202,-3.7413687793964923,-40.54136725780697,-26.45679785170979,-72.55165308797369,-12.491506459950708,-43.29361442102044
2024-05-24,-10.022204743978502,-7.364027167591924,-19.993963392532144,-10.894797992718019,-4.166149242460859,-3.3162994826426373,-3.7413687793964923,-40.72411658911239,-25.492300341610928,-73.96694316652965,-12.627419302053667,-43.20195539260614
2024-05-28,-10.022204743978502,-7.839835324370181,-19.358824581394373,-10.932239438330294,-3.233491693561008,-3.8011944504725337,-3.7413687793964923,-40.35500500080145,-26.684529908196943,-73.2438033831004,-12.141549928082219,-43.47693247784904
2024-05-29,-10.022204743978502,-8.579167826908751,-19.483839227533384,-11.71845838132527,-3.845673909000591,-3.757898015558059,-3.7413687793964923,-40.62098643386841,-26.81848633428814,-74.24586826526645,-12.31822528189468,-44.362969752520584
2024-05-31,-10.022204743978502,-9.01837320824278,-19.082922156541926,-12.437289577533194,-4.56058196531054,-3.480818007987452,-3.7413687793964923,-39.98588667195748,-27.62224022116563,-73.27479533440469,-11.625108670328688,-45.46287809349218
2024-06-03,-10.022204743978502,-9.076935415033827,-19.230932097416066,-11.793335559787298,-3.586828061558056,-3.887780714193001,-3.7413687793964923,-39.64209926621213,-29.162759561654827,-71.5289260839375,-10.906499287627991,-45.79896119767795
2024-06-04,-10.022204743978502,-9.303856985349846,-18.065551664383694,-11.830777005399561,-4.453753510543512,-3.8271696689778256,-3.7413687793964923,-39.13546732317664,-29.85934421957127,-73.28512516383884,-10.828352238649163,-45.921173235563664
2024-06-05,-10.022204743978502,-9.516140796367822,-17.408856477430447,-11.64358120286325,-3.2786806314694994,-3.6453365333322885,-3.7413687793964923,-38.31399856372716,-30.542535278922667,-71.51859625450334,-10.170902824828975,-46.31836235869229
2024-06-06,-10.022204743978502,-8.418124550633067,-17.283841831291447,-10.108573336960536,-2.6130841886463974,-3.792533842267931,-3.7413687793964923,-38.500367561265705,-29.40388521670707,-70.85743791068089,-9.95515799685618,-44.7601588756492
2024-06-07,-10.022204743978502,-10.072470591283922,-17.910360832900974,-11.456385400326951,-5.287807894151342,-4.43328012112959,-3.7413687793964923,-38.885771017892026,-30.36838783691602,-69.85537302851483,-10.69074635899706,-45.15734799877783
2024-06-10,-10.022204743978502,-10.03586781583966,-18.07417147391195,-12.617001661157056,-5.185092084121834,-4.71036012870022,-3.7413687793964923,-38.99071437651889,-29.953114739857146,-69.97934083373198,-10.46410614583959,-44.790711885120636
2024-06-11,-10.022204743978502,-9.391700295536399,-17.226360446448474,-11.755899826937554,-5.193307342756038,-4.130224895053713,-3.7413687793964923,-38.319431433343375,-29.63161727319421,-67.67562138579117,-9.06496857430672,-45.06568897036354
2024-06-12,-10.022204743978502,-10.562916507360253,-17.326947730927543,-12.617001661157069,-4.022347108419533,-5.584896586326494,-3.7413687793964923,-38.218101000416425,-30.046885260142997,-68.54338863330591,-8.859406273603154,-44.4851817904063
2024-06-13,-10.022204743978502,-10.848400284467342,-16.15150856944727,-13.3657848713023,-5.49323951421038,-5.359767015766503,-3.7413687793964923,-37.68433167143246,-29.71198908480489,-69.43181800269076,-8.246129748565156,-43.96578062939196
2024-06-14,-10.022204743978502,-10.84107861241862,-17.200494165868886,-12.841633196543134,-4.211348211210176,-4.770971173915417,-3.7413687793964923,-38.25067125598112,-30.046885260142997,-70.2376038105987,-8.915470928519975,-45.00458295142068
2024-06-17,-10.022204743978502,-11.199767940414207,-17.911792899825784,-11.905654183861591,-4.991988367434496,-5.2212303150354415,-3.7413687793964923,-38.49674789503263,-30.703284012254105,-71.1983469120263,-8.99021570108427,-45.7684081882065
2024-06-18,-10.022204743978502,-10.819119181071834,-16.42597207538008,-12.30999780287152,-4.252434535221972,-4.67573090809883,-3.7413687793964923,-37.76575056981092,-29.91292883405179,-69.94834888242771,-7.855402604329065,-45.00458295142068
2024-06-20,-10.022204743978502,-10.123711126026258,-16.039430489595485,-12.392364413008494,-3.291008534841211,-4.623773864979763,-3.7413687793964923,-37.876126798054166,-29.1091800572844,-71.68388584045894,-7.88258031235477,-46.25725633974943
2024-06-21,-10.022204743978502,-9.501503037069803,-16.033681665911715,-11.77087297752497,-4.827643071387289,-4.684384910194961,-3.7413687793964923,-37.91593638608488,-28.81446978775165,-72.05578679310862,-7.37292740611406,-46.837763519706655
2024-06-24,-10.022204743978502,-8.520605620117705,-16.644393115389565,-10.932239438330315,-4.268865052490378,-3.853144887483151,-3.7413687793964923,-38.58179320017723,-28.573344132699408,-70.96074359402793,-7.819281769727981,-47.02108157653525
2024-06-25,-10.022204743978502,-8.776808293829252,-16.88867358398378,-11.044552349642089,-4.81941778191225,-4.450601337538817,-3.7413687793964923,-38.918341273456534,-28.787677480511388,-71.52892608393749,-8.44489559709778,-47.9987778796211
2024-06-26,-10.022204743978502,-8.557208395561954,-16.056670108651993,-11.493826845939225,-5.534325838222176,-4.493891166344821,-3.7413687793964923,-38.21448133418352,-27.79638255306217,-72.85124030858059,-7.401814353005188,-48.67094408799263
2024-06-27,-10.022204743978502,-7.327429976947075,-15.352559117298526,-11.418943954714699,-4.494839834555298,-4.606459254679041,-3.7413687793964923,-37.78746856720946,-25.545879845981357,-72.26239815980269,-6.182049654442023,-49.43476932477845
2024-06-28,-10.022204743978502,-7.605592082005408,-15.349681279459194,-11.943095629473877,-4.363365603885672,-5.186594488325547,-3.7413687793964923,-38.07696771999179,-25.18419647351311,-73.1301654073174,-6.555789718579796,-51.45126794989303
2024-07-01,-10.022204743978502,-7.005343424395716,-15.69742687037181,-12.055414253548157,-4.367468217782355,-5.619532413036399,-3.7413687793964923,-37.078182498853096,-24.715338761973705,-74.40082802178787,-5.003063668904617,-51.32905591200729
2024-07-02,-10.022204743978502,-6.924821786257862,-12.80768711598842,-11.606139757251011,-4.556469320572997,-6.38150078232842,-3.7413687793964923,-36.64573686226306,-24.74213106921397,-74.84504270648031,-3.9310954779209095,-50.8707607699358
2024-07-03,-10.022204743978502,-6.2586948346078035,-12.564838714319004,-10.80494195090611,-3.0444905907703323,-5.5502607596166325,-3.7413687793964923,-36.42317794292691,-24.139316931583377,-75.02066212187009,-3.5828400842597086,-50.68744271310719
2024-07-05,-10.022204743978502,-5.863402731167932,-14.819439657564615,-10.512916955970475,-1.865315097799658,-3.887780714193023,-3.7413687793964923,-38.48408243348342,-25.277966993798962,-76.04338912590626,-6.795326179480032,-49.740299419492764
2024-07-08,-10.022204743978502,-5.65112450494939,-14.971759503202875,-10.78247936864376,-3.2334916935609748,-4.104249676548443,-3.7413687793964923,-38.62521571390808,-26.43001065457964,-75.55785266047538,-7.052019834299328,-51.63458600672162
2024-07-09,-10.022204743978502,-5.167994676122389,-15.38848412632603,-10.819920814256045,-3.0321626873986207,-3.7146081867520664,-3.7413687793964923,-38.44789925221884,-26.24246450389782,-75.78512368603779,-7.0671437630277945,-51.08463183623583
2024-07-10,-10.022204743978502,-5.189954107469175,-15.264901547111831,-9.77162317750022,-2.535024185360246,-3.1084911284918304,-3.7413687793964923,-39.245843551419746,-26.644344002391605,-75.94008344255923,-7.9726191274682945,-50.71799572257862
2024-07-11,-10.022204743978502,-4.34083003299609,-15.813821706982568,-9.16511060536659,-0.7765275114867576,-2.718849638695464,-3.7413687793964923,-39.38516362846133,-26.054923463326098,-76.57024983507738,-8.013389739835919,-50.29025358997856
2024-07-12,-10.022204743978502,-3.8137813414755195,-15.106832877789767,-8.161738133135476,-0.8176138354985651,-2.666892595576409,-3.7413687793964923,-37.948499901116385,-25.586070861896793,-75.94008344255923,-7.617559180977995,-51.11518484570725
2024-07-15,-10.022204743978502,-3.447775926230612,-15.231854375923625,-8.498694005358331,-0.4519495641298277,-3.021904864771363,-3.7413687793964923,-38.0552564631265,-24.46081950835638,-77.70661235189476,-7.875783860183838,-52.2761992056217
2024-07-16,-10.022204743978502,-3.7771785660312585,-14.790702391140542,-7.8846920015497535,0.0,-2.892022166136421,-3.7413687793964923,-37.675285876116405,-24.447420799681186,-77.39669530185364,-7.468061535191273,-51.63458600672162
2024-07-17,-10.022204743978502,-3.484367532076027,-15.023492064362054,-7.263200566066219,-0.3086360387031917,-2.8054359024159314,-3.7413687793964923,-38.02630587379495,-24.434027201116105,-78.97727250336345,-7.850299189707277,-51.35960892147872
2024-07-18,-10.022204743978502,-4.831275949072456,-13.875351250386181,-8.423811114133816,-0.4304684022094052,-3.2037380004169003,-3.7413687793964923,-36.28747753211845,-25.61286316913702,-78.04752135324014,-6.773243785418015,-52.1845401772074
2024-07-19,-10.022204743978502,-4.728794879587839,-12.553347918946267,-8.29651933947213,-2.716857740291223,-3.498139224396657,-3.7413687793964923,-36.209671559439904,-25.53248624741624,-78.01652940193587,-5.830391984366279,-52.2761992056217
2024-07-22,-10.022204743978502,-4.7214676227396835,-13.641129510239846,-7.77985709638791,-2.8589954977151333,-3.19507739221232,-3.7413687793964923,-36.580596351133906,-25.210983670643227,-76.74586925046715,-6.209705301297397,-51.08463183623583
2024-07-23,-10.022204743978502,-5.717002798989801,-12.929830776282946,-8.229131592685047,-2.3472956050918037,-3.8444842792785816,-3.7413687793964923,-35.81703551088058,-27.113196603820878,-77.40702513128782,-5.36321082870046,-50.80965475099293
2024-07-24,-10.022204743978502,-5.717002798989801,-12.9384505858112,-8.640958930607411,-1.9939837338724287,-3.922416540902929,-3.7413687793964923,-35.10051011005816,-27.474885086399237,-78.13016491471706,-5.115184878080125,-50.65688970363576
2024-07-25,-10.022204743978502,-6.119610989678992,-11.952695197916341,-9.367279558490281,-4.48749205581207,-4.009002804623396,-3.7413687793964923,-33.493762512957005,-27.126590202385948,-78.91529106375665,-3.9548790101902043,-50.38191261839287
2024-07-26,-10.022204743978502,-4.963032537153211,-12.036036011344065,-8.685889807894643,-3.3463249517400095,-3.5847254881171464,-3.7413687793964923,-33.519093436055634,-27.769595355931987,-79.27685972397039,-4.133263602868054,-51.78735105407879
2024-07-29,-10.022204743978502,-5.263159658357763,-12.299001869909299,-8.640958930607411,-3.4559720959469686,-3.021904864771363,-3.7413687793964923,-33.94430648071247,-27.689218434211206,-80.29958795950745,-4.477428164173669,-51.57347998777876
2024-07-30,-10.022204743978502,-5.921964937959068,-12.567716552158315,-8.888058761018359,-2.3310552558549302,-3.09117651819113,-3.7413687793964923,-34.05467596842268,-27.769595355931987,-78.03719152380597,-4.619124876181358,-52.49007027192174
2024-07-31,-10.022204743978502,-4.8093165177256925,-12.78325975432849,-9.322354393965604,-1.4579233173937611,-3.030565472975988,-3.7413687793964923,-33.44129420391009,-27.032819682100083,-78.96694267392928,-4.6768825686473114,-53.223342499236146
2024-08-01,-10.022204743978502,-4.999635312597473,-12.117944757846988,-9.374768990165261,-1.1127316207928284,-2.389812588005824,-3.7413687793964923,-31.744075172581354,-27.90355178202317,-79.6694215669893,-3.9039177698952154,-53.31500152765044
2024-08-02,-10.022204743978502,-6.1269270769283235,-11.130743599037618,-9.584427374963923,-1.4904139306107012,-1.3334496008424734,-3.7413687793964923,-30.32912944263494,-29.202950577570242,-79.67975262792434,-2.307018831437835,-52.765047357164654
2024-08-05,-10.022204743978502,-6.529535267617515,-10.900831763655427,-8.873085610430964,-2.465072838660376,-0.4242773165063274,-3.7413687793964923,-28.943127561486882,-30.274617316630128,-79.93801683629194,-2.713040018223145,-52.24564619615029
2024-08-06,-10.022204743978502,-5.782881093030179,-9.660730326723598,-7.375519190140512,-2.976762816540579,-1.0823448117771917,-3.7413687793964923,-29.002841943533063,-30.354989128240796,-79.23553794323193,-2.8115683230567456,-52.490070271921766
2024-08-07,-10.022204743978502,-4.648273241450029,-11.168107526984794,-6.851367515381357,-2.9199116794682567,-1.3074677762287212,-3.7413687793964923,-29.181971608605362,-30.408573742721323,-78.18181898789148,-3.9226059882008224,-53.16223648029328
2024-08-08,-10.022204743978502,-3.850372947320968,-12.046094739792002,-6.102584305236136,-1.6325516880346003,-1.2035669022075313,-3.7413687793964923,-30.3942632132311,-29.551240351473417,-78.02685923137003,-4.257276578178237,-53.65108463183621
2024-08-09,-10.022204743978502,-2.525435131270193,-12.62375901808166,-3.968553298874744,-1.2304989396182298,-0.4242773165063274,-3.7413687793964923,-32.04082039836297,-29.12257365584946,-77.86157210841618,-5.781123781620446,-53.956614726550534
2024-08-12,-10.022204743978502,-2.144797541526655,-13.302003728855539,-2.7330655723451502,0.0,-0.07792565551595354,-3.7413687793964923,-32.248900652766835,-28.948426213842826,-77.38636547241948,-6.457261413746229,-53.16223648029328
2024-08-13,-10.022204743978502,-1.0687407271387062,-13.69286207139908,-0.8236661013698132,0.0,0.0,-3.7413687793964923,-32.4967837546684,-28.452781305173257,-77.8099180352418,-6.701893188610142,-53.83440268866481
2024-08-14,-10.022204743978502,-0.40260819068922427,-13.960137834728448,0.0,-1.1067438021861942,0.0,-3.7413687793964923,-32.808000904849266,-29.40388521670704,-77.07644595937661,-7.316870851855417,-53.43721356553619
2024-08-15,-10.022204743978502,0.0,-13.524734673629135,0.0,-0.5513379731962753,-0.7466487660933718,-3.7413687793964923,-32.84781049287998,-28.841262094991883,-77.3037194479408,-7.092620332846245,-54.17048579285058
2024-08-16,-10.022204743978502,-0.24840823410529067,-13.826496527066334,-0.14792674020455143,0.0,-0.6608278967129788,-3.7413687793964923,-33.48291025479091,-29.18955186889506,-78.06818347511026,-6.820810849956615,-54.72043996333637
2024-08-19,-10.022204743978502,0.0,-13.712979528294888,0.0,0.0,-0.8667992927684498,-3.7413687793964923,-33.2549252063716,-27.367715857438178,-76.91115883642277,-7.05184972047862,-53.80384967919337
2024-08-20,-10.022204743978502,0.0,-13.832245350750105,0.0,0.0,-1.6306161613654835,-3.7413687793964923,-33.285682258553194,-27.019426083535002,-77.29338961850661,-8.167982699586362,-54.17048579285056
2024-08-21,-10.022204743978502,0.0,-12.365103064280525,-0.021675419523004003,-0.11548387002693339,-1.7593507392924201,-3.7413687793964923,-31.659036607969792,-25.31815289960425,-77.51033081463486,-6.936334335546668,-54.1093797739077
2024-08-22,-10.022204743978502,-1.1054434808134173,-12.219970961245707,-1.517334492295741,-1.2901742465817434,-2.102640764526642,-3.7413687793964923,-31.624659889555083,-26.014737557520707,-78.7913232585395,-6.861581462324251,-54.598227925450615
2024-08-23,-10.022204743978502,-0.8398522643381923,-10.828981745600409,-0.7586617335793244,-0.11548387002693339,-1.3474079471814226,-3.7413687793964923,-30.777860207007347,-26.18888499952735,-79.11157013801477,-5.020050749002958,-55.056523067522114
2024-08-26,-10.022204743978502,0.0,-11.056022595138138,-0.6864140102149974,0.0,-1.5533793432369158,-3.7413687793964923,-30.982320795178097,-25.626256767702095,-79.79338937220643,-6.812313259578384,-55.759242285365076
2024-08-27,-10.022204743978502,-0.20035690826251118,-11.978554626501081,-1.0838150766985688,-0.06752000654739465,-1.9996517926425872,-3.7413687793964923,-31.206686177364283,-25.30475930103918,-80.33057867931083,-6.637339043973201,-55.11762908646498
2024-08-28,-10.022204743978502,0.0,-11.62793804974399,-0.11559856241031286,-0.6633018825019987,-2.1627160278641755,-3.7413687793964923,-30.77242733739115,-26.349633732858802,-80.06198464150907,-6.430075605062379,-55.36205316223645
2024-08-29,-10.022204743978502,-1.027618919024853,-11.329047182151243,-0.7369863140563204,0.0,-2.463092344551887,-3.7413687793964923,-30.30379851953634,-26.028131156085777,-77.92355354802298,-5.507613160523528,-54.56767491597919
2024-08-30,-10.022204743978502,-1.0204866086789832,-10.586133343930971,-0.9898809086741456,-1.2630123514453473,-2.772052712491424,-3.7413687793964923,-29.732026065371663,-26.4166119459044,-78.02685923137003,-4.394882457830307,-53.80384967919336
2024-09-03,-10.022204743978502,-2.183684758416138,-10.715464746828951,-0.8236990172854175,-1.4174307922647067,-3.4328871569170194,-3.7413687793964923,-30.848426847219656,-27.997322302309023,-77.2417355453322,-4.608934248253959,-52.76504735716464
2024-09-04,-10.022204743978502,-0.749306369207603,-10.512851258951162,0.0,-1.2788553451544504,-3.0209378170934165,-3.7413687793964923,-29.666885554242494,-26.51038246619025,-77.84090998654607,-4.058510729645615,-52.27619920562172
2024-09-05,-10.022204743978502,-0.542360478942816,-10.744202013253012,-0.12260957549858897,-0.566181617158823,-2.909371341670175,-3.7413687793964923,-28.939507895253936,-26.657737600956633,-76.71487729916286,-4.151943720515527,-52.33730522456459
2024-09-06,-10.022204743978502,-1.976738868151351,-10.353350522704297,-1.161197750613363,-1.2748921801631563,-2.3343577666249726,-3.7413687793964923,-29.74831119315401,-26.992633776294728,-76.49793364003284,-5.4175743454100145,-53.10113046135041
2024-09-09,-10.022204743978502,-1.9125154079681628,-11.45262976136545,-0.4688019654509601,-0.9462684723361869,-2.3343577666249726,-3.7413687793964923,-28.84180386909312,-27.08640429658059,-77.5826445466776,-4.923215481718479,-53.04002444240754
2024-09-10,-10.022204743978502,-2.162276938355079,-11.531660670029042,-0.5625667606442342,-0.530542131005407,-2.806382369786098,-3.7413687793964923,-29.395477992092356,-27.006027374859798,-76.94214832472528,-5.132171958178445,-53.62053162236477
2024-09-11,-10.022204743978502,-1.8696997678460336,-10.472616345159524,-1.6227912723024374,-0.5384587947319219,-2.54891321393228,-3.7413687793964923,-28.076429825456707,-26.43001065457956,-76.54958771320726,-3.7968918746833613,-53.498319584479034
2024-09-12,-10.022204743978502,-2.4834160173179187,-10.626368257722596,-2.6325236618542247,0.0,-2.875041684375468,-3.7413687793964923,-27.942529136965256,-26.34963373285878,-75.65082605138646,-3.7204459639117893,-52.79560036663609
2024-09-13,-10.022204743978502,-1.748385157825505,-10.693908371013483,-1.8968552036049857,0.0,-3.2269092131488986,-3.7413687793964923,-28.23203503028062,-25.358338805409574,-76.18801658999175,-4.428856618026977,-52.24564619615029
2024-09-16,-10.022204743978502,-1.555703888252491,-10.68241072364592,-1.5506628136526146,-0.03487182688365342,-3.218331709609712,-3.7413687793964923,-27.917198213866655,-26.028131156085777,-75.48553892843262,-4.65531051604745,-49.801405438435644
2024-09-17,-10.022204743978502,-1.798333108293526,-11.925389998417069,-2.0483205646665947,-0.6585828721352049,-3.1067586864738206,-3.7413687793964923,-29.28691496723239,-26.068322172001235,-75.99173751573363,-6.498032026113821,-49.58753437213561
2024-09-18,-10.022204743978502,-2.5333639677859177,-12.291814127305823,-2.646951554635746,-0.4106495740803906,-2.7291455516575303,-3.7413687793964923,-30.247703803723258,-26.751508121242495,-76.40496024912176,-6.875174366666137,-49.55698136266419
2024-09-19,-10.022204743978502,-3.161355726972992,-12.925520871518803,-3.389828456646915,0.0,-3.8791596063226907,-3.7413687793964923,-30.517304903023344,-26.49698886762518,-75.74380190529932,-7.226832036741893,-50.412465627864314
2024-09-20,-10.022204743978502,-4.602877315550846,-13.103700145741792,-5.329967338596376,0.0,-4.951936842859261,-3.7413687793964923,-31.326108200923585,-28.23844795736128,-74.85537253591448,-7.85709564187822,-50.90131377940723
2024-09-23,-10.022204743978502,-4.852638845937762,-13.333618833118855,-6.714747903663532,0.0,-4.763127001594814,-3.7413687793964923,-32.08062324586063,-28.6939069602255,-73.00620006510204,-6.333248438436023,-49.46532233424988
2024-09-24,-10.022204743978502,-3.7037053168923695,-11.658114235087702,-6.837357479162131,0.0,-3.9649804757030838,-3.7413687793964923,-30.215133548158747,-25.74681959522823,-73.64669382405258,-5.951010783920019,-49.67919340054993
2024-09-25,-10.022204743978502,-4.089067856038408,-12.359354240596698,-6.873421708487049,0.0,-3.8791596063226907,-3.7413687793964923,-31.054693898240426,-26.001338848845545,-72.75826445466774,-7.418801433103517,-49.25145126794986
2024-09-26,-10.022204743978502,-3.218446876810299,-12.748773664220604,-5.856469869915681,0.0,-3.92207331486919,-3.7413687793964923,-31.53418845532744,-22.813130938906134,-73.29545499327301,-7.0093779699036745,-49.49587534372133
2024-09-27,-10.022204743978502,-3.403984947014016,-12.599324804426804,-5.6184591626804,-0.9588319582000904,-4.642976474919724,-3.7413687793964923,-32.12405250012448,-23.29538224901061,-70.02066261447044,-7.639649675698146,-48.91536816376409
2024-09-30,-10.022204743978502,-4.017701196485901,-12.845051043935552,-6.548854649820434,-1.265957748372104,-4.179535923010402,-3.7413687793964923,-31.186781383348972,-23.241797634530094,-69.80371895534041,-7.699108506371378,-48.09043690803541
2024-10-01,-10.022204743978502,-3.5110240473193555,-12.89390576725542,-6.959967054660732,-0.09737644146669,-4.256779288851598,-3.7413687793964923,-31.324294997540502,-22.947087364997344,-70.08264651707901,-7.439182688958268,-47.57103574702104
2024-10-02,-10.022204743978502,-2.8473598473794715,-13.158310544740315,-6.022352118501129,-0.8539572838474396,-3.9735645269549202,-3.7413687793964923,-31.62827281525511,-22.27729501432115,-70.18595220042604,-7.855402604329065,-47.14329361442099
2024-10-03,-10.022204743978502,-4.167566825936808,-13.616702148579908,-7.313378893632683,-0.4794114070068245,-4.308270500937339,-3.7413687793964923,-32.81343377446538,-23.616879715673544,-69.31818248990955,-7.578489706817615,-47.662694775435355
2024-10-04,-10.022204743978502,-4.031976706201112,-14.0592862002878,-7.133068752265748,-0.9026500766739942,-4.3168545521891755,-3.7413687793964923,-32.53659334269924,-23.402546367861564,-70.51652890933549,-6.966914319986895,-48.090436908035414
2024-10-07,-10.022204743978502,-3.8821110767502165,-13.554910858972802,-6.99603128398566,-0.9401046643580546,-4.308270500937339,-3.7413687793964923,-33.738032689158636,-22.86671044327656,-71.63223176728452,-7.340654384124667,-47.93767186067824
2024-10-08,-10.022204743978502,-4.246065795835186,-13.579338220632742,-6.7796569132938185,-2.0562532061803696,-3.4843783690027608,-3.7413687793964923,-32.876761082211445,-24.367048988070504,-71.76652940193584,-6.662815613791606,-48.57928505957834
2024-10-09,-10.022204743978502,-5.430671765633388,-12.787569659092568,-8.041827902862364,-2.393344495336902,-4.402675421569569,-3.7413687793964923,-32.42803031783906,-24.99665032283126,-72.52066113666937,-5.9747943161893025,-48.5487320501069
2024-10-10,-10.022204743978502,-5.052452425856647,-12.237210580302161,-8.150015088208296,-1.8465038574750237,-4.188119974262261,-3.7413687793964923,-32.16747501385526,-25.318152899604286,-72.3657038431497,-4.931713072096711,-48.85426214482123
2024-10-11,-10.022204743978502,-5.409263945572329,-12.304750693593046,-8.510635370942165,-0.46068411316476654,-4.26535679239085,-3.7413687793964923,-32.011869809031346,-25.586070861896783,-72.80991852784213,-5.176344846960634,-49.19034524900698
2024-10-14,-10.022204743978502,-4.545786165713528,-12.625191085006405,-7.522533815304966,-0.8277409013058512,-4.282524894894502,-3.7413687793964923,-32.00282401371525,-25.492300341610928,-74.23553843583225,-4.685380159025532,-50.10693553314998
2024-10-15,-10.022204743978502,-4.645692955672976,-12.600763723346464,-7.060940293615914,-0.3183639953145079,-4.505664393453646,-3.7413687793964923,-32.429836780689115,-26.16209269228712,-74.1942166550938,-4.955496604366017,-50.9624197983501
2024-10-16,-10.022204743978502,-4.1247402967912405,-11.524472927425588,-6.635411001251779,0.0,-4.96909839765034,-3.7413687793964923,-31.474474073281222,-25.81379780827384,-75.54752036803943,-3.9820648188740204,-50.53467766575004
2024-10-17,-10.022204743978502,-4.717048726202055,-11.686851501511752,-7.0681487373778324,0.0,-5.243729108295215,-3.7413687793964923,-31.463621815115093,-26.17548629085219,-75.75413419773527,-3.7102472353262805,-50.290253589978576
2024-10-18,-10.022204743978502,-4.909729995775081,-12.00873081184477,-7.125849303246168,0.0,-5.432538949559684,-3.7413687793964923,-31.90873291325437,-25.920967037234877,-76.67355551842441,-3.985458994630453,-50.53467766575004
2024-10-21,-10.022204743978502,-4.966821145612399,-12.251579213514196,-6.902266488792385,0.0,-4.926191236816468,-3.7413687793964923,-31.8128353499436,-25.559278554656515,-76.115702857949,-4.255575439970938,-49.954170485792815
2024-10-22,-10.022204743978502,-5.30222484526699,-11.596322945480619,-7.81824508840856,0.0,-5.664262499370631,-3.7413687793964923,-31.733222914415183,-25.894174729994624,-76.12603268738319,-3.3687882938360225,-49.09868622059269
2024-10-23,-10.022204743978502,-5.780350975003168,-11.69691022995969,-7.94806861029792,-1.0859284803718228,-6.059043736690595,-3.7413687793964923,-31.86349719614049,-26.30944782705349,-75.80578580790791,-3.3483989373231604,-48.79315612587837
2024-10-24,-10.022204743978502,-5.180910235246461,-11.679670610903193,-7.09700452294082,-0.3388983672328094,-5.269481262050735,-3.7413687793964923,-32.612586111994545,-26.363027331423904,-73.94628104465953,-3.39596600186175,-48.487626031164034
2024-10-25,-10.022204743978502,-5.423539455287473,-11.92108009365297,-7.464833249436619,-0.1202554072896711,-5.8015745808367765,-3.7413687793964923,-32.4768857011861,-24.75552977788912,-73.5537204331415,-3.7782036563777543,-49.251451267949854
2024-10-28,-10.022204743978502,-4.45301168609994,-11.740022981590636,-6.721956347425451,-0.04737442064195463,-5.672840002909885,-3.7413687793964923,-32.44431544562143,-24.03215281273241,-76.1466948092533,-3.407639050226874,-49.801405438435644
2024-10-29,-10.022204743978502,-4.8669143556529075,-11.349164639047082,-7.500897478761537,0.0,-6.496738682557068,-3.7413687793964923,-32.598114187595286,-24.005360505492146,-75.76446402716945,-2.993347091490983,-49.434769324778436
2024-10-30,-10.022204743978502,-4.959688835266485,-10.50710243526739,-7.486469585980049,0.0,-6.230685475451403,-3.7413687793964923,-32.01367627188141,-23.88479767796602,-70.60950476324837,-2.1473224570655813,-49.70974641002134
2024-10-31,-10.022204743978502,-5.56626188536905,-10.1579179254351,-8.741432131786686,-1.8002492799668257,-6.041875634186955,-3.7413687793964923,-31.982919219699813,-24.246486160544368,-72.03512467123849,-2.1082529829052232,-49.801405438435644
2024-11-01,-10.022204743978502,-6.6010131147397955,-9.534276761664884,-9.989175228573755,-1.7894890566164445,-6.041875634186955,-3.7413687793964923,-31.01669751359276,-24.63496695036299,-72.48966918536509,-1.6478682794103694,-49.343110296364145
2024-11-04,-10.022204743978502,-4.831231025876659,-11.22414999290806,-8.351961566118648,-1.879142992424221,-5.39820929226501,-3.7413687793964923,-32.83333182794763,-23.25519123309516,-71.2706631070708,-3.5484203878658693,-49.09868622059268
2024-11-05,-10.022204743978502,-4.781283075408638,-9.532837842745224,-7.666779727346984,-1.7285261313205846,-5.183653844957703,-3.7413687793964923,-31.14516533246818,-23.2953822490106,-72.41735545332236,-1.6274870235556071,-48.854262144821206
2024-11-06,-10.022204743978502,-5.052452425856613,-9.908005117069651,-8.55390804402899,-4.3356608335574425,-4.994850551405872,-3.7413687793964923,-31.420192560851255,-22.304087321561383,-71.62190193785037,-2.4904906374212166,-47.90711885120679
2024-11-07,-10.022204743978502,-5.644760855267428,-12.540020788952289,-8.957800999849697,-3.2311313486192983,-4.677306132214509,-3.7413687793964923,-33.44852679584329,-21.366377008592686,-72.179752135324,-3.594731850394328,-47.75435380384961
2024-11-08,-10.022204743978502,-7.000640274577585,-11.788377509286063,-10.566169881999453,-3.6220190066343583,-4.651560526171661,-3.7413687793964923,-32.77362418643466,-24.20629514462892,-72.42768774575829,-3.3195200910901557,-47.32661167124955
2024-11-11,-10.022204743978502,-6.857917844496009,-12.149559862110348,-10.299308891830005,-6.358258878541301,-4.085131002378284,-3.7413687793964923,-31.999204347482145,-24.715338761973648,-69.83471090664473,-2.5482483298871927,-47.44882370913528
2024-11-12,-10.022204743978502,-7.072006934130092,-11.89653624808047,-10.49404692597844,-6.75990675990673,-4.806040710141413,-3.7413687793964923,-32.16204888477211,-25.947759344475095,-69.96900854129603,-2.2254695060444307,-47.63214176596389
2024-11-13,-10.022204743978502,-6.972100144170645,-12.380033561070702,-10.60223411132436,-7.44844723585707,-5.647094396867058,-3.7413687793964923,-32.74286713425305,-25.586070861896737,-69.18388485525824,-2.347789443805459,-47.87656584173534
2024-11-14,-10.022204743978502,-6.979232454516515,-11.95052311554714,-11.179223262121274,-7.900306574435156,-5.389631788725858,-3.7413687793964923,-32.42079098537302,-25.291360592363976,-71.22933886333057,-1.367561206142509,-48.79315612587833
2024-11-18,-10.022204743978502,-6.957824634455434,-12.270264603485225,-11.107100306100259,-6.379770569974874,-5.544111972695598,-3.7413687793964923,-32.05710552614525,-25.03684133874666,-69.28719053860527,-1.5595306025041666,-47.54048273754958
2024-11-19,-10.022204743978502,-6.536789654556574,-12.593219677010559,-10.616656501477028,-5.78805459364351,-5.338134028927522,-3.7413687793964923,-32.7537193924192,-24.84930029817495,-69.02892756173857,-2.37836942824573,-47.78490681332105
2024-11-21,-10.022204743978502,-7.635775233133934,-12.646356897115119,-11.92210016413241,-4.174283749103425,-4.334016106980309,-3.7413687793964923,-32.770004520201546,-24.72873747064883,-65.50619957250167,-1.965551789289477,-47.84601283226391
2024-11-22,-10.022204743978502,-5.844574435186289,-12.593219677010548,-11.662453120353733,-2.818723243903487,-3.106758686473965,-3.7413687793964923,-31.76397996659678,-24.0723387185377,-67.67562138579117,-1.2282622889412953,-47.998777879621066
2024-11-25,-10.022204743978502,-5.930205715430537,-13.340799723727448,-11.22970988159887,-6.157430560224986,-4.471334736159049,-3.7413687793964923,-32.2018517322698,-23.84461177216066,-65.19628252246059,-1.479682415318051,-48.09043690803537
2024-11-26,-10.022204743978502,-5.2594092051447605,-13.069118127705991,-9.974752838421052,-6.031915050094094,-4.728797344300251,-3.7413687793964923,-32.057105526145236,-24.527797721401924,-64.55578630050826,-1.5153577137219765,-48.670944087992595
2024-11-27,-10.022204743978502,-7.072006934130037,-12.486753380945448,-12.693827349077779,-5.329033446521381,-5.818742683340505,-3.7413687793964923,-31.304390203525024,-23.737442543199606,-66.90082752918754,-1.3047081997128784,-49.19034524900696
2024-11-29,-10.022204743978502,-8.584884293236971,-8.821854300551667,-16.170206654527163,-4.7157970234892765,-6.4194953167159285,-3.7413687793964923,-27.9714797262966,-23.014065578042885,-65.25826642506915,0.0,-48.304307974335394
2024-12-02,-10.022204743978502,-8.834656712647304,-9.233946975152485,-16.56689116658595,-5.508341318136933,-6.076205291481718,-3.7413687793964923,-27.844825110804226,-22.103147572314462,-66.80785167527466,-0.6767648303663609,-48.1209899175068
2024-12-03,-10.022204743978502,-8.071074833724534,-8.706007623529366,-15.665340459751276,-5.156896138716993,-6.470986528801648,-3.7413687793964923,-26.751948789204803,-21.848628318697138,-68.57438058461021,0.0,-48.273754964863954
2024-12-04,-10.022204743978502,-8.2280727735213,-8.821854300551667,-14.52577904568132,-4.830552310269798,-7.020254497804002,-3.7413687793964923,-26.90755399402872,-21.728065491171023,-68.56405075517603,-0.2261921913269016,-48.42652001222112
2024-12-05,-10.022204743978502,-6.900733484618082,-8.879678285137416,-13.580955665759797,-5.805985380805034,-6.342258498587383,-3.7413687793964923,-27.45218232171187,-21.245814181066557,-68.19214980252634,-0.2971887170790888,-47.87656584173533
2024-12-06,-10.022204743978502,-8.335122762850055,-8.64797122710308,-14.554629328615476,-5.375646488927677,-7.312046763239888,-3.7413687793964923,-27.593315602136514,-22.07636037518431,-68.22314175383062,-0.7677276781742903,-47.35716468072098
2024-12-09,-10.022204743978502,-7.3860028137235805,-8.94224385016319,-14.734939469982411,-4.43249408844355,-7.037416052595025,-3.7413687793964923,-26.536629202334883,-20.066983323155718,-67.1281010177517,0.0,-46.95997555759235
2024-12-10,-10.022204743978502,-6.615288624454929,-7.945710274360584,-13.602592002303204,-3.2598136038640146,-6.428079367967754,-3.7413687793964923,-27.38523534773265,-20.428666695623974,-67.32438009200983,-0.19217438221579286,-46.165597311335084
2024-12-11,-10.022204743978502,-5.594812904799373,-8.589859458733384,-11.842763261720679,-1.9616263644207432,-5.295226868093639,-3.7413687793964923,-27.944342340348083,-20.254524363727423,-65.10330666854772,-0.7062762945533541,-46.47112740604942
2024-12-12,-10.022204743978502,-8.228072773521312,-10.189533029698461,-13.847816655929213,-3.622019006634314,-5.406793343516902,-3.7413687793964923,-29.25796437790076,-22.062961666509118,-64.30785315307573,-2.22722410108136,-47.234952642835246
2024-12-13,-10.022204743978502,-9.241421627342705,-9.851469307516702,-14.886399328415168,-4.751658597812369,-6.6168892092322125,-3.7413687793964923,-28.892465715289916,-23.616879715673488,-66.1157038431497,-1.5143845700974379,-47.44882370913527
2024-12-16,-10.022204743978502,-9.990727996550309,-9.961053261241059,-16.08366130835347,-4.916625341805558,-8.256089421849556,-3.7413687793964923,-28.892465715289916,-23.456130982342028,-66.79752184584049,-0.7785423835090288,-45.61564314084928
2024-12-17,-10.022204743978502,-9.13437708252568,-7.172647658775999,-15.369634689276468,-5.167656362067364,-9.071404050244913,-3.7413687793964923,-27.824920316788937,-22.53181426793841,-65.82644645197695,0.0,-45.79896119767789
2024-12-18,-10.022204743978502,-11.93891584527128,-8.063496065927023,-18.03100863406485,-5.450959297113078,-10.058353869688485,-3.7413687793964923,-28.052905365208257,-25.050234937311732,-65.14462844928617,-0.7173850212948807,-46.56278643446371
2024-12-19,-10.022204743978502,-11.560696505494539,-6.5690759879376115,-17.55499272222313,-7.039628790680419,-8.685200316464181,-3.7413687793964923,-26.397309125293123,-25.947759344475074,-62.97520663599667,0.0,-46.13504430186365
2024-12-20,-10.022204743978502,-10.989795896144782,-8.473402954168929,-16.285607786263824,-5.730681327886799,-8.024372419751192,-3.7413687793964923,-29.400904121175444,-26.05492346332602,-61.28099392170567,-2.1832119561636443,-45.46287809349212
2024-12-23,-10.022204743978502,-11.981736929905107,-8.610305811382268,-17.454019483267945,-6.318807644678981,-9.097149656287762,-3.7413687793964923,-29.630702372977645,-26.14869398361188,-62.231407193699084,-3.2549411890213653,-45.279560036663526
2024-12-26,-10.022204743978502,-11.789055660332092,-7.8276161430256845,-16.768837644496305,-5.368475925116489,-9.140056817121655,-3.7413687793964923,-22.510717784532407,-26.028131156085756,-61.62190292305105,-1.687100830182986,-44.54628780934914
2024-12-27,-10.022204743978502,-12.295727364986941,-7.8875094300577935,-17.129457927230174,-6.143089432602578,-9.217300182962862,-3.7413687793964923,-29.14758814965771,-26.965841469054443,-63.69834888242768,-2.232503858014445,-44.515734799877706
2024-12-30,-10.022204743978502,-12.28858961012934,-7.620233666728426,-17.30976806859711,-6.541147654428836,-10.032608263645615,-3.7413687793964923,-28.97750427990151,-26.952447870489358,-59.33884313397858,-1.5137792512862513,-44.72960586617772
2025-01-02,-10.022204743978502,-12.36708858002774,-6.386484029027661,-17.63432962463488,-4.6476635343822075,-9.629242975073836,-3.7413687793964923,-27.66931511196502,-27.541863299444792,-62.19008294995885,0.0,-43.84356859150616
2025-01-03,-10.022204743978502,-13.651612228808807,-9.339597883829775,-18.795527375248266,-5.146135915366612,-9.706486340915033,-3.7413687793964923,-29.343002942512364,-28.77428388194624,-65.35123981598024,-2.365081957708637,-44.91292392300632
2025-01-06,-10.022204743978502,-12.388501844600508,-9.324475531183651,-16.79047398103972,-5.3828258080060305,-9.157224919625307,-3.7413687793964923,-28.868941255041534,-27.82317486030237,-62.06611760774348,-1.8936565370815006,-44.0574396578062
2025-01-07,-10.022204743978502,-11.63205772053535,-8.82185430055168,-16.162998210765245,-4.7265572468396355,-9.629242975073826,-3.7413687793964923,-29.844208756464695,-28.921633906602505,-64.36983705568429,-2.9285747913004867,-44.02688664833475
2025-01-08,-10.022204743978502,-12.82380688970286,-9.396757224914564,-16.934725395710558,-4.446835216065925,-9.388941921723648,-3.7413687793964923,-30.231418675941036,-29.939721141291987,-62.283058803871704,-3.1603176431711066,-44.515734799877684
2025-01-09,-10.022204743978502,-12.723900099743435,-9.567817276482682,-16.920297502929095,-3.754705080576415,-9.526260550902366,-3.7413687793964923,-30.175330700660997,-30.663098106448704,-61.76653038713654,-3.082540206832285,-44.271310724106215
2025-01-10,-10.022204743978502,-13.316208529154238,-10.802759161288321,-17.958885678043867,-2.8689259458489658,-9.466185287564844,-3.7413687793964923,-30.91718028404883,-30.622907090533268,-58.79132276593913,-4.212704788307786,-42.49923617476311
2025-01-13,-10.022204743978502,-13.230577248909958,-10.999980129214803,-17.598265395309998,-4.124081047157913,-9.594919865491747,-3.7413687793964923,-29.932866987309392,-30.40857374272129,-59.3595052558487,-3.080958318529947,-41.76596394744871
2025-01-14,-10.022204743978502,-12.959397009438545,-10.189533029698495,-16.538040883651806,-3.9806347498654415,-9.543422105693411,-3.7413687793964923,-29.92563439537619,-30.63630579920844,-59.00826642506913,-3.279367983398207,-42.01038802322018
2025-01-15,-10.022204743978502,-10.475991881144065,-10.413497333546108,-13.184271153701,-2.725479648556506,-9.114311211078785,-3.7413687793964923,-30.67834297746338,-30.060283968818112,-57.82024737207557,-3.8920658689206578,-41.49098686220582
2025-01-16,-10.022204743978502,-11.48933529045375,-11.133737920789477,-13.833388763147747,-1.5097757811098456,-10.041192314897419,-3.7413687793964923,-30.387030621297985,-30.033491661577848,-56.01239914500336,-4.568258782999601,-42.01038802322018
2025-01-17,-10.022204743978502,-10.832803400859724,-10.525061513783719,-13.948789894884417,-1.5850798340280803,-10.20425655011904,-3.7413687793964923,-29.540230938750067,-28.466174903738306,-59.214877791763186,-3.9698433052594906,-40.8188206538343
2025-01-21,-10.022204743978502,-10.076359276794545,-9.794885533999842,-12.94626594909456,-1.2013627398241966,-10.959489367464236,-3.7413687793964923,-29.699455809806917,-27.260551738587214,-61.19834789722696,-4.288892767500741,-40.11610143599134
2025-01-22,-10.022204743978502,-10.276172856713451,-10.077132906088515,-12.96068833924724,-0.7495034012461099,-10.950905316212388,-3.7413687793964923,-30.066767675800833,-28.318824879082037,-59.090909986546045,-4.43650792329251,-40.8188206538343
2025-01-23,-10.022204743978502,-10.6543976410019,-11.243520582364653,-12.946265949094549,-0.9108804857001163,-11.15688325998051,-3.7413687793964923,-31.28991827912573,-28.412595399367902,-59.24586974306748,-5.709526857965663,-40.14665444546277
2025-01-24,-10.022204743978502,-10.74002892124617,-11.407680675113252,-13.025602851506314,-0.40164788136533014,-10.985234973507085,-3.7413687793964923,-31.36229138218809,-27.890153073347978,-58.39876215442108,-5.9682602059421885,-40.5438435685914
2025-01-27,-10.022204743978502,-8.884610107627033,-11.08619878048186,-10.98449073060166,-1.8289402904786645,-11.08822394539114,-3.7413687793964923,-31.443717021099605,-26.858677350203543,-61.80785216787499,-6.204763860406926,-41.09379773907719
2025-01-28,-10.022204743978502,-9.548279752078637,-11.625608371493135,-10.970062837820171,-0.7781944117580264,-10.762095474947941,-3.7413687793964923,-31.183161717115794,-27.327529951632833,-64.1425635671201,-6.466668553831678,-40.69660861594856
2025-01-29,-10.022204743978502,-9.940774601570546,-12.326574297207904,-11.21528749144618,-0.6957110397614263,-10.97665092225526,-3.7413687793964923,-31.888828119239054,-27.635633819730664,-63.48140522329766,-7.04603325235178,-39.260617170791214
2025-01-30,-10.022204743978502,-7.393135124069461,-12.326574297207904,-8.799132697654999,0.0,-9.654995128829313,-3.7413687793964923,-31.706078787933635,-25.934360635799912,-68.52272897443754,-7.036511647163534,-40.0855484265199
2025-01-31,-10.022204743978502,-8.035402392971703,-12.326574297207904,-8.763068468330093,-0.37194473963868546,-9.637827026325663,-3.7413687793964923,-31.047461306307355,-26.992633776294728,-68.55372092574183,-6.753974286216424,-41.09379773907719
2025-02-03,-10.022204743978502,-8.170992512707398,-12.764581216352312,-8.907314380372123,0.0,-9.48334684235591,-3.7413687793964923,-31.91597224572057,-27.22036072267179,-65.37190193785034,-7.29206608084827,-40.268866483348496
2025-02-04,-10.022204743978502,-8.713342102626765,-13.902485150014044,-9.303998892430897,0.0,-10.032608263645637,-3.7413687793964923,-32.33937208699452,-28.359010784887385,-66.39462894188651,-7.838097592366,-39.566147265505535
2025-02-05,-10.022204743978502,-8.427886353440172,-14.262084692026711,-8.265410717316135,0.0,-9.886712130927677,-3.7413687793964923,-32.41174519005672,-28.90824030803746,-65.28925837637343,-8.617461412900251,-39.7189123128627
2025-02-06,-10.022204743978502,-7.9069445835818435,-13.331275450878277,-7.486469585980037,-0.5432545314712378,-9.895296182179525,-3.7413687793964923,-31.208492640214246,-27.68921843421117,-64.79338961850661,-7.89048155858837,-39.47448823709122
2025-02-07,-10.022204743978502,-9.084423687545884,-14.10834648345336,-9.109266360911295,-0.14974399923006754,-9.689318238411404,-3.7413687793964923,-31.060126767856588,-28.935032615277713,-65.81611662254276,-8.563495558375534,-40.421631530705646
2025-02-10,-10.022204743978502,-8.43502955280947,-14.378294524776368,-8.654881282984162,0.0,-10.135597235529692,-3.7413687793964923,-30.6204417988003,-27.675819725535998,-64.42148866585691,-7.885720755994264,-39.932783379162714
2025-02-11,-10.022204743978502,-7.692855493947759,-14.41528159300648,-7.789394805474393,-0.06176607754746488,-9.732231946957913,-3.7413687793964923,-31.034795844757966,-27.98392870374393,-63.64669480925327,-8.144446535127237,-40.8493736633057
2025-02-12,-10.022204743978502,-9.298512777179969,-14.210900290455953,-9.87377959946587,-0.18186352603797307,-10.049776366149278,-3.7413687793964923,-31.69522652976733,-28.948426213842783,-63.17148817325656,-8.50000052981905,-40.08554842651988
2025-02-13,-10.022204743978502,-8.84892677785074,-13.981687358549022,-9.36169945829921,0.0,-9.560590208197128,-3.7413687793964923,-32.371935602026,-28.533158226894006,-62.52066212187006,-8.501589986964941,-39.68835930339124
2025-02-14,-10.022204743978502,-6.543921964902366,-13.383508207661944,-6.584918879145341,-1.445702385567471,-8.702368418967888,-3.7413687793964923,-31.814641812793642,-27.675819725535987,-61.51859723970402,-8.461906540222575,-39.35227619920547
2025-02-18,-10.022204743978502,-6.2798849248002835,-14.00554600463596,-5.878106206459099,0.0,-8.093031734340606,-3.7413687793964923,-31.744075172581333,-27.930344089263393,-58.60537352111517,-9.331748316575661,-38.64955698136251
2025-02-19,-10.022204743978502,-7.157638214374251,-14.669394674218395,-7.2340419912209075,-0.41616164913672593,-8.04153397454227,-3.7413687793964923,-32.25432678184994,-28.11788512983512,-55.785123193437414,-9.704763633341607,-39.19951115184831
2025-02-20,-10.022204743978502,-6.929284504048427,-14.37398462001227,-7.645143390803543,0.0,-8.015788368499422,-3.7413687793964923,-31.555899712192748,-28.385803092127617,-57.10743988108228,-9.201586914014449,-39.13840513290544
2025-02-21,-10.022204743978502,-7.27182051404891,-14.011863543892765,-8.561121990419718,-0.08162933142006334,-7.869892235781462,-3.7413687793964923,-30.980514332327992,-28.894841599362252,-56.26032982943412,-9.503175054181556,-39.96333638863413
2025-02-24,-10.022204743978502,-8.442161863155363,-14.517677804127437,-9.303998892430876,0.0,-8.101609237879837,-3.7413687793964923,-30.51549844017327,-29.256530081940603,-58.739671155766494,-9.031749633554432,-41.03269172013428
2025-02-25,-10.022204743978502,-8.049667013663452,-13.226604377465367,-8.532271707485538,-1.4722312080286182,-8.530720132494451,-3.7413687793964923,-30.236851545557098,-29.229737774700336,-56.88016885551988,-8.28889034547078,-41.368774824320056
2025-02-26,-10.022204743978502,-8.877472352769434,-13.278967322151269,-9.534795653275395,-1.0549833625931093,-8.367662444985458,-3.7413687793964923,-30.325509776401805,-29.24313648337551,-59.64876264702146,-8.884126908919098,-41.55209288114865
2025-02-27,-10.022204743978502,-8.90601792768807,-12.593219677010591,-9.332849175365055,-2.1947811430243935,-8.942669472318022,-3.7413687793964923,-29.471470761387852,-28.86805440223208,-59.3595052558487,-7.909524768964826,-43.20195539260604
2025-02-28,-10.022204743978502,-10.261902791509947,-12.858254838022187,-11.59033016433273,-3.768779714239767,-9.53483805444163,-3.7413687793964923,-29.540230938750124,-30.596114783292993,-60.39256208931904,-7.317459550964712,-44.576840818820514
2025-03-05,-10.022204743978502,-10.190541576469148,-10.2182702961226,-10.140640589635286,-1.1058670441864926,-8.813934894391085,-3.7413687793964923,-28.926842433704525,-30.56932247605274,-54.0289290395396,-6.576189720026937,-46.196150320806474
2025-03-06,-10.022204743978502,-9.9978603068961,-11.02369488340983,-10.118998750463037,-1.0617661971023984,-8.607963498335614,-3.7413687793964923,-30.25494313618947,-29.738781392045077,-55.557852167875,-8.887305823210866,-45.06568897036346
2025-03-07,-10.022204743978502,-8.741887677545424,-10.747360782881465,-9.23187593640986,-1.4654483735193624,-8.19601415851199,-3.7413687793964923,-29.565561861848554,-29.256530081940603,-54.55578482270717,-8.523812111633156,-44.3629697525205
2025-03-10,-10.022204743978502,-9.098699197261073,-10.02081636037101,-10.061303687223521,-1.9301843423690013,-8.384823999776447,-3.7413687793964923,-29.326724555263105,-30.381781435481013,-53.60537155071374,-8.207941563683685,-43.93522761992044
2025-03-11,-10.022204743978502,-9.769501152058558,-8.937420045784961,-10.4579826966535,-1.1872859038454142,-7.681082394516958,-3.7413687793964923,-27.980532262145907,-31.118557109312906,-53.99793462523353,-7.096827761428193,-44.210204705163335
2025-03-12,-10.022204743978502,-9.53400968687509,-8.99510013847874,-10.277672555286566,-0.2985109732017599,-8.058702077045876,-3.7413687793964923,-29.00826807261616,-31.44005457597583,-57.80991754264141,-7.80000360276949,-45.15734799877775
2025-03-13,-10.022204743978502,-8.335122762849977,-9.396757224914598,-7.5225338153049215,0.0,-7.312046763239877,-3.7413687793964923,-29.20186966208774,-30.140655780428773,-57.53099244390458,-7.971430340375396,-44.57684081882053
2025-03-14,-10.022204743978502,-5.80175879506406,-9.624688833783546,-3.8514219783359116,0.0,-7.929967499118973,-3.7413687793964923,-29.075215046595392,-28.22504924868604,-57.60330617594733,-7.9603192780412835,-45.55453712190639
2025-03-17,-10.022204743978502,-4.431603866038724,-9.96444499869462,-2.6325236618541914,0.0,-7.586677473884739,-3.7413687793964923,-30.11742952199793,-27.555256898009837,-58.491735545332176,-8.879366106324959,-43.660250534677544
2025-03-18,-10.022204743978502,-4.017701196485723,-10.913364062246188,-2.9642991642827132,0.0,-7.535186261799042,-3.7413687793964923,-31.224777767996624,-27.059611989340283,-58.140496714552626,-9.871921543184236,-43.93522761992045
2025-03-19,-10.022204743978502,-3.2041713670949545,-10.913364062246188,-2.0699569012099572,0.0,-7.054577607386059,-3.7413687793964923,-31.324294997540502,-26.791694027047797,-56.126032194782795,-9.966668326766314,-43.53803849679182
2025-03-20,-10.022204743978502,-3.7108485162615,-11.51678498919776,-2.704652120504014,0.0,-7.638168685970436,-3.7413687793964923,-31.18497492049893,-26.791694027047797,-58.93595269302638,-10.347623360418146,-42.682554231591695
2025-03-21,-10.022204743978502,-3.4468005871359675,-11.571237792314593,-2.069956901209935,-0.7171068693462179,-7.552347816590044,-3.7413687793964923,-30.931658948981177,-27.434699180593825,-58.88429861985198,-9.93809594235806,-43.26306141154892
2025-03-24,-10.022204743978502,-4.110475676099279,-10.469313683639204,-2.106021130534863,-0.884865208675989,-7.415035735123954,-3.7413687793964923,-30.680149440313464,-27.461486377723986,-59.566116622542765,-9.053971758222623,-43.232508402077485
2025-03-25,-10.022204743978502,-3.553850576464712,-10.636358466221985,-1.5001706915461321,-0.5361858167146516,-7.526602210547195,-3.7413687793964923,-30.857472642535743,-27.876759474782876,-60.33058064971222,-8.55873475578136,-44.05743965780617
2025-03-26,-10.022204743978502,-3.2255791871560024,-11.734185081973758,-1.283807326111952,-0.6282926860608717,-7.39786763262027,-3.7413687793964923,-31.248302228245016,-27.260551738587203,-60.11363699058221,-9.549208760663873,-44.85181790406343
2025-03-27,-10.022204743978502,-2.747453057419813,-11.571237792314593,-1.572299150195977,0.0,-7.621007131179414,-3.7413687793964923,-31.031176178525065,-27.153382509626155,-59.19421566989307,-8.99206618681202,-45.00458295142059
2025-03-28,-10.022204743978502,-3.589523017217522,-11.023694883409807,-1.968983662254764,0.0,-7.337792369282726,-3.7413687793964923,-31.17954205088275,-28.29203257184174,-58.0061990799013,-8.900006342690837,-44.607393828291976
2025-03-31,-10.022204743978502,-4.874046665998611,-10.525061513783761,-3.7432292903611497,0.0,-7.25197149990231,-3.7413687793964923,-30.327316239251857,-29.363699310901637,-57.448348882427666,-8.601589547971965,-44.11854567674903
2025-04-01,-10.022204743978502,-4.246065795834985,-11.51678498919777,-2.906598598414367,-0.12489260994595908,-7.312046763239854,-3.7413687793964923,-31.264587356027363,-28.908240308037424,-59.183885840458906,-9.549208760663886,-43.56859150626323
2025-04-02,-10.022204743978502,-3.982017866709453,-11.950523115547185,-2.61088732531074,0.0,-7.294885208448831,-3.7413687793964923,-31.36410458557124,-29.618218564518962,-58.1095072262501,-9.820635059276873,-44.057439657806164
2025-04-03,-10.022204743978502,-4.2032392666894065,-11.353029164145646,-0.9880960530083027,-1.3662824828182374,-5.956054764806618,-3.7413687793964923,-30.658438183447977,-31.58740971074222,-57.25206734516777,-10.100001074775744,-44.0879926672776
2025-04-04,-10.022204743978502,-7.0934147541910075,-10.747360782881465,-4.154341695201391,-4.0733751495797605,-6.007552524604954,-3.7413687793964923,-30.338175237951013,-33.811120110582785,-60.36157260101651,-10.625399918771128,-43.75190956309184
2025-04-07,-10.022204743978502,-8.313714942788897,-7.82761614302574,-4.680844226520698,-6.006556240052296,-6.282183235249805,-3.7413687793964923,-27.34361929685194,-34.89618555831786,-62.24173702313325,-7.301110848892678,-43.23250840207747
2025-04-08,-10.022204743978502,-9.505464111956396,-7.352197331970178,-5.26504732370835,-5.461957557054131,-6.496738682557101,-3.7413687793964923,-27.58426980682045,-37.09310365091816,-64.20454746972868,-6.133336683808032,-42.68255423159167
2025-04-09,-10.022204743978502,-6.65810426457697,-5.213230653906342,-3.281635768672042,-2.6561325181575612,-6.900097423416263,-3.7413687793964923,-25.37680590675612,-33.904890630868636,-60.578513797144765,-4.550797460925415,-42.07149404216302
2025-04-10,-10.022204743978502,-7.728538823723974,-8.531672318420336,-4.608726773128513,0.0,-7.140405024479046,-3.7413687793964923,-28.588487897575334,-34.079038072875264,-63.254134197735254,-7.64920953268593,-40.971585701191415
2025-04-11,-10.022204743978502,-6.729470924129477,-4.899566885405083,-3.966823110072515,0.0,-6.368004104630209,-3.7413687793964923,-25.930480029755554,-33.42263932076415,-63.564051247776355,-6.598411844695152,-40.08554842651987
2025-04-14,-10.022204743978502,-5.38785612551107,-4.520439158054201,-2.3079676084451717,-0.540000701614507,-5.604187236033198,-3.7413687793964923,-26.17836987219013,-31.84192896435952,-65.65082703658716,-6.917461306936401,-40.72716162541996
2025-04-15,-10.022204743978502,-5.566261885368895,-4.710376455449272,-2.098801681515239,-0.10862144041456911,-6.196355818156807,-3.7413687793964923,-26.048088849931638,-33.3288688004783,-65.6095052558487,-7.076195093905846,-41.18545676749146
2025-04-16,-10.022204743978502,-6.215661464617039,-4.583833814457494,-2.957079715263089,0.0,-5.5612735274866765,-3.7413687793964923,-25.602977751792345,-33.904890630868636,-66.45661284449508,-6.593651042101046,-40.81882065383427
2025-04-17,-10.022204743978502,-5.245133695429482,-4.010184805153171,-2.416149291162284,-0.5380913232397977,-5.981800370849499,-3.7413687793964923,-25.159679857036153,-33.50301624248493,-66.4772749663652,-6.898418096559933,-41.06324472960574
2025-04-22,-10.022204743978502,-4.688508595794927,-4.010184805153171,-1.2188873112239929,0.0,-7.00308639530035,-3.7413687793964923,-25.42566129010312,-33.27528418599777,-68.9359517078257,-7.823815184583626,-41.857622975862995
2025-04-23,-10.022204743978502,-3.4111172573597415,-6.81145160196206,0.0,-3.660903264303972,-6.47098652880167,-3.7413687793964923,-27.522748961924226,-31.84192896435951,-68.78099195130426,-9.207937173754432,-42.31591811793448
2025-04-24,-10.022204743978502,-1.6627429885576528,-7.232568353787605,0.0,-2.023054805937008,-6.024714079395999,-3.7413687793964923,-27.909965621933598,-30.797054532539892,-69.73140522329768,-9.469841867179174,-41.67430491903439
2025-04-25,-10.022204743978502,-1.5628361985982053,-7.292420528850585,0.0,-3.4815380141262398,-5.587019133529536,-3.7413687793964923,-28.04928569897518,-31.66778663246298,-69.65909149125493,-9.861907963165129,-41.490986862205794
2025-04-28,-10.022204743978502,-1.3273392889030622,-7.41189191115147,0.0,-2.0083523831887717,-5.106417026829191,-3.7413687793964923,-28.463639744932856,-31.73476484550859,-67.2520663599671,-9.766669204752166,-41.88817598533441
2025-04-29,-10.022204743978502,-1.263115828719874,-7.41189191115147,0.0,-2.4111973307062273,-4.737381395552087,-3.7413687793964923,-28.099947545172054,-31.681180231028062,-65.0206631070708,-10.271427812381662,-43.721356553620396
2025-04-30,-10.022204743978502,-1.3416147986182514,-8.122286181787441,0.0,-2.8169856343402633,-4.737381395552087,-3.7413687793964923,-28.54687184669458,-32.9805790265751,-65.64049720715299,-10.793655310928818,-42.89642529789172
2025-05-02,-10.022204743978502,-1.227432498943637,-7.9457102743606285,-1.0143905342375192,-4.96648271169533,-4.4970803422019205,-3.7413687793964923,-29.42442858142391,-32.752846970087944,-62.499999999999964,-9.887301433281593,-43.62969752520611
2025-05-05,-10.022204743978502,-2.4620081972567043,-7.886707746659727,-1.603835802454412,-2.6317336719293816,-5.037757712239799,-3.7413687793964923,-29.0842608419115,-33.07434954686096,-63.32644792977802,-10.049206565699265,-45.432325084020654
2025-05-06,-10.022204743978502,-2.319274878151689,-7.64990965644774,-2.5702537058778896,0.0,-4.565739656791279,-3.7413687793964923,-28.369548644472143,-32.940388010659674,-64.22520712859703,-9.74127573463569,-45.310113046134916
2025-05-07,-10.022204743978502,-2.511956147724703,-6.99239223011181,-2.1452979814681417,-0.8794043752944014,-4.179535923010535,-3.7413687793964923,-27.723596624395075,-32.659076449802086,-62.59297585391283,-9.320637254241504,-46.10449129239218
2025-05-08,-10.022204743978502,-0.44958599932909404,-6.750969043372357,0.0,-3.3651816841710147,-3.2784069729473675,-3.7413687793964923,-27.74892754749352,-31.74815844407365,-62.89256307451976,-8.81587864661203,-46.348915368163645
2025-05-09,-10.022204743978502,-0.2069567792880589,-8.763975500007104,0.0,-2.2278244174124717,-3.0209378170935497,-3.7413687793964923,-29.85325455178105,-33.342267509153466,-60.79545499327301,-10.133334261778115,-46.043385273449324
2025-05-12,-10.022204743978502,-0.14986562945074056,-8.937420045784938,-1.9205659826493582,-5.610597051733846,-3.0209378170935497,-3.7413687793964923,-29.912968933827056,-31.45345328465099,-62.33471287704613,-10.346033903272268,-46.19615032080648
2025-05-13,-10.022204743978502,0.0,-9.681491871135817,0.0,-5.015531993129074,-2.952278502504202,-3.7413687793964923,-30.842993977603474,-30.5827211847279,-62.32438058461018,-10.003180428060453,-46.71555148182084
2025-05-14,-10.022204743978502,-0.358494676317056,-9.96444499869461,0.0,-6.742100210590429,-3.1153427377257903,-3.7413687793964923,-31.297157611592052,-30.408573742721266,-63.925619907990104,-11.103667573969144,-46.410021387106504
2025-05-15,-10.022204743978502,0.0,-9.510870347238454,0.0,-5.590079047632535,-2.883619187914821,-3.7413687793964923,-30.43226633841176,-29.84595062100611,-65.26859625450332,-10.531750617504077,-45.187901008249185
2025-05-16,-10.022204743978502,-0.0840596267513094,-8.706007623529388,-2.5207455053217753,-6.724509260440081,-2.7806367637433826,-3.7413687793964923,-29.393671529242326,-30.04688526014292,-65.55785118267431,-9.820635059276894,-45.79896119767785
2025-05-19,-10.022204743978502,0.0,-9.052691155239401,-2.0865740460587534,-5.349709949707615,-2.480260447055682,-3.7413687793964923,-29.556516066532502,-30.18084679634422,-67.84091097174678,-10.179784254655855,-45.310113046134916
2025-05-20,-10.022204743978502,0.0,-8.99510013847874,-1.4644956313907165,-3.8429928260698576,-2.5489132139324244,-3.7413687793964923,-29.551089937449337,-30.381781435481024,-64.59710808124672,-10.404768129234665,-44.45462878093478
2025-05-21,-10.022204743978502,-1.5471469340830657,-8.18099407370958,-3.4409101641802997,-2.992901929951941,-2.9608625537560274,-3.7413687793964923,-28.966652021735463,-31.091764802072674,-65.20661235189476,-10.04285630595929,-43.66025053467752
2025-05-22,-10.022204743978502,-1.9583334795514218,-8.18099407370958,-3.8491460338818118,-3.491231075952106,-3.123926788977649,-3.7413687793964923,-28.959412689269215,-31.279305842644376,-66.39462894188655,-10.401589214942886,-43.41582645890606
2025-05-23,-10.022204743978502,-1.5819946933997908,-7.41189191115147,-3.570509009922984,-1.401178579346829,-2.4974220018467053,-3.7413687793964923,-28.105380414788282,-31.21232762959878,-65.55785118267433,-9.26667139971682,-43.84356859150612
2025-05-27,-10.022204743978502,-0.34845632508098134,-7.352197331970157,-1.9245730169409336,-3.291897986229786,-1.8537556599247607,-3.7413687793964923,-28.12347200542067,-31.198928920923585,-64.89669530185365,-10.053967368293392,-43.84356859150612
2025-05-28,-10.022204743978502,-0.8293277551396638,-8.239626593688264,-2.345781625302268,-3.453122121700425,-2.0768951584839046,-3.7413687793964923,-29.243485712968564,-31.82853536579444,-66.90082752918754,-10.517460640878173,-44.88237091353485
2025-05-29,-10.022204743978502,-1.0453689752429995,-8.239626593688264,-3.5251439756460945,-2.7642553610531473,-2.1198023193177984,-3.7413687793964923,-29.37014706899396,-32.01607640636615,-63.61570285794902,-9.703174176195695,-45.37121906507778
2025-05-30,-10.022204743978502,-2.188305296146942,-7.471511118389362,-4.004670581427905,-3.590901199118779,-2.3858555264234638,-3.7413687793964923,-28.731427640849915,-34.132622687355784,-64.39049671455265,-10.077778950107529,-45.737855178734975
2025-06-02,-10.022204743978502,-2.3067898046324253,-6.750969043372357,-4.548991666201985,-1.195984225111446,-2.720561500405849,-3.7413687793964923,-28.004049981861357,-33.610180361335864,-61.83884411917931,-9.193654765972092,-46.44057439657794
2025-06-03,-10.022204743978502,-1.7562228559402926,-6.750969043372357,-3.492751680029016,-1.7939834942783284,-2.8063823697862422,-3.7413687793964923,-27.96243393098059,-32.99397262514019,-61.54958919100832,-9.961907524172208,-46.410021387106504
2025-06-04,-10.022204743978502,-2.0977138827751873,-7.886707746659738,-4.4388321529328145,-1.1109779981441137,-2.677647791859339,-3.7413687793964923,-29.08788050814467,-33.02076493238045,-61.611570630615134,-10.511110381138177,-46.37946837763507
2025-06-05,-10.022204743978502,-2.6413048991780874,-7.6499096564477505,-5.903317896565385,-1.7793267546900804,-2.248536897244713,-3.7413687793964923,-28.619244949756826,-31.654387923787798,-62.014463534569096,-10.601588336957013,-46.287809349220765
2025-06-06,-10.022204743978502,-2.8085571294293787,-8.18099407370958,-6.143086143335353,-2.6001041716315343,-2.634740631025445,-3.7413687793964923,-29.62526950336177,-31.694573829593132,-60.90909296905601,-11.355558687374788,-45.92117323556357
2025-06-09,-10.022204743978502,-3.024608983575816,-8.879678285137471,-6.972530621398176,-2.324553173405941,-2.5060060530985306,-3.7413687793964923,-30.435879264111875,-30.43536604996152,-62.448348389827345,-11.703180534024272,-47.02108157653516
2025-06-10,-10.022204743978502,-2.5088897942004307,-8.821854300551724,-7.173410315463025,-2.65286986547143,-3.3642278423277827,-3.7413687793964923,-30.434072801261834,-30.221032702149554,-63.50206734516781,-11.793650920999566,-46.37946837763506
2025-06-11,-10.022204743978502,-2.0559008252123867,-8.531672318420359,-6.156039106478939,-2.641140179834167,-3.184002052315138,-3.7413687793964923,-30.399696082847306,-31.413262268735565,-63.77066261447044,-11.553968352243027,-46.5933394439351
2025-06-12,-10.022204743978502,-1.5332163375908925,-8.531672318420359,-5.514521359337399,-0.8940611148826161,-2.720561500405838,-3.7413687793964923,-30.553494824821172,-31.815136657119258,-63.925619907990104,-12.130161705314912,-46.41002138710649
2025-06-13,-10.022204743978502,-2.014077133606429,-7.7684560194431596,-6.162525475808856,0.0,-2.883619187914821,-3.7413687793964923,-30.034197420236463,-32.00268280780109,-63.00619858730098,-12.106350123500786,-45.67674915979211
2025-06-16,-10.022204743978502,-0.5505669486921105,-8.0634960659271,-4.147232278072266,-1.0142238669664239,-2.2485368972446906,-3.7413687793964923,-30.43769246749496,-30.837240438345226,-61.28099392170567,-12.080956653384323,-46.86831652917799
2025-06-17,-10.022204743978502,-0.864175514456389,-8.902008936371642,-3.777865185559648,-1.299832541102508,-2.2485368972446906,-3.7413687793964923,-31.344199791555837,-32.846617490373816,-60.216942673929275,-12.844448608990334,-47.265505652306615
2025-06-18,-10.022204743978502,-0.9129645043084333,-9.453848046050839,-3.900987549730539,-1.2065721302429666,-2.1627160278642976,-3.7413687793964923,-31.6192270199391,-32.57869952808131,-58.79132276593915,-12.809525964842095,-47.02108157653515
2025-06-20,-10.022204743978502,-2.0280183641417704,-9.282363170801688,-4.847077910392461,-1.8390025184651382,-1.75935073929252,-3.7413687793964923,-31.595709300223728,-34.33355732649258,-60.25826691766952,-12.857149128470358,-47.601588756492376
2025-06-23,-10.022204743978502,-2.4601008043484085,-8.879678285137494,-5.488595657534001,-1.5592212858865584,-1.9138309232623052,-3.7413687793964923,-31.72960324818216,-34.681852210505845,-61.79752233844085,-12.406348806522027,-48.76260311640682
2025-06-24,-10.022204743978502,-1.9862053065789476,-8.53167231842038,-4.276831123814984,-3.316625391920369,-1.8022644478390193,-3.7413687793964923,-31.86892332522373,-34.13262268735578,-63.460745564429345,-12.796825445362103,-49.129239230064016
2025-06-25,-10.022204743978502,-3.0037024547944324,-8.122286181787475,-5.02851827198384,-3.0339197655931294,-2.214207239950017,-3.7413687793964923,-31.172309458949798,-35.15070481193514,-64.81405174037673,-12.534920751937372,-49.86251145737841
2025-06-26,-10.022204743978502,-2.0628661234584733,-6.750969043372379,-4.3027568256184034,-2.8473989438740577,-1.8022644478390082,-3.7413687793964923,-30.596917338552,-34.132622687355784,-66.31198538040961,-11.779368513217248,-49.9541704857927
2025-06-27,-10.022204743978502,-2.237094285998964,-8.0634960659271,-4.21202675706458,-4.590230888357527,-1.5533793432370047,-3.7413687793964923,-31.487139534830543,-34.27997271201206,-61.37396731261677,-13.061909053078647,-48.97647418270685
2025-06-30,-10.022204743978502,-0.808421226358258,-7.768456019443171,-2.4105761042945595,-3.9869448232360494,-0.9612042134007792,-3.7413687793964923,-31.407527099302122,-33.690557283056656,-64.2975208606398,-13.041268816712737,-48.60983806904966
2025-07-01,-10.022204743978502,-0.2717955082014667,-8.122286181787485,-2.0606582320135236,-2.754138533014505,-0.9354586073579307,-3.7413687793964923,-31.73322291441526,-33.58338805409561,-64.72107588646388,-13.806350229464638,-48.67094408799252
2025-07-02,-10.022204743978502,-0.6272277655716807,-7.471511118389406,-3.2529834332590712,-2.4248062589141473,-0.9526201621489538,-3.7413687793964923,-31.136119537151973,-31.694573829593132,-63.966944151730345,-13.35238613091162,-47.5404827375495
2025-07-03,-10.022204743978502,0.0,-8.063496065927112,-1.3024946022728856,-2.902770311640035,-0.7552328173452971,-3.7413687793964923,-31.604755095539815,-30.850639147020388,-64.78305978907244,-13.866666343729328,-47.265505652306615
2025-07-07,-10.022204743978502,-0.9966104136347131,-8.356665517815486,-2.4494646569996448,-2.8852879869675663,-1.021279476738346,-3.7413687793964923,-32.14214409075692,-31.413262268735554,-64.75206783776815,-13.977776967070522,-48.91536816376401
2025-07-08,-10.022204743978502,-1.1557880167872847,-7.531054953683891,-3.1687496217932876,-3.6197235060421162,-1.4246447653101013,-3.7413687793964923,-31.943109631669163,-31.855327673034683,-65.49586974306752,-12.893653660920934,-49.77085242896413
2025-07-09,-10.022204743978502,-2.4500023602596843,-8.356665517815475,-4.147232278072266,-3.485656773653678,-1.6992754759549644,-3.7413687793964923,-32.898472339077045,-32.35097258170424,-66.79752184584049,-13.553967141228107,-49.587534372135536
2025-07-10,-10.022204743978502,-2.9690694039905985,-6.019134880833477,-5.870925600948307,-3.3166253919203026,-1.982490237851653,-3.7413687793964923,-30.890042898100468,-31.76155715274882,-65.5268616943718,-11.400002936711285,-50.22914757103562
2025-07-11,-10.022204743978502,-3.328958844568908,-7.1126378878314185,-6.473564683142852,-2.1916516741086522,-1.759350739292509,-3.7413687793964923,-31.588469967757494,-32.217016155613045,-65.76446501237017,-12.204767796205562,-50.74854873204998
2025-07-14,-10.022204743978502,-4.007203491452405,-6.569075987937689,-6.888286922174269,-2.3228011280617356,-1.759350739292509,-3.7413687793964923,-31.5649455075091,-32.002682807801065,-64.19421517729276,-11.557147266534862,-49.55698136266409
2025-07-15,-10.022204743978502,-3.9725969097811342,-6.447425671272744,-6.6874072281094215,-2.955231516283896,-2.720561500405838,-3.7413687793964923,-31.604755095539815,-32.60549183532155,-63.60537302851483,-11.317464697778345,-50.96241979835001
2025-07-16,-10.022204743978502,-3.9033837464385934,-7.4118919111515025,-6.616126379787223,-2.2936568049610417,-2.5403357103931823,-3.7413687793964923,-32.4786921640362,-32.41795079474984,-63.31611563734207,-11.888844266351251,-50.47357164680708
2025-07-17,-10.022204743978502,-3.7442061432860108,-7.052559596938202,-6.285647839979703,-2.6550435652842097,-2.342941817876909,-3.7413687793964923,-31.963014425684435,-32.60549183532155,-63.40909149125494,-11.64127496261369,-50.87076076993571
2025-07-18,-10.022204743978502,-5.322169111392294,-7.531054953683891,-8.618456726622103,-2.2790846434107004,-2.8149664210380676,-3.7413687793964923,-32.39184039604154,-33.328868800478276,-63.171488173256584,-11.958734967709061,-50.07638252367844
2025-07-21,-10.022204743978502,-4.76849548599011,-6.871845084618666,-8.728616239891263,-0.8539300899126134,-2.7377230551968834,-3.7413687793964923,-31.999204347482202,-31.774950751313902,-65.65082703658717,-11.45872959383013,-50.65688970363566
2025-07-22,-10.022204743978502,-4.851553394090368,-6.5690759879377,-9.259984361521767,0.0,-2.686231843111142,-3.7413687793964923,-31.697032992617448,-30.797054532539867,-66.40495877132071,-11.658736284687821,-51.20684387412147
2025-07-23,-10.022204743978502,-3.937990328109864,-6.264354072722911,-7.840853764407962,-1.3113472364483347,-2.8492960783327304,-3.7413687793964923,-31.445523483949735,-30.046885260142886,-68.21281192439645,-11.684129754804285,-51.29850290253577
2025-07-24,-10.022204743978502,-5.038409926312348,-6.75096904337239,-9.162787699154284,-1.9830179152170668,-2.5746653676878783,-3.7413687793964923,-31.811022146560585,-30.676491705013742,-68.03719004600491,-12.43810010522206,-50.90131377940713
2025-07-25,-10.022204743978502,-5.252966508495804,-6.871845084618666,-9.104459813975696,-3.058849519232787,-2.583242871227065,-3.7413687793964923,-32.060718451845204,-30.783660933974787,-67.87190292305108,-12.380955336405586,-51.17629086465003
2025-07-28,-10.022204743978502,-6.214970340459248,-6.080556162718387,-10.698554291109074,-3.7828522727006653,-2.7119774491539905,-3.7413687793964923,-31.890641322622205,-31.855327673034683,-69.1322332450856,-11.663497087281938,-51.879010082493
2025-07-29,-10.022204743978502,-5.765105899624823,-6.992392230111877,-10.575431926938194,-3.3670635750232547,-2.2313753424536453,-3.7413687793964923,-31.94672929790223,-31.989284099125868,-68.17148768065624,-11.320636043226573,-52.42896425297878
2025-07-30,-10.022204743978502,-4.872315231003899,-7.5905165650401285,-9.596949270659216,-4.169571539301986,-1.9996517926426982,-3.7413687793964923,-32.073390653927625,-32.150032832457335,-68.54338863330591,-11.536507030168952,-52.12343415826446
2025-07-31,-10.022204743978502,-5.52288094881801,-8.53167231842039,-9.998708658788935,-4.245173356386333,-2.514590104350334,-3.7413687793964923,-32.42441065160617,-32.68586875704232,-67.91322470378954,-11.501591954864265,-51.84845707302155
2025-08-01,-10.022204743978502,-6.007341410877654,-8.180994073709623,-11.054958532720017,-2.6605024802010213,-1.8709237624283892,-3.7413687793964923,-32.80619444199918,-33.369054706283606,-68.15082802178789,-11.130158526400658,-52.39841124350735
2025-08-04,-10.022204743978502,-5.647451970299344,-7.886707746659782,-10.219027685327287,-1.8841605532718186,-1.9309990257659337,-3.7413687793964923,-31.98834534878301,-33.74414189753714,-69.71074556442936,-12.096828518312597,-52.70394133822167
2025-08-05,-10.022204743978502,-5.515953296216125,-8.589859458733473,-10.141270355433306,-1.66608657948486,-2.171300079116101,-3.7413687793964923,-32.26699224339919,-33.797726512017654,-68.90495975652142,-12.760320912911528,-53.37610754659321
2025-08-06,-10.022204743978502,-4.533187627339141,-8.53167231842038,-9.195179994771408,-1.7213291466726788,-2.119802319317765,-3.7413687793964923,-32.52030821491692,-33.81112011058275,-68.21281192439646,-12.650799746716224,-53.58997861289323
2025-08-07,-10.022204743978502,-3.0728785885583365,-8.589859458733473,-8.553662247629855,-1.1310741712035055,-1.6134546065745492,-3.7413687793964923,-32.9020920053101,-32.57869952808129,-68.3161176077435,-13.35079667376574,-53.009471432936
2025-08-08,-10.022204743978502,-3.5088982846350203,-9.225053085830105,-7.899171761828471,-0.0029033937264943965,-1.0212794767383238,-3.7413687793964923,-33.2820625923202,-31.426660977410727,-69.11157112321548,-14.058733317701154,-53.22334249923604
2025-08-11,-10.022204743978502,-3.7442061432859997,-9.16766077692025,-7.840853764407985,-2.5034849598170705,-1.064193185284823,-3.7413687793964923,-33.43767453767696,-32.042868713606396,-69.48347207586517,-13.773017042462287,-52.94836541399312
2025-08-12,-10.022204743978502,-2.1178024091967673,-9.225053085830105,-5.326594628416103,-2.62561206414752,-1.0985228425795301,-3.7413687793964923,-33.528145971904756,-31.225721228163827,-70.99173554533222,-13.614290824336383,-54.5982279254505
2025-08-13,-10.022204743978502,-2.9898312409041283,-9.453848046050851,-6.078281776584948,-2.34066065198012,-1.141430003413424,-3.7413687793964923,-33.859261175567845,-31.8419289643595,-70.78512417863816,-14.26667215660119,-54.29269783073618
2025-08-14,-10.022204743978502,-3.1766983335721477,-9.339597883829875,-5.540437173382684,-3.0239591031792856,-0.8925448988114315,-3.7413687793964923,-33.710895303210165,-32.846617490373795,-70.65082654398684,-14.425398374727095,-54.17048579285044
2025-08-15,-10.022204743978502,-3.107485170229607,-9.510870347238509,-4.931311721858201,-3.0006964595562624,-0.9440426586097672,-3.7413687793964923,-33.73441302292554,-33.08774314542603,-69.87603515038496,-14.141271556634116,-53.10113046135029
2025-08-18,-10.022204743978502,-2.456919452415496,-9.225053085830105,-3.8361930707382585,-3.1257269576132174,-1.8194260026300646,-3.7413687793964923,-33.65480058739712,-32.81982518313353,-70.14462795668584,-14.279365107237663,-53.19278948976458
2025-08-19,-10.022204743978502,-4.560877116854578,-8.937420045784982,-7.704778437093552,-3.657828873405844,-2.3086121605822574,-3.7413687793964923,-33.51186084412241,-33.34226750915346,-71.42562040059049,-13.71905118793758,-53.620531622364645
2025-08-20,-10.022204743978502,-4.297879768688184,-8.122286181787475,-7.847330245979789,-2.785532978257954,-2.8664576331237868,-3.7413687793964923,-32.66325469872465,-33.569994455530505,-71.57024786467598,-12.736509331097402,-53.55942560342177
2025-08-21,-10.022204743978502,-4.47781920875433,-8.415078773958795,-8.320380370189806,-2.974530422206656,-3.1153427377257903,-3.7413687793964923,-32.817053440698515,-33.569994455530505,-70.80578630050826,-13.187922729373437,-52.67338832875023
2025-08-22,-10.022204743978502,-2.000137919425249,-8.879678285137482,-5.8903649334218215,-1.8841605532718075,-2.334357766625106,-3.7413687793964923,-33.36348823123172,-31.761557152748832,-72.12810052515137,-13.25714737249869,-52.5511762908645
2025-08-25,-10.022204743978502,-1.9032458270133112,-8.879678285137482,-5.942206449270515,-1.9016022119174636,-2.136970421821427,-3.7413687793964923,-33.39243882056328,-31.31949174844969,-72.14876018401972,-13.947622694359985,-52.42896425297876
2025-08-26,-10.022204743978502,-2.0278274089406745,-9.794885533999874,-6.531882680563383,-1.4712681505587466,-1.8108419513782281,-3.7413687793964923,-33.79412740497174,-31.640994325222692,-71.93181898789149,-14.131749951445894,-52.64283531927879
2025-08-27,-10.022204743978502,-1.10043015864848,-9.225053085830071,-5.0155554210821185,-1.0060436731465505,-1.9996517926426982,-3.7413687793964923,-33.356248898765486,-30.94440966730626,-70.38223127468419,-13.790478364536419,-53.25389550870745
2025-08-28,-10.022204743978502,0.0,-9.396757224914609,-2.993785741773758,-0.2151634812982417,-1.2959101873831758,-3.7413687793964923,-33.455766128309364,-30.515742971682304,-69.5867777592122,-14.00476746317647,-52.88725939505026
2025-08-29,-10.022204743978502,0.0,-9.225053085830082,-2.754017495003791,0.0,-1.725021081997813,-3.7413687793964923,-33.33091797566705,-30.43536604996152,-69.03925739117275,-14.079365985223536,-51.3596089214786
2025-09-02,-10.022204743978502,-0.7989556047962143,-8.53167231842038,-4.561954517103728,0.0,-3.0037762623025044,-3.7413687793964923,-33.09026746569852,-30.95780326587134,-68.91528958595559,-13.67619639574701,-50.74854873204995
2025-09-03,-10.022204743978502,-1.1295539376482089,-8.706007623529432,-4.542515184630225,0.0,-2.8321279758290796,-3.7413687793964923,-33.40872394834562,-31.265907133969183,-68.3471095590478,-13.222224728350461,-51.39016193095005
2025-09-04,-10.022204743978502,-0.3030528507524721,-8.821854300551745,-3.5186674940743234,-0.7625487786955598,-2.9866081597988425,-3.7413687793964923,-33.38701269148011,-30.488950664442036,-68.24380387570075,-13.52222341137167,-51.145737855178574
2025-09-05,-10.022204743978502,0.0,-8.879678285137482,-1.645935992982106,0.0,-2.6089884772699135,-3.7413687793964923,-33.60233227835021,-29.738781392045055,-68.51239668200162,-13.587307897074064,-51.23739688359288
2025-09-08,-10.022204743978502,-0.5534764493346667,-8.995100138478762,-2.436501806097957,0.0,-2.5317516591413236,-3.7413687793964923,-33.99316186405949,-29.99330575577247,-68.07851428974516,-14.09206650470356,-50.74854873204996
2025-09-09,-10.022204743978502,-0.6696350840156184,-8.415078773958818,-2.7669803459054787,0.0,-2.282866554539331,-3.7413687793964923,-33.410530411195474,-30.006699354337552,-67.79958672800656,-13.963494559288225,-50.96241979834999
2025-09-10,-10.022204743978502,-0.1639941804951639,-8.706007623529432,-2.4818569526167344,0.0,-1.8623397111765305,-3.7413687793964923,-33.31282638503467,-30.676491705013742,-68.70867821926151,-13.752384374939963,-51.45126794989293
2025-09-11,-10.022204743978502,0.0,-9.225053085830105,-1.483934963864264,-0.1838894261971813,-1.4675584738565783,-3.7413687793964923,-33.658420253630226,-29.99330575577247,-69.69008344255924,-14.253971637121198,-51.2373968835929
2025-09-12,-10.022204743978502,-0.6323143343706095,-9.225053085830105,-2.5012962850902376,0.0,-1.4847200286476236,-3.7413687793964923,-33.78326840627255,-30.94440966730625,-69.61776971051648,-14.473021538355368,-51.2373968835929
2025-09-15,-10.022204743978502,0.0,-9.90800511706973,-1.6394595114103572,0.0,-1.1071003461186946,-3.7413687793964923,-34.43465329596563,-30.354989128240728,-68.56405075517603,-15.063497299209583,-48.27375496486388
2025-09-16,-10.022204743978502,0.0,-10.245630311580733,-1.5811316262317465,0.0,-1.1071003461186946,-3.7413687793964923,-34.75853590769571,-30.127262181863667,-67.94421665509381,-15.63175093539555,-47.50992972807806
2025-09-17,-10.022204743978502,0.0,-9.738226388539605,-0.02592570180348641,-0.19246533393638687,-0.5406773700379564,-3.7413687793964923,-34.53779019174262,-29.79236600652556,-67.9752086063981,-15.939681766459103,-47.84601283226382
2025-09-18,-10.022204743978502,-0.10034379232773949,-9.851469307516814,0.0,-1.2252962229513775,-0.875383344020364,-3.7413687793964923,-34.58483237170656,-30.180846796344174,-69.6384318323866,-15.712699717182609,-48.21264894592101
2025-09-19,-10.022204743978502,0.0,-10.245630311580722,0.0,-0.4716826914358707,-0.9612042134007792,-3.7413687793964923,-35.12946069938971,-29.926322432616757,-70.16529007855594,-15.804767130147345,-48.18209593644958
2025-09-22,-10.022204743978502,-0.5607077975968044,-10.357612463504529,-0.7347724360266761,0.0,-1.6134546065745492,-3.7413687793964923,-34.99918641766424,-30.261218607954852,-71.01239766720234,-15.54762323931671,-48.45707302169247
2025-09-23,-10.022204743978502,0.0,-9.62468883378359,0.0,0.0,-1.064193185284823,-3.7413687793964923,-34.662638344384945,-30.180846796344174,-70.52686120177145,-15.328573338082553,-47.90711885120669
2025-09-24,-10.022204743978502,0.0,-10.413497333546173,-0.3278329636908106,-1.2828651205417652,-1.2272574205064224,-3.7413687793964923,-35.2633546473483,-30.07367756738314,-70.47520712859705,-16.165081927433278,-48.15154292697815
2025-09-25,-10.022204743978502,-0.7646236324157618,-10.133360375873002,-1.4591528993953662,-1.1559063160261562,-1.1414300034133906,-3.7413687793964923,-35.18555541520277,-30.301409623870292,-70.00000049260034,-15.398418626379051,-47.96822487014955
2025-09-26,-10.022204743978502,-0.6848396416862967,-10.189533029698561,-0.43068290556675937,-0.14019067585092637,-1.029863527990127,-3.7413687793964923,-35.23983692763276,-30.89082505282571,-70.71281044659541,-14.861908720049543,-48.426520012221054
2025-09-29,-10.022204743978502,-0.07313870665932587,-10.133360375872979,0.0,0.0,-1.1071003461186946,-3.7413687793964923,-35.297738106295874,-30.74346991805933,-66.25000147780105,-15.202332596481206,-48.48762603116391
2025-09-30,-10.022204743978502,-0.1396219837765833,-10.357612463504518,0.0,0.0,-1.064193185284823,-3.7413687793964923,-35.16383741780442,-30.756868626734512,-65.87810052515137,-15.5285724600967,-49.22089825847829
2025-10-01,-10.022204743978502,-0.5984002214147743,-10.357612463504518,-1.4062879787196336,0.0,-1.1156843973705421,-3.7413687793964923,-34.96119003301658,-29.752180100720228,-64.09090949394573,-15.56349510424495,-49.09868622059257
2025-10-02,-10.022204743978502,-1.6622341100097748,-10.245630311580722,-2.6335943830802733,-0.718811863687796,-1.5705408980280389,-3.7413687793964923,-34.4400794250488,-29.591426257278652,-64.44215078772706,-15.41587237960963,-48.45707302169249
2025-10-03,-10.022204743978502,-1.5093012671491213,-10.18953302969855,-2.3715204909030674,0.0,-1.493304079899449,-3.7413687793964923,-34.382178246385685,-29.082387750044024,-65.66115932902312,-15.292068805631986,-48.79315612587825
2025-10-06,-10.022204743978502,-1.9946809320117165,-10.301659073514314,-3.093835503936049,0.0,-1.458974422604753,-3.7413687793964923,-35.480487437601305,-28.868054402232048,-65.32024786467596,-15.323812535488457,-48.45707302169249
2025-10-07,-10.022204743978502,-3.470745633338146,-10.691893884526015,-4.922012802400843,0.0,-1.9052468720104243,-3.7413687793964923,-36.072157945248385,-29.912928834051655,-63.86363846838332,-15.695238395108502,-48.70149709746394
2025-10-08,-10.022204743978502,-2.918882691358271,-10.41349733354614,-3.9887531294952705,0.0,-1.9309990257659004,-3.7413687793964923,-36.269379200953075,-29.390491618141834,-65.56818347511026,-15.019053049873122,-48.426520012221054
2025-10-09,-10.022204743978502,-3.2247280861358307,-10.9133640622462,-3.637178696374299,-2.399030465921359,-1.7593507392924757,-3.7413687793964923,-36.739827962723794,-29.524448044233043,-66.22933935593093,-15.314290930300222,-48.884815154292546
2025-10-10,-10.022204743978502,-3.902922443751944,-10.691893884526015,-4.7558184130001235,-1.6669588126142054,-2.2914506057911566,-3.7413687793964923,-36.394227353595376,-30.44876475863666,-67.91322470378954,-14.647619621409525,-49.52642835319263
2025-10-13,-10.022204743978502,-3.2247280861358307,-8.004637430118123,-4.250836775436739,0.0,-2.1798775826552763,-3.7413687793964923,-34.230192707794885,-29.310114696421063,-67.78925689857238,-12.33333974162093,-49.80140543843553
2025-10-14,-10.022204743978502,-3.2247280861358307,-9.282363170801645,-4.231651121117164,0.0,-2.2399528459928097,-3.7413687793964923,-35.12765423653966,-29.26992879061572,-68.7190080486957,-13.268258434832836,-49.52642835319263
2025-10-15,-10.022204743978502,-2.6196724351790213,-8.636172091961914,-3.828947455691578,0.0,-2.008235843894479,-3.7413687793964923,-34.65177934568576,-28.868054402232048,-68.84297585391285,-12.992063764782191,-49.068133211121136
2025-10-16,-10.022204743978502,-3.0252579638402888,-8.87967828513746,-4.257225491033767,0.0,-1.9481605805569457,-3.7413687793964923,-34.69158893371649,-29.44407623262236,-69.64876166182079,-13.503180200995224,-48.45707302169247
2025-10-17,-10.022204743978502,-2.1276576317181273,-8.531672318420336,-3.681928966846204,-2.1097212477968474,-2.531751659141346,-3.7413687793964923,-34.423794297266454,-29.17615827032988,-68.92562187839154,-13.637860203156905,-48.365413993278175
2025-10-20,-10.022204743978502,-1.382969851512883,-9.510870347238454,-2.4801871786378826,0.0,-2.531751659141346,-3.7413687793964923,-35.181935748969636,-28.131278728400133,-64.90702513128784,-14.188894720262413,-48.27375496486388
2025-10-21,-10.022204743978502,-1.562493976126067,-10.189533029698527,-3.5093361080842267,-5.735171035251085,-1.7507666880406614,-3.7413687793964923,-35.529336080415256,-28.667114652985138,-64.11157161581585,-14.782541826564866,-48.70149709746394
2025-10-22,-10.022204743978502,-1.0638237431231379,-10.30165907351428,-2.818974426800558,-6.7336963051350285,-1.218673369254597,-3.7413687793964923,-35.84779256306218,-28.144677437075316,-64.35950476324837,-14.496825551325976,-48.304307974335316
2025-10-23,-10.022204743978502,-0.4787242353205712,-10.020816360370965,-2.4929743635961676,-4.863479086183031,-0.8582217892293187,-3.7413687793964923,-35.70485281978747,-27.66242612697083,-65.45454549932728,-14.295236972165936,-47.69324778490665
2025-10-24,0.0,-0.1525270239861376,-10.245630311580667,-2.4773976020565747,-5.027211625066563,0.0,0.0,-36.18072097010835,-27.393746758273828,-65.86777069571718,-14.55714166559069,-48.27375496486389
2025-10-27,-20.820305381709737,0.0,-10.077132906088515,-1.7642608812018845,-7.713771965985162,0.0,-24.9759056876689,-36.195199635040645,-27.15338250962609,-64.44215078772706,-14.471432081209512,-47.601588756492376
2025-10-28,-20.820305381709737,0.0,-10.133360375872924,-1.2400935893189469,-8.537034395093224,-0.4200941926728263,-24.9759056876689,-36.330900045849276,-26.296049118378185,-65.44421566989311,-14.709525192820138,-47.20439963336375
2025-10-29,-20.820305381709737,0.0,-10.357612463504463,0.0,-8.133473828860815,-0.46296375030268067,-24.9759056876689,-36.15719650985996,-25.51909264885105,-65.12396879041785,-14.961908281056658,-46.95997555759228
2025-10-30,-20.820305381709737,0.0,-10.74736078288142,-0.7816444603255368,-7.727604950237854,-0.7201614731534356,-24.9759056876689,-36.53174770831993,-25.760218303903283,-59.13223176728452,-14.955558021316662,-47.41827069966378
2025-10-31,-20.820305381709737,0.0,-10.580747675974555,-0.2732638109446017,-8.168064734537882,-0.9773657369802957,-24.9759056876689,-36.709064170009356,-24.889486203980184,-57.39669480925329,-14.571431642216604,-47.265505652306615
2025-11-03,-20.820305381709737,0.0,-10.525061513783719,0.0,-7.750665554022551,-0.548696324586273,-24.9759056876689,-36.84657778420088,-25.31815289960414,-55.929755583526465,-14.688892525297792,-46.92942254812086
2025-11-04,-20.820305381709737,0.0,-11.462270518127193,0.0,-8.96365556511033,-0.6344288988698654,-24.9759056876689,-37.170460395930945,-25.5458798459812,-55.13429960505272,-15.001591727799024,-47.265505652306615
2025-11-05,-20.820305381709737,0.0,-11.023694883409785,0.0,-8.211877629716724,-0.6430041185910618,-24.9759056876689,-36.408706018527646,-24.527797721401832,-56.28099441430603,-14.350799852680096,-46.80721051023513
2025-11-06,-20.820305381709737,-0.006343302228228875,-11.57123779231457,0.0,-8.221105249248739,-0.3943750744853758,-24.9759056876689,-37.06732350015396,-25.251174686558553,-54.989672140967215,-14.942857501836638,-47.6015887564924
2025-11-07,-20.820305381709737,0.0,-11.298295429239701,-0.15453084552253804,-7.771423475446914,0.0,-24.9759056876689,-36.70906417000934,-25.787005501033455,-55.42355453322371,-15.087301312180179,-47.784906813320994
2025-11-10,-20.820305381709737,0.0,-11.462270518127193,0.0,-5.179413862057702,0.0,-24.9759056876689,-37.12884434505018,-26.282655519813105,-55.18595367822713,-15.382539192607291,-47.47937671860667
2025-11-11,-20.820305381709737,0.0,-12.219463913626406,0.0,-5.294716880981243,0.0,-24.9759056876689,-37.89060546298649,-25.867382422754236,-52.840909986546066,-16.036509982018,-47.20439963336377
2025-11-12,-20.820305381709737,-0.06787647291663923,-12.326574297207927,0.0,-3.0439996995815566,0.0,-24.9759056876689,-38.10773151270646,-24.94307081846071,-53.1714891584573,-16.33809812218512,-46.807210510235144
2025-11-13,-20.820305381709737,-0.3825713479745918,-11.950523115547151,0.0,-3.447560265813965,0.0,-24.9759056876689,-38.111351178939564,-24.581382335882363,-52.004134690335626,-16.011116511901548,-46.043385273449324
2025-11-14,-20.820305381709737,0.0,-11.571237792314559,0.0,-5.737473717611385,-0.05910139596528863,-24.9759056876689,-38.02811907717801,-25.45210932569536,-52.8305801571119,-15.928570704125045,-47.4182706996638
2025-11-17,-20.820305381709737,-0.49979192989261234,-11.885155084625465,-1.017048764772921,-6.182544496662324,-0.5488023577173262,-24.9759056876689,-37.99916848784646,-25.80040420970864,-54.948347897227,-15.94286068075096,-46.868316529178
2025-11-18,-20.820305381709737,-0.771271637878923,-11.298295429239701,-1.9623086443713467,-6.34396872315528,-0.3039518768413352,-24.9759056876689,-37.89965125830258,-26.215672196657415,-54.84504467688174,-15.404761317275561,-46.62389245340655
2025-11-19,-20.820305381709737,-1.4746804099640132,-11.516784989197749,-2.8058554315722573,-5.965777073098133,0.0,-24.9759056876689,-38.09868571739033,-26.443404253144575,-52.99586728006575,-15.531751374388536,-47.47937671860667
2025-11-21,-20.820305381709737,-1.9189242116402605,-11.679944690697441,-2.7280871822333297,-5.9888376768828415,-0.04211559493628725,-24.9759056876689,-38.68131042972115,-26.001338848845435,-52.68595269302643,-15.36031706793909,-47.998777879621024
2025-11-24,-20.820305381709737,-1.579572222923109,-12.165360562247207,-2.632362582800507,-5.638317625361299,0.0,-24.9759056876689,-37.51605426452633,-26.91225685457387,-53.00620203550347,-14.252382179975386,-48.21264894592107
2025-11-25,-20.820305381709737,-1.15999555614974,-10.913364062246178,-1.8366689665157532,-4.547544310308316,0.0,-24.9759056876689,-37.8887922596034,-26.32284142561846,-54.29752430884227,-14.495243663023661,-48.2432019553925
2025-11-26,-20.820305381709737,0.0,-10.691893884525982,0.0,-3.947968611905883,0.0,-24.9759056876689,-37.68251846804941,-25.14400545759752,-52.91322371858884,-14.61270454610487,-47.23495264283522
2025-11-28,-20.820305381709737,0.0,-10.802759161288334,0.0,-2.7234595589861965,-0.025103581001584274,-24.9759056876689,-37.979263693831,-25.07702724455192,-49.896696779654725,-14.99365201091315,-46.77665750076373
2025-12-01,-20.820305381709737,-0.2326750341482109,-11.367843177023252,-0.8396993006134723,-2.2391868795073044,-0.19247142839632359,-24.9759056876689,-38.19277007731803,-25.063633645986837,-49.16322470378953,-15.311112016008499,-47.11274060494949
2025-12-02,-20.820305381709737,0.0,-10.747360782881444,0.0,-3.454473942925218,0.0,-24.9759056876689,-37.671666209883256,-24.64836054892795,-49.99999999999998,-14.987301751173165,-46.471127406049405
2025-12-03,-20.820305381709737,0.0,-11.078743810079072,0.0,-3.1616110308956613,0.0,-24.9759056876689,-38.13848856488803,-23.000671979477726,-48.398763139621835,-15.455555826352063,-47.26550565230666
2025-12-04,-20.820305381709737,0.0,-11.133737920789489,0.0,-2.8733534835867935,0.0,-24.9759056876689,-38.10049218024037,-21.607502663644805,-47.696280552059164,-15.776194745739192,-46.50168041552084
2025-12-05,-20.820305381709737,-4.313350407119243,-11.243520582364663,-5.777007306412152,-2.84798456741151,-0.8218478094751513,-24.9759056876689,-38.07878092337488,-22.866710443276418,-45.36157161581583,-15.7254002366627,-46.623892453406576
2025-12-08,-20.820305381709737,-3.857753520847662,-11.461249570893738,-4.436746195131603,-3.440635328642272,-1.1373092785940564,-24.9759056876689,-36.6710677853615,-22.987273270802532,-49.25619809470061,-13.68095719834117,-46.684998472349434
2025-12-09,-20.820305381709737,-3.9820105001345807,-9.282363170801645,-5.401505357500813,-2.9909535548404476,-1.8014263535097497,-24.9759056876689,-36.958760475293964,-22.81313093890599,-52.74793659563498,-13.809529143756505,-46.13504430186364
2025-12-10,-20.820305381709737,-3.2187369738049365,-9.33959788382982,-4.592727860608536,-3.22848452985921,-2.0172674112937106,-24.9759056876689,-37.3333049332209,-20.549229523149993,-52.53099539950674,-13.785717561942379,-46.868316529178024
2025-12-11,-20.820305381709737,-3.147738144689749,-8.12228618178743,-3.6972899651119384,-1.1737824806295483,-2.0172674112937106,-24.9759056876689,-36.44127627409232,-20.80375388687742,-56.29132424374021,-13.177780479014034,-46.80721051023515
2025-12-12,-20.820305381709737,-2.3134657892449173,-8.879678285137437,-3.2409014514977685,-0.8370954133607,-0.7554342019185367,-24.9759056876689,-37.12522467881705,-20.870732099923018,-57.510332785036276,-14.198416325450669,-47.26550565230665
2025-12-15,-20.820305381709737,-1.1892755293561486,-9.255503350967986,-1.6291202916147496,-0.6848931763695276,-0.58940651657714,-24.9759056876689,-37.056471241987786,-19.973207692759665,-58.5537194479408,-13.99682774629063,-46.257256339749354
2025-12-16,-20.820305381709737,-3.5678356164037583,-8.64797122710309,-4.760257193888517,-0.7356310087200724,-1.087495906151481,-24.9759056876689,-36.85743678290003,-19.99999999999993,-59.855374013715554,-14.073015725483573,-46.654445462877995
2025-12-17,-20.820305381709737,-4.337022702381221,-7.112637887831353,-6.481802902995537,0.0,-2.2331084690776826,-24.9759056876689,-35.61980751464283,-19.839251266668477,-58.42975164272365,-12.579365001273912,-46.16559731133506
2025-12-18,-20.820305381709737,-3.9820105001345807,-6.992392230111799,-5.81167675486205,-0.1840138010350767,-2.4489431933114147,-24.9759056876689,-35.788084921549,-18.74079222036832,-59.628100525151375,-12.404766918219778,-45.67674915979214
2025-12-19,-20.820305381709737,-3.5323362018461535,-7.052559596938135,-5.447722473753746,0.0,-1.95915708806923,-24.9759056876689,-35.793511050632176,-19.356999956563993,-58.84297683911357,-12.360322668883306,-45.76840818820644
2025-12-22,-20.820305381709737,-3.7867546917324746,-7.416188111925848,-6.11207478798571,0.0,-2.050474215072051,-24.9759056876689,-36.46118106810759,-18.0174152552116,-59.039258376373446,-12.066666676758542,-45.3712190650778
2025-12-23,-20.820305381709737,-2.402223353974231,-5.586897341357333,-4.540728095440516,0.0,-2.1666948615210346,-24.9759056876689,-35.52571641418214,-18.23174860302359,-54.46281143179612,-11.269841534150194,-45.31011304613494
2025-12-26,-20.820305381709737,-2.0827105662852063,-6.6297915143524015,-4.205660613866968,0.0,-1.5440815411655762,-24.9759056876689,-36.03596802345075,-17.5619562523474,-54.8966938240526,-12.38889505329156,-45.0045829514206
2025-12-29,-20.820305381709737,-2.3548877917856648,-6.325453310849527,-4.119009030276233,-4.504206036549451,-1.436157845498487,-24.9759056876689,-35.950929458839155,-18.245147311698762,-51.58058212751333,-12.023811884567959,-45.95172624503503
2025-12-30,-20.820305381709737,-1.911127053145023,-5.896045645248805,-3.131145717287376,-3.5106311755458974,-1.1622127980402408,-24.9759056876689,-35.42619918463825,-18.53985247112143,-58.966944644330724,-11.601591515871434,-46.16559731133506
2026-01-02,-20.820305381709737,-2.289802522318274,-6.932156343336892,-4.015027129967342,-4.740460371445621,-0.8633578975855816,-24.9759056876689,-36.34356550739848,-18.191562697218256,-62.62396780521714,-12.428570931190375,-46.53223342499226
2026-01-05,-20.820305381709737,-1.544287731602756,-7.947861800745237,-1.709998041303995,-2.035728805380399,-1.2701301601571124,-24.9759056876689,-37.43101569991474,-18.030813963886803,-63.605373028514855,-13.942861891765935,-45.67674915979214
2026-01-06,-20.820305381709737,-0.42008844337865225,-9.052691155239357,-0.323519813770512,-1.0355236433838177,-1.7184125108390735,-24.9759056876689,-37.53415259569174,-16.624245939378703,-65.3925640597205,-14.16667259559421,-45.737855178734996
2026-01-07,-20.820305381709737,-1.396367485389205,-9.851469307516725,-1.9930745727230859,-1.76194588876597,-1.8761432453985094,-24.9759056876689,-37.96297856604867,-16.16878693651447,-63.58471090664472,-14.73015786034252,-45.40177207454924
2026-01-08,0.0,-0.852013034388277,-9.738226388539506,-1.6175638087981503,-1.7531054874419194,-1.7267157951712186,0.0,-37.84355654248951,-16.691229262534392,-64.80371944794081,-14.541269800662482,-45.49343110296354
2026-01-09,-0.11196368252029965,-0.5975945445019559,-9.851469307516714,-1.5540163758270609,-0.8566887931849232,-1.8678399610663865,-0.09237734329894387,-37.874320335204125,-16.208977952429894,-67.26239865240306,-14.498415008471898,-45.52398411243498
2026-01-12,-0.2639170094677401,-0.6626798139693246,-10.21108940551395,-2.016178723342754,0.0,-1.7765228340635653,-0.16628203711388512,-38.45513184415186,-15.485600987273184,-64.78305978907247,-14.757148356448424,-48.48762603116398
2026-01-13,-0.14395417774939467,-1.3253596279386715,-10.020816360370944,-3.1600237018085453,-0.32794583357991236,-1.8097296378418615,-0.15704218840214557,-38.46056471376805,-15.030141984408962,-64.67975410572544,-14.703174933080165,-48.70149709746401
2026-01-14,-0.6477907490907375,0.0,-10.245630311580634,-1.744658674740296,0.0,-2.332722546862376,-0.3140843768042689,-38.950911529021205,-12.860011088938828,-67.76859723970405,-14.741268922676642,-48.42652001222111
2026-01-15,-0.8397337204653188,0.0,-9.794885533999809,-0.4390581968960583,-0.21615546813174014,-2.6066739278708395,-0.6374156502598094,-38.36647361330733,-13.074349546860898,-67.68595121522536,-14.347620938388362,-48.64039107852115
2026-01-16,-0.823735422069205,-0.4580145421722692,-10.525061513783685,-0.681691445963728,-0.8192271133260487,-2.648184015981292,-0.6651281484555405,-38.76454253148267,-14.253180404771737,-67.94421665509383,-14.79524234604489,-48.09043690803536
2026-01-20,-1.1996161140572448,0.0,-10.301659073514225,-0.39284108064312484,0.0,-2.8142117013226664,-0.6466484510320503,-38.598078327959584,-14.239791916316747,-59.63843035458556,-14.782541826564898,-48.2126489459211
2026-01-21,-0.8317345712672508,0.0,-9.51087034723841,0.0,0.0,-2.4157363895330963,-0.36951642113525196,-38.49132176594965,-11.98928920923592,-49.63843133978626,-14.693653327891953,-48.45707302169255
2026-01-22,-0.5598245141645752,0.0,-10.85809587174149,0.0,0.0,-2.2081986160812694,-0.36951642113525196,-39.26212867920207,-10.904218651390762,-47.8822322598849,-15.57460616657914,-48.18209593644966
2026-01-23,0.0,0.0,-10.85809587174149,0.0,0.0,-1.5689850606117273,0.0,-39.68552852047601,-9.283322389180793,-45.50619907990134,-16.131748740430996,-47.38771769019241
2026-01-26,0.0,-0.10324829535830471,-11.209781359696025,0.0,0.0,-1.1705097488221572,0.0,-38.5347510202135,-10.67649170501369,-29.7520663599671,-16.049210501498045,-47.66269477543531
2026-01-27,0.0,0.0,-10.020816360370944,0.0,0.0,-0.9131649364779615,0.0,-38.11135117893956,-8.88145311090719,-28.16115932902312,-16.20476537417572,-47.87656584173533
2026-01-28,0.0,0.0,-10.580747675974521,0.0,0.0,-0.6724203592478273,-0.10072393670333968,-38.48770209971655,-7.434699180593752,-22.933886333059306,-17.72063822305362,-47.44882370913527
2026-01-29,-0.08693638774424084,-0.7526277240953894,-10.63635846622194,-0.8013921162119519,0.0,-0.2490415280120506,0.0,-38.59083899549355,-9.738786502155094,-59.52479484180434,-17.506349124413568,-47.35716468072098
2026-01-30,0.0,-1.8105276007401527,-10.858095871741503,-2.3122855875751247,-11.366200569716556,-0.32375841990083254,0.0,-38.69578235412041,-10.020098063012671,-55.02066162926975,-17.63174972438066,-47.6626947754353
2026-02-02,-0.5821712376809174,-1.0789489746093728,-11.26725589254417,-0.7197200937943071,-13.084760738602519,-0.4648825857960115,-0.23705519284009657,-38.55102940746282,-11.024786589026958,-66.55991852784216,-16.587302296129902,-47.96822487014963
2026-02-03,-0.5821712376809174,0.0,-10.913364062246156,-0.4287664346836362,-7.797452516658209,-0.5811032322449949,-0.19146524789236397,-38.81701084052979,-8.747486464595777,-65.79545450067268,-16.517464576676964,-47.63214176596387
2026-02-04,-0.8103208043042098,-2.0418816211960067,-11.133737920789466,-3.634327110858826,-7.483453807687656,-0.9546750245884139,-0.4194010605331311,-39.166231115891314,-9.377092909466633,-64.20454746972871,-16.865078854482896,-47.509929728078134
2026-02-05,-0.826058568732535,-1.884819949484584,-11.24352058236463,-2.741059810931512,-8.592810025410202,-0.9463717402563021,-0.19146524789237507,-39.60410288156453,-10.810448131104888,-63.75000049260034,-16.85714670644054,-46.83776351970661
2026-02-06,-1.0856716598155347,-1.4764436252453828,-10.858095871741503,-1.8018471304738215,-6.904326748152756,-1.087495906151481,-0.5288127547783406,-39.17527691120741,-11.252513535404029,-64.64876215442114,-16.341269467633378,-47.418270699663836
2026-02-09,-0.7237811065436861,0.0,-11.030156314558525,0.0,-5.029708275267453,-0.8716548483675202,-0.4194010605331533,-39.965981877942255,-9.55124546158338,-67.58264553187833,-17.20793989853825,-47.60158875649243
2026-02-10,-0.9204611465087109,-0.13048016285809316,-11.29829542923968,-0.5136784314504594,-5.915314820865758,-0.8218478094751624,-0.3646986914350281,-39.83751405906683,-10.140655780428698,-67.82024884987668,-17.593655734784175,-47.60158875649243
2026-02-11,-0.7473817509877079,0.0,-11.273004716227941,0.0,-4.64048979428452,-0.9214682208101177,-0.41028168033380163,-39.14089345225985,-5.961158053150173,-67.36570433575008,-17.52063910103947,-47.754353803849604
2026-02-12,-0.22028068440904658,-1.035156440903473,-11.353029164145589,-0.49976790987790176,-7.421399561497999,-0.4233788312357878,0.0,-38.63064858352425,-7.608841512490294,-66.76652989453622,-17.480955654297116,-47.2960586617781
2026-02-13,0.0,-1.7115898064657853,-11.188656659556473,-1.4135004813578766,-5.5731029592778425,-0.13282088156306715,0.0,-38.27238251284645,-8.801071079076305,-66.49793462523357,-17.23968362839473,-47.23495264283524
2026-02-18,0.0,-1.9575648649060806,-11.188656659556473,-0.8581942448736779,-6.240596954687161,0.0,-0.054523407937623336,-38.34838202267497,-10.395180144156113,-68.89462992708724,-17.134923264793546,-47.81545982279246
2026-02-19,-0.21926294909024868,-0.5380767936055908,-11.407680675113241,0.0,-6.439906857118127,-0.15733888542989183,-0.2635413605184933,-38.800732453280474,-10.421967341286276,-69.0495872206069,-16.91429147525705,-47.968224870149626
2026-02-20,0.0,0.0,-12.00443461107038,0.0,-4.871767870296228,0.0,0.0,-39.260315475819006,-9.819158313765774,-68.52272897443757,-17.320639979025344,-47.75435380384959
2026-02-23,0.0,-0.887395694061277,-12.165360562247173,-2.260747852774292,-2.1378555414974243,0.0,0.0,-39.57695875508303,-9.578032658713543,-69.16322519638989,-17.833338303540724,-47.75435380384959
2026-02-24,0.0,0.0,-12.433431156979768,-0.5861214838009388,-3.0573123616483455,0.0,0.0,-39.491920190471454,-9.082382639933895,-69.88636497981912,-17.922226802213682,-47.72380079437816
2026-02-25,0.0,-0.13195681289487338,-12.91106316237366,-0.6797049160762736,-2.1058965488970016,0.0,0.0,-40.186727593895355,-7.71601074145134,-69.32851231934374,-18.222225485234876,-47.387717690192396
2026-02-26,0.0,-0.2791468584303902,-13.06911812770598,-1.054031129643418,-2.668093880665412,0.0,0.0,-40.63183869203463,-7.970535105178755,-70.79545647107409,-18.663496633151443,-47.05163458600664
2026-02-27,-0.16159404387038334,-1.4363304311972858,-12.963816670766315,-2.1868701512591238,-1.6527509017329134,0.0,0.0,-40.365857258967665,-8.935027505167515,-70.46487729916288,-18.46666885658552,-46.3794683776351
2026-03-02,0.0,-1.152110991485944,-13.235902534484257,-2.004625961631379,-0.4512635461921932,-0.17066778436310992,-0.3853739900693154,-40.52508887055771,-9.390491618141827,-69.42148817325659,-18.577779479926715,-47.05163458600663
2026-03-03,-0.8540437023360936,-4.481551989931043,-13.174172912830851,-6.196129590056154,-3.967358676939914,-0.828934780303825,-0.3316031013713694,-40.49794474407621,-12.618885433886595,-68.45041524239481,-17.931748407401894,-46.929422548120904
2026-03-04,-0.9079079198949347,-3.1873312785894115,-12.00443461107038,-4.275226679785781,-3.726679277049183,-0.7557905583997382,-0.44810897275038286,-39.472015396455994,-12.096448217976775,-69.865702857949,-16.233337758583964,-47.23495264283524
2026-03-05,-1.9081352109263205,-5.790998189514429,-12.64635689711514,-7.570307446977531,-4.758951983748161,-1.8529104852865186,-1.0933869875269786,-39.75608842015536,-13.958470135238986,-68.97727348856417,-16.982539737564075,-46.043385273449346
2026-03-06,-2.2312852955616913,-6.339138999414362,-12.273046513396569,-8.619415901698002,-3.2396925363128215,-2.413653918768177,-1.0575374491948897,-39.55524749821754,-16.088415124903776,-67.0867767740115,-16.45396954812046,-45.37121906507783
2026-03-09,-1.8773581738011136,-5.582906191011872,-12.919772047835032,-8.19091020184166,-4.266318940096192,-1.8854121392003154,-0.9410315778158984,-39.87008431463151,-15.51239329451346,-67.76859723970404,-16.76984009606992,-46.53223342499228
2026-03-10,-1.4234100839732533,-4.243009014944976,-13.174172912830851,-6.2798601569513774,-1.6677893475471883,-1.4384430951346117,-0.6363139207934854,-40.35500500080151,-14.963163771363375,-68.80165407317438,-17.37619529069593,-46.684998472349434
2026-03-11,-1.1464226199659033,-3.8471308318615005,-13.954039559306974,-6.072995077174726,-2.8391998114593697,-1.1865149757477766,-0.5825430320955505,-40.91410525288393,-15.418622774227586,-66.84917345601313,-18.057149007368988,-45.707302169263585
2026-03-12,-1.6696146407357948,-6.3898880454205775,-13.954039559306974,-9.200607195041766,-3.809418271968712,-1.7228790686744655,-0.8782965951348753,-40.94486904559855,-17.73610369435402,-66.60124030858061,-18.231747090423124,-45.21845401772067
2026-03-13,-3.1468830721482655,-7.18672473726738,-13.278967322151203,-10.333446216657471,-4.999622202658549,-3.1288143096560583,-1.8820563180315553,-40.41833230854779,-18.861355047894435,-67.65495926392107,-16.76349740517349,-44.6990528567063
2026-03-16,-1.8465811366759066,-6.085370536186529,-13.365233937382225,-9.550312518459991,-6.099577096502085,-1.9748071880613116,-1.111315175493155,-39.63847959997908,-18.298726816069188,-68.7706621218701,-15.411111577015602,-44.515734799877706
2026-03-17,-1.6388434737302005,-5.714863003906734,-13.591856815233783,-9.624190219975116,-5.967958562196007,-1.446571608732683,-0.5018866990486259,-40.490705411610165,-18.084393468257222,-68.66735643852307,-16.930163340185278,-44.515734799877706
2026-03-18,-1.5311209087321198,-6.156425396114362,-13.954039559306974,-10.963894321367517,-8.056934564306905,-1.2677815110107127,-0.7886761681048515,-40.86344340668706,-19.651710226096764,-68.33677726661185,-17.57301549841831,-43.38527344943468
2026-03-19,-1.1541124766575095,-5.775772701272642,-13.38350820766191,-10.973747186747607,-13.494654787334948,-0.7882984125527681,-0.5108439554314281,-40.414712642314676,-20.36168848257831,-67.29339060370734,-16.474602215642843,-42.590895203177425
2026-03-20,-1.5695936726685678,-7.841443964859618,-13.2266043774653,-13.268976310585112,-14.064380522990838,-1.7310075822725146,-0.7348984418066196,-40.195773389211645,-21.781650105651472,-68.02686021657075,-17.14444486998177,-43.11029636419179
2026-03-23,-1.4772625612929136,-4.963710521184083,-13.279015286115204,-9.742402057933585,-17.191257172755627,-1.1702579485516562,-0.4749944170993725,-39.640292803362165,-19.156065317427217,-70.13429812725165,-15.684127332774489,-43.84356859150618
2026-03-24,-1.7850270624255038,-4.654112686270173,-12.805371141727228,-9.7473247328565,-17.281515390582282,-1.8935406527983867,-0.8424470568028308,-40.25910743749076,-18.64702170008249,-69.59710758864637,-16.938095488227635,-43.476932477848976
2026-03-25,-1.9389122480515941,-3.0553744656945048,-12.752439481468302,-8.043147283277108,-14.451716903001888,-1.747258409229424,-0.5646216817296712,-40.35500500080151,-17.963830640731114,-69.50413419773528,-16.94285629082175,-42.89642529789175
2026-03-26,-2.092791563558105,-4.496777478172764,-13.069118127705991,-10.111805596577783,-17.72901473483075,-2.0073150422143415,-0.9141461334669532,-40.55222625650621,-18.64702170008249,-69.01859526930264,-16.87618991681703,-42.92697830736319
2026-03-27,-1.7696414789227122,-5.166722194006779,-13.278967322151203,-11.894790938129507,-15.53850627102269,-1.9666848747024734,-0.5377293997804289,-40.69155307408081,-19.61152432029144,-68.02686021657077,-16.903180412922936,-43.538038496791856
2026-03-30,-1.785027062425526,-4.577985245061389,-13.591856815233783,-12.16076569465251,-14.899216247250369,-1.9260485069513833,-0.5825430320955838,-40.87248920200316,-19.048896088466183,-70.17561990799013,-16.857146706440563,-44.301863733577676
2026-03-31,-1.3464645561004684,-1.989543822378137,-13.38350820766191,-8.008666012213904,-12.612812443680376,-0.9508376833178178,-0.026885444349011856,-40.414712642314676,-16.637644648053897,-70.20661185929443,-16.44444794293225,-44.057439657806206
2026-04-01,-0.6078391455736631,-1.8372811955616797,-13.695650833305228,-6.659116560975653,-10.063171571498264,-0.8614426344568216,0.0,-40.74945425274391,-15.726726642325472,-70.87810003255103,-17.574604955564187,-44.48518179040627
2026-04-02,-0.6386103125792575,-1.6799459874642597,-14.21090029045594,-7.2550833946224635,-12.539483953620213,-0.804555439748833,-0.026812981600843333,-41.21808307059873,-15.94105999013744,-71.07438156981092,-18.18254203849252,-44.729605866177735
2026-04-06,-0.5155021640783852,-1.700251801385877,-14.770612342224121,-7.176275502650153,-12.43983359289491,-0.5201132659697794,0.0,-41.59444073190875,-16.89216390167122,-70.96074359402795,-18.128576183967827,-44.515734799877706
2026-04-07,-0.40009561250833325,-1.5632146628111743,-14.871590190409966,-7.131948881741068,-12.434187289979292,-0.503862439012881,0.0,-41.780809729447284,-17.789688308834585,-70.35124178638168,-18.43968592932318,-45.12679498930636
2026-04-08,0.0,0.0,-13.591856815233783,-3.33940738810079,-10.696824473335308,0.0,0.0,-41.28503004457795,-15.673142027844955,-71.85950525584875,-18.244447609903148,-45.340666055606405
2026-04-09,0.0,0.0,-14.618683060292636,-1.7682098012486214,-9.893947741676179,0.0,0.0,-41.83509124187729,-14.360349633732817,-72.41735545332237,-19.044444097959744,-45.73785517873502
2026-04-10,0.0,0.0,-14.466219322762408,-1.3397041013923139,-10.463673477332069,0.0,0.0,-42.05221729159724,-14.53449707573945,-72.64462894188655,-19.11428938625623,-46.104491292392225
2026-04-13,0.0,0.0,-16.113980193623533,-1.241197994194021,-10.830325108613259,0.0,0.0,-43.29165302270448,-13.95847013523902,-72.8615701380148,-20.555556144243525,-46.19615032080653
2026-04-14,-0.06815322666471335,0.0,-15.621397135454895,-0.33492226758091714,-9.277224567605636,0.0,0.0,-43.24461084274071,-12.84662260048387,-73.15082752918755,-20.723811536401193,-45.860067216620756
2026-04-15,0.0,-0.36188881545213825,-15.571822952675184,-0.13791005318435356,-9.74729076155586,0.0,0.0,-43.20299479185977,-13.36905981639369,-73.03719201640635,-20.876195063630654,-44.85181790406347
2026-04-16,-0.0605478151050276,-0.919400265700554,-15.372930098003955,-0.23641616038262425,-10.021811255018854,0.0,0.0,-43.11795622724836,-14.052240655524873,-72.65495877132074,-20.755555266257687,-45.187901008249234
2026-04-17,0.0,-1.4573531835895492,-15.571822952675207,-0.41866035001036916,-8.66425641449845,0.0,0.0,-43.3224168154191,-13.261890587432667,-72.37603367258392,-20.839841908051106,-45.157347998777794
2026-04-20,0.0,-1.3106380730525058,-15.621397135454906,-0.9062682110787978,-9.62319145015692,0.0,-0.06996224934169293,-43.085385971683685,-13.730743188861961,-72.22107637906426,-20.53492347672118,-44.76015887564916
2026-04-22,-0.28632073486842824,-2.8413525430308284,-15.571822952675207,-3.432990820376103,-11.016469485221458,-0.2625730667197512,-0.19239284970599124,-43.14328715034679,-14.320163727927483,-71.88016737771885,-20.507940549458826,-44.48518179040627
2026-04-23,-1.002111075061718,-3.550466871345981,-16.211806124175844,-4.959854270784914,-11.531660197594851,-0.6922364293996508,-0.4285071012750441,-43.429166636896014,-15.41862277422763,-72.99586777266612,-20.874605606484764,-44.332416743049095
2026-04-24,-0.6555116856432064,-3.917250916568349,-15.621397135454906,-5.16179667563863,-11.20826016474531,-0.7956715448534268,-0.5421907524797986,-43.02567158963752,-15.914267682897187,-73.93595121522536,-20.146036295027002,-44.39352276199197
2026-04-27,-0.7609964568613958,-4.508999126246249,-16.309405938897903,-6.235533536042248,-12.09010250839987,-0.6604088391464424,-0.3935259766042032,-43.54316253137218,-15.887475375656933,-73.65702611648855,-20.966665450605948,-43.690803544149006
2026-04-28,-0.8514201871754112,-4.929578463257522,-15.819125151000701,-6.4079173447556865,-13.667642819100777,-0.7797607849728827,-0.5684315999584189,-43.23737151027448,-15.525786893078575,-73.56405026257569,-20.641273297468267,-43.1408493736632
2026-04-29,-1.4767982940324553,-6.885760037776844,-15.966819900111485,-8.988819440342144,-14.538201737904465,-1.4162943785603677,-0.8395269761983459,-43.369458995383035,-17.427999826256226,-72.65495877132074,-20.725400993547105,-42.98808432630603
2026-04-30,-1.1528019629480024,-5.614239029443113,-15.81912515100069,-7.944641176078804,-13.231417718722827,-0.8274991351066352,-0.4285071012750441,-43.31698394580291,-16.610852340813643,-71.41529057115632,-20.357146479375277,-43.20195539260606
2026-05-04,-1.4843288144845368,-6.47006846829531,-16.552411936448973,-9.412402465275527,-15.021433457677446,-1.7584333856670464,-0.7870586251757294,-42.88092538351276,-18.00402165664655,-70.38223127468419,-21.397953293877602,-42.102047051634464
2026-05-05,-0.979508016727626,-5.912557018046927,-16.309405938897893,-9.156280574132635,-14.338901016453843,-1.27307325766709,-0.6121530018215027,-42.62760941199502,-16.999333130632255,-71.1983469120263,-20.876195063630654,-43.11029636419175
2026-05-06,-0.8890957833914026,-5.40884085958745,-17.129898062872407,-8.304191849342924,-11.967885297972813,-0.7320163643470323,-0.27109537623989377,-43.46716639181027,-14.96316377136342,-71.79752135324016,-21.788891632174323,-44.668499847234834
2026-05-07,-0.9569049583935674,-7.692681952369885,-16.74579578725639,-11.220016212510375,-11.631319739300528,-0.9388926657467378,-0.2098800760577446,-42.973203280590575,-15.92766639157237,-71.39462844928619,-21.709971300459163,-44.668499847234834
2026-05-08,-0.6027750485229855,-7.203636558740056,-16.74579578725639,-10.042850569985562,-11.243983359289455,-0.7479331947197188,-0.10493670204519967,-42.95329848657513,-15.204289426415652,-71.51859625450334,-21.50952561667545,-44.24075771463476
2026-05-11,-0.9418324205116013,-8.392013283385092,-16.986273398705787,-11.91941934381262,-11.275942351889867,-0.7479331947197188,-0.3323106764220429,-43.329656147885146,-14.655059903265567,-69.93801658999178,-22.011112878856707,-43.69080354414896
2026-05-12,-0.9719774962755445,-9.091352076640803,-17.034209954715017,-12.732111638150412,-12.048733010940115,-1.1696381422132918,-0.2973295517511909,-43.5413526982557,-14.989956078603672,-70.6301668851185,-22.12063404505201,-42.8964252978917
2026-05-13,-1.7405044735890107,-10.724761900426715,-17.22537375918923,-14.480615708638911,-11.670797954808076,-1.7345642106001757,-0.7957989023679612,-43.648105889999215,-15.351644561182043,-70.41322322598847,-22.068257647673185,-42.988084326305994
2026-05-14,-1.3788440432663251,-10.084113628730096,-15.472503287244388,-13.456135659601554,-12.039331687061129,-1.4242527937466942,-0.6471341264923325,-42.38514569864359,-15.083726598889536,-70.10330617594737,-20.239685596294056,-44.821264894591984
2026-05-15,-2.154913038009687,-10.636737311448796,-16.21180612417583,-14.485545899096074,-14.338901016453853,-2.0528340426399727,-0.9794448029143976,-42.812165206150475,-15.994644604617969,-69.42148817325659,-20.569846120869407,-44.30186373357762
2026-05-18,-1.7329739531369182,-10.788340189515555,-15.621397135454895,-14.874647652966233,-14.400946081663157,-1.8220885661734298,-0.9357234010513249,-42.36524090462813,-17.093103650918117,-68.76033229243592,-19.676192762702204,-41.70485792850581
2026-05-19,-2.252867288775784,-12.240805605575378,-16.162923992876532,-16.75121642679329,-15.269632080475326,-2.275621103920211,-1.303015202144231,-42.98767520498984,-18.338917831984634,-67.83057867931083,-20.54564095919058,-41.918728994805846
2026-05-20,-1.959016033455263,-10.592717554719322,-15.720381053137766,-14.017628737719356,-14.799565886525079,-2.0369172122673196,-0.8832550500287084,-42.4557123388559,-16.075016416228628,-68.96694365912998,-19.711115406850443,-43.0797433547203
2026-05-21,-1.9740770743594371,-10.578046789889672,-16.358116770325783,-13.515245336347881,-14.639743380582004,-2.0210064523868088,-0.9182295027322596,-42.924347897243564,-15.981245895942763,-68.82231619504451,-20.449206323496437,-43.507485487320366
2026-05-22,-1.7480464910188842,-11.164907232037846,-16.309405938897868,-14.574199140914235,-14.993229486040438,-1.8061717358007656,-0.8657611517096431,-42.913488898544394,-15.44541508146785,-69.96900854129605,-20.363496739115263,-43.38527344943463
2026-05-26,-1.6500922402527762,-11.027975118800759,-16.309405938897868,-13.530020876650916,-15.380565866051498,-1.5674739146400163,-0.7608177776971092,-42.96596394812433,-16.10180872346888,-70.10330617594737,-20.469846559862326,-44.08799266727759
2026-05-27,-1.476798294032422,-11.40453469908257,-15.720381053137766,-13.618674118469087,-16.375224096254126,-1.543604739573179,-0.5421907524797986,-42.68550385012507,-15.35164456118201,-68.59504270648031,-19.928575850938714,-44.699052856706246
2026-05-28,-1.1377294250660142,-11.825114036093831,-15.372930098003945,-14.313154574848397,-15.40125061478137,-1.1855489020938692,-0.15741172503510592,-42.47561713287117,-15.231081733655882,-66.06404976997531,-19.477783097833935,-44.30186373357762
2026-05-29,-1.2959623303821832,-12.460874540260713,-15.472503287244388,-14.889423193269257,-14.250524899599071,-1.312859263106636,-0.40227292576372475,-42.609511080829776,-16.222371550995007,-66.01239815980269,-19.81428631330573,-45.40177207454921
2026-06-01,-1.5295349311526096,-13.2580209197943,-15.720381053137766,-15.884352161700544,-15.854387080965115,-1.7266057954138825,-0.5596846507988751,-42.78502107966895,-16.83857928719068,-67.159092969056,-20.01270354701754,-45.737855178734975
2026-06-02,-1.6500922402527651,-12.177227316486562,-15.81912515100069,-15.36226302956889,-15.593032113324846,-1.9334820968135658,-0.6208999509810242,-42.88815797544595,-13.945081646784029,-67.28305831127138,-20.022225152205763,-46.16559731133504
2026-06-03,-3.1118179964032433,-14.231216477283738,-16.21180612417583,-17.721516989541453,-16.57828901964845,-3.1747277642274585,-1.4954080518502333,-43.21566025340915,-15.766912548130795,-66.79752184584049,-20.306351970298753,-47.265505652306615
2026-06-05,-4.091320264641995,-14.783840160002404,-15.621397135454895,-18.007189961290415,-18.451034572542234,-4.01018531452042,-2.2037574785247482,-42.7651230261867,-17.508371637866894,-66.64256208931907,-19.671431960108077,-48.976474182706866
2026-06-08,-4.272150479803338,-15.038145854117257,-14.313214277638586,-18.411074770997836,-18.47360142224399,-4.495545442520388,-2.5273278777545705,-41.54920501479483,-17.454792133496476,-67.48966967796545,-17.825398586654828,-48.8237091353497
2026-06-09,-4.776977026049122,-14.358373055461405,-13.902485150014021,-17.637786422646194,-19.900720550880823,-4.829726034440718,-2.7022268291414853,-41.22713560644783,-17.294038290054925,-67.56198341000821,-17.41111036600064,-48.73205010693541
2026-06-10,-4.505728829062672,-14.994126097387783,-14.056970226026621,-18.391369040237638,-22.75495880815448,-4.360282736813403,-2.4661125775724324,-41.44968778525096,-17.937043443600963,-67.09710906644743,-17.617459747754783,-48.79315612587827
2026-06-11,-2.117237441793618,-13.414511565390775,-14.005546004635915,-16.214351754358603,-23.091528957316942,-2.347228629120812,-1.1805846017799437,-41.47863837458251,-17.106497249483198,-68.10950624104942,-17.5857160178983,-49.67919340054983
2026-06-12,-1.6425617198006615,-13.693271021635212,-15.022615009020512,-16.25375570034476,-20.746839699991227,-1.487907974253111,-0.3760387502524165,-42.22049469850337,-16.865371594430968,-67.76859723970404,-18.82857311101732,-49.5569813626641
2026-06-15,-1.5672105273686232,-14.055159837087372,-15.670916502275755,-16.519722941333526,-18.622140503336183,-1.6072538495874422,-0.6558810756518763,-42.75607049033739,-15.338245852506871,-67.48966967796545,-19.668253045816275,-49.22089825847834
2026-06-16,-2.0795618455775933,-14.51486370105789,-15.522193953936636,-16.50494740103049,-18.56761466103403,-1.9334820968135658,-0.8307800270387911,-42.69093671974128,-16.637644648053918,-66.53925640597203,-19.44286045368566,-49.43476932477837
2026-06-17,-2.697409431982556,-15.150624205224773,-14.972335070770681,-16.967934371950022,-18.041140523809773,-2.936029943066709,-1.4954080518502444,-42.45752554223897,-18.459480659510785,-67.51033179983557,-19.01746117069735,-48.5487320501068
2026-06-18,-2.8481003198688626,-15.22887325914326,-15.372930098003945,-17.036889398542232,-20.575733769197267,-2.9996790530809503,-1.5916044767032456,-42.30010713403198,-19.477562784090164,-66.6012403085806,-18.69682982015377,-48.976474182706866
2026-06-22,-2.7049399524346485,-14.206770177394635,-15.273151348917825,-15.84987089063732,-21.36920917697739,-3.039465058520474,-1.4954080518502444,-42.26391721223419,-19.370398665239243,-66.39462894188654,-18.231747090423077,-49.70974641002126
2026-06-23,-3.420741789605708,-13.707941786464872,-15.372930098003945,-15.421365190781,-22.346946860393867,-3.270210534987028,-1.5566233520324047,-42.25305821353502,-20.348294884013264,-67.48966967796545,-18.15079830863602,-49.92361747632129
2026-06-24,-3.0440088214010674,-13.93779371845012,-15.072853835301203,-15.421365190781,-24.971793733117863,-3.1349478292800548,-1.3817244006454898,-41.80252098631259,-20.977896218774028,-66.72520811379776,-17.49682751922532,-50.25970058050706
2026-06-25,-2.983730166850973,-13.346045508772209,-15.123003585648764,-14.78599441114804,-24.21592821134392,-3.023554298639952,-1.469173876338925,-41.759098472581776,-20.977896218774028,-65.46487779176321,-17.341272646547644,-49.312557286892634
2026-06-26,-2.9083789744189237,-12.66138494258665,-15.273151348917825,-13.574347497560002,-23.30964150750591,-3.023554298639952,-1.3117621513037747,-41.91832334363881,-21.88881422450246,-66.62190243045072,-17.55397228804181,-49.55698136266409
2026-06-29,-3.2775814221714827,-12.710285004605337,-15.472503287244388,-13.500469796044868,-24.37010900486155,-3.3338657154934115,-1.4954080518502333,-42.175258981389675,-22.411256550522374,-67.13843084718589,-17.925398147661852,-50.87076076993571
2026-06-30,-3.3905967138417537,-13.24335015496464,-14.97233507077066,-14.160468981360951,-24.358830170500855,-3.4373008309471764,-1.3817244006454565,-42.10107267494423,-22.880109151951665,-66.16735545332236,-17.749414966237744,-49.55698136266409
2026-07-01,-3.993371762364739,-13.478089854479613,-15.223159194451918,-14.391962466820718,-23.505187207993128,-3.747612247800647,-1.539136125680618,-42.42857495290742,-22.304087321561315,-66.73553794323193,-17.861910687948924,-48.5487320501068
2026-07-02,-4.28722301768526,-12.930361401531176,-14.72003091620062,-13.702404685364355,-22.670346893243433,-4.145448020227372,-1.9501493286365745,-41.88937275430725,-21.9825847447883,-66.98347109066445,-17.1333338076476,-48.05988389856388
2026-07-06,-2.501512427428121,-13.086852047127662,-14.871590190409911,-13.731963281504644,-21.873116464499898,-2.768939647106494,-1.0144259275852274,-41.90023175300644,-21.165442369455832,-66.47727496636523,-17.707937703573585,-46.135044301863594
2026-07-07,-2.4261612349960715,-13.169988868575865,-15.522193953936615,-13.983154982190381,-22.0573879211166,-2.649587701280076,-0.8307800270387466,-42.58599336111423,-21.419961623073146,-66.27066113666939,-18.355558233244274,-45.92117323556357
2026-07-08,-2.2830008675618574,-13.898669191490887,-15.372930098003913,-14.973153760164525,-23.456303078116413,-2.562063345706822,-0.8482739253578342,-42.37429344047725,-21.942398838982967,-66.81818396771062,-17.922226802213636,-46.86831652917799
2026-07-09,-2.3282069842299746,-12.949919933890541,-15.323068131440277,-12.97345047345605,-22.333781334571135,-2.331317869240257,-0.6733683020036185,-42.52447251621818,-20.89752440716334,-68.8842976346513,-18.039687685294826,-47.723800794378114
2026-07-10,-1.981619091789255,-10.137908920519035,-15.720381053137732,-9.40254959989545,-22.83205150015838,-2.0210064523867755,-0.31482345007024515,-42.78140815396887,-19.115874301511816,-69.62809953995065,-18.50952364877606,-46.47112740604936
2026-07-13,-2.07956184557756,-11.433876228741902,-16.358116770325758,-10.845689998943243,-24.84581691123724,-2.140358398213227,-0.4634882259458295,-42.91168243569433,-19.263229436278195,-70.07231422464308,-18.923811869430263,-46.501680415520795
2026-07-14,-1.9590160334551965,-10.861694013663858,-15.86841154999643,-10.26449119006525,-23.640565353752773,-1.814130150987081,-0.3672918010928172,-42.6438877992443,-19.35699995656406,-70.00000049260034,-18.287302402093687,-46.99052856706372
2026-07-15,-1.8836648410231471,-11.16490723203787,-16.55241193644893,-10.318670676354447,-23.962092466610795,-1.901654506560324,-0.0437214018629728,-43.24823050897362,-18.137978082737792,-69.79338912590627,-19.239682417379722,-45.310113046134916
2026-07-16,-2.094634383459526,-12.460874540260725,-16.162923992876486,-10.840759808486123,-25.06016525948246,-1.9573512718803698,0.0,-43.157759074746025,-18.553251179796682,-70.47520712859705,-19.192066822595034,-46.0433852734493
2026-07-17,-2.2001191546777155,-12.416862245771753,-15.966819900111439,-11.880015397826494,-24.550616259534518,-2.2119659234137945,-0.4634882259459072,-43.01119966523822,-18.33891783198469,-69.92768676055758,-18.83175202530911,-45.64619615032067
2026-07-20,-2.4939704099982363,-12.666272710116388,-15.86841154999642,-11.78643196555116,-24.595740777957676,-2.2835795191065045,-0.5247035261280564,-42.92434789724355,-19.263229436278205,-70.4545474697287,-18.61905238381495,-45.065688970363446
2026-07-21,-2.74261554865064,-12.509782064519904,-16.358116770325736,-11.32837518508878,-23.452538876172667,-2.8485055874933995,-0.6121530018215027,-43.16680487006214,-18.968519166745445,-70.4028933965543,-18.977777723954993,-44.66849984723481
2026-07-22,-3.1720966509532933,-10.519363730571063,-16.69754403948376,-11.32837518508878,-22.02730184850772,-3.4532176613198184,-1.0581540014156454,-43.59020471133608,-18.63362299140735,-69.7830592964721,-19.24603267711974,-43.538038496791785
2026-07-23,-3.292642463075657,-10.851918478604405,-16.986273398705755,-10.106882921654858,-23.913203746243894,-3.0792510639599535,-1.1193693015978057,-43.83447488753773,-16.918956208911528,-69.87603515038496,-19.64304879678861,-43.29361442102032
2026-07-24,-2.8179667410827114,-12.31415942972367,-16.745795787256334,-11.727329804339048,-23.518348143325696,-3.214513769666938,-0.743330551345367,-43.718672530211514,-17.21366647844429,-70.34090949394573,-19.09682806418207,-43.2630614115489
2026-07-27,-2.6823368941005787,-11.585486569049152,-16.890256394795312,-10.692996889921591,-23.388611709991515,-3.023554298639919,-0.7345836021858121,-43.794668669773415,-16.651038246619045,-71.4152905711563,-19.325399570604475,-44.79071188512055
2026-07-28,-2.998791207755158,-11.135558240138065,-16.309405938897836,-10.220164569156175,-24.10687193624943,-3.055381888893094,-0.7608177776971203,-43.405648917180606,-14.94976506268828,-72.50000147780105,-18.682131125976078,-43.96578062939185
2026-07-29,-3.5563601396100375,-12.265259367704996,-16.015934999235814,-12.136137288969383,-24.13695800885831,-4.034054489587224,-1.276781026632956,-43.27536789492211,-16.27595616547559,-71.84917542641456,-18.458729139699592,-45.1267949893063
2026-07-30,-3.292642463075679,-10.475351436082104,-15.571822952675129,-10.727478160984806,-22.907262091190418,-3.548694361587257,-0.9707045257221991,-43.20118832900987,-16.155393337949477,-71.50826642506918,-18.61746292666905,-45.523984112434924
2026-07-31,-2.8330277819868854,-10.142796688048739,-15.966819900111417,-9.968972868470448,-23.86619712684889,-2.5381941706399402,-0.5684315999584189,-42.64027487354437,-15.740120240890597,-71.62190193785038,-19.3952372900574,-46.13504430186358
2026-08-04,-2.1398405001276544,-9.727112580807685,-15.415782473830319,-9.594639139369077,-22.16643960572093,-2.2835795191065045,-0.27109537623989377,-41.520254425463264,-14.333557326492608,-72.44834740462665,-18.863495755165573,-43.17140238313459
