data,B5MB11.SA,BOVV11.SA,EURBRL=X,FIND11.SA,GC=F,IB5M11.SA,IMAB11.SA,JPYBRL=X,MATB11.SA,NG=F,USDBRL=X,ZC=F
2020-01-03,0.995051464811268,0.991695345429304,1.000824422715523,1.0049712726308557,1.0162020014246473,1.001038405721206,0.9992182753215433,1.0032486743042914,1.006216203844225,1.0037700921304678,1.001767703630815,0.9872286079182631
2020-01-06,0.995051464811268,0.9847328268702146,1.0101375309198357,0.986003810087536,1.0273531985384552,1.001038405721206,0.9992182753215433,1.016053572215561,0.9983783412624048,1.006126301400861,1.0101336943854247,0.9827586206896551
2020-01-07,0.9882224620880484,0.9837261768617954,1.0122763554184067,0.9819502821388028,1.0310265981161857,0.9813083801171807,0.9940073075603064,1.0139148507065088,1.0021622116501265,1.0188501235855414,1.0109802070382363,0.9821200510855682
2020-01-08,0.990201921468734,0.9802029978317569,1.0097809893433802,0.9725430490409896,1.0215808621935472,0.9865004879484885,1.0011724379284268,1.0186523704692847,1.0164865029824746,1.008953842409812,1.0124242650180606,0.9814814814814813
2020-01-09,0.990201921468734,0.9778542118117314,1.0054364091206225,0.9632122557660134,1.0178418833531486,0.9865004879484885,1.0011724379284268,1.0078778813919744,1.01243240768845,1.0207351134729759,1.011577752365249,0.9789272030651338
2020-01-10,0.9987134080340454,0.9740793862794931,1.012142705447256,0.9544933311797922,1.0216464414562152,0.9854620822272826,1.00221467123781,1.011830386384795,1.0170270558950063,1.037700247171083,1.018873076765994,0.9853128991060024
2020-01-13,0.9984164324954514,0.9885915559030592,1.0054364091206223,0.956787751236108,1.015677287250943,0.9854620822272826,1.0015632505712357,1.0067679285967353,1.0562162657041807,1.028275185378312,1.013494931371925,0.994891443167305
2020-01-14,0.9997030999700609,0.9920308954321105,1.0280729745840886,0.9585468591285256,1.01174157062254,0.9865004879484884,0.9985669540478084,1.0204932825467223,1.054054054054054,1.0306315070043044,1.0322435838377582,0.9936143039591314
2020-01-15,0.9997030999700609,0.981712940844576,1.0237507047698695,0.9499808725389882,1.0181042804761808,0.9865004879484884,0.9985669540478084,1.0177860707681126,1.0472972972972971,0.9990574488784835,1.0286332607999817,0.9897828863346103
2020-01-16,0.9983175161579083,0.9840617268646017,1.0366062808899554,0.9527342232873749,1.0160708428993113,0.9830736777657586,0.9968733000718514,1.0284253202762446,1.0429729770969698,0.9787935547884667,1.0393147545374504,0.9591315453384417
2020-01-17,0.9980205406193143,0.999077253492187,1.0376089743937063,0.9674952198852778,1.0224992120879797,0.9847351902999104,0.9996091873571914,1.027802673669139,1.0597297049857473,0.943920848626335,1.0416551898705322,0.9942528735632182
2020-01-21,0.9997030999700609,0.9859072198802271,1.0349798521074887,0.940726577437859,1.0209249094221466,0.9916925957797962,0.9993485793334261,1.0291291509647733,1.0432432020032725,0.893025447532014,1.0428752128747807,0.9897828863346103
2020-01-22,1.0058392352785492,0.9983223139855871,1.0395250135270129,0.9598470363288724,1.020203377388078,0.9916925957797962,1.002475179868736,1.0371965291132672,1.0794594223434857,0.8977379784283993,1.0484524608942023,0.9929757343550445
2020-01-23,1.0057403189410061,1.006878615058483,1.0331974629453327,0.9812619736272113,1.0263036901186864,0.9987538655993861,1.004168833844693,1.0316467651370735,1.0945945945945943,0.9076343157819284,1.0410825768937426,1.0057471264367814
2020-01-24,1.0060372189709452,0.9981545069843741,1.026312895830471,0.968871895259471,1.0305673831327893,0.9916925957797963,1.0018238585950008,1.0302391037600127,1.0618919166358738,0.8920829525882968,1.0380448668327558,0.9891443167305235
2020-01-27,1.0074228027830978,0.9642647246963585,1.0262905854219324,0.9483747609942642,1.0343063619731878,0.9875388936696944,1.0031266005353099,1.0304827568540798,0.9983783412624044,0.8963242079239239,1.0356546855247049,0.9719029374201786
2020-01-28,1.0085114865653113,0.9822162338489758,1.0321502548645451,0.9593116658139643,1.0293210568526565,0.9846313259602064,1.0018238585950006,1.0446141320609863,1.0054054260253904,0.9114043517345967,1.0472573702401768,0.9872286079182628
2020-01-29,1.016132197532151,0.9728210897688735,1.0291870076504512,0.9506692394015896,1.0297146925733847,0.9879542718032323,1.006513809094385,1.0399577963796343,0.9929730183369402,0.8845428806829605,1.0440952358790292,0.9814814814814813
2020-01-30,1.0201900326310651,0.97391157927828,1.0371856078316755,0.9505162430538961,1.038701213512627,0.9862928384943584,1.0070349257490765,1.050542788700428,0.9897297008617502,0.8619227211447511,1.0529342289350134,0.9693486590038312
2020-01-31,1.0253364760035386,0.9592316026535008,1.0420650004191165,0.9445506692160615,1.0383076578642587,0.9967808392713998,1.0028660919043837,1.0544411373557006,0.9699999835040116,0.8675777469848536,1.056245719946545,0.973818646232439
2020-02-03,1.026128259755813,0.9656069247075839,1.057594213402457,0.9456979084197243,1.0345686790238602,0.996884703611104,1.00312660053531,1.069574152682751,0.9840540499300567,0.8572101902483658,1.0663047360067777,0.9674329501915705
2020-02-04,1.0320664868805607,0.9744987757832864,1.0460308348969207,0.9453154759015002,1.0169891927937438,1.0010384057212058,1.0050807631421934,1.058366513754852,1.0002702249063025,0.8821866152347679,1.0573910646256015,0.9763729246487862
2020-02-05,1.0339469544150484,0.9784414083167373,1.0462982410792623,0.958317422957995,1.0218432593165792,0.992419487707168,1.008337667689386,1.05227538810277,1.0048648731128587,0.8770028087776243,1.0591090222814477,0.9725415070242651
2020-02-06,1.0245446922512649,0.9712272432554477,1.0370741620290227,0.9445506692160616,1.0266316665043866,0.9987538655993858,1.0056018797968849,1.0433417102531066,0.9964864576185068,0.8774740843383826,1.054104505964293,0.968710089399744
2020-02-07,1.0295922192861948,0.9583088561456877,1.0467883263868278,0.9424091871564296,1.0289275012042882,0.9997922713205918,1.004559646487502,1.0537914630047167,0.9705405364165431,0.8755890944509483,1.065856547330149,0.9795657726692203
2020-02-10,1.0372130057616886,0.9491653585677855,1.0527371312235545,0.9331548920553003,1.0329287970953591,1.0134994328262332,1.0095101056178126,1.0657029326211447,0.945405393033414,0.8322337652619636,1.075716460765029,0.9750957854406124
2020-02-11,1.0433491410701776,0.9728210897688734,1.0503754151196785,0.9576290560953934,1.026959642890087,1.0228452427676429,1.0121156888912701,1.065621748539721,0.9832432721112222,0.8426013219984515,1.0758595249651184,0.9699872286079175
2020-02-12,1.050178143793397,0.9838939838630077,1.053004537405896,0.9691778296038481,1.0281403899075516,1.0129802695782693,1.0157634060812717,1.0668128854163839,1.007297309669288,0.868991517489329,1.0774918815518653,0.9782886334610466
2020-02-13,1.0519596194816867,0.9741632257804796,1.0543413558375234,0.9485276989909478,1.0331911942183911,1.0140186752994753,1.0102918302962696,1.0721460240423892,0.9999999999999997,0.8605089506402757,1.084206757094322,0.9693486590038307
2020-02-14,1.0609659142606787,0.9643486281969647,1.0499966693747247,0.9421797509858988,1.0381764192665626,1.020560702645823,1.0161542187240806,1.0720918677048414,0.9918919125118768,0.8656927570974191,1.0822813860297154,0.9648786717752228
2020-02-18,1.0624504899190292,0.9693817502398223,1.0440033499609616,0.933843200566892,1.0495244342407344,1.018068513069873,1.0183688899618901,1.0664609196472241,0.9921621374181796,0.9335532357120478,1.0772351970700451,0.9782886334610466
2020-02-19,1.0685867007361727,0.9812935513407821,1.0469442867665169,0.9533460919761296,1.0544440800262378,1.018068513069873,1.0155027980575064,1.072660357974399,0.9945945739746089,0.9213006890881255,1.0842815541449913,0.9719029374201781
2020-02-20,1.0694774008259904,0.9659424747103902,1.0505983067249833,0.9416443804709911,1.06041323423151,1.013291783372103,1.013939547486271,1.0620753656536082,0.991351359599345,0.9048067747729774,1.086572124777627,0.9667943805874832
2020-02-21,1.0612628897992726,0.9587283096491007,1.0552102931300826,0.9291778039294039,1.0787799118307229,1.0229491071073469,1.0161542187240804,1.0614255904528336,0.989189147949218,0.8977379784283993,1.0936184818525732,0.9629629629629621
2020-02-26,1.0383016895439023,0.8906970985708691,1.0628300413263125,0.8756405190345664,1.0757625450967527,1.012772540898861,1.0027357878925012,1.0767752311300722,0.8918918918918914,0.8581526851920829,1.0922489834724638,0.9463601532567041
2020-02-27,1.0270189598456312,0.8681318568791875,1.0784484959438074,0.8718929254302107,1.0757625450967527,0.9992731080726276,1.0036477171900013,1.0914210411187792,0.8886486775166275,0.8256361883003444,1.1077608232519571,0.9310344827586198
2020-02-28,0.9951504566574669,0.8785337149673282,1.0985896953322472,0.8936902368957641,1.025975713732986,1.004569001018361,1.0028660919043835,1.107176703052935,0.85729727873931,0.793590966969364,1.1166495622829102,0.9361430395913146
2020-03-02,1.022664300225432,0.8995889496465713,1.0981441246017183,0.8986615678776295,1.0444736299298947,1.0200415393978588,1.0128973141768873,1.1124015290038445,0.9189189189189184,0.8275212343655781,1.1058187118950578,0.9572158365261806
2020-03-03,1.0191013488488527,0.8900259985652563,1.1101308696692853,0.8783938697829533,1.0771400299022218,1.0215991083670286,1.0158937100931538,1.1155418906330405,0.897297317917282,0.8482563478385536,1.1135622249724317,0.9750957854406122
2020-03-04,1.029592219286195,0.9030282891756226,1.123342987365827,0.8712810567414561,1.0764840771308213,1.0255451610230009,1.020323052568773,1.1420991702381782,0.9337837631637981,0.8609802262010338,1.1237207329826022,0.9885057471264359
2020-03-05,1.0112826541896176,0.8621759883285173,1.1370675007784727,0.8204206244211584,1.0930797142761968,1.0255451610230009,1.0153725934384623,1.1527924752340646,0.906756736136771,0.8350612500931148,1.1411994977437407,0.9821200510855674
2020-03-06,1.0112826541896176,0.8264407130248759,1.1512823119787652,0.8175908338499347,1.0959659224848308,0.9968847036111036,1.0132881268196965,1.173583466362611,0.8635135341334982,0.804901018649569,1.1468764751640546,0.963601532567049
2020-03-09,0.9749604240264019,0.7260297266710667,1.162645109287535,0.7403441916004424,1.0983929157100685,0.9807891376439382,0.9881448197396564,1.1798370610273363,0.7702702702702697,0.8378887911020658,1.142793031099426,0.9559386973180068
2020-03-10,0.9753563159025387,0.7767804646026745,1.1987166840528478,0.7479923751568477,1.0882912270160294,0.9678088680656686,0.9900989823465396,1.2396113370090394,0.8310810810810805,0.9123468466783136,1.175932992290442,0.9706257982120042
2020-03-11,0.9543744995191995,0.7188155616097771,1.1702426533152668,0.7265774378585089,1.0766808949911852,0.9761162722858722,0.9640437459689991,1.197514819120353,0.7837837837837832,0.8850141562437188,1.1558149601699765,0.9687100893997437
2020-03-12,0.9543744995191995,0.6108547961922529,1.2073836403298654,0.6871892808728194,1.0425057716156934,0.9761162722858722,0.9015111389057663,1.2467041027812678,0.6351351351351346,0.8675777469848535,1.1985657487445966,0.9444444444444436
2020-03-13,0.9543744995191995,0.6962503199180956,1.1931912457781522,0.6720459101077022,0.9942275835827318,0.9761162722858722,0.9249608914026883,1.240315167697571,0.710810790190825,0.8807728447302923,1.1926897874244073,0.946998722860791
2020-03-16,0.9543744995191995,0.595755366064061,1.2016354166899055,0.6140726647459073,0.9746802390384139,0.9761162722858722,0.9249608914026883,1.217114774222027,0.63783784814783,0.8553252003609313,1.2082264408286467,0.9061302681992329
2020-03-17,0.9368567181748962,0.6257864193192321,1.2423634924373543,0.638699825133694,1.000262397123032,1.017653134936335,0.9185773863201858,1.2745878596820397,0.6556756818616709,0.814797356003098,1.2446778930311941,0.8786717752234986
2020-03-18,0.9368567181748962,0.5645499837984963,1.2287058040102838,0.5889101338432124,0.9690390612188421,1.017653134936335,0.8728504186476074,1.2631907239976214,0.5824324118124469,0.7558906636204817,1.2473419740152667,0.856321839080459
2020-03-19,0.9368567181748962,0.5762939138986244,1.2464184623092722,0.5736137667304018,0.9698917517782467,1.017653134936335,0.8728504186476074,1.2750210095326258,0.5859459541939397,0.779453374280208,1.2708118638095296,0.8825031928480196
2020-03-20,0.9368567181748962,0.5657243768085092,1.2092551648861352,0.5521988294320629,0.9734339127582811,0.9158877897525902,0.898905655025148,1.2392593712398792,0.5824324118124469,0.7558906636204817,1.268381315839213,0.8780332056194117
2020-03-23,0.8451108334909584,0.5353577735505317,1.205779521955937,0.5124282982791589,1.0278779927845192,0.831775658730459,0.8467951822700669,1.2305423187404017,0.5562162141542173,0.7549481686767646,1.2562556453964429,0.8773946360153249
2020-03-24,0.8727236689051215,0.5888767510055779,1.2324488531228235,0.5847036095467857,1.089012759050098,0.9149532483710884,0.8749348852663734,1.254798508673637,0.5897297214817354,0.7789820987194496,1.2802080355302607,0.8869731800766275
2020-03-25,0.8727236689051215,0.6290579518470706,1.2264109128919831,0.6406883108456325,1.070711740785913,0.9149532483710884,0.9119332732139181,1.2419664821686986,0.6400000082479937,0.7818096397284006,1.2693523715176627,0.8901660280970618
2020-03-26,0.8927157178437909,0.6541397865599904,1.2205289330408318,0.6386233269598474,1.0823876520734252,0.9149532483710884,0.9319958171517652,1.2289450597570313,0.652432415936444,0.7714420268141132,1.2533176647363484,0.8908045977011486
2020-03-27,0.8872723744413783,0.6182367042551362,1.2356571961107206,0.6103250711415514,1.0652017214916771,0.9288680593308598,0.9159718030467286,1.2450256597164682,0.6629729915309592,0.7700282563096376,1.2505539730768607,0.8837803320561933
2020-03-30,0.8928147096899888,0.6288063053448706,1.2652674640831623,0.6156787762906312,1.0639553952115444,0.9288680593308598,0.9180562696654946,1.278756889175258,0.671351355475348,0.7964185079783148,1.2709779607522063,0.8716475095785432
2020-03-31,0.8506531687395688,0.614042425219485,1.2755609553826874,0.5977055566032805,1.0386356342499585,0.8809968187881794,0.9275663752833071,1.3010909829496295,0.6878378584578225,0.7728557973185887,1.2929063189498207,0.8703703703703695
2020-04-01,0.871338085092969,0.5986075090881059,1.2779671860636,0.5674187567220365,1.0352246317952603,0.8809968187881794,0.9184470823083035,1.310214157555812,0.6918919022018839,0.7478793723321864,1.2955953322841165,0.8550446998722852
2020-04-02,0.871338085092969,0.6087576566744275,1.2799501564225224,0.5770554259903802,1.066382388436782,0.8809968187881794,0.9184470823083035,1.324453845437814,0.7010810955150701,0.7313855141948379,1.306725014698214,0.851851851851851
2020-04-03,0.873416460811198,0.585940768480546,1.2693670547721578,0.5591587044768763,1.0716300106079857,0.861370657523858,0.9184470823083035,1.3170091138964257,0.6783783886883704,0.7639020110865764,1.3084928370545061,0.8448275862068957
2020-04-06,0.873416460811198,0.6247798333104321,1.2874808754646792,0.5977820547771272,1.1000327976385695,0.8898234654816252,0.9059405807742248,1.3328460607617985,0.6872973055452908,0.8157398509468152,1.3316982064854501,0.8371647509578535
2020-04-07,0.8792556960897474,0.6434023784690434,1.2713500251310803,0.6434416615940189,1.092030205856428,0.8586708184937781,0.9119332732139185,1.311378266688599,0.6894594656454546,0.8727615534419972,1.3159623317303808,0.8467432950191562
2020-04-08,0.8778701122775948,0.6624444411306865,1.2670499594853593,0.6482600545792006,1.0924237615047963,0.8586708184937781,0.9232673368195707,1.3009286147867793,0.698108106046109,0.8402450565502587,1.3001269650253737,0.8429118773946351
2020-04-09,0.8863815988429062,0.6543914330621905,1.2393334202376853,0.6400000023340404,1.1388651696765328,0.8986500329497927,0.9158415984276853,1.2733967228053766,0.6867567526327591,0.816682402068332,1.2756765215144807,0.847381864623243
2020-04-13,0.8808392635942959,0.6642060306457057,1.2342312422849797,0.6465009466867829,1.1445064275684647,0.8986500329497927,0.9249608914026889,1.2764016431658078,0.7054054157153975,0.8124410905549054,1.2711948721991468,0.8467432950191562
2020-04-14,0.8872723744413784,0.6698263491935698,1.2342312422849797,0.6691395630116216,1.1523122014902423,0.8986500329497927,0.9201406368914219,1.3078589115463646,0.7329729956549561,0.7775683282149742,1.294350495655122,0.8326947637292456
2020-04-15,0.8966745610965072,0.6646254841491185,1.2628835438107884,0.6523900807017805,1.1329615947339287,0.8986500329497927,0.9241792661170711,1.3046103380918637,0.7186486527726451,0.7530631787893304,1.2852625352733391,0.8154533844189007
2020-04-16,0.8966745610965072,0.655733569073797,1.2718179062701476,0.6331166254630735,1.1285011639318214,0.8986500329497927,0.9379885095914593,1.3173069233280403,0.7029729791589681,0.794533461913081,1.3039363906885029,0.8167305236270744
2020-04-17,0.8966745610965072,0.6657998771591312,1.2655125598569654,0.6386233269598469,1.1080353894207111,0.8986500329497927,0.9392912515317685,1.3122715941336496,0.7178378234038476,0.8261074638611026,1.3024175356580094,0.8231162196679428
2020-04-20,0.9313143074176313,0.6656320701579185,1.258093286617461,0.6320458844332575,1.1161692198005488,0.8997923030107028,0.9624803960049253,1.3159262896948554,0.7056756921716631,0.906691820838211,1.3028657243346384,0.8026819923371638
2020-04-22,0.9354710588540891,0.6782988107654784,1.2850968489522643,0.6397705661635096,1.1339455238910292,0.9502595974690373,0.9510161277802295,1.3357427692969268,0.7172973220412789,0.9137606171827891,1.323357266806541,0.8109833971902928
2020-04-23,0.9191409531381973,0.6710846457041888,1.3133480943245808,0.628068854658371,1.1369629706973592,0.9502595974690373,0.9431995767455351,1.3702049580379148,0.7291891768171973,0.8553252003609314,1.358688306680255,0.8154533844189007
2020-04-24,0.8570862795866513,0.6349299808967537,1.3275627992848327,0.5728489600449628,1.1305346015086908,0.9502595974690373,0.9106305312736095,1.3909147650850373,0.7164864926724814,0.8228087034691928,1.377660994121664,0.8065134099616849
2020-04-27,0.8650039660920843,0.6588373586000417,1.3471693987886704,0.5912046122505376,1.1229255653749175,0.896157843373843,0.9116727645829925,1.4038279756713996,0.7435135196995085,0.8572101902483656,1.3874958564808437,0.7803320561941243
2020-04-28,0.8946951772244762,0.6854290723261616,1.3629437075458137,0.6359464743853068,1.122007215480485,0.896157843373843,0.9262636333429982,1.4262974098647425,0.7499999999999993,0.8454288630074023,1.4074146672504793,0.773307790549169
2020-04-29,0.9110253584490225,0.7010317954587535,1.3262706016702825,0.6504015366388322,1.1173499668180138,0.9282450317431918,0.9262636333429982,1.3941363107956568,0.7764864741144946,0.8807728447302923,1.3687721363652334,0.7777777777777769
2020-04-30,0.9026127882212548,0.677711614260472,1.2924269867976543,0.6219502844728427,1.104755625563709,0.9282450317431918,0.9202709409033046,1.3546658206041569,0.7559459273879584,0.9184731480791746,1.3282871047985036,0.7956577266922086
2020-05-04,0.9006334043492237,0.6647932271507121,1.338257240497809,0.6028298255818294,1.1196458015179154,0.9086188704788705,0.924960891402689,1.3866103951728448,0.7467567340747723,0.9392083177299496,1.3636929417228871,0.793742017879948
2020-05-05,0.9006334043492237,0.6696586061919761,1.3454760387805875,0.6144550389131213,1.1180059195894143,0.9234683020454221,0.9305627711995738,1.4058854122492346,0.7556756509316926,1.0056550820179022,1.379528308427894,0.7994891443167297
2020-05-06,0.9006334043492237,0.6663031701635314,1.346523246861375,0.5986233012854025,1.1047556255637092,0.9234683020454221,0.931865513139883,1.4187714942419305,0.753783767287795,0.9161168826309818,1.3888653548609533,0.7962962962962954
2020-05-07,0.8956848691604917,0.6585018085972354,1.374395746488738,0.5759082451377269,1.1294195138262544,0.9234683020454221,0.9261333293311156,1.456726010381277,0.8016216174976238,0.8925542281490549,1.4230011853551647,0.8071519795657718
2020-05-08,0.8956848691604917,0.6773760642576657,1.4072143574490767,0.5960994450585563,1.121613659832117,0.9234683020454221,0.9293902338783081,1.4835810994180267,0.8310810810810804,0.8590951801357998,1.451265803548277,0.814814814814814
2020-05-11,0.8946951772244762,0.6663870736641377,1.383775679678626,0.5889866320170589,1.112036765384142,0.9068535728302927,0.92769667929519,1.3899131249648908,0.8362162306502051,0.8605089506402753,1.3636929417228874,0.8135376756066404
2020-05-12,0.8828186474663267,0.6563207655788035,1.400530265290941,0.5644359698031189,1.1180059195894143,0.9068535728302927,0.9226159161529967,1.4637104634784075,0.8108108108108101,0.8105561006674709,1.4483728198440613,0.826947637292464
2020-05-13,0.8808392635942957,0.6553980190709907,1.4216741581831316,0.5682600615813216,1.1242374709177188,0.8965731422821028,0.9237884534742622,1.4866943324535538,0.829999975256017,0.7615457456383838,1.4652291069279642,0.8180076628352482
2020-05-14,0.8778701122775946,0.6660515236613315,1.4182875444070069,0.5776672946791347,1.140111495956666,0.8811006831278834,0.9262636333429981,1.4900782463270261,0.8216216113116284,0.7921771964648884,1.465627549629624,0.8180076628352482
2020-05-15,0.8902414502494245,0.651790936540346,1.3982354804126809,0.5785085995384202,1.1501476053880368,0.8831775737955735,0.9327774424373831,1.4651723820428066,0.8105405343545442,0.7756833383275397,1.4464556408373852,0.8154533844189008
2020-05-18,0.8882620663773935,0.684506325818349,1.4098211693267557,0.604665373297084,1.1359790415402589,0.9143302207834204,0.9374673929367676,1.4788435796552486,0.8194594512114646,0.8402450565502585,1.4578591042020272,0.8192848020434219
2020-05-19,0.8976642530325226,0.6799764967798915,1.3903483260341092,0.5915869864177521,1.1441127918477367,0.9136033288560484,0.9445023186858442,1.44186367589217,0.8313513575373461,0.8623939967055089,1.4239473086833916,0.8205619412515955
2020-05-20,0.8976642530325226,0.6840869363145554,1.4004857507139044,0.5905162453879361,1.1483109055991716,0.9136033288560484,0.9445023186858442,1.444516630483444,0.8270270373370188,0.8345900307101558,1.4329605907399827,0.8160919540229876
2020-05-21,0.9090458990683369,0.6997734989481346,1.391640523648659,0.6247801333950763,1.1285667431944897,0.9136033288560484,0.9511464317921121,1.431738861165841,0.8018918939538896,0.8058435697710855,1.4168512056334763,0.8116219667943797
2020-05-22,0.9070665151963059,0.6962503199180962,1.3539648305094178,0.6236328941914135,1.1378156612567643,0.9120456806616004,0.9510161277802295,1.3964374004675593,0.7986486280286627,0.8157398509468149,1.382466407813466,0.8122605363984665
2020-05-26,0.9204275451041514,0.7210804441291968,1.3209456383523126,0.6543021265908817,1.1182683167124465,0.922845274457754,0.9594840994814979,1.3683911745541466,0.7908108169968057,0.8449575874466434,1.3553269509682775,0.814814814814814
2020-05-27,0.9144893179794039,0.7412968998008527,1.3066417979979468,0.6569789791654217,1.1218760569551491,0.922845274457754,0.9594840994814979,1.3458134276857079,0.8343243470063072,0.8114985956111878,1.3305777941566168,0.8186462324393351
2020-05-28,0.9194378531681359,0.7329083417295503,1.2935633302725558,0.6539196940726576,1.1238439152693507,0.922845274457754,0.9594840994814979,1.3241290082623203,0.8445945945945937,0.8609802262010334,1.3128251297194564,0.8365261813537668
2020-05-29,0.9154790099154194,0.735760420753976,1.3331996833621806,0.646424448512936,1.1393243846599295,0.9215991400571399,0.9560968909224227,1.3589161350285923,0.8535135114515141,0.8713477829375214,1.3454174102839058,0.8320561941251589
2020-06-01,0.9150831180392822,0.7476721578553167,1.3186953680510891,0.6669980809519895,1.1399147581686617,0.918899221801782,0.954273032327422,1.3413736165047536,0.8597297152957393,0.8360038012146314,1.3282871047985039,0.8256704980842904
2020-06-02,0.9233966964208523,0.7681402600291727,1.3296571092063667,0.6936902252255616,1.131649689191128,0.9365524359633953,0.9606565374099244,1.3507404442050057,0.8756757169156453,0.8374175155413074,1.3361799745262615,0.8282247765006377
2020-06-03,0.9313143074176308,0.782400783150539,1.29507831325237,0.7255831950025394,1.1136766473126434,0.9442367333706533,0.9640437459689994,1.2934568555015122,0.8832432514912364,0.8581526851920827,1.2945495982804751,0.8275862068965509
2020-06-04,0.9332937667983162,0.7902021447168351,1.2664929429521772,0.7357552347857912,1.127517234774721,0.9362409221695617,0.9674309545280747,1.257045442007991,0.9005405322925455,0.858623960752841,1.2602644111358796,0.8403575989782879
2020-06-05,0.9352731506703472,0.7980874097837374,1.2922488222494672,0.7380497131931165,1.0995080033925055,0.9371754635510635,0.9700364384086931,1.2694983741501007,0.8918918918918909,0.8397737809895001,1.2741079205090184,0.8461047254150694
2020-06-08,0.9352731506703472,0.8220786909876316,1.2461288519584324,0.7762906309751433,1.1140046236983434,0.954205570899731,0.9770713641577697,1.2247489016701432,0.9043242995803411,0.8430725975592095,1.234842911946537,0.8524904214559379
2020-06-09,0.9352731506703472,0.8155356259319548,1.2137335013200838,0.7671128340478607,1.1247621850914231,0.952128759457319,0.973163038944003,1.2039849382854755,0.9054054054054045,0.832704984644922,1.2005078601014956,0.8365261813537668
2020-06-10,0.9431908371757801,0.7977518597809309,1.2363255522065135,0.7458508347462057,1.1238439152693505,0.9469366516260113,0.9770713641577696,1.2298925435396266,0.8800000371159725,0.8388312860457829,1.2196299041932885,0.8333333333333326
2020-06-12,0.9426959534534451,0.7818135866455327,1.2508076633491072,0.7254301986548458,1.1343391596117578,0.9438213552371154,0.978374106098079,1.2605918248941042,0.8451351475071254,0.8157398509468152,1.2387022023101126,0.8429118773946354
2020-06-15,0.9387371102007286,0.7788776041205006,1.2659804409960325,0.7112810707456979,1.1284355846691536,0.9402907599399595,0.9757686222174605,1.273017729292335,0.8594594388394733,0.786522170624786,1.25682837709871,0.8409961685823748
2020-06-16,0.9362628426063626,0.7881889086996158,1.3013836596655524,0.7219885393948673,1.134535897399762,0.9396676531270133,0.9764199434911957,1.2980319062516472,0.883783804403768,0.7606031945168671,1.2830731187473225,0.8403575989782879
2020-06-17,0.9372525345423783,0.8048821213416143,1.3155760542172656,0.7407265657676564,1.1342735002767297,0.9485980849348852,0.9796768480383882,1.321475952821258,0.8972973179172816,0.7719133023748717,1.3055796700191573,0.8435504469987222
2020-06-18,0.9372525345423783,0.8100830503856846,1.3088029329050568,0.7457743949233687,1.1313873721404555,0.9485980849348852,0.9722511096465026,1.3239124837619225,0.9067567361367707,0.7719133023748717,1.301670633680613,0.8454661558109827
2020-06-19,0.9357680343926821,0.8105025038890975,1.3421340458215403,0.7497514246982551,1.1452279596025334,0.9485980849348852,0.9774621768005785,1.3599989592301622,0.9108108314307952,0.786522170624786,1.3388441742358115,0.8492975734355037
2020-06-22,0.9273554641649142,0.8027011423228013,1.321970536024562,0.7479923751568472,1.1523122014902425,0.9327102476471277,0.9761594348602692,1.345326121497574,0.8921621167981939,0.7841659051765933,1.3221123114520694,0.8384418901660274
2020-06-23,0.9278503478872491,0.8086570108734719,1.3193414137383443,0.7479923751568472,1.1624138901842815,0.9327102476471277,0.9787649187408878,1.3298952967389117,0.8948648813608523,0.7714420268141132,1.307646324401695,0.8301404853128984
2020-06-24,0.9278503478872491,0.794312584251499,1.2979302209038526,0.7342256214149138,1.1582814357678746,0.9409137875276274,0.9718602970036938,1.3097268513676803,0.9027027439426724,0.7525919032285718,1.2825236572385972,0.8282247765006379
2020-06-25,0.9323039993536463,0.808489203872259,1.3396831943235505,0.7495219885277244,1.1558543624702768,0.9409137875276274,0.9770713641577696,1.352094050094309,0.8994594264674823,0.698397741742341,1.3312252041840755,0.8103448275862062
2020-06-26,0.928345231609584,0.7902021447168354,1.3392599340015603,0.7300955952923337,1.1626762873073135,0.9414330300008694,0.9765502475030782,1.3538266494966538,0.8918918918918911,0.7045240431432019,1.334437084520192,0.8097062579821194
2020-06-29,0.9323039993536463,0.80622432135284,1.3703406703767795,0.7487571818422858,1.1641850107104785,0.9414330300008694,0.9770713641577696,1.3848507680266215,0.8932432226232573,0.8053722942103273,1.3646638786758591,0.8333333333333327
2020-06-30,0.9402216858590792,0.8021977853187823,1.3532518535965476,0.7311663363221496,1.176123319121023,0.9447559758438954,0.9828035479665369,1.3593763126230567,0.8894594553354617,0.8251649689173853,1.3450438999324688,0.8646232439335881
2020-07-01,0.9491290643005276,0.8113413468963039,1.3665307962786646,0.7477628806353068,1.1631354222183499,0.951609516984077,0.9861906571327731,1.3691491615802232,0.8940541035420179,0.7874646655685031,1.3598833973342803,0.889527458492975
2020-07-02,0.950118756236543,0.809663596882272,1.3320634461273204,0.753346080305927,1.1702197441784186,0.9600207063187067,0.9899686783346573,1.340344948640731,0.8964864369985213,0.8171536214512907,1.3236559801073084,0.8748403575989775
2020-07-06,0.9610055185500225,0.8344098815923853,1.3310830630321082,0.7805735950944069,1.1731715316497207,0.9681204610847804,0.9940073075603065,1.3369339061735896,0.9062161832242391,0.8623939967055092,1.322460889453283,0.885057471264367
2020-07-07,0.9580364427419759,0.8235047304998446,1.3490409233449405,0.7596940866619856,1.183469958131764,0.9777777848200241,0.9900989823465398,1.3500907698540217,0.9054054054054046,0.8840716613000016,1.3331423831907516,0.881226053639846
2020-07-08,0.9600158266140069,0.8417917896552685,1.3504890813391797,0.787762906309751,1.190882256477533,0.9640705440891043,0.9953100495006157,1.353176874295879,0.9189189189189181,0.8595664556965583,1.3389935308861953,0.8895274584929749
2020-07-09,0.9600158266140069,0.8280345595383022,1.3489517879508268,0.7770554376605815,1.1801901942747615,0.9640705440891043,0.9994788833453087,1.3479791769386384,0.9135134928935275,0.8383600666628243,1.330229216155403,0.897190293742017
2020-07-10,0.9738717402441874,0.8426306326624751,1.3420226000188882,0.7801147227533456,1.179534241503361,0.9844236765060755,1.0050807631421934,1.3477625515884502,0.9175675881875519,0.8506126132867464,1.3290341255013776,0.8697318007662826
2020-07-13,0.9758511241162183,0.8312221885655342,1.3378784947528561,0.7755258242897044,1.187930469006231,0.9875388936696936,1.008337667689386,1.3491703138153015,0.9167567072687914,0.8195098868994833,1.3263201798168587,0.8531289910600246
2020-07-14,0.971892280863502,0.8457344221887196,1.3650380174673487,0.7885277129951895,1.1876680718831987,0.9849428397540397,1.0080770596656208,1.36308516452181,0.9481081575960719,0.8228087034691927,1.344894543282085,0.8550446998722852
2020-07-15,0.9748614321802028,0.8578978057922604,1.3636566844586848,0.7954110898661564,1.1881928661292631,0.97767392048032,1.0097707136415777,1.3546929491978257,0.9513513719713359,0.8378887911020658,1.3362546528514534,0.8333333333333324
2020-07-16,0.9723871645858368,0.8476638187049514,1.365171667438499,0.7883747749985057,1.1798622178890614,0.9849428397540397,1.0143303601290794,1.3587536660159512,0.9459459459459453,0.8119698711719465,1.336291576474879,0.8435504469987218
2020-07-17,0.9817893512409658,0.8679641138775948,1.3518035893622682,0.8055066898265711,1.1861594285523935,0.9857735960211158,1.0126368055459614,1.3451366247410543,0.9570270229030292,0.8096136057237538,1.3272663031450853,0.8505747126436771
2020-07-20,0.9877276538743676,0.8803791439833357,1.3700956808430174,0.8221797323135752,1.191144653600565,1.000519163247963,1.016545031366889,1.361623245957411,0.9770270682669968,0.7733270728793471,1.3408609639179028,0.838441890166027
2020-07-21,0.9877276538743676,0.8778626149617164,1.3594234437985389,0.8256213915735537,1.208527402042677,0.9968847036111032,1.021625794509082,1.3452178088224807,0.9567567979967266,0.7893496554559374,1.3265194011676888,0.8243933588761164
2020-07-22,0.9877276538743676,0.8778626149617164,1.3280975054094757,0.8168260271644951,1.222761545153123,0.9890965418641414,1.0192808192593898,1.3102141575558108,0.9516215968776388,0.7921771964648885,1.2872045279047613,0.8365261813537664
2020-07-23,0.9847585025576667,0.861924341826318,1.3184502722772866,0.8022944667371231,1.2391603644381346,0.9859812454752456,1.018499193973772,1.2927800525568582,0.9567567979967267,0.8411875514939757,1.2743320742100719,0.8378033205619402
2020-07-24,0.9847585025576667,0.8644409348475564,1.3456543095688156,0.8015296600516845,1.2445392252070344,0.9971962174049371,1.0187597026046982,1.3202306596070466,0.9621621209221912,0.8520263837912222,1.297363154640409,0.8333333333333323
2020-07-27,0.9961401485934812,0.880463047483942,1.3581534503524866,0.8280688079775629,1.266644801574286,0.9941847853557451,1.0225377238065823,1.3357697970408045,0.9889189230429155,0.8171536214512908,1.3019694657068583,0.830140485312898
2020-07-28,0.9961401485934812,0.8772754184567099,1.3480382298411893,0.8175908338499338,1.2756313225135283,0.9971962174049371,1.023319448485039,1.3219903876030579,0.9859459335739543,0.8482563478385537,1.280138818577023,0.8173690932311611
2020-07-29,0.9926761890630996,0.8880966660486443,1.3446071014880279,0.8347992468518458,1.2814037389307964,1.003634459636859,1.0418186424588114,1.3269985882037818,1.0045945451066296,0.8737040483857144,1.2828473028895884,0.8058748403575979
2020-07-30,1.0026721757781072,0.8846573265195931,1.3564825069929831,0.8219502961430444,1.2740570999200551,1.0068535411401809,1.027097370294084,1.3321692578171438,0.9972973385372673,0.8619227211447511,1.2869555605789624,0.8065134099616847
2020-07-31,1.0086104784115093,0.8682996638804013,1.3627209221805494,0.8026768409043376,1.2875041317337645,1.0210799451190642,1.03230843744816,1.3328190330179184,0.9756756344357047,0.8477851284555952,1.283245745591248,0.8071519795657716
2020-08-03,1.011480562373358,0.8677963068763821,1.3658401297743326,0.810707456978967,1.2896031485733022,1.0181723774095763,1.032959858114734,1.335634456621833,0.9997297750936968,0.9901037188242712,1.300002421999736,0.8109833971902927
2020-08-04,1.0085114865653115,0.854374626762222,1.393088787882939,0.7839388145315482,1.3126926540976545,1.023883648488848,1.041558034435046,1.3579956789898713,0.9918919125118767,1.033459048013256,1.3242784577845446,0.7873563218390794
2020-08-05,1.0085114865653115,0.8667058173669755,1.3917073486342346,0.7850095555613642,1.3323056579769998,1.0219107013861402,1.0347837167097345,1.3556674607243,1.0413513183593748,1.0325164968917393,1.3171824734601068,0.7943805874840347
2020-08-06,1.0025732594405639,0.8777787114611099,1.3991712426908163,0.8007647950152362,1.3456871105280412,1.0072689192737185,1.0376498086141182,1.3569127539385106,1.0408107654468428,1.0202638940900177,1.3173567624607136,0.7950191570881215
2020-08-07,0.9986144161878475,0.8660347173613626,1.4099771297064454,0.7844741850464563,1.3185306497775902,1.0072689192737185,1.0350442253406607,1.3669563845834158,1.0308107943148221,1.0546653808691904,1.3274156597954692,0.7860791826309057
2020-08-10,0.989707037746399,0.8710678394042204,1.427511623457247,0.78875714916572,1.3279108064375609,1.0046728653580645,1.0291818369128496,1.3903192470715977,1.0540540540540535,1.0146089244277146,1.353783282313038,0.793103448275861
2020-08-11,0.9817893512409661,0.8608338523169116,1.432858790943715,0.7828680735017324,1.2676943099940547,0.9965731898172688,1.022798331830347,1.3997672588532732,1.0305405694085195,1.0230914350989686,1.3645643867259216,0.7956577266922084
2020-08-12,0.9738717402441875,0.8605821418150924,1.4064345555506315,0.776214132801296,1.2692030333972197,0.9823467858383852,1.0174569606643886,1.3672541940150276,1.0540540540540537,1.0141375926891567,1.3396409409136543,0.8033205619412505
2020-08-13,0.9709025889274865,0.8459860686909196,1.4275338276257448,0.7617590705477708,1.2835027557703338,0.9855659465669853,1.011464268224695,1.3773248524038086,1.0364864452465155,1.0282751853783125,1.3532354829609943,0.8307790549169848
2020-08-14,0.972882048308172,0.8530324907506155,1.4124948061900104,0.7594646504914551,1.2705805182026886,0.989511919997679,1.0175872646762714,1.357995678989871,1.0675675675675673,1.1102733128598967,1.3363045175518995,0.8288633461047242
2020-08-17,0.9649643618027391,0.8388558071302366,1.4296282437873196,0.7392734505706258,1.3020662512299106,0.9792315686747671,1.0070349257490758,1.377027042972197,1.0783784196183486,1.1022620215716017,1.3496999569738868,0.8454661558109822
2020-08-18,0.9807996593049505,0.8589883593012861,1.4569214164729627,0.7541873851652122,1.3115119871525491,0.9976115955384746,1.0182386853428453,1.4068328960318328,1.1102703197582346,1.1390198299767667,1.3714860820497523,0.8352490421455926
2020-08-19,0.9788202754329195,0.8495931512215646,1.4544705649749727,0.74646270343496,1.2848146613131346,0.9960539473440267,1.0204533565806548,1.4060207526682083,1.108108108108108,1.1432611414901932,1.3608047070377611,0.8301404853128979
2020-08-20,0.9807996593049504,0.8556329232728414,1.46558837274998,0.7541108869913653,1.268481501363151,0.9817237582507172,1.0187597026046977,1.4178511390530004,1.1272972725533148,1.1083883229724627,1.3834622771166614,0.8288633461047242
2020-08-21,0.986737886429698,0.8539552372584284,1.4687744053293386,0.7526577717943349,1.2690062155368553,1.0011422700609085,1.023189144473156,1.4234549585169511,1.1018919042638828,1.1536286420488815,1.3833378528165008,0.8352490421455926
2020-08-24,0.9882224620880482,0.8613371453213118,1.4761491639918063,0.7606118313441079,1.2644801253997204,1.0011422700609085,1.026315745008466,1.4372073402108165,1.1216216216216213,1.1842601490531859,1.3989491845459319,0.8473818646232426
2020-08-25,0.9847585025576667,0.8600788488106926,1.473631487508241,0.7601529590030467,1.254050540392341,1.0011422700609085,1.0237102611278475,1.432848813961079,1.0986486898886187,1.172950097372981,1.3969573272140636,0.870370370370369
2020-08-26,0.9768408160522338,0.8459860686909199,1.4519305780828689,0.7449330900640828,1.2730075114279265,0.9905503257188847,1.0203230525687723,1.4017705390935633,1.0932432638632281,1.1597549434497425,1.3712620470741765,0.8697318007662822
2020-08-27,0.9748614321802027,0.8474960117037391,1.4783771238844907,0.7540343888175185,1.2604788295086495,0.9745586240914232,1.0191506146403457,1.4338504540812227,1.0967568062447208,1.2153628754404489,1.3961108145612524,0.8793103448275849
2020-08-28,0.9807996593049502,0.8610015953185054,1.4660562538890474,0.7603823951735774,1.2886847986788694,0.9952231910769506,1.0191506146403457,1.4135466682910198,1.1081081081081077,1.2521206838456138,1.386524800802394,0.8837803320561928
2020-08-31,0.9778305834969037,0.8377653176208304,1.4284695899038795,0.7357552347857906,1.2906526569930707,0.9921079739133327,1.0213652858781552,1.3822518689231065,1.0810810810810807,1.2393968616609337,1.342031122221705,0.8901660280970612
2020-09-01,0.9783253917105843,0.8611694023197182,1.459817838701481,0.7567877395659053,1.2910462126414393,0.981308380117179,1.0203230525687723,1.4023660571069996,1.1162161955962306,1.1908576698370057,1.3671537893848025,0.8927203065134087
2020-09-02,0.9778305834969037,0.8588205523000734,1.4332598470972067,0.7564053653986907,1.2688750570115195,0.981308380117179,1.022146911163773,1.3797883102385609,1.1121622034021321,1.1715363268685053,1.3438486905529663,0.8933588761174955
2020-09-03,0.9798099673689347,0.8487543082143583,1.4089967466112328,0.7533460803059266,1.2644145461370522,0.9814122444568834,1.0233194484850385,1.3601342996491326,1.0697297792176939,1.1720075462514643,1.3292581604769536,0.8799489144316718
2020-09-04,0.9812945430272851,0.8532841372528157,1.3947152166654055,0.760994263862332,1.2619875529118145,0.9832814064451652,1.0251433070800393,1.349874144503832,1.0783784196183483,1.2196041869538758,1.3171076764094378,0.886973180076627
2020-09-08,0.9738717402441871,0.8434695396693004,1.3948711770450948,0.7442447232014814,1.2679567071170867,0.9832814064451652,1.019020310628463,1.3493056542342716,1.07567565505569,1.131008538688472,1.319199144416721,0.8965517241379296
2020-09-09,0.9778305834969035,0.8542907232616157,1.4049863975563917,0.7493690505310403,1.275631322513528,0.990758054398293,1.0226680278184646,1.3693928146742889,1.0951351475071258,1.1338359673418237,1.3347109841962148,0.8939974457215822
2020-09-10,0.9723871645858366,0.8321449350733471,1.395606358126463,0.7297132211251189,1.2818628738418325,0.990758054398293,1.0174569606643886,1.3529873775393588,1.067567567567567,1.0947219496662655,1.3217388011006332,0.9125159642401007
2020-09-11,0.9713974726498212,0.8271118130304894,1.4011319026411992,0.7196940609875412,1.2711053124487528,0.988369649936769,1.0161542187240793,1.3568857261946314,1.0864865071064713,1.0692743052969045,1.3247266464611742,0.932311621966793
2020-09-14,0.9738717402441872,0.8448955791815134,1.4034044833509611,0.7352963624447293,1.2811413418077637,0.9761162722858714,1.018759702604698,1.355775773399395,1.0935134887695308,1.0885956482654047,1.3236559801073096,0.9131545338441877
2020-09-15,0.9709025889274862,0.8442244791759006,1.3924871505326795,0.7232887165952132,1.2832404387196612,0.9719625701757695,1.0161542187240795,1.348791320302262,1.1270270476470117,1.113100853868848,1.3117296497408468,0.9348659003831404
2020-09-16,0.9669437456747697,0.8406173966452558,1.3913732237063574,0.7263480016879773,1.2857985904702351,0.9719625701757695,1.0148514767837702,1.354828289616796,1.1054054466453753,1.0683317541753878,1.313223572421117,0.9495530012771379
2020-09-17,0.9679335131194396,0.8436372826708941,1.3767573563525728,0.7151051625238999,1.27254837651689,0.9798545962624353,1.016675335378771,1.349386838315698,1.1318919207598708,0.9622997528289182,1.303687423362705,0.9584929757343539
2020-09-18,0.9456651047701458,0.8283701095411086,1.3824610654154965,0.7051625005601692,1.2804853890363634,0.9580477592159983,1.0029962965234267,1.3543680111725407,1.1237838332717478,0.9651272938378691,1.3041356120393337,0.9667943805874829
2020-09-21,0.940221685859079,0.8179683154525871,1.4208052208905717,0.6966730121444784,1.2470973769576084,0.9391484898790486,0.9992182753215427,1.3961937473734907,1.0937838167757596,0.8647502621537025,1.3419813762467367,0.9444444444444433
2020-09-22,0.945962004800085,0.818974901461387,1.4184881256037731,0.6959847036328867,1.245391915766439,0.9391484898790486,1.001563250571235,1.3996859739220584,1.0894594965754325,0.864278986592944,1.3476582349415733,0.9431673052362697
2020-09-23,0.9461599129838264,0.8071470678606526,1.4266648903331844,0.6900956279688989,1.2200065755421854,0.9580477592159982,1.0032569045471922,1.4097837609045087,1.091891933131862,1.001413770504476,1.3619251193665953,0.9412515964240092
2020-09-24,0.952098140108574,0.8175488619491742,1.452019713476982,0.7073804807936478,1.2255165948364213,0.9601245706584098,1.0052110671540755,1.4375593059799787,1.0875676129315346,1.0593779117655757,1.3924258131982843,0.9284802043422723
2020-09-25,0.9511084481725584,0.8178844119519805,1.4317002433003145,0.703250454671068,1.2185634314016884,0.9718587058360654,1.0052110671540755,1.4146295933423805,1.096216253332189,1.008011291288296,1.371511014399976,0.9329501915708803
2020-09-28,0.9537806994593204,0.7985907027881375,1.4407237411537874,0.7017973394740377,1.2284683823077232,0.954724813372972,0.9968733000718507,1.42616206944577,1.088378390750369,0.9901037188242711,1.3846325541459414,0.9367816091954013
2020-09-29,0.940221685859079,0.7867628691874029,1.4722723586680744,0.6832886909207692,1.2425713668928329,0.9492211917478304,0.9949192368578064,1.4533149679141344,1.077297313793285,1.2068803647691948,1.40930703263241,0.9316730523627065
2020-09-30,0.9491290643005273,0.7974163097781247,1.47262890024453,0.69177817933646,1.2381108560183658,0.9553478409606401,0.9962219787981155,1.4425404788368215,1.088648615656672,1.1908576698370053,1.40191209755625,0.9680715197956565
2020-10-01,0.9441805291117954,0.8042110853356206,1.464674920880383,0.6929254185401226,1.2518202849551074,0.9529594364991161,0.9973944167265422,1.4399415797333046,1.0913513802193302,1.1908576698370053,1.3964095278620203,0.9776500638569593
2020-10-02,0.9392319939230633,0.7908732447224478,1.475948582795039,0.6913958051692455,1.2464414241862078,0.9542055708997301,0.9992182753215428,1.4470613732494115,1.090270274394267,1.1489161111524961,1.4047755186166297,0.9699872286079172
2020-10-05,0.9491290643005272,0.8107541503912973,1.4824990249820242,0.7055449330783934,1.2545096753033775,0.953790192766192,0.9968733000718507,1.4570508475567665,1.1224323994404557,1.2323280091385558,1.4146353133260325,0.9693486590038304
2020-10-06,0.9475454967959787,0.8058887713500333,1.4634717524199066,0.6997322972372425,1.2470317976949403,0.953790192766192,0.9941375121793496,1.427028369146942,1.1140540870460298,1.1875589094450956,1.387695077831674,0.9833971902937411
2020-10-07,0.9352731506703468,0.805301574845027,1.4620904194112427,0.692160611854684,1.2355526241954322,0.9501557331293322,0.998176141404999,1.433281963811665,1.1421621167981941,1.2280866976251292,1.3927743911994979,0.9929757343550438
2020-10-08,0.9523951156471675,0.8256018700176703,1.4704676590973798,0.722294473739244,1.2388323880524346,0.9553478409606401,0.9957008621434242,1.4334984883120625,1.1510810852050777,1.2379830911564578,1.397131616214671,0.9885057471264359
2020-10-09,0.950415656266482,0.8210720409792125,1.4669473953501044,0.7227533460803054,1.259101344703181,0.9644859222226415,1.009249596986886,1.4295189555753636,1.1356756880476664,1.2917059209041306,1.3939694818535233,1.008939974457215
2020-10-13,0.9514053482024972,0.8298800525539277,1.454960756522578,0.7180114512689705,1.2387668087897667,0.9708203001148594,1.0062532010706198,1.4210185284260743,1.1527027439426727,1.3454288630074027,1.3768143627433755,0.9993614303959122
2020-10-14,0.9580364427419755,0.8367586676124108,1.4563197791227032,0.7227533460803054,1.2471630362926365,0.9685357599930395,1.0005211166546912,1.4293024310749658,1.145945987185916,1.242224290314285,1.3864750548274256,1.012771392081736
2020-10-15,0.9461599129838261,0.8354164676011853,1.462424544339119,0.7207648020173572,1.2484092825004096,0.9622014613261,1.0122458935103134,1.4394001172076254,1.1700000247439817,1.3077286158363202,1.3919526921714322,1.0312899106002544
2020-10-16,0.9579374508957776,0.8297961490533214,1.4629592504637619,0.7051625005601693,1.2468350599069364,0.9713395425881016,1.0131578228078135,1.4417283354731967,1.1945946152145792,1.306786064714803,1.397106683864448,1.0268199233716466
2020-10-19,0.9647664536189973,0.8308867025623468,1.472985335580945,0.7171701464096851,1.250508379412307,0.9840082983725373,1.0127670101650046,1.4492542510960085,1.1783783371384071,1.3171536776290904,1.4054726746190573,1.0351213282247755
2020-10-20,0.9622921860246313,0.8463216186937261,1.4694428676651716,0.7414913724530946,1.2531321904979091,0.9765316504194095,1.0171964520334629,1.438912811019491,1.2008108190588043,1.3727616096197968,1.3957123718595923,1.0440613026819914
2020-10-21,0.9624900942083726,0.8459860686909197,1.4765502201452976,0.7456978967495214,1.2624466878228517,0.9849428397540391,1.0143303601290792,1.4383714493436028,1.2078378007218638,1.4245994494800354,1.3953637938583783,1.0568326947637283
2020-10-22,0.9597189265840674,0.8587367127990861,1.4802932692578374,0.7640535489550961,1.247031797694941,0.9726894621031417,1.011594572236578,1.450661912473069,1.2202703115102402,1.4170593775746991,1.396260171211636,1.0632183908045967
2020-10-23,0.9598179184302654,0.852864683749403,1.4713143922214418,0.7560994310543134,1.2476221712036735,0.9755970298126295,1.0102918302962687,1.4425675065806995,1.2294595048234265,1.400094243876592,1.3921519135222618,1.0708812260536387
2020-10-26,0.9542755076730006,0.8510191907337775,1.4841031433559526,0.7568642377397521,1.2480813061147098,0.9739355965037555,1.0096404096296947,1.452584008631933,1.2037838085277657,1.4250706688629946,1.398351639218919,1.0670498084291176
2020-10-27,0.9518012400786346,0.8377653176208303,1.4790232758117858,0.7374378445043615,1.2520826820781403,0.9683281105389097,1.0069046217371938,1.4520155183623755,1.2072972478093325,1.4227144595926016,1.3999701049248277,1.0625798212005095
2020-10-28,0.9479413886721159,0.8021977853187823,1.496825175744929,0.7048566245668016,1.2306985576725975,0.9706126506607295,1.00716513036812,1.4771921643343284,1.158918947786898,1.4118756272953554,1.420511393371699,1.0255427841634726
2020-10-29,0.951108448172558,0.8126834829079101,1.5033308908747962,0.7082217856529334,1.2237454743102245,0.964382137108216,1.0114642682246955,1.4907550492716775,1.1805405487885343,1.5556079881685068,1.430396120431325,1.0178799489144303
2020-10-30,0.9458630129538868,0.7918798947308671,1.5026180202019663,0.6847418644688094,1.231485749041694,0.9787123262015253,1.0087284803321945,1.4961693719791063,1.154054074674039,1.580584413154909,1.4385877034598502,1.0178799489144303
2020-11-03,0.9521971319547713,0.8088247538750655,1.488559169381363,0.6983556218630494,1.2518858642177764,0.9658359209629599,1.009640409629695,1.4840684056061566,1.2121621209221913,1.441564583178143,1.4294498783776208,1.0242656449552987
2020-11-04,0.9580364427419752,0.8250146735126636,1.5075196169579055,0.719311686820327,1.2427681046808379,0.982658299632219,1.015111985414697,1.4900512185831458,1.1851350938951641,1.4354382817772822,1.4328859124147906,1.035121328224775
2020-11-05,0.9582343509257165,0.8495092477209578,1.4799367276813822,0.7389675162262485,1.276024958234257,0.982658299632219,1.0104220349153126,1.4677983088902007,1.1935135093895162,1.3864278705703954,1.4100041886348373,1.0453384418901646
2020-11-06,0.9617973023022959,0.8514386442371896,1.4535348026968375,0.7385085855341774,1.2793047220912594,0.9825545145177933,1.0131578228078137,1.44308184051271,1.1935135093895162,1.3609802262010344,1.375245761737913,1.0389527458492962
2020-11-09,0.9733768565218516,0.8716550999088454,1.4184435047866961,0.7747610176042656,1.215611643930387,0.984319812166371,1.0234496531040829,1.4049920848041855,1.1783783371384073,1.347313852894837,1.335233851198035,1.0408684546615568
2020-11-10,0.967933513119439,0.8842379370157989,1.4179756236476286,0.7977820080963188,1.2301738434988931,0.9892004062038451,1.0205835611996992,1.386393870672446,1.1535135217615073,1.389726630962305,1.3407114885420417,1.0804597701149412
2020-11-11,0.9654592455250729,0.8823924440001732,1.4248379865939922,0.7984703749589203,1.2205312897158904,0.9775700561406152,1.0135487348434615,1.392241343230461,1.1486486486486482,1.4283694292549043,1.3479818805925636,1.0657726692209437
2020-11-12,0.9648653699565399,0.8640214813441431,1.4140989245639384,0.7726959753674707,1.2283371437100277,0.9763239217400012,1.0123761975221959,1.384228121419515,1.1464864369985215,1.4024505655025845,1.3420311222217052,1.0427841634738173
2020-11-13,0.9643705617428595,0.8835668370101861,1.4345743551202952,0.7728489717151642,1.236930109000902,0.9663550842109236,1.012636805545961,1.4053169219796757,1.1735134640255487,1.4114042955567974,1.3586384419798092,1.048531289910599
2020-11-16,0.9629849779307069,0.8978273601315526,1.439409126890659,0.8068833652007642,1.2379796974930306,0.9663550842109236,1.013288126819696,1.4121390069139588,1.1902702950142523,1.270970807431155,1.3587131203050011,1.0632183908045962
2020-11-17,0.9595209428916711,0.9041187786850293,1.4301406395034235,0.8147609849277002,1.2361429977041654,0.9758047584920373,1.0109431515700038,1.4022578452816967,1.189189189189189,1.2686144858051627,1.3482308479183627,1.0734355044699857
2020-11-18,0.960015826614006,0.8922070415836886,1.4074148324058027,0.8054301916527242,1.2289275172187604,0.958047759215998,1.0076862470228112,1.384417618176034,1.1827026573387351,1.2780395475979336,1.326394858142051,1.0874840357598963
2020-11-19,0.9591251265241884,0.8992533996437655,1.4151906472217624,0.8084129785716415,1.2207936868389226,0.9598130568645757,1.007034925749076,1.3973578565062776,1.1918918506519214,1.2214891768413094,1.3349848838722365,1.0791826309067674
2020-11-23,0.9538796157968624,0.9054609786962547,1.4203151355830066,0.8026004010815002,1.205510035308708,0.9610591912651897,1.0089889889631205,1.401364416986855,1.2278378460858321,1.2775683282149746,1.3390682092113877,1.0893997445721568
2020-11-24,0.9585312509556553,0.9264323738745107,1.4350200320908644,0.8298279158699802,1.1838635938524928,0.9581515443304237,1.0069046217371935,1.4089986452847627,1.259729746225718,1.3077286158363202,1.3546297949658501,1.0874840357598963
2020-11-25,0.9598179184302644,0.9275228633839172,1.4235234785709034,0.827762931984195,1.1844538872888655,0.9620975969863957,1.0023449752496918,1.391591568029686,1.2751351433831293,1.3647502059759027,1.3376988295567551,1.0727969348658988
2020-11-27,0.9699128969914697,0.9317171424195685,1.4153020930244147,0.8191204472208108,1.1688422593729504,0.9829698926513311,1.010291830296269,1.3855275709712733,1.3272973137932857,1.3397737809895005,1.3284116478241421,1.0868454661558093
2020-11-30,0.9723871645858357,0.9194698553154214,1.4235679931479401,0.8074952338895189,1.1647753041468516,0.9761162722858712,1.010943151570004,1.389534131451851,1.3208107819428316,1.3581526851920829,1.3302044025306574,1.0721583652618119
2020-12-01,0.9798099673689337,0.9385118539774452,1.4172849571432966,0.834034440166407,1.1899639065831011,0.9764277860797052,1.0160239147121972,1.3837678429752625,1.3635135341334987,1.3572102464261653,1.3273659138205005,1.059386973180075
2020-12-02,0.9867378864296967,0.9432933295181031,1.399416338464619,0.8423709322344044,1.1975729427168746,0.9968847036111024,1.022016607151891,1.3507404442050042,1.34054049930057,1.3100848251067128,1.2959439102853307,1.0702426564495513
2020-12-03,0.9996041081238616,0.946732669047154,1.4074371428143413,0.8451242829827912,1.2048540825373075,1.0124610271050258,1.0332203667456605,1.351823268406574,1.2972972972972974,1.1814326080442341,1.2987823989954876,1.0791826309067671
2020-12-04,1.0015834919958928,0.9584766631469013,1.3934897377963906,0.847801135557331,1.2042637090285753,1.01142262138382,1.0235799571159654,1.3431062159070966,1.3340540705500423,1.2134778855530137,1.2825236572385976,1.0651340996168566
2020-12-07,1.0025732594405625,0.9571344631356756,1.3916405236486593,0.8523900340209725,1.221252901822319,1.0031152171636162,1.0269671656750405,1.339586961614653,1.34054049930057,1.1338359673418228,1.2833701698914093,1.071519795657725
2020-12-08,1.0015834919958926,0.9585605026478884,1.3754205379209463,0.8478011355573312,1.227156476764923,1.005607406739566,1.0295726495556592,1.3269444318662333,1.3324324118124473,1.130537206949913,1.2694021174926322,1.0651340996168566
2020-12-09,1.0065320271846245,0.9515980480884179,1.3807009866618796,0.8450477848089444,1.2034109383968103,1.0059189997586782,1.0291818369128503,1.330869808265385,1.3227026655867293,1.15080110103993,1.274730398186255,1.0779054916985933
2020-12-10,1.0095011785013255,0.9702206572466483,1.3905711113993737,0.8712046169186182,1.2027549856254098,1.0165108648754235,1.0349140207216176,1.3422399162059246,1.3500000206199854,1.2031102726387266,1.2871797142800159,1.0734355044699853
2020-12-11,1.0184085569427739,0.9698012037432356,1.3588441168568184,0.8751051485196579,1.2068219408515088,1.0204568383061172,1.0366075753047357,1.3054766377930345,1.3570270022830448,1.2210179574583504,1.2509522970530438,1.0836526181353747
2020-12-14,1.0193982488787894,0.965690828208191,1.3663525254904367,0.8727342302894953,1.199540801031076,1.0171338924630915,1.0329598581147343,1.318281535704304,1.3435134887695315,1.263901954908777,1.2609117024378615,1.0708812260536378
2020-12-15,1.0193982488787894,0.9786930548189382,1.384711441956761,0.8834416989386648,1.2150213504940146,1.033021808976127,1.0407764091494287,1.3319256047230765,1.374594611090583,1.263901954908777,1.274232463534657,1.0849297573435484
2020-12-16,1.0273159353842223,0.9934569349443235,1.3753091983583343,0.9029445319968925,1.2175139229819203,1.028037350598949,1.0422094551016206,1.3266467232844097,1.3935135506294871,1.261545745638384,1.2645678535098577,1.0913154533844167
2020-12-17,1.0302850111922688,0.9982384104849811,1.3806118512677656,0.8960612134769353,1.2379140381580027,1.0347871066247047,1.0487232641960058,1.3298411404013626,1.4148648236248944,1.2422242903142848,1.2656424378044717,1.1047254150702404
2020-12-18,1.0317695868506194,0.9947152314549426,1.3811243532239106,0.8952199086176499,1.2369301090009022,1.0366562686129865,1.0515893561003895,1.3275942070670081,1.4391891891891895,1.2723845779356302,1.2590941341066006,1.1174968071519773
2020-12-21,1.0283056273202378,0.9751698757888996,1.3925985963353327,0.8774761251008301,1.2326664159867993,1.0365524042732825,1.0522406773741246,1.3364737285791262,1.4189189189189193,1.2747407872060235,1.2699747304694218,1.1238825031928459
2020-12-22,1.0273159353842223,0.9833906908586082,1.395695493520577,0.8871892925430205,1.2244014270816252,1.0365524042732825,1.0540646353619643,1.3410217515853828,1.428648665144637,1.310084825106713,1.2745406748736052,1.1328224776500617
2020-12-23,1.0342438544449855,0.9927019314381043,1.4000623841518733,0.9003441775961993,1.2297146285154972,1.0384215662615643,1.0586242818494662,1.3485476672081949,1.4329729853449642,1.2290292487466457,1.2839316226733373,1.1424010217113645
2020-12-28,1.025831359725872,1.0045298290384579,1.4119377896568284,0.9144168073315005,1.2313545104439985,1.0337487009034985,1.0577123525519658,1.353691309077681,1.4367567526327596,1.086239438995011,1.298533431669689,1.1660280970625778
2020-12-29,1.0411717735057484,1.0069625185590898,1.4277120984139717,0.9139579349904393,1.2329943923724995,1.0411214845169225,1.0638353490035422,1.3695011273493816,1.4556756921716636,1.1625824844586932,1.306152401721425,1.1902937420178779
2020-12-30,1.0416666572280835,1.0029359825250324,1.4215181978034421,0.9053919484009016,1.2404066907182685,1.025856674816833,1.0578425571710095,1.361839871307598,1.4737837507918072,1.1413760392471595,1.2968652199888118,1.2120051085568306
2021-01-04,1.050079151947197,1.000419453503413,1.4149010368709223,0.8897896469437137,1.2756313225135292,1.0534786472822462,1.0708701753597798,1.3564255486001693,1.4981081163561019,1.216305426561965,1.2927070975989914,1.235632183908044
2021-01-05,1.043151232886434,1.0039426325334513,1.445179767179198,0.8800764795015232,1.2808789446847328,1.0475596475235662,1.0681343874672786,1.3902379621403826,1.5183783866263723,1.273327016701548,1.3184522424393248,1.256066411238823
2021-01-06,1.0441409248224496,1.0052009290440702,1.4475636874515718,0.8921606235248859,1.2508363557980076,1.0453789717414506,1.0674830661935435,1.3930263580004187,1.556756715516786,1.2799246498409667,1.315663618429614,1.2643678160919518
2021-01-07,1.0317695868506196,1.0351480787986351,1.4600628282352428,0.9216826167206913,1.254378516778042,1.030218026381065,1.0574517445282006,1.3958147538604524,1.6602702785182641,1.2860509512418274,1.322834399804721,1.2618135376756043
2021-01-08,1.0337489707226506,1.0545256274634656,1.4782434739133394,0.9296367346214738,1.2030829620111099,1.0259605391565372,1.0584939778375835,1.4107312446871048,1.6624323870684647,1.2723845779356302,1.346712111613347,1.2675606641123858
2021-01-11,1.0213776327508206,1.037580768319267,1.4715816921637423,0.9112810824158991,1.2132502299678172,1.0180685130698715,1.0552370732903908,1.4109478700372928,1.6437837755357896,1.2945334619130813,1.3475556561292275,1.2573435504469963
2021-01-12,1.027810743597903,1.0464726193949696,1.4862420740945639,0.9213766823763136,1.2088553784283782,1.032917944636423,1.0573215399091567,1.4267035319714485,1.6300000371159733,1.2973610029220324,1.3663570227069606,1.3212005108556808
2021-01-13,1.0213776327508206,1.0293599532495585,1.446917641764317,0.9091396003562672,1.215874041053419,1.029802648247527,1.0587544864685094,1.3883158659815185,1.581081081081081,1.2851084001203108,1.3249508001622272,1.3397190293741992
2021-01-14,1.03325416250897,1.040181200841493,1.4352428174561283,0.9189292659723044,1.2137094449512136,1.025960539156537,1.0591453985041572,1.3811419161278664,1.5970270311510237,1.2563618830034409,1.3190000417913688,1.3646232439335861
2021-01-15,1.028305627320238,1.0136733266163604,1.4062117701853658,0.8925429976921002,1.199934436751804,1.0345793779452965,1.061620578372893,1.3547199769417029,1.553783829147751,1.289820931016696,1.2936781532774413,1.3575989782886309
2021-01-19,1.0213776327508206,1.015518819631986,1.4243254846378464,0.8899426432914069,1.2066251229911447,1.0246105404162191,1.0557581899450819,1.3820082158290388,1.5740540994180212,1.1998115122468167,1.3183276994136868,1.3435504469987203
2021-01-20,1.0193982488787896,1.0096468545819217,1.4480093644221408,0.8784703679567989,1.2239422921705887,1.0205607026458212,1.05432514399289,1.3958418824541214,1.5610810357171132,1.1965127518549068,1.3337399285177653,1.3333333333333308
2021-01-21,1.015439405626073,0.9966445639715555,1.4274893130487067,0.8604206500956014,1.2235487365222204,1.0140186752994735,1.0496351934935055,1.3831993527057018,1.562973022460937,1.1738925361388977,1.3172571517852996,1.3390804597701125
2021-01-22,1.00851148656531,0.9892626559086722,1.4497026181901829,0.8571319288323067,1.217251525858888,1.0098649731893716,1.047420522255696,1.3990362995710743,1.5578378213418491,1.1526862032829632,1.3319472925367277,1.2784163473818622
2021-01-26,1.015439405626073,0.9818807478457889,1.4781989593363025,0.8445124142940361,1.2139717620018857,1.0194184325849114,1.053282910683507,1.4259184163517027,1.5399999876280084,1.251649352107055,1.3608295206625085,1.3595146871008914
2021-01-27,1.0144497136900574,0.976763722302325,1.450370974285976,0.8474952012129535,1.210167283971179,1.0195222969246154,1.0500260061363145,1.398927986895979,1.4840540499300565,1.3006597633139418,1.333017840165115,1.3639846743294994
2021-01-28,1.0193982488787894,1.0027682395234385,1.4589934159859568,0.874187403837535,1.2055756145713759,1.0212875945731932,1.0526315894097718,1.4069141809630463,1.5175676088075376,1.2554194442375228,1.347658234941574,1.365261813537673
2021-01-29,1.0273159353842223,0.9684590037320101,1.4681505638105807,0.8504779881318708,1.211741586637012,1.0207684313252292,1.0578425571710088,1.4112727072127864,1.4716216422416064,1.2082940229180705,1.3539797729778926,1.397190293742015
2021-02-01,1.0253364760035368,0.989765948913072,1.4763274347800326,0.8676864011337828,1.2205969490509183,1.0293872701139888,1.062923320313202,1.4120306942388634,1.495945904705975,1.34307254138141,1.3596593623587059,1.4029374201787967
2021-02-02,1.0352335463810007,0.997064017474968,1.4597509074758641,0.8705162500560162,1.2007215480485405,1.0436136740928725,1.0682646914791605,1.4016080700809224,1.4689188776789481,1.3407163321110167,1.352115070632162,1.3869731800766256
2021-02-03,1.038202697697702,1.0094790475807087,1.4390972061312797,0.8764818238938508,1.2018366357309773,1.0488057819241805,1.0713912920144704,1.3833346931246762,1.502702661462732,1.3143261366201393,1.3362795852016778,1.409961685823752
2021-02-04,1.035728430103336,1.0036070825306447,1.4351313716534755,0.880535351842584,1.1734339287727533,1.0477673762029747,1.0682646914791605,1.3797883102385604,1.4954054548933697,1.383129110178485,1.3325697702139634,1.4048531289910573
2021-02-05,1.0421615409504184,1.0133378406131726,1.4457812982894154,0.8819120272167776,1.1878648897435635,1.0508825933665926,1.0720427126810443,1.391293758598074,1.5437837549158042,1.349198842782271,1.3509199799781364,1.4010217113665362
2021-02-08,1.038202697697702,1.0088080115747151,1.4402780641832176,0.8713575549153016,1.2016398979429732,1.0403945925895508,1.068004182848234,1.3796529698195887,1.5508108396787899,1.3581526851920829,1.3368523169039443,1.4399744572158337
2021-02-09,1.0312747031282845,1.0064592255546894,1.4399216288468026,0.8783938697829523,1.2038701533802068,1.0404983777039771,1.0659197162294682,1.3802756164266943,1.558648599160684,1.3360038012146318,1.3356321751742186,1.4208173690932284
2021-02-10,1.0342438544449855,0.9978189569815681,1.4511730865929604,0.856214125799175,1.2073466550252132,1.0361370261397451,1.0670922535507337,1.3918623497174225,1.5645945780986061,1.3718190584982803,1.3387196312101743,1.3652618135376728
2021-02-11,1.0362232383170165,1.0057881255490766,1.4534011527256858,0.8590439747214085,1.19704822854317,1.0465212418023606,1.0653985995747766,1.3931616984193904,1.5602702578982788,1.3515551644082635,1.3407613532424887,1.3818646232439307
2021-02-12,1.03325416250897,1.0079691685675087,1.4494575224163797,0.858738040377031,1.1948835523686046,1.0415368626504606,1.0600573278016572,1.3867728641854842,1.5675675675675673,1.3722902778812391,1.3359060748502407,1.376117496807149
2021-02-17,1.0322644705729542,1.0144283301225792,1.446160044034369,0.8605735880922857,1.1617579374128815,1.0330218089761272,1.057060931885391,1.3701508017003656,1.595135147507126,1.5169651898759071,1.3369020628789137,1.412515964240099
2021-02-18,1.0327592787866349,1.0032715325278385,1.450972611636235,0.8445124142940366,1.1632666608160465,1.040083078795717,1.065007786931968,1.3832805367871286,1.6113513224833718,1.452403415475389,1.3469610789391464,1.4054916985951438
2021-02-19,1.025831359725872,0.9970640174749682,1.461444267483947,0.8456596534976991,1.1648409634818795,1.034060214697333,1.0599270237897749,1.3902109343965046,1.6486486486486485,1.4462771140745283,1.3509447936028827,1.3863346104725385
2021-02-22,1.0174188650067584,0.9495847480715799,1.452465390447551,0.7998470503331138,1.1851098400602658,1.0200415393978577,1.048202147541314,1.3817104063974246,1.6494594264674831,1.3916117332053386,1.3397156192388475,1.4074074074074043
2021-02-23,1.0124703298180264,0.9723177967644739,1.4807165295798268,0.8298279158699806,1.1836011967294606,1.0139148109597698,1.0480718435294314,1.4086738081092698,1.6621621621621618,1.3567389146876079,1.3603066536606878,1.4144316730523596
2021-02-24,1.005542335248609,0.9762603652983058,1.4722946690766123,0.8242447161993603,1.178353574558257,1.006230513552512,1.0423397591135029,1.3986573060580365,1.7013513719713362,1.3449576436244441,1.3543808276400524,1.4284802043422702
2021-02-25,1.0075217946292943,0.9465648620459413,1.465120491610911,0.8076481718862031,1.163922613587447,1.0021806757821143,1.0422094551016203,1.3808982630338,1.6289189312909096,1.3086710546022378,1.3452590304972523,1.4169859514687069
2021-02-26,1.0085114865653098,0.9247546238604788,1.4978054526000995,0.7877629063097512,1.1335519682426618,1.0012460551753342,1.039864479851928,1.4068600246255014,1.620270290890255,1.3058435135932867,1.3763973988672655,1.4189016602809672
2021-03-01,0.9986144161878457,0.9293683563995428,1.5055143361904435,0.7801147227533458,1.1298786487372912,0.9954309197563583,1.0369983879475444,1.4228323119098456,1.664594598718591,1.3086710546022378,1.393720514527726,1.398467432950188
2021-03-02,0.9916864216184283,0.94136399700149,1.513579761357243,0.8035946439374698,1.1368317320996641,0.9934578934283725,1.0329598581147341,1.42886928122438,1.6708108025628163,1.3378887911020667,1.4044517542401636,1.4323116219667908
2021-03-03,0.9867378864296964,0.9383441109758516,1.5275717871922712,0.8042065126262247,1.125155820812152,0.9845274616205009,1.02918183691285,1.4388857832756132,1.6756756756756752,1.3270499588048204,1.413016847620126,1.4054916985951436
2021-03-04,1.0090062947789904,0.9499202980743859,1.5078538481258217,0.8114722636644058,1.1152508699061172,1.0072689192737179,1.0431213843991205,1.4202062842126595,1.6486486486486482,1.2940622425301231,1.398675284869912,1.395274584929754
2021-03-05,1.0169239812844233,0.9722338932638674,1.5106165141431491,0.8313575292408579,1.1138078058379801,1.0181723774095754,1.0525012853978892,1.4214515774268701,1.7175675469475817,1.2728557973185899,1.411323822314503,1.4355044699872253
2021-03-08,1.0154394056260727,0.9260968238717044,1.5102823892152728,0.7902868208876072,1.1004919325496068,1.0121495133111917,1.0508077308147712,1.4218576995335777,1.7000000412399698,1.255419444237524,1.4166022383076797,1.4431673052362672
2021-03-09,0.9982185243117087,0.9393507609842707,1.5504979630065772,0.7974760737519417,1.1260085113715566,1.004049837770396,1.0397341758400453,1.4598662711606811,1.7178378749538106,1.2544768931160073,1.4626894502440544,1.435504469987225
2021-03-10,1.0085114865653098,0.9516818875894053,1.5373081557185742,0.8107074569789674,1.1292226959658909,1.0046728653580639,1.0422094551016203,1.4457078682098958,1.6610810563370983,1.2686144858051631,1.444488597130265,1.399106002554275
2021-03-11,1.0184085569427737,0.9680396142282163,1.5063832734830034,0.8187380730535968,1.129747490211955,1.0097611088496674,1.0485929601841228,1.4157124175439504,1.696486498858477,1.2573044341249582,1.4120209783169309,1.4176245210727934
2021-03-12,1.0129651380317066,0.960909352667533,1.4772408866496292,0.8085659749193355,1.1279107904230898,1.0046728653580639,1.045466359648813,1.3802214600891467,1.6902702950142519,1.2252591566161783,1.3780842504480721,1.4029374201787959
2021-03-15,1.014449713690057,0.9690462002370164,1.4778202135913492,0.8174378375022404,1.134076762488726,1.0128764052385637,1.0439030096847386,1.378570145618019,1.6810811017010656,1.1705937757469884,1.3682134142692852,1.4035759897828828
2021-03-16,1.011975446095691,0.9600704456607078,1.4913442520472693,0.8019120342188992,1.135191850171163,1.0098649731893719,1.0493746848625796,1.392647364487378,1.7205405364165427,1.2073515841521536,1.397928382892516,1.4157088122605328
2021-03-17,1.014449713690057,0.9831389803567891,1.4905644501488235,0.8237858438582993,1.1326992776832572,1.0098649731893719,1.0480718435294314,1.3960584069545194,1.7489188941749356,1.1913290015755633,1.400144393925437,1.4252873563218356
2021-03-18,1.0159342893484076,0.9672007712210097,1.489873677404451,0.8266156927805327,1.136241358590932,1.005399757285436,1.0468994056010048,1.387774504305628,1.7297297297297287,1.169180005242513,1.3901101914899499,1.3959131545338408
2021-03-19,0.9966349568071602,0.9783575048161313,1.475547632881587,0.8443594762973528,1.142276172131232,0.9968847036111024,1.039603971221002,1.3816020937223317,1.687567530451593,1.194627761967473,1.3840350088189306,1.4246487867177489
2021-03-22,0.995150456657464,0.9677879677260163,1.4550052710996144,0.8399235158303954,1.1399147581686622,0.9839044340328328,1.0330901621266169,1.365656935031657,1.6694594718314495,1.216776645944924,1.367816871175261,1.4022988505747092
2021-03-23,0.9892121540240623,0.9558761666250564,1.463070696266414,0.8306692207292661,1.1313217128054285,0.9856697316814109,1.0324387414600427,1.3698259645248752,1.6291891561972118,1.1819038274271931,1.3707889260473272,1.4080459770114906
2021-03-24,0.9803048510912681,0.9453904690359284,1.4555845980413344,0.8152963554426086,1.136700573574328,0.978712326201525,1.0273579783178495,1.3771082270536201,1.6516216381176088,1.1866163583235785,1.3744988597605186,1.4131545338441853
2021-03-25,0.9812945430272837,0.9567150736318817,1.478867315432096,0.8298279158699806,1.1314529514031244,0.9833851915595908,1.0291818369128503,1.3986031497204885,1.6537837466678091,1.2111215639270219,1.399198151871733,1.3959131545338406
2021-03-26,0.987232770152031,0.96845900373201,1.4813626815071226,0.828068807977563,1.136241358590932,0.9883696499367685,1.0321782328291165,1.4004440617979261,1.7027027027027015,1.204995262526161,1.4063689332468399,1.4112388250319248
2021-03-29,0.984758502557665,0.971898343261061,1.5121092929544657,0.8305927225554192,1.1230567239002547,0.9797507319227307,1.0317873207934687,1.4184196293225602,1.718918877678947,1.218661635832358,1.4322634347375571,1.3965517241379275
2021-03-30,0.9887173458103814,0.9840617268646019,1.5152062963797508,0.8433651750903738,1.1045588877757055,0.9880581361429345,1.0351745293525438,1.42472727947504,1.7297297297297283,1.236097988913424,1.439334605437249,1.3773946360153222
2021-03-31,0.989707037746397,0.9819645873467764,1.5068957754391483,0.8373996012525391,1.1241718916550512,0.9881620004826385,1.0349140207216174,1.4159560706380148,1.710810790190824,1.2290292487466457,1.4370439160791357,1.4412515964240067
2021-04-01,0.9936658809991136,0.9700528502454355,1.4710246756305612,0.8183556405353726,1.1325024598228932,0.9916925957797944,1.0366075753047355,1.3763232122836648,1.7008108190588034,1.2436380608187605,1.4021113189070817,1.4297573435504436
2021-04-05,0.987727653874366,0.9900175954152723,1.4970033402931158,0.8310516532474901,1.1328304362085935,0.9848389754143345,1.0362167626619267,1.396897678911813,1.7416216876055726,1.1833175979316686,1.4218558406761104,1.4131545338441858
2021-04-06,0.9887173458103816,0.9916953454293044,1.4929706808297365,0.8282218043252565,1.1423417513939,0.9847351902999085,1.033741483400352,1.3915915680296862,1.7702702702702684,1.1573987341793488,1.4099295103096476,1.4157088122605332
2021-04-07,0.9837688106216496,0.9919469919315044,1.4806943254113296,0.8253155155801859,1.1414234014994673,0.9839044340328327,1.0321782328291165,1.3792739763065507,1.7972972972972954,1.1875589094450951,1.392625034549116,1.4316730523627044
2021-04-08,1.0010886837822115,0.9962251744677619,1.4840140079618385,0.8298279158699804,1.1523778608252708,0.9983384874658462,1.0403855965066198,1.3830640122867308,1.801081064585091,1.1885014605666118,1.397330837565503,1.4808429118773916
2021-04-09,1.0010886837822115,0.9905209524192914,1.477463672014894,0.8276864338103485,1.1435224984113646,0.9759086228317411,1.0351745293525438,1.378624301955567,1.82621620796822,1.1903864504540462,1.3860019338005758,1.474457215836523
2021-04-12,1.0010886837822115,1.0008388430072068,1.505603471584558,0.8413001912045884,1.1355854058195312,0.9910695681921265,1.034392904066926,1.4011749202303367,1.8394593934755046,1.2068803647691941,1.4140625816237677,1.4533844189016571
2021-04-13,0.9887173458103816,1.0044459255378513,1.5209322096111726,0.8382409061118243,1.145424697390538,0.9843198121663709,1.0313965081506598,1.4187986228355989,1.8621622034021301,1.2342129990259894,1.4272339860701797,1.4814814814814783
2021-04-14,0.9882224620880466,1.0140088766191666,1.5221353780716493,0.8435946696119139,1.1380124791171287,0.9799584606021392,1.030614882865042,1.4207477467383411,1.892162219898118,1.2337417796430306,1.423275085031189,1.5172413793103414
2021-04-15,0.9897070377463972,1.0154349801309985,1.5087896104039569,0.8405353845191499,1.1580190386448428,0.9916925957797946,1.034523208078809,1.4055876028176217,1.9070269610430715,1.2525919032285715,1.4074894643011506,1.507024265644952
2021-04-16,0.9956452648711447,1.0215585916832628,1.4969142048990016,0.8465009583569846,1.166939980321417,0.9944962991495785,1.038952550554428,1.398142972126024,1.9162162574561838,1.262959516142859,1.3980528071926763,1.4955300127713886
2021-04-19,0.9981195324655106,1.0185387056576245,1.4910768458649275,0.8374760994263859,1.1606428497304446,0.9983384874658463,1.0403855965066198,1.3907794246660619,1.933783866263722,1.2954760130345977,1.3907825338676316,1.5121328224776467
2021-04-20,0.9887173458103816,1.0105696010897347,1.4873561071609265,0.8305927225554192,1.1658248926389803,0.9872273798758587,1.0461177803153872,1.3886678317506789,1.9091891726931982,1.2851084001203106,1.3806985854571758,1.5491698595146837
2021-04-22,0.999604108123861,1.0055364790468773,1.4927700996329696,0.8267686307772165,1.1683830443895542,0.9968847036111025,1.0526315894097722,1.395327447672321,1.937837755357894,1.2954760130345977,1.3863256981770438,1.661558109833968
2021-04-23,0.999604108123861,1.0158543696347924,1.4565425644879675,0.8466538963536686,1.1656280747786163,1.0010384057212043,1.0558884939569648,1.3647094512490578,1.9332432102512638,1.2865221706247858,1.3552772049933108,1.674329501915705
2021-04-26,0.999604108123861,1.0170287626448051,1.475146576728095,0.8456596534976993,1.1670711388467532,0.9959501622296005,1.0553673773022734,1.3743739875311316,1.969189205685174,1.3147973560030979,1.3637426876978582,1.7381864623243894
2021-04-27,0.999604108123861,1.0067947115578773,1.4625359901417712,0.8408413188635274,1.1662840275500166,0.9971962174049365,1.0549765646594644,1.3598636188111868,1.9675676500475052,1.3539113736786557,1.3533101612861886,1.7765006385696
2021-04-28,1.0025732594405619,1.0207197486760564,1.4677941284741658,0.8661567877629062,1.1631354222183505,1.0022844608965402,1.055106769278508,1.35691275393851,1.9540541365339918,1.378416579282099,1.35721931635021,1.7528735632183867
2021-04-29,1.0045526433125929,1.0119956406019477,1.443620163382306,0.8498661777941264,1.1597900790986801,1.0031152171636162,1.0549765646594644,1.3326295362613987,1.9554053641654319,1.3718190584982795,1.3299305028546375,1.7931034482758579
2021-04-30,0.99663495680716,1.000838843007207,1.4410578660816635,0.846883390875209,1.1592653649249756,0.9982346231261422,1.0543251439928902,1.3267820637033836,1.9310809986011372,1.38124412029105,1.328685547500166,1.8901660280970582
2021-05-03,0.9971298405294948,1.0038587290328453,1.4551389210707648,0.8565965583173996,1.1750738107012546,0.9935617577680765,1.051980168743198,1.3474377144129557,1.8786487063846042,1.3977380346061983,1.3544057599902763,1.870370370370366
2021-05-04,0.9862430782160154,0.9933730314437175,1.4605308156143508,0.8347992468518463,1.1648409634818795,0.9884735142764727,1.0472902182438135,1.3494681232469152,1.891891891891889,1.398209253989157,1.3540073172886165,1.902298850574708
2021-05-05,0.9911916134047475,1.0088918510757028,1.4564089145168169,0.8443594762973529,1.1702853234410873,0.9875388936696928,1.0489837728269316,1.3476542389133535,1.9321621044262005,1.3845428806829598,1.3551277296174498,1.9240102171136608
2021-05-06,0.9867378864296961,1.0104017940885222,1.4312100517527082,0.843747607608598,1.1908822564775334,0.9865004879484869,1.0485929601841226,1.3263217852591285,1.9618917929159596,1.3798303497865745,1.3327440592145716,1.9399744572158317
2021-05-07,0.9936658809991136,1.0292760497489524,1.4175746737341763,0.8571319288323074,1.2011151036969085,0.9899272981312167,1.0510682394456976,1.309185489691788,1.985135052655191,1.3939679424757303,1.313007135876087,1.9738186462324343
2021-05-10,0.9931709972767785,1.026759520727333,1.418198515252933,0.8630975026701421,1.2053132174483436,0.9896157843373827,1.0495048894816232,1.306342937494207,1.9891891479492154,1.3817153396740087,1.3035628803370687,1.9106002554278367
2021-05-11,1.0055423352486084,1.0351480787986356,1.4121828854306313,0.8630975026701421,1.2042637090285748,1.0003115137938323,1.0508077308147714,1.2990877027093377,2.0175676088075347,1.392554171971255,1.3002513893255372,1.9399744572158315
2021-05-12,0.9936658809991135,1.0083046545706966,1.4125616311755849,0.8416061255489662,1.1955395051400046,0.9938732715619106,1.0485929601841228,1.3000623150856057,1.9770270682669944,1.3991518051106737,1.3000024219997384,1.9348659003831368
2021-05-13,0.9971298405294949,1.0161060161369924,1.4266872007417226,0.859961777754541,1.1963266965091013,0.9981308380117166,1.0470297096128873,1.309158361098119,1.926756781500736,1.4010367949981082,1.320394353796226,1.8365261813537628
2021-05-14,0.9986144161878454,1.0280178172379522,1.427578448442821,0.8712810567414556,1.2055756145713759,1.0020768114424103,1.0504168187791236,1.3120550696332505,1.8799999340160445,1.395381712980206,1.3215396984752825,1.7496807151979519
2021-05-17,1.006532027184624,1.0354836288014417,1.4256400989009756,0.8718929254302104,1.2249918005903575,1.0048805148121942,1.0508077308147714,1.3038523510657853,1.931891982619824,1.4651272376600681,1.3120283630416163,1.6666666666666623
2021-05-18,0.997129840529495,1.0353997253008356,1.427333352669018,0.8741874038375357,1.2251886184507215,1.0062305135525123,1.0495048894816232,1.3064782779131783,1.9421621786581473,1.4194156992006906,1.3125264164186912,1.6813537675606598
2021-05-19,0.992181305340763,1.03380587878741,1.4317893786944282,0.8684512661702316,1.2340439808646277,0.9988577299390884,1.046769101589122,1.3078318838024843,1.921621580381648,1.3967954834846816,1.3095385710581504,1.6813537675606598
2021-05-20,1.0010886837822115,1.03305093928081,1.4387852853719019,0.8848948141356954,1.2343719572503278,1.0062305135525123,1.0493746848625796,1.3148704932371622,1.8729730554529107,1.3784165792820988,1.3216143768004744,1.697318007662831
2021-05-21,1.002078375718227,1.0342253322908228,1.4381169292761087,0.884512439968481,1.2310265340582975,1.0065420273463461,1.051980168743198,1.3136793563604992,1.8683783041464284,1.369462736872287,1.3149664624271884,1.684546615581094
2021-05-24,1.0010886837822115,1.0458015193893575,1.4546710399316982,0.9014149186260155,1.236208576966833,1.0020768114424101,1.0501563101481972,1.3326295362613985,1.8648648648648618,1.3600376750795162,1.3350098162224622,1.6787994891443123
2021-05-25,1.0010886837822115,1.0374968648186613,1.4469398459328155,0.8879540992284594,1.2450639393807392,1.0059189997586782,1.054064635361964,1.322640061954041,1.8243243243243215,1.3727616096197957,1.3242287118095788,1.5842911877394594
2021-05-26,0.999604108123861,1.0443754798771443,1.454158644215594,0.8967495219885275,1.2471630362926367,1.0077881617469597,1.0535435187072726,1.326321785259128,1.8405404993005674,1.4062205452774514,1.3272663031450884,1.5951468710089356
2021-05-27,1.0085114865653095,1.0490730519171956,1.441904599205726,0.8975143286739661,1.2434896367149064,1.0119417846317837,1.0577123525519656,1.3168737734774523,1.8640540870460276,1.39396794247573,1.3222368544777106,1.6973180076628307
2021-05-28,1.007125902753157,1.0591393600025298,1.4223426205189655,0.9063097514340341,1.2479501475893733,1.0177569992760376,1.0573215399091567,1.2912369499110348,1.8429730389569228,1.4071630963989683,1.3042352227147511,1.6775223499361385
2021-06-01,1.0144497136900568,1.080446305183592,1.4213177228467166,0.9239005969541704,1.2482125447124055,1.0208722164396553,1.064095857634468,1.2898021599403047,1.8754053889094142,1.4627710283896749,1.2988570773206822,1.7592592592592546
2021-06-02,1.0223674001954897,1.0922742027839454,1.40126555261235,0.9257361446694251,1.2512299114463756,1.0272065943318731,1.067483066193543,1.2732072260488527,1.8708108438027842,1.4491046550834776,1.2822000115876093,1.7241379310344782
2021-06-04,1.0347387381673196,1.095629574812771,1.3714770138516805,0.9446271673899079,1.2396195794215314,1.0382139168074347,1.0759509385019725,1.2462167965931317,1.848648689888616,1.459472155642166,1.263924480148628,1.7439335887611702
2021-06-07,1.026326167939552,1.101249893360635,1.3681795354696697,0.9487571935124879,1.2442112488213348,1.0355139985520767,1.0698280414432353,1.2459189871615168,1.8405404993005672,1.4467483334574855,1.2560316104208702,1.7349936143039544
2021-06-08,1.0332541625089693,1.0929451747903198,1.3700065454489032,0.9353728722887785,1.2411938020150048,1.0377985386738966,1.0664408328841601,1.2498714921543372,1.812432366448477,1.47408108006988,1.256180967071254,1.736909323116215
2021-06-09,1.0352335463810003,1.0937002422961581,1.364971192481773,0.9427915613236435,1.2418497547864054,1.0366562686129865,1.0616205783728931,1.2451880278793186,1.8335134145375818,1.4745522994528388,1.2536164967625962,1.7643678160919494
2021-06-10,1.0322644705729538,1.0968039678227839,1.3729697926629971,0.9408030756117053,1.2425057075578059,1.0354101342123727,1.0565398152307,1.2499255476420945,1.8432431607632995,1.4839773612456095,1.2602394787856595,1.7854406130268152
2021-06-11,1.0280087272902985,1.09168694227932,1.3704298057708932,0.9330783938814531,1.231485749041694,1.0331255940905526,1.0565398152307,1.2510084726934554,1.86216220340213,1.5532516665425131,1.2584965887795903,1.7484035759897782
2021-06-14,1.028800435533918,1.0963845143193713,1.3793196536532157,0.9343021312589627,1.2226959658904557,1.0370716467465249,1.0584939778375833,1.2625951051343924,1.8418919331318597,1.5796418620333912,1.2740581745340527,1.683908045977007
2021-06-15,1.0278107435979023,1.096803967822784,1.3659069547599076,0.9402677050967971,1.2164644145621513,1.0338524860179248,1.054455448004773,1.2445112249346655,1.8210810068491317,1.5268614710516355,1.2595173904330086,1.704980842911873
2021-06-16,1.0233570921315052,1.089421995760282,1.3621415952388294,0.9527342232873744,1.2197441784191536,1.0371754318609503,1.0552370732903908,1.240396351778995,1.7675676088075354,1.5320452213309796,1.25583238907004,1.7190293742017835
2021-06-17,1.0208828245371393,1.0786846516689539,1.3497761044263088,0.9493690038502328,1.1635290579390782,1.026998944877743,1.0519801687431982,1.2350632131529897,1.7151351103911503,1.5329877724524963,1.258446724079144,1.6168582375478884
2021-06-18,1.0030680676542423,1.0804463051835922,1.328699142759734,0.9417208202938274,1.1596589205733436,1.0083073249949237,1.0372589959713099,1.229053372432122,1.7510811058250606,1.5150800876328725,1.24676936103848,1.6736909323116176
2021-06-21,1.0134600217540413,1.0897576097627073,1.344495761925416,0.9369024856596557,1.1687766801102821,1.0176531349363334,1.0422094551016206,1.2519018001385058,1.7889189849028686,1.5037700359526676,1.2688295045158446,1.683908045977007
2021-06-22,1.0109857541596752,1.085982784230469,1.330080475768398,0.9284894954178118,1.1651689398675795,1.0121495133111915,1.0385617379116192,1.2295677063641341,1.7937838580157275,1.535343981722889,1.2481886053935582,1.685185185185181
2021-06-23,1.0109857541596752,1.0829628982048307,1.3180269057152556,0.9327724595370757,1.1691046564959822,1.0201453245122831,1.0396039712210023,1.2127832757161654,1.8062162657041776,1.5706880196235786,1.234245366619527,1.6966794380587442
2021-06-24,1.0164290975620878,1.0909320027727203,1.319319209569846,0.9252772723283639,1.1647097248841831,1.0267912161983348,1.0441636177085043,1.2109423636387282,1.8348648483688736,1.6107445884206535,1.236262156301618,1.668582375478923
2021-06-25,1.0179136732204381,1.0735676901251092,1.3053941149604338,0.9040152730267088,1.1653656776555836,1.0271028092174472,1.0445544303513132,1.1989767376847524,1.8221621126741947,1.6475023968258184,1.2231904812560987,1.6257982120051044
2021-06-28,1.0169239812844226,1.0730643331210903,1.3024976927319152,0.9047801380631569,1.167333535969785,1.0269989448777432,1.0429910803872389,1.2006010244120016,1.8297296472497857,1.7045240993210002,1.2238627049083033,1.725415070242652
2021-06-29,1.0193982488787887,1.07256104011669,1.3083350517659893,0.9073039942900033,1.156313577453673,1.027933486259245,1.0431213843991216,1.2053656727684465,1.8556757746516015,1.7106504007218608,1.2262031402413853,1.7739463601532521
2021-06-30,1.0134600217540413,1.069373411089458,1.313414919310156,0.9024856596558315,1.1615611996248767,1.0207684313252294,1.0441636177085045,1.2135142349983639,1.8454053724134258,1.7200754625146315,1.2337474319679294,1.8390804597701105
2021-07-01,1.013954829967722,1.05964265300693,1.312078100878529,0.8910133843212235,1.1649065427445469,1.0267912161983352,1.0487232641960065,1.2104821860442634,1.8378378378378346,1.7252592127939752,1.2372581443302908,1.8384418901660236
2021-07-02,1.02137763275082,1.0745743401335281,1.3315509441711755,0.8971319545067515,1.169301394283986,1.0306334045146035,1.0510682394456987,1.2241262550630359,1.856486552470436,1.743638116996558,1.256156628348417,1.7809706257982076
2021-07-06,1.0198931326011238,1.055028920467866,1.3447408576992192,0.882982768246594,1.176451295506723,1.0248182690956276,1.0531526066716257,1.2417499576682982,1.8462161502322603,1.7139491611137705,1.2669518610930937,1.6756066411238784
2021-07-07,1.0238519003451858,1.070379997098258,1.368090400075556,0.8910133843212235,1.1816989176779267,1.022949107107346,1.0552370732903917,1.2715829393216034,1.8702701877903263,1.694627705789671,1.2935537289772823,1.6666666666666625
2021-07-08,1.0238519003451858,1.0562872169784854,1.374172854883433,0.8813002168790329,1.180452591397794,1.0280373505989495,1.051980168743199,1.2800293109831355,1.8608107695708374,1.737983034978656,1.3024923327086815,1.6296296296296255
2021-07-12,1.0253364760035362,1.0749936656377028,1.383887019241238,0.9017208529703927,1.1843227287635287,1.0280373505989495,1.0539343313500824,1.2916700997616206,1.891891891891889,1.766729552095526,1.3091402470819677,1.7094508301404812
2021-07-13,1.0184085569427732,1.0809495981879922,1.3669541628406952,0.9055449447485955,1.1868809605864625,1.0237797841491436,1.0521104727550816,1.2692276933121533,1.893243325723181,1.7417531271091238,1.2879266162574146,1.7292464878671734
2021-07-14,1.0193982488787887,1.0834661912092305,1.353987034677916,0.9129636921344703,1.1966546728948013,1.0308410539687334,1.0552370732903915,1.2636238738482053,1.8729730554529107,1.7247879934110169,1.2853620272232795,1.7445721583652576
2021-07-15,1.0233570921315052,1.0739870796289026,1.336296686787466,0.9078393648049112,1.1993440632430712,1.0301141620413614,1.0575820485400835,1.247759899238954,1.873513505265516,1.7031103288165244,1.2623309467929424,1.4412515964240067
2021-07-16,1.0290974110725115,1.0622430855291554,1.344317491137188,0.8915487548361312,1.1902263037061327,1.037383160540359,1.0614903737538501,1.2600774909620924,1.826216207968219,1.731385514194836,1.2723152845279833,1.4201787994891408
2021-07-19,1.0292953192562528,1.0487375019143892,1.344673926473603,0.8835946369353485,1.1864217456030661,1.038421566261565,1.0626628116822767,1.2602940154624902,1.807027043523012,1.7808671447846818,1.2736597318323926,1.4201787994891408
2021-07-20,1.0367181220393509,1.058216613494717,1.3791636932735265,0.8940726694139873,1.187864889743563,1.039459971982771,1.0637050449916596,1.2975987564010594,1.8313514090873066,1.8265786832440596,1.3073972383504213,1.460408684546612
2021-07-21,1.0322644705729538,1.061152596019749,1.3696500038724473,0.8927724922136407,1.1826172675723594,1.040394592589551,1.0637050449916596,1.2855789741095385,1.8516216793575768,1.8656928132752169,1.2996787763487476,1.460408684546612
2021-07-22,1.0332541625089693,1.0634174785391681,1.3622752452099796,0.8894837709503459,1.1839947523778285,1.0363447548191531,1.062141695027585,1.2733696950614959,1.8505405735325136,1.8864278143925932,1.291561871645414,1.4418901660280934
2021-07-23,1.026326167939552,1.0546934344646786,1.363322453290767,0.8835946369353485,1.1816333384152589,1.0358255123459112,1.0620113910157025,1.2779989021491789,1.8410811553130246,1.9132893416220287,1.2946243953311467,1.3978288633461011
2021-07-26,1.0273159353842216,1.062830282034162,1.3576632588048803,0.8910133843212232,1.1798622178890616,1.0382139168074351,1.0592756031232013,1.272801103942145,1.8905404580605965,1.9330821286846862,1.2942010202792638,1.4042145593869695
2021-07-27,1.0174188650067577,1.050918544932821,1.360737951821627,0.8868068600247965,1.180387012135126,1.0280373505989493,1.0588847904803924,1.2690923528931821,1.8464864782384893,1.8713477829375191,1.288598839909619,1.401660280970622
2021-07-28,1.0213776327508197,1.0645080320481939,1.3606266122590152,0.8913958168394472,1.180387012135126,1.0284527287324874,1.055237073290391,1.2743713351816397,1.8578377801018764,1.9057493820722913,1.2870302389041568,1.4029374201787956
2021-07-29,1.0203879408148042,1.0585521634975235,1.3494196690898939,0.8906309518029991,1.2011806829595768,1.0302180263810654,1.0599270237897755,1.2600503623684234,1.8710811718090132,1.9128181222390694,1.2735103751820087,1.4252873563218353
2021-07-30,1.0095011785013248,1.0272628137317334,1.345431524203551,0.8680688336520072,1.1889799774260001,1.016303215421294,1.050807730814772,1.2569912856704444,1.8132431442673114,1.8444863680636827,1.2649452818020464,1.3971902937420142
2021-08-02,1.0154394056260723,1.0326314857773973,1.3778268748418998,0.8761758895494737,1.1925877176687028,1.020041539397858,1.0527617940288163,1.285227008340376,1.8097297049857446,1.8543826492394122,1.296890152339037,1.4272030651340957
2021-08-03,1.0193982488787887,1.0424460833609124,1.3684023208349345,0.8854301846506029,1.187340095497499,1.0223260002944,1.0498957021244326,1.2820054626297566,1.8345945203626448,1.8977379784283972,1.2883997372842666,1.4061302681992298
2021-08-04,1.0193982488787887,1.0261723242223266,1.3737941091384795,0.8634799351883657,1.1876024926205313,1.015887837287756,1.0574517445282006,1.2907496437229005,1.8478379120697817,1.959472211819964,1.2939272393287193,1.3939974457215798
2021-08-05,1.0012865919659526,1.0263400672239202,1.3626540971949743,0.8596558434101631,1.1840603316404967,1.0117341351776543,1.042469963732547,1.2776740649736855,1.800810736578861,1.9509895887931108,1.2868062039285812,1.4195402298850535
2021-08-06,1.0055423352486081,1.0361546648074356,1.3824165508384605,0.8794646108127682,1.1544768776648082,1.0093457307161304,1.0450755470060045,1.2936463522580297,1.8070270435230125,1.9509895887931108,1.3059781127208203,1.417624521072793
2021-08-09,0.9976247242518296,1.0361546648074356,1.3743734360801998,0.8830592664204403,1.1304690222460234,1.0093457307161304,1.0431213843991212,1.285524817771991,1.8232432184992584,1.9132893416220282,1.3026914353340344,1.405491698595143
2021-08-10,0.9956452648711441,1.030618249760178,1.3677339647391413,0.8718929254302097,1.134011183226058,1.0051921078313064,1.042860875768195,1.2839005310447418,1.8332432927312055,1.9269558272838248,1.3026416893590655,1.4029374201787956
2021-08-11,0.9916864216184278,1.0283533032411396,1.3542989554372946,0.8676864011337829,1.148179747073836,1.0020768114424106,1.0429910803872386,1.2699315240006854,1.8378378378378355,1.9128181222390697,1.291810838971213,1.420817369093227
2021-08-12,0.9867378864296958,1.0162738231382051,1.3646815821309335,0.8403823881714559,1.1472613971794035,0.9968847036111027,1.0412975258041206,1.2800021823894663,1.819459451211463,1.8534402104734948,1.299255520022342,1.4482758620689613
2021-08-13,0.9768408160522318,1.0218941416860692,1.3728583468603448,0.8470363288718922,1.1644473277611516,0.9846313259602051,1.033220366745661,1.2878259074438931,1.814864906104833,1.8195099430772808,1.3077210027268893,1.4514687100893955
2021-08-16,0.9689232050554533,1.0057042220484709,1.3777154290392473,0.8312045912441735,1.1721220232299527,0.9761162722858714,1.0243615824015837,1.2958661569987175,1.795675741659626,1.859566511874356,1.3065507256976097,1.4425287356321796
2021-08-17,0.9758511241162162,0.9933730314437175,1.3797652243837448,0.8230975353467069,1.17087569694982,0.9726894621031416,1.0291818369128507,1.302607057851574,1.7589189684068811,1.8081997790414774,1.3095883170331193,1.4259259259259216
2021-08-18,0.9758511241162162,0.9843972768674086,1.3806786762533412,0.8230975353467069,1.1686454415125864,0.9661474347567937,1.0209744732353474,1.3080213805590029,1.720810761322844,1.8152686315638547,1.3182032751135278,1.4348659003831374
2021-08-19,0.9649643618027367,0.9877527128958534,1.4024464106642884,0.8291396073583881,1.167727091618154,0.9667704623444616,1.022146911163774,1.3256449823144747,1.6756756756756734,1.8049010186495675,1.339192752237028,1.404853128991056
2021-08-20,0.9728820483081696,0.9958057209643494,1.4079050239534088,0.8290631091845413,1.1682518858642184,0.9781930837282834,1.0330901621266173,1.3352284353649124,1.6848648689888597,1.814797412180896,1.3480317452930124,1.376117496807148
2021-08-23,0.9679335131194376,0.9885915559030598,1.4006640215021324,0.8303632863848879,1.1828140053603646,0.9770508136673732,1.0317873207934691,1.325861607664663,1.6864865277264547,1.8590951801357984,1.3392923629124431,1.3742017879948873
2021-08-24,0.9788202754329173,1.0143444266219734,1.4072811824346523,0.847418761390116,1.1843883080261974,0.9889926775244366,1.0343929040669264,1.3278920164986197,1.747837788349871,1.8360037450368307,1.339516397888019,1.3908045977011452
2021-08-25,0.9857481944936802,1.0175321196488243,1.373170267619723,0.8426003684049345,1.1729747137893576,0.9948078921686905,1.0448149389822392,1.2941877139339204,1.7640539633261167,1.8364750767753888,1.306127469371204,1.4080459770114901
2021-08-26,0.9914885134346865,1.0000839035006068,1.3664194567160526,0.8312810894180198,1.1755985248749594,1.0023883252362442,1.0478113348985054,1.2823032720613685,1.7410810315931142,1.9717248146216868,1.2974627653158266,1.4118773946360113
2021-08-27,0.9984164324954493,1.018203155654818,1.3751309275701067,0.8508604206500945,1.1916037885116024,1.0036344596368583,1.0513287480766242,1.2917784124367135,1.7675676088075356,2.0593779117655737,1.3075715273510284,1.4252873563218351
2021-08-30,0.9961401485934793,1.0091435615775217,1.365817819365794,0.8376290374230689,1.186618563463431,1.0060227848731038,1.0501563101481977,1.282032591223423,1.7600000742319444,2.0287464047612698,1.2954210432835123,1.3799489144316692
2021-08-31,0.9860450945236193,1.000167807001213,1.3617405390853372,0.8421414960638732,1.1905542800918336,0.9916925957797945,1.0389525505544281,1.2759956219088886,1.7364864864864842,2.0626766721574836,1.2904662729413265,1.363984674329498
2021-09-01,0.9859461781860762,1.0057042220484707,1.3546108761966726,0.8484130042460851,1.1893079538117006,0.9916925957797945,1.026576353032232,1.2665746378710914,1.7389188199429877,2.174834974904814,1.282100400912194,1.3167305236270717
2021-09-02,0.9817893512409639,0.9827195908529955,1.3673774231626856,0.820803056939381,1.1864217456030668,0.9865004879484868,1.0396039712210021,1.2752105062891426,1.7227027480666681,2.1870875777065355,1.290889529267732,1.3186462324393322
2021-09-03,0.9864409863997567,0.9828873338545894,1.3702293308141675,0.8135373059012,1.2009839451715727,0.9813083801171789,1.0397341758400456,1.2758873092337957,1.7216216422416049,2.220546625719791,1.2901923732653044,1.2975734355044664
2021-09-08,0.9718922808635,0.9567150736318819,1.3635007240789951,0.7831740078461091,1.1746145957178584,0.9813083801171789,1.0366075753047357,1.2688486997991149,1.6867567526327578,2.3157399071246134,1.2871547819297948,1.2726692209450794
2021-09-09,0.969418013269134,0.973576029275474,1.4005525756994799,0.7992351816443584,1.1790095273296575,0.977154678007077,1.0368680839356619,1.3065594619946035,1.6899999670080217,2.3708766197323614,1.324751578811399,1.2669220945082977
2021-09-10,0.98426361883533,0.9623353921797458,1.3685805916231621,0.7980114442668488,1.1738930636837899,0.9884735142764726,1.0422094551016203,1.281464100953865,1.689189189189187,2.327050071160418,1.29385244227805,1.2841634738186425
2021-09-13,0.9882224620880463,0.9831389803567893,1.3801662805372368,0.8066539290302331,1.175467366349623,0.9920041095736285,1.0435121970419294,1.2921844336936301,1.6932432844832115,2.465127237660068,1.306426301397449,1.2688378033205583
2021-09-14,0.9906967296824123,0.9800352548301634,1.3712542284864162,0.8052772536560397,1.1837979345174647,0.9909657038524227,1.0487232641960051,1.2830612590874475,1.6878378584578209,2.478793723321864,1.2980105646678706,1.2848020434227294
2021-09-15,0.9877276538743657,0.971646696758861,1.3770470729434536,0.7994646178148889,1.1757297634726551,0.9906541900585887,1.0446847343631949,1.2926447121378857,1.672973014212941,2.573044341249571,1.304409511715358,1.3627075351213245
2021-09-16,0.9971298405294947,0.9596510561569139,1.374573911036925,0.7988527491261342,1.1509347166847739,0.9968847036111025,1.0492443808506966,1.2926175835442164,1.5983783618823881,2.514137648866955,1.3001269650253768,1.352490421455935
2021-09-17,0.9832739268993143,0.9395185039858645,1.3770024521263764,0.780038224579498,1.1475237943024352,0.9953270554166546,1.0461177803153867,1.2962993068493032,1.5310811223210494,2.4057493258944933,1.3088663474059463,1.3467432950191534
2021-09-20,0.9837688106216492,0.9184632053070021,1.3809683928442211,0.7556405587132516,1.155657624682273,0.984942839754039,1.042860875768194,1.3020114389883441,1.484054049930055,2.3491989551378696,1.3170579304344716,1.3326947637292428
2021-09-21,0.9892121540240618,0.9286133528933238,1.3904373551881823,0.7629063097514328,1.1649721220072153,0.9970923530652325,1.046378288946313,1.3166301203833846,1.4818919413798544,2.2643731742917352,1.3253989888388582,1.3205619412515928
2021-09-22,0.9862430782160152,0.9455582760371412,1.375754769088863,0.7931166114588302,1.165431256918252,0.9877466223491012,1.047420522255696,1.3069385563574323,1.5329730059649471,2.2643731742917352,1.3118790063912327,1.3422733077905455
2021-09-23,0.9872327701520307,0.9622514886791395,1.376534570987309,0.789980886543229,1.1464086265476385,0.9867081374026169,1.0445544303513123,1.3033650448776501,1.5762162079682198,2.344957531268844,1.316559995782874,1.351851851851848
2021-09-24,0.9795130673389936,0.9556245201228564,1.386493831118917,0.7856979224239651,1.1477205320904396,0.9897195694518088,1.0412975258041197,1.3009014861931074,1.5643243531923015,2.4222431278540424,1.3200955217699815,1.3454661558109797
2021-09-27,0.9795130673389936,0.9559600701256628,1.391818794436887,0.7923518047733914,1.1479173499508035,0.989200406203845,1.0409067131613108,1.3045291540104347,1.5762162079682198,2.68897262377177,1.3288349041505507,1.378033205619409
2021-09-28,0.9795130673389936,0.9276906063855109,1.40413966443233,0.7667304015296355,1.138602852625861,0.9858774603608188,1.0411672217922372,1.3149516773185876,1.5032432143752619,2.7525919594063706,1.3421307328971233,1.3601532567049772
2021-09-29,0.9795130673389936,0.9361630679574197,1.4126729707381973,0.7724665391969395,1.1292226959658904,0.9791277043350631,1.0428608757681943,1.3173882082592518,1.5305405694085177,2.5810557448934657,1.3513929822795134,1.376756066411235
2021-09-30,0.9795130673389936,0.9344853819430069,1.3988593219314374,0.7705544933078382,1.1513939316681698,0.984631325960205,1.0440333136966211,1.3091854896917867,1.5664864617425018,2.764844562208092,1.348081491267982,1.3710089399744534
2021-10-01,0.9772367079283687,0.9505913980799989,1.4028251564092415,0.7890630835100968,1.1525090193506067,0.984215947826667,1.0435121970419297,1.3216925781714441,1.5600000329919739,2.6479736162087772,1.354903694641875,1.3831417624521034
2021-10-04,0.9853523026175433,0.9318010459201749,1.384934227322025,0.7585468474583221,1.158543752818547,0.984215947826667,1.0462479849344306,1.3097268513676779,1.5337837837837813,2.7172478091500816,1.336528552527479,1.3812260536398429
2021-10-05,0.9853523026175433,0.9302911029073558,1.4110910565327668,0.7690248799369608,1.154214480541776,0.984215947826667,1.039603971221002,1.3301931061705214,1.5270270270270245,2.9745522432750384,1.3577669969767778,1.372924648786714
2021-10-06,0.9853523026175433,0.9326398889273815,1.4142103703665905,0.7678776407332981,1.1548048540505083,0.9865004879484869,1.0448149389822388,1.3295974873072947,1.516216174976243,2.674363924055254,1.3633194313714536,1.3595146871008903
2021-10-07,0.9853523026175433,0.9316332389189624,1.4133191226654922,0.764818355640534,1.153099392859339,0.9844236765060749,1.0406461051375457,1.3345245038265923,1.5205404951765706,2.6753063628211717,1.3674027567106048,1.3639846743294983
2021-10-08,0.9850554025876039,0.9523529875950181,1.4204264751456182,0.7807265914420994,1.1520498844395701,0.9885772993908988,1.0488535682078879,1.3374212123617213,1.540540540540538,2.622525971839416,1.373652347107708,1.3550446998722825
2021-10-11,0.9850554025876039,0.9452227260343349,1.4198694586124367,0.7575526046023529,1.1509347166847734,0.9833851915595909,1.04533605563693,1.3275129221357902,1.558108149348076,2.5188500674077403,1.3711375040485418,1.361430395913151
2021-10-13,0.9850554025876039,0.9562956201284692,1.4206047459338458,0.7728489717151635,1.1765824540320595,0.976635514759113,1.0437728050656945,1.3189041823114083,1.5527027233226853,2.634307355258179,1.3772625514200072,1.308429118773943
2021-10-14,0.9850554025876039,0.9550373236178501,1.423723953527629,0.7701720607896141,1.178550312346261,0.9768431642132431,1.0420791510897374,1.3173069233280377,1.5513513925913192,2.680018781361958,1.3725318160533972,1.319923371647506
2021-10-15,0.977533607958308,0.9656069247075844,1.4231224224174108,0.7963288928992878,1.1591997055899477,0.979127704335063,1.041167221792237,1.3108909605004622,1.5743243243243217,2.549481574412045,1.3724571377282053,1.3429118773946325
2021-10-18,0.9699128969914688,0.9643486281969652,1.4108460669990042,0.7991586834705112,1.1576254829964745,0.976012407946167,1.0362167626619263,1.2924822431252447,1.5554053847854175,2.3510838326697043,1.3590616983062178,1.3607918263090641
2021-10-19,0.9563538833912274,0.9365825214608324,1.4255509635068622,0.7686424474187368,1.1608395875184487,0.9620975969863956,1.0031266005353092,1.3055307941305812,1.5205404951765704,2.3977379222505992,1.3722331027526293,1.3544061302681958
2021-10-20,0.9563538833912274,0.9361630679574197,1.446627925173437,0.8062714965120088,1.1702853234410873,0.9667704623444614,1.0291818369128498,1.3195538566623919,1.5043243202003247,2.4363808328987977,1.3901600561903966,1.377394636015322
2021-10-21,0.9384402101707872,0.9094874507306935,1.4527550007983911,0.7697896866223995,1.168383044389554,0.9449636252980241,1.0213652858781554,1.3248328389508495,1.4729729729729704,2.41046174443528,1.3933968688767362,1.3595146871008905
2021-10-22,0.9376484264185128,0.8961496741171396,1.4647417458659582,0.7456978967495208,1.1777632010495245,0.9665628128903313,1.018759702604698,1.3455697745916386,1.513513513513511,2.488218785114636,1.4087094873053998,1.374201787994888
2021-10-25,0.9376484264185128,0.9167855192925892,1.4656551977355545,0.7617590705477701,1.1846507051492292,0.9525441375908559,1.020453356580655,1.345407305578998,1.5362162203402108,2.7794532619246084,1.4065681545976707,1.374201787994888
2021-10-26,0.9303246154816128,0.8967368706221461,1.4360226193545742,0.7430210441749809,1.1759265012606592,0.9349947877689464,1.013157822807813,1.3216654495777749,1.5054054260253882,2.771913302374871,1.3829643424650668,1.3882503192847986
2021-10-27,0.9386381183545284,0.8979112636321589,1.4372926128006263,0.7434034183421954,1.1793375037153575,0.9389407611996403,1.013157822807813,1.319391488499542,1.4810810604610933,2.9227145157704,1.3855537451239475,1.423371647509575
2021-10-28,0.927850347887247,0.882308540499567,1.4300291937007705,0.7403441916004408,1.1817644969405952,0.9381100049325641,1.0130276181887694,1.316982086152544,1.4756756344357025,2.724787993411018,1.3781339964230417,1.4374201787994856
2021-10-29,0.9296318235755365,0.8740877254298585,1.468930365709027,0.7292542904330473,1.1695637914070187,0.9457943815650998,1.0117248762484603,1.3454344341726667,1.4270270064070392,2.557021758672981,1.405497488243806,1.4514687100893962
2021-11-01,0.9401226940128787,0.8895227055608566,1.4515296281694166,0.7460803292677448,1.1775008039264923,0.9443405977103558,1.0130276181887696,1.338098015306374,1.438108083364123,2.443920792448535,1.4027088642340952,1.4789272030651304
2021-11-03,0.9465558048599615,0.8975757136293525,1.4643183793039274,0.7533460803059261,1.1568382916273778,0.9591900292769076,1.0291818369128498,1.3488725043836869,1.3970269899110508,2.6720076024292627,1.4138882926231615,1.4406130268199198
2021-11-04,0.9633807942981883,0.872829492918858,1.4365128109021803,0.727342244543946,1.1761233191210234,0.9649013003561794,1.0224075191875386,1.3178754135975947,1.3772972725533126,2.693685267023755,1.3824664078134687,1.4284802043422697
2021-11-05,0.9633807942981883,0.8828118335039669,1.4415035430522332,0.7410325001120327,1.1914726299862661,0.9613707050590232,1.0290515329009673,1.331979761060623,1.3621622034021301,2.5994344243848504,1.3947413161811453,1.4125159642400986
2021-11-08,0.9633807942981883,0.882560187001767,1.4277566129910082,0.7316252670142196,1.1986881104716711,0.9522325445717437,1.0221469111637733,1.3220174153469346,1.4024324159364416,2.5574929780559406,1.3796528514535347,1.4086845466155777
2021-11-09,0.9633807942981883,0.8887677020546375,1.430541695656915,0.7315487688403728,1.2005247301881765,0.9605399487919474,1.0272276743059667,1.3249141238820636,1.3894594553354598,2.346371414128919,1.3801507861051325,1.4169859514687067
2021-11-10,0.9633807942981883,0.8946397311043205,1.4147672806597307,0.752963647787702,1.2119383244250164,0.972793326442845,1.0225377238065823,1.313787669035591,1.3675675263275944,2.2997173245480247,1.3642158087247105,1.4540229885057436
2021-11-11,0.9633807942981883,0.9062998217034614,1.4043847602061326,0.7606118313441074,1.2221711716443917,0.9725856769887151,1.0278790949725407,1.3051518006175398,1.4324324324324298,2.426484551723069,1.3669048220590063,1.4546615581098306
2021-11-12,0.9602137347977461,0.8956463171131206,1.3761558252423547,0.7533460803059261,1.2252541977133897,0.9747663527708311,1.0312663035316159,1.2813287605348933,1.4459459459459434,2.2577756535079163,1.3440229795535759,1.4744572158365226
2021-11-16,0.9602137347977461,0.8794563974755223,1.381035217829796,0.7420267429680019,1.2158740410534192,0.9657320566232552,1.0220166071518906,1.2939440608398531,1.4299999958760004,2.439679593290708,1.3585388313043967,1.4584929757343514
2021-11-17,0.961995210486036,0.8704806428992136,1.3867389268927195,0.7368259758156058,1.2264348646584948,0.9712356782483971,1.0290515329009673,1.2964347481180654,1.4094595006994273,2.269557036926679,1.3699673457447392,1.4693486590038276
2021-11-18,0.961995210486036,0.8655314243569624,1.388409870252223,0.7288719162658328,1.2207281075762548,0.9730009758969751,1.0303542748412766,1.311513607107568,1.3729729523529852,2.310084825106713,1.3765653954175792,1.463601532567046
2021-11-19,0.961995210486036,0.8677124673753942,1.406991572083812,0.7255066968286914,1.2142997383875864,0.9657320566232552,1.028791024270041,1.3162782554640156,1.4099999505120329,2.386899202308953,1.3834622771166643,1.4578544061302643
2021-11-22,0.961995210486036,0.8613371453213112,1.4110910565327668,0.7089101525155341,1.1846507051492297,0.9686396243327431,1.0293121409247326,1.3316007675475852,1.433513538257493,2.2568332147419987,1.3972062945398656,1.4731800766283487
2021-11-23,0.961995210486036,0.8754299254410839,1.3984359553694063,0.7102868278897277,1.1698917677927192,0.9678088680656671,1.028791024270041,1.3171715829090638,1.4548649143528267,2.340716332111017,1.3907326691671864,1.4827586206896515
2021-11-24,0.9733768565218505,0.8823924440001732,1.394915691622131,0.731089838148302,1.1702853234410875,0.9781930837282827,1.0337414834003518,1.309429142785854,1.4854053806614205,2.388312860457829,1.38694817585428,1.480842911877391
2021-11-26,0.9734758483680483,0.8613371453213111,1.3892566033762848,0.7217591032243358,1.171072514810184,0.970924164454563,1.0380406212569273,1.309050048423025,1.4675675469475797,2.566918039848711,1.3856285421746166,1.4987228607918226
2021-11-29,0.9739707320903834,0.866202524362575,1.4138315183815962,0.7233652147690596,1.1691046564959826,0.9831775421054606,1.0369983879475442,1.3387748182510277,1.486486486486484,2.287464721746302,1.3962601712116391,1.484035759897825
2021-11-30,0.9782263998643845,0.8614210488219172,1.4086180008662788,0.708145287479086,1.1633978193413828,0.9858774603608185,1.038822246542545,1.3323046990859044,1.478648623904664,2.152214871544405,1.3944923488553467,1.448275862068962
2021-12-01,0.9782263998643845,0.8510191907337767,1.4189560067428404,0.6986615562074261,1.1686454415125864,0.9831775421054606,1.042600267744429,1.34359352209523,1.5032432143752614,2.0065975207838194,1.3995146739940891,1.4610472541506987
2021-12-02,0.9782263998643845,0.8800436579801476,1.4356438736096206,0.7212237327094276,1.1549360125758448,0.9862928384943564,1.0457268682797392,1.3652779415186178,1.5559459376979492,1.9114044640901953,1.4171169132515706,1.4738186462324356
2021-12-03,0.989707037746397,0.8886838625536498,1.4214290624093282,0.7222944737392436,1.1689078386356184,0.9906541900585883,1.0510682394456976,1.3512547781370137,1.5567567155167834,1.9472196090182445,1.405104625639577,1.496807151979562
2021-12-06,0.989707037746397,0.9030282891756226,1.4187555317861147,0.7363671034745448,1.1659560511643163,0.9975077311987701,1.0502866141600797,1.3563172359250735,1.6135135341334959,1.7233742229065425,1.406791952122292,1.4904214559386937
2021-12-07,0.9882224620880465,0.9067192112072546,1.4293385271964387,0.7334608147294743,1.1693013942839867,0.9976115955384739,1.0541948399810075,1.357102250695029,1.6237838332717456,1.7474080967714278,1.4162288466817208,1.4974457215836487
2021-12-08,0.9882224620880465,0.9132623402625505,1.4088854070486205,0.7363671034745448,1.169826188530051,1.0041536228848216,1.0583636738257005,1.3381521716439229,1.6213513967153161,1.79783227848279,1.3972561592403119,1.4936143039591276
2021-12-09,0.9882224620880465,0.8978273601315521,1.397722978456536,0.7116635032639209,1.164053772112783,1.0072689192737174,1.054064635361964,1.3171715829090642,1.6040540128140808,1.7973609467442322,1.3772874837702302,1.5031928480204304
2021-12-10,1.007026910906959,0.90856470422288,1.401510648386153,0.7285659819214557,1.1694982121443507,1.0072689192737174,1.0617508823847759,1.329407990550776,1.6221621745341506,1.8496701183430286,1.3871224648548872,1.5031928480204304
2021-12-13,1.0026721757781054,0.9073064717118798,1.4139429641842487,0.7181644476166635,1.171728467581584,1.0093457307161295,1.061099461718202,1.3406427580723443,1.6410811140730546,1.7879358849514615,1.3964745894235577,1.492337164750954
2021-12-14,0.9996041081238609,0.8996728531471776,1.4271105673037536,0.7151051625238994,1.1612988025018447,1.0093457307161295,1.0597967197778926,1.3537453645654354,1.6264864947344777,1.7657870009740102,1.414162192299184,1.5038314176245173
2021-12-15,0.9936658809991135,0.9077258612156737,1.4243254846378468,0.7106692020569421,1.1561823388559773,1.0053997572854356,1.0565398152307,1.3520669215006385,1.6327026985787028,1.7917059770819292,1.414386346000237,1.4961685823754751
2021-12-16,0.9904988214986711,0.913178436761944,1.4281576691445006,0.7183938837871942,1.1784847330835928,0.9989615150535139,1.0536737233263163,1.3469233804809457,1.6729730142129404,1.7747408433838223,1.4140875139739923,1.5102171136653855
2021-12-17,0.9904988214986711,0.9036154856806289,1.4357552131722326,0.705927365596617,1.1832076410810919,0.9900310832456422,1.0467691015891223,1.3544763238476363,1.6743243449443064,1.7389255861001738,1.4160793713058604,1.5153256704980802
2021-12-20,0.9904988214986711,0.8851606195239923,1.428959781451485,0.6871127826989714,1.1765824540320593,0.9795430824686004,1.0439030096847386,1.3552884672112608,1.6229729523529846,1.8067861208926017,1.4174886427208497,1.5095785440612985
2021-12-21,0.9870348619682898,0.8896066090614625,1.4420605595854148,0.6803059040018514,1.1727779760013524,0.9934578934283722,1.047941638910388,1.367416562177877,1.6454054342733815,1.8232799228521508,1.4294997430780712,1.528097062579817
2021-12-22,0.9870348619682898,0.887509469543637,1.4439097737331459,0.6864244741873796,1.1817644969405945,0.9933541083139461,1.0474205222556965,1.3641138323858313,1.631621592753639,1.873704104563513,1.4301719667302757,1.538952745849293
2021-12-23,0.9870348619682898,0.8842379370157987,1.433750038644812,0.6858891036724716,1.188061627531567,0.9933541083139461,1.0492443808506973,1.3408592825727421,1.6318919207598679,1.7582469290686737,1.4075142779258984,1.547254150702422
2021-12-27,0.9853523026175436,0.8900259985652563,1.4303411144601488,0.6899426316212048,1.1860281899546974,0.9909657038524221,1.0454663596488132,1.333170897937287,1.6397296802417618,1.9132893416220302,1.4120209783169324,1.5702426564495484
2021-12-28,0.9853523026175436,0.886083366031805,1.4190896567139908,0.6841299957800541,1.1874056747601667,0.9880581361429343,1.046508592958196,1.3254284578140774,1.6121622034021292,1.910933019996038,1.4003186829260454,1.5446998722860747
2021-12-29,0.9853523026175436,0.8795403009761283,1.4179979340561666,0.6801529660051676,1.184060331640496,0.9897195694518082,1.0643563662653943,1.3273775817168196,1.6232432803592134,1.8963243202795224,1.401165195578857,1.546615581098335
2021-12-30,0.9746635239964598,0.8837345800117795,1.4425284407244823,0.6810707690382998,1.1890455566886677,0.9449636252980236,1.0265763530322318,1.3429167191505775,1.6481080957361136,1.6781339038301233,1.4198889156944672,1.522349936143035
2022-01-03,0.9718922808635002,0.8776948079605026,1.4104672150140098,0.6801529660051676,1.1803214328724576,0.966874326684165,1.0444241263394303,1.284306552301659,1.635135135135132,1.79783227848279,1.3866742761782591,1.5051085568326903
2022-01-04,0.9718922808635002,0.8727455894182515,1.429717272941392,0.6832886909207687,1.1898983273204322,0.966770462344461,1.041427829816003,1.333549992300116,1.6397296802417618,1.7516494082848544,1.4145357026506216,1.5568326947637248
2022-01-05,0.9718922808635002,0.8511030942343829,1.4264421049679197,0.6706692347335077,1.1968514106828052,0.966874326684165,1.0380406212569278,1.3226671905477103,1.6089188859269394,1.8294062242530118,1.41329074729615,1.5383141762452064
2022-01-06,0.9718922808635002,0.856471766280047,1.438072414699072,0.6787762906309743,1.173302690175057,0.9636552451808429,1.0356956460072355,1.3303013179958272,1.6116216504895975,1.7964185079783146,1.4206196710069576,1.5421455938697275
2022-01-07,0.9718922808635002,0.8662025243625748,1.4296059333787803,0.6903250641394292,1.1787471302066246,0.9557632190941773,1.0336111793884697,1.3274858943919123,1.6332432514912338,1.845428806829602,1.4148345346768667,1.5498084291187697
2022-01-10,0.9718922808635002,0.8619243418263172,1.4257291280550493,0.6864244741873796,1.1796654801010573,0.9557632190941773,1.0336111793884697,1.3193103044181165,1.6351351351351318,1.9222431840318421,1.4023353538826597,1.531928480204338
2022-01-11,0.9718922808635002,0.8746749219348643,1.4289152668744483,0.6944550902620091,1.1929156940544026,0.9423675713823697,1.0291818369128505,1.329705799982391,1.664594598718588,2.002356321625992,1.4098049672840116,1.5351213282247722
2022-01-12,0.9718922808635002,0.8935491775952945,1.4094646277502996,0.696749510318325,1.1985568718739747,0.9423675713823697,1.029051532900968,1.306857271426216,1.7081081287280897,2.2888783798951784,1.3861762228011845,1.5300127713920775
2022-01-13,0.9718922808635002,0.8891032520574432,1.4097765485096778,0.7047801263929545,1.1946211552455719,0.9490134630684215,1.0330901621266173,1.3061263121440179,1.6959459459459423,2.012252602801721,1.377685807746414,1.5006385696040827
2022-01-14,0.9718922808635002,0.9013505391615907,1.4103112546343204,0.7158699692093384,1.1915382092489337,0.9544132995791375,1.03361117938847,1.311026300919437,1.6848648689888581,2.0084826230268527,1.3760674607659829,1.5229885057471222
2022-01-18,0.9488321642705867,0.9001761461515779,1.401622094188805,0.7155640348649611,1.1887832396379958,0.9404984093940878,1.026967165675041,1.3031213917835838,1.6886486362766535,2.018378904202582,1.373353515081464,1.5312899106002513
2022-01-19,0.9488321642705867,0.912423433255725,1.4042287998264433,0.7227533460803052,1.2089865369537138,0.9501557331293315,1.0316571161744255,1.3151953304126551,1.719459430591476,1.899623080671432,1.3857778988250018,1.5593869731800722
2022-01-20,0.9590261346779898,0.9195537588160274,1.3736827695758667,0.7375908408520546,1.2085929813053455,0.9572170029489214,1.0372589959713103,1.2873927575933068,1.697297276677308,1.7917059770819292,1.3537832823130422,1.5606641123882459
2022-01-21,0.9590261346779898,0.9194698553154209,1.3650826382844248,0.7315487688403733,1.2015743186803045,0.9539979214455998,1.0350442253406618,1.2867430832423228,1.6548648524928697,1.8845429368607594,1.3490276145962092,1.5740740740740697
2022-01-24,0.9590261346779898,0.9127589832585316,1.3785398517547693,0.7307839621549347,1.2080681870592813,0.9553478409606395,1.0419489464706946,1.2990606749654585,1.6494594264674793,1.897737978428399,1.3587380526552284,1.5862068965517198
2022-01-25,0.9590261346779898,0.9306266529101617,1.3835527880733203,0.7564818635725375,1.2152836675446863,0.9553478409606395,1.037649808614119,1.3020927239195614,1.635135135135131,1.9099905812301203,1.3659586987307815,1.5836526181353723
2022-01-26,0.9590261346779898,0.938428014476458,1.370207020405628,0.7678776407332988,1.2003279924001717,0.9553478409606395,1.0428608757681948,1.293159046069898,1.6408107860668244,2.0155513631936315,1.3546556771198952,1.6015325670498037
2022-01-27,0.9590261346779898,0.9493331015693794,1.3596685395723407,0.778202676864244,1.176320136981387,0.9549324628271015,1.035174529352544,1.2813287605348938,1.654054074674035,2.952403359297588,1.3517831141977668,1.597062579821196
2022-01-28,0.9590261346779898,0.9453904690359284,1.3417998146536223,0.7850860537352108,1.170810117687151,0.9570093534947914,1.0346534126978526,1.2678740874228498,1.6637838208997529,2.186145138940619,1.345388678718415,1.6245210727969304
2022-01-31,0.9590261346779898,0.9468165725477603,1.331952000324667,0.7984703749589201,1.1774352246638238,0.9569054891550874,1.0372589959713099,1.2602669877186115,1.6513513101113764,2.296889783539073,1.3352089188478165,1.5989782886334567
2022-02-01,0.9654592455250722,0.9575539166390881,1.32874365733677,0.7969407032370333,1.18091180638119,0.9558670834338814,1.0373892005903536,1.2468394432002368,1.6945946152145754,2.2389255299223745,1.3203943537962277,1.6213282247764964
2022-02-02,0.9654592455250722,0.9430416830159027,1.3216808194336807,0.7789674835496826,1.1867497219887664,0.9595015430707413,1.041688338446929,1.242128951181337,1.7013513719713322,2.5923656842180716,1.3107835264126237,1.590038314176241
2022-02-03,0.9793150836465984,0.94211893650809,1.3239088855664063,0.782944571675579,1.1826828468350274,0.9742471102975887,1.0482021475413144,1.245269312810533,1.688648636276653,2.3034873043228927,1.309887149059366,1.5753512132822436
2022-02-04,0.9763460078385517,0.9498364585733985,1.3456097949917785,0.7830210114984157,1.185044260797597,0.9666665980047568,1.0428608757681948,1.2441052036777487,1.71567566330368,2.1545711931703972,1.3153647864033726,1.5849297573435461
2022-02-07,0.9763460078385517,0.9446355295293282,1.3581980711695634,0.7775143683526522,1.1942275995972036,0.9688473530121507,1.0463782889463136,1.2514686502879202,1.7424324654244043,1.9943449179820978,1.3263201798168631,1.62260536398467
2022-02-08,0.9763460078385517,0.9489137120655858,1.3407304024043372,0.7808795294387838,1.1981633162256065,0.9605399487919472,1.0427305717563122,1.23812239070076,1.7386486981366087,2.0018851022430333,1.3103104053857717,1.6149425287356278
2022-02-09,0.9649643618027373,0.9487459050643731,1.3374774385993629,0.7690248799369613,1.2038044940451786,0.9554517053003435,1.039343363197237,1.231246149428932,1.7421621374181755,1.8892553554015457,1.30926467138213,1.6519795657726648
2022-02-10,0.9649643618027373,0.957721659640682,1.3317292149594027,0.7709369258260627,1.2044604468165792,0.9603322993378173,1.0384314338997367,1.2259671671404744,1.7394594759554431,1.8656928132752182,1.3033139130112716,1.6392081736909279
2022-02-11,0.9649643618027373,0.9604059956635137,1.3342914060200044,0.7847036212169864,1.2074778936229091,0.9609553269254851,1.0384314338997367,1.2244511930883182,1.701081043965103,1.857210190248365,1.3068495577238564,1.6628352490421412
2022-02-14,0.9649643618027373,0.9603221561625266,1.327317703511029,0.7892925196806279,1.2253197769760575,0.9602284349981132,1.0389525505544284,1.231435646185451,1.7094594594594548,1.9769086772566307,1.30716228063094,1.6749680715197914
2022-02-15,0.9649643618027373,0.9698851072438419,1.3127465632143622,0.8061185585153253,1.2166612324225154,0.9602284349981132,1.0389525505544284,1.2216627972282847,1.6648648236248897,2.0292178488554273,1.298209786018702,1.6296296296296255
2022-02-16,0.9649643618027373,0.9742471292810866,1.3113429197971598,0.8080306044044268,1.2267628410441946,0.9509864893964074,1.0414278298160031,1.2075314220213782,1.6700000247439777,2.2229029473457835,1.2842416148944478,1.652618135376752
2022-02-17,0.9619952104860363,0.9596510561569138,1.300848953540909,0.8015296600516841,1.2467694005719085,0.9611629763796151,1.0427305717563122,1.2049053943241919,1.6283783783783738,2.114043404990363,1.278739045200218,1.6602809706257942
2022-02-18,0.9646674617727982,0.952352987595018,1.3090925432558957,0.8017590962222148,1.2453919157664393,0.9604360844522429,1.0426002677444297,1.218305911098691,1.6083783330144064,2.0881245412380434,1.2874037492555956,1.6711366538952706
2022-02-22,0.9657561455550113,0.9546179341140562,1.2848294427699216,0.7927342372916162,1.250311561551943,0.9511941388505375,1.040124988482855,1.205284387837233,1.6189189601588847,2.119698487008265,1.270497716196724,1.723499361430392
2022-02-23,0.9657561455550113,0.9466487655465476,1.2761624864929042,0.7869980996243121,1.2523449991288125,0.9481827068013458,1.0407764091494291,1.189447541821651,1.5945945945945899,2.1786051793908814,1.2591438800815735,1.7464878671775184
2022-02-24,0.9657561455550113,0.9429578435149156,1.2611233588171293,0.7816443361242226,1.2627746642085516,0.9551401915065094,1.0397341758400462,1.1801077418652774,1.5743243243243197,2.1526860909273635,1.2470930066894728,1.7752234993614264
2022-02-25,0.9639746698667218,0.9569667201340819,1.2766081634634738,0.7847801193908334,1.237454903246966,0.9242990583124965,1.03947366720912,1.1999242214673491,1.6189189601588845,2.1065032207294276,1.2753528758634949,1.6845466155810946
2022-03-02,0.9639746698667218,0.9740793862794933,1.2789252587502724,0.7778202443460198,1.2600196945976139,0.9563862466818452,1.041818642458812,1.2160860055082123,1.7013513719713316,2.2441093925573172,1.2845155145704699,1.8876117496807112
2022-03-03,0.96229218602463,0.9712272432554484,1.261970091941191,0.7824092011606706,1.2688750570115201,0.9476635435533818,1.04260026774443,1.1945369265037988,1.7121621209221862,2.225259268971776,1.268954641168871,1.9189016602809663
2022-03-04,0.96229218602463,0.9685429072326164,1.2398681263623268,0.7633651820924944,1.2890127750645701,0.9477673286678074,1.0401249884828552,1.1792144144202295,1.7702702702702648,2.363807654854385,1.2526205087339253,1.93231162196679
2022-03-07,0.96229218602463,0.9396862469874582,1.225051890291857,0.7407265657676556,1.3079042469098476,0.9364485716236899,1.0407764091494294,1.1930209524516426,1.7632431855072792,2.2775684405705725,1.2600054708699961,1.9137931034482714
2022-03-08,0.96229218602463,0.9405251539942838,1.2365706479803158,0.7399617590822171,1.3382092329196047,0.9492211917478296,1.0356956460072362,1.1991932621851509,1.7243243037043336,2.1333647479588635,1.272439708828146,1.927203065134095
2022-03-09,0.96229218602463,0.9611609991697331,1.2276363917609971,0.7760611948046119,1.302656624738644,0.9397715174667158,1.0356956460072362,1.183410572507117,1.74135135959934,2.1328935285759045,1.2595672551334567,1.877394636015321
2022-03-10,0.96229218602463,0.9587283096491013,1.2359246022930612,0.7647418574666875,1.3106592165207855,0.9408099231879217,1.0356956460072362,1.1705243896646302,1.7905405405405348,2.1823751591657503,1.2477901626919004,1.9355044699872237
2022-03-11,0.96229218602463,0.9424544865108966,1.2287949394043964,0.7581644149400981,1.3005575278267465,0.9460020310192295,1.0356956460072362,1.1671675035350366,1.7724324819203914,2.226672927120653,1.2473419740152714,1.9527458492975687
2022-03-14,0.96229218602463,0.9302911029073558,1.2328275988677757,0.7628298115775861,1.2854050348218677,0.9475596792136775,1.0356956460072362,1.1709305117713378,1.7000000412399652,2.195098981350431,1.2632273241462018,1.8601532567049763
2022-03-15,0.96229218602463,0.9188826588104151,1.2482454722885044,0.7609942638623317,1.2650049196457855,0.9423675713823697,1.0356956460072362,1.172771322998985,1.662162162162157,2.1526860909273635,1.2751536545126645,1.9361430395913106
2022-03-16,0.96229218602463,0.9370019109646264,1.2614130754080095,0.771854670508185,1.251557887832076,0.9433021127638715,1.0356956460072362,1.1815966881735553,1.7000000412399652,2.237511871773498,1.2855612485741112,1.8646232439335841
2022-03-17,0.96229218602463,0.9537790271072311,1.245995201987281,0.7879923424802809,1.2739258613223596,0.9418483289091277,1.0356956460072362,1.155472558419004,1.7486485661687023,2.3515550520526634,1.2633206423713226,1.9272030651340946
2022-03-18,0.96229218602463,0.9729049932694803,1.2455718354252503,0.7942638506624929,1.2648081017854214,0.9474558148739733,1.0356956460072362,1.150978691750295,1.7945946358345595,2.2917059209041297,1.2547369090914313,1.8946360153256654
2022-03-21,0.96229218602463,0.9824679443507955,1.2367934333455801,0.8049713193116623,1.2650704989084534,0.9475596792136776,1.0356956460072362,1.1394461147971149,1.7945946358345595,2.3091423863407945,1.2493587636973624,1.9316730523627026
2022-03-22,0.96229218602463,0.9922825419343106,1.2110598644568287,0.8237093456844515,1.259888455999918,0.9514018675299456,1.0356956460072362,1.1170849932788647,1.782702677958715,2.4443920118314932,1.2287926616257452,1.9233716475095735
2022-03-23,0.96229218602463,0.9905209524192914,1.2058240365329727,0.8209559949360646,1.2703181210796572,0.9571131386092172,1.0356956460072362,1.0969436765013023,1.7727026037267681,2.4655984570430265,1.2225181388784188,1.9355044699872235
2022-03-24,0.96229218602463,1.0046137325390643,1.1825636295507498,0.8305927225554182,1.2867169403646688,0.9759086228317406,1.0356956460072362,1.0780746806818293,1.7864864452465106,2.545240375254217,1.201155270128959,1.9112388250319234
2022-03-25,0.96229218602463,1.004362086036864,1.1831651606609677,0.8401529520009248,1.2816005567911612,0.9858774603608182,1.0356956460072362,1.0679769945491697,1.7405405817805057,2.625353512848367,1.2016781371307796,1.925925925925921
2022-03-28,0.96229218602463,1.0044459255378513,1.1597933078760922,0.8370936669081608,1.2722859793938586,0.9880581361429344,1.0356956460072362,1.0489185019731748,1.7418918094119455,2.59566444460998,1.1794187723025849,1.9118773946360104
2022-03-29,0.96229218602463,1.0156866266331983,1.1665441187797625,0.8493308072792168,1.254181698917678,0.9815160295713085,1.0356956460072362,1.0418528647946181,1.7340541530299776,2.514608868249913,1.1861912297015091,1.8550446998722812
2022-03-30,0.96229218602463,1.0177837661510238,1.1749883959315561,0.8477246373834832,1.268284683502788,0.9873312442155623,1.0356956460072362,1.0468069090577916,1.7497296719937656,2.641376095424957,1.184224185994387,1.885057471264363
2022-03-31,0.96229218602463,1.0124989336063475,1.1852594705825017,0.8454302173271675,1.2785831099848313,0.9911733533065523,1.0356956460072362,1.057500214053678,1.7256756344356996,2.658812560861622,1.1875855417063648,1.9125159642400973
2022-04-01,0.96229218602463,1.0288566602451583,1.1682819933648816,0.8497131814464313,1.2588389475801491,0.9911733533065523,1.0356956460072362,1.0525461697905045,1.7135135547534786,2.6955701445555884,1.179642926003638,1.8773946360153209
2022-04-04,0.96229218602463,1.0261723242223262,1.1465811901795502,0.8462715221864529,1.265464054556822,0.997092353065232,1.0356956460072362,1.0284253202762432,1.7237837507918021,2.69180016478072,1.1595746398581415,1.916985951468705
2022-04-05,0.96229218602463,1.0032715325278385,1.1226968354385298,0.8240917782026754,1.2613316001404151,0.9916925957797943,1.0356956460072362,1.0127778701673897,1.692162178658145,2.8426013781762487,1.1437890191281033,1.9406130268199182
2022-04-06,0.96229218602463,0.9973995674777745,1.1296705379475052,0.8174378375022392,1.258379812669113,0.9871235155361546,1.0356956460072362,1.0177048866866876,1.7040540334340637,2.8411874953161744,1.1579562928777103,1.9323116219667893
2022-04-07,0.96229218602463,1.002684336022832,1.1442417844842125,0.8262332602623075,1.268481501363152,0.9852543535478724,1.0356956460072362,1.0308887781109954,1.687837858457818,2.9967013519636874,1.1740158132837706,1.9355044699872237
2022-04-08,0.96229218602463,1.0010904895094064,1.1497895331674468,0.8229445389990128,1.2735978849366596,0.9968847036111022,1.0356956460072362,1.036140732655574,1.68270265733873,2.958529660698448,1.1832033843409686,1.9636015325670446
2022-04-11,0.96229218602463,0.9890949129070783,1.137379421537849,0.8152963554426074,1.2753690054628568,0.9790238399953587,1.0356956460072362,1.0225777468684372,1.662162162162157,3.1305373193055095,1.1697581989440125,1.9527458492975682
2022-04-12,0.96229218602463,0.9828034943536016,1.1370675007784707,0.8022179685632754,1.2936044444643735,0.9723779483093069,1.0356956460072362,1.0128320265049373,1.664864823624889,3.1479735600309757,1.1686377866151787,1.9827586206896497
2022-04-13,0.96229218602463,0.9883399094008591,1.1265735345222199,0.8057361259971008,1.2994424401443097,0.9894080556579743,1.0356956460072362,1.008581712080502,1.6721621332941774,3.2973611152776283,1.1635335408971317,2.0012771392081685
2022-04-14,0.96229218602463,0.981461294342376,1.1379364380710304,0.8026768409043368,1.292817333167637,0.9862928384943564,1.0356956460072362,1.012398876654351,1.6486486486486434,3.4401509250292626,1.1677911552368896,2.0185185185185137
2022-04-18,0.96229218602463,0.978273665315144,1.1343716597467184,0.8141491162389448,1.3006887664244424,0.9751817309043689,1.0356956460072362,1.0053061108821253,1.6283783783783732,3.6852027563524983,1.1703806766212477,2.0772669220945033
2022-04-19,0.96229218602463,0.9733243827732736,1.1333912766515062,0.8076481718862021,1.2828468029989342,0.9893041913182701,1.0356956460072362,0.9916619410135622,1.627027047647007,3.381715452029606,1.1582799385287008,2.05363984674329
2022-04-20,0.96229218602463,0.9672007712210094,1.1214268419924778,0.8097132141229971,1.2806166276340605,0.9893041913182701,1.0356956460072362,0.976718422443031,1.5972972560573215,3.2690857051881186,1.1615167512150404,2.083652618135372
2022-04-22,0.96229218602463,0.9399379574892768,1.1150101560166839,0.7934990439770542,1.2666448015742868,0.9787123262015245,1.0356956460072362,0.9741465510833928,1.5432432020032678,3.079170586472631,1.150511611826581,2.0255427841634694
2022-04-25,0.96229218602463,0.9340659284395938,1.1083483742670868,0.7892925196806274,1.2418497547864056,0.9797507319227303,1.0356956460072362,1.0087441810931428,1.5270270270270223,3.1427899221072315,1.193934624053406,2.044061302681988
2022-04-26,0.96229218602463,0.9140172797691507,1.1632467466377918,0.76443592312231,1.2472286155553052,0.981204515777474,1.0356956460072362,1.0314572683805527,1.4918919125118726,3.2280866976251263,1.2141025208743177,2.0517241379310303
2022-04-27,0.96229218602463,0.9256773703682915,1.1847692790348954,0.7598470246586686,1.237061347598598,0.9767392998735385,1.0356956460072362,1.0639974618124703,1.529459463583452,3.424599561835632,1.2443790610049539,2.083014048531286
2022-04-28,0.96229218602463,0.9298716494039426,1.1667892145535652,0.7575526046023529,1.2388979673151035,0.9813083801171781,1.0356956460072362,1.0464279155447531,1.563513472273538,3.24599438244475,1.2358638323254376,2.08429118773946
2022-04-29,0.96229218602463,0.9091519007278867,1.1549362256971893,0.7468451359531835,1.2524106584638408,0.991173353306552,1.0356956460072362,1.0219010447735748,1.5378378790778036,3.413760617182787,1.2294399529277271,2.0900383141762413
2022-05-02,0.96229218602463,0.8995051101455843,1.1670566207359068,0.7316252670142196,1.221252901822319,0.9866043522881902,1.0356956460072362,1.0351390925354305,1.5256756962956564,3.522620159538208,1.2377810113321137,2.0766283524904177
2022-05-03,0.96229218602463,0.9021894461684161,1.1899605923817147,0.7318547031847501,1.2258445712221224,0.9777777848200224,1.0356956460072362,1.0576897108101997,1.5394594347154726,3.7483506478929436,1.2660159481559128,2.0453384418901623
2022-05-04,0.96229218602463,0.9145205727735507,1.1621550239799676,0.7449330900640821,1.2246638242046577,0.9804776238501023,1.0356956460072362,1.0310782748675145,1.55945948007944,3.9655985132208253,1.2344943339453278,2.0395913154533805
2022-05-05,0.96229218602463,0.8892710590586564,1.1632689508062897,0.7181644476166634,1.229255493604461,0.986500487948486,1.0356956460072362,1.0305909686793804,1.5554053847854155,4.139019829976764,1.224709217561117,2.053001277139204
2022-05-06,0.96229218602463,0.8895227055608563,1.1802464280239098,0.7213766707061113,1.2339783215296005,0.9813083801171781,1.0356956460072362,1.0443704789669177,1.5327026779587158,3.7902923189330515,1.2518984203812746,2.023627075351209
2022-05-09,0.96229218602463,0.8745071789332708,1.1932803811722643,0.7213001725322646,1.2181698757533213,0.9886811637306018,1.0356956460072362,1.0521942040213446,1.4886486981366087,3.311027376228228,1.264945281802048,2.003831417624517
2022-05-10,0.96229218602463,0.8726616859176453,1.2141568678821133,0.719005752475949,1.2068875201141775,0.98566973168141,1.0356956460072362,1.0710630989910268,1.450000041239966,3.480207493826339,1.2849886355973217,2.0089399744572116
2022-05-11,0.96229218602463,0.8819729904967605,1.203440116260598,0.7262715035141301,1.2152180882820194,0.9844236765060739,1.0356956460072362,1.0658112452962385,1.4810810604610913,3.600376975506365,1.2776186328713848,2.049169859514683
2022-05-12,0.96229218602463,0.8950591206081142,1.2024820435739245,0.7441682833786436,1.1963266965091022,0.9766355147591121,1.0356956460072362,1.0705487650590144,1.4675675469475777,3.6470310650872593,1.278353662301056,2.077905491698591
2022-05-13,0.96229218602463,0.9021894461684161,1.1865962890141286,0.747227510120398,1.1855690550436626,0.9865004879484859,1.0356956460072362,1.080700607529222,1.5108108520507764,3.6112159201592102,1.2781414998732055,2.029374201787991
2022-05-16,0.96229218602463,0.9162822262881889,1.173295035923473,0.7547992538539661,1.1895703509347333,0.9909657038524217,1.0356956460072362,1.0580958329169075,1.5202702702702655,3.7492930866588603,1.2594427121078184,2.0676883780332016
2022-05-17,0.96229218602463,0.9182115588048018,1.1760131873637638,0.767495208215074,1.1926532969313717,0.9968847036111016,1.0356956460072362,1.0626168281792852,1.5421621992781307,3.9132893416220282,1.2597912901090325,2.045338441890162
2022-05-18,0.96229218602463,0.8964013206193394,1.1599046474387036,0.7495984867015704,1.1911446536005665,0.9968847036111016,1.0356956460072362,1.0325672211757917,1.492162137418175,3.943449629243373,1.2295146312529193,1.996168582375475
2022-05-19,0.96229218602463,0.9061320147022481,1.1585678290070764,0.7540343888175179,1.2077402106735824,0.9968847036111016,1.0356956460072362,1.0512195916450762,1.520810823182797,3.915174219153863,1.2368348880038873,2.000638569604083
2022-05-20,0.96229218602463,0.9159466762853823,1.1616871428409004,0.7671128340478596,1.2081338463943103,1.0036344596368574,1.0356956460072362,1.0439373291163314,1.5567567155167812,3.8091424425185916,1.227497841570828,1.9891443167305198
2022-05-23,0.96229218602463,0.9329754389301872,1.1474055066550326,0.7782026768642435,1.212069563022713,0.9949116772831158,1.0356956460072362,1.0327838465259802,1.5835135176375055,4.120641150485379,1.2150983901775132,2.008301404853125
2022-05-24,0.96229218602463,0.9333948284339808,1.1452220613393844,0.782103266816293,1.223417497924525,0.987642758009396,1.0356956460072362,1.0192479893325097,1.5837837425438082,4.145145906666425,1.1984910704194092,1.9712643678160882
2022-05-25,0.96229218602463,0.936330874958632,1.1517501931178311,0.7747610176042649,1.2110199745305845,0.9854620822272802,1.0356956460072362,1.0287501574517333,1.5845946234625687,4.227615365886567,1.1995617367732738,1.9725415070242618
2022-05-26,0.96229218602463,0.9447194330299343,1.1478510773855615,0.784703621216986,1.211807165899681,0.993354108313946,1.0356956460072362,1.0267197486177766,1.5994594677074483,4.197926522359379,1.2008066921277454,1.9540229885057432
2022-05-27,0.96229218602463,0.945138822533728,1.139763448050264,0.7904397588842901,1.2143653977226145,0.9977154598781776,1.0356956460072362,1.0160805999594351,1.6140540870460252,4.112629746841484,1.187212031354928,1.9853128991059985
2022-05-31,0.96229218602463,0.9401896039914766,1.1402090187807927,0.7915869980879529,1.2087241398306827,0.9980269736720118,1.0356956460072362,1.0067409008528552,1.6135135341334934,3.8383602913740194,1.1832780626661605,1.9246487867177484
2022-06-01,0.96229218602463,0.9426222935121088,1.1310741813647078,0.7811089656093139,1.2091177755514109,1.0020768114424097,1.0356956460072362,0.9950188271431557,1.6456756591796822,4.098020822413771,1.177800425322154,1.8678160919540192
2022-06-02,0.96229218602463,0.9523529875950175,1.142392464096441,0.7854684279024248,1.2243358478189574,0.9983384874658459,1.0356956460072362,1.001597258983369,1.6775675593195682,3.9985861171399226,1.1989890050710068,1.8652618135376717
2022-06-03,0.96229218602463,0.9414479005020959,1.1458682132666795,0.7739961525678167,1.2104952603568797,1.0010384057212038,1.0356956460072362,0.9993231970553453,1.655675630311703,4.016493801959546,1.1940591670790444,1.8569604086845428
2022-06-06,0.96229218602463,0.9332270854323872,1.139941612598451,0.7659655948441969,1.206428305130781,1.0010384057212038,1.0356956460072362,0.9879260613709272,1.6505405322925413,4.393025278998613,1.1889051753860282,1.8965517241379273
2022-06-07,0.96229218602463,0.9293683563995424,1.1413453622556942,0.7571701720841288,1.2118727451623488,0.9948078921686899,1.0356956460072362,0.9814559422058068,1.6610810563370937,4.379359242759212,1.193685656727607,1.9335887611749643
2022-06-08,0.96229218602463,0.9149400262769634,1.1600160932413563,0.7472275101203981,1.2147589533709826,0.9908618395127182,1.0356956460072362,0.9918785663637504,1.6059458964579765,4.099434705273846,1.2119427857176142,1.9527458492975698
2022-06-09,0.96229218602463,0.9062998217034609,1.1691732410659799,0.7456978967495208,1.2127255157941133,0.9908618395127182,1.0356956460072362,0.9863829587251045,1.5627026944547038,4.223845610822898,1.219555225868101,1.9744572158365226
2022-06-10,0.96229218602463,0.8925425915864945,1.1598155120445899,0.7296367229512716,1.2276156116759598,0.99387327156191,1.0356956460072362,0.9875200401140104,1.5600000329919714,4.170594000458184,1.2208499271975415,1.9750957854406095
2022-06-13,0.96229218602463,0.866286363863562,1.168148343393731,0.7131931166347981,1.1990816661200399,0.9948078921686898,1.0356956460072362,1.0014619185643976,1.509729746225713,4.057021814850779,1.2409431456932611,1.96487867177522
2022-06-14,0.96229218602463,0.865028131352562,1.1859501370868333,0.7112810707456968,1.1869465398491315,0.9850467040937422,1.0356956460072362,1.0314031120430076,1.4678378749538066,3.3878417534304672,1.2731617971807965,1.9623243933588725
2022-06-15,0.96229218602463,0.8714033894070258,1.1889803155265433,0.7219885393948662,1.190751097952198,0.989511919997678,1.0356956460072362,1.0232275220692089,1.470270311510236,3.4967012957858876,1.273834020833001,1.9770114942528698
2022-06-17,0.96229218602463,0.8461538756921317,1.1866185994226672,0.7115870050900741,1.2040668911682115,0.9974039460843436,1.0356956460072362,1.032838002863528,1.4037837466678058,3.272384465580029,1.2579238570773248,2.003831417624517
2022-06-21,0.96229218602463,0.841624046653674,1.2153154155255126,0.71946462481701,1.203410938396811,0.9968847036111016,1.0356956460072362,1.0395788028665938,1.3962162120922148,3.208294135273668,1.2915369392951928,1.943167305236267
2022-06-22,0.96229218602463,0.8401141036408549,1.2018358916466292,0.7196175628136937,1.203214200608807,0.9968847036111016,1.0356956460072362,1.0175153899301677,1.3640540870460263,3.2318566773999953,1.2755022325138783,1.9616858237547856
2022-06-23,0.96229218602463,0.8280345595383015,1.221843547303959,0.7093690248565953,1.197572942716875,0.9916925957797937,1.0356956460072362,1.0338396429836714,1.3316216339936087,2.9401507564958655,1.293130472650878,1.9074074074074039
2022-06-24,0.96229218602463,0.8359198246052039,1.227012444002199,0.70585086742277,1.1980977369629395,0.9906541900585878,1.0356956460072362,1.0516257137517835,1.3754053889094129,2.931196914086054,1.3041853580143061,1.9163473818646197
2022-06-27,0.96229218602463,0.8509353512327892,1.23218144694048,0.7131166184609511,1.1944244174575689,0.986188974154652,1.0356956460072362,1.0501096388498394,1.4097297256057282,3.0636192232790003,1.3050318706671178,1.9010217113665353
2022-06-28,0.96229218602463,0.8505998012299829,1.2339861465111746,0.7040153197075154,1.1921941620203353,0.9828660283116262,1.0356956460072362,1.0471047184894053,1.4202702496502806,3.0871819901165263,1.3038866447135384,1.939974457215833
2022-06-29,0.96229218602463,0.8441405756752933,1.2343203776790914,0.6952963951212943,1.1897015094600696,0.9828660283116262,1.0356956460072362,1.0479710181905777,1.4010810852050737,3.062205565130124,1.3113063934144442,1.9674329501915675
2022-06-30,0.96229218602463,0.8318932885711464,1.2053116408168678,0.6889483887652353,1.1834043788690969,0.9813083801171781,1.0356956460072362,1.0270987421308146,1.3745946110905785,2.5560790951958645,1.2899683382897305,1.899744572158362
2022-07-01,0.96229218602463,0.8371781211158228,1.225742556796188,0.6940726577437847,1.1799934564867585,0.9812045157774739,1.0356956460072362,1.0470505621518578,1.3735135052655152,2.7002827878075735,1.3076711380264447,1.9272030651340963
2022-07-05,0.96229218602463,0.8308027990617397,1.2379520872290193,0.6907074383066434,1.1556576246822734,0.9793353537891922,1.0356956460072362,1.0615880594654719,1.3335135176375064,2.602733184776759,1.3266687578180767,1.87994891443167
2022-07-06,0.96229218602463,0.8340743315895781,1.2301762724130594,0.6873422772205116,1.138012479117129,0.9780892986138561,1.0356956460072362,1.0756112228470736,1.34702703115102,2.5966071080870967,1.3408360315676837,1.9010217113665357
2022-07-07,0.96229218602463,0.8516063872387828,1.231334820056459,0.6971319428365489,1.1399803374313304,0.9678088680656666,1.0356956460072362,1.0805382393663712,1.375405388909413,2.96748350310826,1.3514925929549293,1.908045977011491
2022-07-08,0.96229218602463,0.846992718699338,1.2087204587614906,0.6986615562074261,1.1417513778851676,0.9658359209629588,1.0356956460072362,1.0632665025302688,1.350540573532513,2.8435438169421667,1.3291337361767968,1.9878671775223467
2022-07-11,0.96229218602463,0.829376759549527,1.19160933157272,0.6807648346939222,1.1347982945227946,0.955347840960639,1.0356956460072362,1.043693676022264,1.3194594512114615,3.02827529773391,1.3081691914035196,1.9955300127713889
2022-07-12,0.96229218602463,0.8331515850817655,1.2030835746841424,0.6790822249753515,1.1304034429833554,0.9515056526443708,1.0356956460072362,1.0593952824686625,1.3232432184992569,2.9043356115678165,1.3388441742358157,1.871647509578541
2022-07-13,0.96229218602463,0.8266085200260888,1.214401963655916,0.6713575432450993,1.1375532641337325,0.9642782727685105,1.0356956460072362,1.0765315780360027,1.3081081493480744,3.152214983900003,1.3536089933124356,1.8901660280970594
2022-07-14,0.96229218602463,0.8143612329219415,1.2047991388607229,0.6653919694072647,1.1180714988520828,0.9635513808411386,1.0356956460072362,1.0603157385073823,1.2591891933131822,3.1102733128598947,1.3422552759227624,1.7752234993614273
2022-07-15,0.96229218602463,0.8177166689503864,1.2104583333466101,0.6730401529636701,1.1166940140466137,0.9726894621031402,1.0356956460072362,1.0564173898521096,1.2724324819203932,3.3063147329762437,1.350197891625489,1.543422733077903
2022-07-18,0.96229218602463,0.8204010049732183,1.2150703197517092,0.6764818122236487,1.121154444848721,0.9694703805998183,1.0356956460072362,1.0583665137548492,1.2783783577583891,3.524505261781242,1.3470357572643414,1.5638569604086818
2022-07-19,0.96229218602463,0.8317255455695528,1.2285275332220538,0.6959847036328862,1.1216792390947852,0.9510902745108327,1.0356956460072362,1.0645388234883577,1.3005405116725572,3.4231856789755586,1.3536836716376275,1.5242656449552974
2022-07-20,0.96229218602463,0.8325643885767592,1.2331395196271533,0.6956022711146621,1.1147917349950804,0.9532710295182267,1.0356956460072362,1.0601802972386203,1.2999999587600253,3.773327072879346,1.347782659241738,1.5127713920817343
2022-07-21,0.96229218602463,0.8363392141089978,1.2405587928666575,0.7063097397638315,1.1234502795486228,0.9512980031902409,1.0356956460072362,1.0700885874645516,1.305405384785416,3.7379831473342557,1.3619997976917912,1.4706257982120026
2022-07-22,0.96229218602463,0.8359198246052041,1.251431504867862,0.6983556218630489,1.1328960154712613,0.9679127324053702,1.0356956460072362,1.0856005963046402,1.3081081493480742,3.9109330199960377,1.3688717470406533,1.4412515964240078
2022-07-25,0.96229218602463,0.8472443652015385,1.240781578231922,0.7047801263929543,1.1275828140373894,0.9591900292769068,1.0356956460072362,1.091258572106136,1.309189152073211,4.112629746841487,1.3685978473646314,1.481481481481479
2022-07-26,0.96229218602463,0.8448116756809064,1.2194150062145077,0.7005736020965274,1.1267300434056249,0.9577362454221626,1.0356956460072362,1.0628063249358037,1.2986486280286589,4.237983091156457,1.3336403178423542,1.5249042145593843
2022-07-27,0.96229218602463,0.8598272023084919,1.206915759190796,0.7070745464492701,1.1276483933000576,0.9577362454221626,1.0356956460072362,1.057446057716132,1.3227026655867244,4.093779623255946,1.332096649187115,1.5332056194125132
2022-07-28,0.96229218602463,0.8670413673697814,1.1914756816015695,0.717399640931225,1.1481141678111677,0.9656281922835501,1.0356956460072362,1.0422047297139863,1.3337837425438086,3.8331762040278807,1.3054303133687781,1.570881226053637
2022-07-29,0.96229218602463,0.8719905859120327,1.176325108123142,0.7132696148086451,1.1563791567163415,0.9719625701757681,1.0356956460072362,1.0437478323598117,1.3472972560573222,3.87794541607694,1.2904165269663594,1.574074074074071
2022-08-01,0.96229218602463,0.8636859313413366,1.1769489496418988,0.708604218171157,1.1603804526074124,0.9615783545131525,1.0356956460072362,1.04883731789175,1.3100000329919719,3.903393060446301,1.2875531059059795,1.550446998722858
2022-08-02,0.96229218602463,0.8731649789220454,1.1846356290637448,0.7150286643500527,1.1617579374128815,0.9569054891550868,1.0356956460072362,1.0665692323223144,1.3270269857870518,3.63147970189363,1.2907401726173504,1.5102171136653868
2022-08-03,0.96229218602463,0.8778626149617158,1.1935923019316428,0.7249713263137838,1.1531649721220074,0.9627206245740626,1.0356956460072362,1.070873602234507,1.303513501141518,3.8953816568024067,1.3140700850739326,1.5108556832694737
2022-08-04,0.96229218602463,0.8960657706165333,1.1948621891376539,0.7484512474979078,1.1731715316497213,0.979439218128896,1.0356956460072362,1.0671106948479963,1.3216216628615876,3.8275211220099785,1.3153150404284042,1.538314176245208
2022-08-05,0.96229218602463,0.8992533996437655,1.1891139654976937,0.7564053653986905,1.1629386844303462,0.9863966236087817,1.0356956460072362,1.0635371833682141,1.34459459459459,3.800188600108782,1.2974876976660517,1.5587484035759869
2022-08-08,0.96229218602463,0.9161144192869766,1.1831874710695056,0.7726194771936236,1.1720564439672845,0.9957424335501914,1.0356956460072362,1.035247304360732,1.3581081081081037,3.57634321399708,1.2859098265753255,1.554278416347379
2022-08-09,0.96229218602463,0.9190504018120087,1.160617624351574,0.7759081984569184,1.176779271892424,0.9909657038524216,1.0356956460072362,1.025745136241511,1.37972970910974,3.6913290577533617,1.272340098152731,1.5721583652618107
2022-08-10,0.96229218602463,0.932052692422375,1.1648285546031811,0.7896749521988519,1.1778287803121927,0.9968847036111015,1.0356956460072362,1.0263407551047379,1.3837838044037645,3.8652213691810604,1.275726386214932,1.5868454661558082
2022-08-11,0.96229218602463,0.9270195703795174,1.1684602641531092,0.7954110898661559,1.1739586429464581,0.9883696499367678,1.0356956460072362,1.038279353314835,1.398648648648644,4.181903715071592,1.26825677281358,1.6072796934865872
2022-08-12,0.96229218602463,0.9536112841056372,1.1855937017504183,0.8145315487571693,1.179796638626394,0.9977154598781773,1.0356956460072362,1.049730645336798,1.427027006407037,4.131950865098788,1.2840175799188724,1.6340996168582347
2022-08-15,0.96229218602463,0.9575539166390884,1.1586124498241537,0.8186615748797494,1.1685142829872501,1.0139148109597689,1.0356956460072362,1.0304286005165295,1.3970269899110488,4.113100741513247,1.263575902147416,1.6008939974457188
2022-08-16,0.96229218602463,0.9625870386819461,1.1531092157179559,0.8198852539062493,1.1631354222183505,1.0123571627653207,1.0356956460072362,1.0360594477243563,1.401351310111376,4.396324488812919,1.2687298938404319,1.5606641123882476
2022-08-17,0.96229218602463,0.9628386851841461,1.1650736503769843,0.8202676864244735,1.1546736955251724,0.9973000817446395,1.0356956460072362,1.0365197261686117,1.411351384343323,4.356267920015845,1.2802177710194005,1.5708812260536373
2022-08-18,0.96229218602463,0.9613287421713268,1.170576884483182,0.8137667420717309,1.15139393166817,1.0011422700609074,1.0356956460072362,1.035869950967837,1.4027027439426685,4.329877387458169,1.2860094372507405,1.5830140485312876
2022-08-19,0.96229218602463,0.9456421795377477,1.161130126307719,0.8049713193116629,1.1463430472849707,1.0011422700609074,1.0356956460072362,1.0299954506659434,1.3702702908902509,4.39962324920483,1.286507371902338,1.5989782886334587
2022-08-22,0.96229218602463,0.9341498319402006,1.15261902417035,0.793881476495279,1.1374221056083964,1.0011422700609074,1.0356956460072362,1.0211971132352518,1.3513513513513467,4.561734401924963,1.286855949903552,1.6181353767560642
2022-08-23,0.96229218602463,0.9557923271240693,1.141100266481891,0.8003824208480217,1.1458183331112661,1.0071650549340128,1.0356956460072362,1.0147269940701311,1.4135134928935233,4.3322337090841625,1.2837934262178192,1.6858237547892696
2022-08-24,0.96229218602463,0.9578894666418949,1.13276743513275,0.8003824208480217,1.1464742858826666,1.0114226213838189,1.0356956460072362,1.0099894743073528,1.3875675716915596,4.396795483484681,1.2706968188220769,1.700510855683267
2022-08-25,0.96229218602463,0.9627547816835398,1.1342825243526047,0.8126195028680682,1.1529681542616435,1.0015575689691674,1.0356956460072362,1.009150202350059,1.3918918918918868,4.4180019286962136,1.272340098152731,1.6794380587484012
2022-08-26,0.96229218602463,0.9491653585677862,1.1343716597467186,0.8034417059407856,1.1387995904138655,0.9879542718032297,1.0356956460072362,1.0120469108851904,1.3513513513513464,4.380772676196893,1.2719915201515173,1.7081736909323093
2022-08-29,0.96229218602463,0.9492492620683927,1.1232315415631726,0.8068833652007642,1.1391275667995655,0.9911733533065517,1.0356956460072362,0.9922034035392401,1.3372972849253013,4.407634203426327,1.2604884461114603,1.7464878671775201
2022-08-30,0.96229218602463,0.9334787319345881,1.1206470400940323,0.8038240801080001,1.1303377836483273,0.9929387301804077,1.0356956460072362,0.9819702761378185,1.3175675675675629,4.2610744138998236,1.251699317755922,1.7362707535121307
2022-08-31,0.96229218602463,0.9289489028961303,1.143372847191653,0.7831740078461096,1.1235159388836504,0.9959501622295994,1.0356956460072362,0.9996751628245071,1.2972972972972927,4.301130982696898,1.275278197538303,1.7209450830140465
2022-09-01,0.96229218602463,0.9331431819317815,1.1583450436418121,0.7954110898661562,1.1128894559435472,0.9959501622295994,1.0356956460072362,1.0061452819896277,1.2972972972972927,4.364750318331498,1.2901675596405606,1.681353767560662
2022-09-02,0.96229218602463,0.9379246574724392,1.1615980074467864,0.8022944667371229,1.121548080569449,1.0097611088496667,1.0356956460072362,1.0126154011547481,1.2975675222035956,4.140433712836837,1.3047829033413194,1.7088122605363965
2022-09-06,0.96229218602463,0.9279423168873304,1.1418354475632595,0.793881476495279,1.1153821085038127,1.0007268919273695,1.0356956460072362,0.9937735339289443,1.308108149348074,3.8383602913740194,1.2832457455912527,1.7388250319284781
2022-09-08,0.96229218602463,0.9296200029017431,1.1680815184081557,0.7973996339291044,1.1203673335519841,1.0045690010183588,1.0356956460072362,0.9851106377670145,1.2978378502098245,3.7299717436903594,1.3063515043467817,1.722860791826307
2022-09-09,0.96229218602463,0.9523529875950181,1.162021267768777,0.8084129785716415,1.125746114248524,1.0123571627653205,1.0356956460072362,0.9810498200990985,1.3478378089698537,3.7681432102444012,1.2980354970180954,1.784163473818644
2022-09-12,0.96229218602463,0.9607415456663204,1.1507252954455822,0.8199617520800963,1.1335519682426616,1.006230513552511,1.0356956460072362,0.9767184224430301,1.3621622034021277,3.8873702531585104,1.2813533802093222,1.8192848020434205
2022-09-13,0.96229218602463,0.9370858144652325,1.1485863647069707,0.8019885323927457,1.1183994752377828,0.9865004879484857,1.0356956460072362,0.966701920391794,1.3216216628615873,3.903864504540456,1.267833516487174,1.8109833971902916
2022-09-14,0.96229218602463,0.9344853819430069,1.1534211364773346,0.8052772536560404,1.112823876680879,0.9937694072222055,1.0356956460072362,0.972901257869181,1.2891892098091697,4.295004906007235,1.2921842305971747,1.8109833971902916
2022-09-15,0.96229218602463,0.9323882424251814,1.1476729128373744,0.7973231357552577,1.0924237615047965,0.9932502439742414,1.0356956460072362,0.9782615250888528,1.2999999587600246,3.922714628125997,1.2854368242739507,1.730523627075349
2022-09-16,0.96229218602463,0.9267679238773173,1.1668560395391407,0.7894455160283218,1.0965562159212034,0.9992731080726253,1.0356956460072362,0.990497831880774,1.2959459665659265,3.6588124485060223,1.3062021476963979,1.729885057471262
2022-09-19,0.96229218602463,0.9484103550615671,1.1694851618253586,0.8191204472208111,1.0929484756785008,1.000519163247961,1.0356956460072362,0.9957497864253531,1.3351351763751007,3.65315736648812,1.3073474923754544,1.7324393358876096
2022-09-20,0.96229218602463,0.9544501271128438,1.1546911299233868,0.8413001912045887,1.088684782664398,1.0106957294564467,1.0356956460072362,0.9773410690501354,1.310810810810806,3.6366635645285705,1.2874784275807878,1.767560664112386
2022-09-21,0.96229218602463,0.9461454725421478,1.1415903517894572,0.8317399617590819,1.0918989672587323,1.0071650549340128,1.0356956460072362,0.969192506820218,1.3027027233226833,3.6658811886728,1.280158289555297,1.7509578544061282
2022-09-22,0.96229218602463,0.966949060719191,1.1320990790369574,0.8428298045754659,1.0959659224848308,1.013707161505639,1.0356956460072362,0.9695715003332566,1.3324324118124427,3.3407164444666138,1.287354003280627,1.7579821200510835
2022-09-23,0.96229218602463,0.9443838830271285,1.1209589608534114,0.8239388402059927,1.079239126814119,1.0166147292151266,1.0356956460072362,0.9725222643561425,1.2945946358345606,3.2177191970664385,1.2736846641826176,1.7286079182630887
2022-09-26,0.96229218602463,0.9257612738688984,1.106209549768517,0.8084129785716417,1.064808165843309,1.007268919273717,1.0356956460072362,0.992609424796157,1.270270270270266,3.2530631226115294,1.3093642820575457,1.7017879948914412
2022-09-27,0.96229218602463,0.9162822262881896,1.147516952457686,0.7986998111294511,1.0670383412081828,1.0041536228848211,1.0356956460072362,1.0081756908235842,1.2797296884897549,3.134307299080379,1.3418817655713262,1.7049808429118756
2022-09-28,0.96229218602463,0.9167855192925897,1.1491878958171895,0.8022944667371232,1.0891439976477941,1.0080996755407927,1.0356956460072362,1.0061452819896275,1.2775675799395545,3.2365693206519794,1.3390682092113926,1.7126436781609176
2022-09-29,0.96229218602463,0.9128428867591385,1.1620880927543529,0.8007647950152363,1.0878976713676614,1.000311513793831,1.0356956460072362,1.0076342282979052,1.2808107943148184,3.2393968616609308,1.3380971535329427,1.7100893997445703
2022-09-30,0.96229218602463,0.9333948284339816,1.1815387318785016,0.8114722636644057,1.0904559031905952,1.0129802695782666,1.0356956460072362,1.0113972365342065,1.3213513348553587,3.1885013482110107,1.3435749096024265,1.7305236270753495
2022-10-03,0.96229218602463,0.985236119874615,1.1817392068352275,0.8601912139250714,1.1104624627183093,1.0187954049972423,1.0356956460072362,1.0118574141286711,1.3545945657266105,3.049010298851286,1.3480814912679835,1.7388250319284786
2022-10-04,0.96229218602463,0.9826356873523893,1.1306508148026782,0.8576672993472152,1.1289602988428582,1.021287594573192,1.0356956460072362,0.967297438405233,1.3756757169156413,3.2219603962242656,1.2856359268993036,1.7445721583652603
2022-10-05,0.96229218602463,0.9935408384449299,1.1504801996717804,0.8667686564516605,1.1225975889892177,1.0121495133111904,1.0356956460072362,0.9731990673007933,1.3897296802417602,3.2657869447962087,1.2886984505850363,1.7471264367816075
2022-10-06,0.96229218602463,0.9968962104737557,1.146380608982785,0.8629445646734578,1.1227943267772218,1.02284524276764,1.0356956460072362,0.9734698489885295,1.3845945822225985,3.285579731858866,1.2935287966270612,1.7254150702426547
2022-10-07,0.96229218602463,0.9878366163964597,1.1379141276624933,0.8563671221468685,1.1154476877664807,1.0113187570441144,1.0356956460072362,0.9741736796770613,1.3783783783783734,3.1800189498953553,1.2997285223237187,1.7452107279693472
2022-10-10,0.96229218602463,0.9834745303595955,1.134282524352606,0.8489483747609937,1.0936700877849295,1.0158878372877542,1.0356956460072362,0.9677035605119407,1.393243222623253,3.0325164968917364,1.294325563304904,1.783524904214558
2022-10-11,0.96229218602463,0.9719822467616678,1.1215828023721683,0.840382388171456,1.1011478853210068,1.0073727836134208,1.0356956460072362,0.963967680869306,1.3891892304291547,3.1083884353280586,1.2914373286197782,1.7701149425287341
2022-10-13,0.96229218602463,0.9665296712153973,1.1441303386815613,0.832198834100143,1.0954411282387668,1.0029075677094845,1.0356956460072362,0.976258143998775,1.3954054342733797,3.1767201895034454,1.3175061191111024,1.7822477650063842
2022-10-14,0.96229218602463,0.9472359620515545,1.144308609469789,0.8267686307772162,1.07687763277919,1.0150570810206783,1.0356956460072362,0.9667019203917943,1.3783783783783734,3.040999119918589,1.3096132493833448,1.7618135376756052
2022-10-17,0.96229218602463,0.9621675851785335,1.153265176097646,0.8399235158303949,1.086913742210561,1.0150570810206783,1.0356956460072362,0.9710333180478652,1.3956756591796826,2.8270500149826168,1.3264447228425018,1.745849297573434
2022-10-18,0.96229218602463,0.9794480583251574,1.1574315917722167,0.8532313388802576,1.0816661200393574,1.018691540657538,1.0356956460072362,0.9590135357563416,1.4135134928935236,2.707351527974351,1.3139851963576974,1.7394636015325657
2022-10-19,0.96229218602463,0.9833906908586083,1.1508366350081949,0.8558317516319605,1.0675631354542476,1.017653134936332,1.0356956460072362,0.9505942926884788,1.395135106267151,2.5739867800154874,1.3046335466909358,1.7324393358876105
2022-10-20,0.96229218602463,0.9906886954208851,1.1458459028581418,0.8674569649632523,1.069727811628813,1.017653134936332,1.0356956460072362,0.9522456071596065,1.4189189189189142,2.5249763688086007,1.3119536847164268,1.7471264367816077
2022-10-21,0.96229218602463,1.0160221766360051,1.1359312635436112,0.8887189059138977,1.0829780255821584,1.0083073249949224,1.0356956460072362,0.940361165287057,1.4351350938951597,2.3369463523361462,1.2988570773206844,1.7477650063856947
2022-10-24,0.96229218602463,0.981545197842983,1.1279549737709256,0.8489483747609936,1.0814693021789934,1.018795404997242,1.0356956460072362,0.9339180738658125,1.4243243449443048,2.450047093849394,1.285611113274558,1.7407407407407394
2022-10-25,0.96229218602463,0.9715627932582549,1.1682597891963844,0.8421414960638737,1.084158772599623,1.0068535411401784,1.0356956460072362,0.9649963487333281,1.417567588187548,2.645146075199825,1.3211661881238481,1.7528735632183896
2022-10-26,0.96229218602463,0.956966720134082,1.1791547053660867,0.8127724408647521,1.0915054116103642,1.0053997572854345,1.0356956460072362,0.9723869239371686,1.4348648689888572,2.641847314807915,1.3234070127815152,1.7496807151979552
2022-10-27,0.96229218602463,0.9702206572466485,1.2099904522075438,0.8344168143336216,1.0893407354357987,1.0067496768004747,1.0356956460072362,0.9975365421652456,1.431891879519896,2.4439207924485333,1.3405123859166943,1.742656449553
2022-10-28,0.96229218602463,0.9728210897688743,1.1855045663563055,0.8426003684049351,1.075500147973721,1.0168223786692563,1.0356956460072362,0.9879531899645956,1.4094595006994253,2.6786051232130808,1.329382703502597,1.7388250319284788
2022-10-31,0.96229218602463,0.9844811803680151,1.1749883959315568,0.8661567877629058,1.0730731547484833,1.0152647304748081,1.0356956460072362,0.9712499433980534,1.4013513101113761,2.9948162497206536,1.3167590984082291,1.766283524904213
2022-11-01,0.96229218602463,0.9894303989102665,1.1402090187807936,0.8711281187447713,1.0790423089537555,1.028660378186616,1.0356956460072362,0.9425810708775327,1.4237837920317733,2.6927428282578356,1.2894454712879106,1.782247765006384
2022-11-03,0.96229218602463,0.9917792489299111,1.1241004788557332,0.8715104929119857,1.0674319769289113,1.018691540657538,1.0356956460072362,0.9415523021637197,1.4208108025628121,2.815739850946813,1.2804321892313193,1.7349936143039575
2022-11-04,0.96229218602463,1.0018454930156262,1.110576440399813,0.8760994497266366,1.0970810101672683,1.017030107348664,1.0356956460072362,0.933322555852376,1.4770270682669926,3.016022694932187,1.2735353075322342,1.7394636015325653
2022-11-07,0.96229218602463,0.9780219548133255,1.1215382877951312,0.8558317516319606,1.0997048212528702,1.0063343778922145,1.0356956460072362,0.933295427258707,1.4635135547534792,3.272384465580028,1.264380623432235,1.7260536398467416
2022-11-08,0.96229218602463,0.9853200233752214,1.150212793489438,0.8551433847693591,1.1230567239002545,1.015057081020678,1.0356956460072362,0.9513793074584339,1.4989188941749316,2.8925542281490526,1.2831030375675954,1.7049808429118758
2022-11-09,0.96229218602463,0.9637614316919592,1.154334694586972,0.8130019353862925,1.1217448183574537,1.0072689192737163,1.0356956460072362,0.9582555487302646,1.4972973385372628,2.7639018987309747,1.280531799906734,1.6973180076628338
2022-11-10,0.96229218602463,0.9307104924111499,1.1568300606619986,0.7690248799369618,1.1481141678111682,1.0031152171636144,1.0356956460072362,0.9599339917950617,1.492162137418175,2.9401507564958647,1.2910390046435958,1.6685823754789257
2022-11-11,0.96229218602463,0.9521013410928184,1.2131764847869018,0.751739968761203,1.1584125942932113,0.9890965418641389,1.0356956460072362,1.0208722760597608,1.6078378832018,2.770499644225993,1.3299752623595646,1.6807151979565758
2022-11-14,0.96229218602463,0.9599027026591144,1.2276140813524585,0.7583174112877923,1.1633978193413828,0.9967808392713965,1.0356956460072362,1.0379003598017962,1.6105405446645324,2.795947288595354,1.3144084526841031,1.6787994891443152
2022-11-16,0.96229218602463,0.9349886749474073,1.2299757974563346,0.7445506575458587,1.1630042636930145,0.991381081985959,1.0356956460072362,1.039145653016007,1.5897297214817305,2.921771852293282,1.3275152704708895,1.6992337164750944
2022-11-17,0.96229218602463,0.9276906063855115,1.2495822907201317,0.7380497131931161,1.1550016719108727,0.987019730421727,1.0356956460072362,1.048539508460135,1.5689188982989286,3.0014137705044726,1.3442720656048546,1.704980842911876
2022-11-18,0.96229218602463,0.923412487848873,1.2513646798822875,0.7426386116567574,1.1491636762309367,0.987019730421727,1.0356956460072362,1.0456969562625538,1.5499999587600244,2.9703110441172096,1.350023602624883,1.7056194125159627
2022-11-21,0.96229218602463,0.9311299459145628,1.2374172748643366,0.7479923751568469,1.1396523610456302,0.9877466223490993,1.0356956460072362,1.0380898565583154,1.5327026779587156,3.193213991462994,1.3398649758892354,1.6845466155810969
2022-11-22,0.96229218602463,0.9238318773526668,1.2135107159548184,0.7372849065076775,1.1402427345543624,0.9813083801171772,1.0356956460072362,1.0132651763555225,1.5459459665659263,3.194627649611871,1.3242536441598038,1.6775223499361416
2022-11-23,0.96229218602463,0.9239996843538796,1.230265407807174,0.7414913724530947,1.1445720068311334,0.9719625701757676,1.0356956460072362,1.0275048642375217,1.5567567155167812,3.443920904804132,1.3339888958435688,1.6941251596423994
2022-11-25,0.96229218602463,0.921902544836054,1.2331395196271542,0.7418738049713187,1.150082026125369,0.9741432459578837,1.0356956460072362,1.0392539656911,1.5516216174976196,3.3100849374623094,1.324602222161018,1.7062579821200494
2022-11-28,0.96229218602463,0.9233285843482669,1.252322752568961,0.7383556475374935,1.141423401499467,0.9757008941523316,1.0356956460072362,1.0524378571154105,1.541621646365599,3.163053703841649,1.34663743328816,1.70817369093231
2022-11-29,0.96229218602463,0.9416156435036908,1.2357463315048334,0.7481453131535307,1.146867841531035,0.9829698926513295,1.0356956460072362,1.046779881313912,1.5835135176375055,3.409519418024959,1.3357317858496385,1.7005108556832678
2022-11-30,0.96229218602463,0.9542823841112508,1.2111936206680198,0.7476099426386227,1.145293538865202,0.9895119199976772,1.0356956460072362,1.027910885494439,1.5878378378378326,3.2657869447962087,1.3117047173906287,1.690932311621965
2022-12-01,0.96229218602463,0.9417833865052844,1.2033286704579462,0.7502867952131627,1.1814365205548953,1.0003115137938305,1.0356956460072362,1.0207098070471174,1.577837866705812,3.1753063066433707,1.290139896604362,1.6602809706257966
2022-12-02,0.96229218602463,0.9476554155549676,1.215493686313741,0.7607648276918014,1.178025598172557,1.0103842156626122,1.0356956460072362,1.0383876659899276,1.580540528168544,2.9599435435585217,1.2906405619419363,1.6219667943805858
2022-12-05,0.96229218602463,0.9255934668676861,1.2247844841095152,0.7359847293073308,1.1593309441876438,0.9944962991495767,1.0356956460072362,1.0499472706869866,1.5764865359744455,2.628181053857317,1.2992056553218987,1.6060025542784147
2022-12-06,0.96229218602463,0.932388242425182,1.2342980672705537,0.7411089982858801,1.1605772704677766,0.9865004879484851,1.0356956460072362,1.0456699285186755,1.6108107695708347,2.5772855404073964,1.3146428167762005,1.5977011494252857
2022-12-07,0.96229218602463,0.9253418203654862,1.2201056727188404,0.7421032411418491,1.17120367333552,0.9913810819859589,1.0356956460072362,1.0347599981726006,1.5729729935929528,2.6969840274156622,1.3031894887111124,1.6034482758620674
2022-12-08,0.96229218602463,0.9107457472413133,1.2185905834989854,0.7181644476166639,1.1733026901750576,0.9919002452339228,1.0356956460072362,1.0330815551078039,1.5675675675675622,2.809613549545951,1.2957198753097605,1.6143039591315438
2022-12-09,0.96229218602463,0.9128428867591388,1.2283270582653292,0.7170172084130011,1.1794686622406938,0.9881620004826371,1.0356956460072362,1.035382644779706,1.6216216216216162,2.9429782975048147,1.3007742563273614,1.6213282247764993
2022-12-12,0.96229218602463,0.8943880846021214,1.2287949394043967,0.6986615562074263,1.1679239094785177,0.9679127324053697,1.0356956460072362,1.0377378907891532,1.5864865071064664,3.1041470114590317,1.3034384560369114,1.6379310344827571
2022-12-13,0.96229218602463,0.8795403009761295,1.2492035449751782,0.6826003824091771,1.1898327480577648,0.9703011368668936,1.0356956460072362,1.0475648960838702,1.5689188982989284,3.2681432664221997,1.3249258678120095,1.6443167305236257
2022-12-14,0.96229218602463,0.8814696974923614,1.252590158751303,0.688336520076481,1.18563463430633,0.9734163540305113,1.0356956460072362,1.0566339143525074,1.5864865071064664,3.0301601752657428,1.3178297647620945,1.6321839080459757
2022-12-15,0.96229218602463,0.8805469509845487,1.2549517686151384,0.6875717133910425,1.1657592333039521,0.9696780300539474,1.0356956460072362,1.055875927326428,1.5621621415421718,3.2846370683817483,1.3139456607737732,1.6692209450830127
2022-12-16,0.96229218602463,0.8735844324254591,1.2565336828205684,0.686806906705604,1.174155460806822,0.9715471920422296,1.0356956460072362,1.0430981580088279,1.5405405405405355,3.110273312859892,1.3225605001287044,1.667943805874839
2022-12-19,0.96229218602463,0.887257759041819,1.2523450629775,0.7139579233202371,1.172646737403657,0.9713395425880996,1.0356956460072362,1.0514090884015952,1.5132432886072058,2.757304377947154,1.3212431222331087,1.6532567049808418
2022-12-20,0.96229218602463,0.9083130577206813,1.2505625675753032,0.733384316555628,1.191144653600566,0.9698857587333557,1.0356956460072362,1.0457782411937684,1.5408107654468381,2.509896449709125,1.3175310514613265,1.6653895274584918
2022-12-21,0.96229218602463,0.9130106297607326,1.230109447427485,0.74378585086042,1.191144653600566,0.9652128141500119,1.0356956460072362,1.0669753544290221,1.5381081039841058,2.5127237660068777,1.2943255633049051,1.6915708812260526
2022-12-22,0.96229218602463,0.9137656332669517,1.2285275332220547,0.7359082311334841,1.1721876024926208,0.9709241644545616,1.0356956460072362,1.0634559992867876,1.5216216010016312,2.3557964759216863,1.294699073656342,1.6871008939974446
2022-12-23,0.96229218602463,0.9287811598945371,1.2196377915797727,0.7648183556405349,1.1780255981725567,0.9761162722858695,1.0356956460072362,1.0564715461896546,1.502972989468956,2.393496723092769,1.2861587939011254,1.7017879948914418
2022-12-27,0.96229218602463,0.9220702878376477,1.2162956923806845,0.7441682833786443,1.1904231215664973,0.9767392998735375,1.0356956460072362,1.0628063249358037,1.547297297297292,2.4891612238805503,1.2990812310217383,1.7234993614303944
2022-12-28,0.96229218602463,0.9338142819373947,1.253726395986163,0.763212244095811,1.1858970314293622,0.9968847036111008,1.0356956460072362,1.0732018205000782,1.5513513925913167,2.219132967570913,1.3177053404619337,1.7439335887611733
2022-12-29,0.96229218602463,0.9319687889217692,1.2449703043150318,0.7605353915212709,1.1935060675631355,0.9856697316814093,1.0356956460072362,1.063645496043307,1.555675712791644,2.148444891769534,1.311356139389415,1.7356321839080444
2023-01-03,0.96229218602463,0.8816374404939549,1.2751375888206549,0.7112810707456975,1.2067562815164807,0.9761162722858695,1.0356956460072362,1.109396608643411,1.5418918712719016,1.879359074225814,1.3345941583266037,1.712643678160918
2023-01-04,0.96229218602463,0.895394670610921,1.2869683735085329,0.7122753136016665,1.2153493268797146,0.9662512990964958,1.0356956460072362,1.13029591244705,1.5591891520732106,1.966069732603783,1.364066333348853,1.6698595146870994
2023-01-05,0.96229218602463,0.912926790259745,1.2830025390307287,0.7368259758156066,1.2035421769945065,0.9564901110215482,1.0356956460072362,1.1120766918283516,1.5891891685691988,1.7530631787893276,1.352015459956752,1.6673052362707521
2023-01-06,0.96229218602463,0.9263484703739051,1.2535259210294376,0.7481453131535307,1.2228271244157922,0.9757008941523315,1.0356956460072362,1.086439868261934,1.5972972560573213,1.7483506478929423,1.3320219708619245,1.6704980842911863
2023-01-09,0.96229218602463,0.9243352343566857,1.2385981329162747,0.7505927295575401,1.228402722972696,0.9771546780070753,1.0356956460072362,1.070765390409202,1.615135089771162,1.8426013781762483,1.3007991886775845,1.667305236270752
2023-01-10,0.96229218602463,0.9399379574892777,1.2559989766959256,0.7712428018194306,1.2276811909386272,0.9925233520468687,1.0356956460072362,1.0796989674090773,1.6378377965978617,1.7148915998796874,1.3080943943528522,1.6730523627075335
2023-01-11,0.96229218602463,0.95679891313287,1.2431656047443376,0.7869980996243122,1.2296490492528287,0.989719569451807,1.0356956460072362,1.0650802860140367,1.6354053600414324,1.7299717436903597,1.294300630954682,1.675606641123881
2023-01-12,0.96229218602463,0.9509269480828059,1.236882568739694,0.7724665391969401,1.2433584781895706,0.9970923530652305,1.0356956460072362,1.0587455072678904,1.639189230429154,1.7412817953705648,1.2843910902703104,1.7139208173690919
2023-01-13,0.96229218602463,0.9428739400143099,1.235100179577538,0.7668833395263198,1.2583798126691128,1.0072689192737163,1.0356956460072362,1.0705217373151374,1.649999979380009,1.611215807803611,1.2717425528257196,1.7241379310344815
2023-01-17,0.96229218602463,0.9479070620571676,1.241160430216917,0.7652007881587588,1.251033093586012,0.9938732715619087,1.0356956460072362,1.085898405736252,1.6351351351351293,1.689915174893285,1.2812787018841316,1.7503192848020421
2023-01-18,0.96229218602463,0.9518496945906189,1.2252300548400439,0.7795028540645907,1.2491964738695065,0.992938730180407,1.0356956460072362,1.0761797131166333,1.653243193755273,1.5603205190648892,1.2697257631436285,1.7401021711366527
2023-01-19,0.96229218602463,0.9569667201340828,1.246841828871302,0.7786615492053054,1.2608068058943507,0.992938730180407,1.0356956460072362,1.0913939125251073,1.648648648648643,1.5433553853667823,1.2910638182683427,1.7298850574712632
2023-01-20,0.96229218602463,0.9519335980912254,1.248178647302929,0.7719311686820322,1.2636274348403167,0.992938730180407,1.0356956460072362,1.0908254222555496,1.6408107860668228,1.4957587446643705,1.2880012945826098,1.7273307790549157
2023-01-23,0.96229218602463,0.9493331015693808,1.258650303150641,0.7520459031055801,1.264086569751353,0.9849428397540371,1.0356956460072362,1.087928814570211,1.635675688047661,1.6244109617268492,1.29629248828655,1.701787994891442
2023-01-24,0.96229218602463,0.9612448386707214,1.2607669234807142,0.7618355687216175,1.2685470806258201,0.9801661100562673,1.0356956460072362,1.0791304771395192,1.648648648648643,1.5353439817228876,1.2961929963366123,1.7292464878671765
2023-01-25,0.96229218602463,0.9718983432610622,1.2459283770017058,0.7709369258260629,1.2733354878136276,0.991692595779793,1.0356956460072362,1.0681123349681394,1.6318919207598654,1.4453345629530086,1.2793864552276784,1.723499361430395
2023-01-26,0.96229218602463,0.9708078537516557,1.2337410507373723,0.7713192999932773,1.2653984752941538,0.991484946325663,1.0356956460072362,1.0621836783286982,1.6567567361367657,1.3873704216919092,1.2629035597697351,1.743295019157087
2023-01-27,0.96229218602463,0.952101341092819,1.2287503185873192,0.7556405587132521,1.2650704989084536,0.9765316504194075,1.0356956460072362,1.0556864305699085,1.627567600559538,1.4651272376600664,1.260549471006769,1.7445721583652607
2023-01-30,0.96229218602463,0.9548695806162573,1.2364146876006266,0.7632122440958107,1.261331600140415,0.9792315686747652,1.0356956460072362,1.0644576394069312,1.6327026985786999,1.2615457456383818,1.2716181285255588,1.746487867177521
2023-01-31,0.96229218602463,0.9617481956747405,1.2359022918845224,0.7678776407332988,1.265660872417186,0.9878504074635248,1.0356956460072362,1.0611549096148851,1.6486486486486427,1.2648445060302917,1.2735353075322349,1.7362707535121316
2023-02-01,0.96229218602463,0.9505913980799997,1.2268342794540126,0.756252369050997,1.2645457847347492,0.986500487948485,1.0356956460072362,1.0552804093129915,1.6391892304291538,1.1630537038416497,1.2629035597697351,1.739463601532566
2023-02-02,0.96229218602463,0.9336465389358012,1.2390660140553422,0.7618355687216173,1.257002327863644,0.9839044340328311,1.0356956460072362,1.0634289715429086,1.5621621415421714,1.1573987341793468,1.2582476214537943,1.7247765006385685
2023-02-03,0.96229218602463,0.9197215018176221,1.226410912891982,0.7413384344564106,1.2219744338563874,0.9761162722858694,1.0356956460072362,1.0615880594654712,1.5816216339936071,1.1357210695848545,1.2571769550999299,1.73052362707535
2023-02-06,0.96229218602463,0.9224058378404542,1.2243389133789864,0.744168283378644,1.224139029958593,0.9761162722858694,1.0356956460072362,1.059286969793569,1.5618919166358687,1.1578699535623056,1.2822248252123583,1.734355044699871
2023-02-07,0.96229218602463,0.9139333762685455,1.2294409850916512,0.727571680714477,1.2277467702012956,0.9863966236087809,1.0356956460072362,1.0504616046189985,1.572432440680421,1.2177191970664385,1.2812040235589397,1.721583652618134
2023-02-08,0.96229218602463,0.9319687889217694,1.2445469377530014,0.7668068997034828,1.231485749041694,0.9843198121663692,1.0356956460072362,1.0756382505909512,1.5713513348553578,1.1291234364454357,1.297039508989424,1.7330779054916974
2023-02-09,0.96229218602463,0.9160305157863712,1.2408038886404615,0.7482982511502143,1.224139029958593,0.9817237582507152,1.0356956460072362,1.0713880370163065,1.536216220340208,1.1451461313776252,1.294599462980927,1.7132822477650052
2023-02-10,0.96229218602463,0.9165338727903904,1.2652006390975858,0.7430210441749813,1.2219088545937193,0.985358217887575,1.0356956460072362,1.0887409579338354,1.523783812651758,1.1847313684361422,1.317008184459506,1.738186462324392
2023-02-13,0.96229218602463,0.9258451773695057,1.23982361178529,0.755640558713252,1.2147589533709824,0.985358217887575,1.0356956460072362,1.0711172553285733,1.530000016495983,1.1333647479588622,1.2980809688758845,1.7496807151979552
2023-02-14,0.96229218602463,0.9143528297719584,1.2326493280795483,0.7533460803059265,1.2161364381764512,0.985358217887575,1.0356956460072362,1.055253280719322,1.527027027027022,1.2097077934225442,1.2843661579200873,1.742656449553
2023-02-15,0.96229218602463,0.9290328063967376,1.2409821594286894,0.7661950310147279,1.2031485412737781,0.9942886496954467,1.0356956460072362,1.0567151992837212,1.554054054054049,1.1644674743461252,1.292607605649059,1.7273307790549157
2023-02-16,0.96229218602463,0.9345692854436144,1.2423858028458916,0.7663479690114118,1.2082650049196455,0.9941847853557425,1.0356956460072362,1.0546576618560952,1.5524323953164538,1.1258246760535264,1.2992056553218991,1.7266922094508288
2023-02-17,0.96229218602463,0.9254257238660929,1.2390214994783053,0.7613766963805559,1.2072154964998767,1.0065420273463443,1.0356956460072362,1.053385340898006,1.5345945616026135,1.0721018463058536,1.2989069420211314,1.7311621966794368
2023-02-22,0.96229218602463,0.9083130577206818,1.2256311109935358,0.7495219885277238,1.2017054772056408,1.0062305135525103,1.0356956460072362,1.0367904070065568,1.509459418219484,1.024505205603442,1.2863829476021786,1.721583652618134
2023-02-23,0.96229218602463,0.912004043751933,1.2167190589427153,0.7482982511502142,1.1925221384060343,1.0064381630066404,1.0356956460072362,1.0336501462271515,1.5194594924514309,1.090480638152837,1.282573403213572,1.6864623243933576
2023-02-24,0.96229218602463,0.8973240671271538,1.2123966828884558,0.7302485916400266,1.186487404938094,1.0011422700609065,1.0356956460072362,1.0331628400390174,1.4932432432432383,1.1550424125533554,1.2788386558756348,1.6602809706257968
2023-02-27,0.96229218602463,0.896149674117141,1.2054676011965575,0.7279541132327011,1.1918661856346338,0.9968847036111005,1.0356956460072362,1.0291561787086492,1.4964864576185022,1.2869933900077435,1.2966659986379871,1.6417624521072782
2023-02-28,0.96229218602463,0.8883483125508451,1.2285275332220547,0.7283365457509252,1.1996720396287712,0.9992731080726245,1.0356956460072362,1.0330003710263767,1.5208108231827968,1.29453346191308,1.294649208955896,1.6079182630906754
2023-03-01,0.96229218602463,0.8859995265308196,1.2333401008239206,0.7139579233202369,1.2054443759736793,0.9946001634892806,1.0356956460072362,1.0395517751227143,1.554054054054049,1.3246937495344253,1.3036624910124872,1.6360153256704966
2023-03-02,0.96229218602463,0.8759332184454852,1.2303545432012881,0.7047801263929544,1.2026894063627414,0.9958462978898945,1.0356956460072362,1.0296706134904523,1.5483784031223555,1.303016084939933,1.2893209282622733,1.6289910600255413
2023-03-03,0.96229218602463,0.8799597544795427,1.2274581209727693,0.703938821533669,1.212003903687684,0.9942886496954466,1.0356956460072362,1.0294269603963853,1.5613513637233374,1.4180019286962142,1.2946243953311503,1.6481481481481468
2023-03-06,0.96229218602463,0.8879288590474324,1.2301539620045217,0.7247418901432532,1.21213514228538,0.9942886496954466,1.0356956460072362,1.035139092535429,1.5324324530524127,1.2120641150485372,1.2933295752762326,1.6462324393358863
2023-03-07,0.96229218602463,0.8837345800117812,1.226054477555567,0.7304015296367102,1.1898327480577644,0.9920041095736266,1.0356956460072362,1.0254744554035646,1.5172972808013043,1.2662582765347679,1.2828224892648483,1.6398467432950177
2023-03-08,0.96229218602463,0.9062998217034628,1.2192590458348196,0.747762880635306,1.189045556688668,0.9933541083139447,1.0356956460072362,1.0226860595435285,1.5300000164959835,1.2021678338728077,1.2922340952976221,1.6206896551724124
2023-03-09,0.96229218602463,0.8904454520686708,1.2085422942133044,0.7457743949233678,1.1999344367518034,1.0065420273463441,1.0356956460072362,1.0149706471641975,1.4967567856247315,1.19839774174234,1.2808803779079487,1.5798212005108543
2023-03-10,0.96229218602463,0.8787853614695301,1.2170756005191714,0.7215296087027954,1.2213840603476545,1.0065420273463441,1.0356956460072362,1.0255556394849883,1.4643243325723139,1.1451461313776259,1.2856857915997506,1.5945083014048518
2023-03-13,0.96229218602463,0.8745071789332725,1.2130428348157514,0.7194646248170102,1.2539848810573133,1.0165108648754217,1.0356956460072362,1.0452367786680883,1.455945917077962,1.2280866976251275,1.298608109994886,1.5951468710089385
2023-03-14,0.96229218602463,0.8728294929188595,1.252946594087718,0.7126577461198902,1.250377140814611,0.9997922713205883,1.0356956460072362,1.0666233886598613,1.457567575815557,1.212535334431496,1.306102537020984,1.6028097062579805
2023-03-15,0.96229218602463,0.8706484499004277,1.2549072540381019,0.7166347758947768,1.263758593365652,1.0096573237352402,1.0356956460072362,1.0577438671477433,1.4162162574561823,1.1493873305354532,1.3075964597012544,1.600255427841633
2023-03-16,0.96229218602463,0.8781981649645234,1.2461956769440072,0.7307839621549342,1.2587733683174807,1.0109033789105761,1.0356956460072362,1.0777228157624554,1.4205405776565097,1.184731368436143,1.3164105204070156,1.6162196679438043
2023-03-17,0.96229218602463,0.8656153278575698,1.2361250772497874,0.7074569789674942,1.292095801133568,1.0175492705966278,1.0356956460072362,1.061344406371404,1.4110810563370946,1.1017908021886413,1.3020938900070247,1.6200510855683252
2023-03-20,0.96229218602463,0.8577300627906675,1.233340100823921,0.7051625005601687,1.2982616931268445,1.021806837046434,1.0356956460072362,1.083137138469887,1.4132432679872213,1.0475966407024102,1.3140950174241568,1.616858237547891
2023-03-21,0.96229218602463,0.8565556697806547,1.2496491157057072,0.7105162640602583,1.2712364709740895,1.0073727836134205,1.0356956460072362,1.0786702995450541,1.3999999793800106,1.1065033330850265,1.3036127450375186,1.6091954022988488
2023-03-22,0.96229218602463,0.8499287012243716,1.2575808909013562,0.7051625005601687,1.2770088873913574,1.0121495133111902,1.0356956460072362,1.0720377113672903,1.4054054054054013,1.023091435098967,1.3049074463669585,1.6181353767560647
2023-03-23,0.96229218602463,0.8304672490589349,1.2675846656100007,0.6854302313314103,1.307838667647179,1.021806837046434,1.0356956460072362,1.0804028989473986,1.391891891891888,1.015080143810672,1.303712355712933,1.6136653895274566
2023-03-24,0.96229218602463,0.8412045931502627,1.278123146443288,0.6947609662553765,1.3001639721783775,1.0207684313252279,1.0356956460072362,1.0963210298941948,1.3864864658664973,1.0442978803105007,1.3188008204405437,1.6424010217113647
2023-03-27,0.96229218602463,0.8459860686909204,1.2570015639596361,0.7037858251859753,1.2806822068967278,1.0233644852408819,1.0356956460072362,1.0858713779923752,1.3794594842034378,0.9839774174234093,1.3059531803706,1.6558109833971884
2023-03-28,0.96229218602463,0.8589044558006804,1.2508299737576452,0.7031740148482302,1.293801262324737,1.0331255940905515,1.0356956460072362,1.0721730517862644,1.4056756303117042,0.9566446708110147,1.2940019176539141,1.6532567049808409
2023-03-29,0.96229218602463,0.8650281313525637,1.246864139279841,0.7068451102787394,1.28966872783597,1.0330218089761258,1.0356956460072362,1.0668670417539285,1.4216215803816468,0.9382658227862319,1.2858600806003573,1.6615581098339698
2023-03-30,0.96229218602463,0.8820568939973684,1.2398904367708656,0.7229827822508353,1.2989833052332727,1.0339563503576277,1.0356956460072362,1.0481605149470963,1.437297305545287,0.9915174893287455,1.2783407212240363,1.6590038314176223
2023-03-31,0.96229218602463,0.8640214813441445,1.2369493937252698,0.7183173856133475,1.2915710068875035,1.0337487009034976,1.0356956460072362,1.0359512358990537,1.4178378130938512,1.044297880310501,1.2680078054877817,1.6871008939974437
2023-04-03,0.96229218602463,0.8619243418263188,1.2221999826403753,0.70707454644927,1.3013447191958423,1.0263758380647958,1.0356956460072362,1.02896668195213,1.4197296967377493,0.9882186165812367,1.260438700136492,1.6800766283524884
2023-04-04,0.96229218602463,0.8648603243513507,1.2298866620622213,0.7216061068766421,1.3264676622970641,1.035929376685614,1.0356956460072362,1.0366820943314612,1.3951351062671515,0.9924599280946632,1.260637802761845,1.669859514687099
2023-04-05,0.96229218602463,0.8582333557950677,1.2373950706958394,0.7219885393948663,1.3256149717376593,1.0347871066247039,1.0356956460072362,1.0440456417914232,1.3640540870460263,1.015551363193631,1.2625301681437753,1.6673052362707517
2023-04-06,0.96229218602463,0.857646159290061,1.2221999826403753,0.7205353658468262,1.3197113967950551,1.0359293766856141,1.0356956460072362,1.0412842736752683,1.356756777376738,0.9476908284012029,1.253193121710716,1.6436781609195386
2023-04-10,0.96229218602463,0.86637026736417,1.2303990577783253,0.7260420673435996,1.3047556415781807,1.0284527287324863,1.0356956460072362,1.0357617391425344,1.388108124604092,1.023562654481926,1.25847165642937,1.670498084291186
2023-04-11,0.96229218602463,0.9018538961656115,1.2303990577783253,0.7558699948837823,1.315054148132584,1.03354097222409,1.0356956460072362,1.026557279605135,1.4513513719713322,1.030160287621345,1.2611856021138887,1.662835249042144
2023-04-12,0.96229218602463,0.9075581182140816,1.216473963168913,0.7729254115380009,1.3190554440236548,1.0438213235470017,1.0356956460072362,1.0139960347879298,1.4448648401208783,0.9863336266938023,1.2459228483856712,1.6756066411238808
2023-04-13,0.96229218602463,0.9050415251928434,1.2045541493269618,0.7696366902747059,1.3389964242887007,1.0489096462638838,1.0356956460072362,1.0005144347818005,1.4281081122321009,0.9458058385137686,1.2242362152597432,1.666028097062578
2023-04-14,0.96229218602463,0.903196032177218,1.2124635078740313,0.7765965653195195,1.3133486068690547,1.0477673762029738,1.0356956460072362,1.0066325881777585,1.4116216092496263,0.9962300202251309,1.2266762612682403,1.7017879948914412
2023-04-17,0.96229218602463,0.9010988926593925,1.2026156935450758,0.7741491489155101,1.308100984697851,1.0488057819241796,1.0356956460072362,0.9922575598767878,1.4005405322925424,1.0721018463058543,1.2221944932274291,1.7279693486590018
2023-04-18,0.96229218602463,0.9031121926762307,1.2020364728433965,0.7725430373707863,1.316759609323753,1.0518172139733717,1.0356956460072362,0.9948293303866355,1.4102702785182601,1.1149858437562807,1.2299378875793259,1.730523627075349
2023-04-19,0.96229218602463,0.8825601870017684,1.21839010854226,0.7611472018590152,1.3087569374692516,1.0481827543365119,1.0356956460072362,1.0066325881777585,1.3918918918918877,1.0471253089638526,1.2410178240184544,1.7171136653895254
2023-04-20,0.96229218602463,0.8875094695436386,1.237573235244026,0.7638241127845651,1.316890767849089,1.04880578192418,1.0356956460072362,1.0196540105894256,1.3762161667282475,1.0598492435041322,1.263426426771556,1.6954022988505726
2023-04-24,0.96229218602463,0.8827279940029812,1.23536758575988,0.7628298115775859,1.3047556415781805,1.0458982142146922,1.0356956460072362,1.0201413167775597,1.344054041682059,1.0711592951843372,1.2568533094489387,1.6634738186462303
2023-04-25,0.96229218602463,0.8764365754495044,1.2394448660403365,0.7677246443856045,1.307969826172515,1.0625129434298215,1.0356956460072362,1.0162430689720776,1.3121621415421731,1.0871818777609275,1.253242986411162,1.6513409961685803
2023-04-26,0.96229218602463,0.868802956884802,1.2354567211539937,0.7559464347066193,1.3025253861409474,1.0565939436711416,1.0356956460072362,1.0231733657316626,1.3145945780986026,0.9976437907296062,1.258148010778379,1.6385696040868434
2023-04-27,0.96229218602463,0.8748427289360788,1.2406479282607725,0.7655831623259727,1.3052804358242451,1.069574213249411,1.0356956460072362,1.0232003934755411,1.3191892263051588,1.1098020934769364,1.25563328644469,1.6015325670498064
2023-04-28,0.96229218602463,0.886586723035826,1.2228015137505928,0.7710898638227461,1.3054115943495812,1.067912700715259,1.0356956460072362,1.0067950571904016,1.3608107695708362,1.1357210695848554,1.2390010343363629,1.6245210727969328
2023-05-02,0.96229218602463,0.8655314243569638,1.223692761451691,0.753422578479773,1.3212856994608884,1.066666645539923,1.0356956460072362,0.9833238820271216,1.3381080627441369,1.043355329188984,1.2419140826462345,1.6296296296296278
2023-05-03,0.96229218602463,0.8647764208507447,1.2353452753513412,0.7545698176834357,1.330665776048499,1.0589823481326652,1.0356956460072362,0.9997022914181733,1.340540499300566,1.0226202157160083,1.2544879417656334,1.6481481481481464
2023-05-04,0.96229218602463,0.869474056890415,1.2312456846623459,0.7663479690114113,1.3433912758281399,1.0768431325231305,1.0356956460072362,1.004927117369086,1.3113513637233387,0.9901037188242697,1.243532548352143,1.6513409961685805
2023-05-05,0.96229218602463,0.8950591206081159,1.2232693948896602,0.7938049783214316,1.3233191370377577,1.0695742132494106,1.0356956460072362,1.0051977982070288,1.3724323994404524,1.0070688525223768,1.2405945676920482,1.6685823754789253
2023-05-08,0.96229218602463,0.9005116961543861,1.2151371447372854,0.8023709649109692,1.3291571327176939,1.0771547255422422,1.0356956460072362,0.991526600594587,1.3954054342733808,1.0546653808691888,1.2329009193151204,1.6768837803320544
2023-05-09,0.96229218602463,0.911249040245714,1.2266114940887485,0.8054301916527236,1.3356510010966705,1.0700934557226525,1.0356956460072362,1.0033298583857126,1.402972968848972,1.068331754175386,1.246918717688866,1.6404853128991042
2023-05-10,0.96229218602463,0.9126751437575459,1.2174988608411617,0.8133078113796594,1.3319121023286318,1.0701972408370788,1.0356956460072362,0.9977801952593124,1.3827026985787019,1.0325164968917377,1.2414161479946364,1.6487867177522333
2023-05-11,0.96229218602463,0.9194698553154228,1.2090546899294083,0.8271510632954396,1.3215480165115605,1.0737279153595125,1.0356956460072362,0.9979155356782838,1.367027076514988,1.032045277508779,1.2307098406324222,1.6155810983397174
2023-05-12,0.96229218602463,0.9212314448304421,1.1978255425917892,0.8209559949360646,1.3214168579862242,1.0821391046941422,1.0356956460072362,0.9921762749455708,1.3735135052655156,1.0678605347924273,1.2273734172706674,1.617496807151978
2023-05-15,0.96229218602463,0.9266840203767125,1.1888688697238914,0.8254684535768689,1.3237126926861258,1.0938732398717976,1.0356956460072362,0.9807521115172768,1.3891892304291558,1.119227155269707,1.2250577955623312,1.513409961685822
2023-05-16,0.96229218602463,0.91804381580321,1.183677556377072,0.8169024669873316,1.3042965066671441,1.09532710295182,1.0356956460072362,0.9726305770312353,1.375945941821945,1.1196983746526659,1.2170155691841895,1.484674329501914
2023-05-17,0.96229218602463,0.9298716494039446,1.1951072849114577,0.8255449517507157,1.2992456222839448,1.093561726077964,1.0356956460072362,0.9799941244911972,1.4113513843433239,1.1145146243733217,1.2298383956293877,1.4342273307790534
2023-05-18,0.96229218602463,0.9369180714636404,1.1917652919524102,0.8272275614692866,1.2833715972449977,1.094496346684744,1.0356956460072362,0.9713311274794767,1.4227026862067107,1.221489176841308,1.2294150205775045,1.4182630906768823
2023-05-19,0.96229218602463,0.940944543498079,1.1911637608421923,0.8320458961034585,1.297933716741144,1.0939771042115018,1.0356956460072362,0.9695173439957085,1.4359459748139216,1.2181904164493982,1.2360629349507906,1.4163473818646217
2023-05-22,0.96229218602463,0.9360791644568149,1.188824355146855,0.8227916010023291,1.29537556499057,1.0939771042115018,1.0356956460072362,0.9823222419069778,1.4440540623020446,1.1310085386884703,1.2441300936791553,1.4584929757343537
2023-05-23,0.96229218602463,0.9343175749417956,1.195397001502338,0.8267686307772156,1.293801262324737,1.0934579409635379,1.0356956460072362,0.9689488537261509,1.4332432102512636,1.0937795109003463,1.2364863100026737,1.4750957854406115
2023-05-24,0.96229218602463,0.9244190738576742,1.1922554835000163,0.8177437718466171,1.2875041317337645,1.0934579409635379,1.0356956460072362,0.9711146029790791,1.3945945533546205,1.1300659875669534,1.237756078981891,1.4999999999999984
2023-05-25,0.96229218602463,0.9353242249502147,1.1876657012634149,0.8372466632558545,1.2745818140937595,1.090861887047884,1.0356956460072362,0.9637510555191172,1.3897296802417616,1.0871818777609275,1.2346188769709665,1.508939974457214
2023-05-26,0.96229218602463,0.943209490017117,1.2024375289968887,0.8367112927409465,1.27523776686516,1.094703996138874,1.0356956460072362,0.9734968767324078,1.4045946275865673,1.0278039659953524,1.2536911750877906,1.5427841634738169
2023-05-30,0.96229218602463,0.9255934668676868,1.1966223741313127,0.8276864338103478,1.2843555264020985,1.1075804806027174,1.0356956460072362,0.9672974384052327,1.3927026697107228,1.0966069395536981,1.2494334420225552,1.5172413793103432
2023-05-31,0.96229218602463,0.9202247948220229,1.2033954954435215,0.8211089912837585,1.288225663767833,1.1096572920451293,1.0356956460072362,0.9747963262841661,1.3827026985787019,1.0678605347924273,1.2535915644123756,1.5172413793103432
2023-06-01,0.96229218602463,0.9410284469986852,1.2036183870488266,0.8349521848485291,1.2974745818301077,1.1093457782512952,1.0356956460072362,0.9835405073773105,1.3894594553354584,1.016965133698106,1.2585712671047844,1.513409961685822
2023-06-02,0.96229218602463,0.9578894666418961,1.2013458063390645,0.8550669449465211,1.2806822068967278,1.1093457782512952,1.0356956460072362,0.97815321241376,1.4354054219013894,1.0235626544819258,1.248188605393561,1.5555555555555538
2023-06-05,0.96229218602463,0.9579733061428837,1.18198430260903,0.8591969127180915,1.2843555264020985,1.1166146975250149,1.0356956460072362,0.957064411853599,1.4389189642828824,1.0579641412610985,1.2341209423193689,1.5261813537675588
2023-06-06,0.96229218602463,0.9747504222854884,1.1750774250856297,0.862944564673457,1.289275172187602,1.1272066418670383,1.0356956460072362,0.9567394738283179,1.4459459459459418,1.0659755449049928,1.2264023615922182,1.553001277139206
2023-06-07,0.96229218602463,0.9822162338489779,1.169997557541463,0.8699043813672609,1.2743194169707275,1.1191068871009646,1.0356956460072362,0.9529224101042595,1.4421621786581462,1.0975494906752146,1.2230161922554947,1.5434227330779036
2023-06-09,0.96229218602463,0.9947990709559316,1.1821402629887192,0.8825238959055317,1.2871104960130364,1.1235721030049006,1.0356956460072362,0.9595820260258991,1.4389189642828821,1.062205452774525,1.2255309165891834,1.5434227330779036
2023-06-12,0.96229218602463,0.9987417034893827,1.1676581518461258,0.8851243086572346,1.2825844859482611,1.1121494816210789,1.0356956460072362,0.9475892714782541,1.4489189354149026,1.067860534792427,1.214525777200724,1.5766283524904194
2023-06-13,0.96229218602463,0.9922825419343122,1.1651627857710993,0.8809942825346544,1.2755657432508603,1.112668724094321,1.0356956460072362,0.9436368673352243,1.4481081575960681,1.1027332409545585,1.2102182981605198,1.5644955300127694
2023-06-14,0.96229218602463,1.0128344836091552,1.1679477621969656,0.8930019283841707,1.2825844859482614,1.1182762100591668,1.0356956460072362,0.9387097499661387,1.478378398998359,1.1036757920760751,1.210317908835935,1.5523627075351194
2023-06-15,0.96229218602463,1.013757230116968,1.162489148907845,0.8998853052551373,1.2842243678767624,1.1217029410166186,1.0356956460072362,0.9309943375868048,1.4999999999999951,1.1936852108459541,1.1988645807708467,1.5919540229885039
2023-06-16,0.96229218602463,1.0094790475807103,1.1723815840538778,0.8987380660514747,1.284617923525131,1.1214952915624887,1.0356956460072362,0.9288557169275433,1.5054054260253857,1.2403393004268488,1.1974204040655452,1.6353767560664092
2023-06-20,0.96229218602463,1.0176159591498126,1.1619321323746636,0.9101338432122359,1.2695965890455885,1.1217029410166186,1.0356956460072362,0.9110966739033096,1.4900000288679744,1.1743638678774544,1.1893781776874035,1.6443167305236248
2023-06-21,0.96229218602463,1.023823538202302,1.1645835650694203,0.9157934827056929,1.2681535249774514,1.1283489119279484,1.0356956460072362,0.916971275054994,1.4694594305914752,1.2238453861117007,1.1924656337233592,1.7139208173690907
2023-06-22,0.96229218602463,1.0126667406075613,1.1657643168813174,0.9027150958263611,1.254640833828714,1.13063337282449,1.0356956460072362,0.9099055370266467,1.4513513719713316,1.2290292487466439,1.185743041024881,1.6871008939974432
2023-06-23,0.96229218602463,1.012079544102555,1.16429384847854,0.9023327216591467,1.2588389475801487,1.1318795072251042,1.0356956460072362,0.9027586149168731,1.4489189354149021,1.2860509512418257,1.1875946835681137,1.6111111111111087
2023-06-26,0.96229218602463,1.0051170255434654,1.1502574143065158,0.8957552791325574,1.2618563143141188,1.1333332910798481,1.0356956460072362,0.9026774308354469,1.4505404910525712,1.3152685753860553,1.1915195103951326,1.6277139208173668
2023-06-27,0.96229218602463,1.0000000000000013,1.1582337040792017,0.8933078627285478,1.2554936044604783,1.1301142095765262,1.0356956460072362,0.8997807223003179,1.444594615214575,1.302073533818416,1.1869879963793526,1.5913154533844167
2023-06-28,0.96229218602463,0.9930374814409116,1.1737406066540035,0.8856596791721425,1.2543785167780415,1.1280373189088362,1.0356956460072362,0.9054658266954831,1.4229730142129386,1.2266729271206518,1.1977441684420131,1.507024265644953
2023-06-29,0.96229218602463,1.0092274010785103,1.1793774907313517,0.9040152730267077,1.2523449991288123,1.1526479385503354,1.0356956460072362,0.9093912030946345,1.4259459005819735,1.2728557973185874,1.207703573826831,1.4840357598978267
2023-06-30,0.96229218602463,1.0032715325278396,1.175032910508594,0.9100573450383889,1.2601508531229495,1.1416406953000517,1.0356956460072362,0.907848100448809,1.4067567361367666,1.318567448133564,1.2089733428060483,1.416347381864621
2023-07-03,0.96229218602463,1.019209805663238,1.1626229051190367,0.9193116401395183,1.260544408771318,1.1476634801731576,1.0356956460072362,0.8971547954529225,1.4318918795198956,1.276625889449055,1.1911958647441419,1.4233716475095761
2023-07-05,0.96229218602463,1.0176159591498124,1.173005425572635,0.9186233316279264,1.259166923965849,1.137590857529654,1.0356956460072362,0.9071712975041586,1.4313513266073639,1.2521206838456114,1.205064306467504,1.4003831417624497
2023-07-06,0.96229218602463,0.9994128034949946,1.1718022571121585,0.894837476099425,1.2520170227431122,1.1350985887284262,1.0356956460072362,0.9080917535428759,1.4162162574561816,1.2295004681296025,1.206881874798765,1.4476372924648762
2023-07-07,0.96229218602463,1.0117439940997481,1.1930129749899243,0.9138049969937546,1.2634961962426203,1.141329181506218,1.0356956460072362,0.9250115246098186,1.4470270517710042,1.2167766459449223,1.2246844039363718,1.431673052362705
2023-07-10,0.96229218602463,1.002432689520633,1.1884901239789387,0.9013384204521676,1.2627090849458837,1.1334371554195524,1.0356956460072362,0.9269065930248038,1.4294594429634662,1.2577756535079145,1.2127828871946547,1.4578544061302658
2023-07-11,0.96229218602463,0.9994128034949946,1.2004990732150038,0.895372846614333,1.2668416194346506,1.1383177494570262,1.0356956460072362,0.9384390691281935,1.436216199720223,1.2869933900077433,1.2195801582183248,1.4604086845466133
2023-07-12,0.96229218602463,1.0010904895094073,1.1899382819731779,0.8940726694139864,1.2831747793846342,1.1391484264988239,1.0356956460072362,0.9372208036578614,1.4481081575960675,1.2403393004268488,1.2079525411526295,1.404214559386971
2023-07-13,0.96229218602463,1.0157704661341864,1.1951964203055727,0.907915862978757,1.2851426376988355,1.1252336155390523,1.0356956460072362,0.9427164112965046,1.4643243325723132,1.1993402928638566,1.199337583072221,1.515964240102169
2023-07-14,0.96229218602463,1.0008388430072073,1.1985830340816976,0.8961376532997718,1.2857330112075678,1.1233644535507703,1.0356956460072362,0.9400904844491117,1.4513513719713313,1.1965127518549057,1.1938350133779914,1.53192848020434
2023-07-17,0.96229218602463,1.0072980685618964,1.1935476811145673,0.9023327216591466,1.2806822068967283,1.1348909392742959,1.0356956460072362,0.9345407204729179,1.4564864699904931,1.1837889296702253,1.192166801697114,1.2752234993614284
2023-07-18,0.96229218602463,1.0024326895206326,1.2029054101359575,0.9086806696641957,1.296949787584044,1.1436136424027592,1.0356956460072362,0.9375998980206903,1.4570270229030249,1.2389255299223738,1.1965738914127335,1.3505747126436762
2023-07-19,0.96229218602463,1.0010066500084196,1.2024597331653881,0.8989675022220052,1.297146605444408,1.1436136424027592,1.0356956460072362,0.936056795374865,1.4324324324324273,1.2266729271206525,1.1974453364157682,1.3933588761174946
2023-07-20,0.96229218602463,1.0061236755518836,1.1951741098970343,0.9052390104042171,1.2911118719764678,1.1437175067424634,1.0356956460072362,0.9288557169275435,1.4429729564769798,1.2992459928094655,1.192614990373743,1.3722860791826288
2023-07-21,0.96229218602463,1.0246623812095077,1.189515021651188,0.9264244531810154,1.288488060890866,1.1516095328291291,1.0356956460072362,0.9284225670769574,1.4432432844832088,1.27851087933649,1.1943578803798123,1.3461047254150682
2023-07-24,0.96229218602463,1.0321281927729973,1.1838113125882646,0.9144933055053464,1.2858642498052641,1.1516095328291291,1.0356956460072362,0.912558592467709,1.4808108355547882,1.2653157254132514,1.1895027207130413,1.4316730523627053
2023-07-25,0.96229218602463,1.0394262613348932,1.1641825089159288,0.9123518234457144,1.2870449167503688,1.1426791010212574,1.0356956460072362,0.9037332272931384,1.5156757251636355,1.286522170624785,1.1765804023179056,1.424010217113663
2023-07-26,0.96229218602463,1.0427816333637192,1.1685717099557638,0.9142638693348157,1.291505427624836,1.1516095328291291,1.0356956460072362,0.9123961234550683,1.5248648153768956,1.255890663620481,1.182406617663126,1.3799489144316708
2023-07-27,0.96229218602463,1.0211392021794694,1.1685939141242616,0.9009560462849531,1.2760905374969254,1.153063316683873,1.0356956460072362,0.9134248921688812,1.5135135135135087,1.1743638678774546,1.1792444833019784,1.362068965517239
2023-07-28,0.96229218602463,1.0230685346960824,1.1595927266793271,0.9032504663412688,1.2859298290679322,1.1531671810235768,1.0356956460072362,0.9248220278532993,1.4959459047059707,1.2431668414358001,1.180589049331865,1.3307790549169838
2023-07-31,0.96229218602463,1.038335707825868,1.1562284233117408,0.9115105185864288,1.2925549360446047,1.1599168578240546,1.0356956460072362,0.907929284530235,1.5375675510715745,1.241281851548366,1.1760326029658619,1.2873563218390784
2023-08-01,0.96229218602463,1.0326314857773975,1.1574984167577926,0.9087571678380422,1.2730075114279271,1.1611629922246685,1.0356956460072362,0.8987520544362956,1.528648685764617,1.2064090330306352,1.1763811809670757,1.2694763729246468
2023-08-02,0.96229218602463,1.0287727567445526,1.1709556302281374,0.9086042298413582,1.2708429153257215,1.1664589643956802,1.0356956460072362,0.9083895629744904,1.508378415494347,1.1672950153550772,1.1931378573755638,1.2471264367816073
2023-08-03,0.96229218602463,1.0270111672295335,1.1703763032864174,0.908298295496981,1.2673007543456871,1.1645898024073984,1.0356956460072362,0.908470747055914,1.5240540375580611,1.2087653546566273,1.1977192360917899,1.227969348659002
2023-08-04,0.96229218602463,1.0180354126532247,1.193569991523106,0.8884130299205291,1.2722859793938586,1.1645898024073984,1.0356956460072362,0.9331600868397357,1.5237838126517584,1.2144203243189304,1.2241116722341048,1.2369093231162178
2023-08-07,0.96229218602463,1.0162738231382056,1.1937482623113338,0.8882600335728355,1.268284683502788,1.1652128299950664,1.0356956460072362,0.9321854744634704,1.5200000453639628,1.2841658489987924,1.2163930915069538,1.231800766283523
2023-08-08,0.96229218602463,1.01417668362038,1.199229186008993,0.8861950496870504,1.2621187114371515,1.171131829753746,1.0356956460072362,0.9307236567488592,1.4964864576185026,1.3086710546022355,1.2197793795691547,1.240740740740739
2023-08-09,0.96229218602463,1.008556365072516,1.1945502683782776,0.8743403418342182,1.2564119543549117,1.169262667765464,1.0356956460072362,0.9258778243109906,1.4699999835040074,1.3944392742142873,1.2196797688937397,1.228607918263089
2023-08-10,0.96229218602463,1.0057881255490777,1.1983824528849312,0.8777055612713598,1.2557560015835112,1.174558639936476,1.0356956460072362,0.9236579187205121,1.467567546947578,1.3020735338184157,1.2204516032213595,1.2343550446998706
2023-08-11,0.96229218602463,1.005872029049684,1.193569991523106,0.879082236645553,1.2547720724264106,1.1774662076459639,1.0356956460072362,0.9151033352336777,1.4654054383973774,1.3053722942103256,1.2179119465374475,1.2120051085568309
2023-08-14,0.96229218602463,0.9942118744509242,1.1929016354273128,0.8726577321156476,1.2532633490232457,1.1659397219224383,1.0356956460072362,0.9177022343371919,1.458108128728089,1.3171536776290884,1.2227671062042182,1.2151979565772653
2023-08-15,0.96229218602463,0.9877527128958538,1.205422980379482,0.8695220072000464,1.2479501475893742,1.1728971274023243,1.0356956460072362,0.9229270602881046,1.4462161708522445,1.253063122611529,1.235490321974001,1.1851851851851836
2023-08-16,0.96229218602463,0.9852361198746156,1.210837079091566,0.8624856339813861,1.243752033837939,1.1740393974632344,1.0356956460072362,0.9266087835931887,1.4494594883274345,1.2214891768413072,1.240743924342432,1.1992337164750941
2023-08-17,0.96229218602463,0.9797836083279641,1.2075842215266324,0.8529254045358794,1.2358806005811336,1.1630321542129507,1.0356956460072362,0.9231435847885022,1.44540539303341,1.2351555501475044,1.2416651153204352,1.2081736909323098
2023-08-18,0.96229218602463,0.9838100803624027,1.2075842215266324,0.8595028470624687,1.2371925061239344,1.1682242620442587,1.0356956460072362,0.9244971906778058,1.4445946152145757,1.2021678338728072,1.2388267453357555,1.2247765006385678
2023-08-21,0.96229218602463,0.9747504222854876,1.1990286048122267,0.8523900340209716,1.2419154141214337,1.160436100297297,1.0356956460072362,0.9254717022042802,1.4278378873257984,1.2403393004268486,1.2366854126280262,1.1985951468710072
2023-08-22,0.96229218602463,0.9895982059114793,1.2075619111180937,0.8686042041669143,1.2439488516983033,1.1490134789134754,1.0356956460072362,0.9217629511553175,1.447297276677308,1.2064090330306345,1.239623512013598,1.191570881226052
2023-08-23,0.96229218602463,1.0062914185534777,1.1920995231203286,0.8810707223574916,1.2584453919317813,1.1521286960770933,1.0356956460072362,0.9171066154739653,1.4505404910525719,1.176720077147847,1.2292656639271204,1.2164750957854387
2023-08-24,0.96229218602463,0.9965607244705688,1.1744982043839518,0.8665392202811292,1.2582485740714173,1.1608514784308348,1.0356956460072362,0.907631575948411,1.434594644082555,1.1870876900621343,1.208848918505887,1.2062579821200492
2023-08-25,0.96229218602463,0.9873332593924412,1.1735624421058168,0.8578967355177451,1.253591325408946,1.1565939119810287,1.0356956460072362,0.9059531328836141,1.4364865277264527,1.1969839712378638,1.2151233225277362,1.202426564495528
2023-08-28,0.96229218602463,0.9985739604877881,1.1693737160227076,0.8752581448673505,1.2580518362834132,1.1554516419201188,1.0356956460072362,0.8994558851248244,1.4513513719713322,1.215362875440446,1.2126583441690164,1.2222222222222203
2023-08-29,0.96229218602463,1.0091435615775224,1.174141662807496,0.8845124399684798,1.2702525418169897,1.152647938550335,1.0356956460072362,0.9007011783390352,1.48054050754856,1.2045240431431998,1.21320614352106,1.199233716475094
2023-08-30,0.96229218602463,1.0013422000112266,1.1765033789113721,0.8673040269665678,1.2753690054628573,1.1583592888548846,1.0356956460072362,0.8998078508939871,1.48054050754856,1.3176248970120468,1.207902676452183,1.1794380587484017
2023-08-31,0.96229218602463,0.9869138698886474,1.1837444876026892,0.8579732336915917,1.2713676294994267,1.148494236440233,1.0356956460072362,0.9057906638709736,1.471081089329071,1.3044297430888083,1.2171401122098273,1.1775223499361411
2023-09-01,0.96229218602463,1.0031037895262456,1.1950404599258837,0.8622561978108554,1.2724172179915552,1.1454828043910412,1.0356956460072362,0.9215734543987985,1.5029729894689567,1.303016084939932,1.2334237863169404,1.187100893997444
2023-09-05,0.96229218602463,0.9999160964993946,1.1855937017504206,0.8466538963536675,1.263496196242621,1.1239874811384378,1.0356956460072362,0.9118817895230558,1.4983783412624005,1.2167766459449214,1.2290416289515442,1.203065134099615
2023-09-06,0.96229218602463,0.9881721663992663,1.187843972051644,0.8366347945670995,1.258182994808749,1.1360332093352055,1.0356956460072362,0.9121524703610013,1.4786486239046623,1.1828463785487076,1.236635666653057,1.2043422733077889
2023-09-08,0.96229218602463,0.981209647840177,1.1854377413707313,0.8334225714776516,1.2583798126691135,1.1372792645105414,1.0356956460072362,0.9149950225585826,1.4559459170779627,1.2276154782421675,1.2389761019861387,1.1966794380587467
2023-09-11,0.96229218602463,0.9965607244705686,1.181159986133549,0.8445124142940356,1.2615939972634476,1.1406022103535671,1.0356956460072362,0.9163756561917674,1.4810810604610918,1.229029248746643,1.240694059641985,1.2037037037037017
2023-09-12,0.96229218602463,1.0045298290384583,1.1803801842351032,0.8610325187843555,1.253722564006642,1.143198264269221,1.0356956460072362,0.910690652646393,1.4864864864864824,1.2926484720256444,1.227348484920444,1.1832694763729228
2023-09-13,0.96229218602463,1.0058720290496839,1.1831206460839327,0.8711281187447703,1.252279419866145,1.143302128608925,1.0356956460072362,0.9104198709586567,1.4751351846230956,1.262959516142857,1.2316310316104249,1.1851851851851833
2023-09-14,0.96229218602463,1.0162738231382054,1.1745873397780657,0.8695984470228835,1.2528697933748776,1.1422637228877193,1.0356956460072362,0.9030834520923641,1.5102702991382453,1.2761545577104962,1.223862704908305,1.1813537675606622
2023-09-15,0.96229218602463,1.0114923475975477,1.1544015195725486,0.8695984470228835,1.26185631431412,1.1420560734335894,1.0356956460072362,0.8937979093233288,1.5164865029824703,1.2459943824447501,1.2121105448169718,1.2164750957854387
2023-09-18,0.96229218602463,1.0075497150640966,1.150836635008196,0.8643212400476504,1.2669727779599875,1.1387331275905634,1.0356956460072362,0.8912261388134811,1.4997297750936929,1.2855796195032674,1.211811831516204,1.2043422733077886
2023-09-19,0.96229218602463,1.0024326895206326,1.1552704568651084,0.8525430303686649,1.2673007543456876,1.136967750716707,1.0356956460072362,0.8902515264372158,1.4981081163560979,1.3421301026154904,1.2085003405046726,1.2164750957854387
2023-09-20,0.96229218602463,1.0097307580825285,1.1586569644011928,0.8643212400476503,1.2762216960222617,1.139044641384397,1.0356956460072362,0.8914968196514266,1.526216249208188,1.2879359411292597,1.2115129994899592,1.231800766283523
2023-09-21,0.96229218602463,0.9886754594036662,1.157966297896861,0.8401529520009247,1.2589045268428178,1.1360332093352052,1.0356956460072362,0.890495179531283,1.5081080874881183,1.229971687512561,1.2147498121762987,1.2139208173690914
2023-09-22,0.96229218602463,0.9891787524080664,1.171133901016366,0.8369407289114768,1.2629714820689164,1.1370716150564113,1.0356956460072362,0.904761895157161,1.5024324365564248,1.2426956220528407,1.2287178645750758,1.2190293742017861
2023-09-25,0.96229218602463,0.9888432024052598,1.1642715380700024,0.8362523620488752,1.2571990656516483,1.1298026957826914,1.0356956460072362,0.9002138721509043,1.4935134681495414,1.2436380608187583,1.228468897249277,1.2292464878671758
2023-09-26,0.96229218602463,0.9731566397716809,1.1712007260019413,0.8246271487175835,1.2465726627839049,1.1129802378881541,1.0356956460072362,0.9038144113745622,1.4797297297297252,1.2516493521070533,1.2370339906292394,1.2254150702426547
2023-09-27,0.96229218602463,0.9747504222854874,1.1741194586389987,0.8204971225950034,1.2276811909386276,1.1032190498132062,1.0356956460072362,0.9059531328836146,1.4729729729729684,1.3025447532013745,1.2414908263198274,1.2343550446998706
2023-09-28,0.96229218602463,0.9875010663936534,1.180201913446876,0.8391587091449556,1.2203345519278865,1.109553427705424,1.0356956460072362,0.9130458986558431,1.475135184623095,1.387841641074868,1.2554340650938587,1.2477650063856944
2023-09-29,0.96229218602463,0.9944635849527428,1.1852371601739655,0.8400764538270781,1.2122663008107168,1.1234683178904734,1.0356956460072362,0.9122878107799732,1.4940540210620732,1.3803015691695317,1.2530936297607767,1.2177522349936127
2023-10-02,0.96229218602463,0.981041840838964,1.1842123687417574,0.831663463585234,1.2003935716628407,1.1156801561435117,1.0356956460072362,0.9126397765491356,1.4775675180795984,1.3383600104850226,1.2555834217442423,1.2484035759897814
2023-10-03,0.96229218602463,0.9666135747160038,1.1822517087913738,0.8175143356760862,1.196851410682806,1.1011422383707943,1.0356956460072362,0.9144265322890254,1.4697297585977045,1.3897266309623024,1.2602394787856603,1.2452107279693472
2023-10-04,0.96229218602463,0.9692979107388356,1.20201416243486,0.8325047684445196,1.1928501147917354,1.1045690485535244,1.0356956460072362,0.9381142319527005,1.46108111819705,1.3958529323631634,1.2863330829017303,1.241379310344826
2023-10-05,0.96229218602463,0.9651036317031845,1.2061137531238553,0.8376290374230687,1.1916037885116024,1.1080996438506803,1.0356956460072362,0.9367335983195185,1.450000041239966,1.4919886525339034,1.2834200345918587,1.270753512132821
2023-10-06,0.96229218602463,0.9730727362710742,1.202704828939192,0.8466538963536675,1.2005247301881767,1.1099688058389623,1.0356956460072362,0.9418230838514567,1.4627026738347189,1.57304434124957,1.2860094372507396,1.2567049808429105
2023-10-09,0.96229218602463,0.9828873338545895,1.2095448814770169,0.8403059483486186,1.2131846507051496,1.1090342644574602,1.0356956460072362,0.933863917528268,1.451621596877635,1.5909519137135946,1.2812040235589377,1.247126436781608
2023-10-10,0.96229218602463,0.9933730314437174,1.2074059507384054,0.8497131814464316,1.2207281075762548,1.12564899367259,1.0356956460072362,0.9360026390373175,1.4654054383973774,1.5937794547225457,1.2785896885498338,1.2401021711366527
2023-10-11,0.96229218602463,0.9980706674833876,1.193725951902796,0.8559082498058066,1.2284683823077243,1.1168224262044222,1.0356956460072362,0.9201386644280691,1.46567566330368,1.5914232454521526,1.2576251437765567,1.246487867177521
2023-10-13,0.96229218602463,0.9852361198746151,1.1833656356176958,0.8441300401268214,1.2642833876117172,1.11879537330713,1.0356956460072362,0.9119629736044825,1.4724324200604366,1.5249764811642,1.256355256071862,1.259897828863345
2023-10-16,0.96229218602463,0.9932052884421237,1.1772831808098188,0.8505544863057171,1.2601508531229502,1.1188992376468343,1.0356956460072362,0.9134519199127601,1.473243197879271,1.465127237660067,1.256927987774129,1.2515964240102158
2023-10-17,0.96229218602463,0.9875010663936534,1.1838558271653021,0.8346462505041515,1.2612003615427192,1.1111110758998726,1.0356956460072362,0.9120442585356967,1.4708107613228416,1.4509896449709114,1.2542887204148019,1.2490421455938683
2023-10-18,0.96229218602463,0.9713950502566614,1.185482255947769,0.8298279158699797,1.282584485948262,1.1184838595132962,1.0356956460072362,0.9105553122274191,1.4235134640255445,1.4401508126736653,1.2542388557143558,1.2567049808429103
2023-10-19,0.96229218602463,0.9718983432610615,1.1856605267359968,0.8315105255885505,1.291177451239136,1.1100726701786665,1.0356956460072362,0.9139933824384392,1.4216215803816463,1.3934967230927708,1.2588949127557738,1.2899106002554261
2023-10-20,0.96229218602463,0.9634258816891528,1.1910969358566192,0.8315105255885505,1.3004263693014104,1.1090342644574605,1.0356956460072362,0.9149138384771595,1.3932432226232534,1.3661639764803766,1.2605880567868741,1.265644955300126
2023-10-23,0.96229218602463,0.96174819567474,1.1889356947094691,0.8282983024991025,1.2963594941476715,1.1075804806027167,1.0356956460072362,0.9088227128250773,1.4013513101113761,1.378887911020656,1.2527201194093394,1.2522349936143025
2023-10-24,0.96229218602463,0.9692140072382296,1.191141450433656,0.8332695751299585,1.295506723515907,1.1092419139115905,1.0356956460072362,0.9059260042899457,1.4045946275865664,1.40009424387659,1.2479893840427294,1.2362707535121313
2023-10-25,0.96229218602463,0.9613287421713272,1.1775505869921608,0.8305927225554185,1.3014758777211792,1.1088265357780527,1.0356956460072362,0.9015674780402083,1.3837838044037647,1.4184731480791728,1.2426860356993297,1.2260536398467419
2023-10-26,0.96229218602463,0.9793641548245512,1.176681649699601,0.849101312757677,1.3035093152980488,1.1091380495718868,1.0356956460072362,0.9006470220014909,1.4027027439426687,1.5146088682499128,1.2436072266773333,1.2241379310344813
2023-10-27,0.96229218602463,0.9659424747103912,1.172648883996181,0.8279158699808784,1.3044276651924813,1.1158878055976424,1.0356956460072362,0.8973984485469899,1.4216215803816465,1.491046213767986,1.2412667913442512,1.2279693486590024
2023-10-30,0.96229218602463,0.9588960526506953,1.1672570956926358,0.8194263815651877,1.309412890240653,1.103530563607041,1.0356956460072362,0.8957741618197408,1.4137838208997529,1.5796418620333899,1.2329830773453776,1.221583652618134
2023-10-31,0.96229218602463,0.9646841781997719,1.1928125000332,0.8169789651611783,1.3021974097552478,1.1106956977663347,1.0356956460072362,0.9160778467601531,1.4175675881875485,1.6847314246139415,1.256405120772308,1.2228607918263077
2023-11-01,0.96229218602463,0.9808740978373702,1.1872424409414268,0.8263862566100011,1.2979993760761726,1.1160955342770507,1.0356956460072362,0.9005928656639431,1.4364865277264525,1.646559845704301,1.2534172754117672,1.213282247765005
2023-11-03,0.96229218602463,1.0072980685618964,1.1716462967324706,0.8598087814068464,1.3063299442440144,1.1266873993937963,1.0356956460072362,0.8910906975447196,1.4618918960158847,1.6564562392356297,1.2331996326158865,1.2190293742017866
2023-11-06,0.96229218602463,1.0099824045847283,1.1699530429644285,0.8639388075294264,1.2998359957926777,1.1197299939139103,1.0356956460072362,0.886299021444396,1.4797297297297254,1.5381715227318398,1.219829125544122,1.2190293742017866
2023-11-07,0.96229218602463,1.0168610196432115,1.166789214553568,0.8822179615611545,1.2901279428193668,1.1207683996351165,1.0356956460072362,0.881534473937739,1.472702748066666,1.4797361620877814,1.2160694458559616,1.1966794380587469
2023-11-08,0.96229218602463,1.0159382731353988,1.1603725285777742,0.8898661451175599,1.2800918333879958,1.1266873993937965,1.0356956460072362,0.8771217913504538,1.4864864864864822,1.4637134671555918,1.212932243845037,1.2158365261813524
2023-11-09,0.96229218602463,1.0140927801197732,1.1691732410659827,0.8849713123095413,1.2884224015558376,1.1266873993937965,1.0356956460072362,0.8809659836681812,1.4859459335739504,1.4330819601512879,1.222343849877811,1.1954022988505733
2023-11-10,0.96229218602463,1.028437206741746,1.1733618609090515,0.8931548663808546,1.267694309994055,1.1276219407752983,1.0356956460072362,0.8828339234894972,1.5129729606009774,1.429311980376419,1.2284688972492765,1.1851851851851838
2023-11-13,0.96229218602463,1.0270950707301394,1.1682597891963866,0.8822179615611546,1.276156116759593,1.1239874811384383,1.0356956460072362,0.87433339549042,1.5032432143752597,1.5065975769616178,1.2183798436432989,1.2190293742017866
2023-11-14,0.96229218602463,1.0505829949300145,1.1691286202489057,0.8946845381027416,1.2868481789623643,1.1317756428854,1.0356956460072362,0.8755245323670832,1.5416216463655994,1.4637134671555918,1.2215720155501915,1.2215836526181338
2023-11-16,0.96229218602463,1.0627464425331745,1.1742754190186886,0.9101338432122361,1.3013447191958423,1.1367601012625779,1.0356956460072362,0.8700018969845587,1.564864906104831,1.4429783536826162,1.2102929764857102,1.212643678160918
2023-11-17,0.96229218602463,1.0641724820453873,1.1767039601081397,0.9073039942900025,1.2998359957926773,1.1434059929486295,1.0356956460072362,0.8732234426951808,1.5702702290302955,1.3949104935972463,1.2106166221367012,1.1928480204342258
2023-11-20,0.96229218602463,1.0738192726276898,1.1724484090394551,0.9133460663016842,1.2972777639697437,1.1387331275905639,1.0356956460072362,0.8724654556691042,1.5756756550556863,1.3581526851920813,1.1999046159515787,1.1992337164750944
2023-11-21,0.96229218602463,1.0715543901082705,1.1824744941566383,0.9101338432122362,1.3114464078898813,1.1347870749345919,1.0356956460072362,0.8854868780807713,1.5910810522130976,1.3411875514939742,1.2080272194778205,1.2005108556832682
2023-11-22,0.96229218602463,1.0741548866301154,1.1900720381843704,0.9158699808795402,1.3062643649813457,1.1255451293328862,1.0356956460072362,0.895286855631607,1.5905404993005658,1.365221537714459,1.2198540578943455,1.197318007662834
2023-11-24,0.96229218602463,1.070212254096664,1.1909854900539667,0.9200765051759668,1.3133486068690547,1.13862926325086,1.0356956460072362,0.8870029529827156,1.5583783742543773,1.345428863007401,1.220650824572188,1.1832694763729235
2023-11-27,0.96229218602463,1.0724771366160835,1.1881113782339867,0.924282971121384,1.3196458175323869,1.1401869114453078,1.0356956460072362,0.8821299919511778,1.5643243531922997,1.316682345890531,1.220252381870528,1.1634738186462312
2023-11-28,0.96229218602463,1.0789362981711539,1.195040459925885,0.9347610036000228,1.3379468357965718,1.1449636411430781,1.0356956460072362,0.8916321600703985,1.5648649061048314,1.2752121189445798,1.2189079345661187,1.1532567049808418
2023-11-29,0.96229218602463,1.0758325726445284,1.1919212523321019,0.9342256330851149,1.342800902319407,1.1457943181848758,1.0356956460072362,0.896261468007872,1.5754054301493836,1.3213948767869161,1.2125089875186312,1.1487867177522337
2023-11-30,0.96229218602463,1.0865699167358562,1.194839984969159,0.94990437436514,1.3368973273768028,1.1477673445128616,1.0356956460072362,0.902948111673393,1.563783800279768,1.3204524380209985,1.2210491485483705,1.1794380587484021
2023-12-01,0.96229218602463,1.0920224282825075,1.191832116937988,0.9491395676797013,1.35847818957035,1.1504672627682195,1.0356956460072362,0.9005928656639429,1.5608108108108067,1.3261074076833015,1.2257798839149805,1.1864623243933574
2023-12-04,0.96229218602463,1.081369051691405,1.1894258862570755,0.9510516135688027,1.3277139885771962,1.1463135606581176,1.0356956460072362,0.9062238137215602,1.541081093453068,1.2695570369266775,1.2205659358559522,1.175606641123881
2023-12-05,0.96229218602463,1.082123991198005,1.1927010542305476,0.956022944550668,1.3240406690718258,1.1468328031313595,1.0356956460072362,0.9087144001499816,1.5370269981590436,1.277097108832014,1.2307595866073895,1.1966794380587469
2023-12-06,0.96229218602463,1.0713866471066769,1.182363048353986,0.9431739938418667,1.3319121023286313,1.1474558307190275,1.0356956460072362,0.9064133104780795,1.5324324530524136,1.2106503445440615,1.226925228594037,1.1871008939974441
2023-12-07,0.96229218602463,1.074322693631328,1.1787536492125967,0.9453154759014986,1.331518546680263,1.1457943181848755,1.0356956460072362,0.9009989877706505,1.5245945904705935,1.218190416449398,1.2203270601957197,1.19604086845466
2023-12-08,0.96229218602463,1.0831305772068047,1.180246428023913,0.9615296460474415,1.3107904551184806,1.144963641143078,1.0356956460072362,0.9218982915742895,1.541081093453068,1.2163054265619637,1.222543071228641,1.1896551724137916
2023-12-11,0.96229218602463,1.0827950912036173,1.1736069566828546,0.9589292332957385,1.2974745818301072,1.1427829653609618,1.0356956460072362,0.9138038856819198,1.5432432020032685,1.1456173507605847,1.2183566921752345,1.1762452107279677
2023-12-12,0.96229218602463,1.0782651981655407,1.1827195899304415,0.9540344004877199,1.2973434233047711,1.1500518846346817,1.0356956460072362,0.9145618727079965,1.5451350856471666,1.0890669800039607,1.2291660532517044,1.1813537675606625
2023-12-13,0.96229218602463,1.108128572418737,1.1814941110614263,0.9819502821388015,1.3002952107760732,1.1553478568056939,1.0356956460072362,0.9254446744604049,1.5694594512114615,1.100377031684166,1.2360878673010127,1.166666666666665
2023-12-14,0.96229218602463,1.1167687769922394,1.1928347042016982,0.9973230890744492,1.3317152844682674,1.168224262044259,1.0356956460072362,0.9323750720697808,1.5851351763751016,1.1272384465580025,1.2246096068857013,1.166666666666665
2023-12-15,0.96229218602463,1.1111484584443754,1.2024152185883528,0.9965583407400205,1.3257461302629951,1.1788161271610047,1.0356956460072362,0.9352988083487881,1.588918943662897,1.1738925361388972,1.2236634835574747,1.2337164750957836
2023-12-18,0.96229218602463,1.118614270007865,1.1957979514157921,1.0019120458891002,1.3291571327176936,1.1815160454163627,1.0356956460072362,0.9371667481701044,1.5959459253259565,1.1795476181567992,1.2249226859692164,1.2183908045976994
2023-12-19,0.96229218602463,1.1253250140655162,1.1919435627406405,1.0034416592599773,1.3370941452371672,1.173831748009105,1.0356956460072362,0.9280706013077978,1.6062162244642062,1.174363867877455,1.2190074265160564,1.207535121328223
2023-12-20,0.96229218602463,1.1148393164763883,1.1887797343297801,0.9912046355909405,1.3345359134142334,1.1885773152359524,1.0356956460072362,0.9156446969095666,1.603243234995245,1.1531574226659214,1.2116872884905656,1.1998722860791808
2023-12-21,0.96229218602463,1.1275061210835673,1.1967783345110043,0.9969407732582445,1.3375532801482033,1.1890965577091948,1.0356956460072362,0.9269877771062278,1.6459459871859123,1.2120641150485376,1.2236634835574745,1.2068965517241361
2023-12-22,0.96229218602463,1.1334619256346186,1.196800644919543,1.0049712726308544,1.3493605101057717,1.1923156392125165,1.0356956460072362,0.9295595476160755,1.6508108602987712,1.2299716875125621,1.215496832879172,1.2081736909323098
2023-12-26,0.96229218602463,1.1383273046758826,1.1949959453488483,1.0126194561872597,1.3500819620674807,1.1922117748728125,1.0356956460072362,0.9244430343402585,1.661621609249626,1.2016965021342503,1.2124949779123153,1.2266922094508284
2023-12-27,0.96229218602463,1.145960923240585,1.1949959453488483,1.0156787996310335,1.3656280107207277,1.1943924506549282,1.0356956460072362,0.914643056789423,1.669189143825217,1.234212999025989,1.1984910704194078,1.2171136653895258
2023-12-28,0.96229218602463,1.1458770837395977,1.1936368165086826,1.0214149372983374,1.360380388549524,1.1948078287884665,1.0356956460072362,0.9236850473141818,1.6729730142129389,1.2049952625261602,1.2016282724303327,1.2113665389527442
2024-01-02,0.96229218602463,1.1338813791380316,1.1919212523321019,1.007648183556404,1.3541488372212196,1.1941848012007983,1.0356956460072362,0.9314546160310605,1.6540540746740349,1.2101791251611036,1.2081765761282037,1.1845466155810966
2024-01-03,0.96229218602463,1.134720286144857,1.197758611366176,1.0019120458891,1.3343390955538696,1.1992730446924018,1.0356956460072362,0.9376269257645689,1.6594595006994257,1.257304434124957,1.2256305272645966,1.1883780332056177
2024-01-04,0.96229218602463,1.1204597630234907,1.1946394037723929,0.9907456465478596,1.3396523770601012,1.1942886655405025,1.0356956460072362,0.9311838343433244,1.6364864658664973,1.3294062804308118,1.2248088282365308,1.1915708812260521
2024-01-05,0.96229218602463,1.1279255745869803,1.195887086809906,1.0058891340149962,1.3397179563227695,1.1944963149946324,1.0356956460072362,0.9156718255032357,1.6254053889094133,1.3633364354714266,1.2189327481908643,1.1768837803320549
2024-01-08,0.96229218602463,1.131029300113606,1.185304091399582,1.0110134029935454,1.3293538705056982,1.1848389912593889,1.0356956460072362,0.9094995157697273,1.6372973467852578,1.404335555390018,1.2102350384528107,1.1621966794380574
2024-01-09,0.96229218602463,1.122472935041091,1.188111378233987,0.9983173902814277,1.3292227119803621,1.179127720180117,1.0356956460072362,0.9137767570882506,1.5978378089698546,1.5032988165697092,1.212309766167801,1.1730523627075338
2024-01-10,0.96229218602463,1.1176915235000524,1.1933695165663816,0.9919693839253689,1.326139685911364,1.1730009917420292,1.0356956460072362,0.9195701741585113,1.5732432184992573,1.4321395213853714,1.2212981158741694,1.1736909323116207
2024-01-11,0.96229218602463,1.1152587699798013,1.1945725787868176,0.9904397705544917,1.3212856994608886,1.1730009917420292,1.0356956460072362,0.908443719312036,1.570270229030296,1.4594721556421664,1.217887014187223,1.1692209450830127
2024-01-12,0.96229218602463,1.1177753630010396,1.1917652919524127,0.9957934757035715,1.3425385051963754,1.1728971274023254,1.0356956460072362,0.9071442697602802,1.5662162368361976,1.5612629578308084,1.2124840551684082,1.1417624521072784
2024-01-16,0.96229218602463,1.1037664863818732,1.1859724474953752,0.99120463559094,1.32896031485733,1.1736240193296972,1.0356956460072362,0.9028127712544187,1.5351351145151462,1.3666353082189355,1.2106166221367007,1.1328224776500626
2024-01-17,0.96229218602463,1.095126281808371,1.1744758939754143,0.9881452921471661,1.3136110039920872,1.172170235474953,1.0356956460072362,0.9052492013452951,1.5189189395389004,1.3524976031741802,1.2262280725916093,1.1296296296296284
2024-01-18,0.96229218602463,1.0869893702392686,1.193414031143418,0.9877628596289418,1.3241062483344945,1.1713395584331552,1.0356956460072362,0.9017028184591822,1.5127027356946754,1.270970807431154,1.2284938295994994,1.1340996168582362
2024-01-19,0.96229218602463,1.090093095765894,1.192567404259397,0.9882218486720227,1.3292882912430302,1.1619937484917455,1.0356956460072362,0.9002138721509045,1.5129729606009783,1.1870876900621357,1.226526785892377,1.1379310344827571
2024-01-22,0.96229218602463,1.0804463051835915,1.1906512588860498,0.9755258359599049,1.324893439703591,1.1599168578240555,1.0356956460072362,0.8963968084268461,1.4997297750936938,1.1399622687426831,1.2211841394160068,1.1385696040868438
2024-01-23,0.96229218602463,1.0959650608159581,1.2083863338336176,0.9853155015759423,1.327451591454165,1.1615783703582074,1.0356956460072362,0.9115298237538962,1.5210810480891013,1.154571193170397,1.2420136933216477,1.1404853128991044
2024-01-24,0.96229218602463,1.091267488775907,1.196288142963398,0.9847036328871875,1.3210233023378564,1.1630321542129514,1.0356956460072362,0.9037060986994696,1.5383783288904103,1.244580611940276,1.2330253436152796,1.1551724137931016
2024-01-25,0.96229218602463,1.0949584748071581,1.1956643014446415,0.9802676724202302,1.322991160652058,1.175493181317979,1.0356956460072362,0.9049243641698017,1.5316215721336535,1.2115928956655788,1.2281203192480625,1.153895274584928
2024-01-26,0.96229218602463,1.1005787933550222,1.187509740883728,0.9801912325973932,1.3229255813893899,1.175493181317979,1.0356956460072362,0.9009989877706505,1.5551351598791137,1.2780395475979325,1.2239623155837194,1.1398467432950175
2024-01-29,0.96229218602463,1.0967201283217964,1.1857496621301107,0.9762906426453437,1.328435520611266,1.1752855318638489,1.0356956460072362,0.8949348898624468,1.5216216010016326,1.1734213167559382,1.2234145162316754,1.1245210727969333
2024-01-30,0.96229218602463,1.0867377237370686,1.1924337542882468,0.9681835283968674,1.3325680551000327,1.1734163698755669,1.0356956460072362,0.908822712825077,1.5264864741144915,0.9787935547884661,1.2325274089636815,1.1436781609195386
2024-01-31,0.96229218602463,1.0909320027727196,1.1943052788445165,0.9739961642380183,1.3436535928788127,1.1804776396951566,1.0356956460072362,0.9091475500005677,1.5148648442448758,0.989632387085712,1.2325523413139046,1.1449553001277122
2024-02-01,0.96229218602463,1.0980622003337839,1.1917207773753762,0.9812619736272091,1.3466710396851425,1.1809968821683987,1.0356956460072362,0.9127480892242281,1.5013513307313622,0.9660697326037854,1.2329506652900872,1.142401021711365
2024-02-02,0.96229218602463,1.0849760702224303,1.1895595362282259,0.9827915869980863,1.3355854218340026,1.1791277201801167,1.0356956460072362,0.9084707470559144,1.4986486692686298,0.9797361059099825,1.223763094232889,1.1309067688378016
2024-02-05,0.96229218602463,1.088834863254894,1.18532629556808,0.9898279018657369,1.3287634969969662,1.1785046133671706,1.0356956460072362,0.8995912255437989,1.4986486692686298,0.9811498764144579,1.2282294279616572,1.1309067688378016
2024-02-06,0.96229218602463,1.1149232839766139,1.1847692790348985,1.021032504780113,1.334535913414234,1.1805815040348606,1.0356956460072362,0.9015404502963291,1.5305405694085157,0.9467483896352851,1.2324634159314423,1.1206896551724121
2024-02-07,0.96229218602463,1.1094706444307245,1.1876657012634173,0.9946462948509185,1.3349950483252706,1.1834890717443487,1.0356956460072362,0.9083082780432739,1.5389188818029411,0.9269557149282269,1.2355400679489679,1.109195402298849
2024-02-08,0.96229218602463,1.0945390213037454,1.1913865462074589,0.9709368791452542,1.333027190011069,1.1817237740957707,1.0356956460072362,0.9085249033934623,1.5237838126517589,0.9033930604463003,1.237282957955037,1.1066411238825016
2024-02-09,0.96229218602463,1.091770781780307,1.1980928425340927,0.9705545049780397,1.3271892744034928,1.1821390730040306,1.0356956460072362,0.9053033576828399,1.502702661462728,0.8704052879938035,1.242910070674905,1.0957854406130252
2024-02-14,0.96229218602463,1.0848083912204558,1.180224223855415,0.9648183673107358,1.3055428329472778,1.1823468016834386,1.0356956460072362,0.8885189270348715,1.4878378172178486,0.7582469290686736,1.23297559764031,1.0836526181353752
2024-02-15,0.96229218602463,1.0900930957658943,1.187331576335541,0.96933076760053,1.3132830276063872,1.1830736936108106,1.0356956460072362,0.8934730721478383,1.497837788349869,0.7450518313232348,1.2370339906292382,1.0670498084291171
2024-02-16,0.96229218602463,1.0984816538371966,1.1911859650106926,0.963671128107073,1.3194489996720236,1.1808930178286947,1.0356956460072362,0.8978857547351237,1.537837879077804,0.7582469290686736,1.238054911008134,1.063856960408683
2024-02-20,0.96229218602463,1.108631865423137,1.1906067443090131,0.9892925897018386,1.329944244014431,1.1803737753554528,1.0356956460072362,0.8927962692031853,1.5335135588774769,0.7426955658750422,1.2340710776189205,1.0696040868454646
2024-02-21,0.96229218602463,1.1106450374407373,1.1863735036488674,0.9850860654054118,1.3265333216320925,1.1817237740957707,1.0356956460072362,0.8893040426546202,1.5405405405405364,0.8355325256538723,1.2266015829430459,1.0498084291187724
2024-02-22,0.96229218602463,1.1119033979509756,1.1892254113003495,0.9827915869980862,1.3248277803685635,1.1817237740957707,1.0356956460072362,0.8884377429534479,1.5591891520732113,0.8162111265075727,1.2287178645750747,1.0370370370370354
2024-02-23,0.96229218602463,1.1053603328952988,1.1932135561866923,0.9751434034416809,1.3372253037625041,1.175493181317979,1.0356956460072362,0.8927691406095162,1.5470270723909902,0.7554194442375222,1.2355650002991907,1.0210727969348643
2024-02-26,0.96229218602463,1.1060314329009115,1.1914088566159977,0.975678773956589,1.3306001967858316,1.1777777214397989,1.0356956460072362,0.8877067836712471,1.535945995433906,0.7818096397283999,1.2433085133765647,1.0395913154533827
2024-02-27,0.96229218602463,1.125408981565742,1.20288309972742,0.9866156787762891,1.334207937028534,1.1777777214397989,1.0356956460072362,0.8952598278877283,1.5643243531922992,0.7610744700776247,1.239673257988565,1.0427841634738169
2024-02-28,0.96229218602463,1.111232297945363,1.1910969358566192,0.9854684979236361,1.3335519842571335,1.1775700719856688,1.0356956460072362,0.8872466060767823,1.5618919166358698,0.8883129166356277,1.228095505623316,1.0555555555555538
2024-02-29,0.96229218602463,1.1022564793694352,1.198894954841077,0.9759082101271197,1.3418825524249756,1.1821390730040304,1.0356956460072362,0.8926338001905447,1.5524323953164545,0.8765315893946645,1.2367850233034392,1.0619412515964222
2024-03-01,0.96229218602463,1.1022564793694352,1.196020843021097,0.9728489250343557,1.3689077745777305,1.1815160454163625,1.0356956460072362,0.8963156243454196,1.5691892263051581,0.8647502621537013,1.2374075009806749,1.0530012771392063
2024-03-04,0.96229218602463,1.0961328678171711,1.192144037697366,0.9681835283968675,1.3891111519658084,1.1790238558404125,1.0356956460072362,0.8890603895605532,1.5654053559174363,0.9029217848855422,1.2331498866409167,1.06641123882503
2024-03-05,0.96229218602463,1.09294517479032,1.1960653575981337,0.9659656065143986,1.3994752377828796,1.1798546121074887,1.0356956460072362,0.88930404265462,1.5554053847854157,0.9222431840318418,1.2312077752840176,1.0561941251596405
2024-03-06,0.96229218602463,1.1007466003562352,1.1972685260586102,0.9751434034416813,1.4104952763713514,1.1802699902410265,1.0356956460072362,0.8942580869177936,1.5475675222035956,0.9090480862864031,1.2342453666195272,1.0676883780332036
2024-03-07,0.96229218602463,1.0957134143137586,1.1996524463309841,0.9694072657743773,1.415546080682191,1.187227395720912,1.0356956460072362,0.8965051211019387,1.5445946358345606,0.8567389146876064,1.2308841296330268,1.0881226053639828
2024-03-08,0.96229218602463,1.084808391220456,1.202459733165389,0.97323135755258,1.4290587718309282,1.184631341805258,1.0356956460072362,0.9030834520923641,1.5429729770969656,0.8506126132867456,1.22844408362453,1.0887611749680697
2024-03-11,0.96229218602463,1.0771747726557537,1.1968006449195427,0.9743785967562428,1.4316169235815024,1.1854620980723343,1.0356956460072362,0.9033812615239787,1.5305405694085155,0.8289349486922531,1.2393346529274407,1.0938697318007644
2024-03-12,0.96229218602463,1.0895898027614945,1.210881699908644,0.9881452921471665,1.4171203032756645,1.1832813430649403,1.0356956460072362,0.9180812278502334,1.5378378790778038,0.8077285596585193,1.2392997476371284,1.095785440613025
2024-03-13,0.96229218602463,1.0933646282937328,1.209901316813432,0.9954110431853477,1.4269595948466713,1.186604288907966,1.0356956460072362,0.911042517565762,1.5481080751161274,0.7813383641676418,1.2371336013046534,1.0893997445721566
2024-03-14,0.96229218602463,1.0896736422624818,1.2125526432681477,0.987839416153799,1.4188258445391935,1.1822429373437342,1.0356956460072362,0.9109343057404599,1.5281081328520858,0.8204524380209994,1.2372581443302915,1.0791826309067671
2024-03-15,0.96229218602463,1.0808657586870047,1.209299785703214,0.9827915869980868,1.4150869457711548,1.1773623433062603,1.0356956460072362,0.9117193205104152,1.5297296884897547,0.7799245936631661,1.243109292025735,1.1155810983397172
2024-03-18,0.96229218602463,1.0840533237146177,1.2055121157735968,0.9782026885344456,1.4173171211360287,1.1731048560817328,1.0356956460072362,0.9027857435105398,1.5508108396787856,0.8025447532013756,1.2369710661262945,1.1136653895274566
2024-03-19,0.96229218602463,1.0893381562592943,1.2080074818486235,0.9766730168125588,1.4144309929997545,1.1742471261426426,1.0356956460072362,0.912748089224228,1.5813513059873794,0.8218661523476753,1.252246998382487,1.1226053639846725
2024-03-20,0.96229218602463,1.1015015398628352,1.2168750193224076,0.986462682428596,1.4154804213471635,1.1790238558404125,1.0356956460072362,0.901459165365115,1.5964864782384878,0.8006597633139414,1.2523964737583482,1.1213282247764986
2024-03-21,0.96229218602463,1.0945390213037456,1.2095225710684787,0.9766730168125588,1.4315512642464747,1.1741432618029386,1.0356956460072362,0.8904680509376138,1.6040540128140788,0.793119691408605,1.2365111236274178,1.1257982120051067
2024-03-22,0.96229218602463,1.0834661912092303,1.2035737662317523,0.9625238889034108,1.4156117400172192,1.1723779641543608,1.0356956460072362,0.8880316208467403,1.5832432927312032,0.7818096397284001,1.2385777780099552,1.1219667943805856
2024-03-25,0.96229218602463,1.0847244237202303,1.1931912457781537,0.96084127918484,1.426566119270663,1.1750778824097188,1.0356956460072362,0.8813720049250979,1.5737837714117882,0.761074470077625,1.2451508953325718,1.1181353767560644
2024-03-26,0.96229218602463,1.0833822237090047,1.2003209086668185,0.9695602037710613,1.4270909135167273,1.1728971274023248,1.0356956460072362,0.8892769140609509,1.5678377924738658,0.7422243464920837,1.238005046307688,1.1047254150702406
2024-03-27,0.96229218602463,1.090260902767107,1.2012343605364149,0.9775143216718442,1.4369302050877342,1.1695741815592986,1.0356956460072362,0.8890062332230054,1.5986486898886145,0.8096136057237534,1.2388764913107226,1.0900383141762433
2024-03-28,0.96229218602463,1.0930291422905454,1.200810993974384,0.9789674952198844,1.454509611245491,1.1768431800582964,1.0356956460072362,0.892958738215826,1.6000000206199807,0.8308199947574874,1.2425117466987223,1.1289910600255408
2024-04-01,0.96229218602463,1.0844727772180303,1.1941715226333256,0.959847036328871,1.4670383732371275,1.1737278836694005,1.0356956460072362,0.8967486733462153,1.6094594388394696,0.8656927570974184,1.2482134190183047,1.112388250319283
2024-04-02,0.96229218602463,1.0892543167583069,1.1941715226333256,0.961453147873595,1.4831092161364388,1.1717548573414145,1.0356956460072362,0.902352593659954,1.6051351186391425,0.8774740843383818,1.2582724350785375,1.0893997445721566
2024-04-03,0.96229218602463,1.0872410167414686,1.2128423598590283,0.9629063214216352,1.5050179746433263,1.1725856136084905,1.0356956460072362,0.9046807110757348,1.602702682082713,0.8675777469848529,1.2609615671383105,1.1028097062579802
2024-04-04,0.96229218602463,1.0887508957546685,1.2160283924383868,0.9655831739961751,1.5013447352103155,1.1717548573414143,1.0356956460072362,0.8997265659627706,1.6054054466453713,0.836003801214631,1.2545376877405998,1.111749680715196
2024-04-05,0.96229218602463,1.0814528911923917,1.218546068921952,0.9697896982926019,1.5255493284171047,1.1693665321051685,1.0356956460072362,0.9049785205073496,1.5818918588999114,0.8411875514939753,1.259218677132241,1.1091954022988488
2024-04-08,0.96229218602463,1.1009982468584347,1.2156273362848946,0.98126197362721,1.5294850450455075,1.1696780458990024,1.0356956460072362,0.9022442809848613,1.6135135341334943,0.8689915174893285,1.2585961994550052,1.112388250319283
2024-04-09,0.96229218602463,1.1098062584331498,1.2180335669658071,0.9885277246653913,1.5372253197769767,1.171339558433154,1.0356956460072362,0.8956928768885241,1.6105405446645331,0.8821866152347673,1.2508776187278543,1.1015325670498066
2024-04-10,0.96229218602463,1.0929451747903196,1.2100350730246234,0.9663479806816139,1.5281076403123983,1.1673935057771825,1.0356956460072362,0.8933106031351955,1.5929729358569948,0.8883129166356281,1.246819107013449,1.1091954022988488
2024-04-11,0.96229218602463,1.0877443097458683,1.214557924035609,0.966730413199838,1.544637618122746,1.1631360185526547,1.0356956460072362,0.8968841146149776,1.5878378378378333,0.8312912703182458,1.2614096370894619,1.0951468710089383
2024-04-12,0.96229218602463,1.075664765643315,1.215671850861931,0.9560229445506686,1.5455558879448188,1.1651089656553624,1.0356956460072362,0.8996725104750138,1.5681081204800946,0.8341187551493973,1.2674351925109895,1.112388250319283
2024-04-15,0.96229218602463,1.0701283505960573,1.2016799312669437,0.9399617707524193,1.551853098608151,1.1604361002972965,1.0356956460072362,0.9038415399682321,1.5802703032622418,0.7968897273612734,1.2740829881587983,1.1021711366538935
2024-04-16,0.96229218602463,1.0628302820341615,1.2262326421037573,0.9326959613632284,1.5682519178931622,1.1559708843933607,1.0356956460072362,0.9102303742021385,1.562162141542172,0.8162111265075732,1.2906654942921563,1.10089399744572
2024-04-17,0.96229218602463,1.0598942995091294,1.2455718354252536,0.9288718695850257,1.5557231559015257,1.1548286143324507,1.0356956460072362,0.9248490555971762,1.5724324406804215,0.8067860647148024,1.3160121964308296,1.0989782886334594
2024-04-18,0.96229218602463,1.0597265565075356,1.2476216307697512,0.9261950170104856,1.5626763193362585,1.1560747487330645,1.0356956460072362,0.9179729151751388,1.562162141542172,0.8279924537485367,1.3028409107098953,1.0900383141762435
2024-04-19,0.96229218602463,1.0690378610866507,1.243923096234248,0.924359469295231,1.573237062868974,1.1526479385503348,1.0356956460072362,0.9178917310937151,1.5900000494879596,0.825636188300344,1.3051066677177852,1.1072796934865883
2024-04-22,0.96229218602463,1.0714705506072828,1.2379520872290235,0.9246654036396085,1.5298130214312076,1.1582554245151806,1.0356956460072362,0.9118817895230568,1.5910810522130967,0.8440150925029264,1.296267674661801,1.1232439335887594
2024-04-23,0.96229218602463,1.067863468076638,1.226009856738493,0.9286424334144949,1.5268612339599055,1.1552439924659887,1.0356956460072362,0.9033271051864318,1.5648649061048303,0.8539114298564555,1.2861837262513451,1.1315453384418883
2024-04-24,0.96229218602463,1.0643402250469804,1.222445078414181,0.9250477778068229,1.5247622171203679,1.153894072950949,1.0356956460072362,0.8974526048845382,1.5491891809411902,0.7789820987194495,1.2774194115205526,1.1181353767560647
2024-04-25,0.96229218602463,1.0642563855459934,1.2262104379352594,0.9156405447090097,1.5282387988377342,1.1525440742106308,1.0356956460072362,0.8972631081280189,1.5267568021207194,0.7719133023748714,1.2811542775839673,1.1264367816091938
2024-04-26,0.96229218602463,1.0801946586813915,1.2334737507950744,0.937284918177879,1.5315185626947365,1.153374830477707,1.0356956460072362,0.8975609175596311,1.535135114515145,0.760603194516867,1.2844159038950527,1.1238825031928463
2024-04-29,0.96229218602463,1.0868215632380556,1.2276140813524616,0.9346080072523294,1.5384715659847497,1.152647938550335,1.0356956460072362,0.8751455388540451,1.5381081039841062,0.9566446708110153,1.2736846641826152,1.1219667943805858
2024-04-30,0.96229218602463,1.0748259866357275,1.220818649631714,0.9258126428432709,1.5030501163291248,1.1450674262575031,1.0356956460072362,0.8862449659566394,1.5170270558950016,0.9382658227862325,1.2740581745340522,1.1226053639846725
2024-05-02,0.96229218602463,1.0848083912204554,1.2290845497552392,0.9346080072523295,1.5081665799749924,1.149221128367605,1.0356956460072362,0.8922819352711735,1.5443243078283315,0.9590009924370075,1.293329575276229,1.1545338441890145
2024-05-03,0.96229218602463,1.098649460838409,1.221241909953704,0.9537284661433428,1.5080354214496563,1.151817182283259,1.0356956460072362,0.9040310367247515,1.567567567567563,1.0094250617927705,1.272389962853175,1.1417624521072776
2024-05-06,0.96229218602463,1.0964684818195962,1.2177884711920037,0.9521988527724655,1.5228600181411944,1.148598100779937,1.0356956460072362,0.8959095022387128,1.5605405859045036,1.0344014867791727,1.262579914118741,1.1673052362707512
2024-05-07,0.96229218602463,1.1026759328728475,1.2166745443656817,0.9564053770688923,1.5186618243173997,1.1385253989111555,1.0356956460072362,0.8907658603692294,1.5183783866263683,1.0400565687970746,1.2635759021474138,1.1590038314176223
2024-05-08,0.96229218602463,1.105947465400686,1.2133993763922093,0.9552581378652296,1.5176123959699908,1.1514018041497207,1.0356956460072362,0.8880316208467411,1.52351348464553,1.030631507004304,1.2631774594457539,1.1379310344827565
2024-05-09,0.96229218602463,1.0952940888095835,1.2176994420379303,0.9265009513548628,1.5297475222408994,1.151609532829129,1.0356956460072362,0.8860283406064509,1.5275675799395545,1.084354449107576,1.2668127148337534,1.1309067688378012
2024-05-10,0.96229218602463,1.0892543167583066,1.2343426880876334,0.9277246887323723,1.5528370277652517,1.1551401281262845,1.0356956460072362,0.8959906863201393,1.5113513018633826,1.0612630140086083,1.2799840005546876,1.164112388250317
2024-05-13,0.96229218602463,1.094203535300558,1.2293519559375803,0.9399617707524189,1.5323713333265012,1.1524402890962049,1.0356956460072362,0.8907929889628959,1.5210810480891006,1.1220546962786588,1.2756168025994252,1.1711366538952723
2024-05-14,0.96229218602463,1.0979783608327962,1.2371944894990747,0.9460802825869374,1.5437191881559535,1.1525440742106308,1.0356956460072362,0.8931752627162245,1.5102702991382453,1.104618343197593,1.2833204239164422,1.1590038314176223
2024-05-15,0.96229218602463,1.0933646282937324,1.2360805626727527,0.9449331017342842,1.5668743530153337,1.155347856805693,1.0356956460072362,0.886948796645171,1.5227027068266956,1.1385484982382081,1.2767471878683478,1.181353767560662
2024-05-16,0.96229218602463,1.0958812213149707,1.2443241523877393,0.9483747609942628,1.5611675959330937,1.1591899658966824,1.0356956460072362,0.9008906750955555,1.5416216463655998,1.1757775260263317,1.2781913645736493,1.1673052362707514
2024-05-17,0.96229218602463,1.0937840817971451,1.2413609051736454,0.9445506692160601,1.5822892431432445,1.1615783703582068,1.0356956460072362,0.893527228485384,1.5370269981590436,1.2375117594178988,1.2769464092191778,1.1558109833971884
2024-05-20,0.96229218602463,1.0907641957715066,1.232939044670431,0.9426386233269588,1.5965233862536905,1.1612668565643727,1.0356956460072362,0.8864885182009155,1.5413513183593712,1.296418451800515,1.2703234271961148,1.1762452107279675
2024-05-21,0.96229218602463,1.0875765027446556,1.2307332889462441,0.9407265774378575,1.588520794471549,1.1613706416787988,1.0356956460072362,0.8833752851653887,1.530540569408516,1.2587182046294325,1.2705972081466592,1.1698595146870991
2024-05-22,0.96229218602463,1.0716382936088764,1.236325552206515,0.9239005969541696,1.567202329401034,1.1544132361989132,1.0356956460072362,0.8875984709961547,1.4962162327122004,1.339302561606541,1.2752781975383003,1.1781609195402283
2024-05-23,0.96229218602463,1.0650113250525932,1.2417396509185987,0.9112810824158989,1.531649721220073,1.1592938302363869,1.0356956460072362,0.8896018520862327,1.4837838250237503,1.2521206838456127,1.2825485895888222,1.1851851851851836
2024-05-24,0.96229218602463,1.061572049523161,1.2404919678810855,0.9101338432122361,1.530009839291572,1.159501558915795,1.0356956460072362,0.8868676125637444,1.50324321437526,1.1875589094450947,1.2805566135314768,1.1871008939974441
2024-05-28,0.96229218602463,1.0561194739768909,1.2503397822100408,0.909751410694012,1.5448999351734185,1.1536863442715413,1.0356956460072362,0.8923901470964783,1.4791891768171943,1.220546625719792,1.2876776489316153,1.1813537675606625
2024-05-29,0.96229218602463,1.0476470124049821,1.2484014326681956,0.9017208529703922,1.5351263029374396,1.1542055867447834,1.0356956460072362,0.8884106143597793,1.476486515354462,1.1748350872604143,1.2850882462727342,1.162835249042144
2024-05-31,0.96229218602463,1.0426138903621245,1.2546176436872638,0.8943786037583641,1.5237126286282396,1.1575285325878093,1.0356956460072362,0.8979127824790029,1.4602702372782903,1.219132855215317,1.2952467542829047,1.1398467432950177
2024-06-03,0.96229218602463,1.0419427903565117,1.252322752568963,0.9009560462849534,1.5392588374262062,1.1526479385503354,1.0356956460072362,0.9030564243484863,1.4291892180571648,1.2987747734265078,1.3057788913699895,1.1328224776500624
2024-06-04,0.96229218602463,1.0393423578342862,1.2703919524444072,0.9005736137667294,1.5254181698917686,1.1533748304777074,1.0356956460072362,0.910636496308846,1.4151351516311197,1.218661635832358,1.3069242360490458,1.1302681992337151
2024-06-05,0.96229218602463,1.0369096683136543,1.2805739979412796,0.9024856596558307,1.5441784832117098,1.1555555062598233,1.0356956460072362,0.9229270602881058,1.401351310111377,1.2992459928094666,1.3165599957828729,1.1219667943805862
2024-06-06,0.96229218602463,1.049492505420608,1.2825123474831246,0.9181644592868655,1.5548048860794532,1.1537902086112455,1.0356956460072362,0.9201386644280696,1.4243243449443057,1.3294062804308122,1.3197220114185433,1.1545338441890154
2024-06-07,0.96229218602463,1.0305343462595713,1.2727981831253197,0.904397705544932,1.5121022966033955,1.146105911203988,1.0356956460072362,0.9143723759514779,1.40486485249287,1.37511781889019,1.3089410257311371,1.1462324393358865
2024-06-10,0.96229218602463,1.030953799762984,1.2702583024732566,0.8925429976920999,1.5137421785318965,1.1427829653609618,1.0356956460072362,0.9128022455617766,1.4132432679872218,1.3694627368722878,1.3122627271337124,1.1538952745849285
2024-06-11,0.96229218602463,1.0383357078258673,1.2834035951842229,0.9013384204521678,1.5136110200065602,1.1497403708408476,1.0356956460072362,0.9228457753568885,1.41972969673775,1.4745522994528397,1.332768872839317,1.1481481481481468
2024-06-12,0.96229218602463,1.0249140277117073,1.2818439913873312,0.8925429976920998,1.5323056739914735,1.132294885358642,1.0356956460072362,0.9243618502588352,1.411351384343324,1.4349670623943227,1.335781650550081,1.160280970625797
2024-06-13,0.96229218602463,1.0216424951838687,1.3000691516424645,0.8848948141356944,1.508822532746393,1.1349948036139998,1.0356956460072362,0.9323479434761118,1.4181081411000809,1.394439274214289,1.344770000256449,1.1711366538952732
2024-06-14,0.96229218602463,1.021726398684475,1.283804651337715,0.8902485776357839,1.5292882271851436,1.1420560734335896,1.0356956460072362,0.9238745440707011,1.411351384343324,1.357681465809124,1.3349599515220152,1.1494252873563204
2024-06-17,0.96229218602463,1.0176159591498113,1.2727759789568216,0.8998088070812906,1.516825124528535,1.1366562369228737,1.0356956460072362,0.9201928207656168,1.3981080957361134,1.3138549172371805,1.333864471543405,1.1334610472541493
2024-06-18,0.96229218602463,1.021978045186675,1.29581360057378,0.8956787809587106,1.5286322744137433,1.1431982642692213,1.0356956460072362,0.9311297788555705,1.4140540458060564,1.3708765073767633,1.3504966049262543,1.1494252873563204
2024-06-20,0.96229218602463,1.0299471497545647,1.3018069199875433,0.8948374760994252,1.5439816653513456,1.1438213710821674,1.0356956460072362,0.9294783635346493,1.4302702207823021,1.2917059209041302,1.3500982809500717,1.1232439335887598
2024-06-21,0.96229218602463,1.0370774113152477,1.301896055381657,0.9011854824554838,1.5194489356141365,1.1430944791547952,1.0356956460072362,0.9288827446714227,1.4362161997202243,1.2747407872060232,1.3575678943514236,1.1111111111111098
2024-06-24,0.96229218602463,1.048318112410595,1.292426986797655,0.9097514106940118,1.5283699573630707,1.153063316683873,1.0356956460072362,0.9189203989577371,1.4410810728330832,1.3246937495344269,1.3510260018293239,1.1072796934865887
2024-06-25,0.96229218602463,1.045382129885563,1.2886394231080787,0.9086042298413586,1.5195802542841925,1.1458981825245793,1.0356956460072362,0.9138850697633464,1.436756752632756,1.298774773426508,1.3418568332210998,1.0868454661558098
2024-06-26,0.96229218602463,1.0478986589071824,1.301539620045242,0.9040152730267078,1.5081665799749928,1.1453790192766153,1.0356956460072362,0.92441600659638,1.4567567979967235,1.2384543105394163,1.3571445192995404,1.0727969348658992
2024-06-27,0.96229218602463,1.061991439026955,1.312456846623483,0.9047801380631559,1.5247622171203685,1.1440290205362975,1.0356956460072362,0.9308048408302863,1.5021622116501228,1.2653157254132528,1.3750217267623388,1.056832694763728
2024-06-28,0.96229218602463,1.058803809999723,1.3125014674405604,0.8994263745630664,1.5268612339599061,1.1370716150564117,1.0356956460072362,0.926473443174218,1.5094594182194847,1.225730488354736,1.3695440894183322,1.0146871008939964
2024-07-01,0.96229218602463,1.0656824250582062,1.3071096791370151,0.8982791353594037,1.526795734769598,1.1318795072251038,1.0356956460072362,0.941416961744749,1.5189189395389,1.1677662347380375,1.3923012701726474,1.0172413793103439
2024-07-02,0.96229218602463,1.0666051715660192,1.351915035164921,0.9028680921740546,1.523778287963268,1.1227414259631023,1.0356956460072362,0.9478870809098693,1.5183783866263683,1.1475023406480205,1.4080123313029709,1.0268199233716466
2024-07-03,0.96229218602463,1.0742387261311026,1.3556803946859992,0.911051646245368,1.547917381979749,1.1327102634921797,1.0356956460072362,0.9512169392955844,1.5305405694085157,1.1394910493597252,1.4131164582955404,1.0306513409961677
2024-07-05,0.96229218602463,1.0787686191691792,1.320722852987049,0.9140344331642853,1.566743194489998,1.1526479385503352,1.0356956460072362,0.9203823175221357,1.5075675345755872,1.0928369597788308,1.3660333770559705,1.05044699872286
2024-07-08,0.96229218602463,1.081201244690192,1.318361136883173,0.9112810824158986,1.544899935173419,1.1500518846346812,1.0356956460072362,0.9182707246067526,1.4843242748363557,1.1149858437562818,1.3622712041327878,1.0108556832694755
2024-07-09,0.96229218602463,1.0867377237370686,1.3118998300903015,0.9108986498976743,1.5481141998401131,1.154724749992747,1.0356956460072362,0.9209236791980241,1.4881081452240774,1.1046183431975933,1.362049543666757,1.0223499361430386
2024-07-10,0.96229218602463,1.0864860772348686,1.3138159754636487,0.9216061185468437,1.556051132287227,1.1619937484917446,1.0356956460072362,0.9089850809879269,1.4799999546360285,1.0975494906752161,1.3487786472704077,1.0300127713920808
2024-07-11,0.96229218602463,1.0962167073181583,1.3053049795663205,0.927801128555209,1.5841259429321106,1.1666666138498103,1.0356956460072362,0.906900616666213,1.491891912511873,1.0688029735583462,1.3481811019433951,1.0389527458492966
2024-07-12,0.96229218602463,1.102256479369435,1.3162668269616389,0.9380497248633172,1.58346999016071,1.1672897206627564,1.0356956460072362,0.9283955393330815,1.5013513307313622,1.0975494906752161,1.3539825036638697,1.021711366538952
2024-07-15,0.96229218602463,1.106450758405086,1.314328371179753,0.9346080072523291,1.5893079057682862,1.1630321542129505,1.0356956460072362,0.9267982803497082,1.524054037558062,1.0169651336981074,1.3501978916254862,0.9974457215836517
2024-07-16,0.96229218602463,1.1026759328728477,1.321168423717578,0.940879515434541,1.6152180402386043,1.1645898024073984,1.0356956460072362,0.9324832838950826,1.524324365564291,1.0311027263872634,1.3561735823465677,1.0108556832694755
2024-07-17,0.96229218602463,1.1060314329009113,1.3175590245761888,0.9472275217905997,1.6102328952627925,1.1656282081286045,1.0356956460072362,0.9272314302002944,1.524594590470594,0.959000992437008,1.350571401976923,1.0166028097062572
2024-07-18,0.96229218602463,1.0905963887702939,1.3353609245093319,0.9353728722887771,1.6082650369485911,1.1608514784308346,1.0356956460072362,0.9532472472797503,1.500810777818831,1.0014137705044759,1.3663570227069612,0.9993614303959123
2024-07-19,0.96229218602463,1.0917707817803066,1.3558585592341867,0.9366730494891238,1.5713348638898015,1.1573208039084009,1.0356956460072362,0.9544113564125373,1.502432436556426,1.0028275410089513,1.3801757184553545,0.9974457215836517
2024-07-22,0.96229218602463,1.091854749280532,1.3389925278192192,0.9419503148153666,1.5690390291899,1.1609553427705386,1.0356956460072362,0.9488616932861341,1.50891896840688,1.060791682270051,1.3746163979829982,1.0223499361430386
2024-07-23,0.96229218602463,1.0804463051835913,1.3500212002001126,0.9373613580007157,1.5773040981674336,1.1531671810235768,1.0356956460072362,0.9602858567144309,1.47054053641654,1.0306315070043046,1.387022854179471,1.0280970625798203
2024-07-24,0.96229218602463,1.0804463051835913,1.349887550228962,0.9331548920552987,1.5830108552496736,1.152232560416797,1.0356956460072362,0.9710062903039864,1.4632432267472517,0.9976437907296073,1.3906579908419932,1.0312899106002544
2024-07-25,0.96229218602463,1.0758325726445273,1.3651716674384993,0.9257361446694239,1.5427352589988534,1.151194154695591,1.0356956460072362,0.9950459557368241,1.4702703115102376,0.9618284210903599,1.407663753301757,1.037037037037036
2024-07-26,0.96229218602463,1.0890865097570934,1.3638794698239494,0.9326959613632277,1.561167595933094,1.1562823981871948,1.0356956460072362,0.9946669622237828,1.4572972478093296,0.9453346191308106,1.405049299567176,1.007662835249041
2024-07-29,0.96229218602463,1.0856471702280424,1.3598021895434926,0.9331548920552987,1.5593965554792566,1.1630321542129505,1.0356956460072362,0.9883050548839674,1.4589189065469246,0.8986804733721165,1.4000051289406188,1.012132822477649
2024-07-30,0.96229218602463,1.0780975191635656,1.355635773868922,0.9306309774774424,1.5775664152181053,1.1622013979458745,1.0356956460072362,0.986653740412837,1.4572972478093296,1.0018849898874347,1.3979283828925149,0.9929757343550436
2024-07-31,0.96229218602463,1.0908480352724936,1.3522937809098743,0.9261950170104849,1.5916693998032152,1.162928289873246,1.0356956460072362,0.9958309705067794,1.4721621951541355,0.9594722118199667,1.3970818702397034,0.9776500638569593
2024-08-01,0.96229218602463,1.0886670562536807,1.3626094763778973,0.925659646495577,1.5972449983601191,1.170612666505782,1.0356956460072362,1.0212242418289204,1.4545945863465974,0.9274269904889865,1.4084106552791533,0.9757343550446987
2024-08-02,0.96229218602463,1.0757487331435398,1.377916010236014,0.923518164435945,1.591144605557151,1.1832813430649396,1.0356956460072362,1.0423942264705048,1.4283783371384047,0.9269557149282279,1.4318152460609277,0.987228607918262
2024-08-05,0.96229218602463,1.0711350006044758,1.3814807885603257,0.9307839154741262,1.57540173904354,1.1941848012007972,1.0356956460072362,1.0631311621112964,1.4067567361367685,0.9151743876872648,1.425864487690069,0.9980842911877382
2024-08-06,0.96229218602463,1.079691365676991,1.4007085360791691,0.9460802825869369,1.567136830210726,1.1862927751141312,1.0356956460072362,1.0622377338164548,1.4051351804990997,0.947219609018245,1.4244204297102447,0.9929757343550434
2024-08-07,0.96229218602463,1.0926935282881192,1.3773366832942937,0.9514340460870263,1.568055100032799,1.1835929360840516,1.0356956460072362,1.0595576506315143,1.4040540746740362,0.9952874691036151,1.4081367556031315,0.9789272030651328
2024-08-08,0.96229218602463,1.1018371538652598,1.3637235094442597,0.9590822296434316,1.5888487708572496,1.1848389912593875,1.0356956460072362,1.04141971494403,1.4213513554753452,1.0023563216259928,1.4032317312359144,0.9687100893997433
2024-08-09,0.96229218602463,1.117020423494439,1.3547668365763619,0.9808795411089849,1.595342799380946,1.1941848012007972,1.0356956460072362,1.0167844306479656,1.4299999958759997,1.00989628117573,1.380897806808005,0.9623243933588749
2024-08-12,0.96229218602463,1.1213823815320647,1.3442506661516131,0.9934989972962458,1.6152180402386043,1.198338503310899,1.0356956460072362,1.0136711976124388,1.4335135382574924,1.0315739457702222,1.370988147398156,0.9789272030651328
2024-08-13,0.96229218602463,1.1337135721368181,1.3381904155122342,1.0130018887054832,1.6180386691845703,1.206645828305825,1.0356956460072362,1.0099624465634758,1.4435135093895133,1.012252602801722,1.3674027567106026,0.9648786717752222
2024-08-14,0.96229218602463,1.1413471907015205,1.3340463102462021,1.0263862099291925,1.600131126496394,1.2099687741488507,1.0356956460072362,1.0053061108821235,1.4243243449443064,1.045711650814977,1.3583894746540113,0.9731800766283512
2024-08-15,0.96229218602463,1.1481419022593975,1.3407972273899131,1.0340343934855978,1.609117807580356,1.2009345572265533,1.0356956460072362,1.004710492018897,1.4356756468076932,1.03534403790069,1.3616761520407972,0.957854406130267
2024-08-16,0.96229218602463,1.145289823234972,1.3361184159992385,1.0325047801147207,1.638963658679077,1.2019729629477591,1.0356956460072362,0.9952083238996734,1.4286486651446337,1.0004712193829592,1.3656598667045334,0.9463601532567038
2024-08-19,0.96229218602463,1.1626541998822022,1.337878494752856,1.0523135475173258,1.6410626755186146,1.1994807733718094,1.0356956460072362,0.9986193663668148,1.4654054383973787,1.0532516103647147,1.3622736973678098,0.9655172413793092
2024-08-20,0.96229218602463,1.1653384719054152,1.3360292806051248,1.058508557525691,1.647294226846919,1.1902388277701037,1.0356956460072362,0.9981591887723501,1.4724324200604382,1.035815257283649,1.3459153449355048,0.9578544061302671
2024-08-21,0.96229218602463,1.1686100044332537,1.3587772918712437,1.0582791213551603,1.645391867723026,1.1886811795756556,1.0356956460072362,1.0224965627870093,1.5067567567567537,1.0259189761079195,1.363966722673433,0.9591315453384408
2024-08-22,0.96229218602463,1.1556916813231128,1.3610275621724672,1.0424474420784515,1.6260412609667123,1.1845274774655536,1.0356956460072362,1.0230108967190217,1.4927026903307086,0.967483503108262,1.3650623213775206,0.9489144316730513
2024-08-23,0.96229218602463,1.1587954068497384,1.3825948216266888,1.050478058153081,1.645391867723026,1.1936655587275555,1.0356956460072362,1.0356804542113172,1.4891891479492156,0.9528746910361473,1.3920523028468483,0.9393358876117487
2024-08-26,0.96229218602463,1.1723009904645048,1.3790745578794135,1.05124280648751,1.6514922605259943,1.1911733691516055,1.0356956460072362,1.0326213775133382,1.5005405529125286,0.9217719084710846,1.3657844097301715,0.9246487867177512
2024-08-27,0.96229218602463,1.1699522044444792,1.3647707175250479,1.047036282191083,1.6503771728435574,1.1857736118661677,1.0356956460072362,1.0292644913837445,1.5070269816630564,0.8972667590454408,1.3683488800388293,0.938058748403575
2024-08-28,0.96229218602463,1.1754886834913558,1.3702070204056298,1.057284936850201,1.6405378812725506,1.183800585538182,1.0356956460072362,1.0357617391425342,1.4859459335739518,0.9095193056693631,1.3713865900998161,0.9329501915708802
2024-08-29,0.96229218602463,1.1634091393888024,1.3748413172192682,1.0507074943236117,1.6567398826971982,1.180166125901322,1.0356956460072362,1.0427732199835458,1.4924324654244059,1.0070688525223783,1.3849064538219644,0.9495530012771382
2024-08-30,0.96229218602463,1.1634929788897896,1.3863601811477675,1.048030583398062,1.6358150533474114,1.1764278019247583,1.0356956460072362,1.0513279043201709,1.4845946028425858,1.002356321625993,1.4012149415538235,0.9655172413793093
2024-09-03,0.96229218602463,1.1498197162730486,1.3843549003803064,1.0497896329394698,1.633256741452118,1.1684319114983885,1.0356956460072362,1.034624657753626,1.4527027027027,1.0381715789096413,1.398077739542899,0.9872286079182621
2024-09-04,0.96229218602463,1.1666806719166405,1.3874964183826282,1.0604206034147925,1.6355525761520195,1.1734163698755664,1.0356956460072362,1.0523025166964362,1.4827027191986881,1.0108388322972468,1.4061448982712637,0.9974457215836515
2024-09-05,0.96229218602463,1.1691132974376535,1.3839093296497775,1.059120426214446,1.647359726037228,1.1747662893906061,1.0356956460072362,1.0631853184488416,1.479729729729727,1.0622054527745268,1.4047755186166313,0.9961685823754778
2024-09-06,0.96229218602463,1.1522523417940616,1.3899694740491162,1.0481070232208993,1.6356182354870474,1.18172377409577,1.0356956460072362,1.0510842512261038,1.4729729729729701,1.0721018463058556,1.3862260875016281,0.9802043422733067
2024-09-09,0.96229218602463,1.1530072813006615,1.3729251718459208,1.055449330783937,1.641062675518615,1.18172377409577,1.0356956460072362,1.0646471361634502,1.4710810893290724,1.0226202157160098,1.3934715472019272,0.9814814814814804
2024-09-10,0.96229218602463,1.1500713627752486,1.3716997992169462,1.054455029576958,1.64795017961832,1.1760124237912204,1.0356956460072362,1.0563632335145616,1.4727027480666677,1.0518379522158385,1.3904090235161946,0.9693486590038303
2024-09-11,0.96229218602463,1.1535105743050615,1.3881202599013849,1.0432121904128804,1.6478190210929837,1.1791277201801162,1.0356956460072362,1.0760984281854162,1.4843242748363572,1.069745524679863,1.409979256284616,0.9719029374201775
2024-09-12,0.96229218602463,1.146296409243772,1.3857363396290108,1.0325047801147207,1.67346667836791,1.1751816675241444,1.0356956460072362,1.0781018092754944,1.4859459335739522,1.1107446445984546,1.4110996686134494,0.986590038314175
2024-09-13,0.96229218602463,1.1549366138172745,1.3846891315482233,1.0403059600188196,1.6932109208449517,1.1709241802996166,1.0356956460072362,1.0737703107696355,1.5059459789379195,1.0862394389950112,1.400717006902226,0.9980842911877383
2024-09-16,0.96229218602463,1.1572015603363128,1.3848674023364511,1.0439770554493286,1.6926204672638596,1.1710279654140423,1.0356956460072362,1.0784808027885353,1.4924324654244059,1.118284604148192,1.3973980361856275,1.049169859514686
2024-09-17,0.96229218602463,1.154349481311887,1.3655950340005305,1.0386997901230857,1.682059723731144,1.1723779641543606,1.0356956460072362,1.0579875202418105,1.491621584505645,1.095193169049224,1.3703906020711438,1.053639846743294
2024-09-18,0.96229218602463,1.1457092767383847,1.3599136353461456,1.0323517837670269,1.6862577574102193,1.1769469651727222,1.0356956460072362,1.0436124919408398,1.477837846085829,1.0763430454636826,1.364863100026691,1.0542784163473806
2024-09-19,0.96229218602463,1.1383273046758824,1.3500880251856882,1.024474164040091,1.6976057723843911,1.1630321542129507,1.0356956460072362,1.0395788028665929,1.4829729441049906,1.1065033330850282,1.3597091083336752,1.036398467432949
2024-09-20,0.96229218602463,1.121382381532065,1.3473253591683607,1.0039005316010374,1.7185306017341782,1.1500518846346812,1.0356956460072362,1.0274777356438525,1.4478378295898406,1.147031121265062,1.3504717913015083,1.0261813537675595
2024-09-23,0.96229218602463,1.118446463006652,1.343760474604008,0.9892160331769816,1.722859954083309,1.152336424756501,1.0356956460072362,1.01618891263453,1.4386486362766544,1.2313854580170391,1.3728057157294178,1.0561941251596412
2024-09-24,0.96229218602463,1.1319520466214184,1.3697391392665625,0.987915855976635,1.7390619555079563,1.1619937484917449,1.0356956460072362,1.0440997981289712,1.4981081163560988,1.2021678338728095,1.3784078960990624,1.0517241379310331
2024-09-25,0.96229218602463,1.1274221535833417,1.3588664272653583,0.9875334234584108,1.74430957767916,1.1630321542129507,1.0356956460072362,1.0315385533117687,1.492973018336937,1.2426956220528431,1.3568955519737416,1.060664112388249
2024-09-26,0.96229218602463,1.1376562046702698,1.3528284870345177,0.9983173902814271,1.751328240304201,1.1625129117397088,1.0356956460072362,1.024364502608326,1.5572972684293143,1.2181904164493997,1.3628961750450461,1.0555555555555542
2024-09-27,0.96229218602463,1.1354752256514569,1.355145688561357,1.0008413048592832,1.734535945443181,1.153790208611245,1.0356956460072362,1.0155391374337555,1.5475675222035965,1.367577746984854,1.3536587392874018,1.0676883780332045
2024-09-30,0.96229218602463,1.1282610605901673,1.3513357082232014,0.9909751994204089,1.729157164746641,1.1593976945760909,1.0356956460072362,1.0295623008153572,1.5486486280286598,1.3774741405161828,1.3527872942843673,1.0849297573435492
2024-10-01,0.96229218602463,1.1342169931404567,1.3505782167332943,0.9866156787762884,1.7496228591853915,1.158463073969311,1.0356956460072362,1.027504864237522,1.554594606966582,1.3647502059759031,1.3565968386729739,1.0957854406130256
2024-10-02,0.96229218602463,1.1420182907071335,1.346478626044299,0.9965583407400193,1.736372645232046,1.1618898841520406,1.0356956460072362,1.0229568412312655,1.5681081204800953,1.3600376750795178,1.3504966049262543,1.1047254150702412
2024-10-03,0.96229218602463,1.1264994070755288,1.339371273564173,0.9828680268209228,1.7429321729460507,1.1578400463816427,1.0356956460072362,1.0052248259509076,1.5410810934530683,1.3996230244936336,1.3545551166406598,1.0938697318007649
2024-10-04,0.96229218602463,1.1280932535889543,1.33250901685785,0.984780072710024,1.7355198746002818,1.1577361820419385,1.0356956460072362,1.0093668277002474,1.5454054136533957,1.3449576436244441,1.3635185339968048,1.084929757343549
2024-10-07,0.96229218602463,1.1298549071035926,1.3403293462508465,0.9862332462580641,1.7348639218288813,1.1578400463816427,1.0356956460072362,0.991391260175616,1.556216265704177,1.2940622425301231,1.3580408966527981,1.0881226053639834
2024-10-08,0.96229218602463,1.125576660567716,1.339950600505893,0.9885277246653895,1.7153164972122037,1.1678088839107204,1.0356956460072362,1.004277342168312,1.52594592120196,1.2879359411292624,1.36797548841287,1.0747126436781596
2024-10-09,0.96229218602463,1.1116517514487751,1.3522269559242999,0.9751434034416803,1.7094129222695997,1.1566977763207327,1.0356956460072362,1.0109911144274994,1.5132432886072071,1.2535344543500895,1.3780593180978487,1.0753512132822465
2024-10-10,0.96229218602463,1.1160976769866264,1.3607602622301669,0.9739961642380175,1.7189898967899344,1.1592938302363864,1.0356956460072362,1.014889463082772,1.506756756756753,1.260603194516868,1.3933470041762892,1.0689655172413781
2024-10-11,0.96229218602463,1.1119033979509751,1.3597130541493794,0.9701720724598148,1.7432601493317514,1.1583592888548844,1.0356956460072362,1.0172175804985528,1.5013513307313624,1.2403393004268513,1.3897616134887356,1.0619412515964228
2024-10-14,0.96229218602463,1.1220534815376777,1.354744632407865,0.9806501049384537,1.736831780143083,1.1581515601754764,1.0356956460072362,1.0173529209175243,1.50324321437526,1.175306306643374,1.3969573272140656,1.0427841634738175
2024-10-15,0.96229218602463,1.120879088527665,1.3551233781528185,0.9855449377464724,1.7457526417472973,1.1554516419201184,1.0356956460072362,1.0109640866836207,1.4897297008617467,1.1771912965308082,1.3929984261750752,1.0249042145593859
2024-10-16,0.96229218602463,1.127002828079167,1.371811245019599,0.9900573380362668,1.7540177107248311,1.1498442351805507,1.0356956460072362,1.025257930903168,1.4967567856247324,1.1154571754948401,1.4072653106000974,1.0338441890166017
2024-10-17,0.96229218602463,1.1200403095200775,1.369293568536034,0.9854684979236354,1.7651689078386392,1.1465212893375247,1.0356956460072362,1.0254202990660177,1.489459475955444,1.1060320013464702,1.4112491439893107,1.0389527458492964
2024-10-18,0.96229218602463,1.1177753630010392,1.3643028363859808,0.9848566292348807,1.7800590037204855,1.1442367492157046,1.0356956460072362,1.018760683144378,1.4945945739746058,1.0640904426619608,1.4072155646251283,1.0338441890166017
2024-10-21,0.96229218602463,1.1171042629954264,1.3605374768649023,0.9872275474650433,1.7862250558584816,1.1503633984285144,1.0356956460072362,1.020195473115108,1.5018918836438941,1.0895381993869209,1.4032566635861379,1.0459770114942517
2024-10-22,0.96229218602463,1.1131616304619754,1.370697211953236,0.977514321671843,1.8000655632481994,1.1414329666206429,1.0356956460072362,1.0213866099917708,1.4951351268871373,1.089066980003962,1.4162536603064655,1.0638569604086834
2024-10-23,0.96229218602463,1.1075413119141113,1.3691376081563442,0.9761376462976495,1.7805181386315219,1.1366562369228728,1.0356956460072362,1.019437486089031,1.4867567113927858,1.1036757920760767,1.4165524923327102,1.0702426564495517
2024-10-24,0.96229218602463,1.1145876699741883,1.3694049080986452,0.9851625052282483,1.7939651704452313,1.146209696318412,1.0356956460072362,1.0082298471611322,1.4856757086676486,1.1885014605666118,1.4158553363302826,1.0766283524904203
2024-10-25,0.96229218602463,1.1117355909497628,1.3656618589861054,0.9812619736272087,1.7979008870736342,1.1397715333117686,1.0356956460072362,1.010260155145298,1.51810805862014,1.2064090330306365,1.410253155960638,1.0606641123882492
2024-10-28,0.96229218602463,1.1231440350467035,1.3684691458205103,0.9891395933541446,1.7992127926164352,1.1413291815062163,1.0356956460072362,1.010747461333432,1.5327026779587167,1.0881244288824452,1.4156842529175617,1.049169859514686
2024-10-29,0.96229218602463,1.1182786560054396,1.3745293964598895,0.9808795411089845,1.8159395882871467,1.1313602647518608,1.0356956460072362,1.00844637166153,1.5332432308712485,1.105560781963511,1.4217562300006952,1.0568326947637283
2024-10-30,0.96229218602463,1.117188102496414,1.3875855537767419,0.981032537456678,1.8291243030501838,1.1345794254804609,1.0356956460072362,1.017190552754674,1.5356756674276781,1.3407163321110172,1.4341558001194872,1.0510855683269467
2024-10-31,0.96229218602463,1.11005790493535,1.392999652488826,0.9677246560558056,1.7961955059548247,1.1368639656022808,1.0356956460072362,1.0176507303491387,1.5283783577583898,1.2756833383275403,1.4347284130962767,1.049169859514686
2024-11-01,0.96229218602463,1.0978945213318092,1.4026691960295536,0.9544933311797897,1.7963923238151889,1.1368639656022808,1.0356956460072362,1.0321070435813264,1.5205404951765698,1.2549482248545647,1.441475938144978,1.0587484035759889
2024-11-04,0.96229218602463,1.1186981095088524,1.3764677460017347,0.9718546821783856,1.7947524418866878,1.1446521273492425,1.0356956460072362,1.0049271173690861,1.5483784031223573,1.3105560444896718,1.4136209228483876,1.0638569604086836
2024-11-05,0.96229218602463,1.1192852420142398,1.4026915064380923,0.9791204915675766,1.797507411497626,1.1472481812648962,1.0356956460072362,1.0301849474224627,1.5475675222035967,1.2582469852464744,1.441774651445746,1.0689655172413786
2024-11-06,0.96229218602463,1.1160976769866269,1.3968745454918248,0.9697132001187538,1.7498196770457564,1.149532642161438,1.0356956460072362,1.026070074266792,1.5675675675675642,1.2945334619130815,1.4291262327266323,1.0887611749680708
2024-11-07,0.96229218602463,1.1091351584275373,1.3560651961132706,0.9654302359994901,1.770022894289115,1.1533748304777058,1.0356956460072362,0.9957227586814746,1.5864865071064684,1.2690858175437205,1.412942169294934,1.091954022988505
2024-11-08,0.96229218602463,1.0931969492917581,1.3677194098535712,0.9483747609942618,1.7628730731387379,1.1536863442715397,1.0356956460072362,1.0058204448141344,1.5291892386771506,1.2577756535079163,1.4169757486591164,1.1008939974457208
2024-11-11,0.96229218602463,1.094874635306171,1.3621192848302914,0.9512046099164954,1.7128238446519388,1.1605399646369996,1.0356956460072362,1.0174070772550718,1.5189189395389011,1.3760603700117067,1.4282797200738206,1.0983397190293736
2024-11-12,0.96229218602463,1.0923580422849326,1.3660424108117504,0.9491395676797004,1.7054772056411975,1.151817182283258,1.0356956460072362,1.0149706471641982,1.494054021062075,1.3699340686108454,1.4330104554404306,1.0945083014048524
2024-11-13,0.96229218602463,1.0935324352949454,1.3585457948226454,0.9479923284760378,1.6928829444592526,1.14164069530005,1.0356956460072362,1.0062806224085992,1.5013513307313633,1.405749325894494,1.431217700733915,1.0893997445721577
2024-11-14,0.96229218602463,1.0934485957939581,1.3652053455313886,0.9418738166415193,1.684617875481719,1.1447559124636677,1.0356956460072362,1.0110994271025922,1.5072973096692857,1.3124411467327048,1.4455841958343523,1.0702426564495524
2024-11-18,0.96229218602463,1.0937002422961584,1.3602477602740217,0.9426386233269579,1.7124303690759302,1.1428867504753861,1.0356956460072362,1.0165407775538995,1.5124324076884472,1.4010367949981084,1.4427706394744182,1.096424010217113
2024-11-19,0.96229218602463,1.0986494608384096,1.355240348437585,0.947839390479354,1.7232535898040378,1.1453790192766138,1.0356956460072362,1.0061182542457492,1.5162161749762428,1.4128180660612721,1.430769512057286,1.0913154533844183
2024-11-21,0.96229218602463,1.0857310097290307,1.3544164569222654,0.9339961969145836,1.7527714645170587,1.1575285325878073,1.0356956460072362,1.0058746011516821,1.5186486115326723,1.5735155606325308,1.4368198811035595,1.0900383141762446
2024-11-22,0.96229218602463,1.1067863724075122,1.3552403484375852,0.9367495476629701,1.7775663511602207,1.1723779641543588,1.0356956460072362,1.0209264323973062,1.5318919001398832,1.4745522994528395,1.447625799141189,1.0868454661558105
2024-11-25,0.96229218602463,1.1057797863987122,1.343649135041396,0.9413384461266112,1.7164972442296695,1.1558670200536554,1.0356956460072362,1.0143751291507621,1.536486445246513,1.5876531533216864,1.4439409165036976,1.08492975734355
2024-11-26,0.96229218602463,1.1136649234663765,1.3478615526535724,0.9546462691764738,1.7187930789295711,1.1527518028900376,1.0356956460072362,1.0165407775538997,1.522702706826697,1.6168708898215152,1.4434180495018771,1.0727969348658999
2024-11-27,0.96229218602463,1.0923580422849333,1.3568911061893631,0.9258126428432699,1.7316496571621884,1.1395638046323597,1.0356956460072362,1.027802673669137,1.53864865689664,1.509896337353529,1.4465053868123554,1.0619412515964235
2024-11-29,0.96229218602463,1.0745743401335284,1.4137152917771154,0.8889484004354367,1.7428665136110242,1.13229488535864,1.0356956460072362,1.0776686594249114,1.5532432762352169,1.5848256123127356,1.4973730800903091,1.080459770114942
2024-12-02,0.96229218602463,1.0716382936088773,1.4073258032517304,0.8847418761390098,1.7283698933051863,1.1364485874687418,1.0356956460072362,1.079563626990106,1.571621662861589,1.5141376488669558,1.4872393857048845,1.0842911877394632
2024-12-03,0.96229218602463,1.0806141121848052,1.415511492144557,0.8943021055845164,1.7347982624938547,1.1316718577709721,1.0356956460072362,1.0959149077874886,1.576756760880751,1.433553291889847,1.5080545738277777,1.081098339719029
2024-12-04,0.96229218602463,1.0787686191691797,1.4137152917771154,0.9063862496078792,1.7407674967714868,1.125025886859642,1.0356956460072362,1.0935867903717078,1.5791891974371803,1.434024511272806,1.504643472140831,1.0779054916985948
2024-12-05,0.96229218602463,1.0943713423017716,1.4128187320739842,0.916405351394447,1.7229256134183382,1.1332294267401417,1.0356956460072362,1.0854382281417905,1.588918943662898,1.450989644970913,1.5035728057869664,1.089399744572158
2024-12-06,0.96229218602463,1.0775102586589413,1.416411345288949,0.9060803152635019,1.7307970466751437,1.1214952915624863,1.0356956460072362,1.0833266352264077,1.5721621126741945,1.4495758744664378,1.4964768214625286,1.1002554278416343
2024-12-09,0.96229218602463,1.088667056253682,1.411848654262716,0.9041682693744005,1.7480484764472002,1.1248182374055122,1.0356956460072362,1.0991364534981083,1.612702653214735,1.499528724439242,1.5158976975805663,1.1085568326947632
2024-12-10,0.96229218602463,1.097726714330597,1.427299887056212,0.9161759152239165,1.7694982601877711,1.132191021018936,1.0356956460072362,1.0864398682619345,1.6054054466453729,1.4905749943850293,1.5129845305452174,1.1251596424010213
2024-12-11,0.96229218602463,1.1097222909329252,1.4173123670737882,0.9348375017738687,1.7932437184835242,1.1458981825245775,1.0356956460072362,1.0780746806818289,1.6089188859269399,1.5918944648351134,1.5051912714928746,1.1187739463601527
2024-12-12,0.96229218602463,1.0787686191691794,1.39250946094122,0.9135755024722138,1.7628730731387388,1.1445482630095376,1.0356956460072362,1.058420670092398,1.5724324406804238,1.6281809415017208,1.4821352587123144,1.1028097062579816
2024-12-13,0.96229218602463,1.0668568180682196,1.3977511320673126,0.9025621578296767,1.7422105608396241,1.1299064808971162,1.0356956460072362,1.0638891491373745,1.5410810934530694,1.5457115946371778,1.4929411767499439,1.0983397190293738
2024-12-16,0.96229218602463,1.0580488064935043,1.3960520350970342,0.8898661451175591,1.7391931140332941,1.1100726701786647,1.0356956460072362,1.0638891491373745,1.5443243078283333,1.514608868249915,1.504095791514264,1.1366538952745846
2024-12-17,0.96229218602463,1.0681151145788386,1.4392862071636163,0.8974378305001177,1.7346014446334908,1.1002076177640132,1.0356956460072362,1.0798614364217185,1.5629730224609348,1.5589067485604164,1.5305877196065165,1.1328224776500635
2024-12-18,0.96229218602463,1.0351480787986356,1.4254736207572631,0.8692160728556687,1.729419481797315,1.0882658331322275,1.0356956460072362,1.0764503939545769,1.5121621827821448,1.5900094749476794,1.5196075125682804,1.1168582375478924
2024-12-19,0.96229218602463,1.0395940043364869,1.4486445736252502,0.8742638436603711,1.7003607419953306,1.104880562347357,1.0356956460072362,1.101220917819825,1.4940540210620754,1.6889727361273705,1.5658440811550387,1.1257982120051082
2024-12-20,0.96229218602463,1.0463048763933764,1.4191180228048488,0.8877246630579272,1.7243030181514474,1.1128763735484488,1.0356956460072362,1.0562820494331364,1.4918919125118746,1.76625822035697,1.5316583859603812,1.1398467432950188
2024-12-23,0.96229218602463,1.0346447217946166,1.416995346792458,0.8753345846901871,1.7135454567583677,1.0998961039701793,1.0356956460072362,1.0528438783723284,1.4900000288679769,1.7229028911679853,1.5148767772016702,1.1436781609195399
2024-12-26,0.96229218602463,1.036909668313655,1.42913093415699,0.882600394079378,1.73092820520048,1.0993769407222154,1.0356956460072362,1.1593709070742788,1.4924324654244063,1.7507068571633388,1.539426712662501,1.159003831417624
2024-12-27,0.96229218602463,1.0309537997629845,1.4282022899615794,0.8787763023011753,1.7167595612803423,1.0984423201154352,1.0356956460072362,1.060072085413316,1.4735135258855023,1.6559849074970743,1.5308865516327617,1.159642401021711
2024-12-30,0.96229218602463,1.031037703263591,1.4323463952276114,0.876864256412074,1.709478581604629,1.0885773469260616,1.0356956460072362,1.0626168281792852,1.4737837507918052,1.8548539809779732,1.5421406583470199,1.1551724137931032
2025-01-02,0.96229218602463,1.030114956755778,1.451475658228763,0.8734225388010858,1.7441127598187978,1.0934579409635354,1.0356956460072362,1.0821895538374993,1.4618918960158864,1.7247879934110193,1.568607891540004,1.1736909323116218
2025-01-03,0.96229218602463,1.0150155266275862,1.405687688064791,0.8611089586071923,1.7349950803542191,1.0925233203567555,1.0356956460072362,1.0571483491343083,1.43702697753906,1.580584413154909,1.5315090293099973,1.1513409961685823
2025-01-06,0.96229218602463,1.029863246253959,1.405922159834528,0.8823709579088473,1.730665728005088,1.0991692120428074,1.0356956460072362,1.0642411149065343,1.4562162450841931,1.730442963073322,1.5389038456606803,1.169220945083014
2025-01-07,0.96229218602463,1.0387551613292803,1.4137152917771152,0.8890248402582736,1.7426696957506604,1.0934579409635357,1.0356956460072362,1.049649461255375,1.4340540911700252,1.62535340049277,1.5226700362540133,1.169859514687101
2025-01-08,0.96229218602463,1.0247462847101139,1.4048014336456034,0.8808412861869604,1.7477861593965278,1.0963655086730235,1.0356956460072362,1.043856145034905,1.413513492893526,1.7205466818975927,1.5190348995914909,1.1596424010217115
2025-01-09,0.96229218602463,1.0259206777201264,1.4021491510305217,0.8809942825346537,1.7604460799135007,1.0947039961388718,1.0356956460072362,1.0446953161424082,1.3989188735549491,1.7441093363795193,1.5202549225957391,1.1647509578544062
2025-01-10,0.96229218602463,1.018958159161037,1.3830014022622954,0.8699808795411069,1.776648081338148,1.0954308880662436,1.0356956460072362,1.0335959898896048,1.3997297544737097,1.8798304059643753,1.5025270717833243,1.2017879948914432
2025-01-13,0.96229218602463,1.0199647451698373,1.3799434951719733,0.8738049713193096,1.753689734339132,1.0938732398717956,1.0356956460072362,1.048322983959738,1.4040540746740369,1.8539114298564565,1.520279736220485,1.2171136653895274
2025-01-14,0.96229218602463,1.0231524381966886,1.3925094609412196,0.885047810483387,1.756313545424734,1.0944963466847417,1.0356956460072362,1.048431195785043,1.399459426467481,1.869934012433047,1.5171674665597834,1.2120051085568326
2025-01-15,0.96229218602463,1.052344584445034,1.3890368989722006,0.9206118756908739,1.77927189242375,1.0996884545160495,1.0356956460072362,1.0371694005195962,1.4110810563370964,1.9241282862748772,1.5075566391761794,1.222860791826309
2025-01-16,0.96229218602463,1.0404328473436932,1.3778695833382455,0.913728498819907,1.8015086273163379,1.0884734825863578,1.0356956460072362,1.0415279267693336,1.411621609249628,2.006597520783821,1.4969498237639027,1.2120051085568326
2025-01-17,0.96229218602463,1.048150305409383,1.3873070986301714,0.9125047614423976,1.8001312225832287,1.0865004562583715,1.0356956460072362,1.0541974842616317,1.4432432844832113,1.8605089506402768,1.506336616171931,1.2369093231162196
2025-01-21,0.96229218602463,1.0570422204847045,1.3986284623230838,0.9231357319177201,1.80714988520827,1.07736237499637,1.0356956460072362,1.0518152105083058,1.4675675469475797,1.7700283124874385,1.5013319811292989,1.251596424010217
2025-01-22,0.96229218602463,1.0546934344646788,1.3942522225682092,0.9229827939210362,1.8154149541858036,1.0774662393360743,1.0356956460072362,1.04631960286966,1.446216170852246,1.8661640326581788,1.4990164781464401,1.2369093231162196
2025-01-23,0.96229218602463,1.0502474449272086,1.376167405406788,0.9231357319177202,1.8124631667145015,1.0749739705348462,1.0356956460072362,1.0280191981695352,1.4443242872083482,1.859095180135801,1.4790478026763585,1.2509578544061302
2025-01-24,0.96229218602463,1.0492408589184083,1.3736221065126513,0.9222944270584348,1.8217776640394443,1.0770508612025362,1.0356956460072362,1.0269363739679653,1.4548649143528267,1.897737978428401,1.474989290961953,1.2426564495530013
2025-01-27,0.96229218602463,1.071051097103871,1.378606676740346,0.9439388005273044,1.795670711708762,1.0758047268019222,1.0356956460072362,1.025718108497633,1.4756756344357023,1.7422243464920855,1.4712794759742387,1.2311621966794382
2025-01-28,0.96229218602463,1.063249735537575,1.370243142019454,0.9440917968749979,1.8148901599397393,1.0797507794578942,1.0356956460072362,1.0296164571529058,1.4662162162162133,1.6357210134070577,1.4671712182848644,1.239463601532567
2025-01-29,0.96229218602463,1.0586360029985111,1.3593746796198762,0.9414913841232951,1.8163988833429043,1.0771547255422402,1.0356956460072362,1.0190584925759907,1.4600000123719883,1.6658813010284033,1.4580832579030811,1.2694763729246488
2025-01-30,0.96229218602463,1.0885832167526948,1.3593746796198762,0.9671127873670511,1.8517546736635013,1.0931463479444234,1.0356956460072362,1.021792732098479,1.4943243490683038,1.4359095011602412,1.4582326145534652,1.252234993614304
2025-01-31,0.96229218602463,1.0810334376889799,1.3593746796198762,0.9674952198852751,1.8448671695637964,1.0933540766238314,1.0356956460072362,1.0316467651370715,1.4729729729729701,1.4344957306557655,1.4626645178938305,1.2311621966794382
2025-02-03,0.96229218602463,1.0794395911755543,1.3525833912607144,0.9659656065143979,1.8589044948138782,1.0952232386121132,1.0356956460072362,1.018652370469283,1.46837842786634,1.5796418620333927,1.4542239675395061,1.248403575989783
2025-02-04,0.96229218602463,1.0730643331210905,1.3349402139483175,0.9617590822179711,1.871630074665879,1.0885773469260613,1.0356956460072362,1.012317591723134,1.4454053930334114,1.532987772452498,1.4456588741595437,1.2630906768837804
2025-02-05,0.96229218602463,1.0764198331491543,1.3293646303744302,0.9727724852115178,1.8836340424114513,1.0903426445746394,1.0356956460072362,1.0112347675215665,1.4343243160763275,1.5834118418082612,1.4334337117668359,1.2598978288633462
2025-02-06,0.96229218602463,1.0825434447014186,1.3437968086979135,0.9810325374566781,1.8734011151197163,1.0902387802349351,1.0356956460072362,1.0292374636398671,1.4589189065469252,1.6060320575242701,1.4448371751314781,1.2650063856960412
2025-02-07,0.96229218602463,1.0687023110838458,1.3317483381667228,0.9638240661037563,1.8808134134654855,1.0927310490361632,1.0356956460072362,1.031457268380552,1.433783763163796,1.5593779679433757,1.4342802244196475,1.245210727969349
2025-02-10,0.96229218602463,1.076335865648929,1.3275627992848333,0.9686424590889379,1.911643193721307,1.0873312125254473,1.0356956460072362,1.038035700220768,1.459189234553154,1.6229971912223773,1.4449118534566698,1.2554278416347386
2025-02-11,0.96229218602463,1.085060037722657,1.3269893155453496,0.9778202560162205,1.9104624467038422,1.0922118065629212,1.0356956460072362,1.0318362618935932,1.4529729276090029,1.6583412291230668,1.4408534604677417,1.2362707535121333
2025-02-12,0.96229218602463,1.0661857180626075,1.3301582434781618,0.9557170102062899,1.9081666120039404,1.0883696182466533,1.0356956460072362,1.0219551002613314,1.4335135382574933,1.680018893717559,1.43527621244832,1.2522349936143045
2025-02-13,0.96229218602463,1.0714705506072841,1.3337121853183265,0.9611472135292166,1.9192521497827204,1.0942886180053328,1.0356956460072362,1.011830386384793,1.441891850651919,1.7097078496003466,1.435251280098097,1.2605363984674336
2025-02-14,0.96229218602463,1.0985656213374233,1.3429869408679607,0.9905927669021849,1.8915054756682566,1.1046728336679483,1.0356956460072362,1.0201684453712294,1.4591892345531543,1.755419388059724,1.4358737577753329,1.267560664112389
2025-02-18,0.96229218602463,1.1016693468640488,1.3333422574967475,0.9980879541108966,1.9229912086954786,1.1120456172813722,1.0356956460072362,1.0212242418289208,1.4540540334340666,1.8883129166356292,1.4222293510275466,1.2822477650063866
2025-02-19,0.96229218602463,1.0913514562761337,1.3230492973974257,0.9837093316802082,1.9149884567686173,1.1126687240943183,1.0356956460072362,1.0135900135310134,1.450270266146271,2.016965246053707,1.416378203332103,1.2707535121328233
2025-02-20,0.96229218602463,1.0940357282993465,1.3276296242704082,0.9793499277381075,1.9285011479173544,1.1129802378881521,1.0356956460072362,1.0240396654328354,1.4448648401208803,1.9566446708110166,1.424271073059861,1.272030651340997
2025-02-21,0.96229218602463,1.090009256264908,1.3332443041792585,0.9696367019449073,1.9269269253238812,1.1147455355367302,1.0356956460072362,1.0326484052572176,1.434594644082557,1.9952875814592148,1.419540337693251,1.2547892720306522
2025-02-24,0.96229218602463,1.0762520261479416,1.3254016643777233,0.9617590822179714,1.9336831107535302,1.111941832166946,1.0356956460072362,1.0396058306104718,1.4272973344132687,1.8821866152347684,1.4269351540439337,1.2324393358876125
2025-02-25,0.96229218602463,1.0808657586870054,1.345419731559038,0.9699426362892847,1.9052148245326381,1.1067497243356383,1.0356956460072362,1.04377486010369,1.4278378873258004,1.9670121713697044,1.4385877034598518,1.2254150702426572
2025-02-26,0.96229218602463,1.0711350006044773,1.3446078451683128,0.9593116658139621,1.9132830756498076,1.1087226714383465,1.0356956460072362,1.0424483828080529,1.4275675593195716,1.840716275933218,1.4292507757522699,1.221583652618136
2025-02-27,0.96229218602463,1.0707994506016711,1.3552403484375846,0.9614531478735939,1.8912429984728643,1.101765265958461,1.0356956460072362,1.0552262529754437,1.4351350938951626,1.8539114298564565,1.4445384618307104,1.1871008939974463
2025-02-28,0.96229218602463,1.0548611774662728,1.3511309836648484,0.9375143543484087,1.8608068539377707,1.0946002110244453,1.0356956460072362,1.0541974842616308,1.4002703073862417,1.806786120892603,1.4538256435633237,1.1583652618135383
2025-03-05,0.96229218602463,1.0557000204734794,1.39206389021069,0.9528871612840566,1.9122991464927066,1.103322914152909,1.0356956460072362,1.0633748152053637,1.4008108602987732,2.0970781589366587,1.465453260629019,1.1245210727969355
2025-03-06,0.96229218602463,1.057964966992518,1.3795757983912476,0.953116655805597,1.913151917124471,1.1058151037288588,1.0356956460072362,1.0435041792657445,1.4175675881875507,2.0273327466123954,1.429200911051824,1.1481481481481486
2025-03-07,0.96229218602463,1.0727287831182841,1.3838603529910323,0.96252388890341,1.905345983057974,1.110799562106037,1.0356956460072362,1.0538184907485926,1.4272973344132687,2.0730443974273727,1.4349027020968836,1.162835249042146
2025-03-10,0.96229218602463,1.068534504082633,1.3951254094623948,0.9537284661433421,1.8963594621187316,1.108515021984217,1.0356956460072362,1.057391901378584,1.4045946275865688,2.1163997266163572,1.4398574724390696,1.171775223499362
2025-03-11,0.96229218602463,1.0606493030153499,1.4119234472513398,0.9495220001979249,1.910724763754514,1.1170300756585507,1.0356956460072362,1.0775332181561466,1.3897296802417631,2.0984920417967334,1.4572864912252395,1.1660280970625803
2025-03-12,0.96229218602463,1.0634174785391695,1.4110291185890624,0.9514340460870262,1.9279108544809818,1.1124609954149107,1.0356956460072362,1.0621565497350294,1.3832432514912354,1.9245995056578358,1.446256419486557,1.146232439335888
2025-03-13,0.96229218602463,1.0775102586589422,1.404801433645603,0.9806501049384543,1.9575598877193388,1.1214952915624865,1.0356956460072362,1.0592599420496909,1.409459500699428,1.9373233278425164,1.4435674061522612,1.158365261813538
2025-03-14,0.96229218602463,1.1072896654119133,1.4012673586930418,1.019579331232073,1.9642505739586793,1.1140186436093586,1.0356956460072362,1.0611549096148853,1.4481081575960708,1.9340245674506065,1.443741695152868,1.137931034482759
2025-03-17,0.96229218602463,1.1233956815489052,1.3959994462769063,1.0325047801147211,1.967858314201382,1.1181723457194606,1.0356956460072362,1.0455616158435799,1.4616216711095844,1.8934967792705728,1.4293254540774623,1.1775223499361434
2025-03-18,0.96229218602463,1.1282610605901693,1.3812864755259582,1.028986564329886,1.9908823205354258,1.1187953733071283,1.0356956460072362,1.0289938105457996,1.471621642241605,1.909519361847163,1.4137561511669783,1.1717752234993617
2025-03-19,0.96229218602463,1.1378240116714844,1.3812864755259582,1.0384703539525557,1.9914069546367708,1.1246105879513824,1.0356956460072362,1.027504864237522,1.4770270682669955,2.001413882860076,1.4122699456427295,1.1800766283524906
2025-03-20,0.96229218602463,1.131868079121195,1.3719304463452187,1.031739915078273,1.9940964250574005,1.1175493181317928,1.0356956460072362,1.0295893285592357,1.4770270682669955,1.8732327728249567,1.406294254921648,1.1979565772669223
2025-03-21,0.96229218602463,1.1349719326470589,1.3710861567420922,1.038470353952556,1.9797966226119266,1.1185877238529986,1.0356956460072362,1.0333793645394156,1.4640540045660875,1.8755890944509492,1.4127181343193584,1.1858237547892723
2025-03-24,0.96229218602463,1.127170507081144,1.3881714676009824,1.0380879214343317,1.9764513595646158,1.1202491571618722,1.0356956460072362,1.037142372775717,1.4635135547534819,1.8444863680636863,1.4265865760427205,1.1864623243933592
2025-03-25,0.96229218602463,1.1337135721368208,1.3855814416497276,1.0445124843152471,1.9834043628546287,1.1188992376468325,1.0356956460072362,1.0344893173346548,1.45513513925913,1.8096135495459558,1.4343549027448403,1.1692209450830144
2025-03-26,0.96229218602463,1.1375723651692846,1.3685596623351524,1.0468068460205529,1.9815676630657635,1.1204568858412807,1.0356956460072362,1.0286418447766397,1.4675675469475802,1.819509943077284,1.418818249340601,1.1526181353767564
2025-03-27,0.96229218602463,1.1431926837171487,1.3710861567420922,1.0437476192787987,2.0073466390107457,1.1177569675859227,1.0356956460072362,1.0318904182311377,1.469729758597707,1.8614515017617934,1.4275576317211702,1.1494252873563222
2025-03-28,0.96229218602463,1.1332942466326463,1.3795757983912478,1.0395410949823718,2.0245982289275215,1.1211837777686526,1.0356956460072362,1.0296706134904525,1.4467567237647785,1.9156456632480243,1.4290016897009945,1.1577266922094511
2025-03-31,0.96229218602463,1.1181948165044544,1.3873070986301708,1.0207266287867456,2.0484093465583024,1.1222221834898587,1.0356956460072362,1.0424213550641743,1.425135122763142,1.941093307617385,1.4336826790926356,1.1679438058748408
2025-04-01,0.96229218602463,1.1255766605677184,1.3719304463452184,1.029598433018641,2.0458510346630088,1.1214952915624867,1.0356956460072362,1.0283981916825726,1.4343243160763282,1.8619227211447522,1.4188182493406007,1.1794380587484041
2025-04-02,0.96229218602463,1.1286805140935823,1.365205345531388,1.032734216285252,2.0596260428624187,1.1217029410166166,1.0356956460072362,1.026909245374295,1.4200000247439801,1.9109330199960397,1.4145606350008426,1.1692209450830147
2025-04-03,0.96229218602463,1.1260800815713568,1.3744694770769563,1.049942629287164,2.031485733027227,1.137902371323486,1.0356956460072362,1.0374672099512101,1.380270262022274,1.950047150027197,1.4101784776354465,1.1685823754789277
2025-04-04,0.96229218602463,1.0921063957827344,1.3838603529910323,1.0163671081426255,1.9757297474581879,1.1372792645105398,1.0356956460072362,1.0422588860515338,1.3354054012814063,1.80819977904148,1.4019370299064748,1.175606641123883
2025-04-07,0.96229218602463,1.0777619051611425,1.429130934156989,1.0107839668230152,1.9359134462631238,1.1339563186675141,1.0356956460072362,1.087062514869039,1.3135134722735409,1.722431671785027,1.45408209059419,1.1864623243933594
2025-04-08,0.96229218602463,1.0637530285419763,1.4365022931381557,1.00458895681465,1.9471301425672398,1.1313602647518604,1.0356956460072362,1.0834619756453785,1.269189164445205,1.6328934723981066,1.4723998883030731,1.1979565772669227
2025-04-09,0.96229218602463,1.0972234213261982,1.469666927910925,1.0256214615947647,2.0049196457855083,1.1264797499396646,1.0356956460072362,1.1164893744156366,1.3335135176375086,1.7983034978657502,1.4972237234399257,1.2107279693486597
2025-04-10,0.96229218602463,1.0846405842192446,1.4182145574990739,1.011548715157444,2.06966215229379,1.1235721030048986,1.0356956460072362,1.0684371721436305,1.3299999752560159,1.676248801587091,1.4486217871698621,1.2337164750957863
2025-04-11,0.96229218602463,1.0963845143193727,1.4745302782522265,1.018355593854564,2.113610987977621,1.132917912946308,1.0356956460072362,1.108205471766745,1.3432432638632266,1.662111208897935,1.4651046826278054,1.2522349936143047
2025-04-14,0.96229218602463,1.1121550444531774,1.4804086459419952,1.0359464393747002,2.1021974738131406,1.1421598585480135,1.0356956460072362,1.1044966198679915,1.3751351640031124,1.5669180398487117,1.4601000475851733,1.2388250319284808
2025-04-15,0.96229218602463,1.1100579049353518,1.4774636720148948,1.0381644779591888,2.1113151532777192,1.1349948036139978,1.0356956460072362,1.1064458446205245,1.3451351475071243,1.568803029736146,1.4576101368762302,1.229246487867178
2025-04-16,0.96229218602463,1.1024242863706495,1.479425713085807,1.0290631208547432,2.182092553398661,1.1426791010212556,1.0356956460072362,1.1131054605421644,1.3335135176375086,1.5301602314435465,1.4651793609529973,1.23690932311622
2025-04-17,0.96229218602463,1.1138327304675903,1.488320129289878,1.0347992585220471,2.170350902703761,1.1375908575296516,1.0356956460072362,1.1197379478701348,1.3416216051256316,1.5292176803220299,1.460398760885941,1.2318007662835253
2025-04-22,0.96229218602463,1.120375795523267,1.488320129289878,1.0474952712341647,2.230764217007631,1.12523361553905,1.0356956460072362,1.1157584151334357,1.3462162533321878,1.4170593775746994,1.44588290913512,1.2151979565772673
2025-04-23,0.96229218602463,1.1353913861504714,1.4448865446669765,1.065162556577138,2.149098096968274,1.131671857770972,1.0356956460072362,1.0843824316840986,1.3751351640031126,1.4241282300970768,1.4241714623844464,1.2056194125159647
2025-04-24,0.96229218602463,1.1559433278253146,1.438357138008042,1.0846654479863758,2.1856346343063353,1.1370716150564097,1.0356956460072362,1.078589014613838,1.3962162120922172,1.380772900908092,1.420063204695072,1.2190293742017886
2025-04-25,0.96229218602463,1.1571177208353274,1.4374291312528753,1.0889484121056396,2.153099312786985,1.1423675872274217,1.0356956460072362,1.076504550292124,1.3786486032846792,1.3840716613000017,1.4139132249733837,1.2228607918263097
2025-04-28,0.96229218602463,1.1598859603587657,1.4355767299039244,1.095602294455066,2.185962610692036,1.1481827226463974,1.0356956460072362,1.0703051119649492,1.377297272553313,1.493873754776939,1.415407147653654,1.2145593869731808
2025-04-29,0.96229218602463,1.1606408998653657,1.4355767299039244,1.1021032971588185,2.1769760897527934,1.1526479385503334,1.0356956460072362,1.0757465632660472,1.3783783783783765,1.5956644446099821,1.4074894643011504,1.17624521072797
2025-04-30,0.96229218602463,1.159718153357553,1.4245620812083981,1.1158699341987326,2.167923909478523,1.1526479385503334,1.0356956460072362,1.0690598187507356,1.3521621291701842,1.5673892592316703,1.3992977625471477,1.1934865900383147
2025-05-02,0.96229218602463,1.1610603533687782,1.4272998870562112,1.1045506552118183,2.1199736978312615,1.1555555062598213,1.0356956460072362,1.0559300836639756,1.3567567773767402,1.7106504007218626,1.413514900997201,1.1781609195402303
2025-05-05,0.96229218602463,1.1465480557459737,1.4282147200463362,1.0979732126852288,2.1720564439672896,1.1490134789134736,1.0356956460072362,1.061019569195914,1.3502702455262863,1.6729500411951808,1.410975244313289,1.1404853128991064
2025-05-06,0.96229218602463,1.1482258697596248,1.4318862696115116,1.0871892458622125,2.237717220297644,1.1547247499927453,1.0356956460072362,1.0717128741918003,1.3529730100889445,1.6319510336321885,1.415805471629837,1.1430395913154539
2025-05-07,0.96229218602463,1.1459609232405865,1.4420810639132633,1.0919311990245573,2.2180386371556304,1.1593976945760893,1.0356956460072362,1.0813774104738738,1.358648661020638,1.706409089208436,1.4224036400281541,1.1264367816091958
2025-05-08,0.96229218602463,1.1702038509466808,1.4458243255058842,1.1477629623267203,2.162413970256647,1.170301073486669,1.0356956460072362,1.0809984169608353,1.3770270476470106,1.6927427159022388,1.4303213233806575,1.121328224776501
2025-05-09,0.96229218602463,1.1730559299711065,1.4146127014005716,1.1707839528187733,2.1878648096712094,1.1734163698755649,1.0356956460072362,1.0495141208363998,1.3448648195008956,1.78840721669002,1.4096556106336253,1.1277139208173694
2025-05-12,0.96229218602463,1.1737270299767193,1.4119234472513402,1.1482982744906185,2.112167923909484,1.1734163698755649,1.0356956460072362,1.0486206925415609,1.3829729234850068,1.7181903602716,1.4063191872718708,1.1245210727969353
2025-05-13,0.96229218602463,1.1933562251437497,1.400386628755969,1.174608044596976,2.125483797197857,1.1742471261426406,1.0356956460072362,1.0347059426848428,1.4005405322925446,1.718661692010158,1.4116972139404624,1.1136653895274589
2025-05-14,0.96229218602463,1.1890781066071112,1.3959994462769065,1.1749139205903436,2.0868480828755382,1.1722740998146548,1.0356956460072362,1.0279108854944383,1.4040540746740373,1.6456174069383858,1.3944348857243554,1.1200510855683274
2025-05-15,0.96229218602463,1.1974666646784136,1.4030321120084484,1.1802677424414432,2.1126270588205203,1.1750778824097168,1.0356956460072362,1.040851123824682,1.4154053765374242,1.5843543929297772,1.403406020236522,1.1455938697318013
2025-05-16,0.96229218602463,1.1964600786696136,1.4155114921445566,1.1505161963730877,2.0872417185962666,1.1763239375850527,1.0356956460072362,1.05639026125844,1.4113513843433256,1.5711593513621378,1.4145606350008422,1.1328224776500644
2025-05-19,0.96229218602463,1.2004027112030646,1.4101361710473137,1.1556405820536564,2.1180058395170605,1.1799583972219123,1.0356956460072362,1.0539538311675634,1.4086486197806671,1.4670122275475033,1.4089269923797254,1.143039591315454
2025-05-20,0.96229218602463,1.2036742437309031,1.4110291185890624,1.1629827729146744,2.151721908053876,1.1791277201801145,1.0356956460072362,1.0540350152489897,1.4045946275865686,1.614985899934081,1.4053978775683897,1.160919540229886
2025-05-21,0.96229218602463,1.185051634572673,1.4236518165400214,1.1396557897272341,2.170744538424489,1.1741432618029366,1.0356956460072362,1.0627791963421338,1.3902702331542944,1.5871819339387276,1.4110748549887036,1.1775223499361438
2025-05-22,0.96229218602463,1.1801022880311836,1.4236518165400214,1.134837513444072,2.159593341310681,1.1721702354749504,1.0356956460072362,1.0628875090172294,1.386486465866499,1.5329877724524967,1.4054477422688358,1.1826309067688385
2025-05-23,0.96229218602463,1.1846321810692602,1.4355767299039244,1.1381261763563568,2.2063628059404783,1.1797507477677824,1.0356956460072362,1.0756652783348297,1.3878377965978652,1.5711593513621371,1.4232501526809653,1.1736909323116227
2025-05-27,0.96229218602463,1.199479964695252,1.436502293138156,1.1575526279427573,2.1640538521851487,1.1875389095147442,1.0356956460072362,1.0753945974968842,1.3881081246040943,1.6013195266278835,1.4109005659880969,1.1736909323116227
2025-05-28,0.96229218602463,1.1936918391461753,1.4227427205120924,1.152581238609882,2.1604461119424463,1.1848389912593862,1.0356956460072362,1.058637295442585,1.3754053889094153,1.5098963373535288,1.403630173937575,1.15197956577267
2025-05-29,0.96229218602463,1.1910914066239495,1.4227427205120924,1.1386616052222744,2.175861002070357,1.1843198280114222,1.0356956460072362,1.0567422270275995,1.3716216216216197,1.659754999627541,1.4164031356823266,1.1417624521072802
2025-05-30,0.96229218602463,1.1773341765069831,1.4346523353101401,1.1330019073778075,2.1573630058010886,1.1811006672828221,1.0356956460072362,1.0662985514843708,1.3289188694309526,1.6244109617268514,1.4105270556366598,1.134099616858238
2025-06-02,0.96229218602463,1.1759080089955323,1.4458243255058842,1.1265774611989117,2.210954475340282,1.1770508295124245,1.0356956460072362,1.0771813532367762,1.3394594965754312,1.7408105759876082,1.424395497360022,1.1194125159642405
2025-06-03,0.96229218602463,1.1825350415514346,1.4458243255058842,1.139043921038479,2.1975729427168806,1.1760124237912186,1.0356956460072362,1.0778039998438815,1.3518919042638813,1.7540056175552474,1.4123446239679212,1.1200510855683274
2025-06-04,0.96229218602463,1.1784246020167708,1.428214720046336,1.1278776383992581,2.2128566743194553,1.1775700719856665,1.0356956460072362,1.0609654128583652,1.3513513513513495,1.7511781889018958,1.40372978461299,1.1206896551724144
2025-06-05,0.96229218602463,1.171881536961094,1.4318862696115113,1.1105927855745092,2.197900919102581,1.1827621798169743,1.0356956460072362,1.0679769945491675,1.3789189312909083,1.7327992846993132,1.4023105402579115,1.122605363984675
2025-06-06,0.96229218602463,1.1698683649434938,1.4236518165400214,1.1077628783012659,2.179534241503368,1.1780892352336305,1.0356956460072362,1.0529251633035408,1.3781081534720738,1.7832233540550761,1.3904837018413865,1.1302681992337171
2025-06-09,0.96229218602463,1.16726780442203,1.4128187320739833,1.0979732126852286,2.185700293641364,1.1796468834280784,1.0356956460072362,1.0407970683369245,1.4035135217615058,1.7130066099922552,1.3850308781221257,1.1072796934865907
2025-06-10,0.96229218602463,1.1734753834745193,1.4137152917771145,1.095602294455066,2.178353494485903,1.169262667765463,1.0356956460072362,1.040824096080803,1.407837841961833,1.664938749906885,1.3836117524925244,1.1206896551724146
2025-06-11,0.96229218602463,1.1789278950211706,1.4182145574990734,1.1076099986555918,2.1786159716812947,1.171443343547579,1.0356956460072362,1.0413384300128128,1.3837838044037671,1.6526861471051637,1.3873714321806851,1.1162196679438066
2025-06-12,0.96229218602463,1.1852193135746474,1.4182145574990734,1.1151816256871405,2.2177106607699306,1.1770508295124247,1.0356956460072362,1.0390373403409106,1.3756757169156442,1.6456174069383853,1.3783332177738707,1.1200510855683277
2025-06-13,0.96229218602463,1.1794313160248089,1.4300482106680492,1.1075334421307352,2.250705117200318,1.1750778824097168,1.0356956460072362,1.0468069090577894,1.3718918465279224,1.6875589656228944,1.3787067281253076,1.1353767560664119
2025-06-16,0.96229218602463,1.197047211175001,1.425473620757262,1.1313192976592368,2.2278779287266377,1.1827621798169745,1.0356956460072362,1.0407699397432553,1.3954054342733828,1.7662582203569694,1.3791050521014903,1.110472541507025
2025-06-17,0.96229218602463,1.1932723856427625,1.4124724957814714,1.135678818303357,2.221449719682689,1.1827621798169745,1.0356956460072362,1.027207054805909,1.3548648937328422,1.8147974121808974,1.3671288570345812,1.102171136653896
2025-06-18,0.96229218602463,1.192685125138137,1.4039162416268218,1.1342256447553167,2.2235487365222264,1.1838005855381803,1.0356956460072362,1.0230921816502356,1.360270319758233,1.8798304059643742,1.367676656386625,1.107279693486591
2025-06-20,0.96229218602463,1.179263509023596,1.4065751111244242,1.1230592454140762,2.20931459341178,1.1886811795756542,1.0356956460072362,1.0234440465696049,1.3248648772368543,1.8129123099378635,1.366929635683751,1.095146871008941
2025-06-23,0.96229218602463,1.1740626439791446,1.412818732073983,1.1154876183825275,2.2156116439303926,1.1868120175873722,1.0356956460072362,1.0214407663293172,1.3178377924738687,1.7426955658750427,1.3740009251089202,1.0708812260536409
2025-06-24,0.96229218602463,1.1797668020279959,1.4182145574990732,1.129789684288359,2.176057659786001,1.1881619371024124,1.0356956460072362,1.0193563020076035,1.3289188694309528,1.6668237397943195,1.3678758777374547,1.0632183908045987
2025-06-25,0.96229218602463,1.1675194509242297,1.4245620812083977,1.120917763354444,2.1824205297843613,1.1831775579505124,1.0356956460072362,1.0297788253157536,1.3083783742543798,1.6050895064027522,1.3719841354268287,1.0478927203065145
2025-06-26,0.96229218602463,1.1788440555201833,1.4458243255058838,1.1294836915929718,2.1866185634634365,1.1881619371024126,1.0356956460072362,1.0383876659899265,1.3289188694309526,1.5367577522273654,1.3838357874680998,1.045977011494254
2025-06-27,0.96229218602463,1.1767469160023578,1.425473620757262,1.1305545493248075,2.1473925557047453,1.1911733691516044,1.0356956460072362,1.0250684341466472,1.3259459830619176,1.762017021199142,1.363717755347634,1.0664112388250329
2025-06-30,0.96229218602463,1.1939434856483753,1.430048210668049,1.1518164902754529,2.160970746043791,1.1983385033108982,1.0356956460072362,1.02625957102331,1.337837837837836,1.628652273240278,1.3640415197241023,1.074074074074075
2025-07-01,0.96229218602463,1.2004027112030646,1.4245620812083974,1.1559464580470233,2.1887175803029746,1.198650017104732,1.0356956460072362,1.0213866099917697,1.3400000494879627,1.609330817916179,1.3520403923069702,1.0727969348659014
2025-07-02,0.96229218602463,1.196124464667188,1.4346523353101395,1.1418738283117222,2.1961298786487435,1.1984423676506022,1.0356956460072362,1.0303202878414357,1.3781081534720738,1.6437323046953516,1.3591613089816312,1.0964240102171146
2025-07-03,0.96229218602463,1.2120628018022055,1.4254736207572618,1.1648948188037753,2.185372317255664,1.200830692886848,1.0356956460072362,1.0233087061506336,1.3951351062671542,1.6065032769072278,1.351094268978744,1.102171136653896
2025-07-07,0.96229218602463,1.199983257699652,1.420928034377575,1.1513575012323725,2.1857657928316727,1.197611611383526,1.0356956460072362,1.015268456595809,1.3837838044037674,1.6079170474117035,1.3493513789726748,1.0676883780332063
2025-07-08,0.96229218602463,1.1980539251830393,1.4337291093568025,1.1428680128166817,2.169235815021325,1.1927310173460524,1.0356956460072362,1.0182463492123643,1.374864835996884,1.5739867800154894,1.3663570227069615,1.0498084291187746
2025-07-09,0.96229218602463,1.1823672345502219,1.4209280343775752,1.1313192976592368,2.172253261827655,1.1894080715030264,1.0356956460072362,1.0039525049928173,1.3648648648648634,1.5146088682499146,1.3559992933459608,1.0536398467432957
2025-07-10,0.96229218602463,1.176075815996745,1.4571713992886357,1.1109751013907139,2.1760576597860024,1.1859812613202965,1.0356956460072362,1.03400201114652,1.3767567196407817,1.572573009511014,1.3897865458389584,1.040229885057472
2025-07-11,0.96229218602463,1.1717137299598812,1.440216657439717,1.1038623467002264,2.201377500819948,1.1886811795756544,1.0356956460072362,1.0235523592447004,1.3675675263275955,1.5617341772137676,1.3771629407445904,1.0293742017879957
2025-07-14,0.96229218602463,1.1634929788897916,1.4486445736252491,1.0989675138922077,2.198425713348646,1.1886811795756544,1.0356956460072362,1.0239043250138602,1.3718918465279228,1.6333648041366635,1.3873215674802382,1.0542784163473826
2025-07-15,0.96229218602463,1.1639124323932044,1.4505307593071302,1.1013384321223703,2.1841915702381995,1.1770508295124247,1.0356956460072362,1.0233087061506336,1.3597297668457016,1.6602262190105,1.3910812471683986,1.0249042145593876
2025-07-16,0.96229218602463,1.16475133940003,1.435576729903924,1.1021797369816557,2.1990816661200463,1.1792315052945408,1.0356956460072362,1.0102331274014187,1.3635135341334972,1.6734213729337384,1.382118542165117,1.0351213282247773
2025-07-17,0.96229218602463,1.1666806719166427,1.4411481701162254,1.1060802685826954,2.1909479158125684,1.1816199097560647,1.0356956460072362,1.0179485397807524,1.3597297668457016,1.6691800614203118,1.386001933800575,1.0268199233716484
2025-07-18,0.96229218602463,1.1475547697540125,1.4337291093568025,1.0785468778008478,2.1994096425057466,1.1759085594515146,1.0356956460072362,1.011532576953177,1.3451351475071247,1.680018893717558,1.3810222311081657,1.0434227330779065
2025-07-21,0.96229218602463,1.154265641810902,1.4439501449485972,1.0772467006005013,2.2314856689693414,1.1768431800582946,1.0356956460072362,1.017407077255071,1.376486494734479,1.566918039848711,1.3888653548609546,1.0312899106002564
2025-07-22,0.96229218602463,1.1532589278028638,1.448644573625249,1.0709751340672795,2.255952739371523,1.1774662076459628,1.0356956460072362,1.0219280725174518,1.3962162120922177,1.5325165530695382,1.3857280341245528,1.0197956577266931
2025-07-23,0.96229218602463,1.1643318858966172,1.4533692807134888,1.0877246747281304,2.226369365468194,1.175493181317977,1.0356956460072362,1.0256910807537531,1.4113513843433263,1.4500470938493963,1.3853297101483701,1.0178799489144326
2025-07-24,0.96229218602463,1.1509941092830636,1.4458243255058836,1.0721223149199326,2.2112167923909554,1.1788161271610027,1.0356956460072362,1.0202226017087763,1.3986486486486471,1.4580584974932902,1.3735028717318452,1.0261813537675617
2025-07-25,0.96229218602463,1.1483935487615997,1.4439501449485972,1.0728107401335438,2.186946539849138,1.178712342046577,1.0356956460072362,1.0164867220661444,1.3964864369985204,1.4655984570430276,1.3743992490851027,1.02043422733078
2025-07-28,0.96229218602463,1.136733458162459,1.4562190635641576,1.053996157235898,2.1706133798991543,1.177154693852129,1.0356956460072362,1.0190313639823203,1.374864835996884,1.408105535164887,1.3856533557993609,1.0057471264367825
2025-07-29,0.96229218602463,1.1421860977083487,1.4420810639132624,1.055449330783938,2.179993376414405,1.1829698292711046,1.0356956460072362,1.0181921928748172,1.372162174534152,1.4519321960924296,1.3910315011934298,0.9942528735632193
2025-07-30,0.96229218602463,1.153007281300664,1.4328071582839532,1.066998045941383,2.1618891760105843,1.1857736118661664,1.0356956460072362,1.016297124459832,1.368918960158888,1.4349670623943225,1.3876453318567064,1.0006385696040878
2025-07-31,0.96229218602463,1.1451220162337616,1.418214557499073,1.062256209481058,2.1601836347470553,1.1795430190883747,1.0356956460072362,1.0110452707650437,1.3581081081081068,1.4637134671555931,1.3881930124832729,1.0063856960408695
2025-08-01,0.96229218602463,1.1392500511836976,1.4236518165400207,1.049789632939471,2.1959330607883807,1.1873311808353364,1.0356956460072362,1.0053331386260027,1.3443243696882905,1.452874634858347,1.3940193465539705,0.9948914431673063
2025-08-04,0.96229218602463,1.1436121372205614,1.4282147200463353,1.0596558550803648,2.2134469677558295,1.1866042889079644,1.0356956460072362,1.017569546267712,1.3367567320127731,1.3817153396740092,1.3788560847756908,0.9885057471264378
2025-08-05,0.96229218602463,1.1452059837339872,1.4173123670737868,1.0605735997624872,2.218366613541333,1.1836967211984766,1.0356956460072362,1.0134005167744937,1.3356756261877099,1.4184731480791741,1.3684484907142442,0.9744572158365272
2025-08-06,0.96229218602463,1.1571177208353278,1.4182145574990732,1.0717399991037275,2.21712036733356,1.1843198280114227,1.0356956460072362,1.009610480794314,1.335405401281407,1.4500470938493961,1.3701664483700904,0.9699872286079193
2025-08-07,0.96229218602463,1.1748175834857453,1.4173123670737868,1.0793116261352762,2.2304362406219336,1.1904464772242325,1.0356956460072362,1.0038983486552704,1.3602703197582335,1.4453345629530105,1.359186241331854,0.9821200510855694
2025-08-08,0.96229218602463,1.1695327509410687,1.407463702824506,1.0870363662165383,2.2558872401812153,1.1976116113835262,1.0356956460072362,0.998213345109896,1.3835134763975385,1.4090480862864034,1.3480814912679797,0.9776500638569615
2025-08-11,0.96229218602463,1.166680671916643,1.4083535694050757,1.0877246747281302,2.1994753018407756,1.1970923689102844,1.0356956460072362,0.9958851268443273,1.3710810687090884,1.3920829525882965,1.3525632593087908,0.9833971902937433
2025-08-12,0.96229218602463,1.1863937065846606,1.407463702824506,1.1173996642716293,2.1967201720851177,1.196676990776746,1.0356956460072362,0.994531520955021,1.387567571691563,1.3232799790299508,1.3550530512922567,0.9489144316730537
2025-08-13,0.96229218602463,1.1758241694945453,1.4039162416268216,1.1085277433377143,2.203148541273786,1.196157827528782,1.0356956460072362,0.9895774766918475,1.3751351640031129,1.3327050408227215,1.344819746231417,0.9553001277139221
2025-08-14,0.96229218602463,1.173559222975507,1.4056876880647895,1.114875749693773,2.187733651145875,1.199169259577974,1.0356956460072362,0.9917972814325327,1.3548648937328427,1.3388313422235822,1.3423299542479512,0.9578544061302695
2025-08-15,0.96229218602463,1.1743981299823325,1.4030321120084475,1.1220650609091172,2.188258445391939,1.1985461527650279,1.0356956460072362,0.9914454165131634,1.3500000206199838,1.3741752677686727,1.3467867899385393,0.9802043422733092
2025-08-18,0.96229218602463,1.1822833950492349,1.407463702824506,1.1349903930897456,2.1854378164459733,1.1879542876482823,1.0356956460072362,0.9926365533898263,1.3554054466453744,1.36192277732255,1.3446206436060641,0.9782886334610487
2025-08-19,0.96229218602463,1.1567821068329023,1.4119234472513396,1.089330727921844,2.1734338487004012,1.1820352878896023,1.0356956460072362,0.994775174049088,1.3448648195008959,1.3034873043228925,1.3534097719616023,0.9693486590038328
2025-08-20,0.96229218602463,1.1599697998597533,1.4245620812083977,1.087648234905293,2.1931124318424153,1.1752855318638467,1.0356956460072362,1.0074717592852618,1.3402702743942658,1.296889783539073,1.368822001065681,0.9706257982120066
2025-08-21,0.96229218602463,1.1577888208409404,1.4200223380309471,1.082064976883663,2.1888487388283124,1.1722740998146548,1.0356956460072362,1.0051706696133595,1.3402702743942658,1.3317624897012046,1.3617410948768542,0.989144316730525
2025-08-22,0.96229218602463,1.1878198740961114,1.4128187320739831,1.110745665220183,2.21344696775583,1.1817237740957685,1.0356956460072362,0.9969950796395636,1.3767567196407815,1.2714420268141127,1.3606552316619012,0.9916985951468723
2025-08-25,0.96229218602463,1.1889942671061244,1.4128187320739831,1.1101337965314282,2.2130534921798213,1.1841120993320144,1.0356956460072362,0.9965619297889775,1.385675688047665,1.270499588048195,1.3498243812740487,0.9942528735632198
2025-08-26,0.96229218602463,1.1874842600936861,1.3986284623230831,1.1031740381886341,2.222761625225492,1.1880581519879865,1.0356956460072362,0.9905519882183216,1.3791891561972114,1.2803958692239246,1.346936146588923,0.9897828863346119
2025-08-27,0.96229218602463,1.1987248971894142,1.4074637028245065,1.1210707597021379,2.2332568695678994,1.1857736118661664,1.0356956460072362,0.9971033923146592,1.3932432226232563,1.3510839450253038,1.3522893596327688,0.9770114942528749
2025-08-28,0.96229218602463,1.2150826878278442,1.4048014336456027,1.1449330550534762,2.251098752921048,1.1942886655405005,1.0356956460072362,0.9956144460063815,1.4018918630239108,1.387370421691911,1.348928003920791,0.984674329501917
2025-08-29,0.96229218602463,1.2179347668522698,1.4074637028245063,1.1477629623267196,2.2785831099848397,1.1890965577091925,1.0356956460072362,0.9974823858276975,1.4035135217615058,1.4123468466783131,1.3477578456169885,1.0166028097062594
2025-09-02,0.96229218602463,1.2082040087697419,1.4182145574990732,1.1264244648512176,2.3282387027509106,1.173624019329695,1.0356956460072362,1.0010829250513582,1.3929729977169534,1.4180019286962153,1.3540819956138068,1.0293742017879963
2025-09-03,0.96229218602463,1.2041775367353034,1.415511492144556,1.1266539010217482,2.3569694661671945,1.175700909997385,1.0356956460072362,0.9963182766949104,1.3867567938727283,1.4439207924485349,1.3612030310139447,1.0159642401021725
2025-09-04,0.96229218602463,1.2142437808210185,1.4137152917771143,1.1387380450451112,2.3389964242887094,1.1738317480091032,1.0356956460072362,0.9966431138704037,1.4024324159364425,1.4486333233449205,1.356497227997558,1.0210727969348672
2025-09-05,0.96229218602463,1.2276655249347976,1.4128187320739831,1.160841290855042,2.370088521595203,1.1784008282527432,1.0356956460072362,0.9934215681597814,1.4175675881875511,1.436380832898798,1.355476307618662,1.0191570881226066
2025-09-08,0.96229218602463,1.2208706853776827,1.4110291185890622,1.1515104975800659,2.386421841689906,1.1793353696342452,1.0356956460072362,0.9875740956017663,1.4124323870684634,1.4561733952502567,1.3475586242661584,1.029374201787996
2025-09-09,0.96229218602463,1.2194446458654697,1.420022338030947,1.1476099659790262,2.3898327640722443,1.182346801683437,1.0356956460072362,0.9962912489510346,1.4121621621621607,1.4688973297905366,1.3495754139482496,1.024904214559388
2025-09-10,0.96229218602463,1.225652224917959,1.415511492144556,1.1509751854161676,2.3900295819326085,1.1874350451750408,1.0356956460072362,0.9977530666656431,1.3986486486486471,1.427426990488986,1.3528869049597811,1.0146871008939984
2025-09-11,0.96229218602463,1.2337891364870615,1.407463702824506,1.1627533367441432,2.38563457024845,1.1922117748728107,1.0356956460072362,0.9925823970522786,1.4124323870684634,1.3826578907955258,1.3450189675822468,1.0191570881226064
2025-09-12,0.96229218602463,1.2259877109211463,1.407463702824506,1.150745749245637,2.3938339798909554,1.1920041254186806,1.0356956460072362,0.9907144572309624,1.3932432226232565,1.3859566511874357,1.341582933545077,1.0191570881226064
2025-09-15,0.96229218602463,1.2363057295082998,1.3968745454918237,1.1609177306778786,2.4153492628218345,1.1965732056623206,1.0356956460072362,0.9809686360176746,1.405135180499101,1.4340245112728058,1.3323206841626871,1.0810983397190306
2025-09-16,0.96229218602463,1.2405000085439508,1.3916396737283334,1.16160615589149,2.4197441143612735,1.1965732056623206,1.0356956460072362,0.9761228035798033,1.4097297256057313,1.4622996966511181,1.323407012781511,1.0970625798212017
2025-09-17,0.96229218602463,1.2539216246584919,1.3995069612193016,1.179961749746055,2.415086945771162,1.2034267468025022,1.0356956460072362,0.9794255333718493,1.416486482362488,1.4608859261466425,1.3185767854649633,1.0900383141762464
2025-09-18,0.96229218602463,1.252663392147492,1.3977511320673108,1.182485664323911,2.3900950811229165,1.1993769090321043,1.0356956460072362,0.9787217026833176,1.408648619780668,1.385014100065919,1.3221372438022936,1.0823754789272044
2025-09-19,0.96229218602463,1.2566898641819304,1.3916396737283336,1.1866156320954813,2.408330600196793,1.1983385033108982,1.0356956460072362,0.9705731404534002,1.413783820899756,1.3609802262010335,1.320693067096992,1.0830140485312914
2025-09-22,0.96229218602463,1.2496435061218536,1.389903392743824,1.17789670750926,2.453722499948761,1.1904464772242325,1.0356956460072362,0.9725222643561425,1.4070270641429992,1.3223374279084341,1.3247266464611744,1.0772669220945097
2025-09-23,0.96229218602463,1.2604646897141687,1.401267358693041,1.1898279718869487,2.4798951116144714,1.1970923689102844,1.0356956460072362,0.9775575935505332,1.408648619780668,1.3444863118858854,1.328162680498344,1.0887611749680728
2025-09-24,0.96229218602463,1.2616390827241817,1.3890368989721995,1.1859273235838894,2.448081402201549,1.1951193425822983,1.0356956460072362,0.9685698602131102,1.4108108314307948,1.3468426335118775,1.3150411407523785,1.083652618135378
2025-09-25,0.96229218602463,1.2519922921418791,1.3933804167945507,1.1724665625373432,2.451229847388496,1.1961578275287825,1.0356956460072362,0.9697338684961065,1.4062161832242388,1.3685202981063698,1.3270670817942563,1.0874840357598992
2025-09-26,0.96229218602463,1.2529988781506791,1.3925094609412185,1.18470358620638,2.476418529897105,1.1975077470438225,1.0356956460072362,0.968921725132482,1.3943243284483202,1.3360038012146311,1.3354828185238348,1.0779054916985964
2025-09-29,0.96229218602463,1.2607163362163687,1.393380416794551,1.1954111132065592,2.5063298801861347,1.1965732056623206,1.0356956460072362,0.9680554254313096,1.3972973179172814,1.5395852932363163,1.3301429027334413,1.0766283524904228
2025-09-30,0.96229218602463,1.2598775572087815,1.3899033927438242,1.196481854236375,2.519383436423835,1.1970923689102844,1.0356956460072362,0.9700588065213879,1.3970269899110523,1.5565504269344232,1.3250254784874194,1.0613026819923386
2025-10-01,0.96229218602463,1.2540894316597049,1.3899033927438242,1.1796558737526872,2.5368973433912836,1.1964693413226164,1.0356956460072362,0.9730907546257003,1.4172972601813225,1.6380773350330486,1.3244776791353754,1.0638569604086858
2025-10-02,0.96229218602463,1.240667687545926,1.3916396737283336,1.1649713753286313,2.5186618243174066,1.1909657196974746,1.0356956460072362,0.9808874519362483,1.4205405776565128,1.622054640100859,1.3267933008437114,1.0772669220945095
2025-10-03,0.96229218602463,1.242597148061777,1.3925094609412187,1.1681070418932225,2.5456215472798536,1.1919002610789766,1.0356956460072362,0.9817537516374206,1.4308107736948361,1.5664467081101527,1.3287352934751333,1.0702426564495542
2025-10-06,0.96229218602463,1.2364734085102749,1.3907709489158555,1.1594646738318577,2.590029517874721,1.1923156392125147,1.0356956460072362,0.9653211859088211,1.4351350938951635,1.5819981836593833,1.3282373588235357,1.0772669220945095
2025-10-07,0.96229218602463,1.2178507993520447,1.3847203661201766,1.1375908641924577,2.608461854808962,1.1869158819270769,1.0356956460072362,0.9564687929903722,1.414054045806059,1.6484448355917367,1.3224111434783152,1.0721583652618147
2025-10-08,0.96229218602463,1.2248133179111342,1.3890368989722,1.1487571468316786,2.652213872632429,1.1866042889079649,1.0356956460072362,0.953518028967486,1.4245945698506115,1.5706880196235793,1.3330178401651145,1.0779054916985964
2025-10-09,0.96229218602463,1.2209546528779085,1.381286475525958,1.1529636711281055,2.5885864538065846,1.188681179575655,1.0356956460072362,0.9464793186830176,1.4218919083878792,1.5405278443578332,1.3283867154739195,1.0683269476372936
2025-10-10,0.96229218602463,1.2123982878053934,1.3847203661201766,1.1395793499043962,2.6080025597532064,1.182242937343733,1.0356956460072362,0.9516500891461702,1.4032431937552778,1.4637134671555931,1.3388441742358121,1.05491698595147
2025-10-13,0.96229218602463,1.2209546528779085,1.4263862227065336,1.1456213635650678,2.695047620633823,1.1835929360840511,1.0356956460072362,0.9840277127156537,1.4262162285882065,1.4693685491734951,1.3751461510624985,1.0491698595146883
2025-10-14,0.96229218602463,1.2209546528779085,1.406575111124425,1.145850916437618,2.714791863110865,1.1828660441566792,1.0356956460072362,0.9706001681972789,1.427027006407041,1.4269557711060272,1.3604809426612938,1.05491698595147
2025-10-15,0.96229218602463,1.2285882714426108,1.4165942906389652,1.15066919272078,2.739849066804699,1.1856697475264628,1.0356956460072362,0.977720062563174,1.4351350938951635,1.4213006890881252,1.364813354051721,1.0644955300127728
2025-10-16,0.96229218602463,1.2234712458991468,1.4128187320739836,1.1455449237422306,2.80760918026403,1.1863966394538348,1.0356956460072362,0.9771244436999471,1.423513464025548,1.38454288068296,1.3567959412983255,1.0772669220945097
2025-10-17,0.96229218602463,1.2347957224958621,1.4182145574990739,1.1524282422621874,2.748376452832905,1.179335369634245,1.0356956460072362,0.9811311050303154,1.4289188900509384,1.4175305969576573,1.3546833401560912,1.0791826309067702
2025-10-20,0.96229218602463,1.2441909945752025,1.4030321120084484,1.1668068646928758,2.844473533843072,1.179335369634245,1.0356956460072362,0.9697880248336546,1.4500000412399694,1.6008483072449247,1.3460397692356647,1.0810983397190308
2025-10-21,0.96229218602463,1.2419260480561642,1.3925094609412192,1.1544932844989824,2.6813381116247212,1.1887850439153587,1.0356956460072362,0.9645903274764114,1.4391891891891881,1.637134783911532,1.3367277738783057,1.072158365261815
2025-10-22,0.96229218602463,1.2482174666096408,1.390770948915856,1.1627533367441425,2.6529353245941376,1.1952232069220023,1.0356956460072362,0.9598256791199662,1.4497297132337406,1.625824732231327,1.341209541919117,1.0804597701149439
2025-10-23,0.96229218602463,1.2555993106729049,1.3951254094623955,1.1666538683451821,2.706133158412603,1.1995845584862344,1.0356956460072362,0.9619642997792278,1.4594594594594585,1.5758718822585225,1.3443716762802647,1.0932311621966806
2025-10-24,1.215326973239353,1.2597147421778565,1.3916396737283345,1.166840241470481,2.7014758296777717,1.211007259095334,1.380484037162188,0.9548445062631234,1.4648802473738378,1.5570216463173823,1.3402634185908904,1.0810983397190304
2025-10-27,0.96229218602463,1.2665044617654455,1.3942522225682092,1.1753727929314037,2.625057331809618,1.211214908549464,1.035695646007236,0.9546278809129349,1.4697297585977083,1.6220546401008595,1.3416078658952997,1.095146871008941
2025-10-28,0.96229218602463,1.2699438012944968,1.3933804167945518,1.1816443594646253,2.6016398498995654,1.2061266650578601,1.035695646007236,0.9525975729287662,1.4870270393990173,1.5763431016414815,1.3378731185573622,1.1034482758620698
2025-10-29,0.96229218602463,1.280932791888025,1.3899033927438251,1.2035181691040253,2.6131190233990735,1.205607422584618,1.035695646007236,0.9551964720322832,1.5027026614627312,1.5909519137135963,1.3339142175183718,1.1085568326947646
2025-10-30,0.96229218602463,1.2815200523926504,1.383860352991033,1.1941109360062123,2.6246638562336093,1.202492205421,1.035695646007236,0.9495925517185444,1.4978377883498724,1.864279042770743,1.3340138281937868,1.0989782886334618
2025-10-31,0.96229218602463,1.2880631174483275,1.386443685819726,1.200229389489721,2.6121350942419728,1.1993769090321043,1.035695646007236,0.9469395971272703,1.5154053971574104,1.943449629243376,1.3400392648898372,1.102171136653896
2025-11-03,0.96229218602463,1.295780575514017,1.3873070986301714,1.208413001912044,2.6240079034622092,1.204569016863412,1.035695646007236,0.9448821605494351,1.506756756756756,2.0103675005586883,1.338196764208353,1.1091954022988513
2025-11-04,0.96229218602463,1.2982132010350298,1.3727756921087115,1.2118546611720227,2.5895047236286572,1.203530611142206,1.035695646007236,0.9400363281115638,1.5021622116501259,2.0466540895808945,1.333291739841136,1.102171136653896
2025-11-05,0.96229218602463,1.321701189234524,1.3795757983912482,1.2351816443594628,2.6108888480342003,1.203426746802502,1.035695646007236,0.951433463795982,1.5227027068266987,1.9943449179820978,1.3435001125517527,1.1117496807151985
2025-11-06,0.96229218602463,1.3216173497335368,1.3710861567420924,1.2373231264190947,2.6106263708388084,1.206438178851694,1.035695646007236,0.9415794307573891,1.5081080874881219,2.053251610364714,1.334213049544617,1.0951468710089405
2025-11-07,0.96229218602463,1.3276571217848137,1.3753181225217503,1.2354110805299934,2.623417449881117,1.212357178610374,1.035695646007236,0.9469395971272704,1.4972973385372665,2.033459048013255,1.331947292536727,1.0913154533844194
2025-11-10,0.96229218602463,1.337975012372729,1.3727756921087115,1.2475716643761932,2.6971464773286415,1.2161993669266422,1.035695646007236,0.9406589747186691,1.48729726430532,2.0442977679549017,1.3273161678455319,1.0977011494252877
2025-11-11,0.96229218602463,1.359449700555385,1.361035423935476,1.2712046402590207,2.6938667134716394,1.2217029885517838,1.035695646007236,0.9292617381844603,1.4956756797996715,2.1512724327784873,1.3170579304344692,1.1034482758620694
2025-11-12,0.96229218602463,1.3585269540475722,1.359374679619876,1.2743403068236119,2.7578877680182123,1.2288680434857995,1.035695646007236,0.9260131647299622,1.514324291332347,2.1361922889678144,1.312327195067859,1.1117496807151983
2025-11-13,0.96229218602463,1.3542488355109337,1.3652053455313884,1.2780115189561405,2.7464085945187042,1.2299065284322837,1.035695646007236,0.9259590083924144,1.5216216010016352,2.1894438993325287,1.3174562544106516,1.1277139208173694
2025-11-14,0.96229218602463,1.3595336680556105,1.3710861567420927,1.2783938347723451,2.681272612434414,1.229179636504912,1.035695646007236,0.9272043016066253,1.5040540952940233,2.151743652161446,1.3187510744655693,1.0989782886334614
2025-11-17,0.96229218602463,1.3527388284984956,1.3662188755192868,1.26539194606686,2.668612691917441,1.223156772406528,1.035695646007236,0.9276374514572114,1.4970270105310377,2.055136712607747,1.318526920764516,1.1104725415070247
2025-11-18,0.96229218602463,1.3490479704664826,1.3753181225217503,1.2533078020434971,2.664021022517638,1.2261682044557196,1.035695646007236,0.9291263977654891,1.488648698136612,2.059849131148533,1.3269675898443176,1.1155810983397194
2025-11-19,0.96229218602463,1.3394848913859292,1.3719304463452189,1.2425239519225004,2.674778583910718,1.2327102318020675,1.035695646007236,0.9261485051489339,1.4840540499300559,2.1442036926117085,1.3249756137869724,1.0977011494252877
2025-11-21,0.96229218602463,1.3334452473338905,1.3694006584970184,1.2435181364274597,2.6741226311393174,1.2321910685541035,1.035695646007236,0.9174314526494588,1.4929730183369394,2.1583411729452653,1.3276647458467452,1.0868454661558113
2025-11-24,0.96229218602463,1.3380588518737164,1.3618742952965288,1.2447418738049694,2.6840930812356607,1.2335409880691435,1.035695646007236,0.9348656584982019,1.474594631710567,2.1437322485175514,1.3450438999324688,1.0823754789272033
2025-11-25,0.96229218602463,1.3437631379218058,1.3812864755259584,1.2549139719392308,2.7151198394965657,1.2345793937903493,1.035695646007236,0.9292888667781298,1.4864864864864853,2.0848255561349354,1.3412343555438624,1.0817369093231164
2025-11-26,0.96229218602463,1.3659927656110618,1.384720366120177,1.2855831459876892,2.7321746115529777,1.2409137716825671,1.035695646007236,0.9323750720697808,1.5102702991382484,2.147973672386577,1.339391854862378,1.1028097062579822
2025-11-28,0.96229218602463,1.3700193656447384,1.3830014022622952,1.3024856829962337,2.7670054474827905,1.240602257888733,1.035695646007236,0.9279352608888263,1.5116216298696146,2.2855796195032685,1.3334162828667737,1.1123882503192848
2025-12-01,0.96229218602463,1.3668316726178873,1.3742397861090494,1.2915487198255238,2.7807804556822004,1.238525367221043,1.035695646007236,0.9247408437718732,1.5118918547759173,2.3190386675165238,1.3284365801743647,1.1053639846743295
2025-12-02,0.96229218602463,1.388222521299556,1.3838603529910327,1.3141873945013722,2.7462119368030593,1.244548231319427,1.035695646007236,0.9325374402326307,1.5202702702702693,2.2808672009624824,1.3335158935421885,1.1187739463601531
2025-12-03,0.96229218602463,1.3937588723471948,1.378722265904584,1.3145698270195965,2.754542344826182,1.2485980690898246,1.035695646007236,0.9255529871354977,1.5535135011415213,2.353911373678655,1.3261708231664746,1.102171136653895
2025-12-04,0.96229218602463,1.417750153551089,1.3778695833382453,1.3239006202945724,2.762741754468688,1.2508826092116445,1.035695646007236,0.9261214774050553,1.5816216339936118,2.3859567635430343,1.3211412557736195,1.1181353767560662
2025-12-05,0.96229218602463,1.3565976215309594,1.3761674054067878,1.2474187847305191,2.7634633665751167,1.240602257888733,1.035695646007236,0.9264463145805486,1.5562162657041798,2.492459984272463,1.3219380224514623,1.1155810983397187
2025-12-08,0.96229218602463,1.3630568470856488,1.3727915218747697,1.2651625098963293,2.746605572523788,1.236656205232761,1.035695646007236,0.9475080873968308,1.5537838291477504,2.314797468358697,1.354007317288614,1.1143039591315451
2025-12-09,0.96229218602463,1.3612951935710105,1.406575111124425,1.2523900573613747,2.7593966515660973,1.2283488802378355,1.035695646007236,0.9432037174846384,1.5572972684293171,2.155513631936315,1.3519905276065227,1.1257982120051084
2025-12-10,0.96229218602463,1.372116505162564,1.4056876880647904,1.2630974676595343,2.752640145847009,1.2256489619824775,1.035695646007236,0.9375998980206904,1.6029730100889454,2.165409913112044,1.3523640379579596,1.1104725415070242
2025-12-11,0.96229218602463,1.3731230911713639,1.4245620812083983,1.2749521755123665,2.811085601836678,1.2256489619824775,1.035695646007236,0.9509461576078482,1.5978378089698575,1.9938736985991388,1.3619001870163716,1.111749680715198
2025-12-12,0.96229218602463,1.3849509887717173,1.4128187320739838,1.2809943058750577,2.820662576357013,1.2414330141558088,1.035695646007236,0.9407131310562171,1.5964864782384913,1.9382657666084322,1.3458904125852804,1.1021711366538953
2025-12-15,0.96229218602463,1.4008891979074967,1.406991572083813,1.30233268664854,2.824991928706144,1.2435098255982209,1.035695646007236,0.9417417989202395,1.614594639958561,1.8906692382616201,1.3490525469464283,1.1232439335887614
2025-12-16,0.96229218602463,1.3671671586210743,1.4164113452889489,1.2608795457770654,2.823548704493287,1.237279312045707,1.035695646007236,0.9447196915367948,1.6140540870460292,1.831291214140446,1.3478574562924028,1.1149425287356323
2025-12-17,0.96229218602463,1.3562620075285337,1.440216657439718,1.238087991455543,2.851754673663507,1.2229490437271193,1.035695646007236,0.963236721587108,1.617297301421293,1.8963243202795221,1.3712869794244,1.1251596424010217
2025-12-18,0.96229218602463,1.3612951935710105,1.4420810639132635,1.2469597956874383,2.846507051492303,1.2202492046970397,1.035695646007236,0.9607190065650174,1.6394594553354611,1.8416588270547334,1.3740257387336647,1.1353767560664112
2025-12-19,0.96229218602463,1.3676704516254745,1.4411481701162265,1.2517781886726198,2.860872353128085,1.2263758539098493,1.035695646007236,0.9606378224835909,1.627027047647011,1.8774740843383815,1.3747228947360923,1.1334610472541506
2025-12-22,0.96229218602463,1.3640634330944488,1.435510117398431,1.2429828242635614,2.915447751824379,1.2252335838489392,1.035695646007236,0.9506483481762361,1.654054074674038,1.86852024192857,1.3793292058025415,1.1417624521072798
2025-12-23,0.96229218602463,1.3836926282614792,1.4638732335335631,1.2637858928731456,2.9405049555182132,1.2237797999941955,1.035695646007236,0.9646444838139591,1.6497297544737106,2.077285596585198,1.391828267871271,1.1430395913154534
2025-12-26,0.96229218602463,1.3882225212995558,1.4477031806249603,1.268221853340103,2.9708757610077186,1.2315679617411572,1.035695646007236,0.9570102555160517,1.663243267987224,2.057493034233739,1.3742747060594633,1.149425287356322
2025-12-29,0.96229218602463,1.384363728267092,1.4524219382709231,1.269369034192756,2.8370613956420243,1.2329179604814753,1.035695646007236,0.958282576474141,1.6494594264674818,2.208765242301028,1.380001429454746,1.1296296296296298
2025-12-30,0.96229218602463,1.390655146820569,1.4590798953790565,1.282447362721078,2.8665792703550452,1.2363446914389271,1.035695646007236,0.9661334301222368,1.6435135506294853,1.8718190023204793,1.386624411477809,1.1251596424010217
2026-01-02,0.96229218602463,1.385286474774905,1.4430150201107075,1.2707456512159394,2.830042572872264,1.2400830154154912,1.035695646007236,0.9524080761722473,1.6505405322925448,1.7049953187039595,1.3736523471077047,1.1174968071519795
2026-01-05,0.96229218602463,1.3958560118650203,1.4272665276834444,1.3012619456187238,2.9103967873688203,1.2349947719238872,1.035695646007236,0.9361379794562913,1.6537837466678087,1.6602262190104993,1.3498990595992395,1.1353767560664112
2026-01-06,0.96229218602463,1.4117943490000378,1.4101361710473144,1.3196175394732887,2.9401116400869247,1.2293872859590413,1.035695646007236,0.9345948768104658,1.6821622075261282,1.5786993109118739,1.346388347236878,1.1340996168582376
2026-01-07,0.96229218602463,1.397953151382846,1.3977511320673122,1.2975142936633581,2.918530537676298,1.2274142596310555,1.035695646007236,0.9281789139828932,1.6913514008393147,1.6611687701320161,1.337549472906371,1.1411238825031929
2026-01-08,1.2375296890591336,1.405670737447774,1.3995069612193032,1.3024856829962332,2.9187931750164102,1.2292834216193371,1.410239668934381,0.929965669722783,1.6808107736948361,1.6055608381413093,1.3405123859166888,1.1392081736909323
2026-01-09,1.236144105246981,1.4092777559787997,1.3977511320673124,1.3033269878555187,2.945424601303718,1.2275181239707595,1.4089369269940717,0.9295053912785277,1.6905405199205543,1.49340242303838,1.3411846095688933,1.1385696040868454
2026-01-12,1.2342636377124934,1.408355009470987,1.392175229773303,1.2972084176699905,3.020203217243371,1.2286603940316696,1.4078946936846888,0.9208154673727221,1.7051351392591312,1.606503276907227,1.3371260978544879,1.0766283524904214
2026-01-13,1.235748213370844,1.3989598653908843,1.395125409462396,1.2820650469048736,3.010298586626775,1.2282450158981317,1.4080249976965713,0.9207341824415051,1.7143243325723174,1.6112158078036123,1.3379727292327768,1.0721583652618134
2026-01-14,1.2295130862161572,1.4258032256192041,1.391639673728335,1.3008030732776625,3.034634178214181,1.221702988551784,1.4058103264587618,0.9133977635752124,1.7581081905880478,1.470310987939412,1.337375183905764,1.077905491698595
2026-01-15,1.2271377349593344,1.4285714651426427,1.3986284623230842,1.3180879261024114,3.028074650500176,1.218276178369054,1.4012505805784212,0.9221419446683564,1.7537837672877945,1.47408108006988,1.3435499772521982,1.073435504469987
2026-01-16,1.2273357186517306,1.4220284000869658,1.3873070986301719,1.3148757030129636,3.009773632235991,1.217756935895812,1.4008597679356123,0.9161861594352484,1.7300000577359576,1.4622996966511173,1.3365285525274753,1.0849297573435501
2026-01-20,1.2226840834929378,1.4351983696993067,1.3907709489158568,1.3186997947911663,3.122072874815526,1.2156801244534001,1.4011203759593773,0.9186767458636698,1.7302701795423343,1.8411876076717741,1.336727773878305,1.0823754789272026
2026-01-21,1.2272367268055326,1.4820903785980697,1.403032112008449,1.3723900760336971,3.169432472736976,1.2206645828305778,1.405028601780305,0.9202740048470404,1.7756755931957338,2.297361002922031,1.3381220858831604,1.077266922094508
2026-01-22,1.230601694489716,1.5160640643866916,1.382143407693924,1.4071893345557458,3.2199408361348114,1.2232606367462318,1.405028601780305,0.90874142789386,1.7975676253035249,2.377474140516181,1.3243033901347674,1.0830140485312896
2026-01-23,1.2414885323118499,1.5435785246206248,1.382143407693924,1.4289865876702894,3.264152309158754,1.2312564479473236,1.4146690114100002,0.9024066491477112,1.8302703032622454,2.4858624634886426,1.3155640077541981,1.0996168582375474
2026-01-26,1.244259699936155,1.5419848061064372,1.3766905313669993,1.4356405867217352,3.3320434209987018,1.2362409063245012,1.416883782040649,0.9196242296462657,1.8021621704101551,3.2045241554987998,1.3168587090836386,1.0938697318007657
2026-01-27,1.2483174595264148,1.5699185918445446,1.395125409462396,1.471051597230519,3.332174419379318,1.2394599878278232,1.42274617046846,0.9259590083924146,1.8383782876504422,3.277097108832014,1.3144186630751415,1.089399744572158
2026-01-28,1.2522763027791315,1.5938260335474514,1.3864436858197264,1.498355668543855,3.4775992769145763,1.242471419877015,1.4213131245162682,0.9203281611845878,1.867567526327596,3.5155514193714295,1.2906405619419306,1.0983397190293738
2026-01-29,1.2511876189969182,1.5818304569451234,1.3855814416497283,1.4863479643433297,3.4886191553583283,1.2477673920480268,1.4273058169559623,0.9187850585387624,1.8210810068491332,1.8463713579511185,1.2940019176539084,1.1002554278416343
2026-01-30,1.2580166217201378,1.564969373302293,1.3821434076939239,1.4637094063695006,3.092095705046749,1.2468327714412466,1.4288691669200364,0.9172149281490611,1.81540535591744,2.051837952215837,1.292034873946786,1.093869731800766
2026-02-02,1.250692810783238,1.576629463901434,1.3757993899059413,1.487571701720839,3.032141685798635,1.2450674737926688,1.4254819583609615,0.9193806774019893,1.7951350856471697,1.52544770054716,1.308418158729314,1.0874840357598974
2026-02-03,1.250692810783238,1.6022145916187538,1.3812864755259586,1.4919312223649595,3.21659573323222,1.243613689937925,1.4261333790275355,0.9154011446652902,1.8410811553130269,1.5603205190648908,1.3095136387079243,1.0945083014048527
2026-02-04,1.2478226513127346,1.5694992663403697,1.3778695833382457,1.4439005222648758,3.2275499523409446,1.238940745354581,1.4228764744803428,0.9101762178645899,1.828378419618348,1.632893472398105,1.3040609337141407,1.0970625798212001
2026-02-05,1.247624667620339,1.5720157313623706,1.3761674054067883,1.4572848434885852,3.1888487388283173,1.2390446096942849,1.4261333790275352,0.9036249146180432,1.799459508947423,1.6536286982266797,1.3041853580143017,1.1111111111111107
2026-02-06,1.2443586917823535,1.5785587964180474,1.3821434076939239,1.4713575899259057,3.2477534898737423,1.237279312045707,1.4213131245162682,0.9100408774456185,1.7905405405405395,1.6126295783080882,1.3122774490928895,1.0989782886334607
2026-02-09,1.2489113350949483,1.6072477776612308,1.3794756140329059,1.5037858135157718,3.313151789008705,1.239979230301065,1.4228764744803426,0.8982105919106141,1.8248647741369288,1.4787936109662656,1.298682788320072,1.0951468710089396
2026-02-10,1.2464370675005825,1.6051506381434053,1.3753181225217508,1.4960611901365295,3.2822563494178554,1.2406022578887328,1.4236580997659605,0.900132688069478,1.8129730224609364,1.4679547786690195,1.2926324192737988,1.0951468710089396
2026-02-11,1.2486144350650095,1.6369432169139768,1.3757102545118276,1.5150286526798493,3.3267301394924704,1.2393561234881187,1.4230067784922253,0.9105553122274189,1.897297214817355,1.4886898921419953,1.2937777639528552,1.0919540229885054
2026-02-12,1.255245454095833,1.6199982937701594,1.3744694770769572,1.5074570256483,3.22971478866023,1.2455866370406325,1.4300416048484628,0.9181894396755359,1.8640540870460292,1.5160226387543898,1.2944002416300908,1.1015325670498082
2026-02-13,1.260193989284565,1.608925463675644,1.3770180694123544,1.4936137153815099,3.2941948179731195,1.2492211759027705,1.4335591174194204,0.9235497068952102,1.8400000494879634,1.5282752415561116,1.2981848536684741,1.1028097062579818
2026-02-18,1.263855856998688,1.6048989916412055,1.3770180694123544,1.5020267639743636,3.2709084945884035,1.2539979056005404,1.4327774921338028,0.9224126255063018,1.8078378213418487,1.4189443674621331,1.2998281329991284,1.0906768837803318
2026-02-19,1.2610846893743828,1.628135205339262,1.3736221065126515,1.526500928014457,3.263955331153671,1.2520248792725543,1.4297810962175364,0.9156446969095665,1.807297371529243,1.4118756272953548,1.3032889806610437,1.0874840357598976
2026-02-20,1.2652414408108406,1.6448284819808792,1.3643694488914744,1.5528106981208143,3.3186617282305817,1.2564900951764901,1.4374673432403482,0.9087685564875291,1.8194594512114644,1.43590950116024,1.2969149659637795,1.0919540229885056
2026-02-23,1.2688043921874201,1.6302323448570875,1.3618742952965293,1.5177055636053984,3.41403751742376,1.257528500897696,1.4391609972163053,0.9040310367247506,1.8243243243243232,1.4066917646604113,1.2888727395856379,1.0919540229885056
2026-02-24,1.2706848597219078,1.6527975865487687,1.3577178661857807,1.543709341016369,3.381961170670726,1.265524391324066,1.4425482057753807,0.9053033576828396,1.8343243985562698,1.3737040483857141,1.2874784275807825,1.0925925925925923
2026-02-25,1.2779096788126099,1.6506166075299555,1.350312191671481,1.5422561674683288,3.4151524449614774,1.2710280129492075,1.4450233856441168,0.8949078621185679,1.8618918753959024,1.399151805110674,1.2827726245643958,1.0996168582375476
2026-02-26,1.286124265347982,1.6481838540097045,1.3478615526535727,1.5364435899781876,3.3955395211544914,1.2770508770475912,1.4524491240360018,0.8882482461969283,1.8567566742768147,1.3322337090841638,1.2758508105150874,1.106641123882503
2026-02-27,1.284045965138408,1.6290579518470745,1.3494942495984383,1.5188527444580517,3.4309609708101165,1.2777777689749632,1.4536216613572674,0.8922277789336274,1.837297388025231,1.3473138528948363,1.2789382665510431,1.1206896551724137
2026-03-02,1.286322249040378,1.633755523887126,1.345275563823863,1.521682651731295,3.472876288844718,1.2755970139675692,1.448019781560383,0.8898454043305082,1.8281080916121186,1.3949104935972478,1.277195376544974,1.1066411238825031
2026-03-03,1.2753364948807007,1.5787266034192602,1.3462326803501705,1.456596534976993,3.350213120592832,1.2671858246329395,1.4488014068460007,0.8902515264372157,1.7629730637009067,1.4392082615521502,1.2873290709303988,1.1091954022988504
2026-03-04,1.2746436274659698,1.600117452100929,1.3643694488914744,1.4864245208681854,3.3586095082404213,1.2681204452397197,1.4471078522628824,0.9056011671144545,1.773513587745459,1.374646599507231,1.3139704743985126,1.1028097062579818
2026-03-05,1.2617774812804592,1.5570841082353915,1.3544164569222652,1.4352581542035105,3.322597444858985,1.254101690714966,1.4377279512641137,0.9013509535398098,1.7359460366738797,1.4151743876872647,1.3022184330326567,1.1277139208173688
2026-03-06,1.2576207298440016,1.5480244501584763,1.3602046268175136,1.4189674858837211,3.375598620961805,1.2469366357809504,1.4382490679188054,0.9043558739002437,1.6929729564769838,1.5014138266822752,1.3105096267365972,1.1417624521072793
2026-03-09,1.2621733731565963,1.5605234477644427,1.3501771605798019,1.4256213682331478,3.339783535585452,1.2536863918067063,1.4399426225019234,0.8996453818813438,1.7045945863465992,1.470310987939413,1.3055548563944113,1.1174968071519793
2026-03-10,1.2680126084351457,1.5826692359527115,1.3462326803501705,1.4552963577766467,3.4304363367087713,1.2593976628859778,1.4443720643703817,0.8923901470964773,1.7156756633036834,1.4231856789755597,1.296043520960745,1.1143039591315451
2026-03-11,1.271575559811725,1.5892123010083883,1.3341408638823906,1.4585085808660947,3.389570286876859,1.2626167443892995,1.445153689655999,0.8840250603661622,1.7064864699904971,1.512252658979521,1.2853620272232764,1.134738186462324
2026-03-12,1.264845624443358,1.5471856711508891,1.3341408638823906,1.4099426853041324,3.3557230598147076,1.255763203249118,1.4408545517994236,0.8835647819219069,1.6597297256057315,1.523562710659726,1.2826232679140117,1.1449553001277135
2026-03-13,1.2458431919320496,1.5340155735393102,1.3446078451683137,1.3923518397839965,3.3142013775008343,1.2377984752936706,1.4262636830394178,0.8914426633138786,1.6370270187790317,1.4754948505743561,1.3056543483443488,1.15581098339719
2026-03-16,1.2625692650327331,1.5522187291941278,1.343270283056402,1.4045124236301962,3.2758281403739073,1.2525441217457962,1.4374673432403484,0.903110580686033,1.6483784237423444,1.424599449480035,1.326867979168902,1.159642401021711
2026-03-17,1.2652414408108403,1.5583424687456298,1.3397564999516067,1.4033652427775436,3.280419809773711,1.2592937985462735,1.4463261275844257,0.8903598391123085,1.6527027439426716,1.4293119803764198,1.3030400133352449,1.159642401021711
2026-03-18,1.2666271001316476,1.551044336184115,1.3341408638823906,1.382562174167959,3.2075433928132315,1.2615783386680934,1.442157293739733,0.884783047392239,1.6210810687090884,1.444392124187093,1.2929561836502663,1.1832694763729243
2026-03-19,1.2714766434741815,1.557335754737592,1.342986940867961,1.3824091778202656,3.0178420434978817,1.2677050671061814,1.446195922965382,0.8914968196514264,1.6067567773767404,1.4919886525339052,1.310185981085606,1.1998722860791822
2026-03-20,1.2661322164093123,1.5231943899469949,1.3454197315590388,1.3467686144389321,2.997966482350784,1.255659338909414,1.4429390184181894,0.8947725216995938,1.5781080916121184,1.4585297168762488,1.2996787763487445,1.1890166028097058
2026-03-23,1.2673198920377235,1.5707574988513708,1.344607101488029,1.4015296367112793,2.888881664582663,1.2628244730687077,1.4467170396200733,0.9030834520923637,1.6310810398411089,1.362393996705509,1.3225854324789206,1.1736909323116216
2026-03-24,1.2633610487850069,1.5758745243948353,1.3519509442986644,1.4014531968884425,2.8857328991062774,1.253582527467002,1.4413756684541148,0.8938249370672071,1.6413513389793584,1.3868992023089524,1.3029155890350839,1.1813537675606638
2026-03-25,1.2613815894043214,1.6022984311197426,1.3527716486127646,1.4279158466404738,2.9844537912020472,1.255451689455284,1.4454141982869253,0.8923901470964773,1.6551351804991008,1.3911404014667799,1.302840910709892,1.1934865900383138
2026-03-26,1.2594022055322902,1.5784749569170606,1.3478615526535724,1.3957934990439753,2.870121351262722,1.252128743612258,1.4403334351447319,0.8894393830735912,1.6413513389793584,1.41328939779983,1.3038866447135335,1.1928480204342269
2026-03-27,1.263558956968748,1.567402126822545,1.3446078451683137,1.3681071119144341,2.946539849130876,1.2526479068602219,1.4458051103225726,0.8873548179020867,1.6218918465279226,1.4585297168762485,1.3034632696616506,1.18007662835249
2026-03-30,1.2633610487850067,1.5771327569058353,1.3397564999516067,1.3639770274408443,2.9688422433584916,1.2531671493334642,1.4451536896559987,0.8846477069732676,1.6332432514912356,1.3605090068180743,1.3041853580143015,1.1641123882503188
2026-03-31,1.269002375879815,1.6199144542691728,1.342986940867961,1.4284512755063912,3.048606164418676,1.2656281764384916,1.453230848714458,0.8914968196514264,1.681891879519899,1.3590952363135986,1.3106589833869808,1.1692209450830136
2026-04-01,1.2785034788724872,1.6224310472904109,1.3381471758156862,1.4494072237616495,3.137553424278466,1.2667704464994016,1.4579207992138425,0.8864885182009145,1.7002702661462712,1.3284637293092945,1.2929312513000435,1.1602809706257977
2026-04-02,1.2781076625050047,1.6250314798126366,1.330158243478162,1.44015298701153,3.05116431616925,1.2674973384267738,1.4575298871781945,0.8794770373599029,1.695945945945944,1.3195098868994826,1.2833951022416314,1.155172413793103
2026-04-06,1.279691230009553,1.624695865810211,1.321479919516794,1.4413767243890394,3.0546407377418965,1.2711318772889117,1.4590932371422691,0.8738460893022856,1.6767567815007371,1.3246937495344258,1.2842416148944429,1.159642401021711
2026-04-07,1.281175730159249,1.6269608123292492,1.3199142600375846,1.4420650329006313,3.05483771574698,1.2713395267430416,1.460656587106344,0.8710576934422494,1.6586486197806674,1.3524976031741798,1.2793615228774489,1.146871008939974
2026-04-08,1.2872129491301945,1.6612699841210585,1.3397564999516067,1.5009560229445484,3.115447687766495,1.2784007965626314,1.4666492795460373,0.878475397239759,1.7013513719713345,1.2836946296158342,1.2824240465631815,1.142401021711366
2026-04-09,1.2939430355158708,1.6852612653249532,1.3238355799383523,1.5253537471618048,3.1434569992210704,1.2841121468671812,1.4712089260335393,0.8702455500786248,1.72783784608583,1.2582469852464733,1.269875238519483,1.1340996168582371
2026-04-10,1.2993863034096285,1.703296741977796,1.3261995270830822,1.532007629511231,3.123581438073973,1.292419471862107,1.4761593851638501,0.8669969766241267,1.7243243037043372,1.247879372332186,1.2687796398153952,1.126436781609195
2026-04-13,1.3069081735475792,1.7098398070334728,1.3006510283451609,1.5335372428821086,3.1107903590316637,1.295119390117465,1.4798071023538513,0.8484529188299349,1.735946036673879,1.2379830911564564,1.2461718157114638,1.1245210727969344
2026-04-14,1.3060174734577616,1.715292318580124,1.3082885186281812,1.547609989319429,3.1649721220072293,1.2969885521057467,1.4825429896391913,0.849156749518464,1.7583783123944239,1.224787937233218,1.2435325483521371,1.1315453384418896
2026-04-15,1.3076999572998533,1.709084867526873,1.3090571653223577,1.5506692160611835,3.148573302722218,1.2988577140940285,1.483064006901044,0.849779396125572,1.7478377883498715,1.2299716875125621,1.2411422483186088,1.1526181353767555
2026-04-16,1.306908173547579,1.6995219164455573,1.3121409949826008,1.5491396026903064,3.1389963282018836,1.2999999841549386,1.4859300988054278,0.8510517170836587,1.7340541530299813,1.2474081529492271,1.243034613700539,1.1455938697318002
2026-04-17,1.3116587250439151,1.6902944513674296,1.3090571653223575,1.5463096954170632,3.186356246412773,1.3042574713794663,1.4897081200073117,0.8479926403856796,1.749999999999998,1.2601319751339073,1.2417124867858533,1.1462324393358871
2026-04-20,1.3135391925784028,1.692811044388668,1.308288518628181,1.5387380683855145,3.1529026550713493,1.3050882276465423,1.4886658866979288,0.8515390232717924,1.740540581780509,1.267200715300686,1.2464954613624546,1.1545338441890163
2026-04-22,1.3097782575094274,1.6665548166657354,1.3090571653223575,1.4995028493965086,3.1042964906526875,1.3016614174638124,1.486842028102928,0.8506727235706203,1.7286486239046643,1.2827520784943174,1.2469187176888603,1.160280970625798
2026-04-23,1.3003760708542984,1.6543914330621945,1.2991342392846552,1.475793550392864,3.0863234487742024,1.2960539314989667,1.4833246149248094,0.8463954822520997,1.7064864699904962,1.2318567897555956,1.2411671806688318,1.1634738186462321
2026-04-24,1.304928789675548,1.6481000145087177,1.308288518628181,1.472657767126253,3.0976056442686266,1.2947040119839268,1.4816310603416913,0.8524324515666339,1.6964864988584756,1.1889726799495697,1.252595576383697,1.1621966794380585
2026-04-27,1.3035432058633953,1.6379498029227773,1.2976209561454914,1.4559846662882392,3.0668415233478328,1.2964693096325048,1.4838457315795008,0.8446899105936336,1.6970270517710073,1.20169650213425,1.2397231226890075,1.176883780332056
2026-04-28,1.3023554547263294,1.6307356378614877,1.30522274977485,1.4533078720647088,3.0118071498852217,1.294911661438057,1.4812401483060436,0.8492650621935596,1.7043243614402956,1.2059378136476768,1.244827249681577,1.1883780332056193
2026-04-29,1.2941408681909572,1.597181405576278,1.3029327456984199,1.413231348216418,2.981436664685156,1.2866043364431312,1.477201618473233,0.8472888096971479,1.6659459294499557,1.2474081529492271,1.2435076160019136,1.1915708812260537
2026-04-30,1.2983966869822676,1.6189917077613591,1.3052227497748503,1.4294454600113513,3.027025382297488,1.2942886338503887,1.4833246149248094,0.8480739253168966,1.6824324324324305,1.303958523705851,1.2492840853721652,1.187100893997446
2026-05-04,1.294041951853414,1.60431173113658,1.2938531531034783,1.4066539056898286,2.964578550344388,1.2821391205391952,1.477983243758851,0.8545980999697742,1.6543242995803402,1.3510839450253036,1.2329579075441957,1.2100893997445725
2026-05-05,1.300672970884238,1.613874682217895,1.2976209561454917,1.4106309938157249,2.9883895078304494,1.2884734984314128,1.4805888270323082,0.8583881359499541,1.6745945698506104,1.3138549172371798,1.2411422483186088,1.1890166028097067
2026-05-06,1.3018605710039948,1.6225148867913974,1.2848992424766374,1.4238623186917407,3.0711052163619357,1.295534768251003,1.4856695901745016,0.8458269415576455,1.7156756633036825,1.2865221706247856,1.2268256179186179,1.1564495530012775
2026-05-07,1.3009698709141773,1.583340335958324,1.2908547404359256,1.3785850860420634,3.082846706912116,1.2928348499956448,1.486581519472002,0.8532174663365895,1.6962161708522467,1.3049010748273682,1.2280635684699315,1.1564495530012775
2026-05-08,1.30562150607297,1.5917288940296264,1.2908547404359256,1.3968642400737914,3.0963593980608537,1.2953270395715946,1.4881448694360764,0.8535152757682042,1.7108107901908236,1.2992459928094662,1.231207775284014,1.1653895274584936
2026-05-11,1.301167854606573,1.571344759355996,1.2871261399689158,1.3677246793962101,3.095244470523136,1.2953270395715946,1.4847576608770012,0.8478843277105869,1.7218918671479078,1.3713478391153209,1.2233398379064795,1.1768837803320569
2026-05-12,1.3007718872217813,1.5593490547544298,1.2863828846444572,1.3551051065069295,3.068284747560689,1.289823417946453,1.485278777531693,0.8447169887624063,1.715135110391151,1.3397737809894998,1.2216218802506333,1.193486590038315
2026-05-13,1.2906769841692307,1.531331301516097,1.2834188937500786,1.3279541482433062,3.0814694623237258,1.2824506343330293,1.477853039139807,0.8431197802039297,1.7078378007218622,1.3496701745208286,1.222443460553222,1.1915708812260544
2026-05-14,1.295427535665567,1.5423202921096253,1.3105971147117272,1.3438623840448716,3.068612723946389,1.2865004721034272,1.480067710377617,0.8620158037672814,1.713243226747253,1.3638077672099846,1.2511265860536498,1.1532567049808435
2026-05-15,1.2852335652581637,1.532841180529297,1.2991342392846554,1.3278775917184495,2.988389507830449,1.2782969322229274,1.4751172512473063,0.8556268686835873,1.6948648401208806,1.3949104935972476,1.245947662010411,1.16411238825032
2026-05-18,1.290775900506774,1.5302407480070714,1.3082885186281812,1.321835578057778,2.986224991800603,1.2813083642721192,1.4757685725210414,0.8623136131988961,1.6727026862067127,1.425070668862994,1.259965579109634,1.2183908045977019
2026-05-19,1.2839468977835544,1.5053267202953644,1.2998921557347252,1.292696017380197,2.9559198456461258,1.2753893645134393,1.4702969967360393,0.8530009418361918,1.6475675428235836,1.4674835592860611,1.246327346086665,1.213920817369094
2026-05-20,1.287806749190073,1.5335962480351353,1.3067537750008043,1.3351434594586504,2.9723186649311377,1.2785046609023354,1.4765501978066593,0.86096000730959,1.6932432844832122,1.4156456070702232,1.2594177797575903,1.1896551724137938
2026-05-21,1.2876089165149864,1.533847894537335,1.2968656956964386,1.34294452266073,2.9778942634880416,1.278712310356465,1.4760291805448065,0.8539484256187905,1.69513516812711,1.4222431278540428,1.2478400273923413,1.180715197956578
2026-05-22,1.2905779168143783,1.523781522452382,1.2976209561454919,1.3265009746952663,2.9655624795014885,1.2815160929515272,1.4768108058304243,0.8541108946314312,1.7059459170779654,1.3699340686108452,1.2491844746967506,1.1832694763729255
2026-05-26,1.2918645842889875,1.5261303084724074,1.2976209561454919,1.3427150864901993,2.9520497883527512,1.284631310115145,1.4783741557944987,0.8533257790116853,1.6927027315706806,1.3638077672099846,1.2475162630158734,1.168582375478928
2026-05-27,1.2941408681909576,1.519671210916956,1.3067537750008043,1.3413384694670158,2.9173499508035543,1.2849428239089786,1.4816310603416913,0.8575219370985727,1.7078378007218629,1.4326107407683304,1.2560066780706438,1.155810983397191
2026-05-28,1.2985946706746638,1.5124570458556665,1.312140994982601,1.3305545026439995,2.951328176246323,1.2896157684923224,1.48736314475762,0.860662197877978,1.7102702372782925,1.5480679162631696,1.2630778487703358,1.16411238825032
2026-05-29,1.2965162194477804,1.5015518947631257,1.3105971147117272,1.3216061418872476,2.991472613971807,1.2879542559581705,1.4837154275676185,0.8586589176376878,1.690270295014251,1.550424125533563,1.2577994327771593,1.1411238825031935
2026-06-01,1.2934481517935361,1.4878785041471465,1.3067537750008043,1.3061567784267434,2.9355199706871233,1.2825544986727329,1.4813704523179263,0.856032990790295,1.6778378873258009,1.4981149539347662,1.2546870443909806,1.1340996168582382
2026-06-02,1.2918645842889878,1.5064172738043895,1.3052227497748503,1.31426383432421,2.9446376501517024,1.2798545804173749,1.480458523020426,0.8544898881444696,1.7362161584802558,1.4924599842724633,1.2545376877405967,1.1251596424010224
2026-06-03,1.2726642435939381,1.4711853555047671,1.2991342392846554,1.277629086437917,2.910265788988206,1.2636552293357834,1.4674309048316556,0.8495898993690504,1.699459488327437,1.5146088682499148,1.2500808520500086,1.102171136653896
2026-06-05,1.2597980974084277,1.4617062439244393,1.3082885186281812,1.2731931259709595,2.8449328288988323,1.2527517711999259,1.45687856590446,0.8563306993721165,1.664324373812287,1.521677720772292,1.2600402574348262,1.0664112388250326
2026-06-08,1.2574228216602596,1.4573441578875754,1.3285718671910243,1.2669215594377377,2.844145557457376,1.246417393307708,1.4520583113931933,0.8745228922469391,1.6654053765374242,1.4830349224796926,1.2889972826112759,1.0696040868454668
2026-06-09,1.2507917271207813,1.4690042484867163,1.334940213948318,1.2789292636382636,2.7943588061659685,1.2420560417434763,1.4494528275125749,0.8793415960911413,1.6686486940126142,1.4797361620877827,1.2954958403341783,1.0715197956577274
2026-06-10,1.2543546784973607,1.4580992253934137,1.3325449259915934,1.2672275521331249,2.694785303583154,1.248182690956286,1.4529702406906935,0.8760118385552167,1.6556756303117062,1.5009424949437171,1.2922590276478387,1.0702426564495537
2026-06-11,1.2857284489804992,1.4851942321239338,1.3333422574967482,1.301032509448194,2.683043652888254,1.2744548231319373,1.4721208553310399,0.8755786887046305,1.6724324613004098,1.4547596247457817,1.2927569622994366,1.0517241379310351
2026-06-12,1.2919635006265313,1.4804126925836572,1.3175726233013938,1.3004206407594392,2.764840931452948,1.2856697158363508,1.4841062402104275,0.8644792616020365,1.6772973344132687,1.470310987939413,1.273261407856207,1.0542784163473824
2026-06-15,1.2929532680712013,1.4742052415304057,1.30752072185433,1.296290672987869,2.8389635946212004,1.2841121468671808,1.4799374063657345,0.8564661406408812,1.708108128728091,1.4830349224796924,1.2600901221352727,1.0613026819923377
2026-06-16,1.2862233327028343,1.4663199764635033,1.3098266619368595,1.2965201091583995,2.840865793600374,1.2798545804173749,1.4773319224851158,0.8574406521673555,1.6818918795198985,1.5263902516686771,1.26362564812238,1.0568326947637299
2026-06-17,1.2781076625050054,1.4554148253709627,1.3183522127197584,1.2893307979430555,2.859232471199587,1.2667704464994012,1.4674309048316554,0.8609328787159208,1.6451351062671535,1.4820923713581757,1.2702984948458893,1.0753512132822485
2026-06-18,1.2761282786329744,1.4540726253597371,1.312140994982601,1.2882600569132396,2.7708101657305804,1.2659397694576036,1.4659978588794635,0.8632881247253709,1.6245946110905805,1.5235627106597263,1.2753279435132672,1.0664112388250326
2026-06-22,1.278008746167462,1.471604681008942,1.3136880624546947,1.3066922072926612,2.743128830661705,1.2654205269843615,1.4674309048316554,0.8638295872510525,1.6267567196407808,1.532987772452497,1.2826232679140124,1.0510855683269482
2026-06-23,1.268606408495024,1.4801610460814572,1.312140994982601,1.3133460896420877,2.709019286548881,1.2624090949351696,1.466518975534155,0.8639920562636931,1.6070270022830424,1.4830349224796926,1.2838930368932298,1.0466155810983404
2026-06-24,1.2735549436837559,1.476218413548006,1.3167936713232733,1.3133460896420877,2.617448375748208,1.2641743925837474,1.4691244594147734,0.8707328562667591,1.5943243696882894,1.5179076286418238,1.2941512743042924,1.0395913154533851
2026-06-25,1.2743467274360303,1.4863686251339467,1.3160161004656814,1.3232121950809619,2.643817645129563,1.2656281764384913,1.4678217174744645,0.871382530617743,1.5943243696882894,1.5754005505199649,1.2965913203127895,1.0593869731800774
2026-06-26,1.2753364948807004,1.4981125552340748,1.3136880624546947,1.3420267779786075,2.6754345366821215,1.2656281764384913,1.4701666927241568,0.8690002568644144,1.575945983061917,1.5226201595382094,1.2932548969510347,1.0542784163473826
2026-06-29,1.2704868760295118,1.4972737762264874,1.3105971147117272,1.3431739588312603,2.6384388644330232,1.2615783386680937,1.4674309048316556,0.8651560645466868,1.5654053559174386,1.4990575050562827,1.2874286816058145,1.0268199233716482
2026-06-30,1.269002375879816,1.4881301506493467,1.3183522127197587,1.3329254208741619,2.638832340009032,1.260228419153054,1.4691244594147739,0.8662660173419261,1.5559459376979496,1.5433553853667845,1.2901891676774162,1.0542784163473826
2026-07-01,1.261084689374383,1.4841036786149082,1.3144631897913517,1.3293307652664899,2.6686126919174447,1.256178581382656,1.4667794841650816,0.861366028566507,1.5675675675675655,1.5174364092588652,1.2884245509090098,1.0753512132822485
2026-07-02,1.2572248379678643,1.4934988226950106,1.3222641834969482,1.340038292266669,2.6977370910544565,1.2509864735513483,1.4606565871063446,0.8694334067150006,1.5740540994180194,1.5061263575786605,1.2998530653493523,1.085568326947638
2026-07-06,1.280680846436915,1.4908145506717976,1.3199142600375855,1.339579303223588,2.7255494245039484,1.2689511222815177,1.474596134592615,0.8692709377023599,1.5905404993005678,1.529217680322029,1.290839783292761,1.1257982120051093
2026-07-07,1.2816706138815852,1.4893885111595848,1.30982666193686,1.3356787716225484,2.7191208951705605,1.2705087704759654,1.4773319224851165,0.8590107825570596,1.5854054012814063,1.538642854470399,1.2806811565571132,1.1302681992337171
2026-07-08,1.2835510814160729,1.4768895135536186,1.3121409949826015,1.3203059646869006,2.670318073036254,1.2716510405368755,1.4770713144613512,0.8621781719301341,1.5748648772368539,1.5136663171283977,1.2874784275807831,1.110472541507025
2026-07-09,1.2829572813561945,1.4931633366918233,1.3129141037584857,1.3513575712535832,2.7094785816046367,1.2746624725860676,1.4796768977348085,0.859931238595777,1.5959459253259585,1.419415699200691,1.285635926899299,1.0925925925925932
2026-07-10,1.2875098491601347,1.5413975456018119,1.3067537750008047,1.406806902037522,2.6920958331625244,1.2787123103564655,1.485018169507928,0.8560870462780521,1.6318919207598688,1.385485431804477,1.2782660428988393,1.118773946360154
2026-07-13,1.2862233327028347,1.5191679179125555,1.296865695696439,1.3843976635322044,2.621843227287647,1.2771546621620173,1.4828034982701188,0.8541379223753099,1.6289189312909076,1.36522153771446,1.2717674851759369,1.1181353767560671
2026-07-14,1.287806749190074,1.5289825154960708,1.3044585651623821,1.3934225808138125,2.6638898639923045,1.2814122286118235,1.4842365442223109,0.8581445837056781,1.6270270476470097,1.3685202981063698,1.2817518229109777,1.1079182630906776
2026-07-15,1.2887965166347441,1.5237815224523819,1.293853153103479,1.392581275954527,2.652673007543469,1.2802699585509136,1.4890567987335779,0.8491025931809194,1.651621638117607,1.3779453598991402,1.266812714833751,1.143039591315454
2026-07-16,1.286025349010439,1.5015518947631254,1.2998921557347258,1.3844742200570603,2.61436542975157,1.2795430666235417,1.4897081200073132,0.8504561990702229,1.6432432226232552,1.3468426335118775,1.2675596168111474,1.1277139208173699
2026-07-17,1.2846397651982864,1.5023068342697257,1.3029327456984205,1.3683365480849645,2.6321416537696907,1.2762201207805157,1.4828034982701193,0.8526489760670322,1.6475675428235825,1.3718190584982797,1.2732115431557607,1.1360153256704988
2026-07-20,1.2807799137917677,1.4980287157330872,1.3044585651623823,1.3697897216330046,2.6305674311762175,1.2752855001737358,1.4818915689726189,0.8539484256187907,1.6289189312909074,1.347785072277795,1.2765479665175155,1.1481481481481488
2026-07-21,1.2775138624451274,1.5007129877563001,1.2968656956964393,1.376902476323492,2.6704493917063097,1.267912716560312,1.4805888270323098,0.8503208586512514,1.6348649102288297,1.3501413939037874,1.270920972523125,1.156449553001278
2026-07-22,1.2718724598416644,1.534854480546135,1.2916028828022554,1.376902476323492,2.720170483662689,1.2600206904736462,1.473944713926042,0.8439860799051024,1.6416216669855863,1.3784165792820993,1.2667131041583357,1.1800766283524913
2026-07-23,1.2702890433544252,1.5291501944980457,1.2871261399689164,1.395869938866812,2.6543785488069984,1.26490128451112,1.4730327846285416,0.840331384343894,1.6762162285882045,1.374175267768673,1.260485477974524,1.185185185185186
2026-07-24,1.276524095000457,1.504068487784364,1.2908547404359265,1.3707074663151269,2.6681535570064083,1.263135986862542,1.4786346644254262,0.8420639837462387,1.6702702496502821,1.3529689349127383,1.2690535394914177,1.1858237547892727
2026-07-27,1.2783056461974014,1.516567357391092,1.2886148816586878,1.3867686984643859,2.6726795670711834,1.2656281764384918,1.478764968437309,0.8409269527822268,1.681621654613595,1.3039585237058515,1.2654681488038642,1.1538952745849305
2026-07-28,1.2741488947609436,1.5242849434560197,1.2976209561454926,1.3941108893254042,2.6476222032326295,1.265212798304954,1.4783741557945,0.8467473471714694,1.7159459913099104,1.254476893116006,1.2755585083900918,1.1711366538952754
2026-07-29,1.266825008315389,1.5049072667919512,1.3021712170869684,1.3643594599590683,2.646572614740501,1.2524402574060927,1.4706878093788494,0.8486965719240024,1.6891891891891864,1.2841658489987935,1.2790628095766818,1.1468710089399754
2026-07-30,1.270289043354425,1.535609420052735,1.3090571653223586,1.3862332695984683,2.689472022076923,1.2587746352983105,1.475247455866351,0.8498064238694484,1.6916216257456158,1.2997172121924248,1.2765728988677387,1.1385696040868465
2026-07-31,1.2763262623253704,1.5413137061008249,1.3029327456984208,1.3980114209264438,2.6560184307354993,1.2719625543307096,1.4812401483060451,0.8581986391934328,1.7000000412399674,1.2945334619130806,1.264372668825254,1.1257982120051095
2026-08-04,1.2854315489505603,1.548443903661889,1.311476569768313,1.4038241151186044,2.715316497212213,1.2752855001737358,1.4856695901745032,0.8749560420975254,1.7283783989983605,1.256833214741998,1.272713608504163,1.1877394636015335
