data,B5MB11.SA,BOVV11.SA,EURBRL=X,FIND11.SA,GC=F,IB5M11.SA,IMAB11.SA,JPYBRL=X,MATB11.SA,NG=F,USDBRL=X,ZC=F
2020-01-02,100.0,100.0,100.0,100.0,100.0,100.0,100.0,100.0,100.0,100.0,100.0,100.0
2020-01-03,99.5051464811268,99.1695345429304,100.0824422715523,100.49712726308557,101.62020014246474,100.1038405721206,99.92182753215432,100.32486743042914,100.6216203844225,100.37700921304678,100.1767703630815,98.7228607918263
2020-01-06,99.5051464811268,98.47328268702145,101.01375309198359,98.60038100875359,102.73531985384552,100.1038405721206,99.92182753215432,101.6053572215561,99.83783412624048,100.61263014008608,101.01336943854247,98.27586206896551
2020-01-07,98.82224620880484,98.37261768617952,101.22763554184067,98.19502821388025,103.10265981161857,98.13083801171807,99.40073075603063,101.39148507065086,100.21622116501267,101.88501235855414,101.09802070382364,98.21200510855684
2020-01-08,99.02019214687337,98.02029978317569,100.97809893433802,97.25430490409896,102.15808621935471,98.65004879484886,100.11724379284266,101.86523704692847,101.64865029824746,100.89538424098119,101.24242650180607,98.14814814814815
2020-01-09,99.02019214687337,97.78542118117312,100.54364091206224,96.32122557660134,101.78418833531487,98.65004879484886,100.11724379284266,100.78778813919745,101.24324076884501,102.07351134729758,101.1577752365249,97.89272030651341
2020-01-10,99.87134080340454,97.40793862794929,101.21427054472562,95.4493331179792,102.16464414562152,98.54620822272825,100.22146712378095,101.1830386384795,101.70270558950062,103.77002471710827,101.88730767659939,98.53128991060025
2020-01-13,99.84164324954514,98.85915559030593,100.54364091206224,95.67877512361078,101.5677287250943,98.54620822272825,100.15632505712355,100.6767928596735,105.62162657041807,102.82751853783121,101.3494931371925,99.48914431673053
2020-01-14,99.9703099970061,99.20308954321105,102.80729745840888,95.85468591285252,101.17415706225401,98.65004879484886,99.85669540478082,102.04932825467219,105.40540540540539,103.06315070043041,103.22435838377584,99.36143039591315
2020-01-15,99.9703099970061,98.1712940844576,102.37507047698698,94.99808725389877,101.81042804761806,98.65004879484886,99.85669540478082,101.77860707681123,104.72972972972974,99.90574488784833,102.86332607999817,98.97828863346105
2020-01-16,99.83175161579084,98.40617268646018,103.6606280889956,95.27342232873745,101.60708428993112,98.30736777657587,99.68733000718511,102.84253202762443,104.297297709697,97.87935547884666,103.93147545374504,95.91315453384419
2020-01-17,99.80205406193144,99.90772534921872,103.76089743937067,96.74952198852772,102.24992120879797,98.47351902999104,99.96091873571912,102.78026736691388,105.97297049857475,94.39208486263348,104.16551898705322,99.42528735632183
2020-01-21,99.9703099970061,98.59072198802272,103.49798521074891,94.07265774378585,102.09249094221467,99.16925957797963,99.93485793334258,102.9129150964773,104.32432020032726,89.30254475320137,104.28752128747807,98.97828863346105
2020-01-22,100.58392352785495,99.83223139855872,103.9525013527013,95.98470363288719,102.02033773880781,99.16925957797963,100.24751798687359,103.7196529113267,107.94594223434859,89.77379784283991,104.84524608942023,99.29757343550448
2020-01-23,100.57403189410064,100.68786150584832,103.3197462945333,98.12619736272109,102.63036901186864,99.87538655993862,100.4168833844693,103.16467651370733,109.45945945945945,90.76343157819281,104.10825768937426,100.57471264367817
2020-01-24,100.60372189709454,99.81545069843743,102.63128958304715,96.88718952594706,103.05673831327896,99.16925957797963,100.18238585950007,103.02391037600125,106.18919166358742,89.20829525882965,103.80448668327557,98.91443167305236
2020-01-27,100.7422802783098,96.42647246963587,102.62905854219329,94.83747609942638,103.4306361973188,98.75388936696943,100.31266005353099,103.04827568540796,99.83783412624048,89.63242079239235,103.56546855247049,97.19029374201787
2020-01-28,100.85114865653114,98.22162338489761,103.21502548645456,95.93116658139638,102.93210568526565,98.46313259602066,100.18238585950007,104.46141320609861,100.54054260253906,91.14043517345964,104.72573702401769,98.7228607918263
2020-01-29,101.61321975321506,97.28210897688737,102.91870076504514,95.06692394015893,102.97146925733847,98.79542718032324,100.6513809094385,103.99577963796341,99.29730183369404,88.45428806829602,104.40952358790292,98.14814814814815
2020-01-30,102.01900326310648,97.391157927828,103.71856078316759,95.05162430538958,103.8701213512627,98.62928384943585,100.70349257490767,105.05427887004275,98.97297008617504,86.19227211447507,105.29342289350134,96.93486590038314
2020-01-31,102.53364760035385,95.9231602653501,104.2065000419117,94.45506692160612,103.83076578642587,99.67808392714,100.28660919043837,105.44411373557001,96.99999835040119,86.75777469848532,105.62457199465452,97.38186462324393
2020-02-03,102.61282597558126,96.56069247075841,105.75942134024574,94.56979084197239,103.45686790238602,99.68847036111042,100.31266005353099,106.95741526827504,98.4054049930057,85.72101902483654,106.63047360067779,96.74329501915709
2020-02-04,103.206648688056,97.44987757832867,104.60308348969211,94.53154759014998,101.69891927937438,100.1038405721206,100.50807631421932,105.83665137548515,100.02702249063027,88.21866152347675,105.73910646256014,97.63729246487867
2020-02-05,103.39469544150477,97.84414083167377,104.62982410792627,95.83174229579946,102.18432593165791,99.24194877071683,100.83376676893859,105.22753881027695,100.48648731128588,87.7002808777624,105.91090222814479,97.25415070242657
2020-02-06,102.45446922512642,97.12272432554482,103.70741620290234,94.45506692160612,102.66316665043867,99.87538655993862,100.5601879796885,104.33417102531062,99.64864576185072,87.74740843383822,105.4104505964293,96.87100893997446
2020-02-07,102.9592219286194,95.8308856145688,104.67883263868283,94.24091871564293,102.89275012042881,99.97922713205921,100.45596464875017,105.37914630047163,97.05405364165435,87.5589094450948,106.58565473301489,97.9565772669221
2020-02-10,103.72130057616877,94.91653585677858,105.27371312235549,93.31548920553001,103.29287970953591,101.34994328262337,100.95101056178125,106.57029326211442,94.54053930334143,83.22337652619632,107.57164607650289,97.5095785440613
2020-02-11,104.33491410701767,97.28210897688737,105.03754151196789,95.76290560953932,102.69596428900869,102.28452427676433,101.211568889127,106.56217485397208,98.32432721112225,84.26013219984512,107.58595249651184,96.99872286079183
2020-02-12,105.01781437933961,98.38939838630081,105.30045374058965,96.9177829603848,102.81403899075517,101.29802695782695,101.57634060812713,106.68128854163837,100.72973096692883,86.89915174893288,107.74918815518654,97.82886334610473
2020-02-13,105.1959619481686,97.416322578048,105.43413558375238,94.85276989909477,103.31911942183913,101.40186752994758,101.0291830296269,107.21460240423887,100.0,86.05089506402753,108.42067570943222,96.93486590038314
2020-02-14,106.0965914260678,96.4348628196965,104.99966693747254,94.21797509858986,103.81764192665628,102.05607026458235,101.61542187240802,107.2091867704841,99.18919125118771,86.56927570974187,108.22813860297155,96.48786717752235
2020-02-18,106.24504899190283,96.93817502398227,104.4003349960962,93.38432005668918,104.95244342407346,101.80685130698734,101.83688899618899,106.64609196472237,99.216213741818,93.35532357120475,107.72351970700451,97.82886334610473
2020-02-19,106.85867007361716,98.12935513407824,104.69442867665175,95.33460919761293,105.4444080026238,101.80685130698734,101.55027980575062,107.26603579743987,99.45945739746094,92.13006890881252,108.42815541449913,97.19029374201787
2020-02-20,106.94774008259893,96.59424747103905,105.0598306724984,94.16443804709907,106.04132342315103,101.32917833721035,101.39395474862707,106.20753656536077,99.13513595993454,90.48067747729772,108.65721247776273,96.6794380587484
2020-02-21,106.12628897992715,95.8728309649101,105.52102931300833,92.91778039294036,107.87799118307231,102.29491071073475,101.61542187240802,106.14255904528332,98.91891479492185,89.77379784283991,109.36184818525734,96.29629629629629
2020-02-26,103.83016895439012,89.06970985708693,106.28300413263135,87.5640519034566,107.5762545096753,101.27725408988617,100.27357878925012,107.67752311300718,89.1891891891892,85.81526851920826,109.22489834724641,94.6360153256705
2020-02-27,102.70189598456301,86.81318568791878,107.84484959438083,87.18929254302104,107.5762545096753,99.92731080726281,100.36477171900013,109.14210411187788,88.86486775166279,82.56361883003441,110.77608232519573,93.10344827586206
2020-02-28,99.51504566574658,87.85337149673285,109.85896953322482,89.36902368957637,102.5975713732986,100.45690010183617,100.28660919043837,110.71767030529345,85.72972787393105,79.35909669693639,111.66495622829105,93.61430395913155
2020-03-02,102.26643002254309,89.95889496465715,109.81441246017194,89.8661567877629,104.44736299298951,102.00415393978595,101.28973141768876,111.2401529003844,91.8918918918919,82.7521234365578,110.5818711895058,95.72158365261814
2020-03-03,101.91013488488517,89.00259985652565,111.01308696692864,87.83938697829528,107.7140029902222,102.15991083670292,101.5893710093154,111.55418906330401,89.72973179172826,84.82563478385535,111.3562224972432,97.5095785440613
2020-03-04,102.9592219286194,90.30282891756228,112.33429873658281,87.12810567414556,107.64840771308215,102.55451610230016,102.03230525687732,114.20991702381778,93.37837631637986,86.09802262010336,112.37207329826025,98.85057471264368
2020-03-05,101.12826541896165,86.21759883285175,113.70675007784739,82.04206244211579,109.30797142761972,102.55451610230016,101.53725934384626,115.27924752340641,90.67567361367715,83.50612500931148,114.11994977437409,98.21200510855684
2020-03-06,101.12826541896165,82.6440713024876,115.12823119787666,81.75908338499343,109.5965922484831,99.68847036111042,101.32881268196965,117.35834663626106,86.35135341334987,80.49010186495688,114.68764751640548,96.36015325670499
2020-03-09,97.4960424026401,72.60297266710668,116.26451092875362,74.03441916004421,109.8392915710069,98.07891376439387,98.81448197396564,117.98370610273359,77.02702702702703,83.78887911020657,114.27930310994263,95.59386973180077
2020-03-10,97.53563159025379,77.67804646026747,119.87166840528494,74.79923751568474,108.82912270160298,96.78088680656691,99.00989823465397,123.96113370090387,83.1081081081081,91.23468466783133,117.59329922904425,97.06257982120052
2020-03-11,95.43744995191986,71.88155616097774,117.02426533152683,72.65774378585085,107.66808949911857,97.61162722858728,96.40437459689993,119.75148191203526,78.37837837837837,88.50141562437186,115.5814960169977,96.87100893997446
2020-03-12,95.43744995191986,61.0854796192253,120.73836403298668,68.71892808728191,104.25057716156935,97.61162722858728,90.15111389057664,124.67041027812671,63.51351351351351,86.75777469848532,119.85657487445968,94.44444444444444
2020-03-13,95.43744995191986,69.62503199180958,119.31912457781534,67.2045910107702,99.4227583582732,97.61162722858728,92.49608914026885,124.03151676975706,71.08107901908257,88.07728447302921,119.26897874244075,94.69987228607918
2020-03-16,95.43744995191986,59.57553660640612,120.16354166899067,61.407266474590706,97.46802390384143,97.61162722858728,92.49608914026885,121.71147742220265,63.78378481478304,85.53252003609312,120.8226440828647,90.61302681992338
2020-03-17,93.68567181748955,62.578641931923215,124.23634924373559,63.869982513369386,100.02623971230322,101.76531349363356,91.8577386320186,127.45878596820393,65.56756818616714,81.4797356003098,124.46778930311943,87.86717752234993
2020-03-18,93.68567181748955,56.45499837984964,122.87058040102853,58.89101338432122,96.90390612188422,101.76531349363356,87.28504186476074,126.3190723997621,58.24324118124472,75.58906636204816,124.73419740152671,85.63218390804597
2020-03-19,93.68567181748955,57.62939138986245,124.6418462309274,57.361376673040155,96.98917517782469,101.76531349363356,87.28504186476074,127.50210095326256,58.594595419394004,77.94533742802079,127.081186380953,88.25031928480205
2020-03-20,93.68567181748955,56.57243768085093,120.92551648861367,55.219882943206265,97.34339127582814,91.58877897525906,89.89056550251479,123.9259371239879,58.24324118124472,75.58906636204816,126.83813158392134,87.80332056194126
2020-03-23,84.51108334909576,53.535777355053185,120.57795219559387,51.24282982791587,102.78779927845194,83.17756587304595,84.6795182270067,123.05423187404014,55.621621415421764,75.49481686767645,125.62556453964433,87.73946360153256
2020-03-24,87.27236689051207,58.8876751005578,123.2448853122825,58.47036095467853,108.90127590500984,91.49532483710888,87.49348852663734,125.47985086736368,58.97297214817356,77.89820987194496,128.02080355302613,88.69731800766284
2020-03-25,87.27236689051207,62.90579518470706,122.64109128919847,64.06883108456321,107.07117407859134,91.49532483710888,91.19332732139182,124.19664821686982,64.00000082479941,78.18096397284006,126.93523715176632,89.01660280970626
2020-03-26,89.271571784379,65.41397865599905,122.05289330408333,63.862332695984705,108.23876520734257,91.49532483710888,93.1995817151765,122.89450597570308,65.24324159364443,77.14420268141131,125.33176647363487,89.08045977011494
2020-03-27,88.72723744413776,61.82367042551363,123.56571961107221,61.03250711415511,106.52017214916776,92.88680593308602,91.59718030467285,124.50256597164677,66.29729915309596,77.00282563096376,125.05539730768609,88.37803320561942
2020-03-30,89.28147096899879,62.88063053448706,126.52674640831638,61.5678776290631,106.39553952115448,92.88680593308602,91.80562696654944,127.87568891752576,67.13513554753484,79.6418507978315,127.09779607522067,87.16475095785441
2020-03-31,85.0653168739568,61.404242521948504,127.55609553826888,59.77055566032804,103.8635634249959,88.09968187881798,92.75663752833069,130.1090982949629,68.7837858457823,77.28557973185886,129.29063189498208,87.03703703703704
2020-04-01,87.13380850929681,59.86075090881059,127.79671860636014,56.74187567220363,103.52246317952607,88.09968187881798,91.84470823083034,131.02141575558116,69.18919022018845,74.78793723321864,129.55953322841168,85.5044699872286
2020-04-02,87.13380850929681,60.87576566744275,127.9950156422524,57.705542599038004,106.63823884367825,88.09968187881798,91.84470823083034,132.4453845437814,70.10810955150707,73.13855141948379,130.6725014698214,85.18518518518519
2020-04-03,87.3416460811197,58.5940768480546,126.93670547721592,55.915870447687624,107.1630010607986,86.13706575238584,91.84470823083034,131.70091138964256,67.8378388688371,76.39020110865764,130.84928370545063,84.48275862068965
2020-04-06,87.3416460811197,62.47798333104322,128.74808754646807,59.77820547771272,110.003279763857,88.98234654816257,90.59405807742245,133.2846060761798,68.72973055452914,81.57398509468152,133.16982064854503,83.71647509578544
2020-04-07,87.92556960897466,64.34023784690433,127.13500251310816,64.34416615940188,109.20302058564285,85.86708184937787,91.19332732139182,131.13782666885987,68.94594656454551,87.27615534419971,131.59623317303812,84.67432950191571
2020-04-08,87.7870112277594,66.24444411306864,126.70499594853607,64.82600545792006,109.24237615047967,85.86708184937787,92.32673368195702,130.09286147867792,69.81081060461095,84.02450565502585,130.01269650253738,84.2911877394636
2020-04-09,88.63815988429053,65.43914330621904,123.93334202376866,64.00000023340404,113.88651696765334,89.86500329497933,91.58415984276847,127.33967228053764,68.67567526327598,81.66824020683318,127.56765215144812,84.73818646232439
2020-04-13,88.0839263594295,66.42060306457056,123.42312422849811,64.65009466867829,114.4506427568465,89.86500329497933,92.49608914026885,127.64016431658077,70.5405415715398,81.24410905549053,127.11948721991473,84.67432950191571
2020-04-14,88.72723744413776,66.98263491935697,123.42312422849811,66.91395630116217,115.23122014902427,89.86500329497933,92.01406368914213,130.78589115463643,73.29729956549566,77.7568328214974,129.43504956551223,83.26947637292464
2020-04-15,89.66745610965064,66.46254841491184,126.28835438107899,65.23900807017806,113.2961594733929,89.86500329497933,92.41792661170707,130.46103380918635,71.86486527726457,75.30631787893303,128.52625352733395,81.54533844189017
2020-04-16,89.66745610965064,65.57335690737969,127.18179062701492,63.31166254630736,112.85011639318219,89.86500329497933,93.79885095914587,131.730692332804,70.29729791589686,79.4533461913081,130.39363906885032,81.67305236270754
2020-04-17,89.66745610965064,66.57998771591312,126.5512559856967,63.862332695984705,110.80353894207119,89.86500329497933,93.92912515317678,131.22715941336494,71.78378234038482,82.61074638611025,130.241753565801,82.31162196679438
2020-04-20,93.13143074176304,66.56320701579183,125.80932866174625,63.20458844332576,111.61692198005493,89.97923030107033,96.24803960049248,131.59262896948553,70.56756921716637,90.66918208382108,130.28657243346387,80.26819923371647
2020-04-22,93.54710588540883,67.82988107654784,128.5096848952266,63.97705661635098,113.39455238910298,95.0259597469038,95.1016127780229,133.57427692969267,71.72973220412796,91.37606171827889,132.33572668065412,81.09833971902938
2020-04-23,91.91409531381964,67.10846457041887,131.33480943245826,62.80688546583711,113.69629706973599,95.0259597469038,94.31995767455345,137.0204958037915,72.9189176817198,85.53252003609312,135.8688306680255,81.54533844189017
2020-04-24,85.70862795866505,63.49299808967537,132.75627992848345,57.2848960044963,113.05346015086914,95.0259597469038,91.06305312736089,139.09147650850375,71.6486492672482,82.28087034691926,137.76609941216643,80.65134099616859
2020-04-27,86.50039660920835,65.88373586000417,134.71693987886724,59.12046122505378,112.29255653749179,89.61578433738434,91.16727645829918,140.38279756714,74.35135196995091,85.72101902483654,138.7495856480844,78.03320561941251
2020-04-28,89.46951772244756,68.54290723261614,136.29437075458156,63.594647438530714,112.20072154804855,89.61578433738434,92.62636333429977,142.62974098647427,75.0,84.54288630074021,140.74146672504796,77.33077905491699
2020-04-29,91.10253584490219,70.10317954587534,132.62706016702847,65.04015366388325,111.7349966818014,92.82450317431923,92.62636333429977,139.41363107956573,77.64864741144953,88.07728447302921,136.87721363652338,77.77777777777779
2020-04-30,90.26127882212542,67.77116142604719,129.24269867976562,62.195028447284294,110.47556255637095,92.82450317431923,92.0270940903304,135.4665820604157,75.59459273879592,91.84731480791743,132.8287104798504,79.56577266922095
2020-05-04,90.0633404349223,66.47932271507119,133.82572404978112,60.282982558182965,111.96458015179158,90.86188704788711,92.49608914026885,138.66103951728454,74.6756734074773,93.92083177299494,136.36929417228873,79.37420178799489
2020-05-05,90.0633404349223,66.9658606191976,134.54760387805896,61.445503891312136,111.80059195894145,92.34683020454226,93.05627711995731,140.5885412249235,75.56756509316934,100.5655082017902,137.9528308427894,79.94891443167306
2020-05-06,90.0633404349223,66.63031701635312,134.65232468613772,59.86233012854028,110.47556255637095,92.34683020454226,93.18655131398825,141.8771494241931,75.37837672877957,91.61168826309817,138.88653548609534,79.62962962962963
2020-05-07,89.5684869160491,65.85018085972352,137.43957464887401,57.59082451377271,112.94195138262546,92.34683020454226,92.61333293311151,145.67260103812774,80.16216174976246,89.25542281490549,142.3001185355165,80.71519795657727
2020-05-08,89.5684869160491,67.73760642576654,140.7214357449079,59.60994450585564,112.16136598321171,92.34683020454226,92.93902338783076,148.3581099418027,83.1081081081081,85.90951801357997,145.1265803548277,81.48148148148148
2020-05-11,89.46951772244756,66.63870736641375,138.3775679678628,58.8986632017059,111.20367653841423,90.6853572830293,92.76966792951895,138.99131249648912,83.62162306502059,86.05089506402753,136.36929417228873,81.35376756066411
2020-05-12,88.28186474663259,65.63207655788032,140.0530265290943,56.4435969803119,111.80059195894145,90.6853572830293,92.26159161529962,146.37104634784077,81.08108108108108,81.05561006674708,144.83728198440613,82.69476372924649
2020-05-13,88.0839263594295,65.53980190709905,142.16741581831337,56.82600615813217,112.4237470917719,89.65731422821032,92.37884534742618,148.6694332453554,82.99999752560177,76.15457456383838,146.5229106927964,81.80076628352491
2020-05-14,87.7870112277594,66.60515236613311,141.82875444070092,57.76672946791348,114.01114959566661,88.11006831278839,92.62636333429977,149.0078246327026,82.16216113116292,79.21771964648883,146.5627549629624,81.80076628352491
2020-05-15,89.02414502494238,65.17909365403457,139.8235480412683,57.85085995384202,115.0147605388037,88.31775737955738,93.27774424373828,146.51723820428066,81.05405343545449,77.56833383275396,144.6455640837385,81.54533844189017
2020-05-18,88.8262066377393,68.45063258183487,140.9821169326758,60.466537329708416,113.59790415402591,91.43302207834209,93.74673929367671,147.88435796552486,81.94594512114654,84.02450565502585,145.7859104202027,81.92848020434226
2020-05-19,89.7664253032522,67.99764967798912,139.03483260341113,59.15869864177522,114.41127918477369,91.36033288560489,94.45023186858438,144.18636758921699,83.1351357537347,86.2393996705509,142.39473086833914,82.05619412515965
2020-05-20,89.7664253032522,68.4086936314555,140.04857507139064,59.051624538793625,114.83109055991719,91.36033288560489,94.45023186858438,144.45166304834441,82.70270373370197,83.45900307101559,143.29605907399826,81.60919540229885
2020-05-21,90.90458990683365,69.97734989481343,139.16405236486614,62.47801333950764,112.85667431944898,91.36033288560489,95.11464317921116,143.1738861165841,80.18918939538904,80.58435697710857,141.68512056334762,81.16219667943805
2020-05-22,90.70665151963055,69.62503199180958,135.39648305094198,62.363289419141374,113.78156612567645,91.20456806616009,95.1016127780229,139.64374004675594,79.86486280286634,81.57398509468152,138.2466407813466,81.22605363984674
2020-05-26,92.0427545104151,72.10804441291965,132.09456383523147,65.4302126590882,111.82683167124468,92.28452744577545,95.94840994814973,136.83911745541468,79.08108169968064,84.49575874466437,135.53269509682775,81.48148148148148
2020-05-27,91.44893179794035,74.12968998008523,130.6641797997949,65.69789791654217,112.18760569551492,92.28452744577545,95.94840994814973,134.5813427685708,83.43243470063081,81.1498595611188,133.0577794156617,81.8646232439336
2020-05-28,91.94378531681355,73.290834172955,129.3563330272558,65.39196940726578,112.38439152693506,92.28452744577545,95.94840994814973,132.41290082623206,84.45945945945947,86.09802262010336,131.28251297194564,83.65261813537676
2020-05-29,91.5479009915419,73.57604207539757,133.3199683362183,64.64244485129362,113.93243846599294,92.15991400571406,95.60968909224222,135.89161350285923,85.35135114515148,87.13477829375215,134.5417410283906,83.20561941251596
2020-06-01,91.5083118039282,74.76721578553165,131.86953680510914,66.69980809519897,113.9914758168662,91.88992218017826,95.42730323274215,134.13736165047536,85.97297152957401,83.60038012146313,132.8287104798504,82.56704980842912
2020-06-02,92.33966964208518,76.81402600291723,132.9657109206369,69.36902252255618,113.16496891911282,93.6552435963396,96.0656537409924,135.07404442050057,87.56757169156461,83.74175155413074,133.61799745262616,82.82247765006386
2020-06-03,93.13143074176304,78.24007831505388,129.5078313252372,72.55831950025396,111.36766473126436,94.42367333706538,96.40437459689993,129.34568555015125,88.32432514912372,85.81526851920826,129.45495982804752,82.75862068965517
2020-06-04,93.32937667983158,79.02021447168349,126.64929429521791,73.57552347857911,112.75172347747213,93.62409221695623,96.74309545280744,125.70454420079913,90.05405322925465,85.8623960752841,126.02644111358798,84.03575989782887
2020-06-05,93.5273150670347,79.80874097837369,129.22488222494692,73.80497131931166,109.95080033925058,93.7175463551064,97.00364384086927,126.9498374150101,89.1891891891892,83.97737809895001,127.41079205090189,84.61047254150702
2020-06-08,93.5273150670347,82.20786909876313,124.61288519584342,77.62906309751433,111.40046236983436,95.42055708997316,97.70713641577694,122.47489016701434,90.4324299580342,84.30725975592094,123.48429119465374,85.24904214559386
2020-06-09,93.5273150670347,81.55356259319545,121.37335013200857,76.71128340478607,112.47621850914233,95.21287594573195,97.31630389440028,120.39849382854757,90.54054054054053,83.2704984644922,120.05078601014961,83.65261813537676
2020-06-10,94.319083717578,79.77518597809305,123.63255522065153,74.58508347462059,112.38439152693506,94.69366516260116,97.70713641577694,122.98925435396266,88.00000371159734,83.88312860457829,121.9629904193289,83.33333333333334
2020-06-12,94.2695953453445,78.18135866455323,125.08076633491089,72.54301986548458,113.4339159611758,94.38213552371158,97.83741060980786,126.05918248941042,84.51351475071263,81.57398509468152,123.87022023101129,84.2911877394636
2020-06-15,93.87371102007285,77.88776041205003,126.59804409960344,71.1281070745698,112.84355846691538,94.02907599399599,97.57686222174601,127.30177292923352,85.94594388394742,78.65221706247858,125.68283770987104,84.09961685823755
2020-06-16,93.62628426063624,78.81889086996155,130.13836596655543,72.19885393948674,113.45358973997621,93.96676531270138,97.64199434911953,129.80319062516475,88.3783804403769,76.0603194516867,128.30731187473228,84.03575989782887
2020-06-17,93.7252534542378,80.48821213416139,131.55760542172675,74.07265657676565,113.42735002767301,94.85980849348856,97.9676848038388,132.14759528212582,89.72973179172826,77.19133023748715,130.55796700191576,84.35504469987228
2020-06-18,93.7252534542378,81.00830503856841,130.88029329050585,74.5774394923369,113.13873721404559,94.85980849348856,97.22511096465024,132.39124837619227,90.67567361367715,77.19133023748715,130.16706336806132,84.54661558109834
2020-06-19,93.57680343926819,81.05025038890969,134.2134045821542,74.97514246982553,114.52279596025336,94.85980849348856,97.74621768005784,135.99989592301625,91.0810831430796,78.65221706247858,133.88441742358117,84.92975734355045
2020-06-22,92.73554641649142,80.27011423228008,132.19705360245635,74.79923751568474,115.23122014902427,93.27102476471282,97.61594348602691,134.5326121497574,89.21621167981947,78.41659051765933,132.21123114520697,83.84418901660281
2020-06-23,92.7850347887249,80.86570108734713,131.9341413738346,74.79923751568474,116.24138901842818,93.27102476471282,97.87649187408876,132.98952967389118,89.48648813608531,77.14420268141131,130.76463244016952,83.0140485312899
2020-06-24,92.7850347887249,79.43125842514985,129.79302209038542,73.4225621414914,115.82814357678748,94.0913787527628,97.18602970036936,130.97268513676804,90.27027439426732,75.25919032285718,128.25236572385975,82.82247765006386
2020-06-25,93.2303999353646,80.84892038722585,133.9683194323552,74.95219885277247,115.5854362470277,94.0913787527628,97.70713641577694,135.20940500943092,89.9459426467483,69.8397741742341,133.1225204184076,81.03448275862068
2020-06-26,92.83452316095838,79.02021447168349,133.9259934001562,73.00955952923339,116.2676287307314,94.143303000087,97.65502475030779,135.3826649496654,89.1891891891892,70.45240431432018,133.44370845201922,80.970625798212
2020-06-29,93.2303999353646,80.62243213528393,137.03406703767814,74.87571818422862,116.41850107104787,94.143303000087,97.70713641577694,138.48507680266218,89.32432226232581,80.53722942103272,136.46638786758595,83.33333333333334
2020-06-30,94.02216858590789,80.21977853187816,135.32518535965494,73.11663363221498,117.61233191210232,94.47559758438959,98.28035479665368,135.9376312623057,88.94594553354625,82.51649689173853,134.5043899932469,86.46232439335888
2020-07-01,94.91290643005274,81.13413468963033,136.65307962786665,74.77628806353071,116.31354222183504,95.16095169840776,98.6190657132773,136.91491615802235,89.40541035420185,78.74646655685031,135.98833973342806,88.95274584929757
2020-07-02,95.01187562365429,80.96635968822714,133.2063446127322,75.33460803059273,117.02197441784192,96.00207063187074,98.9968678334657,134.03449486407314,89.64864369985219,81.71536214512905,132.36559801073088,87.48403575989782
2020-07-06,96.10055185500224,83.44098815923847,133.108306303211,78.05735950944074,117.31715316497213,96.81204610847813,99.40073075603063,133.693390617359,90.62161832242398,86.2393996705509,132.24608894532835,88.50574712643679
2020-07-07,95.80364427419758,82.35047304998442,134.9040923344942,75.9694086661986,118.34699581317645,97.77777848200249,99.00989823465397,135.00907698540217,90.54054054054053,88.40716613000014,133.31423831907517,88.12260536398468
2020-07-08,96.0015826614007,84.1791789655268,135.04890813391813,78.77629063097514,119.08822564775336,96.40705440891051,99.53100495006156,135.31768742958795,91.8918918918919,85.9566455696558,133.89935308861956,88.95274584929757
2020-07-09,96.0015826614007,82.80345595383017,134.89517879508284,77.7055437660582,118.01901942747621,96.40705440891051,99.94788833453086,134.7979176938639,91.35134928935284,83.83600666628242,133.0229216155403,89.71902937420178
2020-07-10,97.38717402441874,84.26306326624746,134.20226000188896,78.0114722753346,117.95342415033619,98.44236765060765,100.50807631421932,134.77625515884506,91.75675881875527,85.06126132867463,132.90341255013777,86.97318007662835
2020-07-13,97.58511241162185,83.12221885655336,133.78784947528575,77.55258242897048,118.79304690062315,98.75388936696943,100.83376676893859,134.9170313815302,91.67567072687922,81.95098868994832,132.6320179816859,85.31289910600255
2020-07-14,97.1892280863502,84.5734422188719,136.503801746735,78.85277129951899,118.76680718831993,98.49428397540404,100.80770596656205,136.30851645218104,94.81081575960727,82.28087034691926,134.48945432820852,85.5044699872286
2020-07-15,97.48614321802029,85.78978057922599,136.36566844586864,79.54110898661568,118.81928661292638,97.7673920480321,100.97707136415777,135.4692949197826,95.13513719713366,83.78887911020657,133.62546528514537,83.33333333333334
2020-07-16,97.2387164585837,84.7663818704951,136.51716674385005,78.8374774998506,117.9862217889062,98.49428397540404,101.43303601290793,135.87536660159518,94.5945945945946,81.19698711719464,133.62915764748792,84.35504469987228
2020-07-17,98.1789351240966,86.79641138775942,135.18035893622698,80.55066898265714,118.61594285523942,98.57735960211166,101.26368055459614,134.5136624741055,95.702702290303,80.96136057237537,132.72663031450853,85.0574712643678
2020-07-20,98.77276538743678,88.03791439833351,137.0095680843019,82.21797323135756,119.11446536005657,100.0519163247964,101.65450313668892,136.16232459574115,97.70270682669975,77.33270728793471,134.08609639179028,83.84418901660281
2020-07-21,98.77276538743678,87.78626149617156,135.94234437985403,82.5621391573554,120.85274020426779,99.68847036111042,102.16257945090823,134.52178088224812,95.67567979967272,78.93496554559374,132.65194011676888,82.43933588761175
2020-07-22,98.77276538743678,87.78626149617156,132.80975054094773,81.68260271644957,122.27615451531237,98.90965418641424,101.92808192593901,131.02141575558116,95.16215968776393,79.21771964648883,128.72045279047612,83.65261813537676
2020-07-23,98.4758502557667,86.19243418263174,131.84502722772882,80.22944667371236,123.91603644381352,98.59812454752466,101.84991939737725,129.2780052556859,95.67567979967272,84.11875514939754,127.43320742100718,83.78033205619413
2020-07-24,98.4758502557667,86.44409348475557,134.56543095688173,80.1529660051685,124.45392252070351,99.7196217404938,101.87597026046986,132.02306596070477,96.21621209221918,85.20263837912219,129.7363154640409,83.33333333333334
2020-07-27,99.61401485934815,88.04630474839414,135.81534503524887,82.80688079775634,126.66448015742866,99.41847853557461,102.25377238065828,133.57697970408054,98.8918923042916,81.71536214512905,130.19694657068584,83.0140485312899
2020-07-28,99.61401485934815,87.72754184567091,134.80382298411914,81.75908338499343,127.5631322513529,99.7196217404938,102.33194484850394,132.1990387603059,98.59459335739548,84.82563478385535,128.01388185770227,81.73690932311622
2020-07-29,99.26761890630999,88.80966660486438,134.46071014880297,83.47992468518464,128.1403738930797,100.363445963686,104.18186424588119,132.6998588203783,100.45945451066301,87.3704048385714,128.28473028895883,80.5874840357599
2020-07-30,100.26721757781074,88.46573265195926,135.6482506992985,82.19502961430449,127.40570999200558,100.68535411401818,102.70973702940844,133.21692578171448,99.72973385372677,86.19227211447507,128.69555605789625,80.65134099616859
2020-07-31,100.86104784115093,86.82996638804006,136.27209221805515,80.26768409043382,128.75041317337653,102.10799451190653,103.23084374481604,133.28190330179194,97.5675634435705,84.77851284555948,128.3245745591248,80.71519795657727
2020-08-03,101.14805623733581,86.77963068763816,136.58401297743345,81.07074569789675,128.96031485733027,101.81723774095775,103.29598581147346,133.5634456621834,99.97297750936973,99.01037188242705,130.0002421999736,81.09833971902938
2020-08-04,100.85114865653114,85.43746267622215,139.3088787882941,78.39388145315488,131.2692654097655,102.38836484888492,104.15580344350465,135.79956789898722,99.18919125118771,103.34590480132553,132.42784577845447,78.73563218390804
2020-08-05,100.85114865653114,86.6705817366975,139.17073486342363,78.50095555613647,133.23056579770005,102.19107013861415,103.47837167097353,135.56674607243008,104.13513183593753,103.25164968917386,131.71824734601068,79.43805874840358
2020-08-06,100.25732594405639,87.77787114611094,139.9171242690818,80.07647950152366,134.5687110528042,100.72689192737198,103.7649808614119,135.69127539385116,104.08107654468432,102.02638940900171,131.73567624607136,79.50191570881226
2020-08-07,99.86144161878474,86.60347173613621,140.99771297064473,78.44741850464567,131.8530649777591,100.72689192737198,103.50442253406615,136.69563845834168,103.08107943148227,105.46653808691897,132.74156597954692,78.60791826309068
2020-08-10,98.97070377463989,87.10678394042198,142.75116234572485,78.87571491657205,132.79108064375615,100.4672865358066,102.91818369128505,139.03192470715987,105.40540540540539,101.46089244277138,135.3783282313038,79.3103448275862
2020-08-11,98.1789351240966,86.08338523169111,143.28587909437164,78.28680735017328,126.76943099940551,99.65731898172702,102.2798331830348,139.97672588532745,103.05405694085199,102.3091435098968,136.45643867259218,79.56577266922095
2020-08-12,97.38717402441874,86.0582141815092,140.6434555550633,77.62141328012964,126.92030333972204,98.23467858383866,101.74569606643895,136.7254194015029,105.40540540540539,101.4137592689156,133.96409409136544,80.33205619412516
2020-08-13,97.09025889274864,84.59860686909192,142.75338276257466,76.17590705477713,128.35027557703344,98.55659465669866,101.14642682246956,137.732485240381,103.64864452465159,102.82751853783121,135.32354829609946,83.0779054916986
2020-08-14,97.28820483081718,85.30324907506149,141.24948061900122,75.94646504914554,127.05805182026894,98.95119199976804,101.7587264676272,135.79956789898722,106.75675675675676,111.0273312859896,133.63045175518997,82.88633461047255
2020-08-17,96.49643618027389,83.8855807130236,142.96282437873217,73.92734505706262,130.20662512299114,97.92315686747686,100.70349257490767,137.7027042972198,107.83784196183488,110.2262021571601,134.9699956973887,84.54661558109834
2020-08-18,98.07996593049504,85.89883593012854,145.69214164729644,75.41873851652127,131.151198715255,99.7611595538476,101.82386853428463,140.68328960318337,111.02703197582349,113.9019829976766,137.14860820497526,83.5249042145594
2020-08-19,97.88202754329194,84.9593151221564,145.44705649749747,74.64627034349606,128.48146613131354,99.60539473440284,102.04533565806557,140.60207526682092,110.8108108108108,114.32611414901925,136.08047070377614,83.0140485312899
2020-08-20,98.07996593049504,85.56329232728407,146.5588372749982,75.4110886991366,126.84815013631518,98.17237582507187,101.87597026046986,141.78511390530016,112.7297272553315,110.8388322972462,138.34622771166616,82.88633461047255
2020-08-21,98.6737886429698,85.39552372584276,146.87744053293403,75.26577717943356,126.90062155368562,100.114227006091,102.31891444731569,142.34549585169523,110.18919042638831,115.36286420488808,138.3337852816501,83.5249042145594
2020-08-24,98.82224620880484,86.1337145321311,147.6149163991808,76.06118313441085,126.44801253997213,100.114227006091,102.63157450084668,143.7207340210818,112.16216216216218,118.4260149053185,139.8949184545932,84.73818646232439
2020-08-25,98.4758502557667,86.00788488106919,147.36314875082428,76.01529590030474,125.40505403923416,100.114227006091,102.37102611278483,143.28488139610803,109.86486898886191,117.295009737298,139.6957327214064,87.03703703703704
2020-08-26,97.68408160522341,84.59860686909192,145.19305780828708,74.49330900640834,127.3007511427927,99.05503257188863,102.03230525687732,140.17705390935646,109.32432638632285,115.97549434497417,137.12620470741768,86.97318007662835
2020-08-27,97.48614321802029,84.74960117037384,147.8377123884493,75.40343888175191,126.04788295086502,97.45586240914248,101.91506146403466,143.3850454081224,109.67568062447212,121.5362875440448,139.61108145612528,87.93103448275862
2020-08-28,98.07996593049504,86.10015953185047,146.60562538890497,76.0382395173578,128.86847986788698,99.52231910769521,101.91506146403466,141.35466682910211,110.8108108108108,125.21206838456129,138.65248008023943,88.37803320561942
2020-08-31,97.78305834969038,83.77653176208297,142.84695899038815,73.57552347857911,129.06526569930713,99.21079739133344,102.1365285878156,138.22518689231077,108.10810810810811,123.93968616609325,134.20311222217052,89.01660280970626
2020-09-01,97.83253917105844,86.11694023197174,145.98178387014832,75.67877395659059,129.10462126414396,98.13083801171807,102.03230525687732,140.2366057107001,111.62161955962311,119.08576698370045,136.71537893848026,89.272030651341
2020-09-02,97.78305834969038,85.88205523000725,143.3259847097209,75.64053653986915,126.88750570115201,98.13083801171807,102.21469111637738,137.97883102385623,111.21622034021325,117.15363268685044,134.38486905529663,89.33588761174967
2020-09-03,97.98099673689349,84.87543082143574,140.8996746611235,75.33460803059273,126.4414546137053,98.1412244456885,102.33194484850394,136.0134299649134,106.97297792176943,117.20075462514632,132.92581604769535,87.9948914431673
2020-09-04,98.12945430272855,85.32841372528151,139.47152166654078,76.09942638623328,126.19875529118154,98.32814064451665,102.51433070800402,134.98741445038334,107.83784196183488,121.96041869538747,131.71076764094377,88.69731800766284
2020-09-08,97.38717402441874,84.34695396692997,139.4871177045097,74.4244723201482,126.79567071170877,98.32814064451665,101.90203106284639,134.9305654234273,107.56756550556905,113.1008538688471,131.9199144416721,89.65517241379311
2020-09-09,97.78305834969038,85.42907232616152,140.4986397556394,74.93690505310408,127.5631322513529,99.07580543982945,102.26680278184655,136.93928146742905,109.51351475071263,113.38359673418228,133.47109841962143,89.39974457215837
2020-09-10,97.2387164585837,83.21449350733465,139.56063581264652,72.97132211251196,128.18628738418334,99.07580543982945,101.74569606643895,135.29873775393605,106.75675675675676,109.47219496662646,132.17388011006327,91.25159642401022
2020-09-11,97.13974726498215,82.71118130304889,140.11319026412016,71.96940609875419,127.11053124487538,98.83696499367704,101.61542187240802,135.6885726194633,108.64865071064717,106.92743052969035,132.47266464611735,93.23116219667943
2020-09-14,97.38717402441874,84.48955791815126,140.34044833509637,73.529636244473,128.11413418077646,97.61162722858728,101.87597026046986,135.57757733993964,109.35134887695312,108.85956482654038,132.36559801073088,91.3154533844189
2020-09-15,97.09025889274864,84.42244791758999,139.24871505326823,72.32887165952138,128.3240438719662,97.1962570175771,101.61542187240802,134.87913203022634,112.70270476470124,111.31008538688472,131.1729649740846,93.48659003831418
2020-09-16,96.694374567477,84.06173966452552,139.137322370636,72.6348001687978,128.5798590470236,97.1962570175771,101.4851476783771,135.48282896167976,110.54054466453758,106.8331754175387,131.32235724211162,94.95530012771393
2020-09-17,96.793351311944,84.36372826708936,137.67573563525755,71.51051625239006,127.25483765168907,97.98545962624368,101.66753353787716,134.93868383156996,113.18919207598712,96.22997528289173,130.36874233627046,95.84929757343549
2020-09-18,94.56651047701459,82.8370109541108,138.2461065415499,70.51625005601699,128.04853890363643,95.80477592159995,100.29962965234273,135.43680111725422,112.37838332717483,96.51272938378685,130.4135612039333,96.6794380587484
2020-09-21,94.02216858590789,81.79683154525866,142.0805220890574,69.6673012144479,124.70973769576091,93.914848987905,99.92182753215432,139.61937473734923,109.37838167757602,86.47502621537019,134.19813762467362,94.44444444444444
2020-09-22,94.5962004800085,81.89749014613864,141.84881256037752,69.59847036328873,124.53919157664397,93.914848987905,100.15632505712355,139.96859739220602,108.9459496575433,86.42789865929434,134.7658234941573,94.31673052362709
2020-09-23,94.61599129838264,80.71470678606521,142.6664890333187,69.00956279688994,122.0006575542186,95.80477592159995,100.32569045471926,140.97837609045106,109.18919331318624,100.14137705044755,136.19251193665949,94.12515964240103
2020-09-24,95.20981401085741,81.75488619491736,145.20197134769847,70.73804807936483,122.55165948364217,96.01245706584113,100.5211067154076,143.75593059799803,108.7567612931535,105.93779117655751,139.2425813198284,92.84802043422732
2020-09-25,95.11084481725585,81.788441195198,143.1700243300317,70.32504546710685,121.85634314016892,97.18587058360669,100.5211067154076,141.4629593342382,109.62162533321896,100.80112912882953,137.15110143999755,93.29501915708812
2020-09-28,95.37806994593204,79.85907027881372,144.07237411537903,70.1797339474038,122.84683823077238,95.47248133729734,99.68733000718511,142.61620694457716,108.83783907503695,99.01037188242705,138.46325541459413,93.67816091954023
2020-09-29,94.02216858590789,78.67628691874026,147.22723586680772,68.32886909207696,124.25713668928337,94.92211917478318,99.49192368578068,145.3314967914136,107.72973137932856,120.68803647691941,140.93070326324099,93.16730523627076
2020-09-30,94.91290643005274,79.74163097781243,147.26289002445327,69.17781793364604,123.81108560183667,95.53478409606416,99.6221978798116,144.2540478836823,108.86486156566725,119.08576698370045,140.19120975562498,96.80715197956577
2020-10-01,94.41805291117956,80.42110853356202,146.46749208803857,69.29254185401231,125.18202849551083,95.29594364991175,99.73944167265427,143.99415797333063,109.13513802193306,119.08576698370045,139.640952786202,97.76500638569604
2020-10-02,93.92319939230634,79.08732447224475,147.59485827950417,69.1395805169246,124.64414241862085,95.42055708997316,99.92182753215432,144.7061373249413,109.02702743942673,114.89161111524955,140.477551861663,96.99872286079183
2020-10-05,94.91290643005274,81.07541503912968,148.2499024982027,70.55449330783938,125.45096753033782,95.37901927661935,99.68733000718511,145.7050847556768,112.24323994404564,123.23280091385551,141.46353133260325,96.93486590038314
2020-10-06,94.75454967959789,80.58887713500329,146.3471752419909,69.9732297237243,124.70317976949407,95.37901927661935,99.413751217935,142.70283691469436,111.40540870460305,118.75589094450949,138.7695077831674,98.33971902937421
2020-10-07,93.5273150670347,80.53015748450265,146.20904194112455,69.21606118546845,123.55526241954328,95.01557331293337,99.81761414049993,143.32819638116666,114.21621167981945,122.80866976251286,139.27743911994978,99.29757343550448
2020-10-08,95.23951156471678,82.56018700176698,147.04676590973824,72.22944737392446,123.88323880524351,95.53478409606416,99.57008621434244,143.34984883120643,115.10810852050781,123.79830911564571,139.7131616214671,98.85057471264368
2020-10-09,95.04156562664822,82.1072040979212,146.6947395350107,72.27533460803059,125.91013447031814,96.4485922222643,100.92495969868862,142.95189555753652,113.56756880476668,129.17059209041298,139.3969481853523,100.89399744572158
2020-10-13,95.14053482024974,82.98800525539272,145.49607565225807,71.8011451268971,123.87668087897671,97.08203001148607,100.625320107062,142.1018528426076,115.27027439426732,134.5428863007402,137.68143627433753,99.93614303959131
2020-10-14,95.80364427419758,83.67586676124104,145.63197791227057,72.27533460803059,124.71630362926369,96.8535759993041,100.05211166546914,142.93024310749675,114.59459871859164,124.22242903142843,138.64750548274253,101.2771392081737
2020-10-15,94.61599129838264,83.54164676011848,146.24245443391214,72.07648020173578,124.840928250041,96.22014613261014,101.22458935103136,143.94001172076273,117.00000247439823,130.77286158363196,139.19526921714322,103.12899106002553
2020-10-16,95.79374508957781,82.9796149053321,146.29592504637642,70.51625005601699,124.68350599069366,97.13395425881029,101.31578228078139,144.17283354731984,119.45946152145798,130.67860647148026,139.71066838644478,102.68199233716476
2020-10-19,96.47664536189977,83.08867025623462,147.29853355809476,71.71701464096857,125.05083794123072,98.40082983725388,101.27670101650051,144.92542510960104,117.83783371384078,131.715367762909,140.54726746190573,103.51213282247764
2020-10-20,96.22921860246316,84.63216186937255,146.94428676651742,74.14913724530953,125.31321904979092,97.65316504194108,101.7196452033463,143.89128110194932,120.0810819058805,137.27616096197966,139.57123718595923,104.40613026819922
2020-10-21,96.2490094208373,84.59860686909192,147.65502201453003,74.5697896749522,126.24466878228515,98.49428397540404,101.43303601290793,143.83714493436048,120.78378007218642,142.4599449480035,139.53637938583785,105.68326947637291
2020-10-22,95.97189265840677,85.87367127990856,148.029326925784,76.40535489550967,124.70317976949407,97.2689462103143,101.15945722365784,145.06619124730713,122.02703115102406,141.70593775746988,139.6260171211636,106.32183908045978
2020-10-23,95.98179184302657,85.28646837494026,147.13143922214442,75.60994310543141,124.76221712036732,97.5597029812631,101.0291830296269,144.25675065807016,122.9459504823427,140.00942438765915,139.21519135222619,107.08812260536398
2020-10-26,95.42755076730009,85.10191907337769,148.4103143355955,75.68642377397526,124.80813061147099,97.39355965037569,100.96404096296952,145.25840086319351,120.37838085277662,142.50706688629938,139.83516392189193,106.70498084291187
2020-10-27,95.18012400786348,83.77653176208297,147.9023275811788,73.7437844504362,125.20826820781403,96.8328110538911,100.6904621737194,145.20155183623774,120.72972478093327,142.2714459592601,139.9970104924828,106.25798212005108
2020-10-28,94.79413886721161,80.21977853187816,149.68251757449315,70.4856624566802,123.06985576725975,97.0612650660731,100.71651303681202,147.71921643343305,115.89189477868982,141.18756272953547,142.0511393371699,102.55427841634739
2020-10-29,95.11084481725585,81.26834829079095,150.33308908747986,70.82217856529338,122.37454743102245,96.43821371082174,101.14642682246956,149.0755049271679,118.05405487885345,155.5607988168506,143.03961204313248,101.78799489144316
2020-10-30,94.58630129538872,79.18798947308665,150.26180202019688,68.47418644688098,123.1485749041694,97.87123262015267,100.87284803321947,149.6169371979108,115.40540746740393,158.0584413154908,143.85877034598505,101.78799489144316
2020-11-03,95.21971319547718,80.8824753875065,148.85591693813655,69.83556218630498,125.18858642177764,96.58359209629613,100.96404096296952,148.40684056061585,121.21621209221915,144.1564583178142,142.9449878377621,102.42656449553
2020-11-04,95.80364427419758,82.50146735126633,150.75196169579078,71.93116868203273,124.27681046808378,98.26582996322205,101.51119854146972,149.00512185831477,118.51350938951646,143.54382817772813,143.28859124147908,103.51213282247764
2020-11-05,95.82343509257171,84.95092477209576,147.99367276813845,73.89675162262489,127.60249582342571,98.26582996322205,101.04220349153128,146.77983088902022,119.35135093895164,138.64278705703944,141.00041886348376,104.5338441890166
2020-11-06,96.17973023022967,85.14386442371895,145.35348026968398,73.8508585534178,127.93047220912595,98.25545145177948,101.31578228078139,144.30818405127116,119.35135093895164,136.09802262010336,137.5245761737913,103.89527458492975
2020-11-09,97.33768565218523,87.16550999088454,141.8443504786698,77.47610176042662,121.5611643930387,98.43198121663725,102.34496531040831,140.49920848041867,117.83783371384078,134.73138528948363,133.5233851198035,104.08684546615581
2020-11-10,96.793351311944,88.42379370157988,141.79756236476305,79.77820080963194,123.01738434988931,98.92004062038467,102.05835611996994,138.6393870672447,115.35135217615075,138.97266309623043,134.07114885420418,108.04597701149426
2020-11-11,96.54592455250737,88.23924440001731,142.4837986593994,79.8470374958921,122.05312897158905,97.75700561406168,101.35487348434617,139.22413432304626,114.86486486486487,142.83694292549035,134.79818805925638,106.57726692209451
2020-11-12,96.48653699565408,86.4021481344143,141.40989245639403,77.26959753674714,122.83371437100277,97.63239217400027,101.23761975221962,138.42281214195168,114.64864369985219,140.2450565502584,134.20311222217052,104.27841634738186
2020-11-13,96.43705617428604,88.3566837010186,143.45743551202972,77.28489717151648,123.6930109000902,96.63550842109252,101.26368055459614,140.53169219796774,117.3513464025549,141.14042955567967,135.8638441979809,104.85312899106003
2020-11-16,96.29849779307078,89.78273601315524,143.9409126890661,80.68833652007649,123.79796974930306,96.63550842109252,101.32881268196965,141.21390069139605,119.02702950142525,127.09708074311543,135.8713120305001,106.32183908045978
2020-11-17,95.9520942891672,90.41187786850293,143.01406395034255,81.47609849277008,123.61429977041654,97.58047584920388,101.09431515700042,140.22578452816984,118.91891891891892,126.86144858051622,134.82308479183624,107.34355044699872
2020-11-18,96.0015826614007,89.22070415836885,140.74148324058046,80.54301916527248,122.89275172187601,95.80477592159995,100.76862470228119,138.4417618176036,118.27026573387352,127.8039547597933,132.63948581420507,108.74840357598978
2020-11-19,95.91251265241894,89.92533996437655,141.51906472217647,80.84129785716421,122.07936868389224,95.98130568645774,100.70349257490767,139.73578565062795,119.18918506519212,122.14891768413088,133.49848838722363,107.91826309067689
2020-11-23,95.38796157968635,90.54609786962547,142.03151355830087,80.2600401081501,120.55100353087079,96.10591912651913,100.89889889631209,140.1364416986857,122.78378460858319,127.7568328214974,133.90682092113877,108.93997445721584
2020-11-24,95.85312509556564,92.64323738745107,143.50200320908667,82.98279158699809,118.38635938524926,95.81515443304254,100.6904621737194,140.89986452847646,125.9729746225718,130.77286158363196,135.462979496585,108.74840357598978
2020-11-25,95.98179184302657,92.75228633839171,142.35234785709056,82.77629319841957,118.44538872888653,96.20975969863973,100.23449752496923,139.1591568029688,127.51351433831293,136.47502059759023,133.7698829556755,107.27969348659003
2020-11-27,96.99128969914709,93.17171424195682,141.5302093024417,81.91204472208115,116.88422593729501,98.29698926513328,101.0291830296269,138.5527570971275,132.72973137932854,133.97737809895,132.84116478241418,108.68454661558108
2020-11-30,97.2387164585837,91.94698553154211,142.35679931479424,80.74952338895194,116.47753041468513,97.61162722858728,101.09431515700042,138.95341314518527,132.08107819428315,135.81526851920827,133.02044025306571,107.21583652618136
2020-12-01,97.98099673689349,93.8511853977445,141.72849571432988,83.40344401664076,118.99639065831009,97.64277860797068,101.60239147121976,138.3767842975264,136.35135341334987,135.7210246426165,132.73659138205002,105.93869731800767
2020-12-02,98.6737886429698,94.32933295181029,139.9416338464621,84.23709322344048,119.75729427168744,99.68847036111042,102.20166071518912,135.07404442050057,134.05404993005698,131.00848251067126,129.59439102853304,107.0242656449553
2020-12-03,99.96041081238629,94.67326690471538,140.74371428143434,84.51242829827916,120.48540825373072,101.24610271050275,103.32203667456608,135.1823268406576,129.72972972972974,118.14326080442339,129.87823989954873,107.91826309067689
2020-12-04,100.1583491995894,95.8476663146901,139.34897377963924,84.78011355573315,120.4263709028575,101.14226213838218,102.35799571159656,134.31062159070984,133.40540705500422,121.34778855530138,128.25236572385975,106.51340996168584
2020-12-07,100.25732594405639,95.71344631356754,139.16405236486614,85.2390034020973,122.12529018223188,100.3115217163618,102.6967165675041,133.95869616146547,134.05404993005698,113.38359673418228,128.3370169891409,107.15197956577268
2020-12-08,100.1583491995894,95.85605026478883,137.54205379209483,84.78011355573315,122.7156476764923,100.56074067395677,102.95726495556595,132.6944431866235,133.24324118124474,113.05372069499128,126.9402117492632,106.51340996168584
2020-12-09,100.65320271846258,95.15980480884177,138.07009866618816,84.50477848089447,120.34109383968104,100.59189997586802,102.91818369128505,133.08698082653865,132.27026655867292,115.08011010399298,127.47303981862545,107.7905491698595
2020-12-10,100.95011785013268,97.02206572466481,139.05711113993758,87.12046169186185,120.27549856254099,101.65108648754256,103.49140207216179,134.22399162059259,135.00000206199852,120.31102726387263,128.71797142800156,107.34355044699872
2020-12-11,101.84085569427754,96.98012037432353,135.88441168568204,87.51051485196584,120.68219408515087,102.04568383061195,103.66075753047359,130.54766377930358,135.70270022830448,122.10179574583499,125.09522970530438,108.36526181353767
2020-12-14,101.9398248878791,96.56908282081906,136.63525254904386,87.27342302894957,119.95408010310757,101.71338924630935,103.29598581147346,131.82815357043054,134.35134887695312,126.39019549087769,126.09117024378615,107.08812260536398
2020-12-15,101.9398248878791,97.86930548189379,138.4711441956763,88.34416989386654,121.50213504940143,103.30218089761291,104.07764091494289,133.19256047230778,137.45946110905828,126.39019549087769,127.42324635346569,108.49297573435504
2020-12-16,102.73159353842239,99.34569349443233,137.53091983583363,90.2944531996893,121.751392298192,102.8037350598951,104.22094551016208,132.6646723284411,139.3513550629487,126.15457456383837,126.45678535098574,109.1315453384419
2020-12-17,103.02850111922703,99.82384104849807,138.06118512677676,89.60612134769359,123.79140381580027,103.47871066247069,104.87232641960058,132.9841140401364,141.48648236248943,124.22242903142843,126.56424378044716,110.47254150702426
2020-12-18,103.17695868506209,99.47152314549422,138.11243532239124,89.52199086176505,123.6930109000902,103.66562686129888,105.15893561003895,132.75942070670098,143.91891891891893,127.238457793563,125.90941341066004,111.74968071519795
2020-12-21,102.83056273202394,97.51698757888994,139.2598596335335,87.74761251008304,123.26664159867991,103.6552404273285,105.22406773741247,133.64737285791279,141.89189189189187,127.47407872060231,126.99747304694216,112.38825031928481
2020-12-22,102.73159353842239,98.3390690858608,139.56954935205792,88.7189292543021,122.4401427081625,103.6552404273285,105.40646353619643,134.10217515853844,142.86486651446367,131.00848251067126,127.45406748736048,113.28224776500639
2020-12-23,103.42438544449868,99.2701931438104,140.00623841518757,90.03441775961998,122.97146285154969,103.84215662615668,105.86242818494662,134.85476672081964,143.2972985344964,122.90292487466452,128.39316226733368,114.24010217113664
2020-12-28,102.58313597258734,100.45298290384576,141.1937789656831,91.44168073315011,123.1354510443998,103.37487009035009,105.77123525519659,135.36913090776827,143.675675263276,108.62394389950106,129.85334316696887,116.60280970625799
2020-12-29,104.11717735057499,100.69625185590895,142.77120984139745,91.39579349904398,123.29943923724991,104.1121484516925,106.38353490035422,136.9501127349383,145.56756921716638,116.25824844586927,130.61524017214245,119.02937420178799
2020-12-30,104.16666572280849,100.29359825250322,142.15181978034445,90.5391948400902,124.04066907182683,102.58566748168352,105.78425571710095,136.18398713076,147.37837507918076,114.1376039247159,129.68652199888112,121.20051085568326
2021-01-04,105.00791519471984,100.04194535034128,141.49010368709247,88.97896469437141,127.5631322513529,105.34786472822483,107.08701753597798,135.6425548600171,149.81081163561024,121.63054265619648,129.2707097598991,123.5632183908046
2021-01-05,104.31512328864355,100.3942632533451,144.51797671792005,88.00764795015237,128.08789446847325,104.75596475235685,106.81343874672787,139.02379621403844,151.83783866263724,127.33270167015476,131.84522424393242,125.60664112388251
2021-01-06,104.4140924822451,100.52009290440702,144.75636874515746,89.21606235248865,125.08363557980076,104.53789717414527,106.74830661935435,139.30263580004205,155.67567155167862,127.99246498409661,131.56636184296133,126.4367816091954
2021-01-07,103.17695868506209,103.5148078798635,146.00628282352457,92.1682616720692,125.43785167780419,103.02180263810672,105.74517445282005,139.58147538604538,166.02702785182643,128.60509512418272,132.28343998047202,126.18135376756065
2021-01-08,103.3748970722652,105.45256274634653,147.82434739133424,92.96367346214745,120.308296201111,102.59605391565391,105.84939778375835,141.07312446871066,166.24323870684648,127.238457793563,134.6712111613346,126.75606641123882
2021-01-11,102.1377632750822,103.75807683192669,147.15816921637452,91.12810824158998,121.32502299678171,101.80685130698734,105.52370732903911,141.0947870037295,164.37837755357899,129.4533461913081,134.75556561292268,125.73435504469987
2021-01-12,102.78107435979042,104.64726193949694,148.6242074094567,92.13766823763146,120.88553784283782,103.29179446364249,105.73215399091569,142.67035319714506,163.00000371159734,129.73610029220322,136.635702270696,132.12005108556832
2021-01-13,102.1377632750822,102.93599532495583,144.691764176432,90.9139600356268,121.5874041053419,102.98026482475294,105.87544864685098,138.83158659815206,158.10810810810813,128.51084001203105,132.49508001622266,133.9719029374202
2021-01-14,103.32541625089713,104.01812008414926,143.5242817456131,91.89292659723051,121.37094449512136,102.59605391565391,105.91453985041576,138.11419161278684,159.70270311510242,125.63618830034406,131.9000041791368,136.46232439335887
2021-01-15,102.83056273202394,101.367332661636,140.62117701853686,89.25429976921009,119.99344367518039,103.45793779452987,106.16205783728935,135.47199769417048,155.37838291477513,128.98209310166956,129.36781532774407,135.75989782886336
2021-01-19,102.1377632750822,101.55188196319858,142.43254846378494,88.99426432914078,120.66251229911447,102.46105404162213,105.57581899450825,138.20082158290407,157.40540994180213,119.98115122468165,131.8327699413686,134.35504469987228
2021-01-20,101.9398248878791,100.96468545819215,144.80093644221438,87.84703679567997,122.39422921705886,102.05607026458235,105.43251439928906,139.58418824541232,156.10810357171135,119.65127518549066,133.37399285177648,133.33333333333331
2021-01-21,101.54394056260743,99.66445639715553,142.74893130487098,86.04206500956023,122.35487365222204,101.40186752994758,104.96351934935062,138.31993527057037,156.29730224609375,117.38925361388976,131.72571517852987,133.90804597701148
2021-01-22,100.85114865653114,98.9262655908672,144.9702618190186,85.71319288323076,121.72515258588881,100.98649731893738,104.74205222556967,139.90362995710763,155.78378213418495,115.26862032829632,133.19472925367268,127.84163473818646
2021-01-26,101.54394056260743,98.18807478457887,147.8198959336306,84.4512414294037,121.3971762001886,101.94184325849136,105.32829106835078,142.59184163517045,153.99999876280089,125.16493521070551,136.08295206625073,135.95146871008942
2021-01-27,101.44497136900587,97.67637223023247,145.03709742859795,84.74952012129542,121.0167283971179,101.95222969246174,105.00260061363151,139.89279868959807,148.4054049930057,130.06597633139418,133.3017840165114,136.39846743295018
2021-01-28,101.9398248878791,100.27682395234383,145.899341598596,87.41874038375357,120.55756145713758,102.12875945731955,105.26315894097723,140.6914180963048,151.7567608807538,125.54194442375228,134.7658234941573,136.52618135376756
2021-01-29,102.73159353842239,96.84590037320099,146.8150563810584,85.04779881318714,121.1741586637012,102.07684313252314,105.78425571710095,141.12727072127882,147.16216422416068,120.82940229180703,135.39797729778914,139.7190293742018
2021-02-01,102.53364760035385,98.97659489130719,147.6327434780036,86.76864011337835,122.05969490509183,102.9387270113991,106.29233203132027,141.2030694238865,149.59459047059752,134.30725413814096,135.9659362358705,140.29374201787994
2021-02-02,103.52335463810023,99.7064017474968,145.97509074758673,87.0516250056017,120.07215480485405,104.36136740928748,106.82646914791611,140.1608070080924,146.89188776789484,134.07163321110164,135.2115070632161,138.69731800766283
2021-02-03,103.82026976977035,100.94790475807088,143.9097206131283,87.64818238938516,120.18366357309773,104.88057819241826,107.13912920144712,138.3334693124678,150.2702661462732,131.43261366201392,133.62795852016768,140.99616858237547
2021-02-04,103.57284301033374,100.36070825306447,143.51313716534787,88.05353518425846,117.34339287727533,104.77673762029767,106.82646914791611,137.97883102385623,149.540545489337,138.31291101784848,133.25697702139624,140.485312899106
2021-02-05,104.21615409504197,101.33378406131726,144.57812982894185,88.19120272167783,118.78648897435636,105.08825933665946,107.20427126810452,139.1293758598076,154.37837549158044,134.91988427822707,135.09199799781356,140.10217113665388
2021-02-08,103.82026976977035,100.88080115747154,144.02780641832206,87.13575549153023,120.16398979429732,104.03945925895528,106.8004182848235,137.96529698195909,155.081083967879,135.81526851920827,133.68523169039435,143.99744572158366
2021-02-09,103.12747031282858,100.64592255546896,143.99216288468057,87.83938697829528,120.38701533802066,104.04983777039789,106.59197162294691,138.0275616426696,155.8648599160684,133.60038012146313,133.56321751742178,142.0817369093231
2021-02-10,103.42438544449868,99.78189569815682,145.11730865929638,85.62141257991756,120.7346655025213,103.6137026139747,106.70922535507346,139.18623497174244,156.45945780986062,137.18190584982796,133.87196312101736,136.52618135376756
2021-02-11,103.6223238317018,100.57881255490769,145.3401152725689,85.90439747214089,119.70482285431699,104.65212418023626,106.53985995747774,139.3161698419392,156.02702578982792,135.1555164408263,134.07613532424878,138.18646232439335
2021-02-12,103.32541625089713,100.79691685675087,144.9457522416383,85.87380403770315,119.48835523686043,104.15368626504626,106.0057327801658,138.6772864185486,156.75675675675674,137.22902778812386,133.59060748502395,137.61174968071518
2021-02-17,103.22644705729557,101.44283301225792,144.61600440343722,86.05735880922862,116.17579374128812,103.30218089761291,105.70609318853916,137.01508017003673,159.51351475071263,151.69651898759065,133.69020628789124,141.25159642401022
2021-02-18,103.27592787866364,100.32715325278383,145.0972611636238,84.4512414294037,116.32666608160463,104.00830787957189,106.50077869319688,138.328053678713,161.1351322483372,145.24034154753883,134.6961078939145,140.54916985951468
2021-02-19,102.58313597258734,99.7064017474968,146.144426748395,84.56596534976995,116.48409634818793,103.40602146973347,105.99270237897753,139.0210934396506,164.86486486486487,144.62771140745275,135.09447936028812,138.63346104725417
2021-02-22,101.74188650067597,94.95847480715796,145.24653904475542,79.98470503331141,118.51098400602658,102.00415393978595,104.82021475413144,138.17104063974259,164.94594264674834,139.1611733205338,133.97156192388462,140.74074074074073
2021-02-23,101.24703298180277,97.23177967644736,148.07165295798302,82.98279158699809,118.36011967294604,101.39148109597716,104.80718435294318,140.86738081092713,166.2162162162162,135.6738914687607,136.03066536606866,141.44316730523627
2021-02-24,100.55423352486103,97.62603652983056,147.22946690766156,82.42447161993607,117.83535745582567,100.62305135525138,104.23397591135033,139.86573060580378,170.13513719713367,134.49576436244433,135.4380827640051,142.84802043422732
2021-02-25,100.75217946292958,94.65648620459412,146.51204916109145,80.76481718862034,116.39226135874468,100.21806757821162,104.22094551016208,138.08982630338014,162.89189312909102,130.8671054602237,134.52590304972506,141.69859514687099
2021-02-26,100.85114865653114,92.47546238604787,149.78054526001029,78.77629063097514,113.35519682426616,100.12460551753361,103.98644798519285,140.6860024625503,162.02702908902555,130.5843513593286,137.6397398867264,141.89016602809704
2021-03-01,99.86144161878474,92.93683563995427,150.55143361904467,78.0114722753346,112.9878648737291,99.54309197563602,103.69983879475448,142.28323119098468,166.45945987185917,130.8671054602237,139.37205145277244,139.84674329501917
2021-03-02,99.168642161843,94.13639970014898,151.35797613572464,80.35946439374702,113.6831732099664,99.34578934283745,103.29598581147346,142.88692812243812,167.08108025628167,133.7888791102066,140.44517542401618,143.23116219667943
2021-03-03,98.6737886429698,93.83441109758515,152.75717871922745,80.42065126262248,112.51558208121514,98.45274616205026,102.91818369128505,143.88857832756148,167.56756756756758,132.70499588048196,141.30168476201243,140.54916985951468
2021-03-04,100.9006294778992,94.99202980743857,150.7853848125825,81.1472263664406,111.52508699061168,100.72689192737198,104.31213843991212,142.02062842126608,164.86486486486487,129.40622425301223,139.86752848699103,139.52745849297574
2021-03-05,101.69239812844249,97.22338932638674,151.06165141431524,83.13575292408582,111.38078058379797,101.81723774095775,105.25012853978899,142.14515774268716,171.75675469475823,127.2855797318589,141.1323822314501,143.55044699872286
2021-03-08,101.54394056260743,92.60968238717044,151.0282389215276,79.02868208876075,110.04919325496066,101.21495133111938,105.08077308147719,142.18576995335792,170.00000412399706,125.54194442375228,141.66022383076776,144.3167305236271
2021-03-09,99.82185243117104,93.93507609842706,155.04979630065804,79.74760737519419,112.60085113715563,100.40498377703979,103.97341758400461,145.98662711606826,171.78378749538112,125.44768931160061,146.2689450244052,143.55044699872286
2021-03-10,100.85114865653114,95.16818875894052,153.73081557185773,81.07074569789675,112.92226959658905,100.4672865358066,104.22094551016208,144.57078682098975,166.10810563370987,126.86144858051622,144.44885971302628,139.91060025542785
2021-03-11,101.84085569427754,96.80396142282162,150.63832734830066,81.87380730535969,112.97474902119546,100.97611088496696,104.85929601841232,141.5712417543952,169.64864988584776,125.7304434124957,141.20209783169287,141.7624521072797
2021-03-12,101.29651380317084,96.09093526675329,147.7240886649632,80.85659749193356,112.79107904230897,100.4672865358066,104.54663596488135,138.02214600891483,169.02702950142526,122.52591566161774,137.808425044807,140.29374201787994
2021-03-15,101.44497136900587,96.90462002370161,147.7820213591352,81.74378375022405,113.40767624887258,101.28764052385657,104.39030096847388,137.85701456180206,168.10811017010664,117.05937757469876,136.8213414269283,140.35759897828862
2021-03-16,101.19754460956929,96.00704456607076,149.13442520472722,80.19120342188994,113.51918501711626,100.98649731893738,104.937468486258,139.26473644873795,172.05405364165435,120.7351584152153,139.79283828925136,141.57088122605364
2021-03-17,101.44497136900587,98.3138980356789,149.05644501488266,82.37858438582994,113.26992776832567,100.98649731893738,104.80718435294318,139.6058406954521,174.89188941749367,119.13290015755626,140.01443939254347,142.52873563218392
2021-03-18,101.59342893484093,96.72007712210096,148.9873677404454,82.66156927805329,113.62413585909314,100.53997572854378,104.68994056010052,138.77745043056296,172.97297297297297,116.91800052425123,139.0110191489948,139.59131545338442
2021-03-19,99.6634956807162,97.83575048161313,147.554763288159,84.4359476297353,114.22761721312315,99.68847036111042,103.96039712210023,138.1602093722333,168.7567530451594,119.46277619674723,138.40350088189282,142.4648786717752
2021-03-22,99.51504566574658,96.77879677260162,145.50052710996172,83.99235158303956,113.9914758168662,98.39044340328346,103.3090162126617,136.56569350316585,166.94594718314505,121.67766459449234,136.78168711752588,140.22988505747128
2021-03-23,98.9212154024064,95.58761666250564,146.3070696266417,83.06692207292663,113.1321712805428,98.56697316814126,103.24387414600432,136.98259645248766,162.9189156197213,118.19038274271927,137.0788926047325,140.80459770114942
2021-03-24,98.03048510912699,94.53904690359283,145.55845980413375,81.52963554426087,113.67005735743277,97.87123262015267,102.73579783178496,137.71082270536218,165.162163811761,118.6616358323578,137.44988597605166,141.3154533844189
2021-03-25,98.12945430272855,95.67150736318816,147.8867315432099,82.98279158699809,113.1452951403124,98.33851915595928,102.91818369128505,139.860314972049,165.378374666781,121.11215639270215,139.9198151871731,139.59131545338442
2021-03-26,98.7232770152033,96.84590037320099,148.13626815071254,82.80688079775634,113.62413585909314,98.83696499367704,103.21782328291167,140.04440617979276,170.27027027027026,120.49952625261606,140.6368933246838,141.12388250319285
2021-03-29,98.4758502557667,97.1898343261061,151.21092929544687,83.05927225554196,112.30567239002542,97.97507319227327,103.17873207934689,141.84196293225617,171.89188776789484,121.86616358323579,143.2263434737555,139.6551724137931
2021-03-30,98.87173458103834,98.40617268646018,151.52062963797536,84.3365175090374,110.45588877757051,98.80581361429364,103.51745293525441,142.47272794750415,172.97297297297297,123.60979889134236,143.9334605437247,137.73946360153258
2021-03-31,98.97070377463989,98.19645873467763,150.6895775439151,83.73996012525393,112.41718916550509,98.81620004826405,103.49140207216179,141.59560706380162,171.08107901908255,122.90292487466452,143.7043916079134,144.12515964240103
2021-04-01,99.36658809991155,97.00528502454353,147.1024675630564,81.83556405353728,113.25024598228927,99.16925957797963,103.66075753047359,137.63232122836664,170.0810819058805,124.36380608187602,140.21113189070797,142.9757343550447
2021-04-05,98.77276538743678,99.0017595415272,149.70033402931185,83.10516532474904,113.2830436208593,98.48389754143365,103.62167626619272,139.68976789118145,174.16216876055742,118.33175979316684,142.18558406761085,141.3154533844189
2021-04-06,98.87173458103834,99.1695345429304,149.2970680829739,82.8221804325257,114.23417513938996,98.47351902999104,103.37414834003522,139.1591568029688,177.02702702702703,115.73987341793486,140.99295103096458,141.57088122605364
2021-04-07,98.37688106216514,99.1946991931504,148.06943254113324,82.53155155801865,114.1423401499467,98.39044340328346,103.21782328291167,137.92739763065524,179.72972972972974,118.75589094450949,139.26250345491138,143.16730523627075
2021-04-08,100.10886837822135,99.62251744677617,148.4014007961841,82.98279158699809,115.23778608252707,99.8338487465848,104.038559650662,138.30640122867322,180.1081064585093,118.85014605666116,139.7330837565501,148.08429118773947
2021-04-09,100.10886837822135,99.05209524192911,147.74636720148965,82.76864338103489,114.35224984113643,97.59086228317429,103.51745293525441,137.86243019555684,182.6216207968222,119.0386450454046,138.6001933800574,147.4457215836526
2021-04-12,100.10886837822135,100.08388430072065,150.56034715845607,84.13001912045888,113.5585405819531,99.10695681921283,103.43929040669263,140.11749202303378,183.94593934755068,120.68803647691941,141.40625816237656,145.33844189016602
2021-04-13,98.87173458103834,100.4445925537851,152.09322096111754,83.82409061118248,114.5424697390538,98.43198121663725,103.13965081506599,141.87986228356,186.21622034021325,123.42129990259893,142.72339860701774,148.14814814814815
2021-04-14,98.82224620880484,101.40088766191661,152.2135378071652,84.35946696119143,113.80124791171286,97.99584606021409,103.06148828650423,142.07477467383424,189.21622198981208,123.37417796430306,142.32750850311868,151.72413793103448
2021-04-15,98.97070377463989,101.5434980130998,150.87896104039598,84.05353845191503,115.80190386448426,99.16925957797963,103.4523208078809,140.55876028176232,190.70269610430742,125.25919032285717,140.74894643011487,150.70242656449554
2021-04-16,99.56452648711463,102.15585916832623,149.69142048990045,84.6500958356985,116.69399803214169,99.44962991495801,103.89525505544282,139.81429721260255,191.62162574561867,126.29595161428593,139.80528071926744,149.55300127713923
2021-04-19,99.81195324655123,101.8538705657624,149.10768458649304,83.74760994263862,116.06428497304444,99.8338487465848,104.038559650662,139.07794246660634,193.37838662637245,129.54760130345977,139.07825338676295,151.213282247765
2021-04-20,98.87173458103834,101.05696010897343,148.73561071609294,83.05927225554196,116.582489263898,98.72273798758606,104.61177803153873,138.86678317506804,190.9189172693201,128.51084001203105,138.06985854571738,154.9169859514687
2021-04-22,99.96041081238629,100.55364790468768,149.27700996329725,82.67686307772168,116.8383044389554,99.68847036111042,105.26315894097723,139.5327447672323,193.7837755357897,129.54760130345977,138.63256981770417,166.1558109833972
2021-04-23,99.96041081238629,101.5854369634792,145.65425644879704,84.66538963536688,116.56280747786158,100.1038405721206,105.5888493956965,136.47094512490597,193.3243210251267,128.65221706247857,135.52772049933085,167.43295019157088
2021-04-26,99.96041081238629,101.70287626448047,147.5146576728098,84.56596534976995,116.7071138846753,99.59501622296023,105.53673773022736,137.4373987531133,196.91892056851773,131.47973560030982,136.3742687697856,173.81864623243933
2021-04-27,99.96041081238629,100.67947115578768,146.2535990141774,84.08413188635276,116.62840275500163,99.7196217404938,105.49765646594646,135.98636188111882,196.75676500475086,135.3911373678656,135.33101612861864,177.6500638569604
2021-04-28,100.25732594405639,102.0719748676056,146.7794128474169,86.61567877629062,116.31354222183504,100.2284460896542,105.51067692785084,135.69127539385116,195.4054136533995,137.84165792820994,135.72193163502078,175.28735632183907
2021-04-29,100.45526433125949,101.19956406019472,144.3620163382309,84.98661777941265,115.97900790986799,100.3115217163618,105.49765646594646,133.26295362614002,195.5405364165435,137.18190584982796,132.99305028546354,179.31034482758622
2021-04-30,99.6634956807162,100.08388430072065,144.10578660816665,84.68833908752092,115.92653649249753,99.82346231261438,105.43251439928906,132.6782063703385,193.108099860114,138.12441202910503,132.8685547500164,189.01660280970626
2021-05-03,99.7129840529497,100.3858729032845,145.5138921070768,85.65965583173997,117.50738107012546,99.35617577680783,105.19801687431985,134.74377144129573,187.86487063846073,139.77380346061986,135.4405759990274,187.03703703703704
2021-05-04,98.62430782160175,99.33730314437169,146.05308156143536,83.47992468518464,116.48409634818793,98.84735142764744,104.72902182438139,134.94681232469165,189.1891891891892,139.82092539891576,135.40073172886142,190.22988505747128
2021-05-05,99.11916134047493,100.88918510757023,145.64089145168197,84.4359476297353,117.02853234410873,98.75388936696943,104.89837728269322,134.76542389133547,193.21621044262037,138.45428806829602,135.51277296174476,192.40102171136655
2021-05-06,98.6737886429698,101.04017940885217,143.1210051752711,84.37476076085983,119.08822564775336,98.65004879484886,104.85929601841232,132.632178525913,196.1891792915963,137.98303497865749,133.27440592145692,193.99744572158366
2021-05-07,99.36658809991155,102.92760497489519,141.7574673734179,85.71319288323076,120.11151036969088,98.99272981312183,105.10682394456981,130.91854896917894,198.51350526551943,139.3967942475731,131.3007135876085,197.38186462324393
2021-05-10,99.31709972767804,102.67595207273325,141.8198515252936,86.30975026701422,120.53132174483436,98.96157843373842,104.95048894816237,130.6342937494208,198.91891479492188,138.1715339674009,130.35628803370665,191.06002554278416
2021-05-11,100.55423352486103,103.5148078798635,141.2182885430634,86.30975026701422,120.4263709028575,100.03115137938339,105.08077308147719,129.90877027093387,201.75676088075377,139.25541719712552,130.0251389325535,193.99744572158366
2021-05-12,99.36658809991155,100.83046545706962,141.25616311755874,84.16061255489663,119.55395051400049,99.38732715619123,104.85929601841232,130.0062315085607,197.70270682669974,139.9151805110674,130.0002421999736,193.48659003831418
2021-05-13,99.7129840529497,101.61060161369919,142.66872007417254,85.9961777754541,119.63266965091013,99.81308380117183,104.70297096128877,130.915836109812,192.6756781500739,140.10367949981085,132.03943537962235,183.65261813537677
2021-05-14,99.86144161878474,102.80178172379517,142.75784484428237,87.12810567414556,120.55756145713758,100.20768114424119,105.04168187791241,131.20550696332518,187.99999340160474,139.53817129802064,132.15396984752797,174.96807151979564
2021-05-17,100.65320271846258,103.54836288014413,142.56400989009788,87.18929254302104,122.49918005903575,100.48805148121957,105.08077308147719,130.38523510657868,193.18919826198268,146.51272376600687,131.2028363041614,166.66666666666669
2021-05-18,99.7129840529497,103.53997253008349,142.7333352669021,87.41874038375357,122.51886184507215,100.62305135525138,104.95048894816237,130.64782779131795,194.21621786581505,141.9415699200691,131.25264164186888,168.1353767560664
2021-05-19,99.2181305340765,103.38058787874094,143.1789378694431,86.84512661702317,123.40439808646278,99.885772993909,104.67691015891225,130.7831883802486,192.16215803816513,139.67954834846822,130.9538571058148,168.1353767560664
2021-05-20,100.10886837822135,103.30509392808094,143.87852853719042,88.48948141356956,123.4371957250328,100.62305135525138,104.937468486258,131.48704932371638,187.29730554529138,137.84165792820994,132.1614376800472,169.73180076628353
2021-05-21,100.20783757182288,103.42253322908222,143.81169292761112,88.45124399684812,123.10265340582977,100.6542027346348,105.19801687431985,131.3679356360501,186.83783041464318,136.94627368722877,131.49664624271858,168.45466155810985
2021-05-24,100.10886837822135,104.58015193893566,145.46710399317007,90.14149186260157,123.62085769668332,100.20768114424119,105.01563101481976,133.26295362614002,186.48648648648648,136.0037675079517,133.50098162224592,167.87994891443168
2021-05-25,100.10886837822135,103.74968648186606,144.69398459328178,88.79540992284596,124.50639393807394,100.59189997586802,105.40646353619643,132.26400619540428,182.43243243243242,137.27616096197966,132.42287118095757,158.42911877394636
2021-05-26,99.96041081238629,104.43754798771438,145.41586442155963,89.67495219885278,124.71630362926369,100.77881617469617,105.35435187072729,132.632178525913,184.054049930057,140.62205452774523,132.72663031450853,159.514687100894
2021-05-27,100.85114865653114,104.90730519171952,144.19045992057283,89.75143286739663,124.34896367149064,101.19417846317857,105.77123525519659,131.6873773477454,186.40540870460305,139.3967942475731,132.22368544777078,169.73180076628353
2021-05-28,100.71259027531589,105.91393600025295,142.23426205189676,90.63097514340345,124.79501475893736,101.77569992760398,105.73215399091569,129.12369499110366,184.29730389569258,140.7163096398969,130.42352227147484,167.7522349936143
2021-06-01,101.44497136900587,108.04463051835916,142.13177228467188,92.39005969541707,124.82125447124058,102.08722164396575,106.40958576344684,128.98021599403066,187.54053889094172,146.27710283896758,129.88570773206794,175.92592592592592
2021-06-02,102.23674001954916,109.22742027839449,140.12655526123524,92.57361446694252,125.12299114463758,102.72065943318754,106.74830661935435,127.32072260488545,187.0810843802787,144.91046550834784,128.22000115876065,172.41379310344826
2021-06-04,103.47387381673217,109.56295748127707,137.14770138516826,94.4627167389908,123.96195794215316,103.82139168074369,107.5950938501973,124.62167965931334,184.86486898886193,145.9472155642167,126.39244801486254,174.39335887611747
2021-06-07,102.63261679395539,110.12498933606348,136.81795354696717,94.8757193512488,124.42112488213348,103.55139985520789,106.98280414432358,124.59189871615186,184.054049930057,144.67483334574862,125.60316104208675,173.4993614303959
2021-06-08,103.32541625089713,109.29451747903197,137.0006545448905,93.53728722887786,124.11938020150049,103.77985386738987,106.64408328841606,124.9871492154339,181.24323664484797,147.40810800698807,125.61809670712513,173.69093231162196
2021-06-09,103.52335463810023,109.3700242296158,136.49711924817748,94.27915613236436,124.18497547864054,103.66562686129888,106.16205783728935,124.51880278793203,183.35134145375844,147.45522994528395,125.36164967625938,176.4367816091954
2021-06-10,103.22644705729557,109.68039678227835,137.2969792662999,94.08030756117054,124.25057075578059,103.5410134212375,105.65398152307002,124.9925547642096,184.32431607633023,148.39773612456102,126.02394787856568,178.544061302682
2021-06-11,102.80087272903002,109.16869422793197,137.04298057708954,93.30783938814533,123.1485749041694,103.31255940905548,105.65398152307002,125.10084726934569,186.21622034021325,155.32516665425138,125.84965887795876,174.8403575989783
2021-06-14,102.880043553392,109.63845143193707,137.9319653653218,93.43021312589627,122.26959658904559,103.7071646746527,105.84939778375835,126.25951051343942,184.18919331318625,157.96418620333915,127.405817453405,168.39080459770116
2021-06-15,102.78107435979042,109.68039678227835,136.59069547599097,94.02677050967972,121.64644145621514,103.3852486017927,105.44554480047732,124.45112249346673,182.10810068491344,152.6861471051636,125.95173904330062,170.49808429118772
2021-06-16,102.33570921315074,108.94219957602813,136.21415952388313,95.27342232873745,121.97441784191538,103.71754318609527,105.52370732903911,124.03963517789967,176.7567608807538,153.204522133098,125.58323890700376,171.9029374201788
2021-06-17,102.08828245371413,107.86846516689532,134.9776104426311,94.93690038502329,116.35290579390785,102.69989448777453,105.19801687431985,123.50632131529915,171.5135110391153,153.2987772452497,125.84467240791415,161.68582375478928
2021-06-18,100.30680676542443,108.04463051835916,132.8699142759736,94.17208202938275,115.96589205733436,100.83073249949257,103.725899597131,122.90533724321237,175.10811058250633,151.5080087632873,124.67693610384775,167.3690932311622
2021-06-21,101.34600217540435,108.97576097627066,134.4495761925418,93.69024856596559,116.87766801102822,101.76531349363356,104.22094551016208,125.19018001385078,178.89189849028716,150.3770035952668,126.88295045158422,168.39080459770116
2021-06-22,101.09857541596774,108.59827842304684,133.00804757683997,92.8489495417812,116.51689398675795,101.21495133111938,103.85617379116192,122.95677063641361,179.37838580157305,153.534398172289,124.8188605393556,168.5185185185185
2021-06-23,101.09857541596774,108.29628982048298,131.80269057152574,93.27724595370758,116.91046564959824,102.01453245122852,103.96039712210023,121.27832757161676,180.62162657041807,157.06880196235795,123.42453666195247,169.66794380587484
2021-06-24,101.642909756209,109.09320027727193,131.93192095698478,92.5277272328364,116.47097248841834,102.67912161983371,104.41636177085041,121.09423636387302,183.48648483688768,161.07445884206544,123.62621563016158,166.85823754789274
2021-06-25,101.79136732204404,107.35676901251084,130.53941149604358,90.4015273026709,116.53656776555839,102.71028092174492,104.4554430351313,119.89767376847544,182.21621126741977,164.75023968258196,122.31904812560965,162.57982120051088
2021-06-28,101.69239812844249,107.30643331210894,130.2497692731917,90.47801380631572,116.73335359697852,102.69989448777453,104.29910803872384,120.06010244120036,182.97296472497888,170.45240993210012,122.38627049083013,172.54150702426566
2021-06-29,101.9398248878791,107.25610401166892,130.83350517659912,90.73039942900036,115.63135774536732,102.79334862592471,104.31213843991212,120.53656727684485,185.56757746516047,171.06504007218624,122.62031402413831,177.3946360153257
2021-06-30,101.34600217540435,106.93734110894573,131.34149193101578,90.24856596558317,116.1561199624877,102.07684313252314,104.41636177085041,121.35142349983659,184.5405372413429,172.0075462514633,123.3747431967927,183.90804597701148
2021-07-01,101.39548299677239,105.96426530069294,131.20781008785306,89.10133843212236,116.49065427445473,102.67912161983371,104.87232641960058,121.04821860442654,183.7837837837838,172.52592127939766,123.72581443302886,183.8441890166028
2021-07-02,102.1377632750822,107.45743401335275,133.15509441711774,89.71319545067517,116.93013942839865,103.0633404514605,105.10682394456981,122.41262550630381,185.64865524704393,174.36381169965597,125.61566283484147,178.0970625798212
2021-07-06,101.98931326011258,105.50289204678653,134.4740857699221,88.29827682465942,117.64512955067235,102.48182690956291,105.3152606671625,124.17499576683002,184.62161502322635,171.3949161113772,126.69518610930912,167.56066411238825
2021-07-07,102.3851900345188,107.03799970982573,136.80904000755578,89.10133843212236,118.1698917677927,102.29491071073475,105.52370732903911,127.15829393216053,187.02701877903294,169.46277057896725,129.355372897728,166.66666666666669
2021-07-08,102.3851900345188,105.62872169784848,137.4172854883435,88.13002168790332,118.04525913977943,102.8037350598951,105.19801687431985,128.00293109831372,186.08107695708404,173.79830349786576,130.2492332708679,162.96296296296296
2021-07-12,102.53364760035385,107.49936656377021,138.388701924124,90.17208529703932,118.4322728763529,102.8037350598951,105.39343313500818,129.16700997616226,189.1891891891892,176.67295520955275,130.91402470819654,170.94508301404855
2021-07-13,101.84085569427754,108.09495981879915,136.69541628406972,90.55449447485958,118.68809605864628,102.37797841491452,105.2110472755081,126.92276933121553,189.3243325723184,174.17531271091252,128.7926616257412,172.92464878671777
2021-07-14,101.9398248878791,108.34661912092298,135.3987034677918,91.29636921344706,119.66546728948015,103.0841053968735,105.52370732903911,126.36238738482074,187.29730554529138,172.47879934110185,128.53620272232772,174.4572158365262
2021-07-15,102.33570921315074,107.3987079628902,133.62966867874678,90.78393648049116,119.93440632430715,103.01141620413632,105.75820485400831,124.77598992389561,187.35135052655195,170.31103288165258,126.233094679294,144.12515964240103
2021-07-16,102.90974110725135,106.22430855291549,134.43174911371904,89.15487548361317,119.02263037061331,103.73831605403609,106.14903737538499,126.00774909620944,182.6216207968222,173.13855141948375,127.23152845279809,142.01787994891444
2021-07-19,102.92953192562548,104.87375019143886,134.46739264736053,88.35946369353489,118.64217456030666,103.84215662615668,106.26628116822765,126.0294015462492,180.7027043523015,178.08671447846834,127.365973183239,142.01787994891444
2021-07-20,103.67181220393529,105.82166134947164,137.91636932735287,89.40726694139877,118.78648897435636,103.94599719827728,106.37050449916595,129.75987564010615,183.135140908731,182.6578683244061,130.73972383504187,146.04086845466156
2021-07-21,103.22644705729557,106.11525960197486,136.96500038724494,89.27724922136413,118.26172675723599,104.03945925895528,106.37050449916595,128.55789741095404,185.16216793575802,186.56928132752185,129.96787763487453,146.04086845466156
2021-07-22,103.32541625089713,106.34174785391677,136.22752452099817,88.94837709503464,118.39947523778287,103.63447548191549,106.21416950275851,127.33696950614977,185.0540573532517,188.6427814392595,129.15618716454117,144.18901660280972
2021-07-23,102.63261679395539,105.46934344646782,136.33224532907693,88.35946369353489,118.16333384152591,103.5825512345913,106.20113910157023,127.79989021491807,184.1081155313028,191.32893416220307,129.46243953311443,139.78288633461048
2021-07-26,102.73159353842239,106.28302820341615,135.76632588048824,89.10133843212236,117.9862217889062,103.82139168074369,105.92756031232014,127.2801103942147,189.05404580605995,193.30821286846881,129.42010202792613,140.42145593869733
2021-07-27,101.74188650067597,105.09185449328207,136.07379518216288,88.68068600247969,118.03870121351264,102.8037350598951,105.88847904803924,126.90923528931839,184.64864782384925,187.1347782937521,128.85988399096166,140.16602809706256
2021-07-28,102.1377632750822,106.45080320481932,136.0626612259017,89.13958168394478,118.03870121351264,102.84527287324892,105.52370732903911,127.43713351816415,185.78377801018792,190.57493820722934,128.70302389041544,140.29374201787994
2021-07-29,102.03879408148065,105.85521634975228,134.9419669089896,89.06309518029997,120.11806829595768,103.02180263810672,105.99270237897753,126.00503623684251,187.10811718090162,191.2818122239072,127.3510375182006,142.52873563218392
2021-07-30,100.95011785013268,102.72628137317325,134.5431524203553,86.80688336520076,118.89799774260001,101.6303215421296,105.08077308147719,125.69912856704461,181.32431442673143,184.44863680636848,126.49452818020437,139.7190293742018
2021-08-02,101.54394056260743,103.26314857773966,137.78268748419015,87.61758895494744,119.25877176687027,102.00415393978595,105.27617940288161,128.52270083403778,180.97297049857474,185.43826492394143,129.68901523390343,142.72030651340998
2021-08-03,101.9398248878791,104.24460833609119,136.84023208349362,88.54301846506036,118.73400954974991,102.23260002944015,104.98957021244324,128.20054626297582,183.45945203626476,189.77379784283994,128.8399737284264,140.6130268199234
2021-08-04,101.9398248878791,102.61723242223262,137.37941091384815,86.34799351883665,118.76024926205314,101.58878372877575,105.74517445282005,129.07496437229025,184.78379120697846,195.94722118199664,129.39272393287166,139.39974457215837
2021-08-05,100.12865919659548,102.63400672239197,136.2654097194976,85.96558434101638,118.40603316404967,101.17341351776557,104.2469963732547,127.76740649736873,180.0810736578864,195.0989588793113,128.68062039285786,141.95402298850576
2021-08-06,100.55423352486103,103.6154664807435,138.24165508384624,87.94646108127687,115.44768776648083,100.93457307161317,104.50755470060045,129.36463522580314,180.7027043523015,195.0989588793113,130.59781127208174,141.7624521072797
2021-08-09,99.76247242518318,103.6154664807435,137.43734360802014,88.3059266420441,113.04690222460232,100.93457307161317,104.31213843991212,128.55248177719926,182.3243218499261,191.32893416220307,130.26914353340317,140.54916985951468
2021-08-10,99.56452648711463,103.06182497601775,136.7733964739143,87.18929254302104,113.40111832260578,100.51921078313077,104.28608757681947,128.39005310447436,183.32432927312078,192.6955827283827,130.2641689359063,140.29374201787994
2021-08-11,99.168642161843,102.83533032411391,135.42989554372963,86.76864011337835,114.81797470738357,100.20768114424119,104.29910803872384,126.99315240006872,183.7837837837838,191.2818122239072,129.18108389712103,142.0817369093231
2021-08-12,98.6737886429698,101.62738231382048,136.46815821309352,84.03823881714565,114.7261397179403,99.68847036111042,104.12975258041203,128.00021823894681,181.94594512114654,185.34402104734968,129.92555200223396,144.82758620689654
2021-08-13,97.68408160522341,102.18941416860687,137.28583468603466,84.7036328871893,116.44473277611512,98.46313259602066,103.32203667456608,128.7825907443895,181.48649061048351,181.95099430772825,130.77210027268868,145.14687100893997
2021-08-16,96.89232050554554,100.57042220484705,137.7715429039249,83.12045912441742,117.21220232299525,97.61162722858728,102.43615824015835,129.58661569987194,179.56757416596284,185.95665118743577,130.65507256976073,144.25287356321837
2021-08-17,97.58511241162185,99.33730314437169,137.97652243837467,82.30975353467078,117.08756969498195,97.2689462103143,102.91818369128505,130.2607057851576,175.89189684068836,180.8199779041479,130.9588317033117,142.59259259259258
2021-08-18,97.58511241162185,98.43972768674081,138.0678676253343,82.30975353467078,116.86454415125863,96.61474347567952,102.09744732353472,130.80213805590049,172.08107613228464,181.52686315638562,131.82032751135253,143.48659003831418
2021-08-19,96.49643618027389,98.77527128958529,140.244641066429,82.91396073583891,116.77270916181534,96.67704623444631,102.21469111637738,132.56449823144766,167.56756756756758,180.4901018649569,133.91927522370256,140.485312899106
2021-08-20,97.28820483081718,99.58057209643488,140.79050239534106,82.90631091845422,116.82518858642177,97.81930837282849,103.3090162126617,133.52284353649145,168.4864868988862,181.47974121808974,134.80317452930097,137.61174968071518
2021-08-23,96.793351311944,98.85915559030593,140.06640215021343,83.03632863848888,118.2814005360364,97.70508136673747,103.17873207934689,132.5861607664665,168.6486527726457,185.90951801357997,133.92923629124405,137.42017879948912
2021-08-24,97.88202754329194,101.43444266219728,140.72811824346542,84.7418761390117,118.4388308026197,98.89926775244382,103.43929040669263,132.78920164986218,174.78377883498732,183.60037450368318,133.95163978880163,139.08045977011494
2021-08-25,98.57481944936823,101.75321196488238,137.31702676197247,84.26003684049356,117.29747137893571,99.48078921686921,104.48149389822392,129.41877139339223,176.40539633261193,183.64750767753898,130.61274693712014,140.80459770114942
2021-08-26,99.14885134346886,100.00839035006064,136.64194567160547,83.1281089418021,117.5598524874959,100.2388325236246,104.78113348985055,128.23032720613705,174.10810315931164,197.1724814621688,129.7462765315824,141.18773946360153
2021-08-27,99.84164324954514,101.82031556548175,137.51309275701087,85.08604206500956,119.1603788511602,100.363445963686,105.13287480766242,129.17784124367157,176.7567608807538,205.9377911765575,130.75715273510258,142.52873563218392
2021-08-30,99.61401485934815,100.91435615775212,136.5817819365796,83.762903742307,118.66185634634306,100.60227848731056,105.01563101481976,128.2032591223425,176.0000074231947,202.87464047612707,129.54210432835097,137.9948914431673
2021-08-31,98.60450945236214,100.01678070012127,136.17405390853392,84.21414960638742,119.05542800918334,99.16925957797963,103.89525505544282,127.59956219088906,173.64864864864865,206.2676672157485,129.0466272941324,136.39846743295018
2021-09-01,98.59461781860784,100.57042220484705,135.46108761966747,84.84130042460862,118.93079538117004,99.16925957797963,102.6576353032232,126.65746378710934,173.89188199429898,217.4834974904815,128.21004009121916,131.67305236270755
2021-09-02,98.1789351240966,98.27195908529951,136.73774231626874,82.08030569393821,118.64217456030666,98.65004879484886,103.96039712210023,127.52105062891445,172.270274806667,218.70875777065368,129.08895292677298,131.8646232439336
2021-09-03,98.64409863997588,98.2887333854589,137.02293308141697,81.35373059012011,120.09839451715727,98.13083801171807,103.97341758400461,127.58873092337979,172.16216422416068,222.0546625719792,129.0192373265302,129.757343550447
2021-09-08,97.1892280863502,95.67150736318816,136.35007240789972,78.31740078461101,117.46145957178584,98.13083801171807,103.66075753047359,126.88486997991171,168.675675263276,231.57399071246147,128.71547819297925,127.26692209450829
2021-09-09,96.9418013269136,97.35760292754738,140.05525756994817,79.92351816443595,117.90095273296572,97.71546780070788,103.68680839356624,130.6559461994606,168.9999967008024,237.08766197323624,132.47515788113967,126.69220945083015
2021-09-10,98.4263618835332,96.23353921797457,136.85805916231638,79.80114442668498,117.38930636837898,98.84735142764744,104.22094551016208,128.14641009538676,168.91891891891893,232.70500711604188,129.38524422780475,128.41634738186463
2021-09-13,98.82224620880484,98.3138980356789,138.01662805372388,80.66539290302343,117.54673663496229,99.20041095736303,104.35121970419299,129.21844336936323,169.32432844832138,246.51272376600687,130.64263013974465,126.88378033205619
2021-09-14,99.06967296824143,98.00352548301632,137.12542284864185,80.52772536560408,118.37979345174648,99.09657038524243,104.87232641960058,128.30612590874497,168.78378584578232,247.8793723321865,129.8010564667868,128.4802043422733
2021-09-15,98.77276538743678,97.16466967588607,137.70470729434558,79.946461781489,117.5729763472655,99.06541900585904,104.46847343631956,129.2644712137888,167.29730142129432,257.30443412495714,130.44095117153552,136.2707535121328
2021-09-16,99.7129840529497,95.96510561569137,137.45739110369271,79.88527491261354,115.09347166847736,99.68847036111042,104.92443808506972,129.26175835442186,159.837836188239,251.41376488669556,130.01269650253738,135.24904214559388
2021-09-17,98.32739268993164,93.95185039858643,137.70024521263787,78.00382245794992,114.75237943024352,99.53270554166562,104.61177803153873,129.62993068493057,153.10811223210516,240.57493258944936,130.88663474059433,134.6743295019157
2021-09-20,98.37688106216514,91.84632053070018,138.09683928442234,75.56405587132528,115.56576246822729,98.49428397540404,104.28608757681947,130.20114389883466,148.4054049930057,234.919895513787,131.70579304344687,133.26947637292466
2021-09-21,98.9212154024064,92.86133528933237,139.04373551881847,76.2906309751434,116.49721220072155,99.70923530652341,104.63782889463135,131.6630120383387,148.18919413798562,226.43731742917356,132.53989888388554,132.05619412515964
2021-09-22,98.62430782160175,94.5558276037141,137.57547690888651,79.31166114588314,116.5431256918252,98.77466223491027,104.74205222556967,130.69385563574346,153.29730059649492,226.43731742917356,131.18790063912297,134.2273307790549
2021-09-23,98.7232770152033,96.22514886791393,137.65345709873108,78.99808865432301,114.64086265476385,98.67081374026185,104.4554430351313,130.33650448776527,157.6216207968222,234.4957531268844,131.6559995782871,135.1851851851852
2021-09-24,97.95130673389957,95.56245201228563,138.6493831118919,78.56979224239663,114.77205320904396,98.97195694518105,104.12975258041203,130.09014861931098,156.43243531923036,242.2243127854043,132.00955217699783,134.54661558109834
2021-09-27,97.95130673389957,95.59600701256626,139.1818794436889,79.23518047733927,114.79173499508035,98.92004062038467,104.09067131613115,130.45291540104373,157.6216207968222,268.89726237717707,132.88349041505475,137.80332056194123
2021-09-28,97.95130673389957,92.76906063855108,140.41396644323322,76.67304015296367,113.86028526258609,98.58774603608205,104.11672217922379,131.495167731859,150.32432143752638,275.25919594063714,134.213073289712,136.01532567049807
2021-09-29,97.95130673389957,93.61630679574195,141.26729707381995,77.24665391969407,112.92226959658905,97.91277043350648,104.28608757681947,131.73882082592542,153.05405694085198,258.1055744893467,135.139298227951,137.6756066411239
2021-09-30,97.95130673389957,93.44853819430067,139.88593219314396,77.05544933078394,115.13939316681699,98.46313259602066,104.40333136966215,130.91854896917894,156.64864617425042,276.4844562208093,134.80814912679787,137.10089399744572
2021-10-01,97.72367079283708,95.05913980799986,140.28251564092437,78.90630835100981,115.25090193506067,98.42159478266686,104.35121970419299,132.16925781714468,156.00000329919763,264.79736162087784,135.49036946418718,138.31417624521072
2021-10-04,98.53523026175453,93.18010459201746,138.49342273220276,75.85468474583233,115.85437528185471,98.42159478266686,104.62479849344311,130.97268513676804,153.3783783783784,271.7247809150083,133.65285525274757,138.1226053639847
2021-10-05,98.53523026175453,93.02911029073555,141.1091056532769,76.90248799369621,115.4214480541776,98.42159478266686,103.96039712210023,133.01931061705238,152.7027027027027,297.45522432750397,135.77669969767746,137.29246487867178
2021-10-06,98.53523026175453,93.26398889273811,141.4210370366593,76.78776407332994,115.48048540505083,98.65004879484886,104.48149389822392,132.9597487307297,151.62161749762456,267.4363924055255,136.33194313714503,135.95146871008942
2021-10-07,98.53523026175453,93.16332389189621,141.33191226654947,76.48183556405354,115.30993928593392,98.44236765060765,104.06461051375462,133.45245038265946,152.05404951765732,267.53063628211726,136.74027567106018,136.39846743295018
2021-10-08,98.5055402587606,95.23529875950179,142.04264751456205,78.07265914421008,115.20498844395703,98.85772993909005,104.88535682078886,133.74212123617238,154.05405405405406,262.25259718394176,137.3652347107705,135.50446998722862
2021-10-11,98.5055402587606,94.52227260343346,141.98694586124392,75.7552604602354,115.09347166847736,98.33851915595928,104.53360556369307,132.75129221357926,155.81081493480787,251.88500674077417,137.11375040485387,136.14303959131547
2021-10-13,98.5055402587606,95.6295620128469,142.06047459338484,77.28489717151648,117.65824540320597,97.66355147591148,104.37728050656952,131.89041823114107,155.2702723322688,263.430735525818,137.7262551420004,130.84291187739464
2021-10-14,98.5055402587606,95.50373236178498,142.37239535276316,77.01720607896154,117.85503123462611,97.68431642132448,104.20791510897381,131.730692332804,155.1351392591322,268.00187813619584,137.25318160533942,131.99233716475095
2021-10-15,97.75336079583101,96.56069247075841,142.31224224174136,79.63288928992891,115.91997055899475,97.91277043350648,104.11672217922379,131.08909605004646,157.43243243243242,254.94815744120461,137.2457137728202,134.2911877394636
2021-10-18,96.99128969914709,96.4348628196965,141.0846066999007,79.91586834705126,115.76254829964742,97.60124079461686,103.62167626619272,129.2482243125247,155.540538478542,235.10838326697046,135.90616983062148,136.07918263090676
2021-10-19,95.63538833912295,93.65825214608323,142.55509635068648,76.8642447418738,116.08395875184488,96.20975969863973,100.31266005353099,130.55307941305836,152.05404951765732,239.77379222505996,137.22331027526263,135.44061302681993
2021-10-20,95.63538833912295,93.61630679574195,144.66279251734397,80.62714965120101,117.02853234410873,96.67704623444631,102.91818369128505,131.95538566623947,150.43243202003273,243.6380832898798,139.0160056190394,137.73946360153258
2021-10-21,93.84402101707893,90.94874507306933,145.2755000798394,76.97896866224008,116.8383044389554,94.49636252980258,102.1365285878156,132.4832838950852,147.2972972972973,241.04617444352797,139.33968688767337,135.95146871008942
2021-10-22,93.76484264185149,89.61496741171395,146.47417458659612,74.5697896749522,117.77632010495245,96.6562812890333,101.87597026046986,134.55697745916413,151.35135135135135,248.82187851146358,140.8709487305397,137.42017879948912
2021-10-25,93.76484264185149,91.67855192925892,146.5655197735557,76.17590705477713,118.46507051492293,95.25441375908576,102.04533565806557,134.54073055790005,153.62162203402133,277.94532619246087,140.6568154597668,137.42017879948912
2021-10-26,93.03246154816149,89.6736870622146,143.60226193545768,74.3021044174982,117.59265012606592,93.49947877689482,101.31578228078139,132.16654495777775,150.54054260253906,277.19133023748714,138.2964342465064,138.8250319284802
2021-10-27,93.86381183545305,89.7911263632159,143.72926128006287,74.34034183421966,117.93375037153575,93.89407611996421,101.31578228078139,131.93914884995445,148.10810604610958,292.27145157704007,138.55537451239445,142.33716475095787
2021-10-28,92.7850347887249,88.23085404995669,143.0029193700773,74.03441916004421,118.17644969405951,93.81100049325659,101.30276181887703,131.69820861525469,147.56756344357052,272.4787993411018,137.8133996423039,143.74201787994892
2021-10-29,92.96318235755386,87.40877254298583,146.89303657090295,72.92542904330486,116.95637914070187,94.57943815651016,101.1724876248461,134.54344341726699,142.7027006407042,255.70217586729817,140.54974882438032,145.14687100893997
2021-11-01,94.01226940128808,88.95227055608565,145.1529628169419,74.6080329267746,117.75008039264922,94.43405977103578,101.30276181887703,133.80980153063769,143.81080833641258,244.3920792448535,140.27088642340922,147.8927203065134
2021-11-03,94.65558048599635,89.75757136293525,146.43183793039302,75.33460803059273,115.68382916273778,95.91900292769095,102.91818369128505,134.88725043836897,139.70269899110534,267.20076024292626,141.38882926231585,144.06130268199234
2021-11-04,96.33807942981905,87.2829492918858,143.6512810902183,72.73422445439472,117.61233191210232,96.49013003561812,102.2407519187539,131.78754135975976,137.7297272553315,269.36852670237556,138.2466407813466,142.84802043422732
2021-11-05,96.33807942981905,88.28118335039669,144.1503543052236,74.10325001120339,119.14726299862659,96.13707050590253,102.90515329009679,133.19797610606255,136.21622034021325,259.943442438485,139.47413161811428,141.25159642401022
2021-11-08,96.33807942981905,88.2560187001767,142.77566129910107,73.16252670142208,119.86881104716711,95.22325445717456,102.21469111637738,132.20174153469372,140.24324159364443,255.749297805594,137.96528514535322,140.8684546615581
2021-11-09,96.33807942981905,88.87677020546376,143.05416956569178,73.1548768840374,120.05247301881765,96.05399487919493,102.72276743059672,132.49141238820664,138.94594553354625,234.63714141289188,138.015078610513,141.69859514687099
2021-11-10,96.33807942981905,89.46397311043205,141.47672806597336,75.29636477877033,121.19383244250162,97.2793326442847,102.25377238065828,131.37876690355935,136.7567526327597,229.97173245480244,136.42158087247077,145.4022988505747
2021-11-11,96.33807942981905,90.62998217034612,140.43847602061354,76.06118313441085,122.21711716443917,97.2585676988717,102.78790949725412,130.51518006175425,143.24324324324326,242.64845517230685,136.69048220590037,145.4661558109834
2021-11-12,96.02137347977482,89.56463171131206,137.61558252423575,75.33460803059273,122.52541977133897,97.47663527708332,103.12663035316166,128.1328760534896,144.5945945945946,225.77756535079158,134.4022979553573,147.4457215836526
2021-11-16,96.02137347977482,87.94563974755222,138.10352178297987,74.20267429680031,121.5874041053419,96.5732056623257,102.20166071518912,129.39440608398556,142.9999995876003,243.9679593290708,135.8538831304394,145.8492975734355
2021-11-17,96.1995210486038,87.04806428992134,138.6738926892722,73.6825975815607,122.64348646584946,97.1235678248399,102.90515329009679,129.64347481180675,140.945950069943,226.9557036926679,136.99673457447363,146.93486590038313
2021-11-18,96.1995210486038,86.55314243569622,138.84098702522257,72.8871916265834,122.07281075762546,97.3000975896977,103.03542748412771,131.15136071075702,137.29729523529878,231.00848251067129,137.65653954175764,146.36015325670496
2021-11-19,96.1995210486038,86.77124673753941,140.69915720838145,72.55066968286926,121.42997383875863,96.5732056623257,102.87910242700416,131.62782554640177,140.99999505120354,238.68992023089524,138.34622771166616,145.78544061302682
2021-11-22,96.1995210486038,86.1337145321311,141.1091056532769,70.89101525155353,118.46507051492293,96.86396243327451,102.9312140924733,133.16007675475873,143.35135382574958,225.68332147419983,139.72062945398628,147.31800766283524
2021-11-23,96.1995210486038,87.54299254410837,139.84359553694088,71.02868278897289,116.9891767792719,96.78088680656691,102.87910242700416,131.7171582909066,145.48649143528294,234.0716332111017,139.07326691671835,148.27586206896552
2021-11-24,97.33768565218523,88.23924440001731,139.49156916221335,73.10898381483031,117.02853234410873,97.81930837282849,103.37414834003522,130.94291427858562,148.54053806614232,238.8312860457829,138.69481758542773,148.08429118773947
2021-11-26,97.34758483680504,86.1337145321311,138.92566033762873,72.1759103224337,117.10725148101837,97.0924164454565,103.80406212569278,130.90500484230273,146.75675469475823,256.69180398487106,138.56285421746136,149.87228607918263
2021-11-29,97.39707320903854,86.62025243625752,141.38315183815988,72.33652147690606,116.91046564959824,98.31775421054625,103.69983879475448,133.87748182510302,148.64864864864865,228.74647217463027,139.6260171211636,148.4035759897829
2021-11-30,97.82263998643865,86.14210488219173,140.8618000866281,70.8145287479087,116.33978193413823,98.58774603608205,103.88222465425456,133.2304699085907,147.86486239046664,215.22148715444052,139.4492348855344,144.82758620689654
2021-12-01,97.82263998643865,85.10191907337769,141.89560067428428,69.8661556207427,116.86454415125863,98.31775421054625,104.26002677444298,134.35935220952322,150.32432143752638,200.65975207838198,139.95146739940864,146.10472541507025
2021-12-02,97.82263998643865,88.00436579801477,143.56438736096234,72.12237327094286,115.49360125758446,98.62928384943585,104.57268682797395,136.52779415186197,155.59459376979518,191.14044640901955,141.7116913251568,147.38186462324393
2021-12-03,98.97070377463989,88.868386255365,142.1429062409331,72.22944737392446,116.89078386356182,99.06541900585904,105.10682394456981,135.12547781370156,155.67567155167862,194.72196090182445,140.51046256395742,149.68071519795657
2021-12-06,98.97070377463989,90.30282891756228,141.8755531786117,73.6367103474546,116.59560511643161,99.75077311987722,105.02866141600803,135.6317235925075,161.35135341334987,172.33742229065427,140.6791952122289,149.04214559386972
2021-12-07,98.82224620880484,90.67192112072549,142.9338527196441,73.34608147294753,116.93013942839865,99.7611595538476,105.41948399810079,135.71022506950308,162.37838332717482,174.7408096771428,141.6228846681718,149.74457215836526
2021-12-08,98.82224620880484,91.3262340262551,140.8885407048623,73.6367103474546,116.98261885300509,100.4153622884824,105.8363673825701,133.81521716439246,162.13513967153187,179.78322784827904,139.7256159240309,149.36143039591317
2021-12-09,98.82224620880484,89.78273601315524,139.77229784565384,71.1663503263922,116.40537721127828,100.72689192737198,105.40646353619643,131.7171582909066,160.40540128140833,179.73609467442324,137.72874837702273,150.31928480204343
2021-12-10,100.70269109069609,90.85647042228806,140.15106483861553,72.85659819214568,116.94982121443506,100.72689192737198,106.17508823847761,132.9407990550778,162.2162174534153,184.9670118343029,138.71224648548844,150.31928480204343
2021-12-13,100.26721757781074,90.73064717118804,141.39429641842514,71.81644476166646,117.17284675815843,100.93457307161317,106.10994617182018,134.06427580723462,164.10811140730576,178.79358849514617,139.64745894235546,149.23371647509578
2021-12-14,99.96041081238629,89.9672853147178,142.71105673037562,71.51051625239006,116.1298802501845,100.93457307161317,105.97967197778928,135.3745364565437,162.64864947344805,176.57870009740105,141.41621922991806,150.3831417624521
2021-12-15,99.36658809991155,90.7725861215674,142.43254846378494,71.06692020569432,115.61823388559773,100.53997572854378,105.65398152307002,135.20669215006401,163.27026985787057,179.17059770819296,141.43863460002336,149.6168582375479
2021-12-16,99.0498821498673,91.31784367619444,142.8157669144503,71.83938837871952,117.8484733083593,99.89615150535161,105.36737233263165,134.69233804809474,167.29730142129432,177.47408433838228,141.40875139739887,151.02171136653894
2021-12-17,99.0498821498673,90.36154856806291,143.57552131722352,70.5927365596618,118.32076410810922,99.00310832456442,104.67691015891225,135.44763238476378,167.43243449443094,173.89255861001743,141.60793713058567,151.53256704980842
2021-12-20,99.0498821498673,88.51606195239926,142.89597814514877,68.71127826989722,117.65824540320597,97.95430824686026,104.39030096847388,135.52884672112623,162.29729523529878,180.67861208926024,141.7488642720846,150.95785440613028
2021-12-21,98.70348619682916,88.96066090614627,144.20605595854175,68.03059040018523,117.27779760013529,99.34578934283745,104.79416389103882,136.74165621778786,164.5405434273385,182.32799228521515,142.9499743078067,152.8097062579821
2021-12-22,98.70348619682916,88.75094695436371,144.39097737331485,68.64244741873804,118.17644969405951,99.33541083139484,104.74205222556967,136.4113832385833,163.16215927536425,187.37041045635138,143.0171966730272,153.89527458492975
2021-12-23,98.70348619682916,88.42379370157988,143.37500386448147,68.58891036724725,118.80616275315677,99.33541083139484,104.92443808506972,134.0859282572744,163.1891920759871,175.82469290686745,140.75142779258948,154.72541507024266
2021-12-27,98.53523026175453,89.00259985652565,143.03411144601512,68.99426316212059,118.6028189954698,99.09657038524243,104.54663596488135,133.31708979372888,163.9729680241765,191.32893416220307,141.20209783169287,157.0242656449553
2021-12-28,98.53523026175453,88.60833660318053,141.90896567139936,68.4129995780055,118.74056747601674,98.80581361429364,104.65085929581963,132.5428457814079,161.21622034021325,191.09330199960382,140.03186829260417,154.46998722860792
2021-12-29,98.53523026175453,87.95403009761286,141.79979340561692,68.01529660051685,118.40603316404967,98.97195694518105,106.43563662653945,132.73775817168212,162.32432803592167,189.6324320279523,140.1165195578853,154.66155810983398
2021-12-30,97.46635239964615,88.37345800117798,144.25284407244848,68.10707690383006,118.90455566886683,94.49636252980258,102.6576353032232,134.29167191505792,164.8108095736117,167.81339038301238,141.98889156944634,152.23499361430396
2022-01-03,97.1892280863502,87.76948079605029,141.04672150140124,68.01529660051685,118.03214328724583,96.68743266841672,104.44241263394302,128.43065523016605,163.51351351351352,179.78322784827904,138.66742761782552,150.51085568326948
2022-01-04,97.1892280863502,87.27455894182518,142.97172729413947,68.32886909207696,118.98983273204328,96.67704623444631,104.14278298160029,133.35499923001174,163.9729680241765,175.16494082848547,141.45357026506176,155.6832694763729
2022-01-05,97.1892280863502,85.11030942343831,142.64421049679223,67.06692347335085,119.68514106828056,96.68743266841672,103.80406212569278,132.26671905477122,160.89188859269427,182.94062242530123,141.3290747296146,153.8314176245211
2022-01-06,97.1892280863502,85.6471766280047,143.80724146990747,67.87762906309752,117.33026901750574,96.36552451808451,103.56956460072355,133.03013179958288,161.16216504896008,179.6418507978315,142.06196710069534,154.21455938697318
2022-01-07,97.1892280863502,86.62025243625752,142.96059333787827,69.03250641394301,117.8747130206625,95.57632190941796,103.36111793884697,132.74858943919142,163.32432514912375,184.54288068296026,141.48345346768625,154.9808429118774
2022-01-10,97.1892280863502,86.19243418263174,142.57291280550518,68.64244741873804,117.96654801010578,95.57632190941796,103.36111793884697,131.93103044181183,163.51351351351352,192.22431840318427,140.23353538826555,153.1928480204342
2022-01-11,97.1892280863502,87.46749219348646,142.8915266874451,69.445509026201,119.2915694054403,94.2367571382372,102.91818369128505,132.97057999823926,166.45945987185917,200.23563216259925,140.98049672840074,153.51213282247764
2022-01-12,97.1892280863502,89.3549177595295,140.94646277503023,69.67495103183258,119.85568718739749,94.2367571382372,102.90515329009679,130.6857271426218,170.81081287280932,228.8878379895179,138.61762228011804,153.00127713920816
2022-01-13,97.1892280863502,88.91032520574437,140.97765485096807,70.47801263929553,119.46211552455723,94.90134630684237,103.3090162126617,130.61263121440197,169.5945945945946,201.22526028017217,137.768580774641,150.06385696040869
2022-01-14,97.1892280863502,90.13505391615911,141.03112546343232,71.58699692093391,119.15382092489341,95.44132995791396,103.36111793884697,131.1026300919439,168.4864868988862,200.8482623026853,137.6067460765979,152.29885057471265
2022-01-18,94.88321642705884,90.01761461515783,140.1622094188808,71.5564034864962,118.8783239637996,94.049840939409,102.6967165675041,130.31213917835856,168.86486362766576,201.83789042025825,137.335351508146,153.12899106002553
2022-01-19,94.88321642705884,91.24234332557253,140.42287998264462,72.27533460803059,120.89865369537142,95.01557331293337,103.16571161744253,131.5195330412657,171.94594305914802,189.96230806714325,138.5777898824998,155.93869731800766
2022-01-20,95.90261346779914,91.95537588160276,137.36827695758694,73.75908408520554,120.8592981305346,95.72170029489234,103.725899597131,128.7392757593309,169.7297276677312,179.17059770819296,135.3783282313038,156.06641123882503
2022-01-21,95.90261346779914,91.94698553154211,136.50826382844275,73.1548768840374,120.1574318680305,95.39979214456018,103.50442253406615,128.67430832423247,165.48648524928737,188.45429368607597,134.90276145962054,157.40740740740742
2022-01-24,95.90261346779914,91.27589832585318,137.8539851754772,73.07839621549354,120.80681870592818,95.53478409606416,104.19489464706943,129.90606749654606,164.94594264674834,189.77379784283994,135.8738052655224,158.6206896551724
2022-01-25,95.90261346779914,93.06266529101617,138.35527880733233,75.64818635725382,121.52836675446868,95.53478409606416,103.7649808614119,130.20927239195638,163.51351351351352,190.99905812301208,136.59586987307773,158.36526181353767
2022-01-26,95.90261346779914,93.8428014476458,137.0207020405631,76.78776407332994,120.03279924001721,95.53478409606416,104.28608757681947,129.31590460699002,164.08107860668287,201.55513631936319,135.4655677119891,160.15325670498083
2022-01-27,95.90261346779914,94.93331015693795,135.96685395723435,77.82026768642447,117.63201369813873,95.49324628271036,103.51745293525441,128.1328760534896,165.40540746740393,295.2403359297589,135.17831141977626,159.70625798212006
2022-01-28,95.90261346779914,94.53904690359283,134.1799814653625,78.50860537352116,117.08101176871514,95.70093534947935,103.46534126978526,126.78740874228518,166.3783820899757,218.61451389406193,134.53886787184106,162.45210727969348
2022-01-31,95.90261346779914,94.68165725477603,133.19520003246697,79.8470374958921,117.74352246638242,95.69054891550894,103.725899597131,126.02669877186135,165.13513101113807,229.68897835390734,133.5208918847812,159.89782886334612
2022-02-01,96.54592455250737,95.75539166390882,132.87436573367725,79.6940703237034,118.09118063811906,95.58670834338834,103.73892005903538,124.68394432002385,169.459461521458,223.89255299223746,132.03943537962235,162.13282247765005
2022-02-02,96.54592455250737,94.30416830159028,132.16808194336832,77.89674835496834,118.67497219887669,95.95015430707434,104.16883384469293,124.21289511813387,170.13513719713367,259.2365684218072,131.07835264126194,159.00383141762453
2022-02-03,97.93150836466,94.211893650809,132.39088855664087,78.29445716755798,118.26828468350278,97.4247110297591,104.82021475413144,124.52693128105348,168.86486362766576,230.34873043228927,130.98871490593618,157.5351213282248
2022-02-04,97.63460078385535,94.98364585733987,134.5609794991781,78.30210114984165,118.50442607975975,96.66665980047591,104.28608757681947,124.41052036777502,171.56756633036844,215.45711931703977,131.53647864033684,158.49297573435504
2022-02-07,97.63460078385535,94.46355295293283,135.81980711695658,77.7514368352653,119.42275995972038,96.8847353012153,104.63782889463135,125.14686502879215,174.2432465424409,199.4344917982098,132.6320179816859,162.26053639846742
2022-02-08,97.63460078385535,94.89137120655859,134.07304024043395,78.08795294387846,119.81633162256067,96.05399487919493,104.27305717563122,123.81223907007612,173.86486981366133,200.18851022430334,131.03104053857675,161.49425287356323
2022-02-09,96.49643618027389,94.8745905064373,133.74774385993652,76.90248799369621,120.38044940451786,95.54517053003457,103.93433631972371,123.1246149428933,174.216213741818,188.9255355401546,130.92646713821262,165.19795657726692
2022-02-10,96.49643618027389,95.7721659640682,133.1729214959405,77.09369258260634,120.44604468165791,96.03322993378194,103.84314338997368,122.59671671404755,173.94594759554477,186.56928132752185,130.33139130112673,163.92081736909324
2022-02-11,96.49643618027389,96.04059956635137,133.42914060200067,78.47036212169873,120.74778936229092,96.09553269254873,103.84314338997368,122.44511930883193,170.10810439651073,185.72101902483655,130.68495577238522,166.28352490421457
2022-02-14,96.49643618027389,96.03221561625264,132.73177035110314,78.92925196806287,122.53197769760578,96.02284349981154,103.89525505544282,123.14356461854521,170.94594594594594,197.69086772566314,130.71622806309358,167.49680715197957
2022-02-15,96.49643618027389,96.98851072438418,131.27465632143645,80.61185585153262,121.66612324225157,96.02284349981154,103.89525505544282,122.16627972282859,166.48648236248943,202.92178488554276,129.8209786018698,162.96296296296296
2022-02-16,96.49643618027389,97.42471292810865,131.1342919797162,80.80306044044275,122.67628410441948,95.09864893964095,104.14278298160029,120.75314220213794,167.00000247439823,222.29029473457845,128.42416148944434,165.2618135376756
2022-02-17,96.1995210486038,95.96510561569137,130.08489535409115,80.1529660051685,124.67694005719088,96.11629763796175,104.27305717563122,120.4905394324193,162.83783783783784,211.4043404990364,127.87390452002138,166.0280970625798
2022-02-18,96.46674617727997,95.23529875950179,130.90925432558984,80.17590962222155,124.53919157664397,96.04360844522452,104.26002677444298,121.8305911098692,160.8378333014411,208.81245412380443,128.7403749255591,167.11366538952745
2022-02-22,96.5756145555013,95.46179341140561,128.48294427699244,79.27342372916169,125.03115615519431,95.11941388505396,104.01249884828547,120.52843878372342,161.89189601588893,211.9698487008266,127.04977161967194,172.3499361430396
2022-02-23,96.5756145555013,94.66487655465474,127.61624864929068,78.69980996243129,125.23449991288128,94.81827068013479,104.07764091494289,118.94475418216521,159.45945945945945,217.86051793908823,125.9143880081569,174.64878671775224
2022-02-24,96.5756145555013,94.29578435149153,126.11233588171318,78.16443361242233,126.27746642085518,95.51401915065117,103.97341758400461,118.01077418652785,157.43243243243242,215.2686090927364,124.70930066894684,177.52234993614303
2022-02-25,96.39746698667234,95.69667201340818,127.66081634634763,78.47801193908342,123.74549032469662,92.42990583124985,103.94736672091196,119.99242214673504,161.89189601588893,210.6503220729428,127.53528758634904,168.45466155810985
2022-03-02,96.39746698667234,97.40793862794929,127.8925258750275,77.78202443460206,126.00196945976138,95.63862466818475,104.18186424588119,121.60860055082135,170.13513719713367,224.41093925573182,128.45155145704655,188.76117496807151
2022-03-03,96.22921860246316,97.12272432554482,126.19700919411936,78.24092011606714,126.88750570115201,94.7663543553384,104.26002677444298,119.45369265037999,171.21621209221917,222.52592689717767,126.89546411688666,191.89016602809704
2022-03-04,96.22921860246316,96.85429072326161,123.98681263623293,76.33651820924953,128.901277506457,94.77673286678096,104.01249884828547,117.92144144202305,177.02702702702703,236.38076548543853,125.2620508733921,193.23116219667943
2022-03-07,96.22921860246316,93.9686246987458,122.50518902918594,74.07265657676565,130.79042469098474,93.6448571623692,104.07764091494289,119.30209524516438,176.32431855072846,227.75684405705735,126.00054708699918,191.3793103448276
2022-03-08,96.22921860246316,94.05251539942834,123.65706479803184,73.9961759082218,133.82092329196047,94.92211917478318,103.56956460072355,119.9193262185152,172.4324303704339,213.33647479588643,127.24397088281417,192.72030651340998
2022-03-09,96.22921860246316,96.11609991697328,122.76363917609999,77.60611948046127,130.26566247386438,93.9771517466718,103.56956460072355,118.3410572507118,174.13513595993456,213.2893528575905,125.95672551334522,187.73946360153258
2022-03-10,96.22921860246316,95.8728309649101,123.59246022930638,76.47418574666884,131.06592165207854,94.08099231879238,103.56956460072355,117.05243896646316,179.05405405405406,218.23751591657506,124.7790162691896,193.55044699872286
2022-03-11,96.22921860246316,94.24544865108963,122.87949394043991,75.81644149400991,130.05575278267466,94.60020310192317,103.56956460072355,116.7167503535038,177.2432481920397,222.6672927120653,124.73419740152671,195.27458492975734
2022-03-14,96.22921860246316,93.02911029073555,123.28275988677785,76.28298115775871,128.54050348218678,94.75596792136798,103.56956460072355,117.09305117713392,170.00000412399706,219.50989813504313,126.32273241461975,186.01532567049807
2022-03-15,96.22921860246316,91.88826588104148,124.82454722885072,76.09942638623328,126.50049196457856,94.2367571382372,103.56956460072355,117.2771322998986,166.2162162162162,215.2686090927364,127.51536545126605,193.61430395913155
2022-03-16,96.22921860246316,93.7001910964626,126.14130754080122,77.1854670508186,125.15578878320761,94.33021127638737,103.56956460072355,118.15966881735562,170.00000412399706,223.75118717734983,128.5561248574107,186.46232439335887
2022-03-17,96.22921860246316,95.37790271072308,124.59952019872837,78.7992342480282,127.39258613223596,94.184832890913,103.56956460072355,115.5472558419005,174.86485661687078,235.15550520526637,126.33206423713183,192.72030651340998
2022-03-18,96.22921860246316,97.29049932694801,124.5571835425253,79.42638506624941,126.48081017854213,94.74558148739756,103.56956460072355,115.0978691750296,179.4594635834565,229.170592090413,125.4736909091427,189.46360153256705
2022-03-21,96.22921860246316,98.24679443507954,123.67934333455828,80.49713193116634,126.50704989084534,94.75596792136798,103.56956460072355,113.94461147971158,179.4594635834565,230.91423863407948,124.93587636973582,193.16730523627075
2022-03-22,96.22921860246316,99.22825419343104,121.10598644568313,82.37093456844528,125.98884559999179,95.14018675299478,103.56956460072355,111.70849932788656,178.27026779587206,244.4392011831494,122.87926616257411,192.33716475095787
2022-03-23,96.22921860246316,99.05209524192911,120.58240365329753,82.0955994936066,127.0318121079657,95.71131386092195,103.56956460072355,109.69436765013032,177.27026037267737,246.55984570430275,122.25181388784148,193.55044699872286
2022-03-24,96.22921860246316,100.4613732539064,118.25636295507522,83.05927225554196,128.67169403646685,97.59086228317429,103.56956460072355,107.80746806818304,178.64864452465162,254.52403752542185,120.1155270128955,191.12388250319285
2022-03-25,96.22921860246316,100.43620860368638,118.31651606609704,84.01529520009261,128.1600556791161,98.58774603608205,103.56956460072355,106.79769945491707,174.0540581780511,262.53535128483685,120.16781371307756,192.59259259259258
2022-03-28,96.22921860246316,100.4445925537851,115.97933078760947,83.70936669081621,127.22859793938585,98.80581361429364,103.56956460072355,104.89185019731757,174.1891809411951,259.5664444609982,117.94187723025809,191.18773946360153
2022-03-29,96.22921860246316,101.56866266331981,116.65441187797651,84.93308072792183,125.41816989176779,98.15160295713106,103.56956460072355,104.18528647946191,173.4054153029983,251.4608868249914,118.61912297015051,185.50446998722862
2022-03-30,96.22921860246316,101.77837661510239,117.49883959315588,84.77246373834846,126.82846835027878,98.73312442155644,103.56956460072355,104.68069090577927,174.9729671993771,264.13760954249585,118.42241859943829,188.50574712643677
2022-03-31,96.22921860246316,101.24989336063473,118.52594705825045,84.5430217327169,127.8583109984831,99.11733533065544,103.56956460072355,105.75002140536792,172.56756344357052,265.88125608616235,118.75855417063606,191.25159642401022
2022-04-01,96.22921860246316,102.88566602451583,116.82819933648845,84.97131814464328,125.88389475801492,99.11733533065544,103.56956460072355,105.25461697905057,171.35135547534838,269.557014455559,117.96429260036338,187.73946360153258
2022-04-04,96.22921860246316,102.61723242223262,114.6581190179553,84.62715221864543,126.54640545568219,99.70923530652341,103.56956460072355,102.84253202762443,172.37837507918076,269.18001647807216,115.95746398581372,191.69859514687099
2022-04-05,96.22921860246316,100.32715325278383,112.26968354385329,82.40917782026769,126.1331600140415,99.16925957797963,103.56956460072355,101.27778701673908,169.21621786581505,284.26013781762504,114.37890191280991,194.06130268199234
2022-04-06,96.22921860246316,99.73995674777744,112.96705379475083,81.74378375022405,125.83798126691129,98.71235155361566,103.56956460072355,101.77048866866886,170.40540334340687,284.1187495316176,115.79562928777061,193.23116219667943
2022-04-07,96.22921860246316,100.2684336022832,114.42417844842157,82.62332602623088,126.84815013631518,98.52543535478743,103.56956460072355,103.08887781109965,168.78378584578232,299.67013519636896,117.40158132837661,193.55044699872286
2022-04-08,96.22921860246316,100.10904895094063,114.97895331674502,82.29445389990141,127.35978849366593,99.68847036111042,103.56956460072355,103.61407326555754,168.27026573387352,295.852966069845,118.32033843409644,196.36015325670496
2022-04-11,96.22921860246316,98.90949129070783,113.73794215378523,81.52963554426087,127.53690054628566,97.90238399953607,103.56956460072355,102.25777468684385,166.2162162162162,313.05373193055124,116.97581989440083,195.27458492975734
2022-04-12,96.22921860246316,98.28034943536016,113.70675007784739,80.22179685632767,129.36044444643736,97.2377948309309,103.56956460072355,101.28320265049386,166.48648236248943,314.7973560030979,116.86377866151747,198.27586206896552
2022-04-13,96.22921860246316,98.83399094008593,112.65735345222232,80.5736125997102,129.94424401443098,98.94080556579765,103.56956460072355,100.85817120805034,167.21621332941828,329.7361115277631,116.35335408971277,200.12771392081737
2022-04-14,96.22921860246316,98.14612943423761,113.79364380710335,80.26768409043382,129.28173331676368,98.62928384943585,103.56956460072355,101.23988766543523,164.86486486486487,344.01509250292656,116.77911552368857,201.85185185185185
2022-04-18,96.22921860246316,97.82736653151441,113.43716597467217,81.41491162389461,130.06887664244425,97.5181730904371,103.56956460072355,100.53061108821267,162.83783783783784,368.52027563525013,117.03806766212439,207.72669220945082
2022-04-19,96.22921860246316,97.33243827732737,113.33912766515093,80.76481718862034,128.2846802998934,98.93041913182724,103.56956460072355,99.16619410135635,162.70270476470122,338.17154520296083,115.82799385286971,205.36398467432952
2022-04-20,96.22921860246316,96.72007712210096,112.1426841992481,80.97132141229984,128.06166276340602,98.93041913182724,103.56956460072355,97.67184224430324,159.72972560573265,326.9085705188121,116.15167512150366,208.3652618135377
2022-04-22,96.22921860246316,93.9937957489277,111.5010156016687,79.34990439770554,126.66448015742866,97.87123262015267,103.56956460072355,97.4146551083394,154.32432020032726,307.91705864726333,115.05116118265772,202.5542784163474
2022-04-25,96.22921860246316,93.40659284395939,110.83483742670899,78.92925196806287,124.18497547864054,97.97507319227327,103.56956460072355,100.8744181093144,152.7027027027027,314.27899221072335,119.39346240534017,204.40613026819926
2022-04-26,96.22921860246316,91.40172797691508,116.32467466377949,76.44359231223113,124.7228615555305,98.12045157774764,103.56956460072355,103.14572683805541,149.1891912511877,322.80866976251286,121.41025208743135,205.17241379310346
2022-04-27,96.22921860246316,92.56773703682916,118.47692790348985,75.98470246586699,123.7061347598598,97.67392998735409,103.56956460072355,106.39974618124717,152.94594635834565,342.4599561835634,124.43790610049494,208.30140485312901
2022-04-28,96.22921860246316,92.98716494039428,116.67892145535681,75.7552604602354,123.88979673151033,98.13083801171807,103.56956460072355,104.64279155447542,156.3513472273543,324.5994382444752,123.58638323254331,208.42911877394636
2022-04-29,96.22921860246316,90.91519007278868,115.49362256971922,74.68451359531848,125.24106584638406,99.11733533065544,103.56956460072355,102.1901044773576,153.78378790778083,341.3760617182789,122.94399529277227,209.00383141762453
2022-05-02,96.22921860246316,89.95051101455844,116.70566207359099,73.16252670142208,122.12529018223188,98.66043522881927,103.56956460072355,103.51390925354318,152.5675696295661,352.26201595382094,123.77810113321092,207.66283524904216
2022-05-03,96.22921860246316,90.21894461684163,118.99605923817178,73.18547031847513,122.5844571222122,97.77777848200249,103.56956460072355,105.7689710810201,153.94594347154774,374.8350647892945,126.60159481559083,204.53384418901658
2022-05-04,96.22921860246316,91.45205727735508,116.21550239799707,74.49330900640834,122.46638242046572,98.04776238501049,103.56956460072355,103.10782748675156,155.94594800794445,396.5598513220827,123.44943339453236,203.95913154533844
2022-05-05,96.22921860246316,88.92710590586566,116.32689508062927,71.81644476166646,122.92554936044604,98.65004879484886,103.56956460072355,103.05909686793817,155.540538478542,413.90198299767655,122.47092175611127,205.3001277139208
2022-05-06,96.22921860246316,88.95227055608565,118.02464280239128,72.13766707061126,123.39783215295998,98.13083801171807,103.56956460072355,104.43704789669191,153.27026779587206,379.02923189330534,125.18984203812704,202.3627075351213
2022-05-09,96.22921860246316,87.4507178933271,119.32803811722674,72.13001725322658,121.81698757533206,98.86811637306045,103.56956460072355,105.21942040213459,148.86486981366133,331.10273762282293,126.49452818020437,200.3831417624521
2022-05-10,96.22921860246316,87.26616859176454,121.41568678821164,71.90057524759501,120.68875201141769,98.56697316814126,103.56956460072355,107.10630989910281,145.00000412399706,348.02074938263405,128.49886355973175,200.89399744572157
2022-05-11,96.22921860246316,88.19729904967606,120.34401162606012,72.62715035141312,121.52180882820186,98.44236765060765,103.56956460072355,106.58112452962398,148.10810604610958,360.0376975506367,127.76186328713803,204.9169859514687
2022-05-12,96.22921860246316,89.50591206081143,120.24820435739277,74.41682833786447,119.63266965091013,97.66355147591148,103.56956460072355,107.05487650590155,146.75675469475823,364.70310650872614,127.83536623010517,207.7905491698595
2022-05-13,96.22921860246316,90.21894461684163,118.65962890141317,74.72275101203992,118.5569055043662,98.65004879484886,103.56956460072355,108.07006075292232,151.08108520507812,361.12159201592124,127.81414998732012,202.9374201787995
2022-05-16,96.22921860246316,91.62822262881892,117.32950359234762,75.47992538539674,118.95703509347327,99.09657038524243,103.56956460072355,105.80958329169088,152.02702702702703,374.92930866588625,125.94427121078142,206.76883780332057
2022-05-17,96.22921860246316,91.8211558804802,117.60131873637671,76.74952082150753,119.2653296931371,99.68847036111042,103.56956460072355,106.26168281792867,154.21621992781357,391.32893416220304,125.9791290109028,204.53384418901658
2022-05-18,96.22921860246316,89.64013206193397,115.99046474387067,74.95984867015716,119.11446536005657,99.68847036111042,103.56956460072355,103.25672211757933,149.216213741818,394.3449629243376,122.95146312529148,199.6168582375479
2022-05-19,96.22921860246316,90.61320147022485,115.85678290070796,75.40343888175191,120.77402106735815,99.68847036111042,103.56956460072355,105.1219591645078,152.08108231828018,391.5174219153866,123.68348880038829,200.06385696040869
2022-05-20,96.22921860246316,91.59466762853826,116.16871428409033,76.71128340478607,120.81338463943096,100.363445963686,103.56956460072355,104.3937329116333,155.67567155167862,380.9142442518595,122.74978415708236,198.91443167305235
2022-05-23,96.22921860246316,93.29754389301876,114.74055066550355,77.82026768642447,121.20695630227122,99.49116772831184,103.56956460072355,103.27838465259818,158.35135176375107,412.06411504853816,121.50983901775088,200.8301404853129
2022-05-24,96.22921860246316,93.33948284339812,114.52220613393874,78.21032668162943,122.34174979245242,98.76427580093986,103.56956460072355,101.92479893325113,158.3783742543813,414.51459066664285,119.8491070419405,197.1264367816092
2022-05-25,96.22921860246316,93.63308749586324,115.1750193117834,77.47610176042662,121.10199745305839,98.54620822272825,103.56956460072355,102.87501574517349,158.4594623462574,422.7615365886571,119.95617367732694,197.25415070242656
2022-05-26,96.22921860246316,94.47194330299348,114.78510773855643,78.47036212169873,121.18071658996803,99.33541083139484,103.56956460072355,102.67197486177781,159.94594677074537,419.79265223593825,120.0806692127741,195.4022988505747
2022-05-27,96.22921860246316,94.51388225337284,113.97634480502667,79.04397588842913,121.43653977226138,99.771545987818,103.56956460072355,101.60805999594366,161.40540870460305,411.26297468414873,118.72120313549237,198.53128991060026
2022-05-31,96.22921860246316,94.01896039914769,114.02090187807956,79.1586998087954,120.87241398306823,99.80269736720142,103.56956460072355,100.67409008528567,161.35135341334987,383.83602913740225,118.32780626661562,192.4648786717752
2022-06-01,96.22921860246316,94.26222935121092,113.10741813647107,78.11089656093151,120.91177755514101,100.20768114424119,103.56956460072355,99.50188271431571,164.56756591796875,409.8020822413774,117.78004253221496,186.7816091954023
2022-06-02,96.22921860246316,95.23529875950179,114.23924640964438,78.5468427902426,122.4335847818957,99.8338487465848,103.56956460072355,100.15972589833704,167.75675593195734,399.8586117139925,119.89890050710027,186.52618135376756
2022-06-03,96.22921860246316,94.14479005020962,114.58682132666826,77.3996152567818,121.04952603568793,100.1038405721206,103.56956460072355,99.93231970553467,165.5675630311708,401.6493801959549,119.40591670790401,185.69604086845465
2022-06-06,96.22921860246316,93.32270854323875,113.99416125984541,76.59655948441981,120.64283051307805,100.1038405721206,103.56956460072355,98.79260613709285,165.05405322925463,439.3025278998616,118.89051753860241,189.6551724137931
2022-06-07,96.22921860246316,92.93683563995427,114.1345362255697,75.71701720841301,121.18727451623484,99.48078921686921,103.56956460072355,98.14559422058082,166.10810563370987,437.9359242759215,119.36856567276028,193.3588761174968
2022-06-08,96.22921860246316,91.49400262769636,116.00160932413593,74.72275101203992,121.47589533709824,99.08618395127205,103.56956460072355,99.18785663637519,160.59458964579812,409.9434705273849,121.19427857176099,195.27458492975734
2022-06-09,96.22921860246316,90.62998217034612,116.91732410659827,74.5697896749522,121.27255157941129,99.08618395127205,103.56956460072355,98.6382958725106,156.27026944547086,422.3845610822901,121.95552258680968,197.4457215836526
2022-06-10,96.22921860246316,89.25425915864949,115.98155120445928,72.96367229512727,122.76156116759593,99.38732715619123,103.56956460072355,98.75200401140117,156.00000329919763,417.05940004581856,122.08499271975373,197.5095785440613
2022-06-13,96.22921860246316,86.62863638635623,116.8148343393734,71.31931166347992,119.90816661200394,99.48078921686921,103.56956460072355,100.1461918564399,150.9729746225718,405.70218148507814,124.09431456932572,196.48786717752236
2022-06-14,96.22921860246316,86.50281313525623,118.59501370868364,71.1281070745698,118.69465398491307,98.50467040937446,103.56956460072355,103.1403112043009,146.78378749538112,338.78417534304697,127.31617971807923,196.23243933588762
2022-06-15,96.22921860246316,87.1403389407026,118.89803155265464,72.19885393948674,119.07510979521973,98.95119199976804,103.56956460072355,102.32275220692104,147.02703115102406,349.670129578589,127.3834020832997,197.70114942528735
2022-06-17,96.22921860246316,84.6153875692132,118.66185994226703,71.15870050900753,120.40668911682107,99.74039460843461,103.56956460072355,103.28380028635296,140.378374666781,327.2384465580031,125.79238570773205,200.3831417624521
2022-06-21,96.22921860246316,84.16240466536742,121.53154155255159,71.94646248170112,120.34109383968104,99.68847036111042,103.56956460072355,103.95788028665953,139.62162120922193,320.82941352736697,129.15369392951885,194.3167305236271
2022-06-22,96.22921860246316,84.01141036408552,120.18358916466325,71.9617562813695,120.32142006088063,99.68847036111042,103.56956460072355,101.75153899301694,136.40540870460305,323.1856677399997,127.55022325138742,196.1685823754789
2022-06-23,96.22921860246316,82.80345595383017,122.18435473039624,70.93690248565966,119.75729427168744,99.16925957797963,103.56956460072355,103.38396429836732,133.16216339936128,294.01507564958666,129.3130472650874,190.74074074074073
2022-06-24,96.22921860246316,83.5919824605204,122.70124440022026,70.58508674227713,119.80977369629386,99.06541900585904,103.56956460072355,105.16257137517854,137.54053889094172,293.11969140860555,130.4185358014302,191.63473818646233
2022-06-27,96.22921860246316,85.09353512327893,123.21814469404835,71.31166184609523,119.4424417457568,98.61889741546545,103.56956460072355,105.01096388498414,140.97297256057325,306.3619223279002,130.50318706671138,190.10217113665388
2022-06-28,96.22921860246316,85.05998012299831,123.39861465111778,70.40153197075166,119.21941620203344,98.28660283116287,103.56956460072355,104.71047184894073,142.02702496502852,308.7181990116527,130.38866447135345,193.99744572158366
2022-06-29,96.22921860246316,84.41405756752934,123.43203776790949,69.52963951212953,118.9701509460069,98.28660283116287,103.56956460072355,104.79710181905797,140.1081085205078,306.2205565130125,131.130639341444,196.74329501915707
2022-06-30,96.22921860246316,83.18932885711465,120.53116408168711,68.89483887652365,118.34043788690963,98.13083801171807,103.56956460072355,102.70987421308166,137.45946110905828,255.60790951958654,128.99683382897265,189.97445721583654
2022-07-01,96.22921860246316,83.7178121115823,122.57425567961913,69.40726577437859,117.9993456486758,98.12045157774764,103.56956460072355,104.70505621518598,137.35135052655195,270.0282787807575,130.76711380264408,192.72030651340998
2022-07-05,96.22921860246316,83.080279906174,123.79520872290229,69.07074383066445,115.56576246822729,97.93353537891947,103.56956460072355,106.15880594654739,133.35135176375107,260.273318477676,132.66687578180728,187.9948914431673
2022-07-06,96.22921860246316,83.40743315895783,123.01762724130629,68.73422772205127,113.80124791171286,97.80892986138588,103.56956460072355,107.56112228470755,134.70270311510242,259.6607108087098,134.08360315676796,190.10217113665388
2022-07-07,96.22921860246316,85.16063872387831,123.13348200564624,69.713194283655,113.99803374313299,96.78088680656691,103.56956460072355,108.05382393663731,137.54053889094172,296.74835031082614,135.1492592954925,190.80459770114942
2022-07-08,96.22921860246316,84.69927186993384,120.87204587614939,69.8661556207427,114.17513778851674,96.58359209629613,103.56956460072355,106.32665025302708,135.0540573532517,284.3543816942168,132.91337361767927,198.786717752235
2022-07-11,96.22921860246316,82.93767595495272,119.16093315727234,68.07648346939233,113.47982945227943,95.53478409606416,103.56956460072355,104.36936760222659,131.94594512114654,302.8275297733911,130.81691914035156,199.55300127713923
2022-07-12,96.22921860246316,83.31515850817655,120.30835746841457,67.90822249753525,113.04034429833551,95.15056526443733,103.56956460072355,105.93952824686646,132.3243218499261,290.43356115678176,133.88441742358117,187.1647509578544
2022-07-13,96.22921860246316,82.66085200260888,121.44019636559196,67.13575432451003,113.75532641337325,96.42782727685132,103.56956460072355,107.6531578036005,130.81081493480787,315.2214983900004,135.36089933124313,189.01660280970626
2022-07-14,96.22921860246316,81.43612329219415,120.47991388607264,66.53919694072657,111.80714988520826,96.35513808411412,103.56956460072355,106.03157385073845,125.91891933131862,311.0273312859896,134.22552759227582,177.52234993614303
2022-07-15,96.22921860246316,81.77166689503863,121.04583333466135,67.30401529636711,111.66940140466137,97.2689462103143,103.56956460072355,105.64173898521119,127.24324819203969,330.63147329762444,135.01978916254848,154.34227330779055
2022-07-18,96.22921860246316,82.04010049732183,121.50703197517127,67.64818122236497,112.1154444848721,96.9470380599821,103.56956460072355,105.83665137548515,127.83783577583931,352.4505261781243,134.7035757264337,156.38569604086845
2022-07-19,96.22921860246316,83.17255455695528,122.85275332220576,69.59847036328873,112.16792390947852,95.10902745108355,103.56956460072355,106.45388234883599,130.05405116725612,342.31856789755597,135.36836716376231,152.42656449553002
2022-07-20,96.22921860246316,83.25643885767592,123.31395196271569,69.5602271114663,111.47917349950805,95.32710295182295,103.56956460072355,106.01802972386226,129.9999958760029,377.3327072879347,134.77826592417335,151.2771392081737
2022-07-21,96.22921860246316,83.63392141089977,124.05587928666613,70.63097397638325,112.34502795486225,95.12980031902435,103.56956460072355,107.00885874645536,130.540538478542,373.7983147334257,136.19997976917867,147.0625798212005
2022-07-22,96.22921860246316,83.5919824605204,125.14315048678655,69.83556218630498,113.28960154712611,96.79127324053731,103.56956460072355,108.56005963046422,130.81081493480787,391.0933019996038,136.88717470406488,144.12515964240103
2022-07-25,96.22921860246316,84.72443652015383,124.07815782319256,70.47801263929553,112.75828140373893,95.91900292769095,103.56956460072355,109.12585721061383,130.91891520732156,411.26297468414873,136.85978473646267,148.14814814814815
2022-07-26,96.22921860246316,84.48116756809063,121.94150062145113,70.05736020965284,112.67300434056249,95.77362454221655,103.56956460072355,106.2806324935806,129.86486280286633,423.79830911564574,133.36403178423498,152.4904214559387
2022-07-27,96.22921860246316,85.98272023084918,120.69157591907992,70.70745464492711,112.76483933000574,95.77362454221655,103.56956460072355,105.7446057716134,132.27026655867292,409.3779623255946,133.20966491871104,153.32056194125158
2022-07-28,96.22921860246316,86.70413673697814,119.14756816015728,71.7399640931226,114.81141678111675,96.5628192283553,103.56956460072355,104.22047297139882,133.3783742543813,383.31762040278807,130.54303133687736,157.088122605364
2022-07-29,96.22921860246316,87.19905859120328,117.63251081231454,71.32696148086461,115.63791567163415,97.1962570175771,103.56956460072355,104.37478323598137,134.72972560573265,387.79454160769404,129.0416526966355,157.40740740740742
2022-08-01,96.22921860246316,86.36859313413366,117.69489496419021,70.86042181711579,116.03804526074121,96.15783545131552,103.56956460072355,104.8837317891752,131.00000329919763,390.3393060446301,128.7553105905975,155.0446998722861
2022-08-02,96.22921860246316,87.31649789220455,118.46356290637479,71.50286643500536,116.17579374128812,95.69054891550894,103.56956460072355,106.65692323223166,132.70269857870565,363.147970189363,129.0740172617346,151.02171136653894
2022-08-03,96.22921860246316,87.78626149617156,119.35923019316459,72.49713263137846,115.31649721220072,96.27206245740652,103.56956460072355,107.08736022345089,130.35135011415224,389.5381656802407,131.4070085073928,151.08556832694765
2022-08-04,96.22921860246316,89.60657706165333,119.4862189137657,74.84512474979087,117.31715316497213,97.94392181288987,103.56956460072355,106.71106948479982,132.1621662861592,382.7521122009979,131.53150404283994,153.8314176245211
2022-08-05,96.22921860246316,89.92533996437655,118.91139654976968,75.64053653986915,116.2938684430346,98.63966236087843,103.56956460072355,106.35371833682161,134.45945945945945,380.01886001087826,129.7487697666047,155.87484035759897
2022-08-08,96.22921860246316,91.61144192869764,118.3187471069509,77.26194771936245,117.20564439672843,99.57424335501942,103.56956460072355,103.5247304360734,135.8108108108108,357.6343213997081,128.5909826575321,155.4278416347382
2022-08-09,96.22921860246316,91.90504018120086,116.06176243515772,77.59081984569193,117.67792718924237,99.09657038524243,103.56956460072355,102.57451362415131,137.97297091097445,369.1329057753362,127.23400981527266,157.21583652618136
2022-08-10,96.22921860246316,93.20526924223746,116.48285546031845,78.96749521988528,117.78287803121925,99.68847036111042,103.56956460072355,102.63407551047399,138.3783804403769,386.5221369181061,127.57263862149273,158.6845466155811
2022-08-11,96.22921860246316,92.70195703795171,116.84602641531126,79.54110898661568,117.39586429464579,98.83696499367704,103.56956460072355,103.82793533148372,139.86486486486487,418.19037150715934,126.82567728135754,160.727969348659
2022-08-12,96.22921860246316,95.3611284105637,118.55937017504215,81.45315487571702,117.97966386263938,99.771545987818,103.56956460072355,104.97306453368003,142.7027006407042,413.1950865098789,128.40175799188677,163.40996168582376
2022-08-15,96.22921860246316,95.75539166390882,115.86124498241568,81.86615748797502,116.851428298725,101.39148109597716,103.56956460072355,103.04286005165318,139.70269899110534,411.31007415132484,126.35759021474115,160.08939974457215
2022-08-16,96.22921860246316,96.25870386819457,115.3109215717959,81.98852539062501,116.31354222183504,101.23571627653234,103.56956460072355,103.60594477243585,140.13513101113807,439.6324488812921,126.87298938404273,156.06641123882503
2022-08-17,96.22921860246316,96.28386851841458,116.50736503769875,82.02676864244742,115.46736955251721,99.73000817446422,103.56956460072355,103.65197261686139,141.13513843433276,435.62679200158465,128.0217771019396,157.088122605364
2022-08-18,96.22921860246316,96.13287421713265,117.05768844831852,81.37667420717317,115.13939316681699,100.114227006091,103.56956460072355,103.58699509678392,140.27027439426732,432.9877387458171,128.6009437250736,158.30140485312901
2022-08-19,96.22921860246316,94.56421795377474,116.11301263077219,80.49713193116634,114.63430472849706,100.114227006091,103.56956460072355,102.99954506659456,137.02702908902555,439.9623249204832,128.65073719023337,159.89782886334612
2022-08-22,96.22921860246316,93.41498319402002,115.26190241703529,79.38814764952795,113.74221056083962,100.114227006091,103.56956460072355,102.11971132352538,135.13513513513513,456.17344019249646,128.68559499035476,161.81353767560665
2022-08-23,96.22921860246316,95.57923271240688,114.11002664818939,80.03824208480222,114.58183331112659,100.71650549340157,103.56956460072355,101.47269940701331,141.3513492893528,433.2233709084164,128.3793426217815,168.5823754789272
2022-08-24,96.22921860246316,95.78894666418944,113.27674351327528,80.03824208480222,114.64742858826665,101.14226213838218,103.56956460072355,100.99894743073547,138.75675716915646,439.67954834846824,127.06968188220722,170.05108556832695
2022-08-25,96.22921860246316,96.27547816835394,113.42825243526077,81.26195028680688,115.29681542616433,100.155756896917,103.56956460072355,100.9150202350061,139.1891891891892,441.8001928696215,127.23400981527266,167.94380587484036
2022-08-26,96.22921860246316,94.91653585677858,113.43716597467217,80.34417059407862,113.87995904138653,98.79542718032324,103.56956460072355,101.20469108851925,135.13513513513513,438.07726761968945,127.19915201515126,170.81736909323115
2022-08-29,96.22921860246316,94.92492620683922,112.32315415631756,80.68833652007649,113.91275667995654,99.11733533065544,103.56956460072355,99.22034035392423,133.72972849253063,440.7634203426329,126.04884461114555,174.64878671775224
2022-08-30,96.22921860246316,93.34787319345875,112.06470400940351,80.38240801080008,113.03377836483273,99.29387301804105,103.56956460072355,98.19702761378207,131.75675675675674,426.1074413899825,125.16993177559175,173.62707535121328
2022-08-31,96.22921860246316,92.89489028961299,114.3372847191656,78.31740078461101,112.35159388836504,99.59501622296023,103.56956460072355,99.96751628245093,129.72972972972974,430.11309826969006,127.52781975382985,172.09450830140486
2022-09-01,96.22921860246316,93.31431819317811,115.8345043641815,79.54110898661568,111.28894559435471,99.59501622296023,103.56956460072355,100.61452819896297,129.72972972972974,436.4750318331501,129.01675596405562,168.1353767560664
2022-09-02,96.22921860246316,93.79246574724388,116.15980074467893,80.22944667371236,112.15480805694492,100.97611088496696,103.56956460072355,101.26154011547503,129.75675222036,414.0433712836841,130.4782903341315,170.88122605363984
2022-09-06,96.22921860246316,92.79423168873299,114.18354475632624,79.38814764952795,111.53821085038128,100.07268919273722,103.56956460072355,99.37735339289463,130.81081493480787,383.83602913740225,128.3245745591248,173.88250319284802
2022-09-08,96.22921860246316,92.96200029017427,116.80815184081588,79.73996339291051,112.03673335519844,100.45690010183617,103.56956460072355,98.51106377670166,129.7837850209829,372.99717436903626,130.63515043467774,172.2860791826309
2022-09-09,96.22921860246316,95.23529875950179,116.20212677687798,80.84129785716421,112.5746114248524,101.23571627653234,103.56956460072355,98.10498200991007,134.78378089698586,376.8143210244404,129.8035497018091,178.41634738186463
2022-09-12,96.22921860246316,96.07415456663202,115.0725295445585,81.99617520800967,113.35519682426616,100.62305135525138,103.56956460072355,97.67184224430324,136.21622034021325,388.73702531585127,128.13533802093178,181.92848020434226
2022-09-13,96.22921860246316,93.70858144652323,114.85863647069733,80.19885323927461,111.83994752377828,98.65004879484886,103.56956460072355,96.67019203917962,132.1621662861592,390.3864504540458,126.78335164871694,181.09833971902938
2022-09-14,96.22921860246316,93.44853819430067,115.34211364773374,80.52772536560408,111.28238766808789,99.37694072222084,103.56956460072355,97.29012578691832,128.91892098091745,429.5004906007239,129.21842305971703,181.09833971902938
2022-09-15,96.22921860246316,93.2388242425181,114.76729128373773,79.73231357552581,109.24237615047967,99.32502439742443,103.56956460072355,97.82615250888551,129.9999958760029,392.27146281259996,128.54368242739463,173.0523627075351
2022-09-16,96.22921860246316,92.67679238773171,116.68560395391434,78.94455160283222,109.65562159212037,99.92731080726281,103.56956460072355,99.04978318807764,129.59459665659313,365.88124485060246,130.62021476963932,172.98850574712642
2022-09-19,96.22921860246316,94.84103550615669,116.94851618253612,81.91204472208115,109.29484756785011,100.0519163247964,103.56956460072355,99.57497864253554,133.51351763751055,365.3157366488122,130.73474923754497,173.24393358876117
2022-09-20,96.22921860246316,95.44501271128433,115.46911299233894,84.13001912045888,108.86847826643982,101.06957294564496,103.56956460072355,97.73410690501377,131.08108108108107,363.66635645285726,128.74784275807832,176.75606641123883
2022-09-21,96.22921860246316,94.61454725421474,114.15903517894594,83.17399617590823,109.18989672587325,100.71650549340157,103.56956460072355,96.91925068202202,130.2702723322688,366.58811886728023,128.01582895552923,175.095785440613
2022-09-22,96.22921860246316,96.69490607191906,113.20990790369596,84.28298045754661,109.5965922484831,101.37071615056419,103.56956460072355,96.95715003332589,133.24324118124474,334.0716444466616,128.73540032806224,175.79821200510855
2022-09-23,96.22921860246316,94.43838830271281,112.09589608534134,82.3938840205993,107.92391268141195,101.66147292151295,103.56956460072355,97.25222643561449,129.4594635834565,321.77191970664404,127.36846641826132,172.86079182630908
2022-09-26,96.22921860246316,92.5761273868898,110.62095497685189,80.84129785716421,106.48081658433092,100.72689192737198,103.56956460072355,99.26094247961593,127.02702702702702,325.3063122611531,130.9364282057541,170.17879948914432
2022-09-27,96.22921860246316,91.62822262881892,114.7516952457688,79.86998111294514,106.7038341208183,100.4153622884824,103.56956460072355,100.81756908235863,127.97296884897591,313.4307299080381,134.18817655713212,170.49808429118772
2022-09-28,96.22921860246316,91.67855192925892,114.91878958171915,80.22944667371236,108.91439976477943,100.80996755407956,103.56956460072355,100.61452819896297,127.75675799395587,323.6569320651982,133.90682092113877,171.26436781609195
2022-09-29,96.22921860246316,91.2842886759138,116.20880927543548,80.07647950152366,108.78976713676616,100.03115137938339,103.56956460072355,100.76342282979074,128.08107943148227,323.9396861660933,133.80971535329377,171.0089399744572
2022-09-30,96.22921860246316,93.33948284339812,118.15387318785035,81.1472263664406,109.04559031905954,101.29802695782695,103.56956460072355,101.13972365342087,132.13513348553633,318.8501348211013,134.35749096024216,173.0523627075351
2022-10-03,96.22921860246316,98.52361198746146,118.17392068352292,86.01912139250717,111.04624627183092,101.87954049972454,103.56956460072355,101.18574141286733,135.4594565726615,304.90102988512876,134.80814912679787,173.88250319284802
2022-10-04,96.22921860246316,98.26356873523889,113.06508148026799,85.76672993472155,112.89602988428584,102.12875945731955,103.56956460072355,96.72974384052351,137.5675716915646,322.1960396224268,128.5635926899299,174.4572158365262
2022-10-05,96.22921860246316,99.35408384449295,115.04801996717819,86.6768656451661,112.25975889892177,101.21495133111938,103.56956460072355,97.31990673007954,138.9729680241765,326.5786944796211,128.86984505850316,174.71264367816093
2022-10-06,96.22921860246316,99.68962104737552,114.63806089827867,86.29445646734582,112.2794326777222,102.28452427676433,103.56956460072355,97.34698489885315,138.45945822226037,328.55797318588685,129.35287966270567,172.54150702426566
2022-10-07,96.22921860246316,98.78366163964594,113.7914127662495,85.63671221468691,111.54476877664807,101.13187570441178,103.56956460072355,97.41736796770631,137.83783783783784,318.00189498953574,129.9728522323714,174.52107279693487
2022-10-10,96.22921860246316,98.34745303595952,113.42825243526077,84.89483747609943,109.36700877849294,101.58878372877575,103.56956460072355,96.77035605119427,139.3243222623258,303.25164968917386,129.43255633048994,178.35249042145594
2022-10-11,96.22921860246316,97.19822467616675,112.15828023721701,84.03823881714565,110.11478853210068,100.7372783613424,103.56956460072355,96.39676808693079,138.91892304291596,310.8388435328061,129.14373286197736,177.01149425287358
2022-10-13,96.22921860246316,96.65296712153969,114.41303386815633,83.21988341001435,109.54411282387669,100.29075677094879,103.56956460072355,97.62581439987771,139.5405434273385,317.67201895034475,131.75061191110976,178.22477650063857
2022-10-14,96.22921860246316,94.7235962051554,114.4308609469791,82.67686307772168,107.68776327791898,101.50570810206816,103.56956460072355,96.67019203917962,137.83783783783784,304.0999119918592,130.961324938334,176.18135376756067
2022-10-17,96.22921860246316,96.21675851785332,115.32651760976482,83.99235158303956,108.69137422105608,101.50570810206816,103.56956460072355,97.10333180478673,139.56756591796875,282.7050014982619,132.6444722842497,174.58492975734353
2022-10-18,96.22921860246316,97.9448058325157,115.74315917722188,85.32313388802582,108.16661200393571,101.86915406575415,103.56956460072355,95.90135357563436,141.3513492893528,270.7351527974353,131.39851963576925,173.9463601532567
2022-10-19,96.22921860246316,98.3390690858608,115.08366350081968,85.5831751631961,106.75631354542472,101.76531349363356,103.56956460072355,95.05942926884809,139.51351062671557,257.39867800154894,130.4633546690931,173.24393358876117
2022-10-20,96.22921860246316,99.06886954208849,114.5845902858144,86.7456964963253,106.97278116288128,101.76531349363356,103.56956460072355,95.22456071596086,141.89189189189187,252.49763688086026,131.19536847164218,174.71264367816093
2022-10-21,96.22921860246316,101.60221766360047,113.59312635436132,88.87189059138983,108.29780255821582,100.83073249949257,103.56956460072355,94.0361165287059,143.51350938951646,233.6946352336148,129.88570773206794,174.7765006385696
2022-10-24,96.22921860246316,98.15451978429826,112.79549737709276,84.89483747609943,108.14693021789932,101.87954049972454,103.56956460072355,93.39180738658145,142.43243449443094,245.0047093849396,128.5611113274553,174.07407407407408
2022-10-25,96.22921860246316,97.15627932582545,116.82597891963866,84.21414960638742,108.41587725996229,100.68535411401818,103.56956460072355,96.49963487333302,141.75675881875526,264.51460751998275,132.1166188123843,175.28735632183907
2022-10-26,96.22921860246316,95.69667201340818,117.9154705366089,81.27724408647526,109.1505411610364,100.53997572854378,103.56956460072355,97.23869239371709,143.4864868988862,264.18473148079175,132.34070127815102,174.96807151979564
2022-10-27,96.22921860246316,97.02206572466481,120.9990452207546,83.44168143336222,108.93407354357987,100.6749676800478,103.56956460072355,99.75365421652478,143.18918795199008,244.3920792448535,134.0512385916689,174.26564495530013
2022-10-28,96.22921860246316,97.28210897688737,118.55045663563078,84.26003684049356,107.5500147973721,101.68223786692596,103.56956460072355,98.79531899645978,140.945950069943,267.86051232130825,132.93827035025916,173.88250319284802
2022-10-31,96.22921860246316,98.44811803680145,117.49883959315588,86.61567877629062,107.30731547484831,101.52647304748115,103.56956460072355,97.12499433980555,140.13513101113807,299.48162497206556,131.67590984082238,176.62835249042146
2022-11-01,96.22921860246316,98.94303989102659,114.02090187807956,87.11281187447717,107.90423089537553,102.86603781866192,103.56956460072355,94.2581070877535,142.3783792031778,269.27428282578376,128.94454712879056,178.22477650063857
2022-11-03,96.22921860246316,99.17792489299103,112.41004788557352,87.15104929119862,106.74319769289112,101.86915406575415,103.56956460072355,94.15523021637219,142.08108025628167,281.5739850946815,128.0432189231314,173.4993614303959
2022-11-04,96.22921860246316,100.18454930156256,111.05764403998153,87.60994497266371,109.70810101672679,101.70301073486674,103.56956460072355,93.33225558523782,147.70270682669974,301.60226949321896,127.35353075322293,173.9463601532567
2022-11-07,96.22921860246316,97.8021954813325,112.15382877951335,85.5831751631961,109.97048212528698,100.6334377892218,103.56956460072355,93.32954272587092,146.35135547534838,327.2384465580031,126.43806234322301,172.6053639846743
2022-11-08,96.22921860246316,98.53200233752209,115.02127934894403,85.51433847693596,112.30567239002542,101.50570810206816,103.56956460072355,95.13793074584362,149.89188941749367,289.2554228149055,128.31030375675905,170.49808429118772
2022-11-09,96.22921860246316,96.37614316919586,115.43346945869743,81.3001935386293,112.17448183574533,100.72689192737198,103.56956460072355,95.8255548730267,149.72973385372677,276.3901898730977,128.0531799906729,169.73180076628353
2022-11-10,96.22921860246316,93.07104924111493,115.68300606620008,76.90248799369621,114.81141678111675,100.3115217163618,103.56956460072355,95.99339917950638,149.216213741818,294.01507564958666,129.1039004643591,166.85823754789274
2022-11-11,96.22921860246316,95.21013410928178,121.31764847869042,75.17399687612034,115.84125942932108,98.90965418641424,103.56956460072355,102.08722760597631,160.78378832018055,277.04996442259954,132.99752623595595,168.07151979565774
2022-11-14,96.22921860246316,95.99027026591138,122.76140813524611,75.83174112877927,116.33978193413823,99.67808392714,103.56956460072355,103.79003598017987,161.05405446645375,279.5947288595356,131.4408452684098,167.87994891443168
2022-11-16,96.22921860246316,93.49886749474067,122.99757974563373,74.45506575458593,116.3004263693014,99.13810819859624,103.56956460072355,103.91456530160094,158.97297214817357,292.1771852293285,132.75152704708842,169.92337164750955
2022-11-17,96.22921860246316,92.76906063855108,124.95822907201344,73.80497131931166,115.50016719108724,98.70197304217304,103.56956460072355,104.85395084601375,156.89188982989336,300.14137705044755,134.42720656048493,170.49808429118772
2022-11-18,96.22921860246316,92.34124878488721,125.13646798822904,74.26386116567579,114.91636762309363,98.70197304217304,103.56956460072355,104.56969562625562,154.9999958760029,297.0311044117213,135.00236026248777,170.56194125159644
2022-11-21,96.22921860246316,93.11299459145619,123.74172748643394,74.79923751568474,113.96523610456298,98.77466223491027,103.56956460072355,103.80898565583179,153.27026779587206,319.32139914629965,133.98649758892302,168.45466155810985
2022-11-22,96.22921860246316,92.38318773526659,121.35107159548213,73.72849065076781,114.0242734554362,98.13083801171807,103.56956460072355,101.32651763555248,154.59459665659313,319.46276496118736,132.42536441597989,167.7522349936143
2022-11-23,96.22921860246316,92.39996843538788,123.02654078071768,74.14913724530953,114.45720068311331,97.1962570175771,103.56956460072355,102.75048642375242,155.67567155167862,344.39209048041346,133.39888958435634,169.4125159642401
2022-11-25,96.22921860246316,92.19025448360532,123.31395196271569,74.18738049713193,115.0082026125369,97.4143245957887,103.56956460072355,103.92539656911022,155.16216174976245,331.0084937462312,132.46022221610124,170.6257982120051
2022-11-28,96.22921860246316,92.33285843482659,125.2322752568964,73.83556475374941,114.1423401499467,97.57008941523348,103.56956460072355,105.24378571154128,154.1621646365604,316.30537038416514,134.66374332881543,170.81736909323115
2022-11-29,96.22921860246316,94.16156435036899,123.5746331504836,74.81453131535312,114.68678415310347,98.29698926513328,103.56956460072355,104.67798813139142,158.35135176375107,340.95194180249615,133.57317858496327,170.05108556832695
2022-11-30,96.22921860246316,95.428238411125,121.11936206680225,74.76099426386233,114.52935388652017,98.95119199976804,103.56956460072355,102.7910885494441,158.7837837837838,326.5786944796211,131.1704717390623,169.09323116219667
2022-12-01,96.22921860246316,94.17833865052835,120.33286704579487,75.02867952131632,118.14365205548951,100.03115137938339,103.56956460072355,102.07098070471197,157.78378667058172,317.5306306643373,129.01398966043564,166.0280970625798
2022-12-02,96.22921860246316,94.76554155549665,121.54936863137435,76.0764827691802,117.80255981725564,101.03842156626158,103.56956460072355,103.83876659899298,158.05405281685495,295.99435435585247,129.06405619419309,162.19667943805877
2022-12-05,96.22921860246316,92.55934668676852,122.47844841095177,73.59847293073315,115.93309441876436,99.44962991495801,103.56956460072355,104.99472706869888,157.6486535974451,262.81810538573194,129.92056553218933,160.60025542784163
2022-12-06,96.22921860246316,93.2388242425181,123.42980672705563,74.11089982858807,116.05772704677764,98.65004879484886,103.56956460072355,104.56699285186775,161.08107695708404,257.72855404073994,131.46428167761948,159.77011494252872
2022-12-07,96.22921860246316,92.53418203654853,122.01056727188431,74.21032411418498,117.12036733355198,99.13810819859624,103.56956460072355,103.47599981726026,157.2972993592958,269.6984027415665,130.31894887111065,160.3448275862069
2022-12-08,96.22921860246316,91.07457472413124,121.8590583498988,71.81644476166646,117.33026901750574,99.19002452339262,103.56956460072355,103.30815551078058,156.75675675675674,280.96135495459544,129.57198753097546,161.43039591315454
2022-12-09,96.22921860246316,91.2842886759138,122.83270582653319,71.70172084130019,117.94686622406935,98.81620004826405,103.56956460072355,103.53826447797081,162.16216216216216,294.2978297504818,130.07742563273555,162.13282247765005
2022-12-12,96.22921860246316,89.43880846021206,122.87949394043991,69.8661556207427,116.79239094785177,96.79127324053731,103.56956460072355,103.77378907891553,158.6486507106472,310.4147011459035,130.34384560369057,163.79310344827587
2022-12-13,96.22921860246316,87.95403009761286,124.92035449751808,68.26003824091778,118.98327480577649,97.03011368668969,103.56956460072355,104.75648960838721,156.89188982989336,326.8143266422203,132.49258678120034,164.4316730523627
2022-12-14,96.22921860246316,88.14696974923604,125.25901587513056,68.83365200764818,118.56346343063299,97.34163540305147,103.56956460072355,105.66339143525096,158.6486507106472,303.0160175265746,131.78297647620886,163.2183908045977
2022-12-15,96.22921860246316,88.05469509845477,125.49517686151408,68.75717133910433,116.57592333039521,96.96780300539508,103.56956460072355,105.587592732643,156.21621415421768,328.46370683817526,131.3945660773767,166.9220945083014
2022-12-16,96.22921860246316,87.35844324254583,125.65336828205712,68.68069067056048,117.41554608068219,97.15471920422331,103.56956460072355,104.30981580088299,154.05405405405406,311.0273312859896,132.25605001286985,166.79438058748403
2022-12-19,96.22921860246316,88.72577590418182,125.23450629775026,71.39579233202377,117.2646737403657,97.13395425881029,103.56956460072355,105.14090884015972,151.32432886072107,275.7304377947157,132.12431222331026,165.3256704980843
2022-12-20,96.22921860246316,90.83130577206805,125.05625675753058,73.33843165556286,119.11446536005657,96.9885758733359,103.56956460072355,104.57782411937704,154.08107654468432,250.98964497091282,131.75310514613207,166.5389527458493
2022-12-21,96.22921860246316,91.30106297607317,123.01094474274876,74.37858508604207,119.11446536005657,96.52128141500152,103.56956460072355,106.69753544290242,153.81081039841112,251.2723766006881,129.43255633048994,169.15708812260536
2022-12-22,96.22921860246316,91.37656332669508,122.85275332220576,73.59082311334846,117.21876024926206,97.0924164454565,103.56956460072355,106.34559992867898,152.16216010016365,235.57964759216895,129.46990736563362,168.71008939974456
2022-12-23,96.22921860246316,92.87811598945363,121.96377915797756,76.48183556405354,117.80255981725564,97.61162722858728,103.56956460072355,105.64715461896567,150.29729894689612,239.34967230927722,128.61587939011196,170.17879948914432
2022-12-27,96.22921860246316,92.20702878376468,121.62956923806874,74.41682833786447,119.04231215664973,97.67392998735409,103.56956460072355,106.2806324935806,154.72972972972974,248.91612238805533,129.90812310217325,172.3499361430396
2022-12-28,96.22921860246316,93.3814281937394,125.37263959861662,76.32122440958115,118.5897031429362,99.68847036111042,103.56956460072355,107.32018205000801,155.1351392591322,221.9132967570916,131.77053404619278,174.39335887611747
2022-12-29,96.22921860246316,93.19687889217684,124.49703043150349,76.05353915212714,119.35060675631355,98.56697316814126,103.56956460072355,106.3645496043309,155.56757127916492,214.84448917695366,131.1356139389409,173.5632183908046
2023-01-03,96.22921860246316,88.16374404939542,127.5137588820658,71.1281070745698,120.67562815164807,97.61162722858728,103.56956460072355,110.9396608643413,154.18918712719068,187.93590742258166,133.45941583265977,171.26436781609195
2023-01-04,96.22921860246316,89.53946706109204,128.6968373508536,71.2275313601667,121.53493268797146,96.62512990964991,103.56956460072355,113.0295912447052,155.91891520732156,196.6069732603786,136.40663333488467,166.98595146871008
2023-01-05,96.22921860246316,91.29267902597442,128.30025390307318,73.6825975815607,120.35421769945064,95.64901110215514,103.56956460072355,111.20766918283536,158.9189168569204,175.30631787893302,135.2015459956746,166.73052362707534
2023-01-06,96.22921860246316,92.63484703739043,125.35259210294404,74.81453131535312,122.2827124415792,97.57008941523348,103.56956460072355,108.64398682619361,159.72972560573265,174.8350647892945,133.20219708619186,167.0498084291188
2023-01-09,96.22921860246316,92.43352343566849,123.85981329162775,75.05927295575407,122.84027229726959,97.71546780070788,103.56956460072355,107.07653904092041,161.51350897711677,184.2601378176251,130.07991886775787,166.73052362707534
2023-01-10,96.22921860246316,93.9937957489277,125.59989766959283,77.12428018194312,122.76811909386274,99.25233520468723,103.56956460072355,107.96989674090793,163.78377965978672,171.48915998796897,130.80943943528465,167.3052362707535
2023-01-11,96.22921860246316,95.67989131328692,124.31656047443403,78.69980996243129,122.96490492528287,98.97195694518105,103.56956460072355,106.5080286014039,163.5405360041438,172.9971743690362,129.43006309546763,167.56066411238825
2023-01-12,96.22921860246316,95.0926948082805,123.68825687396966,77.24665391969407,124.33584781895703,99.70923530652341,103.56956460072355,105.87455072678927,163.91892304291596,174.12817953705672,128.43910902703047,171.39208173690932
2023-01-13,96.22921860246316,94.2873940014309,123.51001795775407,76.68833395263205,125.83798126691129,100.72689192737198,103.56956460072355,107.05217373151396,164.99999793800148,161.1215807803613,127.17425528257138,172.41379310344826
2023-01-17,96.22921860246316,94.79070620571667,124.116043021692,76.52007881587595,125.1033093586012,99.38732715619123,103.56956460072355,108.58984057362544,163.51351351351352,168.99151748932874,128.12787018841257,175.03192848020436
2023-01-18,96.22921860246316,95.18496945906178,122.52300548400466,77.95028540645914,124.91964738695064,99.29387301804105,103.56956460072355,107.61797131166358,165.32431937552786,156.03205190648913,126.97257631436227,174.0102171136654
2023-01-19,96.22921860246316,95.69667201340818,124.68418288713048,77.8661549205306,126.08068058943505,99.29387301804105,103.56956460072355,109.13939125251098,164.86486486486487,154.33553853667846,129.10638182683368,172.98850574712642
2023-01-20,96.22921860246316,95.19335980912241,124.8178647302932,77.19311686820328,126.36274348403165,99.29387301804105,103.56956460072355,109.0825422255552,164.08107860668287,149.57587446643728,128.80012945826041,172.7330779054917
2023-01-23,96.22921860246316,94.93331015693795,125.8650303150644,75.20459031055807,126.40865697513529,98.49428397540404,103.56956460072355,108.79288145702137,163.5675688047667,162.44109617268515,129.62924882865443,170.17879948914432
2023-01-24,96.22921860246316,96.12448386707202,126.0766923480717,76.1835568721618,126.85470806258199,98.01661100562707,103.56956460072355,107.91304771395218,164.86486486486487,153.534398172289,129.6192996336607,172.92464878671777
2023-01-25,96.22921860246316,97.1898343261061,124.59283770017085,77.09369258260634,127.33354878136274,99.16925957797963,103.56956460072355,106.81123349681418,163.1891920759871,144.53345629530108,127.93864552276727,172.3499361430396
2023-01-26,96.22921860246316,97.08078537516545,123.3741050737375,77.1319299993278,126.53984752941537,99.14849463256664,103.56956460072355,106.21836783287006,165.67567361367713,138.73704216919114,126.29035597697296,174.32950191570882
2023-01-27,96.22921860246316,95.21013410928178,122.87503185873219,75.56405587132528,126.50704989084534,97.65316504194108,103.56956460072355,105.56864305699109,162.75676005595437,146.51272376600687,126.05494710067634,174.4572158365262
2023-01-30,96.22921860246316,95.4869580616256,123.64146876006292,76.32122440958115,126.1331600140415,97.92315686747686,103.56956460072355,106.44576394069335,163.27026985787057,126.15457456383837,127.16181285255533,174.64878671775224
2023-01-31,96.22921860246316,96.17481956747393,123.59022918845251,76.78776407332994,126.5660872417186,98.78504074635282,103.56956460072355,106.11549096148876,164.86486486486487,126.48445060302936,127.35353075322293,173.62707535121328
2023-02-01,96.22921860246316,95.05913980799986,122.68342794540155,75.62523690509977,126.4545784734749,98.65004879484886,103.56956460072355,105.52804093129939,163.91892304291596,116.30537038416516,126.29035597697296,173.9463601532567
2023-02-02,96.22921860246316,93.36465389358001,123.90660140553449,76.1835568721618,125.70023278636438,98.39044340328346,103.56956460072355,106.34289715429112,156.21621415421768,115.73987341793486,125.82476214537888,172.47765006385697
2023-02-03,96.22921860246316,91.97215018176212,122.64109128919847,74.13384344564113,122.19744338563873,97.61162722858728,103.56956460072355,106.15880594654739,158.16216339936128,113.5721069584856,125.71769550999241,173.0523627075351
2023-02-06,96.22921860246316,92.24058378404531,122.4338913378989,74.41682833786447,122.4139029958593,97.61162722858728,103.56956460072355,105.92869697935716,156.18919166358742,115.78699535623073,128.22248252123524,173.43550446998722
2023-02-07,96.22921860246316,91.39333762685446,122.94409850916539,72.75716807144777,122.77467702012954,98.63966236087843,103.56956460072355,105.04616046190012,157.24324406804266,121.77191970664403,128.1204023558934,172.15836526181354
2023-02-08,96.22921860246316,93.19687889217684,124.45469377530041,76.68068997034835,123.1485749041694,98.43198121663725,103.56956460072355,107.5638250590954,157.13513348553633,112.91234364454374,129.70395089894183,173.30779054916985
2023-02-09,96.22921860246316,91.60305157863702,124.08038886404643,74.8298251150215,122.4139029958593,98.17237582507187,103.56956460072355,107.13880370163093,153.62162203402133,114.51461313776268,129.45994629809212,171.32822477650066
2023-02-10,96.22921860246316,91.65338727903892,126.52006390975885,74.3021044174982,122.19088545937194,98.53582178875784,103.56956460072355,108.87409579338383,152.3783812651763,118.4731368436144,131.70081844595,173.81864623243933
2023-02-13,96.22921860246316,92.58451773695045,123.98236117852927,75.56405587132528,121.47589533709824,98.53582178875784,103.56956460072355,107.11172553285759,153.00000164959883,113.3364747958864,129.80809688758788,174.96807151979564
2023-02-14,96.22921860246316,91.43528297719573,123.26493280795508,75.33460803059273,121.61364381764513,98.53582178875784,103.56956460072355,105.52532807193246,152.7027027027027,120.9707793422546,128.43661579200815,174.26564495530013
2023-02-15,96.22921860246316,92.90328063967364,124.0982159428692,76.61950310147287,120.31485412737783,99.42886496954503,103.56956460072355,105.67151992837238,155.4054054054054,116.44674743461267,129.26076056490533,172.7330779054917
2023-02-16,96.22921860246316,93.4569285443613,124.23858028458945,76.63479690114127,120.82650049196457,99.41847853557461,103.56956460072355,105.4657661856098,155.24323953164588,112.58246760535278,129.92056553218933,172.66922094508303
2023-02-17,96.22921860246316,92.54257238660915,123.90214994783082,76.13766963805568,120.7215496499877,100.6542027346348,103.56956460072355,105.33853408980087,153.45945616026185,107.21018463058549,129.89069420211254,173.11621966794382
2023-02-22,96.22921860246316,90.83130577206805,122.56311109935388,74.95219885277247,120.17054772056413,100.62305135525138,103.56956460072355,103.67904070065595,150.9459418219489,102.45052056034432,128.6382947602173,172.15836526181354
2023-02-23,96.22921860246316,91.20040437519316,121.67190589427182,74.8298251150215,119.25221384060347,100.64381630066438,103.56956460072355,103.3650146227154,151.94594924514357,109.0480638152838,128.25734032135662,168.6462324393359
2023-02-24,96.22921860246316,89.73240671271525,121.23966828884588,73.02485916400275,118.64874049380944,100.114227006091,103.56956460072355,103.316284003902,149.32432432432432,115.50424125533564,127.88386558756288,166.0280970625798
2023-02-27,96.22921860246316,89.61496741171395,120.54676011965604,72.7954113232702,119.18661856346343,99.68847036111042,103.56956460072355,102.91561787086519,149.6486457618507,128.69933900077447,129.66659986379813,164.17624521072798
2023-02-28,96.22921860246316,88.83483125508437,122.85275332220576,72.83365457509261,119.96720396287716,99.92731080726281,103.56956460072355,103.30003710263796,152.08108231828018,129.4533461913081,129.46492089558902,160.7918263090677
2023-03-01,96.22921860246316,88.59995265308183,123.33401008239233,71.39579233202377,120.54443759736799,99.46001634892842,103.56956460072355,103.9551775122717,155.4054054054054,132.46937495344264,130.36624910124814,163.60153256704982
2023-03-02,96.22921860246316,87.59332184454838,123.03545432012908,70.47801263929553,120.26894063627418,99.58462978898982,103.56956460072355,102.9670613490455,154.83784031223607,130.30160849399343,128.93209282622675,162.89910600255428
2023-03-03,96.22921860246316,87.99597544795414,122.7458120972772,70.39388215336699,121.20039036876844,99.42886496954503,103.56956460072355,102.94269603963879,156.13513637233424,141.80019286962155,129.46243953311443,164.8148148148148
2023-03-06,96.22921860246316,88.79288590474309,123.01539620045243,72.47418901432542,121.21351422853806,99.42886496954503,103.56956460072355,103.51390925354318,153.24324530524177,121.20641150485383,129.33295752762265,164.62324393358875
2023-03-07,96.22921860246316,88.37345800117798,122.60544775555698,73.04015296367112,118.98327480577649,99.20041095736303,103.56956460072355,102.54744554035675,151.7297280801309,126.6258276534769,128.28224892648424,163.98467432950193
2023-03-08,96.22921860246316,90.62998217034612,121.92590458348221,74.77628806353071,118.90455566886683,99.33541083139484,103.56956460072355,102.26860595435312,153.00000164959883,120.21678338728088,129.22340952976162,162.06896551724137
2023-03-09,96.22921860246316,89.04454520686693,120.85422942133069,74.5774394923369,119.99344367518039,100.6542027346348,103.56956460072355,101.49706471642004,149.67567856247362,119.83977417423411,128.08803779079432,157.98212005108556
2023-03-10,96.22921860246316,87.87853614695287,121.70756005191738,72.15296087027964,122.1384060347655,100.6542027346348,103.56956460072355,102.55556394849911,146.43243325723182,114.51461313776268,128.56857915997452,159.45083014048532
2023-03-13,96.22921860246316,87.4507178933271,121.30428348157538,71.94646248170112,125.3984881057314,101.65108648754256,103.56956460072355,104.52367786680914,145.59459170779667,122.80866976251286,129.86081099948805,159.514687100894
2023-03-14,96.22921860246316,87.2829492918858,125.29465940877205,71.26577461198913,125.03771408146113,99.97922713205921,103.56956460072355,106.66233886598644,145.75675758155617,121.25353344314969,130.61025370209782,160.2809706257982
2023-03-15,96.22921860246316,87.06484499004262,125.49072540381043,71.6634775894778,126.37585933656526,100.96573237352438,103.56956460072355,105.77438671477462,141.62162574561867,114.93873305354543,130.75964597012486,160.02554278416346
2023-03-16,96.22921860246316,87.81981649645219,124.61956769440094,73.07839621549354,125.87733683174811,101.09033789105797,103.56956460072355,107.77228157624583,142.05405776565138,118.4731368436144,131.641052040701,161.6219667943806
2023-03-17,96.22921860246316,86.56153278575684,123.61250772497895,70.74569789674953,129.20958011335685,101.75492705966313,103.56956460072355,106.13444063714068,141.10810563370987,110.17908021886424,130.20938900070192,162.0051085568327
2023-03-20,96.22921860246316,85.77300627906662,123.33401008239233,70.51625005601699,129.8261693126845,102.18068370464376,103.56956460072355,108.313713846989,141.32432679872255,104.75966407024113,131.4095017424151,161.68582375478928
2023-03-21,96.22921860246316,85.65556697806535,124.96491157057095,71.05162640602593,127.12364709740898,100.7372783613424,103.56956460072355,107.86702995450572,139.99999793800148,110.65033330850274,130.36127450375128,160.91954022988506
2023-03-22,96.22921860246316,84.99287012243704,125.75808909013585,70.51625005601699,127.70088873913579,101.21495133111938,103.56956460072355,107.20377113672934,140.54054054054055,102.3091435098968,130.4907446366953,161.81353767560665
2023-03-23,96.22921860246316,83.04672490589337,126.75846656100032,68.54302313314113,130.78386676471794,102.18068370464376,103.56956460072355,108.04028989474017,139.1891891891892,101.50801438106727,130.37123557129274,161.36653895274583
2023-03-24,96.22921860246316,84.12045931502615,127.81231464432905,69.47609662553776,130.0163972178378,102.07684313252314,103.56956460072355,109.63210298941979,138.64864658665013,104.42978803105014,131.8800820440538,164.24010217113664
2023-03-27,96.22921860246316,84.59860686909192,125.70015639596386,70.37858251859763,128.06822068967284,102.33644852408852,103.56956460072355,108.58713779923784,137.94594842034417,98.397741742341,130.59531803705943,165.58109833971903
2023-03-28,96.22921860246316,85.8904455800679,125.08299737576476,70.31740148482312,129.38012623247377,103.31255940905548,103.56956460072355,107.21730517862676,140.5675630311708,95.66446708110153,129.40019176539087,165.3256704980843
2023-03-29,96.22921860246316,86.50281313525623,124.68641392798435,70.68451102787405,128.96687278359707,103.30218089761291,103.56956460072355,106.68670417539315,142.1621580381651,93.82658227862325,128.5860080600352,166.1558109833972
2023-03-30,96.22921860246316,88.2056893997367,123.98904367708678,72.29827822508366,129.8983305233273,103.3956350357631,103.56956460072355,104.8160514947099,143.72973055452914,99.15174893287461,127.83407212240311,165.90038314176246
2023-03-31,96.22921860246316,86.4021481344143,123.6949393725272,71.83173856133486,129.1571006887504,103.37487009035009,103.56956460072355,103.59512358990564,141.78378130938555,104.42978803105014,126.80078054877765,168.71008939974456
2023-04-03,96.22921860246316,86.19243418263174,122.21999826403773,70.70745464492711,130.13447191958429,102.63758380647991,103.56956460072355,102.89666819521327,141.97296967377534,98.82186165812371,126.04387001364867,168.00766283524905
2023-04-04,96.22921860246316,86.48603243513494,122.98866620622233,72.16061068766432,132.64676622970646,103.5929376685617,103.56956460072355,103.66820943314639,139.51351062671557,99.24599280946637,126.06378027618396,166.98595146871008
2023-04-05,96.22921860246316,85.82333557950665,123.73950706958414,72.19885393948674,132.56149717376599,103.47871066247069,103.56956460072355,104.4045641791426,136.40540870460305,101.55513631936314,126.25301681437699,166.73052362707534
2023-04-06,96.22921860246316,85.76461592900598,122.21999826403773,72.05353658468272,131.97113967950557,103.5929376685617,103.56956460072355,104.1284273675271,135.6756777376742,94.76908284012035,125.31931217107106,164.36781609195404
2023-04-10,96.22921860246316,86.63702673641687,123.03990577783274,72.60420673436006,130.47556415781813,102.84527287324892,103.56956460072355,103.57617391425369,138.81081246040964,102.35626544819267,125.84716564293647,167.0498084291188
2023-04-11,96.22921860246316,90.18538961656103,123.03990577783274,75.58699948837834,131.50541481325843,103.3540972224093,103.56956460072355,102.65572796051376,145.13513719713367,103.01602876213454,126.11856021138834,166.28352490421457
2023-04-12,96.22921860246316,90.75581182140803,121.64739631689152,77.2925411538002,131.90554440236554,104.38213235470046,103.56956460072355,101.39960347879322,144.48648401208825,98.63336266938028,124.5922848385666,167.56066411238825
2023-04-13,96.22921860246316,90.5041525192842,120.4554149326964,76.96366902747071,133.89964242887012,104.89096462638867,103.56956460072355,100.05144347818032,142.81081122321052,94.58058385137691,122.42362152597381,166.60280970625797
2023-04-14,96.22921860246316,90.31960321772165,121.24635078740337,77.65965653195208,131.33486068690553,104.77673762029767,103.56956460072355,100.6632588177761,141.16216092496305,99.62300202251313,122.66762612682352,170.17879948914432
2023-04-17,96.22921860246316,90.1098892659391,120.26156935450783,77.41491489155115,130.81009846978517,104.88057819241826,103.56956460072355,99.22575598767902,140.05405322925463,107.21018463058549,122.21944932274238,172.79693486590037
2023-04-18,96.22921860246316,90.31121926762292,120.2036472843399,77.25430373707877,131.67596093237538,105.18172139733744,103.56956460072355,99.48293303866379,141.02702785182643,111.49858437562814,122.99378875793205,173.0523627075351
2023-04-19,96.22921860246316,88.2560187001767,121.83901085422623,76.11472018590165,130.87569374692524,104.81827543365145,103.56956460072355,100.6632588177761,139.1891891891892,104.71253089638533,124.1017824018449,171.71136653895275
2023-04-20,96.22921860246316,88.75094695436371,123.75732352440285,76.38241127845663,131.68907678490896,104.88057819241826,103.56956460072355,101.96540105894283,137.62161667282518,105.9849243504133,126.34264267715506,169.54022988505747
2023-04-24,96.22921860246316,88.27279940029797,123.53675857598827,76.28298115775871,130.47556415781813,104.58982142146947,103.56956460072355,102.01413167775621,134.4054041682063,107.11592951843379,125.68533094489334,166.34738186462323
2023-04-25,96.22921860246316,87.64365754495029,123.94448660403393,76.77246443856058,130.79698261725156,106.25129434298242,103.56956460072355,101.62430689720803,131.21621415421768,108.7181877760928,125.32429864111567,165.13409961685824
2023-04-26,96.22921860246316,86.88029568848006,123.54567211539964,75.59464347066205,130.2525386140948,105.65939436711443,103.56956460072355,102.31733657316653,131.45945780986062,99.7643790729607,125.81480107783737,163.85696040868453
2023-04-27,96.22921860246316,87.48427289360774,124.06479282607752,76.55831623259739,130.52804358242454,106.9574213249414,103.56956460072355,102.3200393475544,131.91892263051625,110.98020934769373,125.56332864446848,160.15325670498083
2023-04-28,96.22921860246316,88.65867230358245,122.28015137505955,77.10898638227474,130.54115943495816,106.79127007152618,103.56956460072355,100.67950571904043,136.08107695708404,113.5721069584856,123.90010343363578,162.45210727969348
2023-05-02,96.22921860246316,86.55314243569622,122.36927614516937,75.34225784797742,132.12856994608887,106.6666645539926,103.56956460072355,98.33238820271242,133.81080627441406,104.3355329188985,124.19140826462294,162.96296296296296
2023-05-03,96.22921860246316,86.47764208507431,123.53452753513439,75.4569817683437,133.06657760484995,105.89823481326684,103.56956460072355,99.97022914181758,134.05404993005698,102.26202157160091,125.44879417656283,164.8148148148148
2023-05-04,96.22921860246316,86.94740568904133,123.12456846623485,76.63479690114127,134.33912758281403,107.68431325231337,103.56956460072355,100.49271173690883,131.13513637233424,99.01037188242705,124.3532548352138,165.13409961685824
2023-05-05,96.22921860246316,89.50591206081143,122.32693948896629,79.38049783214328,132.33191370377583,106.9574213249414,103.56956460072355,100.51977982070312,137.24323994404563,100.70688525223777,124.05945676920432,166.85823754789274
2023-05-08,96.22921860246316,90.05116961543845,121.51371447372881,80.23709649109703,132.91571327176942,107.71547255422458,103.56956460072355,99.15266005945892,139.5405434273385,105.46653808691897,123.29009193151154,167.68837803320562
2023-05-09,96.22921860246316,91.12490402457124,122.66114940887509,80.54301916527248,133.5651001096671,107.00934557226557,103.56956460072355,100.3329858385715,140.29729688489758,106.8331754175387,124.69187176888614,164.04853128991058
2023-05-10,96.22921860246316,91.26751437575442,121.74988608411643,81.33078113796606,133.19121023286326,107.01972408370818,103.56956460072355,99.77801952593147,138.27026985787057,103.25164968917386,124.14161479946317,164.8786717752235
2023-05-11,96.22921860246316,91.94698553154211,120.9054689929411,82.7151063295441,132.1548016511561,107.37279153595158,103.56956460072355,99.79155356782861,136.70270765149914,103.20452775087799,123.07098406324172,161.55810983397188
2023-05-12,96.22921860246316,92.12314448304404,119.78255425917916,82.0955994936066,132.14168579862252,108.21391046941456,103.56956460072355,99.21762749455732,137.35135052655195,106.78605347924281,122.73734172706628,161.74968071519794
2023-05-15,96.22921860246316,92.66840203767107,118.88688697238938,82.54684535768703,132.37126926861268,109.3873239871801,103.56956460072355,98.07521115172791,138.91892304291596,111.92271552697079,122.50577955623265,151.34099616858236
2023-05-16,96.22921860246316,91.80438158032082,118.36775563770743,81.69024669873328,130.4296506667145,109.5327102951823,103.56956460072355,97.26305770312376,137.5945941821949,111.96983746526668,121.7015569184185,148.46743295019158
2023-05-17,96.22921860246316,92.98716494039428,119.51072849114601,82.5544951750717,129.92456222839454,109.35617260779671,103.56956460072355,97.99941244911996,141.13513843433276,111.45146243733225,122.9838395629383,143.4227330779055
2023-05-18,96.22921860246316,93.69180714636384,119.17652919524124,82.72275614692877,128.33715972449983,109.4496346684747,103.56956460072355,97.13311274794792,142.27026862067146,122.14891768413088,122.94150205774996,141.82630906768838
2023-05-19,96.22921860246316,94.09445434980772,119.11637608421945,83.20458961034596,129.79337167411447,109.39771042115049,103.56956460072355,96.9517343995711,143.59459748139253,121.8190416449399,123.60629349507859,141.63473818646233
2023-05-22,96.22921860246316,93.60791644568131,118.88243551468571,82.27916010023301,129.53755649905708,109.39771042115049,103.56956460072355,98.23222419069803,144.40540623020482,113.1008538688471,124.41300936791507,145.8492975734355
2023-05-23,96.22921860246316,93.43175749417938,119.53970015023405,82.67686307772168,129.38012623247377,109.3457940963541,103.56956460072355,96.89488537261533,143.32432102512672,109.3779510900347,123.64863100026689,147.5095785440613
2023-05-24,96.22921860246316,92.44190738576725,119.22554835000187,81.77437718466182,128.75041317337653,109.3457940963541,103.56956460072355,97.11146029790815,139.4594553354624,113.00659875669541,123.77560789818862,150.0
2023-05-25,96.22921860246316,93.53242249502131,118.7665701263417,83.72466632558556,127.45818140937601,109.0861887047887,103.56956460072355,96.37510555191196,138.9729680241765,108.7181877760928,123.46188769709616,150.8939974457216
2023-05-26,96.22921860246316,94.32094900171153,120.24375289968911,83.67112927409477,127.52377668651607,109.47039961388771,103.56956460072355,97.34968767324102,140.4594627586571,102.78039659953532,125.36911750877857,154.27841634738186
2023-05-30,96.22921860246316,92.55934668676852,119.6622374131315,82.76864338103489,128.43555264020992,110.75804806027207,103.56956460072355,96.72974384052351,139.27026697107266,109.66069395536991,124.94334420225502,151.72413793103448
2023-05-31,96.22921860246316,92.02247948220213,120.3395495443524,82.11089912837596,128.82256637678339,110.96572920451327,103.56956460072355,97.47963262841685,138.27026985787057,106.78605347924281,125.35915644123705,151.72413793103448
2023-06-01,96.22921860246316,94.10284469986834,120.3618387048829,83.49521848485301,129.74745818301082,110.93457782512985,103.56956460072355,98.35405073773127,138.94594553354625,101.69651336981067,125.85712671047796,151.34099616858236
2023-06-02,96.22921860246316,95.78894666418944,120.1345806339067,85.50669449465224,128.06822068967284,110.93457782512985,103.56956460072355,97.81532124137622,143.54054219013938,102.35626544819267,124.8188605393556,155.55555555555557
2023-06-05,96.22921860246316,95.7973306142882,118.19843026090322,85.91969127180927,128.43555264020992,111.66146975250184,103.56956460072355,95.70644118536012,143.89189642828865,105.79641412610994,123.4120942319364,152.61813537675607
2023-06-06,96.22921860246316,97.47504222854867,117.50774250856321,86.29445646734582,128.92751721876024,112.72066418670418,103.56956460072355,95.673947382832,144.5945945945946,106.59755449049936,122.6402361592213,155.3001277139208
2023-06-07,96.22921860246316,98.22162338489761,116.99975575414652,86.99043813672621,127.43194169707282,111.91068871009682,103.56956460072355,95.29224101042617,144.21621786581505,109.75494906752157,122.30161922554899,154.34227330779055
2023-06-09,96.22921860246316,99.47990709559296,118.21402629887214,88.25238959055329,128.7110496013037,112.35721030049042,103.56956460072355,95.95820260259012,143.89189642828865,106.2205452774526,122.55309165891785,154.34227330779055
2023-06-12,96.22921860246316,99.8741703489381,116.76581518461279,88.51243086572359,128.25844859482618,111.21494816210824,103.56956460072355,94.75892714782562,144.8918935414907,106.78605347924281,121.45257772007191,157.66283524904213
2023-06-13,96.22921860246316,99.22825419343104,116.51627857711013,88.09942825346558,127.55657432508607,111.26687240943245,103.56956460072355,94.36368673352263,144.81081575960727,110.27332409545596,121.0218298160515,156.44955300127714
2023-06-14,96.22921860246316,101.28344836091534,116.79477621969676,89.30019283841719,128.25844859482618,111.82762100591701,103.56956460072355,93.87097499661408,147.83783989983635,110.36757920760765,121.03179088359299,155.23627075351214
2023-06-15,96.22921860246316,101.37572301169664,116.2489148907847,89.98853052551387,128.42243678767628,112.17029410166222,103.56956460072355,93.09943375868069,150.0,119.36852108459554,119.88645807708419,159.19540229885058
2023-06-16,96.22921860246316,100.94790475807088,117.23815840538798,89.87380660514759,128.46179235251313,112.14952915624923,103.56956460072355,92.88557169275454,150.54054260253906,124.03393004268501,119.74204040655403,163.53767560664113
2023-06-20,96.22921860246316,101.76159591498113,116.19321323746657,91.01338432122371,126.95965890455886,112.17029410166222,103.56956460072355,91.10966739033117,149.00000288679794,117.43638678774555,118.93781776873986,164.4316730523627
2023-06-21,96.22921860246316,102.38235382023004,116.45835650694222,91.57934827056941,126.81535249774515,112.83489119279521,103.56956460072355,91.6971275054996,146.94594305914802,122.3845386111702,119.24656337233543,171.39208173690932
2023-06-22,96.22921860246316,101.266674060756,116.57643168813195,90.27150958263623,125.46408338287142,113.06333728244937,103.56956460072355,90.99055370266487,145.13513719713367,122.90292487466452,118.57430410248764,168.71008939974456
2023-06-23,96.22921860246316,101.20795441025534,116.42938484785417,90.2332721659148,125.88389475801492,113.18795072251078,103.56956460072355,90.27586149168751,144.8918935414907,128.60509512418272,118.7594683568109,161.11111111111111
2023-06-26,96.22921860246316,100.5117025543464,115.02574143065176,89.57552791325587,126.18563143141195,113.33332910798516,103.56956460072355,90.26774308354489,145.0540491052576,131.5268575386057,119.1519510395128,162.7713920817369
2023-06-27,96.22921860246316,100.0,115.82337040792032,89.33078627285491,125.54936044604787,113.01142095765297,103.56956460072355,89.97807223003198,144.459461521458,130.20735338184176,118.6987996379348,159.1315453384419
2023-06-28,96.22921860246316,99.30374814409103,117.3740606654005,88.56596791721437,125.43785167780419,112.80373189088397,103.56956460072355,90.5465826695485,142.29730142129432,122.66729271206532,119.77441684420083,150.70242656449554
2023-06-29,96.22921860246316,100.9227401078509,117.93774907313532,90.4015273026709,125.23449991288128,115.26479385503391,103.56956460072355,90.93912030946363,142.59459005819787,127.2855797318589,120.7703573826826,148.4035759897829
2023-06-30,96.22921860246316,100.32715325278383,117.50329105085954,91.00573450383902,126.015085312295,114.16406953000555,103.56956460072355,90.78481004488108,140.67567361367713,131.85674481335656,120.89733428060434,141.63473818646233
2023-07-03,96.22921860246316,101.92098056632366,116.26229051190381,91.93116401395197,126.05444087713184,114.76634801731613,103.56956460072355,89.71547954529242,143.18918795199008,127.66258894490565,119.11958647441372,142.33716475095787
2023-07-05,96.22921860246316,101.76159591498113,117.30054255726365,91.86233316279278,125.91669239658493,113.75908575296576,103.56956460072355,90.71712975041603,143.13513266073693,125.21206838456129,120.5064306467499,140.03831417624522
2023-07-06,96.22921860246316,99.94128034949937,117.18022571121598,89.48374760994264,125.20170227431124,113.509858872843,103.56956460072355,90.80917535428776,141.62162574561867,122.95004681296038,120.68818747987604,144.76372924648786
2023-07-07,96.22921860246316,101.1743994099747,119.30129749899258,91.38049969937559,126.34961962426206,114.13291815062216,103.56956460072355,92.50115246098204,144.70270517710094,121.67766459449234,122.46844039363668,143.16730523627075
2023-07-10,96.22921860246316,100.24326895206319,118.84901239789403,90.1338420452169,126.2709084945884,113.34371554195559,103.56956460072355,92.69065930248055,142.94594429634714,125.77756535079159,121.278288719465,145.78544061302682
2023-07-11,96.22921860246316,99.94128034949937,120.04990732150054,89.53728466143343,126.68416194346509,113.83177494570297,103.56956460072355,93.84390691281952,143.6216199720228,128.69933900077447,121.958015821832,146.04086845466156
2023-07-12,96.22921860246316,100.10904895094063,118.99382819731792,89.40726694139877,128.3174779384634,113.91484264988276,103.56956460072355,93.72208036578631,144.81081575960727,124.03393004268501,120.79525411526248,140.42145593869733
2023-07-13,96.22921860246316,101.57704661341856,119.5196420305574,90.79158629787584,128.51426376988357,112.52336155390562,103.56956460072355,94.27164112965065,146.43243325723182,119.93402928638577,119.93375830722164,151.5964240102171
2023-07-14,96.22921860246316,100.08388430072065,119.85830340816987,89.6137653299773,128.5733011207568,112.3364453550774,103.56956460072355,94.00904844491134,145.13513719713367,119.65127518549066,119.38350133779866,153.1928480204342
2023-07-17,96.22921860246316,100.72980685618957,119.35476811145685,90.2332721659148,128.06822068967284,113.48909392742999,103.56956460072355,93.45407204729199,145.64864699904982,118.37889296702262,119.21668016971094,127.52234993614304
2023-07-18,96.22921860246316,100.24326895206319,120.29054101359587,90.8680669664197,129.69497875840437,114.36136424027632,103.56956460072355,93.75998980206923,145.702702290303,123.89255299223747,119.65738914127286,135.05747126436782
2023-07-19,96.22921860246316,100.1006650008419,120.24597331653891,89.89675022220065,129.71466054444082,114.36136424027632,103.56956460072355,93.60567953748668,143.24324324324326,122.66729271206532,119.74453364157634,139.33588761174968
2023-07-20,96.22921860246316,100.6123675551883,119.51741098970355,90.52390104042185,129.11118719764676,114.37175067424674,103.56956460072355,92.88557169275454,144.2972956476985,129.92459928094664,119.26149903737384,137.2286079182631
2023-07-21,96.22921860246316,102.4662381209507,118.95150216511891,92.64244531810168,128.84880608908657,115.16095328291334,103.56956460072355,92.84225670769592,144.32432844832138,127.8510879336491,119.43578803798076,134.61047254150702
2023-07-24,96.22921860246316,103.21281927729966,118.38113125882657,91.44933055053478,128.5864249805264,115.16095328291334,103.56956460072355,91.25585924677108,148.0810835554793,126.53157254132523,118.95027207130366,143.16730523627075
2023-07-25,96.22921860246316,103.94262613348926,116.41825089159299,91.23518234457158,128.70449167503688,114.26791010212615,103.56956460072355,90.37332272931403,151.567572516364,128.65221706247857,117.65804023179012,142.40102171136655
2023-07-26,96.22921860246316,104.27816333637183,116.85717099557648,91.42638693348172,129.1505427624836,115.16095328291334,103.56956460072355,91.23961234550701,152.48648153769005,125.58906636204819,118.24066176631216,137.9948914431673
2023-07-27,96.22921860246316,102.11392021794686,116.85939141242628,90.09560462849545,127.60905374969252,115.30633166838773,103.56956460072355,91.34248921688831,151.35135135135135,117.43638678774555,117.9244483301974,136.20689655172413
2023-07-28,96.22921860246316,102.30685346960814,115.95927266793285,90.32504663412702,128.59298290679322,115.31671810235811,103.56956460072355,92.48220278533013,149.59459047059752,124.31668414358012,118.05890493318604,133.0779054916986
2023-07-31,96.22921860246316,103.8335707825867,115.62284233117421,91.15105185864304,129.25549360446047,115.99168578240591,103.56956460072355,90.7929284530237,153.75675510715794,124.12818515483667,117.60326029658574,128.73563218390805
2023-08-01,96.22921860246316,103.26314857773966,115.7498416757794,90.87571678380438,127.3007511427927,116.11629922246729,103.56956460072355,89.87520544362975,152.8648685764622,120.64090330306361,117.63811809670712,126.94763729246488
2023-08-02,96.22921860246316,102.87727567445519,117.09556302281388,90.86042298413598,127.08429153257215,116.64589643956846,103.56956460072355,90.83895629744924,150.83784154943518,116.72950153550781,119.31378573755592,124.71264367816093
2023-08-03,96.22921860246316,102.70111672295326,117.03763032864187,90.82982954969827,126.73007543456872,116.45898024074029,103.56956460072355,90.8470747055916,152.4054037558066,120.87653546566284,119.77192360917851,122.79693486590037
2023-08-04,96.22921860246316,101.80354126532238,119.3569991523107,88.84130299205306,127.22859793938585,116.45898024074029,103.56956460072355,93.31600868397378,152.3783812651763,121.44203243189315,122.41116722341002,123.69093231162196
2023-08-07,96.22921860246316,101.62738231382048,119.3748262311335,88.8260033572837,126.82846835027878,116.52128299950708,103.56956460072355,93.21854744634726,152.00000453639674,128.41658489987938,121.63930915069491,123.18007662835248
2023-08-08,96.22921860246316,101.41766836203792,119.92291860089941,88.6195049687052,126.21187114371514,117.11318297537505,103.56956460072355,93.07236567488614,149.6486457618507,130.8671054602237,121.977937956915,124.07407407407408
2023-08-09,96.22921860246316,100.85563650725152,119.45502683782787,87.43403418342196,125.64119543549114,116.92626677654687,103.56956460072355,92.58778243109927,146.99999835040117,139.4439274214289,121.9679768893735,122.86079182630907
2023-08-10,96.22921860246316,100.57881255490769,119.83824528849323,87.77055612713612,125.5756001583511,117.45586399364805,103.56956460072355,92.36579187205142,146.75675469475823,130.20735338184176,122.04516032213546,123.43550446998724
2023-08-11,96.22921860246316,100.58720290496832,119.3569991523107,87.90822366455544,125.47720724264101,117.74662076459683,103.56956460072355,91.51033352336798,146.54054383973818,130.53722942103272,121.79119465374426,121.20051085568326
2023-08-14,96.22921860246316,99.42118744509233,119.29016354273139,87.26577321156489,125.32633490232452,116.59397219224428,103.56956460072355,91.77022343371941,145.81081287280932,131.715367762909,122.27671062042135,121.51979565772668
2023-08-15,96.22921860246316,98.77527128958529,120.54229803794831,86.95220072000477,124.79501475893736,117.28971274023286,103.56956460072355,92.29270602881067,144.62161708522487,125.30631226115305,123.54903219739964,118.5185185185185
2023-08-16,96.22921860246316,98.52361198746146,121.0837079091567,86.24856339813874,124.37520338379385,117.40393974632386,103.56956460072355,92.66087835931909,144.94594883274388,122.14891768413088,124.07439243424272,119.92337164750957
2023-08-17,96.22921860246316,97.97836083279631,120.75842215266333,85.29254045358807,123.58806005811329,116.30321542129549,103.56956460072355,92.31435847885045,144.54053930334143,123.5155550147506,124.16651153204306,120.81736909323115
2023-08-18,96.22921860246316,98.38100803624017,120.75842215266333,85.950284706247,123.7192506123934,116.82242620442626,103.56956460072355,92.4497190677808,144.459461521458,120.21678338728088,123.88267453357508,122.47765006385696
2023-08-21,96.22921860246316,97.47504222854867,119.90286048122276,85.2390034020973,124.19154141214332,116.04361002973009,103.56956460072355,92.54717022042823,142.78378873258023,124.03393004268501,123.66854126280218,119.8595146871009
2023-08-22,96.22921860246316,98.95982059114785,120.75619111180946,86.86042041669157,124.39488516983029,114.90134789134794,103.56956460072355,92.17629511553196,144.7297276677312,120.64090330306361,123.96235120135937,119.15708812260537
2023-08-23,96.22921860246316,100.62914185534768,119.20995231203295,88.1070722357493,125.84453919317808,115.21286960770973,103.56956460072355,91.71066154739674,145.0540491052576,117.67200771478485,122.92656639271158,121.64750957854406
2023-08-24,96.22921860246316,99.65607244705679,117.44982043839526,86.65392202811304,125.82485740714169,116.0851478430839,103.56956460072355,90.7631575948413,143.4594644082559,118.70876900621361,120.88489185058826,120.6257982120051
2023-08-25,96.22921860246316,98.73332593924403,117.35624421058179,85.78967355177463,125.35913254089455,115.6593911981033,103.56956460072355,90.59531328836162,143.6486527726457,119.69839712378656,121.51233225277318,120.24265644955301
2023-08-28,96.22921860246316,99.85739604877871,116.93737160227087,87.52581448673517,125.80518362834125,115.54516419201231,103.56956460072355,89.94558851248264,145.13513719713367,121.5362875440448,121.26583441690121,122.22222222222223
2023-08-29,96.22921860246316,100.91435615775212,117.41416628074973,88.45124399684812,127.02525418169893,115.26479385503391,103.56956460072355,90.07011783390372,148.05405075485646,120.45240431432018,121.32061435210557,119.92337164750957
2023-08-30,96.22921860246316,100.13422000112257,117.65033789113733,86.73040269665691,127.53690054628566,115.8359288854889,103.56956460072355,89.9807850893989,148.05405075485646,131.7624897012049,120.79026764521788,117.94380587484036
2023-08-31,96.22921860246316,98.69138698886464,118.37444876026903,85.7973233691593,127.13676294994261,114.84942364402373,103.56956460072355,90.57906638709755,147.1081089329075,130.44297430888105,121.71401122098231,117.75223499361431
2023-09-01,96.22921860246316,100.31037895262446,119.50404599258849,86.22561978108567,127.24172179915547,114.54828043910454,103.56956460072355,92.15734543988003,150.29729894689612,130.30160849399343,123.34237863169362,118.71008939974456
2023-09-05,96.22921860246316,99.99160964993938,118.55937017504215,84.66538963536688,126.34961962426206,112.39874811384418,103.56956460072355,91.18817895230576,149.83783412624047,121.67766459449234,122.904162895154,120.30651340996168
2023-09-06,96.22921860246316,98.81721663992654,118.7843972051645,83.66347945671009,125.81829948087486,113.60332093352096,103.56956460072355,91.21524703610032,147.86486239046664,118.28463785487095,123.6635666653053,120.43422733077907
2023-09-08,96.22921860246316,98.1209647840176,118.54377413707324,83.3422571477653,125.83798126691129,113.72792645105456,103.56956460072355,91.49950225585843,145.59459170779667,122.76154782421698,123.89761019861348,119.66794380587484
2023-09-11,96.22921860246316,99.65607244705679,118.115998613355,84.4512414294037,126.15939972634472,114.06022103535716,103.56956460072355,91.63756561917693,148.10810604610958,122.90292487466452,124.06940596419808,120.37037037037037
2023-09-12,96.22921860246316,100.45298290384576,118.03801842351041,86.1032518784357,125.37225640066416,114.31982642692253,103.56956460072355,91.06906526463948,148.64864864864865,129.26484720256468,122.734848492044,118.32694763729246
2023-09-13,96.22921860246316,100.58720290496832,118.31206460839337,87.11281187447717,125.22794198661444,114.33021286089296,103.56956460072355,91.04198709586585,147.51351846230995,126.29595161428593,123.16310316104209,118.5185185185185
2023-09-14,96.22921860246316,101.62738231382048,117.45873397780666,86.95984470228849,125.2869793374877,114.22637228877235,103.56956460072355,90.30834520923659,151.02702991382495,127.61545577104985,122.38627049083013,118.1353767560664
2023-09-15,96.22921860246316,101.1492347597547,115.44015195725497,86.95984470228849,126.18563143141195,114.20560734335936,103.56956460072355,89.37979093233305,151.64865029824745,124.59943824447521,121.2110544816968,121.64750957854406
2023-09-18,96.22921860246316,100.75497150640959,115.08366350081968,86.43212400476519,126.69727779599869,113.87331275905677,103.56956460072355,89.12261388134827,149.97297750936974,128.55796195032693,121.18118315162003,120.43422733077907
2023-09-19,96.22921860246316,100.24326895206319,115.52704568651093,85.25430303686663,126.73007543456872,113.69677507167115,103.56956460072355,89.02515264372177,149.81081163561024,134.21301026154924,120.85003405046689,121.64750957854406
2023-09-20,96.22921860246316,100.97307580825282,115.86569644011935,86.43212400476519,127.62216960222612,113.90446413844015,103.56956460072355,89.14968196514283,152.62162492081924,128.79359411292614,121.15129994899554,123.18007662835248
2023-09-21,96.22921860246316,98.86754594036657,115.79662978968615,84.01529520009261,125.89045268428174,113.60332093352096,103.56956460072355,89.04951795312847,150.8108087488123,122.99716875125628,121.47498121762949,121.39208173690932
2023-09-22,96.22921860246316,98.91787524080658,117.11339010163667,83.69407289114783,126.29714820689159,113.70716150564158,103.56956460072355,90.47618951571627,150.24324365564294,124.26956220528425,122.8717864575072,121.90293742017879
2023-09-25,96.22921860246316,98.88432024052591,116.42715380700031,83.62523620488767,125.71990656516479,112.98026957826958,103.56956460072355,90.0213872150906,149.3513468149546,124.36380608187602,122.84688972492732,122.92464878671777
2023-09-26,96.22921860246316,97.31566397716801,117.12007260019419,82.46271487175848,124.65726627839047,111.29802378881584,103.56956460072355,90.38144113745639,147.97297297297297,125.16493521070551,123.70339906292355,122.54150702426566
2023-09-27,96.22921860246316,97.47504222854867,117.41194586389992,82.04971225950047,122.76811909386274,110.32190498132107,103.56956460072355,90.59531328836162,147.2972972972973,130.25447532013763,124.14908263198237,123.43550446998724
2023-09-28,96.22921860246316,98.75010663936528,118.02019134468765,83.9158709144957,122.03345519278861,110.95534277054287,103.56956460072355,91.30458986558446,147.51351846230995,138.784164107487,125.54340650938549,124.7765006385696
2023-09-29,96.22921860246316,99.44635849527423,118.5237160173966,84.00764538270793,121.22663008107165,112.34683178904781,103.56956460072355,91.22878107799747,149.4054021062078,138.03015691695336,125.30936297607728,121.77522349936143
2023-10-02,96.22921860246316,98.10418408389634,118.42123687417579,83.16634635852354,120.03935716628402,111.56801561435164,103.56956460072355,91.2639776549137,147.7567518079603,133.83600104850245,125.55834217442387,124.84035759897829
2023-10-03,96.22921860246316,96.66135747160033,118.2251708791374,81.75143356760874,119.68514106828056,110.11422383707989,103.56956460072355,91.44265322890267,146.97297585977088,138.97266309623043,126.02394787856568,124.52107279693487
2023-10-04,96.22921860246316,96.92979107388352,120.20141624348601,83.25047684445208,119.28501147917349,110.45690485535289,103.56956460072355,93.81142319527018,146.10811181970544,139.58529323631655,128.63330829017266,124.13793103448276
2023-10-05,96.22921860246316,96.5103631703184,120.61137531238555,83.762903742307,119.1603788511602,110.80996438506845,103.56956460072355,93.67335983195198,145.00000412399706,149.19886525339055,128.34200345918552,127.07535121328223
2023-10-06,96.22921860246316,97.30727362710738,120.27048289391922,84.66538963536688,120.05247301881765,110.99688058389665,103.56956460072355,94.18230838514582,146.27026738347234,157.3044341249572,128.6009437250736,125.67049808429118
2023-10-09,96.22921860246316,98.2887333854589,120.95448814770171,84.03059483486199,121.31846507051492,110.90342644574645,103.56956460072355,93.38639175282695,145.16215968776393,159.09519137135965,128.1204023558934,124.71264367816093
2023-10-10,96.22921860246316,99.33730314437169,120.74059507384054,84.97131814464328,122.07281075762546,112.56489936725941,103.56956460072355,93.6002639037319,146.54054383973818,159.37794547225474,127.858968854983,124.0102171136654
2023-10-11,96.22921860246316,99.80706674833871,119.37259519027963,85.59082498058078,122.84683823077238,111.68224262044262,103.56956460072355,92.01386644280706,146.56756633036844,159.14232454521544,125.7625143776553,124.64878671775223
2023-10-13,96.22921860246316,98.52361198746146,118.33656356176961,84.41300401268225,126.4283387611717,111.8795373307134,103.56956460072355,91.1962973604484,147.24324200604414,152.49764811642015,125.63552560718583,125.9897828863346
2023-10-16,96.22921860246316,99.32052884421232,117.7283180809819,85.05544863057182,126.015085312295,111.88992376468383,103.56956460072355,91.34519199127615,147.32431978792758,146.51272376600687,125.69279877741255,125.15964240102171
2023-10-17,96.22921860246316,98.75010663936528,118.38558271653021,83.46462505041526,126.1200361542719,111.11110758998765,103.56956460072355,91.20442585356982,147.08107613228464,145.0989644970913,125.42887204147983,124.90421455938699
2023-10-18,96.22921860246316,97.13950502566607,118.5482255947769,82.98279158699809,128.25844859482618,111.84838595133002,103.56956460072355,91.05553122274205,142.3513464025549,144.01508126736667,125.42388557143522,125.67049808429118
2023-10-19,96.22921860246316,97.1898343261061,118.56605267359967,83.15105255885517,129.11774512391358,111.00726701786705,103.56956460072355,91.39933824384406,142.1621580381651,139.34967230927722,125.88949127557703,128.9910600255428
2023-10-20,96.22921860246316,96.34258816891523,119.10969358566193,83.15105255885517,130.04263693014101,110.90342644574645,103.56956460072355,91.49138384771608,139.3243222623258,136.61639764803778,126.05880567868707,126.56449553001276
2023-10-23,96.22921860246316,96.17481956747393,118.89356947094691,82.82983024991036,129.63594941476714,110.75804806027207,103.56956460072355,90.88227128250786,140.13513101113807,137.88879110206574,125.27201194093361,125.2234993614304
2023-10-24,96.22921860246316,96.9214007238229,119.1141450433656,83.32695751299595,129.5506723515907,110.92419139115945,103.56956460072355,90.5926004289947,140.4594627586571,140.00942438765915,124.7989384042726,123.62707535121329
2023-10-25,96.22921860246316,96.13287421713265,117.75505869921608,83.05927225554196,130.1475877721179,110.88265357780567,103.56956460072355,90.15674780402095,138.3783804403769,141.84731480791743,124.26860356993264,122.60536398467433
2023-10-26,96.22921860246316,97.93641548245505,117.66816496996009,84.91013127576781,130.35093152980485,110.91380495718907,103.56956460072355,90.06470220014921,140.27027439426732,151.46088682499146,124.36072266773297,122.41379310344827
2023-10-27,96.22921860246316,96.59424747103905,117.26488839961809,82.79158699808795,130.4427665192481,111.58878055976464,103.56956460072355,89.73984485469913,142.1621580381651,149.10462137679878,124.12667913442479,122.79693486590037
2023-10-30,96.22921860246316,95.88960526506948,116.72570956926356,81.94263815651888,130.94128902406527,110.35305636070447,103.56956460072355,89.57741618197421,141.3783820899757,157.96418620333915,123.29830773453743,122.15836526181354
2023-10-31,96.22921860246316,96.46841781997713,119.28125000332,81.69789651611795,130.21974097552476,111.06956977663384,103.56956460072355,91.60778467601544,141.75675881875526,168.47314246139433,125.64051207723044,122.2860791826309
2023-11-01,96.22921860246316,98.08740978373697,118.7242440941427,82.63862566100023,129.79993760761727,111.60955342770545,103.56956460072355,90.05928656639443,143.6486527726457,164.65598457043026,125.34172754117637,121.32822477650065
2023-11-03,96.22921860246316,100.72980685618957,117.16462967324708,85.98087814068475,130.63299442440143,112.66873993938,103.56956460072355,89.10906975447207,146.18918960158888,165.64562392356314,123.31996326158831,121.90293742017879
2023-11-06,96.22921860246316,100.9982404584728,116.99530429644287,86.39388075294275,129.98359957926777,111.97299939139143,103.56956460072355,88.62990214443973,147.97297297297297,153.81715227318412,121.9829125544119,121.90293742017879
2023-11-07,96.22921860246316,101.68610196432111,116.67892145535681,88.22179615611556,129.0127942819367,112.07683996351203,103.56956460072355,88.15344739377402,147.270274806667,147.97361620877828,121.60694458559584,119.66794380587484
2023-11-08,96.22921860246316,101.59382731353983,116.03725285777742,88.98661451175609,128.0091833387996,112.66873993938,103.56956460072355,87.71217913504549,148.64864864864865,146.37134671555933,121.29322438450339,121.58365261813537
2023-11-09,96.22921860246316,101.40927801197728,116.91732410659827,88.49713123095422,128.8422401555838,112.66873993938,103.56956460072355,88.09659836681824,148.5945933573955,143.3081960151289,122.23438498778077,119.54022988505749
2023-11-10,96.22921860246316,102.84372067417455,117.33618609090514,89.31548663808556,126.76943099940551,112.76219407753018,103.56956460072355,88.28339234894985,151.29729606009818,142.93119803764202,122.84688972492732,118.5185185185185
2023-11-13,96.22921860246316,102.7095070730139,116.82597891963866,88.22179615611556,127.61561167595934,112.39874811384418,103.56956460072355,87.43333954904213,150.32432143752638,150.6597576961619,121.83798436432956,121.90293742017879
2023-11-14,96.22921860246316,105.0582994930014,116.91286202489056,89.46845381027427,128.68481789623647,113.17756428854035,103.56956460072355,87.55245323670844,154.1621646365604,146.37134671555933,122.15720155501882,122.15836526181354
2023-11-16,96.22921860246316,106.27464425331739,117.42754190186884,91.01338432122371,130.13447191958429,113.67601012625816,103.56956460072355,87.00018969845598,156.48649061048351,144.2978353682618,121.02929764857069,121.26436781609196
2023-11-17,96.22921860246316,106.41724820453868,117.67039601081397,90.73039942900036,129.98359957926777,114.34059929486335,103.56956460072355,87.3223442695182,157.02702290302997,139.49104935972477,121.06166221366976,119.28480204342273
2023-11-20,96.22921860246316,107.38192726276894,117.24484090394552,91.33460663016851,129.7277763969744,113.87331275905677,103.56956460072355,87.24654556691054,157.56756550556906,135.81526851920827,119.99046159515751,119.92337164750957
2023-11-21,96.22921860246316,107.155439010827,118.24744941566382,91.01338432122371,131.1446407889882,113.47870749345957,103.56956460072355,88.54868780807726,159.10810522131018,134.11875514939751,120.80272194778168,120.05108556832695
2023-11-22,96.22921860246316,107.41548866301147,119.00720381843703,91.58699808795411,130.62643649813464,112.554512933289,103.56956460072355,89.52868556316083,159.05404993005698,136.522153771446,121.9854057894342,119.73180076628354
2023-11-24,96.22921860246316,107.02122540966634,119.09854900539668,92.00765051759679,131.33486068690553,113.86292632508636,103.56956460072355,88.70029529827168,155.83783742543812,134.5428863007402,122.06508245721845,118.32694763729246
2023-11-27,96.22921860246316,107.24771366160827,118.81113782339867,92.42829711213851,131.96458175323878,114.01869114453116,103.56956460072355,88.2129991951179,156.43243531923036,131.6682345890532,122.02523818705247,116.34738186462323
2023-11-28,96.22921860246316,107.89362981711533,119.50404599258849,93.47610036000239,133.79468357965726,114.49636411430816,103.56956460072355,89.16321600703998,156.48649061048351,127.52121189445809,121.89079345661153,115.32567049808429
2023-11-29,96.22921860246316,107.58325726445277,119.19212523321016,93.4225633085116,134.2800902319408,114.57943181848793,103.56956460072355,89.62614680078732,157.54054301493875,132.13948767869175,121.2508987518628,114.87867177522351
2023-11-30,96.22921860246316,108.65699167358555,119.48399849691592,94.99043743651411,133.68973273768037,114.77673445128653,103.56956460072355,90.29481116733945,156.3783800279772,132.04524380209998,122.10491485483675,117.94380587484036
2023-12-01,96.22921860246316,109.20224282825069,119.18321169379877,94.91395676797025,135.8478189570351,115.04672627682233,103.56956460072355,90.05928656639443,156.08108108108107,132.6107407683303,122.57798839149774,118.6462324393359
2023-12-04,96.22921860246316,108.13690516914043,118.94258862570753,95.10516135688037,132.77139885771973,114.63135606581214,103.56956460072355,90.62238137215617,154.10810934530724,126.95570369266788,122.05659358559488,117.56066411238825
2023-12-05,96.22921860246316,108.21239911980042,119.27010542305474,95.60229445506691,132.40406690718268,114.68328031313632,103.56956460072355,90.87144001499831,153.70269981590477,127.70971088320154,123.07595866073862,119.66794380587484
2023-12-06,96.22921860246316,107.13866471066764,118.23630483539857,94.31739938418679,133.19121023286326,114.74558307190314,103.56956460072355,90.6413310478081,153.24324530524177,121.06503445440626,122.6925228594034,118.71008939974456
2023-12-07,96.22921860246316,107.43226936313275,117.87536492125967,94.53154759014998,133.1518546680264,114.57943181848793,103.56956460072355,90.09989877706519,152.45945904705977,121.8190416449399,122.03270601957166,119.60408684546616
2023-12-08,96.22921860246316,108.31305772068045,118.02464280239128,96.15296460474426,131.07904551184814,114.49636411430816,103.56956460072355,92.1898291574291,154.10810934530724,121.63054265619648,122.25430712286378,118.96551724137932
2023-12-11,96.22921860246316,108.27950912036171,117.36069566828544,95.89292332957396,129.74745818301082,114.27829653609653,103.56956460072355,91.38038856819215,154.32432020032726,114.56173507605855,121.83566921752312,117.62452107279692
2023-12-12,96.22921860246316,107.82651981655404,118.27195899304415,95.4034400487721,129.7343423304772,115.00518846346853,103.56956460072355,91.45618727079982,154.51350856471706,108.90669800039616,122.91660532517008,118.1353767560664
2023-12-13,96.22921860246316,110.81285724187369,118.14941110614261,98.19502821388025,130.0295210776074,115.53478568056974,103.56956460072355,92.54446744604066,156.94594512114654,110.03770316841666,123.60878673010092,116.66666666666667
2023-12-14,96.22921860246316,111.67687769922394,119.2834704201698,99.73230890744503,133.1715284468268,116.82242620442626,103.56956460072355,93.23750720697824,158.51351763751055,112.72384465580029,122.46096068856977,116.66666666666667
2023-12-15,96.22921860246316,111.11484584443754,120.24152185883526,99.65583407400214,132.57461302629957,117.88161271610082,103.56956460072355,93.52988083487898,158.89189436629013,117.38925361388976,122.3663483557471,123.37164750957854
2023-12-18,96.22921860246316,111.86142700078649,119.5797951415792,100.19120458891013,132.91571327176942,118.15160454163663,103.56956460072355,93.7166748170106,159.59459253259607,117.95476181567996,122.4922685969213,121.83908045977012
2023-12-19,96.22921860246316,112.53250140655162,119.19435627406403,100.34416592599784,133.7094145237168,117.38317480091085,103.56956460072355,92.80706013077994,160.62162244642101,117.43638678774555,121.90074265160531,120.75351213282248
2023-12-20,96.22921860246316,111.48393164763884,118.877973432978,99.12046355909416,133.45359134142342,118.8577315235956,103.56956460072355,91.56446969095683,160.32432349952492,115.3157422665922,121.16872884905622,119.98722860791827
2023-12-21,96.22921860246316,112.75061210835673,119.67783345110041,99.69407732582457,133.7553280148204,118.90965577091983,103.56956460072355,92.69877771062293,164.59459871859164,121.20641150485383,122.3663483557471,120.6896551724138
2023-12-22,96.22921860246316,113.34619256346186,119.68006449195427,100.49712726308557,134.93605101057724,119.23156392125198,103.56956460072355,92.9559547616077,165.08108602987755,122.99716875125628,121.54968328791689,120.81736909323115
2023-12-26,96.22921860246316,113.83273046758826,119.4995945348848,101.2619456187261,135.0081962067481,119.22117748728161,103.56956460072355,92.44430343402601,166.16216092496305,120.16965021342507,121.24949779123122,122.66922094508301
2023-12-27,96.22921860246316,114.5960923240585,119.4995945348848,101.56787996310348,136.5628010720728,119.43924506549317,103.56956460072355,91.46430567894245,166.9189143825222,123.42129990259893,119.8491070419405,121.71136653895273
2023-12-28,96.22921860246316,114.58770837395976,119.36368165086823,102.1414937298339,136.03803885495245,119.48078287884701,103.56956460072355,92.36850473141834,167.29730142129432,120.49952625261606,120.16282724303295,121.13665389527459
2024-01-02,96.22921860246316,113.38813791380313,119.19212523321016,100.76481835564053,135.414883722122,119.41848012008019,103.56956460072355,93.14546160310623,165.40540746740393,121.01791251611039,120.81765761282006,118.45466155810985
2024-01-03,96.22921860246316,113.47202861448568,119.77586113661758,100.19120458891013,133.433909555387,119.92730446924055,103.56956460072355,93.76269257645706,165.945950069943,125.7304434124957,122.56305272645935,118.83780332056195
2024-01-04,96.22921860246316,112.04597630234905,119.46394037723927,99.07456465478609,133.96523770601016,119.4288665540506,103.56956460072355,93.11838343433261,163.64864658665013,132.94062804308118,122.48088282365276,119.15708812260537
2024-01-05,96.22921860246316,112.79255745869801,119.58870868099058,100.58891340149975,133.97179563227698,119.44963149946359,103.56956460072355,91.56718255032375,162.54053889094172,136.33364354714266,121.89327481908612,117.68837803320562
2024-01-08,96.22921860246316,113.10293001136058,118.53040913995818,101.10134029935469,132.93538705056983,118.48389912593922,103.56956460072355,90.94995157697291,163.72973467852617,140.43355553900184,121.02350384528076,116.21966794380587
2024-01-09,96.22921860246316,112.24729350410907,118.81113782339867,99.83173902814293,132.92227119803624,117.91277201801202,103.56956460072355,91.37767570882522,159.78378089698586,150.32988165697094,121.2309766167798,117.30523627075351
2024-01-10,96.22921860246316,111.76915235000521,119.33695165663813,99.19693839253705,132.61396859113643,117.30009917420325,103.56956460072355,91.9570174158513,157.3243218499261,143.21395213853717,122.12981158741663,117.3690932311622
2024-01-11,96.22921860246316,111.5258769979801,119.45725787868173,99.04397705544933,132.12856994608887,117.30009917420325,103.56956460072355,90.84437193120377,157.02702290302997,145.9472155642167,121.78870141872196,116.9220945083014
2024-01-12,96.22921860246316,111.77753630010395,119.17652919524124,99.57934757035731,134.25385051963758,117.28971274023286,103.56956460072355,90.71442697602818,156.62162368362013,156.12629578308088,121.2484055168405,114.17624521072798
2024-01-16,96.22921860246316,110.3766486381873,118.5972447495375,99.12046355909416,132.89603148573303,117.36240193297004,103.56956460072355,90.28127712544203,153.513511451515,136.6635308218936,121.06166221366976,113.28224776500639
2024-01-17,96.22921860246316,109.51262818083707,117.4475893975414,98.81452921471677,131.36110039920874,117.21702354749564,103.56956460072355,90.52492013452965,151.89189395389042,135.24976031741804,122.62280725916061,112.96296296296295
2024-01-18,96.22921860246316,108.69893702392683,119.3414031143418,98.77628596289436,132.41062483344948,117.13395584331585,103.56956460072355,90.17028184591837,151.2702735694679,127.09708074311543,122.84938295994962,113.40996168582376
2024-01-19,96.22921860246316,109.0093095765894,119.2567404259397,98.82218486720244,132.92882912430306,116.19937484917489,103.56956460072355,90.0213872150906,151.29729606009818,118.70876900621361,122.65267858923738,113.79310344827587
2024-01-22,96.22921860246316,108.04463051835916,119.06512588860498,97.55258359599067,132.48934397035913,115.99168578240591,103.56956460072355,89.63968084268475,149.97297750936974,113.99622687426836,122.11841394160037,113.85696040868454
2024-01-23,96.22921860246316,109.5965060815958,120.83863338336175,98.53155015759441,132.74515914541652,116.1578370358211,103.56956460072355,91.15298237538978,152.10810480891047,115.45711931703974,124.20136933216443,114.0485312899106
2024-01-24,96.22921860246316,109.12674887759069,119.6288142963398,98.47036328871893,132.10233023378566,116.30321542129549,103.56956460072355,90.3706098699471,153.83783288904138,124.45806119402766,123.30253436152762,115.51724137931035
2024-01-25,96.22921860246316,109.4958474807158,119.56643014446415,98.02676724202318,132.29911606520582,117.54931813179826,103.56956460072355,90.49243641698031,153.1621572133657,121.15928956655794,122.81203192480594,115.38952745849298
2024-01-26,96.22921860246316,110.0578793355022,118.7509740883728,98.01912325973949,132.292558138939,117.54931813179826,103.56956460072355,90.09989877706519,155.51351598791175,127.8039547597933,122.39623155837162,113.98467432950193
2024-01-29,96.22921860246316,109.67201283217962,118.57496621301107,97.62906426453453,132.8435520611266,117.52855318638524,103.56956460072355,89.49348898624484,152.16216010016365,117.34213167559389,122.34145162316723,112.45210727969348
2024-01-30,96.22921860246316,108.67377237370684,119.24337542882466,96.81835283968691,133.25680551000326,117.34163698755707,103.56956460072355,90.88227128250786,152.64864741144953,97.87935547884666,123.25274089636787,114.36781609195404
2024-01-31,96.22921860246316,109.09320027727193,119.43052788445164,97.39961642380199,134.36535928788126,118.04776396951604,103.56956460072355,90.91475500005693,151.48648442448797,98.96323870857125,123.25523413139017,114.4955300127714
2024-02-01,96.22921860246316,109.80622003337837,119.17207773753759,98.12619736272109,134.66710396851425,118.09968821684025,103.56956460072355,91.27480892242299,150.13513307313661,96.6069732603786,123.29506652900844,114.24010217113664
2024-02-02,96.22921860246316,108.497607022243,118.95595362282256,98.2791586998088,133.55854218340028,117.91277201801202,103.56956460072355,90.8470747055916,149.86486692686339,97.97361059099832,122.3763094232886,113.09067688378033
2024-02-05,96.22921860246316,108.88348632548939,118.53262955680799,98.98279018657385,132.87634969969662,117.85046133671742,103.56956460072355,89.95912255438006,149.86486692686339,98.11498764144588,122.82294279616546,113.09067688378033
2024-02-06,96.22921860246316,111.49232839766137,118.47692790348985,102.10325047801147,133.45359134142342,118.05815040348642,103.56956460072355,90.1540450296331,153.05405694085198,94.67483896352859,123.24634159314397,112.06896551724137
2024-02-07,96.22921860246316,110.94706444307243,118.7665701263417,99.46462948509202,133.49950483252707,118.34890717443523,103.56956460072355,90.83082780432757,153.89188818029453,92.69557149282276,123.55400679489652,110.91954022988506
2024-02-08,96.22921860246316,109.45390213037452,119.13865462074588,97.09368791452559,133.30271900110694,118.17237740957742,103.56956460072355,90.85249033934639,152.3783812651763,90.33930604463012,123.72829579550344,110.66411238825032
2024-02-09,96.22921860246316,109.17707817803068,119.80928425340926,97.05545049780413,132.7189274403493,118.21390730040342,103.56956460072355,90.53033576828415,150.2702661462732,87.04052879938043,124.29100706749023,109.57854406130268
2024-02-14,96.22921860246316,108.48083912204554,118.02242238554153,96.48183673107373,130.55428329472778,118.23468016834423,103.56956460072355,88.85189270348731,148.78378172178526,75.82469290686743,123.29755976403074,108.36526181353767
2024-02-15,96.22921860246316,109.0093095765894,118.7331576335541,96.93307676005317,131.3283027606387,118.30736936108141,103.56956460072355,89.347307214784,149.78377883498732,74.50518313232355,123.70339906292355,106.70498084291187
2024-02-16,96.22921860246316,109.84816538371965,119.11859650106926,96.36711281070745,131.94489996720236,118.08930178286982,103.56956460072355,89.78857547351252,153.78378790778083,75.82469290686743,123.80549110081314,106.38569604086845
2024-02-20,96.22921860246316,110.86318654231371,119.06067443090132,98.92925897018404,132.9944244014431,118.03737753554564,103.56956460072355,89.27962692031869,153.3513558877481,74.26955658750428,123.4071077618918,106.96040868454662
2024-02-21,96.22921860246316,111.0645037440737,118.63735036488674,98.50860654054134,132.65333216320926,118.17237740957742,103.56956460072355,88.93040426546216,154.05405405405406,83.55325256538731,122.66015829430432,104.98084291187739
2024-02-22,96.22921860246316,111.19033979509754,118.92254113003493,98.2791586998088,132.48277803685636,118.17237740957742,103.56956460072355,88.84377429534494,155.91891520732156,81.62111265075734,122.8717864575072,103.7037037037037
2024-02-23,96.22921860246316,110.53603328952985,119.32135561866922,97.51434034416826,133.7225303762504,117.54931813179826,103.56956460072355,89.27691406095177,154.70270723909945,75.54194442375228,123.55650002991882,102.10727969348659
2024-02-26,96.22921860246316,110.60314329009114,119.14088566159977,97.56787739565905,133.06001967858313,117.77777214398024,103.56956460072355,88.77067836712486,153.59459954339104,78.18096397284006,124.3308513376562,103.95913154533845
2024-02-27,96.22921860246316,112.54089815657417,120.288309972742,98.66156787762907,133.42079370285342,117.77777214398024,103.56956460072355,89.52598278877298,156.43243531923036,76.10744700776254,123.96732579885625,104.27841634738186
2024-02-28,96.22921860246316,111.12322979453626,119.10969358566193,98.54684979236377,133.35519842571335,117.75700719856725,103.56956460072355,88.72466060767837,156.18919166358742,88.83129166356284,122.80955056233137,105.55555555555556
2024-02-29,96.22921860246316,110.22564793694347,119.88949548410773,97.59082101271211,134.18825524249755,118.21390730040342,103.56956460072355,89.26338001905462,155.24323953164588,87.65315893946651,123.67850233034368,106.1941251596424
2024-03-01,96.22921860246316,110.22564793694347,119.6020843021097,97.28489250343571,136.89077745777305,118.15160454163663,103.56956460072355,89.6315624345421,156.91892263051625,86.47502621537019,123.74075009806724,105.30012771392082
2024-03-04,96.22921860246316,109.61328678171706,119.21440376973662,96.81835283968691,138.91111519658082,117.90238558404165,103.56956460072355,88.90603895605548,156.5405355917441,90.29217848855427,123.31498866409143,106.6411238825032
2024-03-05,96.22921860246316,109.29451747903197,119.60653575981337,96.59656065144,139.94752377828797,117.98546121074926,103.56956460072355,88.93040426546216,155.540538478542,92.22431840318424,123.12077752840152,105.61941251596426
2024-03-06,96.22921860246316,110.07466003562347,119.72685260586103,97.51434034416826,141.04952763713513,118.02699902410303,103.56956460072355,89.42580869177952,154.75675222036,90.90480862864038,123.42453666195247,106.76883780332057
2024-03-07,96.22921860246316,109.57134143137579,119.96524463309844,96.94072657743786,141.5546080682191,118.72273957209161,103.56956460072355,89.65051211019404,154.4594635834565,85.67389146876071,123.08841296330245,108.81226053639847
2024-03-08,96.22921860246316,108.48083912204554,120.24597331653891,97.32313575525812,142.90587718309283,118.46313418052621,103.56956460072355,90.30834520923659,154.297297709697,85.06126132867463,122.84440836245274,108.87611749680714
2024-03-11,96.22921860246316,107.71747726557533,119.68006449195427,97.43785967562441,143.16169235815022,118.54620980723382,103.56956460072355,90.33812615239806,153.05405694085198,82.89349486922536,123.93346529274379,109.38697318007662
2024-03-12,96.22921860246316,108.95898027614939,121.08816999086443,98.81452921471677,141.7120303275664,118.32813430649442,103.56956460072355,91.80812278502353,153.78378790778083,80.77285596585199,123.92997476371255,109.57854406130268
2024-03-13,96.22921860246316,109.33646282937323,120.99013168134323,99.54110431853489,142.6959594846671,118.660428890797,103.56956460072355,91.10425175657639,154.8108075116132,78.13383641676424,123.71336013046505,108.93997445721584
2024-03-14,96.22921860246316,108.96736422624814,121.25526432681477,98.78394161538002,141.88258445391932,118.22429373437382,103.56956460072355,91.09343057404617,152.81081328520904,82.0452438021,123.72581443302886,107.91826309067689
2024-03-15,96.22921860246316,108.08657586870044,120.9299785703214,98.2791586998088,141.50869457711545,117.73623433062642,103.56956460072355,91.17193205104171,152.9729688489759,77.99245936631667,124.3109292025732,111.5581098339719
2024-03-18,96.22921860246316,108.40533237146172,120.55121157735968,97.82026885344467,141.73171211360284,117.31048560817365,103.56956460072355,90.27857435105416,155.081083967879,80.25447532013762,123.69710661262916,111.36653895274584
2024-03-19,96.22921860246316,108.93381562592938,120.80074818486236,97.66730168125599,141.44309929997542,117.42471261426464,103.56956460072355,91.27480892242299,158.13513059873839,82.18661523476759,125.2246998382484,112.26053639846742
2024-03-20,96.22921860246316,110.15015398628347,121.68750193224074,98.6462682428597,141.5480421347163,117.90238558404165,103.56956460072355,90.14591653651168,159.64864782384925,80.06597633139418,125.23964737583452,112.13282247765007
2024-03-21,96.22921860246316,109.45390213037452,120.95225710684785,97.66730168125599,143.15512642464742,117.41432618029425,103.56956460072355,89.04680509376155,160.40540128140833,79.31196914086055,123.65111236274147,112.57982120051086
2024-03-22,96.22921860246316,108.34661912092298,120.3573766231752,96.25238889034118,141.56117400172187,117.23779641543646,103.56956460072355,88.8031620846742,158.32432927312078,78.18096397284006,123.85777780099522,112.19667943805875
2024-03-25,96.22921860246316,108.47244237202301,119.31912457781534,96.0841279184841,142.65661192706625,117.50778824097226,103.56956460072355,88.13720049250995,157.37837714117927,76.10744700776254,124.5150895332569,111.81353767560664
2024-03-26,96.22921860246316,108.33822237090045,120.03209086668181,96.95602037710623,142.7090913516727,117.28971274023286,103.56956460072355,88.92769140609525,156.78377924738703,74.2224346492084,123.8005046307685,110.47254150702426
2024-03-27,96.22921860246316,109.02609027671066,120.12343605364144,97.75143216718453,143.69302050877337,116.95741815593024,103.56956460072355,88.90062332230069,159.86486898886193,80.96136057237537,123.88764913107198,109.00383141762453
2024-03-28,96.22921860246316,109.30291422905452,120.08109939743836,97.89674952198853,145.45096112454902,117.68431800583004,103.56956460072355,89.29587382158275,160.00000206199852,83.08199947574877,124.25117466987194,112.89910600255428
2024-04-01,96.22921860246316,108.447277721803,119.41715226333251,95.98470363288719,146.7038373237127,117.37278836694045,103.56956460072355,89.67486733462168,160.94594388394742,86.56927570974187,124.82134190183018,111.23882503192849
2024-04-02,96.22921860246316,108.92543167583067,119.41715226333251,96.14531478735958,148.3109216136438,117.17548573414184,103.56956460072355,90.23525936599555,160.5135118639147,87.74740843383822,125.82724350785345,108.93997445721584
2024-04-03,96.22921860246316,108.72410167414684,121.28423598590278,96.2906321421636,150.50179746433255,117.25856136084947,103.56956460072355,90.46807110757362,160.27026820827174,86.75777469848532,126.0961567138308,110.2809706257982
2024-04-04,96.22921860246316,108.87508957546686,121.60283924383863,96.5583173996176,150.13447352103148,117.17548573414184,103.56956460072355,89.9726565962772,160.54054466453758,83.60038012146313,125.45376877405971,111.17496807151979
2024-04-05,96.22921860246316,108.14528911923915,121.85460689219516,96.97896982926027,152.5549328417104,116.93665321051728,103.56956460072355,90.49785205073509,158.1891858899916,84.11875514939754,125.92186771322382,110.91954022988506
2024-04-08,96.22921860246316,110.09982468584347,121.56273362848941,98.12619736272109,152.94850450455067,116.96780458990065,103.56956460072355,90.22442809848627,161.35135341334987,86.89915174893288,125.85961994550026,111.23882503192849
2024-04-09,96.22921860246316,110.98062584331498,121.80335669658066,98.8527724665392,153.7225319776976,117.13395584331585,103.56956460072355,89.56928768885253,161.05405446645375,88.21866152347675,125.08776187278518,110.15325670498083
2024-04-10,96.22921860246316,109.29451747903197,121.00350730246232,96.63479806816146,152.81076403123976,116.7393505777187,103.56956460072355,89.33106031351967,159.29729358569992,88.83129166356284,124.68191070134465,110.91954022988506
2024-04-11,96.22921860246316,108.77443097458683,121.45579240356086,96.67304131998387,154.46376181227453,116.31360185526592,103.56956460072355,89.68841146149788,158.7837837837838,83.12912703182461,126.14096370894592,109.51468710089401
2024-04-12,96.22921860246316,107.5664765643315,121.56718508619309,95.60229445506691,154.5555887944818,116.51089656553668,103.56956460072355,89.96725104750149,156.81081204800992,83.41187551493977,126.74351925109868,111.23882503192849
2024-04-15,96.22921860246316,107.01283505960572,120.16799312669433,93.99617707524199,155.185309860815,116.04361002973009,103.56956460072355,90.38415399682331,158.02703032622466,79.68897273612737,127.40829881587959,110.21711366538953
2024-04-16,96.22921860246316,106.28302820341615,122.62326421037568,93.2695961363229,156.82519178931616,115.59708843933652,103.56956460072355,91.02303742021394,156.21621415421768,81.62111265075734,129.0665494292154,110.08939974457215
2024-04-17,96.22921860246316,105.98942995091294,124.5571835425253,92.88718695850264,155.5723155901525,115.4828614332455,103.56956460072355,92.48490555971772,157.24324406804266,80.67860647148026,131.60121964308271,109.89782886334612
2024-04-18,96.22921860246316,105.97265565075355,124.76216307697506,92.61950170104863,156.26763193362578,115.6074748733069,103.56956460072355,91.79729151751397,156.21621415421768,82.79924537485368,130.2840910709893,109.00383141762453
2024-04-19,96.22921860246316,106.90378610866506,124.39230962342474,92.43594692952318,157.32370628689733,115.26479385503391,103.56956460072355,91.7891731093716,159.00000494879646,82.56361883003441,130.5106667717783,110.727969348659
2024-04-22,96.22921860246316,107.14705506072828,123.79520872290229,92.46654036396093,152.9813021431207,115.8255424515185,103.56956460072355,91.18817895230576,159.10810522131018,84.40150925029266,129.62676746617987,112.32439335887612
2024-04-23,96.22921860246316,106.78634680766379,122.60098567384922,92.86424334144958,152.68612339599048,115.52439924659932,103.56956460072355,90.33271051864327,156.48649061048351,85.39114298564556,128.61837262513427,113.154533844189
2024-04-24,96.22921860246316,106.43402250469805,122.24450784141806,92.50477778068237,152.47622171203673,115.38940729509535,103.56956460072355,89.74526048845391,154.9189180941195,77.89820987194496,127.74194115205503,111.81353767560664
2024-04-25,96.22921860246316,106.42563855459935,122.62104379352587,91.56405447090104,152.82387988377337,115.2544074210635,103.56956460072355,89.72631081280198,152.67568021207242,77.19133023748715,128.1154277583965,112.64367816091954
2024-04-26,96.22921860246316,108.01946586813915,123.34737507950739,93.728491817788,153.1518562694736,115.33748304777112,103.56956460072355,89.75609175596318,153.513511451515,76.0603194516867,128.44159038950505,112.38825031928481
2024-04-29,96.22921860246316,108.68215632380556,122.76140813524611,93.46080072523304,153.8471565984749,115.26479385503391,103.56956460072355,87.5145538854046,153.81081039841112,95.66446708110153,127.36846641826132,112.19667943805875
2024-04-30,96.22921860246316,107.48259866357274,122.08186496317136,92.58126428432719,150.30501163291243,114.50674262575073,103.56956460072355,88.62449659566401,151.70270558950062,93.82658227862325,127.405817453405,112.26053639846742
2024-05-02,96.22921860246316,108.48083912204554,122.9084549755239,93.46080072523304,150.81665799749916,114.92211283676095,103.56956460072355,89.22819352711743,154.43243078283362,95.90009924370075,129.33295752762265,115.45338441890165
2024-05-03,96.22921860246316,109.86494608384092,122.12419099537037,95.37284661433438,150.80354214496558,115.18171822832632,103.56956460072355,90.40310367247524,156.75675675675674,100.94250617927707,127.23899628531727,114.17624521072798
2024-05-06,96.22921860246316,109.64684818195963,121.77884711920038,95.21988527724665,152.28600181411937,114.85981007799413,103.56956460072355,89.59095022387136,156.0540585904508,103.44014867791729,126.25799141187389,116.73052362707534
2024-05-07,96.22921860246316,110.26759328728475,121.66745443656816,95.64053770688933,151.8661824317399,113.85253989111597,103.56956460072355,89.07658603692302,151.83783866263724,104.00565687970749,126.35759021474115,115.90038314176245
2024-05-08,96.22921860246316,110.5947465400686,121.33993763922093,95.52581378652306,151.76123959699902,115.14018041497249,103.56956460072355,88.8031620846742,152.35134846455344,103.06315070043041,126.31774594457514,113.79310344827587
2024-05-09,96.22921860246316,109.52940888095834,121.76994420379303,92.65009513548638,152.97475222408988,115.16095328291334,103.56956460072355,88.60283406064516,152.75675799395586,108.43544491075762,126.68127148337511,113.09067688378033
2024-05-10,96.22921860246316,108.92543167583067,123.43426880876336,92.77246887323733,155.2837027765251,115.51401281262889,103.56956460072355,89.599068632014,151.13513018633867,106.12630140086085,127.99840005546854,116.41123882503193
2024-05-13,96.22921860246316,109.42035353005579,122.93519559375805,93.99617707524199,153.23713333265005,115.24402890962094,103.56956460072355,89.07929889628966,152.10810480891047,112.20546962786591,127.5616802599423,117.11366538952745
2024-05-14,96.22921860246316,109.79783608327965,123.7194489499075,94.60802825869385,154.37191881559528,115.2544074210635,103.56956460072355,89.31752627162253,151.02702991382495,110.46183431975929,128.332042391644,115.90038314176245
2024-05-15,96.22921860246316,109.33646282937323,123.60805626727529,94.49331017342853,156.6874353015333,115.53478568056974,103.56956460072355,88.69487966451717,152.27027068266997,113.85484982382081,127.67471878683459,118.1353767560664
2024-05-16,96.22921860246316,109.58812213149707,124.43241523877396,94.83747609942638,156.1167595933093,115.9189965896687,103.56956460072355,90.08906750955565,154.1621646365604,117.57775260263318,127.81913645736473,116.73052362707534
2024-05-17,96.22921860246316,109.37840817971451,124.13609051736456,94.45506692160612,158.22892431432436,116.1578370358211,103.56956460072355,89.3527228485385,153.70269981590477,123.75117594178991,127.69464092191758,115.58109833971903
2024-05-20,96.22921860246316,109.07641957715069,123.29390446704312,94.26386233269598,159.652338625369,116.12668565643769,103.56956460072355,88.64885182009165,154.13513183593753,129.64184518005152,127.03234271961128,117.62452107279692
2024-05-21,96.22921860246316,108.75765027446556,123.07332889462444,94.07265774378585,158.8520794471548,116.13706416788028,103.56956460072355,88.33752851653895,153.05405694085198,125.87182046294328,127.05972081466572,116.9859514687101
2024-05-22,96.22921860246316,107.16382936088765,123.63255522065153,92.39005969541707,156.7202329401033,115.44132361989172,103.56956460072355,88.75984709961557,149.62162327122044,133.93025616065412,127.52781975382985,117.81609195402298
2024-05-23,96.22921860246316,106.50113250525932,124.17396509185991,91.12810824158998,153.1649721220072,115.92938302363909,103.56956460072355,88.96018520862337,148.37838250237542,125.21206838456129,128.25485895888204,118.5185185185185
2024-05-24,96.22921860246316,106.1572049523161,124.04919678810859,91.01338432122371,153.00098392915712,115.95015589157991,103.56956460072355,88.68676125637454,150.32432143752638,118.75589094450949,128.05566135314749,118.71008939974456
2024-05-28,96.22921860246316,105.6119473976891,125.03397822100415,90.9751410694013,154.48999351734176,115.3686344271545,103.56956460072355,89.23901470964793,147.91891768171982,122.05466257197921,128.76776489316134,118.1353767560664
2024-05-29,96.22921860246316,104.76470124049821,124.84014326681962,90.17208529703932,153.51263029374385,115.42055867447871,103.56956460072355,88.84106143597803,147.64865153544656,117.48350872604144,128.50882462727324,116.28352490421456
2024-05-31,96.22921860246316,104.26138903621245,125.46176436872646,89.43786037583651,152.37126286282387,115.7528532587813,103.56956460072355,89.79127824790038,146.0270237278294,121.91328552153169,129.5246754282903,113.98467432950193
2024-06-03,96.22921860246316,104.19427903565118,125.2322752568964,90.09560462849545,153.92588374262053,115.26479385503391,103.56956460072355,90.30564243484872,142.91892180571685,129.87747734265076,130.57788913699878,113.28224776500639
2024-06-04,96.22921860246316,103.93423578342862,127.0391952444408,90.05736137667304,152.54181698917677,115.33748304777112,103.56956460072355,91.0636496308847,141.51351516311232,121.86616358323579,130.6924236049044,113.02681992337165
2024-06-05,96.22921860246316,103.69096683136543,128.05739979412806,90.24856596558317,154.41784832117088,115.5555506259827,103.56956460072355,92.29270602881067,140.13513101113807,129.92459928094664,131.6559995782871,112.19667943805875
2024-06-06,96.22921860246316,104.94925054206077,128.25123474831258,91.81644592868665,155.48048860794523,115.37902086112493,103.56956460072355,92.01386644280706,142.43243449443094,132.94062804308118,131.97220114185416,115.45338441890165
2024-06-07,96.22921860246316,103.05343462595711,127.27981831253206,90.43977055449331,151.21022966033945,114.61059112039915,103.56956460072355,91.43723759514789,140.48648524928737,137.51178188901895,130.8941025731135,114.62324393358875
2024-06-10,96.22921860246316,103.09537997629839,127.02583024732574,89.25429976921009,151.37421785318958,114.27829653609653,103.56956460072355,91.28022455617777,141.32432679872255,136.94627368722877,131.22627271337106,115.38952745849298
2024-06-11,96.22921860246316,103.8335707825867,128.3403595184224,90.1338420452169,151.36110200065596,114.97403708408514,103.56956460072355,92.28457753568897,141.97296967377534,147.45522994528395,133.2768872839315,114.81481481481481
2024-06-12,96.22921860246316,102.4914027711707,128.18439913873323,89.25429976921009,153.23056739914728,113.22948853586459,103.56956460072355,92.43618502588366,141.13513843433276,143.49670623943226,133.57816505500787,116.02809706257982
2024-06-13,96.22921860246316,102.16424951838687,130.00691516424655,88.48948141356956,150.88225327463923,113.49948036140036,103.56956460072355,93.23479434761133,141.81081411000844,139.4439274214289,134.4770000256447,117.11366538952745
2024-06-14,96.22921860246316,102.17263986844749,128.38046513377162,89.02485776357851,152.92882271851425,114.20560734335936,103.56956460072355,92.38745440707025,141.13513843433276,135.76814658091237,133.49599515220132,114.94252873563218
2024-06-17,96.22921860246316,101.76159591498113,127.27759789568228,89.98088070812919,151.68251245285342,113.66562369228777,103.56956460072355,92.01928207656181,139.8108095736117,131.38549172371802,133.3864471543403,113.34610472541506
2024-06-18,96.22921860246316,102.1978045186675,129.58136005737813,89.56787809587118,152.86322744137422,114.31982642692253,103.56956460072355,93.11297788555719,141.405404580606,137.0876507376763,135.04966049262526,114.94252873563218
2024-06-20,96.22921860246316,102.99471497545647,130.18069199875444,89.48374760994264,154.39816653513446,114.38213710821714,103.56956460072355,92.94783635346506,143.02702207823057,129.17059209041298,135.00982809500698,112.32439335887612
2024-06-21,96.22921860246316,103.70774113152477,130.18960553816584,90.1185482455485,151.94489356141358,114.30944791547995,103.56956460072355,92.8882744671424,143.6216199720228,127.47407872060231,135.75678943514217,111.11111111111111
2024-06-24,96.22921860246316,104.8318112410595,129.24269867976562,90.9751410694013,152.836995736307,115.30633166838773,103.56956460072355,91.89203989577385,144.1081072833087,132.46937495344264,135.1026001829322,110.727969348659
2024-06-25,96.22921860246316,104.5382129885563,128.863942310808,90.86042298413598,151.95802542841918,114.58981825245833,103.56956460072355,91.38850697633477,143.675675263276,129.87747734265076,134.18568332210984,108.68454661558108
2024-06-26,96.22921860246316,104.78986589071823,130.15396200452435,90.4015273026709,150.81665799749916,114.53790192766193,103.56956460072355,92.44160065963815,145.67567979967274,123.8454310539416,135.71445192995387,107.27969348659003
2024-06-27,96.22921860246316,106.1991439026955,131.24568466234842,90.47801380631572,152.47622171203673,114.40290205363016,103.56956460072355,93.08048408302878,150.21622116501268,126.53157254132523,137.50217267623373,105.68326947637291
2024-06-28,96.22921860246316,105.88038099997227,131.25014674405614,89.94263745630676,152.68612339599048,113.70716150564158,103.56956460072355,92.64734431742195,150.9459418219489,122.57304883547353,136.95440894183307,101.46871008939975
2024-07-01,96.22921860246316,106.56824250582059,130.71096791370164,89.8279135359405,152.67957347695966,113.18795072251078,103.56956460072355,94.14169617447506,151.89189395389042,116.77662347380368,139.23012701726458,101.72413793103448
2024-07-02,96.22921860246316,106.66051715660187,135.19150351649222,90.28680921740559,152.37782879632667,112.27414259631064,103.56956460072355,94.7887080909871,151.83783866263724,114.75023406480199,140.80123313029694,102.68199233716476
2024-07-03,96.22921860246316,107.42387261311022,135.56803946860006,91.10516462453694,154.79173819797472,113.27102634921837,103.56956460072355,95.12169392955862,153.05405694085198,113.94910493597249,141.31164582955392,103.06513409961686
2024-07-05,96.22921860246316,107.87686191691787,132.07228529870503,91.40344331642866,156.67431944899968,115.26479385503391,103.56956460072355,92.03823175221373,150.75675345755914,109.28369597788303,136.6033377055969,105.04469987228609
2024-07-08,96.22921860246316,108.12012446901915,131.83611368831743,91.12810824158998,154.48999351734176,115.00518846346853,103.56956460072355,91.82707246067544,148.432427483636,111.49858437562814,136.22712041327864,101.08556832694764
2024-07-09,96.22921860246316,108.67377237370684,131.1899830090303,91.08986498976756,154.81141998401117,115.47247499927511,103.56956460072355,92.09236791980258,148.81081452240815,110.46183431975929,136.20495436667557,102.23499361430395
2024-07-10,96.22921860246316,108.64860772348683,131.38159754636501,92.16061185468452,155.60511322872253,116.19937484917489,103.56956460072355,90.89850809879286,147.99999546360326,109.75494906752157,134.87786472704062,103.00127713920817
2024-07-11,96.22921860246316,109.62167073181581,130.5304979566322,92.78011285552104,158.41259429321087,116.66666138498147,103.56956460072355,90.69006166662147,149.1891912511877,106.88029735583457,134.81811019433937,103.89527458492975
2024-07-12,96.22921860246316,110.22564793694347,131.626682696164,93.80497248633186,158.34699901607084,116.72897206627609,103.56956460072355,92.83955393330834,150.13513307313661,109.75494906752157,135.39825036638683,102.17113665389527
2024-07-15,96.22921860246316,110.6450758405086,131.43283711797542,93.46080072523304,158.93079057682846,116.30321542129549,103.56956460072355,92.67982803497101,152.4054037558066,101.69651336981067,135.01978916254848,99.74457215836526
2024-07-16,96.22921860246316,110.26759328728475,132.1168423717579,94.08795154345422,161.52180402386028,116.45898024074029,103.56956460072355,93.24832838950844,152.43243655642948,103.1102726387263,135.61735823465665,101.08556832694764
2024-07-17,96.22921860246316,110.60314329009114,131.755902457619,94.72275217906011,161.02328952627911,116.56282081286086,103.56956460072355,92.72314302002962,152.45945904705977,95.90009924370075,135.05714019769218,101.6602809706258
2024-07-18,96.22921860246316,109.05963887702941,133.5360924509333,93.53728722887786,160.82650369485899,116.0851478430839,103.56956460072355,95.32472472797522,150.08107778188347,100.14137705044755,136.635702270696,99.93614303959131
2024-07-19,96.22921860246316,109.17707817803068,135.5858559234188,93.66730494891252,157.13348638898,115.73208039084051,103.56956460072355,95.44113564125392,150.24324365564294,100.2827541008951,138.01757184553531,99.74457215836526
2024-07-22,96.22921860246316,109.18547492805324,133.89925278192203,94.1950314815368,156.90390291898984,116.09553427705428,103.56956460072355,94.88616932861362,150.89189684068836,106.07916822700506,137.46163979829967,102.23499361430395
2024-07-23,96.22921860246316,108.04463051835916,135.00212002001138,93.73613580007171,157.7304098167432,115.31671810235811,103.56956460072355,96.0285856714433,147.05405364165435,103.06315070043041,138.7022854179469,102.80970625798211
2024-07-24,96.22921860246316,108.04463051835916,134.9887550228963,93.31548920553001,158.3010855249672,115.22325604168012,103.56956460072355,97.10062903039886,146.3243226747255,99.7643790729607,139.06579908419917,103.12899106002553
2024-07-25,96.22921860246316,107.58325726445277,136.51716674385005,92.57361446694252,154.27352589988521,115.11941546955953,103.56956460072355,99.50459557368264,147.02703115102406,96.18284210903596,140.76637533017555,103.7037037037037
2024-07-26,96.22921860246316,108.90865097570939,136.38794698239508,93.2695961363229,156.1167595933093,115.6282398187199,103.56956460072355,99.46669622237852,145.72972478093328,94.53346191308103,140.50492995671743,100.76628352490422
2024-07-29,96.22921860246316,108.56471702280427,135.9802189543494,93.31548920553001,155.93965554792555,116.30321542129549,103.56956460072355,98.83050548839697,145.89189065469276,89.86804733721162,140.00051289406173,101.21328224776501
2024-07-30,96.22921860246316,107.8097519163566,135.56357738689232,93.06309774774438,157.75664152181042,116.2201397945879,103.56956460072355,98.66537404128394,145.72972478093328,100.18849898874342,139.79283828925136,99.29757343550448
2024-07-31,96.22921860246316,109.0848035272494,135.22937809098758,92.61950170104863,159.16693998032142,116.29282898732507,103.56956460072355,99.58309705067818,147.21621951541385,95.94722118199664,139.7081870239702,97.76500638569604
2024-08-01,96.22921860246316,108.86670562536811,136.26094763778988,92.56596464955784,159.7244998360118,117.06126665057867,103.56956460072355,102.12242418289227,145.45945863466005,92.74269904889861,140.8410655279152,97.57343550446998
2024-08-02,96.22921860246316,107.57487331435402,137.79160102360154,92.35181644359464,159.114460555715,118.32813430649442,103.56956460072355,104.23942264705074,142.83783371384078,92.69557149282276,143.18152460609264,98.7228607918263
2024-08-05,96.22921860246316,107.11350006044762,138.14807885603273,93.07839154741278,157.54017390435388,119.41848012008019,103.56956460072355,106.31311621112994,140.67567361367713,91.51743876872645,142.58644876900678,99.80842911877394
2024-08-06,96.22921860246316,107.96913656769915,140.0708536079171,94.60802825869385,156.71368302107248,118.62927751141359,103.56956460072355,106.22377338164577,140.51351804991026,94.72196090182446,142.44204297102434,99.29757343550448
2024-08-07,96.22921860246316,109.26935282881196,137.73366832942958,95.1434046087028,156.80551000327975,118.35929360840562,103.56956460072355,105.95576506315172,140.40540746740393,99.52874691036146,140.81367556031302,97.89272030651341
2024-08-08,96.22921860246316,110.18371538652603,136.37235094442616,95.90822296434334,158.88487708572484,118.48389912593922,103.56956460072355,104.1419714944033,142.13513554753484,100.23563216259923,140.32317312359132,96.87100893997446
2024-08-09,96.22921860246316,111.70204234944394,135.47668365763636,98.08795411089865,159.53427993809447,119.41848012008019,103.56956460072355,101.67844306479685,142.9999995876003,100.98962811757295,138.08978068080037,96.2324393358876
2024-08-12,96.22921860246316,112.13823815320652,134.42506661516148,99.34989972962475,161.52180402386028,119.83385033109037,103.56956460072355,101.36711976124417,143.35135382574958,103.15739457702217,137.09881473981548,97.89272030651341
2024-08-13,96.22921860246316,113.37135721368186,133.81904155122356,101.30018887054852,161.80386691845686,120.66458283058294,103.56956460072355,100.99624465634788,144.35135093895164,101.22526028017218,136.74027567106018,96.48786717752235
2024-08-14,96.22921860246316,114.13471907015209,133.4046310246204,102.63862099291944,160.01311264963923,120.99687741488555,103.56956460072355,100.53061108821267,142.43243449443094,104.57116508149768,135.83894746540102,97.31800766283524
2024-08-15,96.22921860246316,114.81419022593977,134.07972273899148,103.40343934856,160.91178075803543,120.09345572265578,103.56956460072355,100.47104920189001,143.56756468076964,103.53440379006895,136.1676152040796,95.78544061302682
2024-08-16,96.22921860246316,114.52898232349722,133.61184159992402,103.25047801147227,163.8963658679075,120.19729629477635,103.56956460072355,99.52083238996764,142.86486651446367,100.04712193829587,136.5659866704532,94.6360153256705
2024-08-19,96.22921860246316,116.26541998822022,133.78784947528575,105.2313547517328,164.10626755186127,119.94807733718137,103.56956460072355,99.86193663668178,146.54054383973818,105.3251610364714,136.22736973678087,96.55172413793103
2024-08-20,96.22921860246316,116.53384719054152,133.60292806051262,105.85085575256932,164.7294226846917,119.02388277701081,103.56956460072355,99.8159188772353,147.24324200604414,103.58152572836484,134.59153449355034,95.78544061302682
2024-08-21,96.22921860246316,116.86100044332537,135.87772918712452,105.82791213551626,164.5391867723024,118.868117957566,103.56956460072355,102.24965627870122,150.67567567567568,102.59189761079188,136.39667226734318,95.91315453384419
2024-08-22,96.22921860246316,115.56916813231129,136.10275621724685,104.24474420784536,162.60412609667102,118.45274774655581,103.56956460072355,102.30108967190246,149.27026903307117,96.74835031082615,136.50623213775194,94.89144316730524
2024-08-23,96.22921860246316,115.87954068497383,138.259482162669,105.04780581530832,164.5391867723024,119.366555872756,103.56956460072355,103.568045421132,148.91891479492185,95.28746910361467,139.2052302846847,93.93358876117497
2024-08-26,96.22921860246316,117.23009904645048,137.90745578794147,105.1242806487512,165.1492260525992,119.117336915161,103.56956460072355,103.26213775133411,150.05405529125318,92.1771908471084,136.57844097301702,92.46487867177522
2024-08-27,96.22921860246316,116.99522044444792,136.47707175250488,104.70362821910851,165.03771728435552,118.57736118661721,103.56956460072355,102.92644913837475,150.70269816630594,89.72667590454402,136.83488800388278,93.80587484035759
2024-08-28,96.22921860246316,117.54886834913559,137.0207020405631,105.72849368502031,164.05378812725485,118.38005855381861,103.56956460072355,103.57617391425369,148.5945933573955,90.95193056693626,137.13865900998147,93.29501915708812
2024-08-29,96.22921860246316,116.34091393888025,137.4841317219269,105.07074943236138,165.6739882697196,118.01661259013262,103.56956460072355,104.27732199835485,149.2432465424409,100.70688525223777,138.4906453821963,94.95530012771393
2024-08-30,96.22921860246316,116.34929788897897,138.63601811477685,104.80305833980641,163.58150533474088,117.64278019247625,103.56956460072355,105.13279043201736,148.45946028425888,100.23563216259923,140.1214941553822,96.55172413793103
2024-09-03,96.22921860246316,114.98197162730489,138.43549003803076,104.97896329394717,163.32567414521156,116.84319114983926,103.56956460072355,103.46246577536284,145.27027027027026,103.81715789096407,139.80777395428973,98.7228607918263
2024-09-04,96.22921860246316,116.66806719166406,138.74964183826293,106.04206034147946,163.5552576152017,117.34163698755707,103.56956460072355,105.23025166964386,148.2702719198691,101.08388322972462,140.61448982712622,99.74457215836526
2024-09-05,96.22921860246316,116.91132974376536,138.39093296497788,105.91204262144478,164.73597260372253,117.47662893906103,103.56956460072355,106.31853184488442,147.97297297297297,106.2205452774526,140.477551861663,99.61685823754789
2024-09-06,96.22921860246316,115.22523417940616,138.9969474049117,104.81070232209011,163.5618235487045,118.17237740957742,103.56956460072355,105.10842512261065,147.2972972972973,107.21018463058549,138.62260875016267,98.02043422733078
2024-09-09,96.22921860246316,115.30072813006618,137.29251718459216,105.54493307839388,164.10626755186127,118.17237740957742,103.56956460072355,106.46471361634526,147.1081089329075,102.26202157160091,139.34715472019255,98.14814814814815
2024-09-10,96.22921860246316,115.00713627752488,137.1699799216947,105.445502957696,164.79501796183175,117.60124237912244,103.56956460072355,105.63632335145641,147.270274806667,105.1837952215838,139.04090235161928,96.93486590038314
2024-09-11,96.22921860246316,115.35105743050617,138.81202599013858,104.32121904128823,164.78190210929813,117.91277201801202,103.56956460072355,107.60984281854186,148.432427483636,106.97455246798624,140.99792562846145,97.19029374201787
2024-09-12,96.22921860246316,114.62964092437721,138.5736339629012,103.25047801147227,167.34666783679074,117.51816675241487,103.56956460072355,107.81018092754968,148.5945933573955,111.07446445984539,141.1099668613448,98.65900383141762
2024-09-13,96.22921860246316,115.49366138172745,138.46891315482245,104.03059600188217,169.3210920844949,117.09241802996209,103.56956460072355,107.37703107696379,150.59459789379224,108.62394389950106,140.07170069022243,99.80842911877394
2024-09-16,96.22921860246316,115.72015603363128,138.48674023364524,104.39770554493309,169.2620467263857,117.10279654140466,103.56956460072355,107.8480802788538,149.2432465424409,111.8284604148191,139.7398036185626,104.9169859514687
2024-09-17,96.22921860246316,115.43494813118873,136.55950340005313,103.86997901230879,168.20597237311415,117.23779641543646,103.56956460072355,105.79875202418133,149.1621584505648,109.51931690492233,137.03906020711423,105.3639846743295
2024-09-18,96.22921860246316,114.5709276738385,135.99136353461466,103.2351783767029,168.62577574102164,117.69469651727262,103.56956460072355,104.36124919408422,147.7837846085832,107.6343045463682,136.48631000266894,105.4278416347382
2024-09-19,96.22921860246316,113.83273046758826,135.0088025185689,102.44741640400932,169.76057723843883,116.30321542129549,103.56956460072355,103.95788028665953,148.29729441049938,110.65033330850274,135.97091083336736,103.63984674329502
2024-09-20,96.22921860246316,112.13823815320652,134.73253591683616,100.39005316010396,171.8530601734175,115.00518846346853,103.56956460072355,102.7477735643855,144.78378295898438,114.70311212650613,135.04717913015068,102.61813537675606
2024-09-23,96.22921860246316,111.84464630066522,134.37604746040088,98.92160331769837,172.2859954083306,115.23364247565053,103.56956460072355,101.61889126345325,143.86486362766576,123.13854580170383,137.2805715729416,105.61941251596426
2024-09-24,96.22921860246316,113.19520466214186,136.97391392665634,98.79158559766373,173.90619555079533,116.19937484917489,103.56956460072355,104.40997981289735,149.81081163561024,120.21678338728088,137.84078960990607,105.17241379310344
2024-09-25,96.22921860246316,112.74221535833419,135.8866427265359,98.7533423458413,174.43095776791571,116.30321542129549,103.56956460072355,103.15385533117708,149.29730183369406,124.26956220528425,135.68955519737398,106.06641123882503
2024-09-26,96.22921860246316,113.76562046702699,135.28284870345186,99.83173902814293,175.1328240304198,116.25129117397131,103.56956460072355,102.43645026083281,155.7297268429318,121.8190416449399,136.28961750450443,105.55555555555556
2024-09-27,96.22921860246316,113.54752256514568,135.5145688561358,100.08413048592854,173.4535945443178,115.37902086112493,103.56956460072355,101.55391374337577,154.75675222036,136.75777469848532,135.36587392874003,106.76883780332057
2024-09-30,96.22921860246316,112.82610605901672,135.13357082232022,99.09751994204112,172.9157164746638,115.93976945760951,103.56956460072355,102.95623008153594,154.86486280286633,137.7474140516182,135.27872942843655,108.49297573435504
2024-10-01,96.22921860246316,113.42169931404568,135.05782167332953,98.66156787762907,174.96228591853887,115.84630739693151,103.56956460072355,102.75048642375242,155.45946069665857,136.47502059759023,135.65968386729722,109.57854406130268
2024-10-02,96.22921860246316,114.20182907071337,134.64786260442997,99.65583407400214,173.63726452320435,116.18898841520449,103.56956460072355,102.29568412312675,156.81081204800992,136.0037675079517,135.04966049262526,110.47254150702426
2024-10-03,96.22921860246316,112.6499407075529,133.9371273564174,98.2868026820925,174.29321729460477,115.78400463816469,103.56956460072355,100.52248259509096,154.10810934530724,139.96230244936328,135.4555116640658,109.38697318007662
2024-10-04,96.22921860246316,112.80932535889548,133.2509016857851,98.47800727100264,173.55198746002787,115.77361820419428,103.56956460072355,100.93668277002492,154.54054136533995,134.49576436244433,136.3518533996803,108.49297573435504
2024-10-07,96.22921860246316,112.98549071035929,134.03293462508475,98.62332462580665,173.48639218288784,115.78400463816469,103.56956460072355,99.13912601756178,155.62162657041807,129.40622425301223,135.80408966527963,108.81226053639847
2024-10-08,96.22921860246316,112.55766605677162,133.9950600505894,98.8527724665392,171.53164972122008,116.78088839107248,103.56956460072355,100.42773421683138,152.59459212019638,128.79359411292614,136.79754884128684,107.47126436781609
2024-10-09,96.22921860246316,111.16517514487754,135.22269559243006,97.51434034416826,170.94129222695966,115.66977763207372,103.56956460072355,101.09911144275013,151.32432886072107,125.35344543500887,137.80593180978468,107.53512132822478
2024-10-10,96.22921860246316,111.60976769866267,136.07602622301675,97.39961642380199,171.8989896789931,115.92938302363909,103.56956460072355,101.48894630827738,150.67567567567568,126.0603194516867,139.33470041762874,106.89655172413792
2024-10-11,96.22921860246316,111.19033979509754,135.971305414938,97.01720724598172,174.3260149331748,115.8359288854889,103.56956460072355,101.72175804985545,150.13513307313661,124.03393004268501,138.97616134887338,106.1941251596424
2024-10-14,96.22921860246316,112.20534815376779,135.47446324078658,98.0650104938456,173.68317801430797,115.8151560175481,103.56956460072355,101.7352920917526,150.32432143752638,117.53063066433731,139.6957327214064,104.27841634738186
2024-10-15,96.22921860246316,112.08790885276652,135.51233781528194,98.55449377464747,174.57526417472943,115.54516419201231,103.56956460072355,101.09640866836227,148.97297008617505,117.71912965308073,139.29984261750735,102.4904214559387
2024-10-16,96.22921860246316,112.70028280791674,137.18112450195997,99.00573380362691,175.40177107248277,114.98442351805554,103.56956460072355,102.52579309031698,149.67567856247362,111.54571754948392,140.7265310600096,103.38441890166028
2024-10-17,96.22921860246316,112.00403095200777,136.92935685360345,98.54684979236377,176.51689078386357,114.65212893375293,103.56956460072355,102.54202990660197,148.94594759554477,110.60320013464695,141.1249143989309,103.89527458492975
2024-10-18,96.22921860246316,111.77753630010395,136.43028363859815,98.48566292348829,178.00590037204822,114.42367492157092,103.56956460072355,101.876068314438,149.45945739746094,106.40904426619603,140.72155646251267,103.38441890166028
2024-10-21,96.22921860246316,111.71042629954266,136.0537476864903,98.72275474650453,178.62250558584782,115.03633984285193,103.56956460072355,102.01954731151102,150.18918836438976,108.95381993869205,140.32566635861363,104.59770114942528
2024-10-22,96.22921860246316,111.31616304619756,137.0697211953237,97.75143216718453,180.0065563248196,114.14329666206477,103.56956460072355,102.1386609991773,149.51351268871412,108.90669800039616,141.6253660306464,106.38569604086845
2024-10-23,96.22921860246316,110.75413119141115,136.91376081563453,97.61376462976517,178.05181386315186,113.66562369228777,103.56956460072355,101.94374860890332,148.67567113927893,110.36757920760765,141.65524923327087,107.0242656449553
2024-10-24,96.22921860246316,111.45876699741883,136.94049080986463,98.51625052282505,179.3965170445228,114.62096963184172,103.56956460072355,100.82298471611341,148.5675708667652,118.85014605666116,141.5855336330281,107.66283524904215
2024-10-25,96.22921860246316,111.17355909497626,136.56618589861068,98.12619736272109,179.79008870736305,113.97715333117738,103.56956460072355,101.02601551453003,151.81080586201438,120.64090330306361,141.02531559606365,106.06641123882503
2024-10-28,96.22921860246316,112.31440350467035,136.84691458205114,98.91395933541467,179.92127926164315,114.13291815062216,103.56956460072355,101.07474613334342,153.27026779587206,108.8124428882445,141.568425291756,104.9169859514687
2024-10-29,96.22921860246316,111.82786560054394,137.45293964598906,98.08795411089865,181.59395882871434,113.1360264751866,103.56956460072355,100.84463716615319,153.3243230871252,110.55607819635105,142.17562300006935,105.68326947637291
2024-10-30,96.22921860246316,111.7188102496414,138.75855537767433,98.10325374566801,182.91243030501803,113.4579425480466,103.56956460072355,101.71905527546761,153.56756674276818,134.07163321110164,143.41558001194855,105.10855683269476
2024-10-31,96.22921860246316,111.00579049353499,139.2999652488827,96.77246560558078,179.61955059548214,113.68639656022859,103.56956460072355,101.76507303491408,152.83783577583932,127.56833383275396,143.47284130962748,104.9169859514687
2024-11-01,96.22921860246316,109.7894521331809,140.26691960295548,95.4493331179792,179.63923238151853,113.68639656022859,103.56956460072355,103.21070435813286,152.05404951765732,125.49482248545641,144.1475938144976,105.87484035759897
2024-11-04,96.22921860246316,111.86981095088522,137.6467746001736,97.18546821783879,179.47524418866843,114.46521273492476,103.56956460072355,100.49271173690883,154.83784031223607,131.05560444896713,141.36209228483855,106.38569604086845
2024-11-05,96.22921860246316,111.92852420142397,140.26915064380935,97.91204915675789,179.7507411497622,114.72481812649013,103.56956460072355,103.01849474224649,154.75675222036,125.82469852464739,144.1774651445744,106.89655172413792
2024-11-06,96.22921860246316,111.60976769866267,139.6874545491826,96.97132001187559,174.98196770457528,114.95326421614433,103.56956460072355,102.60700742667943,156.75675675675674,129.4533461913081,142.91262327266304,108.87611749680714
2024-11-07,96.22921860246316,110.91351584275371,135.6065196113272,96.54302359994921,177.00228942891113,115.33748304777112,103.56956460072355,99.57227586814767,158.6486507106472,126.90858175437201,141.29421692949322,109.19540229885058
2024-11-08,96.22921860246316,109.3196949291758,136.77194098535725,94.83747609942638,176.2873073138734,115.3686344271545,103.56956460072355,100.58204448141363,152.91892386771536,125.77756535079159,141.69757486591143,110.08939974457215
2024-11-11,96.22921860246316,109.48746353061706,136.21192848302928,95.12046099164975,171.2823844651935,116.05399646370051,103.56956460072355,101.74070772550738,151.89189395389042,137.60603700117062,142.82797200738187,109.83397190293742
2024-11-12,96.22921860246316,109.23580422849324,136.60424108117516,94.91395676797025,170.54772056411937,115.18171822832632,103.56956460072355,101.49706471642004,149.4054021062078,136.9934068610845,143.3010455440429,109.45083014048531
2024-11-13,96.22921860246316,109.35324352949452,135.85457948226468,94.79923284760397,169.2882944459249,114.16406953000555,103.56956460072355,100.62806224086012,150.13513307313661,140.57493258944936,143.12177007339133,108.93997445721584
2024-11-14,96.22921860246316,109.34485957939579,136.520534553139,94.18738166415213,168.46178754817154,114.47559124636733,103.56956460072355,101.10994271025942,150.72973096692883,131.24411467327047,144.55841958343507,107.0242656449553
2024-11-18,96.22921860246316,109.3700242296158,136.02477602740228,94.26386233269598,171.24303690759265,114.28867504753917,103.56956460072355,101.65407775539015,151.243240768845,140.10367949981085,144.27706394744166,109.64240102171136
2024-11-19,96.22921860246316,109.86494608384092,135.5240348437586,94.78393904793559,172.32535898040342,114.53790192766193,103.56956460072355,100.61182542457512,151.62161749762456,141.28180660612722,143.07695120572845,109.1315453384419
2024-11-21,96.22921860246316,108.573100972903,135.44164569222664,93.39961969145854,175.27714645170548,115.7528532587813,103.56956460072355,100.58746011516844,151.86486115326753,157.35155606325307,143.6819881103558,109.00383141762453
2024-11-22,96.22921860246316,110.67863724075113,135.5240348437586,93.6749547662972,177.75663511602164,117.23779641543646,103.56956460072355,102.09264323973082,153.1891900139886,147.45522994528395,144.76257991411876,108.68454661558108
2024-11-25,96.22921860246316,110.57797863987113,134.3649135041397,94.13384461266132,171.64972442296656,115.58670200536612,103.56956460072355,101.43751291507641,153.6486445246516,158.76531533216865,144.39409165036963,108.49297573435504
2024-11-26,96.22921860246316,111.36649234663756,134.78615526535734,95.46462691764759,171.87930789295672,115.27518028900434,103.56956460072355,101.65407775539015,152.27027068266997,161.68708898215152,144.34180495018757,107.27969348659003
2024-11-27,96.22921860246316,109.23580422849324,135.68911061893644,92.58126428432719,173.16496571621843,113.95638046323656,103.56956460072355,102.78026736691388,153.86486568966427,150.9896337353529,144.6505386812354,106.1941251596424
2024-11-29,96.22921860246316,107.45743401335275,141.37152917771166,88.89484004354385,174.286651361102,113.22948853586459,103.56956460072355,107.76686594249134,155.32432762352195,158.48256123127356,149.73730800903073,108.04597701149426
2024-12-02,96.22921860246316,107.16382936088765,140.73258032517316,88.47418761390117,172.8369893305182,113.64485874687476,103.56956460072355,107.95636269901078,157.1621662861592,151.4137648866956,148.72393857048826,108.42911877394637
2024-12-03,96.22921860246316,108.06141121848043,141.55114921445582,89.43021055845183,173.47982624938504,113.16718577709779,103.56956460072355,109.59149077874903,157.6756760880754,143.3553291889847,150.8054573827776,108.10983397190294
2024-12-04,96.22921860246316,107.87686191691787,141.37152917771166,90.63862496078812,174.07674967714823,112.50258868596478,103.56956460072355,109.35867903717096,157.91891974371833,143.40245112728059,150.46434721408292,107.7905491698595
2024-12-05,96.22921860246316,109.43713423017707,141.28187320739852,91.6405351394449,172.2925613418334,113.32294267401477,103.56956460072355,108.54382281417922,158.89189436629013,145.0989644970913,150.35728057869648,108.93997445721584
2024-12-06,96.22921860246316,107.75102586589405,141.641134528895,90.60803152635039,173.07970466751394,112.14952915624923,103.56956460072355,108.33266352264093,157.21621126741977,144.95758744664374,149.6476821462527,110.02554278416348
2024-12-09,96.22921860246316,108.86670562536811,141.1848654262717,90.41682693744025,174.8048476447196,112.4818237405518,103.56956460072355,109.91364534981099,161.27026532147383,149.95287244392418,151.58976975805646,110.85568326947637
2024-12-10,96.22921860246316,109.77267143305963,142.72998870562128,91.61759152239185,176.94982601877663,113.21910210189418,103.56956460072355,108.64398682619361,160.54054466453758,149.05749943850287,151.2984530545216,112.51596424010218
2024-12-11,96.22921860246316,110.97222909329243,141.7312367073789,93.48375017738707,179.32437184835192,114.58981825245833,103.56956460072355,107.80746806818304,160.89188859269427,159.18944648351132,150.51912714928733,111.87739463601531
2024-12-12,96.22921860246316,107.87686191691787,139.2509460941221,91.35755024722157,176.2873073138734,114.45482630095437,103.56956460072355,105.84206700923993,157.24324406804266,162.81809415017204,148.2135258712313,110.2809706257982
2024-12-13,96.22921860246316,106.68568180682188,139.77511320673133,90.25621578296786,174.22105608396194,112.9906480897122,103.56956460072355,106.38891491373758,154.10810934530724,154.57115946371772,149.29411767499423,109.83397190293742
2024-12-16,96.22921860246316,105.80488064935037,139.6052035097035,88.98661451175609,173.91931140332898,111.00726701786705,103.56956460072355,106.38891491373758,154.43243078283362,151.46088682499146,150.40957915142627,113.66538952745849
2024-12-17,96.22921860246316,106.8115114578838,143.92862071636173,89.74378305001196,173.46014446334863,110.0207617764019,103.56956460072355,107.98614364217201,156.29730224609375,155.89067485604158,153.0587719606515,113.28224776500639
2024-12-18,96.22921860246316,103.5148078798635,142.5473620757264,86.92160728556703,172.94194817973104,108.82658331322332,103.56956460072355,107.64503939545784,151.21621827821474,159.00094749476787,151.9607512568279,111.68582375478928
2024-12-19,96.22921860246316,103.95940043364863,144.86445736252512,87.4263843660373,170.03607419953264,110.48805623473628,103.56956460072355,110.12209178198265,149.4054021062078,168.897273612737,156.58440811550375,112.57982120051086
2024-12-20,96.22921860246316,104.63048763933757,141.91180228048498,88.7724663057929,172.4303018151443,111.28763735484546,103.56956460072355,105.62820494331378,149.1891912511877,176.62582203569696,153.165838596038,113.98467432950193
2024-12-23,96.22921860246316,103.4644721794616,141.69953467924591,87.53345846901888,171.35454567583633,109.9896103970185,103.56956460072355,105.28438783723297,149.00000288679794,172.29028911679848,151.4876777201669,114.36781609195404
2024-12-26,96.22921860246316,103.69096683136543,142.9130934156991,88.26003940793797,173.09282052004755,109.93769407222211,103.56956460072355,115.93709070742804,149.2432465424409,175.07068571633383,153.94267126624996,115.90038314176245
2024-12-27,96.22921860246316,103.09537997629839,142.82022899615805,87.8776302301177,171.6759561280338,109.8442320115441,103.56956460072355,106.00720854133176,147.35135258855047,165.59849074970737,153.08865516327603,115.96424010217115
2024-12-30,96.22921860246316,103.10377032635903,143.23463952276123,87.68642564120758,170.94785816046246,108.85773469260671,103.56956460072355,106.26168281792867,147.37837507918076,185.48539809779723,154.21406583470184,115.51724137931035
2025-01-02,96.22921860246316,103.01149567557772,145.1475658228764,87.34225388010876,174.4112759818793,109.3457940963541,103.56956460072355,108.21895538375009,146.18918960158888,172.47879934110185,156.86078915400023,117.3690932311622
2025-01-03,96.22921860246316,101.50155266275856,140.5687688064792,86.11089586071941,173.49950803542146,109.2523320356761,103.56956460072355,105.71483491343099,143.70269775390625,158.0584413154908,153.1509029309996,115.13409961685824
2025-01-06,96.22921860246316,102.98632462539584,140.59221598345292,88.23709579088494,173.06657280050837,109.9169212042813,103.56956460072355,106.42411149065359,145.62162450841956,173.0442963073321,153.89038456606787,116.9220945083014
2025-01-07,96.22921860246316,103.87551613292796,141.37152917771166,88.90248402582755,174.2669695750656,109.3457940963541,103.56956460072355,104.96494612553767,143.40540911700273,162.53534004927693,152.26700362540117,116.9859514687101
2025-01-08,96.22921860246316,102.47462847101134,140.48014336456046,88.08412861869624,174.77861593965233,109.63655086730289,103.56956460072355,104.38561450349067,141.3513492893528,172.05466818975918,151.90348995914894,115.96424010217115
2025-01-09,96.22921860246316,102.59206777201261,140.2149151030523,88.09942825346558,176.0446079913496,109.47039961388771,103.56956460072355,104.46953161424098,139.89188735549513,174.41093363795187,152.02549225957378,116.47509578544062
2025-01-10,96.22921860246316,101.89581591610366,138.30014022622967,86.9980879541109,177.66480813381435,109.5430888066249,103.56956460072355,103.35959898896063,139.9729754473712,187.98304059643743,150.25270717833232,120.17879948914431
2025-01-13,96.22921860246316,101.99647451698368,137.99434951719743,87.38049713193116,175.36897343391274,109.3873239871801,103.56956460072355,104.83229839597396,140.40540746740393,185.39114298564556,152.02797362204836,121.71136653895273
2025-01-14,96.22921860246316,102.3152438196688,139.2509460941221,88.50478104833891,175.63135454247293,109.4496346684747,103.56956460072355,104.84311957850446,139.94594264674834,186.9934012433046,151.7167466559782,121.20051085568326
2025-01-15,96.22921860246316,105.23445844450335,138.9036898972202,92.06118756908761,177.92718924237454,109.9688454516055,103.56956460072355,103.71694005195977,141.10810563370987,192.41282862748758,150.75566391761782,122.2860791826309
2025-01-16,96.22921860246316,104.04328473436925,137.78695833382469,91.37284988199092,180.1508627316333,108.84734825863633,103.56956460072355,104.15279267693352,141.16216092496305,200.65975207838198,149.69498237639016,121.20051085568326
2025-01-17,96.22921860246316,104.81503054093824,138.73070986301727,91.25047614423998,180.0131222583224,108.6500456258377,103.56956460072355,105.41974842616332,144.32432844832138,186.05089506402751,150.63366161719296,123.69093231162196
2025-01-21,96.22921860246316,105.70422204847038,139.86284623230853,92.31357319177224,180.7149885208265,107.73623749963757,103.56956460072355,105.18152105083074,146.75675469475823,177.00283124874372,150.1331981129298,125.15964240102171
2025-01-22,96.22921860246316,105.46934344646782,139.42522225682106,92.29827939210384,181.54149541857987,107.74662393360799,103.56956460072355,104.63196028696615,144.62161708522487,186.61640326581772,149.90164781464387,123.69093231162196
2025-01-23,96.22921860246316,105.02474449272079,137.61674054067893,92.31357319177224,181.24631667144965,107.49739705348516,103.56956460072355,102.80191981695368,144.43242872083508,185.90951801357997,147.90478026763572,125.09578544061301
2025-01-24,96.22921860246316,104.92408589184078,137.36221065126526,92.2294427058437,182.1777664039439,107.70508612025415,103.56956460072355,102.69363739679666,145.48649143528294,189.77379784283994,147.49892909619518,124.26564495530013
2025-01-27,96.22921860246316,107.105109710387,137.86066767403474,94.39388005273065,179.5670711708757,107.58047268019276,103.56956460072355,102.57181084976344,147.56756344357052,174.22243464920842,147.12794759742377,123.11621966794381
2025-01-28,96.22921860246316,106.3249735537574,137.02431420194554,94.40917968749999,181.48901599397342,107.97507794578995,103.56956460072355,102.96164571529071,146.6216216216216,163.57210134070564,146.71712182848634,123.9463601532567
2025-01-29,96.22921860246316,105.86360029985103,135.93746796198772,94.14913841232972,181.63988833428994,107.71547255422458,103.56956460072355,101.90584925759923,146.00000123719911,166.58813010284018,145.808325790308,126.94763729246488
2025-01-30,96.22921860246316,108.8583216752694,135.93746796198772,96.71127873670532,185.1754673663496,109.3146347944429,103.56956460072355,102.17927320984805,149.43243490683068,143.590950116024,145.8232614553464,125.2234993614304
2025-01-31,96.22921860246316,108.1033437688979,135.93746796198772,96.74952198852772,184.48671695637915,109.33540766238372,103.56956460072355,103.16467651370733,147.2972972972973,143.44957306557646,146.2664517893829,123.11621966794381
2025-02-03,96.22921860246316,107.94395911755532,135.25833912607155,96.59656065144,185.89044948138732,109.5223238612119,103.56956460072355,101.86523704692847,146.8378427866343,157.96418620333915,145.42239675395047,124.84035759897829
2025-02-04,96.22921860246316,107.30643331210894,133.49402139483186,96.17590822179733,187.1630074665874,108.85773469260671,103.56956460072355,101.23175917231355,144.54053930334143,153.2987772452497,144.56588741595425,126.30906768837804
2025-02-05,96.22921860246316,107.64198331491531,132.93646303744313,97.27724852115199,188.36340424114465,109.03426445746452,103.56956460072355,101.1234767521568,143.43243160763302,158.34118418082602,143.34337117668346,125.9897828863346
2025-02-06,96.22921860246316,108.2543444701417,134.37968086979146,98.10325374566801,187.34011151197114,109.02387802349409,103.56956460072355,102.9237463639869,145.89189065469276,160.60320575242687,144.48371751314767,126.50063856960409
2025-02-07,96.22921860246316,106.87023110838444,133.1748338166724,96.38240661037584,188.08134134654807,109.27310490361693,103.56956460072355,103.14572683805541,143.37837631637987,155.93779679433746,143.42802244196463,124.52107279693487
2025-02-10,96.22921860246316,107.63358656489277,132.75627992848345,96.86424590889399,191.16431937213022,108.73312125254533,103.56956460072355,103.80357002207698,145.91892345531568,162.2997191222376,144.49118534566685,125.54278416347383
2025-02-11,96.22921860246316,108.50600377226556,132.69893155453508,97.78202560162225,191.04624467038374,109.22118065629272,103.56956460072355,103.18362618935953,145.29729276090055,165.83412291230658,144.08534604677402,123.62707535121329
2025-02-12,96.22921860246316,106.6185718062606,133.0158243478163,95.57170102062919,190.81666120039358,108.83696182466593,103.56956460072355,102.19551002613332,143.35135382574958,168.0018893717558,143.52762124483186,125.2234993614304
2025-02-13,96.22921860246316,107.14705506072828,133.37121853183277,96.11472135292186,191.92521497827158,109.42886180053388,103.56956460072355,101.1830386384795,144.1891850651921,170.97078496003456,143.52512800980958,126.0536398467433
2025-02-14,96.22921860246316,109.85656213374217,134.2986940867962,99.0592766902187,189.1505475668252,110.46728336679546,103.56956460072355,102.01684453712315,145.91892345531568,175.5419388059723,143.58737577753317,126.75606641123882
2025-02-18,96.22921860246316,110.16693468640474,133.33422574967489,99.80879541108987,192.29912086954738,111.20456172813785,103.56956460072355,102.12242418289227,145.40540334340687,188.83129166356284,142.22293510275452,128.22477650063857
2025-02-19,96.22921860246316,109.13514562761321,132.3049297397427,98.37093316802104,191.49884567686127,111.26687240943245,103.56956460072355,101.35900135310155,145.02702661462732,201.69652460537063,141.6378203332102,127.07535121328223
2025-02-20,96.22921860246316,109.40357282993452,132.76296242704097,97.93499277381095,192.850114791735,111.29802378881584,103.56956460072355,102.40396654328376,144.48648401208825,195.66446708110158,142.42710730598594,127.20306513409963
2025-02-21,96.22921860246316,109.00092562649067,133.324430417926,96.96367019449092,192.69269253238767,111.47455355367364,103.56956460072355,103.26484052572198,143.4594644082559,199.5287581459214,141.95403376932495,125.47892720306513
2025-02-24,96.22921860246316,107.62520261479405,132.54016643777248,96.17590822179733,193.36831107535258,111.19418321669524,103.56956460072355,103.9605830610474,142.72973344132706,188.21866152347675,142.69351540439322,123.24393358876118
2025-02-25,96.22921860246316,108.08657586870044,134.54197315590397,96.99426362892865,190.52148245326336,110.67497243356445,103.56956460072355,104.37748601036922,142.78378873258023,196.70121713697034,143.85877034598505,122.54150702426566
2025-02-26,96.22921860246316,107.11350006044762,134.46078451683147,95.93116658139638,191.32830756498032,110.87226714383524,103.56956460072355,104.24483828080552,142.75675593195734,184.07162759332172,142.92507757522682,122.15836526181354
2025-02-27,96.22921860246316,107.079945060167,135.5240348437586,96.14531478735958,189.124299847286,110.17652659584667,103.56956460072355,105.52262529754461,143.51350938951646,185.39114298564556,144.45384618307088,118.71008939974456
2025-02-28,96.22921860246316,105.48611774662717,135.113098366485,93.75143543484104,186.08068539377663,109.4600211024451,103.56956460072355,105.41974842616332,140.02703073862438,180.67861208926024,145.38256435633218,115.83652618135376
2025-03-05,96.22921860246316,105.57000204734781,139.2063890210692,95.28871612840584,191.22991464927026,110.33229141529148,103.56956460072355,106.33748152053661,140.08108602987755,209.70781589366578,146.54532606290172,112.45210727969348
2025-03-06,96.22921860246316,105.79649669925166,137.95757983912495,95.31166558055988,191.3151917124467,110.58151037288646,103.56956460072355,104.35041792657469,141.75675881875526,202.73327466123945,142.92009110518222,114.81481481481481
2025-03-07,96.22921860246316,107.27287831182828,138.38603529910344,96.25238889034118,190.53459830579698,111.07995621060425,103.56956460072355,105.3818490748595,142.72973344132706,207.30443974273715,143.4902702096882,116.28352490421456
2025-03-10,96.22921860246316,106.85345040826316,139.51254094623968,95.37284661433438,189.63594621187275,110.85150219842225,103.56956460072355,105.73919013785861,140.4594627586571,211.6399726616356,143.9857472439068,117.17752234993614
2025-03-11,96.22921860246316,106.06493030153483,141.19234472513418,94.95220001979267,191.07247637545098,111.70300756585563,103.56956460072355,107.75332181561488,138.9729680241765,209.84920417967322,145.72864912252373,116.60280970625799
2025-03-12,96.22921860246316,106.34174785391677,141.10291185890642,95.1434046087028,192.79108544809773,111.24609954149163,103.56956460072355,106.21565497350313,138.32432514912375,192.45995056578346,144.6256419486555,114.62324393358875
2025-03-13,96.22921860246316,107.75102586589405,140.48014336456046,98.0650104938456,195.75598877193343,112.14952915624923,103.56956460072355,105.92599420496931,140.945950069943,193.73233278425153,144.35674061522593,115.83652618135376
2025-03-14,96.22921860246316,110.72896654119116,140.12673586930435,101.95793312320747,196.4250573958675,111.40186436093644,103.56956460072355,106.11549096148876,144.81081575960727,193.40245674506053,144.3741695152866,113.79310344827587
2025-03-17,96.22921860246316,112.33956815489034,139.5999446276908,103.25047801147227,196.78583142013775,111.81723457194663,103.56956460072355,104.55616158435821,146.16216711095862,189.34967792705717,142.93254540774603,117.75223499361431
2025-03-18,96.22921860246316,112.82610605901672,138.128647552596,102.89865643298877,199.08823205354213,111.8795373307134,103.56956460072355,102.89938105458019,147.16216422416068,190.9519361847162,141.37561511669765,117.17752234993614
2025-03-19,96.22921860246316,113.78240116714827,138.128647552596,103.84703539525573,199.14069546367662,112.46105879513881,103.56956460072355,102.75048642375242,147.70270682669974,200.14138828600747,141.22699456427276,118.00766283524904
2025-03-20,96.22921860246316,113.1868079121193,137.19304463452204,103.17399150782745,199.40964250573958,111.75493181317987,103.56956460072355,102.95893285592379,147.70270682669974,187.32327728249555,140.6294254921646,119.79565772669221
2025-03-21,96.22921860246316,113.49719326470569,137.1086156742094,103.84703539525573,197.9796622611922,111.85877238530044,103.56956460072355,103.33793645394178,146.40540045660896,187.5589094450948,141.27181343193564,118.5823754789272
2025-03-24,96.22921860246316,112.71705070811417,138.8171467600984,103.80879214343332,197.64513595646113,112.0249157161878,103.56956460072355,103.71423727757193,146.35135547534838,184.44863680636848,142.65865760427184,118.6462324393359
2025-03-25,96.22921860246316,113.37135721368186,138.55814416497293,104.45124843152485,198.34043628546246,111.88992376468383,103.56956460072355,103.4489317334657,145.5135139259132,180.96135495459544,143.4354902744838,116.9220945083014
2025-03-26,96.22921860246316,113.75723651692826,136.8559662335154,104.68068460205544,198.15676630657592,112.04568858412863,103.56956460072355,102.86418447766421,146.75675469475823,181.95099430772825,141.88182493405986,115.26181353767562
2025-03-27,96.22921860246316,114.31926837171464,137.1086156742094,104.37476192788002,200.73466390107413,111.77569675859283,103.56956460072355,103.18904182311401,146.97297585977088,186.14515017617921,142.75576317211681,114.94252873563218
2025-03-28,96.22921860246316,113.3294246632644,137.95757983912495,103.95410949823733,202.4598228927517,112.11837777686581,103.56956460072355,102.9670613490455,144.67567237647808,191.56456632480229,142.90016897009923,115.77266922094509
2025-03-31,96.22921860246316,111.81948165044521,138.73070986301727,102.07266287867472,204.8409346558298,112.22221834898643,103.56956460072355,104.24213550641768,142.5135122763144,194.10933076173836,143.36826790926332,116.79438058748404
2025-04-01,96.22921860246316,112.55766605677162,137.19304463452204,102.95984330186425,204.58510346630044,112.14952915624923,103.56956460072355,102.8398191682575,143.43243160763302,186.1922721144751,141.88182493405986,117.94380587484036
2025-04-02,96.22921860246316,112.868051409358,136.520534553139,103.27342162852533,205.96260428624137,112.17029410166222,103.56956460072355,102.69092453742974,142.00000247439823,191.09330199960382,141.45606350008407,116.9220945083014
2025-04-03,96.22921860246316,112.60800815713546,137.44694770769584,104.99426292871654,203.1485733027222,113.79023713234915,103.56956460072355,103.74672099512125,138.02702620222763,195.00471500271956,141.01784776354444,116.85823754789273
2025-04-04,96.22921860246316,109.21063957827324,138.38603529910344,101.63671081426267,197.5729747458183,113.72792645105456,103.56956460072355,104.2258886051536,133.54054012814083,180.8199779041479,140.1937029906473,117.56066411238825
2025-04-07,96.22921860246316,107.77619051611404,142.9130934156991,101.07839668230163,193.59134462631192,113.39563186675198,103.56956460072355,108.70625148690414,131.3513472273543,172.2431671785026,145.40820905941877,118.6462324393359
2025-04-08,96.22921860246316,106.37530285419743,143.65022931381577,100.45889568146511,194.7130142567235,113.1360264751866,103.56956460072355,108.34619756453807,126.91891644452069,163.28934723981055,147.23998883030708,119.79565772669221
2025-04-09,96.22921860246316,109.72234213261962,146.96669279109267,102.56214615947658,200.49196457855035,112.64797499396701,103.56956460072355,111.64893744156387,133.35135176375107,179.8303497865749,149.72237234399236,121.0727969348659
2025-04-10,96.22921860246316,108.46405842192428,141.82145574990756,101.15487151574449,206.9662152293785,112.35721030049042,103.56956460072355,106.84371721436328,132.99999752560177,167.62488015870903,144.86217871698602,123.37164750957854
2025-04-11,96.22921860246316,109.63845143193707,147.45302782522282,101.83555938545649,211.36109879776157,113.29179129463138,103.56956460072355,110.82054717667474,134.32432638632287,166.21112088979342,146.5104682627803,125.2234993614304
2025-04-14,96.22921860246316,111.21550444531753,148.0408645941997,103.59464393747014,210.21974738131354,114.21598585480193,103.56956460072355,110.44966198679937,137.51351640031143,156.69180398487111,146.01000475851714,123.88250319284802
2025-04-15,96.22921860246316,111.00579049353499,147.74636720148965,103.81644779591899,211.13151532777138,113.49948036140036,103.56956460072355,110.64458446205268,134.51351475071263,156.88030297361453,145.7610136876228,122.92464878671777
2025-04-16,96.22921860246316,110.24242863706475,147.94257130858088,102.90631208547443,218.20925533986554,114.26791010212615,103.56956460072355,111.31054605421666,133.35135176375107,153.0160231443546,146.51793609529952,123.69093231162196
2025-04-17,96.22921860246316,111.38327304675883,148.83201292898798,103.47992585220483,217.03509027037552,113.75908575296576,103.56956460072355,111.9737947870137,134.16216051256336,152.92176803220292,146.0398760885939,123.18007662835248
2025-04-22,96.22921860246316,112.03757955232649,148.83201292898798,104.74952712341658,223.07642170076255,112.52336155390562,103.56956460072355,111.57584151334379,134.62162533321896,141.70593775746988,144.58829091351183,121.51979565772668
2025-04-23,96.22921860246316,113.53913861504697,144.48865446669782,106.51625565771393,214.90980969682684,113.16718577709779,103.56956460072355,108.43824316841008,137.51351640031143,142.41282300970764,142.41714623844445,120.56194125159642
2025-04-24,96.22921860246316,115.59433278253128,143.83571380080437,108.46654479863767,218.563463430633,113.70716150564158,103.56956460072355,107.85890146138402,139.62162120922193,138.07729009080916,142.00632046950702,121.90293742017879
2025-04-25,96.22921860246316,115.71177208353257,143.7429131252877,108.89484121056405,215.30993127869795,114.23675872274276,103.56956460072355,107.65045502921262,137.86486032846813,138.40716613000015,141.39132249733817,122.2860791826309
2025-04-28,96.22921860246316,115.98859603587638,143.5576729903926,109.56022944550669,218.59626106920302,114.81827226464034,103.56956460072355,107.03051119649514,137.7297272553315,149.38737547769387,141.5407147653652,121.455938697318
2025-04-29,96.22921860246316,116.06408998653639,143.5576729903926,110.21032971588194,217.69760897527877,115.26479385503391,103.56956460072355,107.57465632660495,137.83783783783784,159.56644446099816,140.74894643011487,117.62452107279692
2025-04-30,96.22921860246316,115.97181533575511,142.45620812083996,111.58699341987332,216.79239094785174,115.26479385503391,103.56956460072355,106.90598187507379,135.2162129170186,156.738925923167,139.9297762547146,119.34865900383143
2025-05-02,96.22921860246316,116.10603533687767,142.72998870562128,110.4550655211819,211.99736978312563,115.5555506259827,103.56956460072355,105.59300836639778,135.6756777376742,171.06504007218624,141.3514900997199,117.81609195402298
2025-05-05,96.22921860246316,114.65480557459722,142.8214720046338,109.79732126852295,217.20564439672842,114.90134789134794,103.56956460072355,106.10195691959161,135.0270245526288,167.29500411951804,141.0975244313287,114.0485312899106
2025-05-06,96.22921860246316,114.82258697596232,143.1886269611513,108.71892458622132,223.77172202976388,115.47247499927511,103.56956460072355,107.17128741918027,135.29730100889464,163.19510336321883,141.5805471629835,114.30395913154534
2025-05-07,96.22921860246316,114.5960923240585,144.20810639132648,109.19311990245579,221.80386371556247,115.93976945760951,103.56956460072355,108.13774104738762,135.86486610206398,170.64090892084357,142.2403640028152,112.64367816091954
2025-05-08,96.22921860246316,117.02038509466792,144.58243255058858,114.7762962326721,216.24139702566416,117.03010734866749,103.56956460072355,108.0998416960838,137.70270476470122,169.27427159022386,143.03213233806557,112.13282247765007
2025-05-09,96.22921860246316,117.30559299711048,141.4612701400573,117.0783952818774,218.78648096712035,117.34163698755707,103.56956460072355,104.95141208364025,134.48648195008974,178.84072166900197,140.96556106336234,112.7713920817369
2025-05-12,96.22921860246316,117.37270299767175,141.19234472513418,114.8298274490619,211.21679239094786,117.34163698755707,103.56956460072355,104.86206925415635,138.29729234850086,171.81903602715994,140.6319187271869,112.45210727969348
2025-05-13,96.22921860246316,119.33562251437479,140.03866287559705,117.46080445969767,212.54837971978517,117.42471261426464,103.56956460072355,103.47059426848455,140.05405322925463,171.86616920101574,141.16972139404606,111.36653895274584
2025-05-14,96.22921860246316,118.90781066071095,139.5999446276908,117.49139205903442,208.6848082875533,117.22740998146605,103.56956460072355,102.7910885494441,140.40540746740393,164.56174069383852,139.44348857243537,112.0051085568327
2025-05-15,96.22921860246316,119.74666646784118,140.303211200845,118.02677424414436,211.2627058820515,117.50778824097226,103.56956460072355,104.08511238246847,141.5405376537426,158.43543929297766,140.34060202365202,114.55938697318007
2025-05-16,96.22921860246316,119.64600786696118,141.55114921445582,115.05161963730879,208.72417185962613,117.63239375850586,103.56956460072355,105.63902612584425,141.13513843433276,157.11593513621375,141.45606350008407,113.28224776500639
2025-05-19,96.22921860246316,120.04027112030629,141.01361710473154,115.56405820536568,211.80058395170548,117.9958397221918,103.56956460072355,105.39538311675662,140.86486197806693,146.7012227547503,140.8926992379724,114.30395913154534
2025-05-20,96.22921860246316,120.36742437309013,141.10291185890642,116.29827729146749,215.172190805387,117.91277201801202,103.56956460072355,105.40350152489926,140.4594627586571,161.4985899934081,140.53978775683882,116.0919540229885
2025-05-21,96.22921860246316,118.50516345726709,142.36518165400233,113.96557897272348,217.07445384244832,117.41432618029425,103.56956460072355,106.27791963421367,139.02702331542966,158.71819339387278,141.1074854988702,117.75223499361431
2025-05-22,96.22921860246316,118.01022880311815,142.36518165400233,113.48375134440727,215.95933413106758,117.21702354749564,103.56956460072355,106.28875090172323,138.64864658665013,153.2987772452497,140.54477422688342,118.26309067688379
2025-05-23,96.22921860246316,118.46321810692584,143.5576729903926,113.81261763563575,220.6362805940472,117.97507477677884,103.56956460072355,107.56652783348326,138.78377965978672,157.11593513621375,142.32501526809637,117.3690932311622
2025-05-27,96.22921860246316,119.94799646952501,143.65022931381577,115.75526279427581,216.40538521851425,118.75389095147501,103.56956460072355,107.5394597496887,138.81081246040964,160.13195266278836,141.0900565988095,117.3690932311622
2025-05-28,96.22921860246316,119.36918391461735,142.27427205120938,115.25812386098828,216.044611194244,118.48389912593922,103.56956460072355,105.86372954425877,137.54053889094172,150.9896337353529,140.3630173937573,115.19795657726692
2025-05-29,96.22921860246316,119.10914066239478,142.27427205120938,113.86616052222753,217.5861002070351,118.43198280114282,103.56956460072355,105.67422270276023,137.16216216216216,165.9754999627541,141.64031356823247,114.17624521072798
2025-05-30,96.22921860246316,117.73341765069813,143.46523353101418,113.30019073778084,215.73630058010824,118.11006672828282,103.56956460072355,106.62985514843737,132.89188694309544,162.44109617268515,141.05270556366582,113.40996168582376
2025-06-02,96.22921860246316,117.59080089955305,144.58243255058858,112.65774611989126,221.09544753402756,117.70508295124304,103.56956460072355,107.71813532367793,133.94594965754328,174.08105759876085,142.43954973600205,111.94125159642401
2025-06-03,96.22921860246316,118.25350415514326,144.58243255058858,113.904392103848,219.75729427168744,117.60124237912244,103.56956460072355,107.78039998438848,135.1891904263883,175.40056175552476,141.23446239679194,112.0051085568327
2025-06-04,96.22921860246316,117.84246020167689,142.8214720046338,112.7877638399259,221.28566743194492,117.75700719856725,103.56956460072355,106.09654128583684,135.13513513513513,175.1178188901896,140.37297846129883,112.06896551724137
2025-06-05,96.22921860246316,117.1881536961092,143.1886269611513,111.05927855745101,219.79009191025747,118.27621798169803,103.56956460072355,106.79769945491707,137.89189312909102,173.27992846993135,140.23105402579097,112.26053639846742
2025-06-06,96.22921860246316,116.98683649434918,142.36518165400233,110.77628783012668,217.95342415033616,117.80892352336365,103.56956460072355,105.29251633035439,137.81081534720755,178.32233540550763,139.04837018413846,113.02681992337165
2025-06-09,96.22921860246316,116.72678044220281,141.28187320739852,109.79732126852295,218.57002936413576,117.96468834280842,103.56956460072355,104.07970683369277,140.35135217615075,171.30066099922553,138.50308781221239,110.727969348659
2025-06-10,96.22921860246316,117.34753834745175,141.37152917771166,109.56022944550669,217.8353494485897,116.92626677654687,103.56956460072355,104.08240960808061,140.7837841961835,166.4938749906885,138.36117524925226,112.06896551724137
2025-06-11,96.22921860246316,117.89278950211688,141.82145574990756,110.76099986555927,217.8615971681289,117.14433435475846,103.56956460072355,104.13384300128159,138.3783804403769,165.26861471051637,138.73714321806833,111.62196679438058
2025-06-12,96.22921860246316,118.52193135746457,141.82145574990756,111.51816256871415,221.77106607699244,117.70508295124304,103.56956460072355,103.90373403409137,137.5675716915646,164.56174069383852,137.83332177738689,112.0051085568327
2025-06-13,96.22921860246316,117.9431316024807,143.0048210668051,110.75334421307362,225.07051172003116,117.50778824097226,103.56956460072355,104.68069090577927,137.18918465279245,168.75589656228945,137.8706728125306,113.53767560664112
2025-06-16,96.22921860246316,119.7047211174999,142.5473620757264,113.13192976592377,222.78779287266315,118.27621798169803,103.56956460072355,104.07699397432583,139.5405434273385,176.62582203569696,137.91050521014884,111.04725415070243
2025-06-17,96.22921860246316,119.32723856427607,141.24724957814735,113.56788183033579,222.1449719682683,118.27621798169803,103.56956460072355,102.72070548059122,135.48648937328443,181.47974121808974,136.71288570345794,110.21711366538953
2025-06-18,96.22921860246316,119.26851251381352,140.3916241626824,113.42256447553179,222.354873652222,118.38005855381861,103.56956460072355,102.30921816502389,136.0270319758235,187.98304059643743,136.76766563866235,110.727969348659
2025-06-20,96.22921860246316,117.92635090235943,140.65751111244265,112.30592454140775,220.93145934117743,118.868117957566,103.56956460072355,102.34440465696082,132.4864877236856,181.29123099378637,136.69296356837495,109.51468710089401
2025-06-23,96.22921860246316,117.4062643979143,141.28187320739852,111.54876183825286,221.56116439303872,118.68120175873781,103.56956460072355,102.14407663293206,131.78377924738703,174.2695565875043,137.40009251089188,107.08812260536398
2025-06-24,96.22921860246316,117.97668020279943,141.82145574990756,112.97896842883604,217.60576597859952,118.81619371024182,103.56956460072355,101.93563020076068,132.89188694309544,166.68237397943196,136.78758777374534,106.32183908045978
2025-06-25,96.22921860246316,116.75194509242282,142.45620812083996,112.09177633544456,218.24205297843554,118.31775579505181,103.56956460072355,102.97788253157572,130.83783742543812,160.50895064027523,137.19841354268277,104.78927203065133
2025-06-26,96.22921860246316,117.88440555201815,144.58243255058858,112.94836915929731,218.6618563463431,118.81619371024182,103.56956460072355,103.83876659899298,132.89188694309544,153.67577522273655,138.38357874680986,104.59770114942528
2025-06-27,96.22921860246316,117.6746916002356,142.5473620757264,113.05545493248088,214.73925557047392,119.117336915161,103.56956460072355,102.50684341466506,132.59459830619193,176.20170211991422,136.3717755347633,106.6411238825032
2025-06-30,96.22921860246316,119.39434856483734,143.0048210668051,115.18164902754542,216.0970746043785,119.83385033109037,103.56956460072355,102.62595710233133,133.7837837837838,162.8652273240278,136.4041519724101,107.40740740740742
2025-07-01,96.22921860246316,120.04027112030629,142.45620812083996,115.59464580470245,218.87175803029683,119.86500171047379,103.56956460072355,102.1386609991773,134.00000494879646,160.93308179161792,135.2040392306969,107.27969348659003
2025-07-02,96.22921860246316,119.61244646671862,143.46523353101418,114.18738283117231,219.61298786487373,119.84423676506077,103.56956460072355,103.03202878414388,137.81081534720755,164.37323046953517,135.91613089816298,109.64240102171136
2025-07-03,96.22921860246316,121.20628018022038,142.5473620757264,116.48948188037762,218.53723172556573,120.08306928868538,103.56956460072355,102.33087061506367,139.51351062671557,160.65032769072278,135.10942689787424,110.21711366538953
2025-07-07,96.22921860246316,119.998325769965,142.09280343775774,115.13575012323733,218.5765792831666,119.76116113835316,103.56956460072355,101.52684565958121,138.3783804403769,160.79170474117035,134.9351378972673,106.76883780332057
2025-07-08,96.22921860246316,119.80539251830373,143.37291093568047,114.28680128166826,216.92358150213184,119.27310173460579,103.56956460072355,101.82463492123676,137.48648359968857,157.39867800154894,136.635702270696,104.98084291187739
2025-07-09,96.22921860246316,118.23672345502199,142.09280343775774,113.13192976592377,217.22532618276483,118.9408071503032,103.56956460072355,100.39525049928204,136.48648648648648,151.46088682499146,135.59992933459594,105.3639846743295
2025-07-10,96.22921860246316,117.60758159967433,145.7171399288638,111.09751013907146,217.60576597859952,118.5981261320302,103.56956460072355,103.40020111465233,137.67567196407833,157.2573009511014,138.97865458389572,104.02298850574712
2025-07-11,96.22921860246316,117.17137299598792,144.02166574397194,110.3862346700227,220.1377500819941,118.868117957566,103.56956460072355,102.35523592447038,136.7567526327597,156.17341772137675,137.71629407445892,102.9374201787995
2025-07-14,96.22921860246316,116.34929788897897,144.86445736252512,109.89675138922084,219.84257133486386,118.868117957566,103.56956460072355,102.39043250138633,137.18918465279245,163.33648041366635,138.7321567480237,105.4278416347382
2025-07-15,96.22921860246316,116.39124323932025,145.05307593071322,110.1338432122371,218.41915702381928,117.70508295124304,103.56956460072355,102.33087061506367,135.9729766845703,166.02262190105,139.10812471683974,102.4904214559387
2025-07-16,96.22921860246316,116.47513394000279,143.5576729903926,110.21797369816564,219.90816661200392,117.92315052945463,103.56956460072355,101.02331274014216,136.35135341334987,167.34213729337384,138.2118542165116,103.51213282247764
2025-07-17,96.22921860246316,116.66806719166406,144.11481701162276,110.6080268582696,219.09479158125612,118.16199097560703,103.56956460072355,101.79485397807555,135.9729766845703,166.91800614203117,138.6001933800574,102.68199233716476
2025-07-18,96.22921860246316,114.75547697540105,143.37291093568047,107.85468778008484,219.94096425057396,117.59085594515201,103.56956460072355,101.15325769531802,134.51351475071263,168.0018893717558,138.10222311081645,104.34227330779055
2025-07-21,96.22921860246316,115.42656418108999,144.39501449485994,107.7246700600502,223.14856689693343,117.68431800583004,103.56956460072355,101.74070772550738,137.64864947344805,156.69180398487111,138.88653548609534,103.12899106002553
2025-07-22,96.22921860246316,115.32589278028618,144.86445736252512,107.09751340672801,225.59527393715152,117.74662076459683,103.56956460072355,102.19280725174546,139.62162120922193,153.2516553069538,138.57280341245516,101.97956577266922
2025-07-23,96.22921860246316,116.43318858966151,145.3369280713491,108.7724674728131,222.63693654681865,117.54931813179826,103.56956460072355,102.56910807537561,141.13513843433276,145.00470938493964,138.53297101483687,101.78799489144316
2025-07-24,96.22921860246316,115.09941092830616,144.58243255058858,107.21223149199331,221.1216792390948,117.88161271610082,103.56956460072355,102.0222601708779,139.86486486486487,145.805849749329,137.35028717318437,102.61813537675606
2025-07-25,96.22921860246316,114.83935487615977,144.39501449485994,107.28107401335446,218.6946539849131,117.87123420465826,103.56956460072355,101.6486722066147,139.6486436998522,146.55984570430277,137.43992490851016,102.04342273307792
2025-07-28,96.22921860246316,113.67334581624571,145.62190635641602,105.39961572358987,217.0613379899147,117.71546938521344,103.56956460072355,101.90313639823229,137.48648359968857,140.81055351648868,138.56533557993595,100.57471264367817
2025-07-29,96.22921860246316,114.21860977083465,144.20810639132648,105.54493307839388,217.9993376414398,118.29698292711103,103.56956460072355,101.81921928748199,137.2162174534153,145.19321960924296,139.10315011934284,99.42528735632183
2025-07-30,96.22921860246316,115.30072813006618,143.28071582839556,106.69980459413839,216.1889176010577,118.57736118661721,103.56956460072355,101.62971244598347,136.89189601588893,143.49670623943226,138.7645331856705,100.06385696040869
2025-07-31,96.22921860246316,114.51220162337594,141.82145574990756,106.22562094810588,216.0183634747048,117.95430190883802,103.56956460072355,101.10452707650461,135.8108108108108,146.37134671555933,138.81930124832715,100.63856960408684
2025-08-01,96.22921860246316,113.92500511836954,142.36518165400233,104.97896329394717,219.59330607883732,118.7331180835342,103.56956460072355,100.53331386260052,134.4324369688292,145.28746348583473,139.40193465539693,99.48914431673053
2025-08-04,96.22921860246316,114.36121372205592,142.8214720046338,105.96558550803657,221.34469677558215,118.660428890797,103.56956460072355,101.75695462677146,133.67567320127745,138.1715339674009,137.88560847756898,98.85057471264368
2025-08-05,96.22921860246316,114.52059837339847,141.7312367073789,106.0573599762488,221.8366613541325,118.36967211984819,103.56956460072355,101.34005167744962,133.56756261877112,141.84731480791743,136.84484907142428,97.44572158365263
2025-08-06,96.22921860246316,115.71177208353257,141.82145574990756,107.17399991037284,221.7120367333552,118.43198280114282,103.56956460072355,100.96104807943165,133.54054012814083,145.00470938493964,137.0166448370089,96.99872286079183
2025-08-07,96.22921860246316,117.4817583485743,141.7312367073789,107.93116261352773,223.04362406219252,119.0446477224238,103.56956460072355,100.38983486552726,136.0270319758235,144.53345629530108,135.9186241331853,98.21200510855684
2025-08-08,96.22921860246316,116.95327509410664,140.74637028245084,108.70363662165391,225.5887240181207,119.76116113835316,103.56956460072355,99.82133451098983,138.35134763975398,140.90480862864035,134.80814912679787,97.76500638569604
2025-08-11,96.22921860246316,116.66806719166406,140.8353569405078,108.7724674728131,219.94753018407675,119.70923689102897,103.56956460072355,99.58851268443296,137.10810687090898,139.20829525882965,135.25632593087897,98.33971902937421
2025-08-12,96.22921860246316,118.63937065846584,140.74637028245084,111.739966427163,219.67201720851097,119.66769907767517,103.56956460072355,99.45315209550232,138.75675716915646,132.3279979029951,135.50530512922558,94.89144316730524
2025-08-13,96.22921860246316,117.58241694945433,140.3916241626824,110.85277433377152,220.31485412737783,119.61578275287876,103.56956460072355,98.95774766918495,137.51351640031143,133.27050408227217,134.4819746231416,95.53001277139208
2025-08-14,96.22921860246316,117.35592229755048,140.5687688064792,111.4875749693774,218.77336511458677,119.91692595779797,103.56956460072355,99.17972814325347,135.48648937328443,133.88313422235825,134.232995424795,95.78544061302682
2025-08-15,96.22921860246316,117.43981299823302,140.303211200845,112.2065060909118,218.82584453919316,119.85461527650338,103.56956460072355,99.14454165131656,135.00000206199852,137.4175267768673,134.67867899385382,98.02043422733078
2025-08-18,96.22921860246316,118.22833950492327,140.74637028245084,113.49903930897467,218.54378164459658,118.7954287648288,103.56956460072355,99.26365533898284,135.54054466453758,136.19227773225504,134.46206436060632,97.82886334610473
2025-08-19,96.22921860246316,115.67821068329,141.19234472513418,108.93307279218452,217.34338487003936,118.20352878896081,103.56956460072355,99.47751740490902,134.48648195008974,130.3487304322893,135.34097719616014,96.93486590038314
2025-08-20,96.22921860246316,115.99697998597512,142.45620812083996,108.76482349052941,219.31124318424074,117.52855318638524,103.56956460072355,100.74717592852642,134.02702743942675,129.68897835390734,136.882200106568,97.06257982120052
2025-08-21,96.22921860246316,115.77888208409384,142.00223380309492,108.20649768836638,218.88487388283045,117.22740998146605,103.56956460072355,100.5170669613362,134.02702743942675,133.1762489701205,136.1741094876853,98.91443167305236
2025-08-22,96.22921860246316,118.78198740961095,141.28187320739852,111.07456652201842,221.34469677558215,118.17237740957742,103.56956460072355,99.69950796395659,137.67567196407833,127.14420268141131,136.06552316619002,99.1698595146871
2025-08-25,96.22921860246316,118.89942671061222,141.28187320739852,111.01337965314293,221.30534921798127,118.41120993320202,103.56956460072355,99.65619297889799,138.5675688047667,127.04995880481955,134.98243812740478,99.42528735632183
2025-08-26,96.22921860246316,118.74842600936839,139.86284623230853,110.31740381886353,222.27616252254836,118.80581519879922,103.56956460072355,99.0551988218324,137.9189156197213,128.0395869223925,134.69361465889222,98.97828863346105
2025-08-27,96.22921860246316,119.8724897189412,140.74637028245084,112.10707597021393,223.3256869567891,118.57736118661721,103.56956460072355,99.71033923146616,139.3243222623258,135.10839450253042,135.2289359632768,97.70114942528735
2025-08-28,96.22921860246316,121.5082687827842,140.48014336456046,114.49330550534775,225.10987529210396,119.4288665540506,103.56956460072355,99.5614446006384,140.18918630239125,138.73704216919114,134.89280039207904,98.46743295019157
2025-08-29,96.22921860246316,121.79347668522678,140.74637028245084,114.7762962326721,227.85831099848312,118.90965577091983,103.56956460072355,99.74823858277,140.35135217615075,141.23468466783135,134.7757845616988,101.6602809706258
2025-09-02,96.22921860246316,120.82040087697399,141.82145574990756,112.6424464851219,232.82387027509017,117.36240193297004,103.56956460072355,100.10829250513606,139.29729977169552,141.80019286962155,135.4081995613806,102.9374201787995
2025-09-03,96.22921860246316,120.41775367353014,141.55114921445582,112.66539010217495,235.6969466167186,117.57009099973905,103.56956460072355,99.63182766949129,138.67567938727302,144.39207924485353,136.1203031013944,101.5964240102171
2025-09-04,96.22921860246316,121.42437808210164,141.37152917771166,113.87380450451123,233.89964242887012,117.38317480091085,103.56956460072355,99.66431138704061,140.24324159364443,144.86333233449207,135.64972279975572,102.10727969348659
2025-09-05,96.22921860246316,122.76655249347957,141.28187320739852,116.0841290855043,237.0088521595195,117.84008282527485,103.56956460072355,99.34215681597838,141.75675881875526,143.6380832898798,135.54763076186615,101.91570881226053
2025-09-08,96.22921860246316,122.08706853776808,141.10291185890642,115.15104975800669,238.64218416898981,117.93353696342504,103.56956460072355,98.75740956017688,141.24323870684648,145.6173395250257,134.75586242661578,102.9374201787995
2025-09-09,96.22921860246316,121.94446458654677,142.00223380309492,114.76099659790273,238.98327640722368,118.23468016834423,103.56956460072355,99.6291248951037,141.2162162162162,146.88973297905366,134.9575413948249,102.4904214559387
2025-09-10,96.22921860246316,122.56522249179574,141.55114921445582,115.09751854161688,239.0029581932601,118.74350451750459,103.56956460072355,99.77530666656455,139.86486486486487,142.74269904889863,135.28869049597805,101.46871008939975
2025-09-11,96.22921860246316,123.37891364870597,140.74637028245084,116.27533367441443,238.56345702484424,119.22117748728161,103.56956460072355,99.25823970522809,141.24323870684648,138.2657890795526,134.5018967582246,101.91570881226053
2025-09-12,96.22921860246316,122.59877109211446,140.74637028245084,115.0745749245638,239.3833979890948,119.20041254186859,103.56956460072355,99.07144572309647,139.3243222623258,138.59566511874357,134.1582933545076,101.91570881226053
2025-09-15,96.22921860246316,123.6305729508298,139.6874545491826,116.091773067788,241.53492628218268,119.6573205662326,103.56956460072355,98.09686360176768,140.51351804991026,143.40245112728059,133.23206841626862,108.10983397190294
2025-09-16,96.22921860246316,124.05000085439491,139.16396737283358,116.16061558914915,241.9744114361266,119.6573205662326,103.56956460072355,97.61228035798057,140.97297256057325,146.22996966511178,132.34070127815102,109.70625798212006
2025-09-17,96.22921860246316,125.39216246584901,139.95069612193043,117.99617497460564,241.50869457711542,120.34267468025075,103.56956460072355,97.94255333718516,141.64864823624893,146.08859261466424,131.8576785464962,109.00383141762453
2025-09-18,96.22921860246316,125.266339214749,139.77511320673133,118.24856643239126,239.00950811229094,119.93769090321098,103.56956460072355,97.872170268332,140.86486197806693,138.5014100065919,132.21372438022928,108.23754789272031
2025-09-19,96.22921860246316,125.66898641819284,139.16396737283358,118.66156320954828,240.83306001967858,119.83385033109037,103.56956460072355,97.05731404534025,141.3783820899757,136.09802262010336,132.0693067096991,108.301404853129
2025-09-22,96.22921860246316,124.96435061218516,138.99033927438265,117.78967075092615,245.3722499948754,119.0446477224238,103.56956460072355,97.25222643561449,140.70270641430005,132.23374279084342,132.47266464611735,107.72669220945083
2025-09-23,96.22921860246316,126.04646897141669,140.12673586930435,118.98279718869502,247.9895111614464,119.70923689102897,103.56956460072355,97.75575935505354,140.86486197806693,134.44863118858856,132.81626804983432,108.87611749680714
2025-09-24,96.22921860246316,126.16390827241797,138.9036898972202,118.5927323583891,244.80814022015414,119.51193425823037,103.56956460072355,96.85698602131124,141.0810831430796,134.68426335118778,131.50411407523777,108.36526181353767
2025-09-25,96.22921860246316,125.19922921418771,139.33804167945533,117.24665625373447,245.1229847388488,119.61578275287876,103.56956460072355,96.97338684961088,140.621618322424,136.852029810637,132.70670817942553,108.74840357598978
2025-09-26,96.22921860246316,125.29988781506773,139.2509460941221,118.47035862063815,247.64185298970975,119.75077470438278,103.56956460072355,96.89217251324843,139.43243284483214,133.60038012146313,133.54828185238338,107.7905491698595
2025-09-29,96.22921860246316,126.07163362163669,139.33804167945533,119.54111132065609,250.63298801861268,119.6573205662326,103.56956460072355,96.80554254313118,139.72973179172826,153.95852932363167,133.01429027334405,107.66283524904215
2025-09-30,96.22921860246316,125.98775572087794,138.99033927438265,119.64818542363767,251.93834364238276,119.70923689102897,103.56956460072355,97.005880652139,139.70269899110534,155.65504269344234,132.50254784874184,106.13026819923373
2025-10-01,96.22921860246316,125.40894316597027,138.99033927438265,117.96558737526888,253.6897343391276,119.64693413226217,103.56956460072355,97.30907546257025,141.72972601813237,163.8077335033049,132.44776791353746,106.38569604086845
2025-10-02,96.22921860246316,124.06676875459237,139.16396737283358,116.49713753286328,251.8661824317399,119.09657196974798,103.56956460072355,98.08874519362506,142.05405776565138,162.20546401008593,132.67933008437106,107.72669220945083
2025-10-03,96.22921860246316,124.25971480617748,139.2509460941221,116.81070418932242,254.5621547279846,119.19002610789819,103.56956460072355,98.1753751637423,143.08107736948372,156.6446708110153,132.87352934751326,107.0242656449553
2025-10-06,96.22921860246316,123.64734085102727,139.07709489158574,115.94646738318595,259.00295178747126,119.23156392125198,103.56956460072355,96.53211859088235,143.51350938951646,158.19981836593837,132.8237358823535,107.72669220945083
2025-10-07,96.22921860246316,121.78507993520422,138.47203661201786,113.75908641924595,260.8461854808954,118.6915881927082,103.56956460072355,95.64687929903745,141.405404580606,164.8444835591737,132.24111434783146,107.21583652618136
2025-10-08,96.22921860246316,122.48133179111318,138.9036898972202,114.87571468316801,265.22138726324204,118.660428890797,103.56956460072355,95.35180289674882,142.45945698506125,157.06880196235795,133.3017840165114,107.7905491698595
2025-10-09,96.22921860246316,122.0954652877906,138.128647552596,115.2963671128107,258.85864538065755,118.868117957566,103.56956460072355,94.64793186830198,142.189190838788,154.0527844357833,132.8386715473919,106.83269476372925
2025-10-10,96.22921860246316,121.2398287805391,138.47203661201786,113.95793499043978,260.80025597531977,118.22429373437382,103.56956460072355,95.16500891461723,140.32431937552786,146.37134671555933,133.88441742358117,105.49169859514687
2025-10-13,96.22921860246316,122.0954652877906,142.63862227065354,114.56213635650694,269.5047620633814,118.35929360840562,103.56956460072355,98.4027712715656,142.62162285882073,146.93685491734954,137.5146151062498,104.9169859514687
2025-10-14,96.22921860246316,122.0954652877906,140.65751111244265,114.58509164376196,271.4791863110856,118.28660441566842,103.56956460072355,97.0600168197281,142.7027006407042,142.69557711060276,136.04809426612934,105.49169859514687
2025-10-15,96.22921860246316,122.85882714426084,141.6594290638967,115.06691927207815,273.984906680469,118.56697475264681,103.56956460072355,97.77200625631761,143.51350938951646,142.13006890881252,136.48133540517208,106.44955300127714
2025-10-16,96.22921860246316,122.34712458991443,141.28187320739852,114.55449237422324,280.76091802640207,118.63966394538402,103.56956460072355,97.71244436999493,142.3513464025549,138.45428806829602,135.6795941298325,107.72669220945083
2025-10-17,96.22921860246316,123.47957224958597,141.82145574990756,115.24282422621891,274.8376452832896,117.93353696342504,103.56956460072355,98.11311050303175,142.89188900509396,141.75305969576576,135.46833401560906,107.91826309067689
2025-10-20,96.22921860246316,124.41909945752003,140.303211200845,116.68068646928775,284.4473533843063,117.93353696342504,103.56956460072355,96.97880248336566,145.00000412399706,160.0848307244925,134.60397692356642,108.10983397190294
2025-10-21,96.22921860246316,124.1926048056162,139.2509460941221,115.44932844989842,268.13381116247126,118.87850439153642,103.56956460072355,96.45903274764134,143.91891891891893,163.7134783911532,133.67277738783054,107.21583652618136
2025-10-22,96.22921860246316,124.82174666096388,139.07709489158574,116.27533367441443,265.2935324594129,119.5223206922008,103.56956460072355,95.98256791199682,144.97297132337414,162.5824732231327,134.12095419191166,108.04597701149426
2025-10-23,96.22921860246316,125.5599310672903,139.51254094623968,116.66538683451842,270.61331584125946,119.95845584862397,103.56956460072355,96.19642997792297,145.94594594594594,157.58718822585226,134.43716762802643,109.32311621966795
2025-10-24,121.53269732393551,125.97147421778546,139.16396737283358,116.68402414704828,270.1475829677763,121.10072590953396,138.04840371621873,95.48445062631255,146.48802473738388,155.7021646317382,134.02634185908903,108.10983397190294
2025-10-27,96.22921860246316,126.65044617654435,139.42522225682106,117.53727929314053,262.50573318096093,121.12149085494693,103.56956460072355,95.4627880912937,146.97297585977088,162.20546401008593,134.16078658952992,109.51468710089401
2025-10-28,96.22921860246316,126.99438012944948,139.33804167945533,118.1644359464627,260.16398498995574,120.61266650578655,103.56956460072355,95.25975729287683,148.70270393990182,157.63431016414813,133.7873118557362,110.34482758620689
2025-10-29,96.22921860246316,128.09327918880226,138.99033927438265,120.35181691040273,261.3119023399065,120.56074225846234,103.56956460072355,95.51964720322852,150.2702661462732,159.09519137135965,133.39142175183716,110.85568326947637
2025-10-30,96.22921860246316,128.1520052392648,138.38603529910344,119.41109360062141,262.4663856233601,120.24922054210055,103.56956460072355,94.95925517185465,149.78377883498732,186.4279042770743,133.40138281937865,109.89782886334612
2025-10-31,96.22921860246316,128.8063117448325,138.64436858197274,120.02293894897227,261.2135094241965,119.93769090321098,103.56956460072355,94.69395971272724,151.54053971574112,194.3449629243376,134.0039264889837,110.21711366538953
2025-11-03,96.22921860246316,129.57805755140146,138.73070986301727,120.84130019120458,262.4007903462201,120.45690168634175,103.56956460072355,94.4882160549437,150.67567567567568,201.03675005586882,133.81967642083526,110.91954022988506
2025-11-04,96.22921860246316,129.82132010350273,137.2775692108713,121.18546611720245,258.9504723628649,120.35306111422118,103.56956460072355,94.00363281115659,150.21622116501268,204.66540895808944,133.3291739841136,110.21711366538953
2025-11-05,96.22921860246316,132.17011892345215,137.95757983912495,123.51816443594646,261.08888480341915,120.34267468025075,103.56956460072355,95.1433463795984,152.27027068266997,199.4344917982098,134.35001125517525,111.17496807151979
2025-11-06,96.22921860246316,132.16173497335345,137.1086156742094,123.73231264190964,261.06263708387996,120.64381788516995,103.56956460072355,94.15794307573911,150.8108087488123,205.32516103647143,133.42130495446165,109.51468710089401
2025-11-07,96.22921860246316,132.76571217848112,137.5318122521752,123.54110805299952,262.34174498811086,121.23571786103793,103.56956460072355,94.69395971272724,149.72973385372677,203.34590480132553,133.19472925367268,109.1315453384419
2025-11-10,96.22921860246316,133.79750123727263,137.2775692108713,124.75716643761949,269.7146477328632,121.61993669266474,103.56956460072355,94.06589747186712,148.7297264305321,204.42977679549023,132.73161678455315,109.77011494252874
2025-11-11,96.22921860246316,135.94497005553822,136.10354239354774,127.12046402590225,269.38667134716303,122.1702988551789,103.56956460072355,92.92617381844623,149.56756797996727,215.12724327784878,131.70579304344687,110.34482758620689
2025-11-12,96.22921860246316,135.85269540475696,135.93746796198772,127.43403068236138,275.78877680182023,122.88680434858045,103.56956460072355,92.60131647299642,151.43242913323482,213.6192288967815,131.23271950678588,111.17496807151979
2025-11-13,96.22921860246316,135.4248835510931,136.520534553139,127.80115189561425,274.64085945186946,122.99065284322886,103.56956460072355,92.59590083924164,152.16216010016365,218.94438993325292,131.74562544106513,112.7713920817369
2025-11-14,96.22921860246316,135.9533668055608,137.1086156742094,127.83938347723472,268.1272612434405,122.9179636504917,103.56956460072355,92.72043016066272,150.40540952940245,215.17436521614462,131.8751074465569,109.89782886334612
2025-11-17,96.22921860246316,135.27388284984926,136.6218875519288,126.5391946066862,266.8612691917432,122.31567724065329,103.56956460072355,92.76374514572133,149.70270105310388,205.51367126077474,131.8526920764516,111.04725415070243
2025-11-18,96.22921860246316,134.90479704664799,137.5318122521752,125.3307802043499,266.40210225176287,122.61682044557247,103.56956460072355,92.91263977654909,148.86486981366133,205.98491311485336,132.69675898443177,111.5581098339719
2025-11-19,96.22921860246316,133.94848913859266,137.19304463452204,124.25239519225025,267.47785839107087,123.27102318020727,103.56956460072355,92.61485051489356,148.4054049930057,214.42036926117095,132.49756137869724,109.77011494252874
2025-11-21,96.22921860246316,133.34452473338877,136.940065849702,124.35181364274617,267.4122631139308,123.21910685541087,103.56956460072355,91.74314526494605,149.29730183369406,215.8341172945266,132.76647458467454,108.68454661558108
2025-11-24,96.22921860246316,133.80588518737136,136.18742952965303,124.47418738049714,268.4093081235651,123.35409880691486,103.56956460072355,93.48656584982037,147.4594631710568,214.37322485175523,134.5043899932469,108.23754789272031
2025-11-25,96.22921860246316,134.37631379218033,138.128647552596,125.49139719392328,271.51198394965564,123.45793937903547,103.56956460072355,92.92888667781315,148.64864864864865,208.4825556134936,134.12343555438625,108.17369093231162
2025-11-26,96.22921860246316,136.5992765611059,138.47203661201786,128.55831459876913,273.21746115529686,124.09137716825724,103.56956460072355,93.23750720697824,151.02702991382495,214.79736723865778,133.93918548623782,110.2809706257982
2025-11-28,96.22921860246316,137.00193656447357,138.30014022622967,130.24856829962357,276.7005447482781,124.06022578887384,103.56956460072355,92.7935260888828,151.16216298696156,228.5579619503269,133.3416282866774,111.23882503192849
2025-12-01,96.22921860246316,136.68316726178847,137.4239786109051,129.15487198255258,278.07804556821907,123.85253672210483,103.56956460072355,92.47408437718748,151.18918547759185,231.90386675165243,132.8436580174365,110.53639846743295
2025-12-02,96.22921860246316,138.8222521299553,138.38603529910344,131.41873945013742,274.621193680305,124.45482313194323,103.56956460072355,93.25374402326322,152.02702702702703,228.08672009624829,133.3515893542189,111.87739463601531
2025-12-03,96.22921860246316,139.3758872347192,137.87222659045858,131.45698270195984,275.4542344826172,124.85980690898299,103.56956460072355,92.55529871354994,155.35135011415224,235.3911373678656,132.6170823166475,110.21711366538953
2025-12-04,96.22921860246316,141.77501535510862,137.78695833382469,132.39006202945745,276.27417544686784,125.088260921165,103.56956460072355,92.6121477405057,158.16216339936128,238.59567635430346,132.114125577362,111.81353767560664
2025-12-05,96.22921860246316,135.65976215309567,137.61674054067893,124.7418784730521,276.3463366575107,124.06022578887384,103.56956460072355,92.64463145805504,155.62162657041807,249.24599842724632,132.1938022451463,111.5581098339719
2025-12-08,96.22921860246316,136.3056847085646,137.27915218747714,126.51625098963312,274.6605572523778,123.66562052327666,103.56956460072355,94.75080873968325,155.37838291477513,231.47974683586975,135.40073172886142,111.43039591315454
2025-12-09,96.22921860246316,136.12951935710078,140.65751111244265,125.23900573613767,275.9396651566087,122.83488802378409,103.56956460072355,94.32037174846401,155.7297268429318,215.5513631936315,135.1990527606523,112.57982120051086
2025-12-10,96.22921860246316,137.21165051625613,140.5687688064792,126.30974676595363,275.2640145846999,122.56489619824829,103.56956460072355,93.75998980206923,160.29730100889464,216.54099131120446,135.23640379579598,111.04725415070243
2025-12-11,96.22921860246316,137.31230911713615,142.45620812083996,127.49521755123685,281.1085601836668,122.56489619824829,103.56956460072355,95.094615760785,159.78378089698586,199.38736985991392,136.19001870163717,111.17496807151979
2025-12-12,96.22921860246316,138.49509887717147,141.28187320739852,128.09943058750596,282.0662576357002,124.14330141558143,103.56956460072355,94.0713131056219,159.64864782384925,193.82657666084327,134.58904125852803,110.21711366538953
2025-12-15,96.22921860246316,140.0889197907494,140.69915720838145,130.2332686648542,282.49919287061334,124.35098255982263,103.56956460072355,94.17417989202413,161.4594639958562,189.06692382616205,134.90525469464282,112.32439335887612
2025-12-16,96.22921860246316,136.71671586210718,141.641134528895,126.08795457770674,282.3548704493276,123.72793120457126,103.56956460072355,94.47196915367965,161.40540870460305,183.12912141404465,134.7857456292403,111.49425287356323
2025-12-17,96.22921860246316,135.62620075285312,144.02166574397194,123.80879914555449,285.1754673663496,122.2949043727125,103.56956460072355,96.32367215871098,161.72973014212943,189.6324320279523,137.12869794243997,112.51596424010218
2025-12-18,96.22921860246316,136.12951935710078,144.20810639132648,124.69597956874404,284.6507051492293,122.02492046970453,103.56956460072355,96.07190065650192,163.94594553354625,184.1658827054734,137.40257387336646,113.53767560664112
2025-12-19,96.22921860246316,136.7670451625472,144.11481701162276,125.17781886726218,286.0872353128075,122.63758539098548,103.56956460072355,96.06378224835927,162.70270476470122,187.74740843383822,137.47228947360924,113.34610472541506
2025-12-22,96.22921860246316,136.40634330944462,143.5510117398432,124.29828242635637,291.54477518243687,122.52335838489448,103.56956460072355,95.06483481762379,165.40540746740393,186.85202419285707,137.93292058025415,114.17624521072798
2025-12-23,96.22921860246316,138.36926282614766,146.38732335335644,126.37858928731478,294.05049555182023,122.37797999942008,103.56956460072355,96.4644483813961,164.9729754473712,207.72855965851988,139.1828267871271,114.30395913154534
2025-12-26,96.22921860246316,138.8222521299553,144.77031806249613,126.82218533401051,297.0875761007707,123.15679617411625,103.56956460072355,95.70102555160535,166.32432679872255,205.749303423374,137.42747060594633,114.94252873563218
2025-12-29,96.22921860246316,138.43637282670892,145.24219382709242,126.93690341927581,283.70613956420135,123.29179604814806,103.56956460072355,95.82825764741428,164.94594264674834,220.87652423010292,138.0001429454746,112.96296296296295
2025-12-30,96.22921860246316,139.0655146820566,145.90798953790576,128.24473627210804,286.65792703550346,123.63446914389327,103.56956460072355,96.61334301222387,164.3513550629487,187.18190023204798,138.66244114778092,112.51596424010218
2026-01-02,96.22921860246316,138.5286474774902,144.30150201107085,127.07456512159416,283.00425728722536,124.00830154154964,103.56956460072355,95.2408076172249,165.05405322925463,170.49953187039603,137.3652347107705,111.74968071519795
2026-01-05,96.22921860246316,139.58560118650175,142.72665276834456,130.1261945618726,291.03967873688094,123.49947719238925,103.56956460072355,93.6137979456293,165.378374666781,166.02262190105,134.98990595992396,113.53767560664112
2026-01-06,96.22921860246316,141.17943490000346,141.01361710473154,131.96175394732913,294.01116400869137,122.93872859590466,103.56956460072355,93.45948768104677,168.21622075261297,157.86993109118748,134.63883472368784,113.40996168582376
2026-01-07,96.22921860246316,139.79531513828428,139.77511320673133,129.75142936633603,291.8530537676287,122.74142596310608,103.56956460072355,92.81789139828949,169.1351400839316,166.1168770132017,133.75494729063712,114.11238825031928
2026-01-08,123.75296890591356,140.56707374477705,139.95069612193043,130.24856829962357,291.8793175016399,122.92834216193424,141.02396689343806,92.99656697227846,168.08107736948372,160.556083814131,134.0512385916689,113.92081736909323
2026-01-09,123.6144105246983,140.92777559787964,139.77511320673133,130.33269878555208,294.5424601303706,122.75181239707649,140.89369269940713,92.95053912785292,169.05405199205555,149.3402423038381,134.11846095688935,113.85696040868454
2026-01-12,123.42636377124956,140.83550094709835,139.2175229773304,129.72084176699929,302.0203217243358,122.86603940316748,140.78946936846884,92.08154673727236,170.5135139259132,160.65032769072278,133.71260978544882,107.66283524904215
2026-01-13,123.5748213370846,139.8959865390881,139.51254094623968,128.20650469048758,301.0298586626763,122.82450158981368,140.8024997696571,92.07341824415066,171.43243325723182,161.1215807803613,133.7972729232777,107.21583652618136
2026-01-14,122.95130862161594,142.5803225619201,139.16396737283358,130.0803073277665,303.46341782141684,122.1702988551789,140.58103264587615,91.3397763575214,175.8108190588049,147.03109879394128,133.73751839057644,107.7905491698595
2026-01-15,122.71377349593367,142.85714651426395,139.86284623230853,131.8087926102414,302.8074650500164,121.8276178369059,140.12505805784207,92.21419446683579,175.37837672877956,147.40810800698807,134.35499772521985,107.34355044699872
2026-01-16,122.73357186517326,142.20284000869628,138.73070986301727,131.4875703012966,300.97736322359793,121.7756935895817,140.08597679356117,91.618615943525,173.00000577359586,146.22996966511178,133.65285525274757,108.49297573435504
2026-01-20,122.26840834929398,143.51983696993037,139.07709489158574,131.86997947911686,312.2072874815513,121.56801244534053,140.11203759593766,91.86767458636713,173.02701795423351,184.1187607671775,133.67277738783054,108.23754789272031
2026-01-21,122.72367268055346,148.20903785980667,140.303211200845,137.23900760336997,316.9432472736963,122.06645828305828,140.50286017803046,92.0274004847042,177.5675593195735,229.7361002922032,133.81220858831608,107.72669220945083
2026-01-22,123.06016944897182,151.60640643866884,138.2143407693925,140.7189334555748,321.9940836134798,122.32606367462368,140.50286017803046,90.87414278938616,179.75676253035263,237.74741405161816,132.43033901347675,108.301404853129
2026-01-23,124.14885323118521,154.35785246206217,138.2143407693925,142.8986587670292,326.4152309158741,123.12564479473286,141.46690114099997,90.24066491477127,183.02703032622466,248.58624634886434,131.55640077541983,109.96168582375478
2026-01-26,124.42596999361575,154.1984806106434,137.66905313670003,143.56405867217376,333.2043420998688,123.62409063245066,141.68837820406486,91.96242296462674,180.21621704101562,320.45241554988013,131.68587090836388,109.38697318007662
2026-01-27,124.83174595264171,156.99185918445414,139.51254094623968,147.1051597230521,333.21744193793046,123.94599878278285,142.27461704684595,92.59590083924164,183.83782876504432,327.7097108832015,131.44186630751418,108.93997445721584
2026-01-28,125.22763027791338,159.38260335474484,138.64436858197274,149.83556685438572,347.7599276914562,124.24714198770204,142.13131245162677,92.03281611845895,186.7567526327597,351.5551419371431,129.06405619419309,109.83397190293742
2026-01-29,125.11876189969205,158.18304569451203,138.55814416497293,148.6347964343332,348.86191553583143,124.77673920480323,142.73058169559613,91.87850585387642,182.10810068491344,184.63713579511193,129.40019176539087,110.02554278416348
2026-01-30,125.801662172014,156.49693733022897,138.2143407693925,146.37094063695028,309.20957050467365,124.68327714412521,142.88691669200355,91.7214928149063,181.5405355917441,205.18379522158375,129.20348739467863,109.38697318007662
2026-02-02,125.069281078324,157.66294639014308,137.57993899059423,148.75717017208413,303.21416857986225,124.50674737926744,142.54819583609606,91.9380677401991,179.51350856471706,152.54477005471605,130.84181587293145,108.74840357598978
2026-02-03,125.069281078324,160.22145916187506,138.128647552596,149.19312223649618,321.65957332322074,124.36136899379304,142.61333790275344,91.5401144665292,184.1081155313028,156.03205190648913,130.9513638707925,109.45083014048531
2026-02-04,124.78226513127366,156.94992663403664,137.78695833382469,144.39005222648782,322.75499523409314,123.89407453545864,142.2876474480342,91.01762178645916,182.83784196183487,163.28934723981055,130.40609337141413,109.70625798212006
2026-02-05,124.76246676203411,157.20157313623673,137.61674054067893,145.72848434885876,318.88487388283045,123.90446096942904,142.61333790275344,90.36249146180448,179.9459508947424,165.36286982266805,130.4185358014302,111.11111111111111
2026-02-06,124.43586917823555,157.85587964180436,138.2143407693925,147.1357589925908,324.7753489873729,123.72793120457126,142.13131245162677,91.00408774456201,179.05405405405406,161.26295783080886,131.227744909289,109.89782886334612
2026-02-09,124.891133509495,160.7247777661227,137.9475614032907,150.37858135157745,331.3151789008691,123.99792303010706,142.2876474480342,89.82105919106156,182.486477413693,147.8793610966266,129.86827883200723,109.51468710089401
2026-02-10,124.6437067500584,160.51506381434015,137.5318122521752,149.60611901365323,328.2256349417842,124.06022578887384,142.36580997659595,90.01326880694795,181.29730224609375,146.795477866902,129.26324192737994,109.51468710089401
2026-02-11,124.8614435065011,163.69432169139728,137.57102545118286,151.5028652679852,332.67301394924567,123.93561234881243,142.30067784922244,91.05553122274205,189.72972148173562,148.86898921419956,129.37777639528557,109.19540229885058
2026-02-12,125.52454540958347,161.99982937701554,137.44694770769584,150.74570256483028,322.97147886602164,124.55866370406383,143.0041604848462,91.81894396755375,186.40540870460305,151.60226387543898,129.44002416300913,110.15325670498083
2026-02-13,126.01939892845667,160.89254636756402,137.70180694123556,149.3613715381513,329.4194817973106,124.92211759027761,143.355911741942,92.3549706895212,184.00000494879646,152.82752415561117,129.81848536684748,110.2809706257982
2026-02-18,126.38558569986897,160.48989916412017,137.70180694123556,150.20267639743668,327.090849458839,125.39979056005461,143.27774921338025,92.24126255063035,180.78378213418495,141.8944367462133,129.9828132999129,109.0676883780332
2026-02-19,126.10846893743846,162.8135205339258,137.36221065126526,152.65009280144602,326.3955331153657,125.20248792725602,142.9781096217536,91.56446969095683,180.72973715292443,141.18756272953547,130.32889806610444,108.74840357598978
2026-02-20,126.52414408108422,164.4828481980875,136.43694488914755,155.28106981208174,331.86617282305673,125.64900951764959,143.74673432403478,90.87685564875308,181.94594512114654,143.590950116024,129.69149659637802,109.19540229885058
2026-02-23,126.88043921874214,163.02323448570837,136.18742952965303,151.77055636054016,341.40375174237454,125.75285008977018,143.91609972163047,90.40310367247524,182.43243243243242,140.66917646604114,128.88727395856387,109.19540229885058
2026-02-24,127.06848597219091,165.2797586548765,135.77178661857818,154.3709341016372,338.19611706707116,126.55243913240719,144.254820577538,90.53033576828415,183.4324398556271,137.37040483857143,128.74784275807832,109.25925925925925
2026-02-25,127.79096788126112,165.06166075299518,135.0312191671482,154.2256167468332,341.5152444961463,127.10280129492135,144.5023385644116,89.49078621185697,186.18918753959036,139.9151805110674,128.27726245643964,109.96168582375478
2026-02-26,128.61242653479837,164.81838540097007,134.78615526535734,153.64435899781907,339.55395211544766,127.70508770475972,145.24491240360013,88.82482461969302,185.6756674276816,133.22337090841637,127.58508105150881,110.66411238825032
2026-02-27,128.40459651384094,162.90579518470707,134.94942495984392,151.88527444580546,343.0960970810102,127.77777689749692,145.36216613572668,89.22277789336293,183.72973880252323,134.73138528948363,127.89382665510438,112.06896551724137
2026-03-02,128.63222490403794,163.3755523887122,134.5275563823864,152.16826517312978,347.28762888447034,127.55970139675752,144.80197815603822,88.98454043305101,182.810809161212,139.49104935972477,127.71953765449746,110.66411238825032
2026-03-03,127.5336494880702,157.87266034192564,134.62326803501713,145.65965349769957,335.02131205928174,126.71858246329455,144.88014068459998,89.02515264372177,176.2973063700908,143.920826155215,128.73290709303993,110.91954022988506
2026-03-04,127.46436274659712,160.01174521009253,136.43694488914755,148.64245208681882,335.8609508240407,126.81204452397256,144.71078522628815,90.56011671144564,177.35135877454601,137.46465995072307,131.3970474398513,110.2809706257982
2026-03-05,126.17774812804605,155.70841082353877,135.44164569222664,143.5258154203513,332.259744485897,125.41016907149718,143.7727951264113,90.13509535398117,173.59460366738807,141.51743876872644,130.22184330326573,112.7713920817369
2026-03-06,125.76207298440029,154.80244501584727,136.02046268175147,141.8967485883724,337.5598620961791,124.69366357809561,143.82490679188044,90.43558739002458,169.2972956476985,150.14138266822752,131.05096267365977,114.17624521072798
2026-03-09,126.21733731565979,156.0523447764439,135.0177160579803,142.56213682331503,333.9783535585438,125.36863918067121,143.99426225019226,89.96453818813457,170.45945863466005,147.03109879394128,130.55548563944117,111.74968071519795
2026-03-10,126.80126084351473,158.26692359527078,134.62326803501713,145.5296357776649,343.0436336708757,125.93976628859838,144.43720643703807,89.23901470964793,171.56756633036844,142.31856789755597,129.60435209607454,111.43039591315454
2026-03-11,127.15755598117266,158.92123010083844,133.41408638823916,145.85085808660972,338.9570286876845,126.26167443893056,144.51536896559983,88.40250603661643,170.64864699904982,151.22526589795214,128.53620272232772,113.47381864623244
2026-03-12,126.48456244433595,154.71856711508855,133.41408638823916,140.99426853041345,335.57230598146936,125.57632032491239,144.0854551799423,88.35647819219088,165.97297256057325,152.35627106597263,128.26232679140125,114.4955300127714
2026-03-13,124.58431919320512,153.40155735393063,134.46078451683147,139.23518397839985,331.420137750082,123.77984752936766,142.62636830394172,89.14426633138805,163.7027018779033,147.54948505743562,130.56543483443494,115.58109833971903
2026-03-16,126.25692650327349,155.2218729194124,134.32702830564028,140.45124236301984,327.5828140373893,125.25441217458022,143.74673432403478,90.3110580686035,164.83784237423458,142.4599449480035,132.68679791689027,115.96424010217115
2026-03-17,126.52414408108422,155.83424687456258,133.97564999516075,140.33652427775456,328.04198097736963,125.92937985462798,144.6326127584425,89.03598391123104,165.27027439426732,142.93119803764202,130.30400133352455,115.96424010217115
2026-03-18,126.66271001316494,155.10443361841112,133.41408638823916,138.2562174167961,320.75433928132173,126.15783386680994,144.21572937397323,88.47830473922409,162.10810687090898,144.4392124187093,129.2956183650267,118.32694763729246
2026-03-19,127.14766434741833,155.7335754737588,134.2986940867962,138.24091778202677,301.7842043497868,126.77050671061873,144.61959229653814,89.14968196514283,160.6756777376742,149.19886525339055,131.01859810856067,119.98722860791827
2026-03-20,126.61322164093143,152.3194389946991,134.54197315590397,134.67686144389342,299.7966482350771,125.56593389094199,144.2939018418189,89.47725216995957,157.810809161212,145.8529716876249,129.96787763487453,118.90166028097062
2026-03-23,126.73198920377256,157.07574988513667,134.46071014880297,140.1529636711281,288.888166458265,126.28244730687138,144.67170396200726,90.30834520923659,163.10810398411104,136.2393996705509,132.25854324789213,117.3690932311622
2026-03-24,126.3361048785009,157.58745243948312,135.19509442986654,140.14531968884444,288.57328991062644,125.3582527467008,144.13756684541144,89.38249370672091,164.13513389793602,138.68992023089527,130.29155890350847,118.1353767560664
2026-03-25,126.13815894043236,160.22984311197382,135.27716486127656,142.79158466404755,298.44537912020337,125.54516894552899,144.54141982869248,89.23901470964793,165.51351804991026,139.114040146678,130.2840910709893,119.34865900383143
2026-03-26,125.94022055322927,157.84749569170563,134.78615526535734,139.5793499043977,287.01213512627095,125.21287436122638,144.03334351447316,88.9439383073593,164.13513389793602,141.32893977998302,130.38866447135345,119.28480204342273
2026-03-27,126.35589569687504,156.74021268225408,134.46078451683147,136.8107111914436,294.6539849130863,125.26479068602279,144.58051103225725,88.73548179020887,162.18918465279245,145.8529716876249,130.34632696616515,118.00766283524904
2026-03-30,126.3361048785009,157.71327569058312,133.97564999516075,136.3977027440846,296.8842243358478,125.316714933347,144.51536896559983,88.46477069732694,163.32432514912375,136.05090068180746,130.4185358014302,116.41123882503193
2026-03-31,126.90023758798175,161.99144542691684,134.2986940867962,142.84512755063932,304.86061644186617,126.56281764384974,145.3230848714458,89.14968196514283,168.18918795199008,135.90952363135992,131.06589833869816,116.9220945083014
2026-04-01,127.85034788724896,162.24310472904062,133.81471758156871,144.94072237616518,313.7553424278452,126.67704464994074,145.79207992138424,88.64885182009165,170.02702661462732,132.8463729309295,129.2931251300044,116.02809706257982
2026-04-02,127.81076625050072,162.50314798126323,133.0158243478163,144.0152987011532,305.1164316169236,126.74973384267795,145.75298871781942,87.94770373599049,169.5945945945946,131.95098868994833,128.33951022416318,115.51724137931035
2026-04-06,127.96912300095555,162.46958658102068,132.1479919516795,144.13767243890416,305.46407377418825,127.11318772889175,145.9093237142269,87.38460893022875,167.6756781500739,132.46937495344264,128.42416148944434,115.96424010217115
2026-04-07,128.11757301592513,162.69608123292448,131.99142600375856,144.20650329006332,305.4837715746966,127.13395267430474,146.06565871063438,87.10576934422514,165.86486197806693,135.24976031741804,127.93615228774497,114.68710089399745
2026-04-08,128.72129491301968,166.12699841210545,133.97564999516075,150.09560229445506,311.5447687766481,127.84007965626371,146.66492795460368,87.84753972397611,170.13513719713367,128.36946296158348,128.24240465631823,114.24010217113664
2026-04-09,129.3943035515873,168.5261265324949,132.38355799383532,152.53537471618068,314.3456999221056,128.4112146867187,147.1208926033539,87.02455500786269,172.7837846085832,125.82469852464739,126.98752385194838,113.40996168582376
2026-04-10,129.9386303409631,170.32967419777918,132.61995270830832,153.2007629511233,312.35814380739583,129.24194718621126,147.61593851638497,86.69969766241287,172.4324303704339,124.78793723321866,126.87796398153961,112.64367816091954
2026-04-13,130.69081735475817,170.98398070334687,130.06510283451615,153.35372428821105,311.079035903165,129.51193901174707,147.98071023538512,84.84529188299369,173.59460366738807,123.79830911564571,124.61718157114647,112.45210727969348
2026-04-14,130.6017473457764,171.52923185801197,130.8288518628182,154.7609989319431,316.49721220072155,129.69885521057526,148.2542989639191,84.9156749518466,175.83783123944258,122.47879372332187,124.3532548352138,113.154533844189
2026-04-15,130.76999572998557,170.90848675268685,130.90571653223583,155.06692160611854,314.8573302722204,129.88577140940345,148.30640069010437,84.97793961255738,174.78377883498732,122.99716875125628,124.11422483186098,115.26181353767562
2026-04-16,130.69081735475817,169.9521916445553,131.21409949826014,154.91396026903084,313.8996328201869,129.99999841549445,148.59300988054272,85.10517170836606,173.4054153029983,124.74081529492278,124.30346137005401,114.55938697318007
2026-04-17,131.16587250439179,169.02944513674254,130.90571653223583,154.6309695417065,318.6356246412758,130.42574713794724,148.97081200073112,84.79926403856815,175.0,126.01319751339079,124.17124867858544,114.62324393358875
2026-04-20,131.35391925784054,169.28110443886638,130.8288518628182,153.87380683855162,315.2902655071335,130.50882276465484,148.86658866979283,85.15390232717944,174.0540581780511,126.72007153006865,124.64954613624555,115.45338441890165
2026-04-22,130.977825750943,166.6554816665731,130.90571653223583,149.95028493965103,310.4296490652673,130.16614174638184,148.68420281029276,85.06727235706222,172.86486239046664,128.2752078494318,124.69187176888614,116.02809706257982
2026-04-23,130.0376070854301,165.43914330621905,129.91342392846562,147.57935503928655,308.6323448774188,129.60539314989728,148.33246149248086,84.63954822521016,170.64864699904982,123.18567897555963,124.1167180668833,116.34738186462323
2026-04-24,130.49287896755507,164.81000145087137,130.8288518628182,147.2657767126255,309.76056442686127,129.47040119839326,148.16310603416906,85.24324515666359,169.64864988584776,118.89726799495703,125.2595576383698,116.21966794380587
2026-04-27,130.3543205863398,163.79498029227733,129.76209561454922,145.5984666288241,306.6841523347819,129.64693096325107,148.38457315795003,84.46899105936356,169.70270517710094,120.16965021342507,123.97231226890086,117.68837803320562
2026-04-28,130.23554547263322,163.07356378614836,130.52227497748507,145.33078720647106,301.18071498852083,129.49116614380628,148.12401483060432,84.92650621935614,170.43243614402977,120.59378136476772,124.48272496815783,118.83780332056195
2026-04-29,129.41408681909598,159.71814055762744,130.29327456984203,141.32313482164196,298.14366646851425,128.66043364431368,147.72016184732325,84.72888096971498,166.59459294499578,124.74081529492278,124.35076160019148,119.15708812260537
2026-04-30,129.83966869822703,161.89917077613555,130.52227497748507,142.9445460011353,302.70253822974746,129.42886338503948,148.33246149248086,84.80739253168986,168.24324324324326,130.39585237058517,124.92840853721663,118.71008939974456
2026-05-04,129.40419518534165,160.43117311365762,129.38531531034786,140.66539056898304,296.45785503443756,128.21391205392013,147.79832437588504,85.45980999697761,165.4324299580342,135.10839450253042,123.29579075441967,121.0089399744572
2026-05-05,130.06729708842403,161.38746822178916,129.76209561454922,141.06309938157267,298.83895078304363,128.84734984314187,148.05888270323078,85.83881359499561,167.45945698506125,131.38549172371802,124.11422483186098,118.90166028097062
2026-05-06,130.1860571003997,162.25148867913938,128.48992424766382,142.38623186917422,307.1105216361922,129.5534768251009,148.5669590174501,84.58269415576474,171.56756633036844,128.65221706247857,122.6825617918619,115.6449553001277
2026-05-07,130.09698709141796,158.33403359583204,129.08547404359263,137.8585086042065,308.28467069121024,129.28348499956508,148.65815194720014,85.32174663365913,169.62161708522487,130.49010748273685,122.80635684699325,115.6449553001277
2026-05-08,130.56215060729724,159.17288940296228,129.08547404359263,139.6864240073793,309.63593980608397,129.53270395716004,148.8144869436076,85.3515275768206,171.08107901908255,129.92459928094664,123.12077752840152,116.53895274584929
2026-05-11,130.11678546065755,157.13447593559923,128.71261399689163,136.77246793962118,309.5244470523122,129.53270395716004,148.47576608770007,84.78843277105887,172.18918671479096,137.1347839115321,122.33398379064803,117.68837803320562
2026-05-12,130.07718872217836,155.93490547544263,128.63828846444576,135.5105106506931,306.8284747560676,128.98234179464586,148.52787775316924,84.47169887624081,171.5135110391153,133.97737809895,122.16218802506343,119.34865900383143
2026-05-13,129.0676984169233,153.13313015160935,128.3418893750079,132.7954148243308,308.1469462323713,128.2450634333035,147.78530391398064,84.31197802039316,170.78378007218643,134.96701745208287,122.24434605532228,119.15708812260537
2026-05-14,129.5427535665569,154.23202921096214,131.05971147117276,134.38623840448733,306.8612723946376,128.6500472103433,148.00677103776164,86.20158037672832,171.3243226747255,136.38077672099845,125.11265860536507,115.32567049808429
2026-05-15,128.52335652581658,153.28411805292933,129.91342392846562,132.78775917184512,298.83895078304363,127.82969322229332,147.51172512473056,85.56268686835891,169.48648401208825,139.49104935972477,124.5947662010412,116.41123882503193
2026-05-18,129.07759005067763,153.02407480070679,130.8288518628182,132.18355780577798,298.62249918005904,128.1308364272125,147.57685725210408,86.23136131988979,167.27026862067146,142.50706688629938,125.99655791096349,121.83908045977012
2026-05-19,128.39468977835566,150.5326720295361,129.9892155734726,129.26960173801984,295.5919845646113,127.53893645134453,147.02969967360386,85.30009418361935,164.75675428235851,146.74835592860612,124.63273460866657,121.39208173690932
2026-05-20,128.78067491900754,153.35962480351319,130.67537750008046,133.5143459458652,297.2318664931125,127.85046609023414,147.65501978066584,86.09600073095918,169.32432844832138,141.56456070702234,125.94177797575912,118.96551724137932
2026-05-21,128.76089165149887,153.38478945373316,129.6865695696439,134.29445226607314,297.78942634880286,127.87123103564713,147.60291805448057,85.39484256187923,169.51351681271115,142.2243127854043,124.7840027392342,118.07151979565774
2026-05-22,129.05779168143806,152.37815224523786,129.76209561454922,132.65009746952677,296.5562479501476,128.15160929515332,147.68108058304236,85.41108946314328,170.59459170779667,136.9934068610845,124.91844746967513,118.32694763729246
2026-05-26,129.186458428899,152.6130308472404,129.76209561454922,134.27150864902006,295.2049788352739,128.4631310115151,147.8374155794498,85.33257790116869,169.2702731570682,136.38077672099845,124.75162630158741,116.85823754789273
2026-05-27,129.41408681909598,151.96712109169525,130.67537750008046,134.1338469467017,291.7349950803542,128.4942823908985,148.16310603416906,85.75219370985742,170.78378007218643,143.26107407683304,125.60066780706445,115.58109833971903
2026-05-28,129.8594670674666,151.2457045855663,131.21409949826014,133.0554502644001,295.132817624631,128.96157684923287,148.73631447576193,86.06621978779796,171.0270237278294,154.80679162631696,126.30778487703364,116.41123882503193
2026-05-29,129.65162194477827,150.15518947631224,131.05971147117276,132.1606141887249,299.1472613971794,128.7954255958177,148.37154275676176,85.86589176376894,169.02702950142526,155.0424125533563,125.77994327771597,114.11238825031928
2026-06-01,129.34481517935382,148.78785041471434,130.67537750008046,130.61567784267447,293.55199706871105,128.25544986727394,148.13704523179254,85.60329907902967,167.78378873258023,149.8114953934766,125.4687044390981,113.40996168582376
2026-06-02,129.186458428899,150.64172738043865,130.52227497748507,131.42638343242112,294.4637650151689,127.98545804173811,148.0458523020425,85.44898881444712,173.62161584802575,149.24599842724632,125.45376877405971,112.51596424010218
2026-06-03,127.26642435939401,147.1185355504764,129.91342392846562,127.76290864379183,291.0265788988193,126.36552293357897,146.7430904831655,84.9589899369052,169.94594883274388,151.46088682499146,125.00808520500091,110.21711366538953
2026-06-05,125.97980974084297,146.1706243924436,130.8288518628182,127.31931259709609,284.4932828898819,125.2751771199932,145.68785659044593,85.6330699372118,166.43243738122888,152.1677720772292,126.00402574348269,106.6411238825032
2026-06-08,125.74228216602614,145.73441578875725,132.8571867191025,126.6921559437739,284.4145557457363,124.64173933077143,145.20583113931923,87.45228922469406,166.5405376537426,148.30349224796925,128.89972826112765,106.96040868454662
2026-06-09,125.07917271207832,146.9004248486713,133.49402139483186,127.89292636382648,279.4358806165956,124.20560417434822,144.94528275125742,87.93415960911429,166.86486940126161,147.97361620877828,129.5495840334179,107.15197956577268
2026-06-10,125.43546784973626,145.80992253934104,133.2544925991594,126.72275521331262,269.47853035831423,124.81826909562923,145.29702406906927,87.60118385552182,165.5675630311708,150.09424949437172,129.22590276478394,107.0242656449553
2026-06-11,128.5728448980501,148.51942321239304,133.33422574967489,130.10325094481956,268.3043652888242,127.44548231319435,147.21208553310393,87.55786887046321,167.24324613004117,145.47596247457818,129.2756962299437,105.17241379310344
2026-06-12,129.19635006265332,148.0412692583654,131.75726233013944,130.04206407594407,276.4840931452935,128.5669715836357,148.41062402104268,86.4479261602038,167.72973344132706,147.03109879394128,127.32614078562072,105.4278416347382
2026-06-15,129.29532680712032,147.42052415304022,130.75207218543306,129.62906729878705,283.8963594621187,128.4112146867187,147.99374063657336,85.64661406408828,170.81081287280932,148.30349224796925,126.0090122135273,106.13026819923373
2026-06-16,128.6223332702836,146.63199764635,130.98266619368601,129.65201091584012,284.08657936003607,127.98545804173811,147.7331922485115,85.74406521673573,168.18918795199008,152.63902516686773,126.36256481223805,105.68326947637291
2026-06-17,127.81076625050072,145.54148253709593,131.8352212719759,128.93307979430568,285.92324711995735,126.67704464994074,146.7430904831655,86.09328787159225,164.51351062671557,148.20923713581757,127.02984948458895,107.53512132822478
2026-06-18,127.61282786329761,145.4072625359734,131.21409949826014,128.8260056913241,277.08101657305673,126.59397694576097,146.5997858879463,86.32881247253725,162.45946110905828,152.35627106597263,127.53279435132674,106.6411238825032
2026-06-22,127.80087461674638,147.16046810089387,131.36880624546953,130.66922072926624,274.3128830661692,126.54205269843676,146.7430904831655,86.38295872510542,162.67567196407833,153.2987772452497,128.26232679140125,105.10855683269476
2026-06-23,126.86064084950257,148.01610460814538,131.21409949826014,131.3346089642089,270.9019286548869,126.24090949351756,146.65189755341547,86.39920562636948,160.70270022830448,148.30349224796925,128.389303689323,104.66155810983398
2026-06-24,127.35549436837576,147.62184135480027,131.6793671323274,131.3346089642089,261.7448375748196,126.41743925837534,146.9124459414773,87.07328562667608,159.4324369688292,151.7907628641824,129.41512743042924,103.95913154533845
2026-06-25,127.43467274360319,148.6368625133943,131.6016100465682,132.32121950809633,264.38176451295504,126.56281764384974,146.7821717474464,87.13825306177448,159.4324369688292,157.5400550519965,129.65913203127894,105.93869731800767
2026-06-26,127.5336494880702,149.81125552340714,131.36880624546953,134.2026777978609,267.54345366821093,126.56281764384974,147.01666927241558,86.90002568644161,157.59459830619193,152.26201595382094,129.32548969510347,105.4278416347382
2026-06-29,127.04868760295133,149.7273776226484,131.05971147117276,134.31739588312618,263.8438864433011,126.15783386680994,146.7430904831655,86.51560645466884,156.5405355917441,149.90575050562828,128.74286816058145,102.68199233716476
2026-06-30,126.90023758798175,148.81301506493435,131.8352212719759,133.29254208741634,263.88323400090195,126.02284191530597,146.9124459414773,86.62660173419277,155.59459376979518,154.33553853667846,129.01891676774162,105.4278416347382
2026-07-01,126.10846893743846,148.4103678614905,131.44631897913519,132.93307652664913,266.8612691917432,125.6178581382662,146.6779484165081,86.13660285665087,156.75675675675674,151.74364092588652,128.84245509090098,107.53512132822478
2026-07-02,125.72248379678659,149.3498822695007,132.22641834969485,134.00382922666708,269.7737091054444,125.09864735513541,146.06565871063438,86.94334067150022,157.40540994180213,150.61263575786606,129.9853065349352,108.55683269476373
2026-07-06,128.06808464369163,149.08145506717943,131.99142600375856,133.95793032235898,272.5549424503936,126.89511222815236,147.4596134592614,86.92709377023617,159.05404993005698,152.92176803220292,129.0839783292761,112.57982120051086
2026-07-07,128.16706138815866,148.93885111595816,130.98266619368601,133.56787716225503,271.91208951705477,127.05087704759714,147.7331922485115,85.90107825570612,158.54054012814083,153.8642854470399,128.06811565571132,113.02681992337165
2026-07-08,128.35510814160742,147.68895135536152,131.21409949826014,132.03059646869025,267.03180730362413,127.16510405368813,147.70713144613498,86.21781719301359,157.4864877236856,151.36663171283976,128.74784275807832,111.04725415070243
2026-07-09,128.29572813561958,149.316333669182,131.29141037584859,135.1357571253585,270.94785816046243,127.46624725860734,147.9676897734807,85.99312385957786,159.59459253259607,141.9415699200691,128.5635926899299,109.25925925925925
2026-07-10,128.75098491601364,154.13975456018085,130.67537750008046,140.6806902037524,269.20958331625127,127.87123103564713,148.5018169507927,85.60870462780538,163.1891920759871,138.5485431804477,127.82660428988393,111.87739463601531
2026-07-13,128.6223332702836,151.91679179125524,129.6865695696439,138.43976635322062,262.1843227287635,127.71546621620232,148.28034982701172,85.41379223753115,162.89189312909102,136.522153771446,127.17674851759368,111.81353767560664
2026-07-14,128.78067491900754,152.89825154960675,130.44585651623822,139.34225808138146,266.3889863992293,128.1412228611829,148.42365442223092,85.81445837056796,162.70270476470122,136.852029810637,128.17518229109777,110.7918263090677
2026-07-15,128.87965166347456,152.37815224523786,129.38531531034786,139.25812759545292,265.2673007543457,128.0269958550919,148.9056798733576,84.91025931809207,165.162163811761,137.79453598991404,126.68127148337511,114.30395913154534
2026-07-16,128.60253490104404,150.15518947631224,129.9892155734726,138.44742200570624,261.43654297515576,127.95430666235472,148.97081200073112,85.04561990702243,164.3243222623258,134.68426335118778,126.75596168111475,112.7713920817369
2026-07-17,128.46397651982878,150.23068342697223,130.29327456984203,136.83365480849665,263.21416537696786,127.62201207805212,148.28034982701172,85.26489760670337,164.75675428235851,137.18190584982796,127.32115431557611,113.60153256704982
2026-07-20,128.0779913791769,149.8028715733084,130.44585651623822,136.97897216330065,263.05674311762056,127.52855001737413,148.18915689726168,85.39484256187923,162.89189312909102,134.7785072277795,127.6547966517516,114.81481481481481
2026-07-21,127.75138624451287,150.07129877562969,129.6865695696439,137.69024763234944,267.04493917062973,126.79127165603174,148.05888270323078,85.03208586512528,163.48649102288323,135.01413939037874,127.09209725231254,115.6449553001277
2026-07-22,127.1872459841666,153.48544805461316,129.16028828022553,137.69024763234944,272.0170483662676,126.00206904736517,147.394471392604,84.39860799051038,164.1621666985589,137.84165792820994,126.67131041583362,118.00766283524904
2026-07-23,127.02890433544268,152.91501944980425,128.71261399689163,139.58699388668143,265.4378548806986,126.49012845111255,147.30327846285397,84.03313843438956,167.62162285882073,137.4175267768673,126.04854779745243,118.5185185185185
2026-07-24,127.65240950004588,150.40684877843606,129.08547404359263,137.07074663151292,266.81535570063954,126.31359868625476,147.86346644254246,84.20639837462402,167.02702496502852,135.29689349127386,126.9053539491418,118.5823754789272
2026-07-27,127.8305646197403,151.65673573910888,128.86148816586876,138.67686984643882,267.2679567071171,126.56281764384974,147.8764968437307,84.09269527822283,168.1621654613598,130.39585237058517,126.54681488038646,115.38952745849298
2026-07-28,127.41488947609452,152.42849434560165,129.76209561454922,139.41108893254065,264.7622203232617,126.52127983049594,147.8374155794498,84.67473471714709,171.59459913099133,125.44768931160061,127.5558508390092,117.11366538952745
2026-07-29,126.68250083153907,150.4907266791948,130.21712170869682,136.43594599590702,264.6572614740489,125.2440257406098,147.06878093788472,84.86965719240038,168.91891891891893,128.41658489987938,127.90628095766819,114.68710089399745
2026-07-30,127.02890433544268,153.56094200527318,130.90571653223583,138.62332695984702,268.947202207691,125.87746352983157,147.5247455866349,84.98064238694498,169.16216257456188,129.9717212192425,127.6572898867739,113.85696040868454
2026-07-31,127.63262623253722,154.13137061008214,130.29327456984203,139.8011420926446,265.6018430735487,127.19625543307151,148.12401483060432,85.81986391934342,170.00000412399706,129.4533461913081,126.4372668825254,112.57982120051086
2026-08-04,128.54315489505618,154.84439036618855,131.14765697683129,140.38241151186065,271.5316497212201,127.52855001737413,148.5669590174501,87.49560420975267,172.83783989983635,125.68332147419984,127.27136085041634,118.77394636015326
