data,B5MB11.SA,BOVV11.SA,EURBRL=X,FIND11.SA,GC=F,IB5M11.SA,IMAB11.SA,JPYBRL=X,MATB11.SA,NG=F,USDBRL=X,ZC=F
2020-01-03,-0.49485351887319506,-0.8304654570695957,0.08244227155229655,0.49712726308557276,1.6202001424647339,0.10384057212060593,-0.07817246784567189,0.32486743042914323,0.6216203844225054,0.37700921304677504,0.17677036308150207,-1.2771392081736943
2020-01-06,-0.49485351887319506,-1.5267173129785427,1.0137530919835713,-1.3996189912463985,2.7353198538455192,0.10384057212060593,-0.07817246784567189,1.605357221556103,-0.1621658737595233,0.6126301400861012,1.0133694385424663,-1.7241379310344862
2020-01-07,-1.1777537911951574,-1.627382313820458,1.227635541840666,-1.8049717861197245,3.102659811618569,-1.869161988281931,-0.5992692439693581,1.3914850706508775,0.21622116501265332,1.885012358554139,1.0980207038236323,-1.7879948914431787
2020-01-08,-0.9798078531266019,-1.9797002168243094,0.9780989343380231,-2.745695095901035,2.1580862193547157,-1.3499512051511453,0.1172437928426806,1.8652370469284696,1.648650298247456,0.8953842409811896,1.2424265018060598,-1.8518518518518712
2020-01-09,-0.9798078531266019,-2.2145788188268622,0.5436409120622487,-3.6787744233986563,1.7841883353148624,-1.3499512051511453,0.1172437928426806,0.7877881391974428,1.243240768845011,2.0735113472975852,1.157775236524894,-2.107279693486619
2020-01-10,-0.12865919659545977,-2.5920613720506913,1.2142705447256041,-4.550666882020781,2.1646441456215193,-1.4537917772717401,0.22146712378099398,1.1830386384795055,1.7027055895006304,3.7700247171083,1.8873076765993924,-1.4687100893997607
2020-01-13,-0.15835675045485775,-1.140844409694075,0.5436409120622265,-4.321224876389196,1.5677287250942973,-1.4537917772717401,0.15632505712357414,0.6767928596735251,5.62162657041807,2.8275185378312084,1.3494931371925034,-0.5108556832694955
2020-01-14,-0.02969000299390956,-0.7969104567889462,2.807297458408864,-4.145314087147445,1.174157062254011,-1.3499512051511564,-0.1433045952191625,2.0493282546722336,5.405405405405395,3.0631507004304392,3.224358383775816,-0.6385696040868583
2020-01-15,-0.02969000299390956,-1.8287059155423946,2.3750704769869513,-5.001912746101178,1.8104280476180845,-1.3499512051511564,-0.1433045952191625,1.778607076811256,4.729729729729715,-0.09425511215165328,2.863326079998174,-1.0217113665389688
2020-01-16,-0.16824838420916866,-1.5938273135398306,3.6606280889955434,-4.726577671262511,1.6070842899311266,-1.6926322234241398,-0.3126699928148624,2.842532027624456,4.297297709696979,-2.1206445211533254,3.931475453745037,-4.086845466155831
2020-01-17,-0.19794593806856664,-0.09227465078129882,3.760897439370625,-3.2504780114722243,2.249921208797967,-1.5264809700089588,-0.03908126428086023,2.780267366913902,5.972970498574726,-5.607915137366504,4.165518987053218,-0.5747126436781769
2020-01-21,-0.02969000299390956,-1.4092780119772885,3.4979852107488663,-5.9273422562140965,2.0924909422146643,-0.8307404220203818,-0.06514206665738653,2.912915096477331,4.324320200327247,-10.697455246798604,4.287521287478069,-1.0217113665389688
2020-01-22,0.5839235278549237,-0.16776860144128714,3.9525013527012876,-4.015296367112764,2.020337738807809,-0.8307404220203818,0.24751798687359106,3.7196529113267207,7.945942234348569,-10.226202157160069,4.84524608942023,-0.7024265644955507
2020-01-23,0.5740318941006128,0.6878615058482973,3.3197462945332656,-1.8738026372788652,2.6303690118686385,-0.12461344006139408,0.41688338446930207,3.164676513707354,9.45945945945943,-9.236568421807156,4.108257689374262,0.5747126436781436
2020-01-24,0.6037218970945224,-0.18454930156258653,2.631289583047103,-3.112810474052896,3.0567383132789283,-0.8307404220203707,0.18238585950007824,3.023910376001271,6.189191663587379,-10.791704741170316,3.8044866832755764,-1.0855683269476502
2020-01-27,0.7422802783097815,-3.573527530364151,2.629058542193241,-5.162523900573579,3.4306361973187816,-1.2461106330305616,0.3126600535309887,3.048275685407975,-0.1621658737595566,-10.367579207607614,3.5654685524704854,-2.8097062579821364
2020-01-28,0.851148656531131,-1.7783766151024172,3.2150254864545147,-4.0688334186035675,2.9321056852656513,-1.5368674039793584,0.18238585950005604,4.46141320609863,0.5405426025390403,-8.859564826540334,4.725737024017684,-1.2771392081737165
2020-01-29,1.6132197532150894,-2.7178910231126507,2.9187007650451235,-4.933076059841035,2.971469257338466,-1.2045728196767747,0.6513809094385037,3.995779637963426,-0.7026981663059817,-11.54571193170395,4.409523587902919,-1.8518518518518712
2020-01-30,2.0190032631065113,-2.608842072172002,3.718560783167546,-4.948375694610386,3.870121351262701,-1.3707161505641552,0.7034925749076493,5.054278870042794,-1.0270299138249839,-13.80772788552489,5.293422893501343,-3.065134099616884
2020-01-31,2.533647600353861,-4.0768397346499174,4.206500041911654,-5.544933078393854,3.8307657864258715,-0.3219160728600179,0.2866091904383694,5.444113735570055,-3.000001649598838,-13.242225301514644,5.6245719946544925,-2.6181353767561033
2020-02-03,2.612825975581301,-3.4393075292416087,5.759421340245696,-5.430209158027566,3.4568679023860183,-0.31152963888959606,0.3126600535310109,6.957415268275091,-1.594595006994326,-14.278980975163424,6.6304736006777665,-3.2567049808429505
2020-02-04,3.2066486880560685,-2.5501224216713636,4.6030834896920725,-5.468452409849977,1.698919279374378,0.10384057212058373,0.5080763142193412,5.836651375485191,0.02702249063024631,-11.781338476523207,5.739106462560151,-2.3627075351213778
2020-02-05,3.394695441504836,-2.1558591683262684,4.629824107926228,-4.168257704200496,2.1843259316579156,-0.7580512292831965,0.8337667689386041,5.227538810276999,0.48648731128586586,-12.299719122237573,5.910902228144765,-2.7458492975734883
2020-02-06,2.4544692251264877,-2.8772756744552264,3.7074162029022695,-5.544933078393843,2.663166650438664,-0.12461344006141628,0.5601879796884868,4.3341710253106625,-0.3513542381493151,-12.25259156616174,5.410450596429306,-3.128991060025599
2020-02-07,2.959221928619482,-4.169114385431227,4.678832638682784,-5.759081284357038,2.892750120428822,-0.02077286794082145,0.4559646487501956,5.379146300471671,-2.9459463583456857,-12.441090554905166,6.58565473301489,-2.043422733077971
2020-02-10,3.7213005761688622,-5.08346414322145,5.27371312235545,-6.684510794469967,3.292879709535912,1.3499432826233226,0.9510105617812625,6.570293262114468,-5.459460696658603,-16.776623473803642,7.5716460765028915,-2.4904214559387627
2020-02-11,4.334914107017762,-2.717891023112662,5.037541511967847,-4.23709439046066,2.69596428900869,2.284524276764288,1.2115688891270127,6.5621748539721025,-1.67567278887778,-15.73986780015485,7.585952496511839,-3.001277139208247
2020-02-12,5.017814379339702,-1.6106016136992252,5.300453740589606,-3.082217039615187,2.8140389907551633,1.2980269578269255,1.5763406081271691,6.681288541638386,0.7297309669288099,-13.100848251067099,7.749188155186526,-2.1711366538953447
2020-02-13,5.19596194816867,-2.5836774219520353,5.434135583752342,-5.147230100905221,3.319119421839112,1.4018675299475314,1.0291830296269566,7.214602404238923,-3.3306690738754696e-14,-13.949104935972434,8.42067570943219,-3.0651340996169285
2020-02-14,6.0965914260678655,-3.5651371803035348,4.999666937472469,-5.7820249014101215,3.8176419266562567,2.0560702645822992,1.6154218724080627,7.209186770484144,-0.8108087488123195,-13.43072429025809,8.228138602971535,-3.5121328224777204
2020-02-18,6.245048991902924,-3.0618249760177685,4.400334996096156,-6.615679943310804,4.952443424073438,1.8068513069873005,1.8368889961890122,6.6460919647224115,-0.7837862581820398,-6.644676428795215,7.723519707004511,-2.1711366538953447
2020-02-19,6.858670073617268,-1.870644865921789,4.694428676651685,-4.665390802387037,5.4444080026237796,1.8068513069873005,1.5502798057506428,7.266035797439896,-0.5405426025391069,-7.869931091187454,8.428155414499127,-2.809706257982192
2020-02-20,6.947740082599041,-3.4057525289609814,5.059830672498333,-5.835561952900892,6.041323423151002,1.3291783372102906,1.393954748627091,6.207536565360816,-0.864864040065505,-9.519322522702256,8.657212477762698,-3.3205619412516763
2020-02-21,6.1262889799272635,-4.127169035089928,5.521029313008263,-7.082219607059614,7.877991183072286,2.2949107107346878,1.6154218724080405,6.142559045283358,-1.0810852050782027,-10.226202157160069,9.361848185257315,-3.7037037037037868
2020-02-26,3.830168954390234,-10.93029014291309,6.283004132631254,-12.43594809654336,7.576254509675273,1.277254089886104,0.27357878925011736,7.677523113007223,-10.810810810810857,-14.184731480791712,9.22489834724638,-5.363984674329592
2020-02-27,2.7018959845631185,-13.186814312081252,7.844849594380743,-12.810707456978932,7.576254509675273,-0.07268919273724084,0.3647717190001343,9.142104111877924,-11.135132248337253,-17.436381169965564,10.776082325195713,-6.896551724138023
2020-02-28,-0.4849543342533069,-12.146628503267177,9.858969533224716,-10.63097631042359,2.5975713732985906,0.45690010183609964,0.2866091904383472,10.717670305293492,-14.270272126068996,-20.640903303063595,11.664956228291024,-6.385696040868538
2020-03-02,2.266430022543209,-10.041105035342868,9.814412460171829,-10.133843212237048,4.447362992989468,2.00415393978588,1.2897314176887331,11.240152900384448,-8.108108108108159,-17.247876563442187,10.581871189505776,-4.278416347381942
2020-03-03,1.9101348848852728,-10.997400143474367,11.013086966928531,-12.16061302170467,7.71400299022218,2.1599108367028608,1.5893710093153768,11.554189063304054,-10.270268208271805,-15.174365216144636,11.356222497243174,-2.490421455938785
2020-03-04,2.9592219286195043,-9.69717108243774,12.334298736582694,-12.871894325854393,7.648407713082128,2.554516102300086,2.032305256877298,14.20991702381782,-6.621623683620193,-13.901977379896625,12.372073298260222,-1.1494252873564093
2020-03-05,1.1282654189617602,-13.782401167148272,13.706750077847275,-17.95793755788416,9.307971427619677,2.554516102300086,1.5372593438462312,15.279247523406458,-9.324326386322902,-16.493874990688518,14.119949774374074,-1.7879948914432564
2020-03-06,1.1282654189617602,-17.35592869751241,15.128231197876518,-18.24091661500653,9.596592248483082,-0.31152963888964047,1.3288126819696489,17.358346636261103,-13.648646586650182,-19.5098981350431,14.687647516405455,-3.6398467432951054
2020-03-09,-2.503957597359807,-27.39702733289333,16.264510928753495,-25.96558083995576,9.839291571006846,-1.9210862356061842,-1.18551802603436,17.98370610273363,-22.972972972973025,-16.211120889793417,14.27930310994261,-4.406130268199315
2020-03-10,-2.4643684097461316,-22.321953539732554,19.87166840528478,-25.20076248431523,8.829122701602943,-3.219113193433143,-0.9901017653460409,23.961133700903936,-16.89189189189195,-8.765315332168644,17.593299229044202,-2.937420178799577
2020-03-11,-4.56255004808005,-28.11844383902229,17.024265331526678,-27.342256214149106,7.668089499118524,-2.3883727714127834,-3.595625403100089,19.751481912035306,-21.621621621621678,-11.498584375628118,15.581496016997654,-3.128991060025632
2020-03-12,-4.56255004808005,-38.91452038077471,20.738364032986546,-31.281071912718062,4.2505771615693355,-2.3883727714127834,-9.848886109423372,24.670410278126774,-36.486486486486534,-13.242225301514654,19.856574874459664,-5.555555555555635
2020-03-13,-4.56255004808005,-30.37496800819044,19.319124577815217,-32.79540898922978,-0.5772416417268222,-2.3883727714127834,-7.503910859731167,24.0315167697571,-28.918920980917495,-11.922715526970773,19.268978742440733,-5.300127713920899
2020-03-16,-4.56255004808005,-40.4244633935939,20.163541668990547,-38.59273352540927,-2.5319760961586057,-2.3883727714127834,-7.503910859731167,21.711477422202698,-36.216215185217,-14.467479963906872,20.82264408286467,-9.386973180076708
2020-03-17,-6.314328182510376,-37.42135806807679,24.236349243735432,-36.13001748663059,0.02623971230319988,1.7653134936334913,-8.142261367981419,27.45878596820397,-34.432431813832906,-18.520264399690202,24.467789303119414,-12.13282247765014
2020-03-18,-6.314328182510376,-43.54500162015037,22.870580401028384,-41.10898661567875,-3.096093878115791,1.7653134936334913,-12.714958135239263,26.319072399762145,-41.756758818755316,-24.410933637951825,24.73419740152667,-14.3678160919541
2020-03-19,-6.314328182510376,-42.37060861013756,24.64184623092722,-42.638623326959824,-3.0108248221753287,1.7653134936334913,-12.714958135239263,27.502100953262577,-41.40540458060603,-22.0546625719792,27.08118638095296,-11.749680715198041
2020-03-20,-6.314328182510376,-43.42756231914908,20.925516488613518,-44.78011705679371,-2.656608724171894,-8.411221024740978,-10.109434497485204,23.925937123987918,-41.756758818755316,-24.410933637951825,26.8381315839213,-12.196679438058833
2020-03-23,-15.48891665090416,-46.46422264494683,20.577952195593706,-48.75717017208411,2.787799278451919,-16.8224341269541,-15.320481772993311,23.054231874040166,-44.37837858457827,-24.505183132323538,25.625564539644287,-12.260536398467515
2020-03-24,-12.727633109487845,-41.11232489944221,23.24488531228235,-41.52963904532143,8.901275905009797,-8.504675162891163,-12.506511473362657,25.47985086736371,-41.02702785182646,-22.101790128055043,28.020803553026074,-11.302681992337249
2020-03-25,-12.727633109487845,-37.09420481529294,22.64109128919831,-35.93116891543675,7.071174078591302,-8.504675162891163,-8.806672678608185,24.196648216869864,-35.99999917520063,-21.819036027159942,26.935237151766266,-10.98339719029382
2020-03-26,-10.72842821562091,-34.58602134400096,22.052893304083177,-36.13766730401527,8.238765207342524,-8.504675162891163,-6.800418284823484,22.894505975703126,-34.7567584063556,-22.855797318588678,25.331766473634843,-10.919540229885138
2020-03-27,-11.27276255586217,-38.17632957448638,23.565719611072055,-38.967492885844855,6.520172149167713,-7.113194066914019,-8.402819695327135,24.502565971646817,-33.70270084690408,-22.997174369036244,25.055397307686068,-11.621966794380667
2020-03-30,-10.718529031001122,-37.11936946551294,26.526746408316228,-38.43212237093688,6.395539521154436,-7.113194066914019,-8.194373033450542,27.87568891752581,-32.864864452465206,-20.35814920216852,27.097796075220625,-12.83524904214568
2020-03-31,-14.934683126043124,-38.595757478051496,27.556095538268742,-40.22944433967195,3.863563424995853,-11.900318121182064,-7.24336247166929,30.109098294962955,-31.21621415421775,-22.714420268141133,29.290631894982067,-12.962962962963054
2020-04-01,-12.866191490703105,-40.13924909118941,27.796718606359995,-43.25812432779635,3.5224631795260253,-11.900318121182064,-8.155291769169647,31.021415755581195,-30.81080977981161,-25.21206276678136,29.55953322841165,-14.495530012771486
2020-04-02,-12.866191490703105,-39.12423433255725,27.99501564225224,-42.29445740096198,6.638238843678201,-11.900318121182064,-8.155291769169647,32.44538454378141,-29.891890448492987,-26.86144858051621,30.67250146982139,-14.814814814814902
2020-04-03,-12.658353918880206,-41.4059231519454,26.93670547721578,-44.08412955231237,7.163001060798568,-13.8629342476142,-8.155291769169647,31.70091138964257,-32.16216113116296,-23.609798891342358,30.849283705450613,-15.51724137931043
2020-04-06,-12.658353918880206,-37.522016668956795,28.748087546467914,-40.22179452228728,10.003279763856954,-11.017653451837484,-9.40594192257752,33.28460607617985,-31.270269445470923,-18.42601490531848,33.16982064854501,-16.28352490421465
2020-04-07,-12.07443039102526,-35.65976215309566,27.13500251310803,-35.655833840598106,9.203020585642797,-14.132918150622187,-8.806672678608152,31.13782666885989,-31.05405343545454,-12.723844655800276,31.59623317303808,-15.325670498084376
2020-04-08,-12.212988772240518,-33.755555886931354,26.704995948535924,-35.173994542079946,9.242376150479625,-14.132918150622187,-7.673266318042926,30.092861478677936,-30.189189395389104,-15.975494344974129,30.012696502537374,-15.708812260536487
2020-04-09,-11.361840115709377,-34.56085669378095,23.93334202376853,-35.999999766595955,13.886516967653284,-10.134996705020727,-8.415840157231468,27.339672280537663,-31.324324736724087,-18.331759793166803,27.567652151448073,-15.261813537675694
2020-04-13,-11.916073640570414,-33.57939693542943,23.423124228497972,-35.34990533132171,14.450642756846467,-10.134996705020727,-7.503910859731111,27.640164316580783,-29.459458428460252,-18.755890944509456,27.119487219914685,-15.325670498084376
2020-04-14,-11.272762555862158,-33.017365080643025,23.423124228497972,-33.08604369883784,15.231220149024228,-10.134996705020727,-7.985936310857811,30.78589115463646,-26.70270043450439,-22.243167178502578,29.435049565512195,-16.730523627075446
2020-04-15,-10.332543890349278,-33.53745158508815,26.28835438107884,-34.76099192982195,13.296159473392866,-10.134996705020727,-7.582073388292887,30.461033809186368,-28.13513472273549,-24.693682121066963,28.52625352733391,-18.45466155810993
2020-04-16,-10.332543890349278,-34.4266430926203,27.181790627014756,-36.688337453692654,12.850116393182143,-10.134996705020727,-6.20114904085407,31.730692332804033,-29.702702084103194,-20.546653808691893,30.393639068850288,-18.326947637292555
2020-04-17,-10.332543890349278,-33.42001228408687,26.551255985696542,-36.13766730401531,10.80353894207111,-10.134996705020727,-6.070874846823148,31.22715941336496,-28.21621765961524,-17.389253613889743,30.241753565800945,-17.68837803320572
2020-04-20,-6.868569258236867,-33.436792984208154,25.8093286617461,-36.79541155667425,11.616921980054883,-10.02076969892972,-3.75196039950747,31.59262896948554,-29.432430782833684,-9.330817916178901,30.286572433463842,-19.731800766283627
2020-04-22,-6.45289411459109,-32.170118923452165,28.509684895226428,-36.02294338364904,13.39455238910292,-4.974040253096268,-4.8983872219770515,33.57427692969268,-28.270267795872105,-8.623938281721088,32.3357266806541,-18.901660280970724
2020-04-23,-8.085904686180267,-32.89153542958112,31.334809432458076,-37.193114534162895,13.69629706973592,-4.974040253096268,-5.680042325446488,37.020495803791476,-27.08108231828027,-14.46747996390686,35.86883066802551,-18.45466155810993
2020-04-24,-14.29137204133487,-36.50700191032463,32.756279928483266,-42.715103995503725,13.053460150869078,-4.974040253096268,-8.936946872639052,39.09147650850373,-28.351350732751857,-17.719129653080724,37.7660994121664,-19.348659003831514
2020-04-27,-13.49960339079157,-34.116264139995835,34.71693987886704,-40.87953877494625,12.29255653749175,-10.384215662615704,-8.832723541700748,40.38279756713996,-25.64864803004915,-14.278980975163435,38.74958564808437,-21.966794380587572
2020-04-28,-10.530482277552377,-31.45709276738384,36.29437075458137,-36.405352561469314,12.200721548048499,-10.384215662615704,-7.373636665700179,42.62974098647425,-25.000000000000068,-15.457113699259772,40.74146672504793,-22.6692209450831
2020-04-29,-8.897464155097746,-29.89682045412465,32.627060167028255,-34.95984633611678,11.73499668180138,-7.175496825680816,-7.373636665700179,39.41363107956568,-22.351352588550544,-11.922715526970773,36.877213636523344,-22.22222222222231
2020-04-30,-9.73872117787452,-32.2288385739528,29.242698679765432,-37.80497155271573,10.4755625563709,-7.175496825680816,-7.972905909669537,35.46658206041569,-24.40540726120416,-8.152685192082544,32.828710479850365,-20.43422733077914
2020-05-04,-9.936659565077633,-33.52067728492879,33.8257240497809,-39.71701744181706,11.964580151791537,-9.138112952112953,-7.5039108597311,38.66103951728448,-25.324326592522773,-6.079168227005038,36.36929417228871,-20.625798212005197
2020-05-05,-9.936659565077633,-33.03413938080239,34.54760387805875,-38.55449610868787,11.800591958941432,-7.653169795457792,-6.943722880042625,40.58854122492346,-24.432434906830736,0.5655082017902213,37.952830842789396,-20.051085568327032
2020-05-06,-9.936659565077633,-33.36968298364687,34.652324686137504,-40.13766987145975,10.475562556370921,-7.653169795457792,-6.813448686011703,41.87714942419305,-24.621623271220507,-8.388311736901821,38.88653548609533,-20.37037037037046
2020-05-07,-10.431513083950827,-34.14981914027646,37.439574648873794,-42.40917548622731,12.941951382625438,-7.653169795457792,-7.3866670668884415,45.672601038127695,-19.837838250237617,-10.744577185094506,42.300118535516475,-19.284802043422822
2020-05-08,-10.431513083950827,-32.26239357423343,40.72143574490767,-40.39005549414437,12.161365983211692,-7.653169795457792,-7.06097661216919,48.358109941802674,-16.891891891891962,-14.090481986420023,45.12658035482771,-18.5185185185186
2020-05-11,-10.530482277552377,-33.361292633586224,38.3775679678626,-41.101336798294106,11.203676538414209,-9.314642716970734,-7.230332070481005,38.99131249648909,-16.37837693497949,-13.949104935972468,36.36929417228873,-18.646232439335964
2020-05-12,-11.718135253367334,-34.367923442119654,40.053026529094105,-43.556403019688105,11.800591958941432,-9.314642716970734,-7.738408384700335,46.371046347840746,-18.91891891891899,-18.944389933252914,44.83728198440613,-17.3052362707536
2020-05-13,-11.916073640570435,-34.46019809290093,42.16741581831316,-43.17399384186784,12.423747091771876,-10.342685771789718,-7.6211546525737806,48.66943324535538,-17.0000024743983,-23.845425436161616,46.522910692796415,-18.199233716475185
2020-05-14,-12.212988772240541,-33.39484763386685,41.82875444070069,-42.23327053208653,14.011149595666605,-11.889931687211664,-7.3736366657001895,49.007824632702615,-17.837838868837164,-20.78228035351116,46.5627549629624,-18.199233716475185
2020-05-15,-10.975854975057553,-34.8209063459654,39.82354804126808,-42.14914004615798,15.014760538803685,-11.68224262044265,-6.722255756261686,46.517238204280666,-18.94594656454558,-22.431666167246036,44.64556408373852,-18.45466155810992
2020-05-18,-11.173793362260653,-31.549367418165097,40.982116932675574,-39.5334626702916,13.597904154025887,-8.566977921657958,-6.253260706323238,47.884357965524856,-18.05405487885354,-15.97549434497415,45.785910420202725,-18.07151979565781
2020-05-19,-10.233574696747738,-32.002350322010855,39.03483260341092,-40.84130135822479,14.411279184773672,-8.639667114395156,-5.549768131415577,44.18636758921699,-16.864864246265387,-13.760600329449113,42.39473086833916,-17.943805874840447
2020-05-20,-10.233574696747738,-31.59130636854446,40.04857507139044,-40.94837546120639,14.83109055991716,-8.639667114395156,-5.549768131415577,44.4516630483444,-17.297296266298122,-16.54099692898442,43.29605907399827,-18.390804597701237
2020-05-21,-9.095410093166311,-30.022650105186543,39.16405236486591,-37.52198666049237,12.856674319448969,-8.639667114395156,-4.885356820788789,43.1738861165841,-19.81081060461104,-19.415643022891448,41.68512056334763,-18.83780332056203
2020-05-22,-9.293348480369412,-30.374968008190383,35.39648305094178,-37.63671058085865,13.781566125676425,-8.795431933839959,-4.8983872219770515,39.64374004675592,-20.135137197133734,-18.42601490531851,38.246640781346606,-18.77394636015335
2020-05-26,-7.957245489584864,-27.891955587080318,32.09456383523126,-34.56978734091183,11.826831671244653,-7.7154725542246005,-4.051590051850207,36.83911745541466,-20.918918300319433,-15.50424125533566,35.53269509682775,-18.5185185185186
2020-05-27,-8.551068202059609,-25.870310019914733,30.664179799794677,-34.30210208345783,12.187605695514915,-7.7154725542246005,-4.051590051850207,34.58134276857079,-16.56756529936928,-18.850140438881226,33.057779415661685,-18.135376756066492
2020-05-28,-8.056214683186413,-26.709165827044966,29.356333027255577,-34.60803059273424,12.384391526935069,-7.7154725542246005,-4.051590051850207,32.412900826232026,-15.540540540540626,-13.901977379896657,31.282512971945643,-16.347381864623323
2020-05-29,-8.452099008458058,-26.423957924602405,33.31996833621807,-35.357555148706396,13.932438465992947,-7.840085994286006,-4.390310907757733,35.89161350285923,-14.64864885484859,-12.865221706247866,34.54174102839058,-16.794380587484113
2020-06-01,-8.491688196071777,-25.232784214468328,31.86953680510891,-33.300191904801046,13.991475816866172,-8.110077819821804,-4.5726967672578,34.13736165047536,-14.027028470426073,-16.399619878536864,32.828710479850386,-17.43295019157096
2020-06-02,-7.660330357914768,-23.185973997082733,32.96571092063667,-30.630977477443842,13.164968919112807,-6.344756403660467,-3.9343462590075595,35.07404442050057,-12.432428308435473,-16.25824844586926,33.61799745262615,-17.177522349936226
2020-06-03,-6.868569258236922,-21.759921684946104,29.507831325237,-27.441680499746056,11.367664731264338,-5.576326662934672,-3.5956254031000556,29.345685550151224,-11.67567485087636,-14.184731480791735,29.45495982804751,-17.241379310344907
2020-06-04,-6.670623320168378,-20.979785528316487,26.649294295217718,-26.424476521420882,12.75172347747211,-6.375907783043832,-3.2569045471925295,25.704544200799106,-9.94594677074545,-14.137603924715902,26.02644111358796,-15.964240102171212
2020-06-05,-6.472684932965278,-20.191259021626262,29.224882224946725,-26.19502868068835,9.950800339250554,-6.282453644893648,-2.9963561591306864,26.94983741501007,-10.810810810810912,-16.022621901049995,27.410792050901843,-15.389527458493058
2020-06-08,-6.472684932965278,-17.792130901236835,24.612885195843237,-22.37093690248567,11.40046236983434,-4.5794429100268985,-2.292863584223026,22.474890167014316,-9.56757004196589,-15.69274024407905,23.484291194653693,-14.75095785440621
2020-06-09,-6.472684932965278,-18.446437406804517,21.373350132008383,-23.28871659521393,12.476218509142312,-4.7871240542681,-2.6836961055996977,20.398493828547547,-9.459459459459552,-16.729501535507797,20.050786010149558,-16.347381864623323
2020-06-10,-5.680916282421988,-20.224814021906912,23.63255522065135,-25.41491652537943,12.384391526935046,-5.3063348373988735,-2.292863584223037,22.989254353962664,-11.999996288402748,-16.116871395421704,21.962990419328854,-16.666666666666742
2020-06-12,-5.730404654655485,-21.81864133544673,25.08076633491072,-27.45698013451542,13.43391596117578,-5.617864476288458,-2.1625893901921045,26.059182489410414,-15.486485249287462,-18.42601490531848,23.870220231011263,-15.708812260536465
2020-06-15,-6.126288979927141,-22.112239587949944,26.598044099603246,-28.87189292543021,12.843558466915361,-5.9709240060040525,-2.4231377782539476,27.301772929233504,-14.05405611605267,-21.347782937521398,25.68283770987101,-15.90038314176252
2020-06-16,-6.373715739363739,-21.181109130038422,30.138365966555234,-27.801146060513272,13.453589739976191,-6.0332346872986715,-2.358005650880435,29.80319062516472,-11.621619559623198,-23.93968054831329,28.307311874732257,-15.964240102171212
2020-06-17,-6.2747465457621665,-19.51178786583857,31.557605421726564,-25.927343423234362,13.427350027672968,-5.140191506511482,-2.032315196161183,32.147595282125806,-10.270268208271837,-22.808669762512835,30.55796700191573,-15.644955300127783
2020-06-18,-6.2747465457621665,-18.991694961431538,30.880293290505676,-25.42256050766313,13.138737214045548,-5.140191506511482,-2.774889035349737,32.39124837619225,-9.324326386322934,-22.808669762512835,30.1670633680613,-15.453384418901727
2020-06-19,-6.4231965607317925,-18.94974961109025,34.21340458215403,-25.024857530174494,14.522795960253344,-5.140191506511482,-2.2537823199421547,35.999895923016226,-8.918916856920479,-21.347782937521398,33.88441742358115,-15.07024265644963
2020-06-22,-7.264453583508579,-19.729885767719868,32.197053602456194,-25.200762484315277,15.23122014902425,-6.728975235287226,-2.3840565139730763,34.532612149757405,-10.783788320180609,-21.583409482340667,32.211231145206945,-16.155810983397256
2020-06-23,-7.214965211275093,-19.134298912652813,31.934141373834436,-25.200762484315277,16.241389018428155,-6.728975235287226,-2.123508125911222,32.98952967389117,-10.51351186391477,-22.855797318588678,30.764632440169493,-16.98595146871016
2020-06-24,-7.214965211275093,-20.5687415748501,29.793022090385257,-26.577437858508624,15.828143576787458,-5.908621247237256,-2.8139702996306193,30.97268513676803,-9.729725605732764,-24.740809677142817,28.252365723859718,-17.177522349936215
2020-06-25,-6.769600064635373,-19.1510796127741,33.96831943235505,-25.047801147227556,15.585436247027683,-5.908621247237256,-2.292863584223037,35.2094050094309,-10.054057353251766,-30.160225825765895,33.122520418407554,-18.96551724137938
2020-06-26,-7.165476839041595,-20.979785528316462,33.92599340015603,-26.99044047076663,16.267628730731353,-5.8566969999130585,-2.3449752496921827,35.382664949665376,-10.810810810810889,-29.547595685679806,33.44370845201921,-19.029374201788062
2020-06-29,-6.769600064635373,-19.377567864716006,37.03406703767796,-25.124281815771422,16.418501071047853,-5.8566969999130585,-2.292863584223037,38.48507680266216,-10.675677737674272,-19.46277057896727,36.466387867585915,-16.66666666666673
2020-06-30,-5.977831414092083,-19.780221468121773,35.32518535965477,-26.883366367785044,17.6123319121023,-5.524402415610464,-1.7196452033463094,35.93763126230567,-11.054054466453833,-17.483503108261466,34.504389993246875,-13.537675606641187
2020-07-01,-5.087093569947243,-18.86586531036961,36.65307962786646,-25.223711936469318,16.313542221834986,-4.839048301592297,-1.3809342867226904,36.914916158022315,-10.594589645798214,-21.253533443149685,35.988339733428035,-11.047254150702502
2020-07-02,-4.988124376345704,-19.033640311772803,33.20634461273204,-24.665391969407302,17.021974417841857,-3.997929368129327,-1.0031321665342707,34.0344948640731,-10.351356300147874,-18.284637854870933,32.36559801073084,-12.515964240102251
2020-07-06,-3.8994481449977525,-16.55901184076147,33.108306303210824,-21.942640490559306,17.317153164972066,-3.187953891521955,-0.599269243969347,33.693390617358965,-9.378381677576087,-13.76060032944908,32.246088945328296,-11.494252873563305
2020-07-07,-4.196355725802414,-17.649526950015538,34.90409233449405,-24.030591333801443,18.346995813176402,-2.2222215179975913,-0.9901017653460187,35.00907698540217,-9.459459459459541,-11.592833869999842,33.31423831907516,-11.877394636015403
2020-07-08,-3.998417338599314,-15.820821034473154,35.04890813391797,-21.223709369024903,19.088225647753298,-3.592945591089569,-0.46899504993842545,35.3176874295879,-8.108108108108192,-14.043354430344168,33.899353088619534,-11.047254150702512
2020-07-09,-3.998417338599314,-17.19654404616978,34.895178795082685,-22.29445623394185,18.019019427476145,-3.592945591089569,-0.05211166546913448,34.797917693863845,-8.648650710647255,-16.163993333717574,33.0229216155403,-10.280970625798302
2020-07-10,-2.6128259755812566,-15.736936733752493,34.20226000188882,-21.988527724665442,17.953424150336094,-1.557632349392446,0.5080763142193412,34.77625515884502,-8.243241181244809,-14.938738671325357,32.90341255013776,-13.026819923371736
2020-07-13,-2.4148875883781673,-16.87778114344658,33.78784947528561,-22.44741757102956,18.79304690062309,-1.2461106330306393,0.8337667689386041,34.91703138153015,-8.324329273120856,-18.049011310051664,32.63201798168587,-14.68710089399754
2020-07-14,-2.810771913649801,-15.426557781128036,36.503801746734865,-21.147228700481048,18.766807188319866,-1.5057160245960266,0.8077059665620778,36.308516452181,-5.189184240392808,-17.719129653080735,34.48945432820849,-14.495530012771486
2020-07-15,-2.5138567819797175,-14.210219420773962,36.36566844586848,-20.45889101338436,18.819286612926312,-2.232607951968002,0.9770713641577666,35.46929491978257,-4.86486280286641,-16.211120889793417,33.62546528514534,-16.666666666666764
2020-07-16,-2.761283541416315,-15.233618129504855,36.517166743849906,-21.16252250014943,17.986221788906143,-1.5057160245960266,1.43303601290794,35.87536660159512,-5.405405405405473,-18.803012882805348,33.62915764748791,-15.644955300127815
2020-07-17,-1.821064875903422,-13.203588612240525,35.18035893622682,-19.449331017342885,18.615942855239354,-1.4226403978884195,1.263680554596136,34.51366247410543,-4.297297709697078,-19.038639427624616,32.72663031450853,-14.942528735632287
2020-07-20,-1.2272346125632438,-11.962085601666427,37.00956808430173,-17.782026768642478,19.1144653600565,0.051916324796308366,1.6545031366888896,36.16232459574109,-2.297293173300319,-22.66729271206529,34.08609639179028,-16.155810983397302
2020-07-21,-1.2272346125632438,-12.213738503828363,35.942344379853886,-17.437860842644625,20.852740204267704,-0.3115296388896849,2.1625794509082086,34.521780882248066,-4.324320200327336,-21.065034454406263,32.651940116768884,-17.56066411238836
2020-07-22,-1.2272346125632438,-12.213738503828363,32.80975054094757,-18.317397283550484,22.276154515312307,-1.090345813585858,1.9280819259389848,31.02141575558108,-4.8378403122361195,-20.78228035351115,28.720452790476124,-16.347381864623355
2020-07-23,-1.5241497442333274,-13.807565817368195,31.84502722772866,-19.770553326287686,23.91603644381346,-1.4018754524754429,1.8499193973771977,29.278005255685823,-4.324320200327325,-15.881244850602428,27.43320742100719,-16.21966794380598
2020-07-24,-1.5241497442333274,-13.555906515244365,34.565430956881556,-19.847033994831552,24.453922520703443,-0.2803782595062865,1.875970260469817,32.023065960704656,-3.783787907780878,-14.79736162087778,29.736315464040896,-16.666666666666774
2020-07-27,-0.38598514065187883,-11.9536952516058,35.815345035248654,-17.19311920224371,26.664480157428592,-0.581521464425494,2.2537723806582255,33.57697970408044,-1.108107695708449,-18.284637854870923,30.196946570685835,-16.985951468710205
2020-07-28,-0.38598514065187883,-12.272458154329014,34.80382298411892,-18.24091661500662,27.56313225135283,-0.2803782595062865,2.3319448485038974,32.19903876030579,-1.4054066426045675,-15.174365216144626,28.013881857702305,-18.263090676883888
2020-07-29,-0.7323810936900377,-11.190333395135566,34.46071014880279,-16.52007531481542,28.14037389307964,0.3634459636858933,4.1818642458811395,32.69985882037818,0.45945451066295995,-12.629595161428565,28.284730288958837,-19.412515964240207
2020-07-30,0.26721757781071886,-11.534267348040695,35.64825069929831,-17.80497038569556,27.405709992005512,0.6853541140180885,2.709737029408399,33.21692578171438,-0.27026614627326806,-13.80772788552489,28.695556057896244,-19.348659003831525
2020-07-31,0.8610478411509304,-13.170033611959875,36.272092218054944,-19.732315909566246,28.750413173376455,2.107994511906419,3.230843744815992,33.281903301791836,-2.432436556429529,-15.221487154440483,28.324574559124805,-19.284802043422843
2020-08-03,1.1480562373358039,-13.22036931236179,36.584012977433254,-18.929254302103303,28.960314857330218,1.8172377409576335,3.2959858114733898,33.5634456621833,-0.027022490630324025,-0.9896281175728827,30.00024219997359,-18.901660280970734
2020-08-04,0.8511486565311532,-14.562537323777802,39.308878788293896,-21.606118546845178,31.269265409765445,2.3883648488848053,4.155803443504591,35.79956789898713,-0.8108087488123306,3.3459048013255943,32.427845778454454,-21.264367816092054
2020-08-05,0.8511486565311532,-13.32941826330245,39.17073486342346,-21.49904444386358,33.23056579769998,2.1910701386140152,3.478371670973446,35.56674607243,4.135131835937478,3.25164968917393,31.718247346010674,-20.561941251596526
2020-08-06,0.25732594405638576,-12.222128853889014,39.917124269081626,-19.92352049847638,34.568711052804126,0.7268919273718533,3.764980861411815,35.691275393851065,4.081076544684281,2.026389409001772,31.735676246071364,-20.498084291187844
2020-08-07,-0.138558381215248,-13.396528263863738,40.99771297064454,-21.552581495354374,31.853064977759015,0.7268919273718533,3.504422534066065,36.695638458341584,3.0810794314822143,5.466538086919037,32.74156597954692,-21.39208173690943
2020-08-10,-1.029296225360099,-12.893216059577961,42.751162345724694,-21.124285083427996,32.79108064375609,0.46728653580645485,2.918183691284959,39.031924707159774,5.40540540540535,1.4608924427714554,35.378328231303804,-20.6896551724139
2020-08-11,-1.8210648759033887,-13.916614768308843,43.285879094371495,-21.713192649826762,26.769430999405476,-0.3426810182731166,2.2798331830347074,39.976725885327326,3.054056940851946,2.3091435098968605,36.456438672592164,-20.434227330779166
2020-08-12,-2.6128259755812455,-13.941785818490759,40.64345555506315,-22.3785867198704,26.920303339721976,-1.7653214161614805,1.745696066438862,36.725419401502755,5.405405405405372,1.4137592689156708,33.964094091365425,-19.667943805874955
2020-08-13,-2.9097411072513513,-15.401393130908037,42.753382762574475,-23.82409294522292,28.35027557703338,-1.4434053433014737,1.146426822469504,37.73248524038087,3.6486445246515453,2.827518537831253,35.323548296099425,-16.922094508301523
2020-08-14,-2.7117951691827957,-14.696750924938451,41.24948061900105,-24.053534950854495,27.058051820268858,-1.0488080002321043,1.7587264676271364,35.79956789898711,6.756756756756732,11.027331285989671,33.63045175518995,-17.113665389527576
2020-08-17,-3.5035638197260854,-16.114419286976343,42.96282437873196,-26.072654942937422,30.20662512299106,-2.0768431325232872,0.7034925749075827,37.70270429721969,7.837841961834857,10.22620215716017,34.969995697388676,-15.453384418901784
2020-08-18,-1.92003406950495,-14.101164069871386,45.69214164729627,-24.581261483478777,31.151198715254914,-0.23884044615254396,1.823868534284534,40.68328960318328,11.027031975823466,13.901982997676665,37.14860820497523,-16.47509578544074
2020-08-19,-2.1179724567080505,-15.040684877843535,45.44705649749727,-25.353729656503997,28.48146613131346,-0.39460526559732534,2.0453356580654836,40.602075266820826,10.81081081081079,14.32611414901932,36.080470703776115,-16.985951468710216
2020-08-20,-1.9200340695049611,-14.436707672715865,46.55883727499801,-24.58891130086347,26.8481501363151,-1.8276241749282773,1.8759702604697726,41.785113905300044,12.729727255331479,10.83883229724627,38.34622771166614,-17.113665389527576
2020-08-21,-1.3262113570302048,-14.604476274157163,46.87744053293385,-24.734222820566508,26.900621553685532,0.11422700609085013,2.318914447315601,42.34549585169511,10.189190426388283,15.36286420488815,38.33378528165008,-16.47509578544074
2020-08-24,-1.1777537911951796,-13.866285467868822,47.61491639918063,-23.938816865589207,26.448012539972044,0.11422700609085013,2.6315745008465896,43.720734021081654,12.162162162162126,18.42601490531859,39.89491845459319,-15.261813537675739
2020-08-25,-1.5241497442333274,-13.992115118930737,47.3631487508241,-23.984704099695332,25.4050540392341,0.11422700609085013,2.3710261127847465,43.28488139610791,9.864868988861875,17.295009737298095,39.695732721406365,-12.962962962963099
2020-08-26,-2.315918394776617,-15.401393130908014,45.19305780828689,-25.506690993591718,27.300751142792645,-0.9449674281115317,2.0323052568772315,40.17705390935633,9.324326386322813,15.975494344974251,37.126204707417656,-13.026819923371779
2020-08-27,-2.5138567819797286,-15.25039882962609,47.83771238844907,-24.59656111824815,26.047882950864953,-2.5441375908576758,1.9150614640345731,43.38504540812227,9.675680624472083,21.536287544044885,39.61108145612524,-12.068965517241514
2020-08-28,-1.9200340695049833,-13.89984046814946,46.605625388904734,-23.96176048264226,28.868479867886943,-0.4776808923049436,1.9150614640345731,41.35466682910198,10.810810810810768,25.21206838456138,38.65248008023941,-11.621966794380722
2020-08-31,-2.216941650309634,-16.22346823791696,42.846958990387954,-26.424476521420935,29.065265699307076,-0.7892026086667281,2.1365285878155227,38.225186892310646,8.10810810810807,23.939686166093367,34.203112222170496,-10.983397190293875
2020-09-01,-2.1674608289415698,-13.883059768028183,45.98178387014811,-24.32122604340947,29.104621264143926,-1.8691619882820976,2.0323052568772315,40.236605710699955,11.621619559623063,19.08576698370057,36.71537893848025,-10.727969348659128
2020-09-02,-2.216941650309634,-14.117944769992663,43.325984709720665,-24.359463460130925,26.887505701151948,-1.8691619882820976,2.2146911163773098,37.97883102385609,11.216220340213212,17.15363268685053,34.38486905529663,-10.664112388250446
2020-09-03,-2.0190032631065336,-15.124569178564172,40.89967466112328,-24.665391969407334,26.44145461370522,-1.8587755543116646,2.331944848503853,36.01342996491326,6.9729779217693855,17.20075462514643,32.925816047695356,-12.005108556832822
2020-09-04,-1.8705456972714862,-14.671586274718429,39.47152166654055,-23.900573613766795,26.198755291181453,-1.6718593554834849,2.514330708003931,34.987414450383206,7.837841961834835,21.960418695387585,31.710767640943782,-11.302681992337305
2020-09-08,-2.61282597558129,-15.653046033069963,39.48711770450948,-25.575527679851863,26.795670711708674,-1.6718593554834849,1.9020310628462989,34.93056542342716,7.567565505569007,13.100853868847206,31.919914441672105,-10.344827586207039
2020-09-09,-2.216941650309645,-14.57092767383843,40.49863975563917,-25.06309494689597,27.563132251352805,-0.9241945601706991,2.2668027818464553,36.939281467428884,9.51351475071258,13.383596734182369,33.471098419621484,-10.600255427841777
2020-09-10,-2.7612835414163373,-16.78550649266529,39.560635812646304,-27.028677887488108,28.186287384183252,-0.9241945601706991,1.745696066438862,35.29873775393588,6.75675675675671,9.472194966626546,32.17388011006332,-8.748403575989927
2020-09-11,-2.8602527350178764,-17.288818696951058,40.11319026411992,-28.030593901245883,27.11053124487528,-1.1630350063230988,1.6154218724079294,35.688572619463145,8.648650710647132,6.927430529690448,32.47266464611742,-6.768837803320704
2020-09-14,-2.612825975581279,-15.510442081848662,40.34044833509611,-26.47036375552707,28.114134180776375,-2.388372771412861,1.8759702604697948,35.577577339939495,9.35134887695308,8.859564826540467,32.365598010730956,-8.684546615581235
2020-09-15,-2.9097411072513846,-15.577552082409941,39.248715053267944,-27.671128340478678,28.32404387196612,-2.803742982423052,1.6154218724079517,34.87913203022619,12.702704764701167,11.310085386884804,31.17296497408468,-6.513409961685957
2020-09-16,-3.3056254325230294,-15.93826033547442,39.137322370635744,-27.36519983120227,28.579859047023515,-2.803742982423052,1.485147678377019,35.4828289616796,10.540544664537531,6.833175417538784,31.3223572421117,-5.044699872286207
2020-09-17,-3.206648688056035,-15.63627173291059,37.67573563525728,-28.489483747610013,27.25483765168899,-2.014540373756468,1.6675335378770972,34.9386838315698,13.189192075987076,-3.770024717108178,30.368742336270493,-4.150702426564612
2020-09-18,-5.433489522985424,-17.162989045889145,38.24610654154965,-29.483749943983085,28.048538903636345,-4.195224078400173,0.29962965234267,35.43680111725407,12.378383327174781,-3.4872706162130895,30.41356120393337,-3.3205619412517096
2020-09-21,-5.977831414092105,-18.20316845474129,42.08052208905717,-30.33269878555216,24.709737695760836,-6.085151012095135,-0.0781724678457274,39.61937473734907,9.378381677575964,-13.524973784629745,34.19813762467368,-5.555555555555669
2020-09-22,-5.403799519991503,-18.102509853861303,41.84881256037731,-30.401529636711334,24.539191576643905,-6.085151012095135,0.15632505712350753,39.96859739220584,8.94594965754325,-13.5721013407056,34.76582349415733,-5.683269476373032
2020-09-23,-5.3840087016173594,-19.28529321393474,42.66648903331844,-30.990437203110112,22.000657554218538,-4.195224078400184,0.32569045471921854,40.97837609045087,9.189193313186195,0.14137705044761084,36.192511936659535,-5.874840357599076
2020-09-24,-4.7901859891426035,-18.245113805082582,45.20197134769821,-29.26195192063522,22.551659483642126,-3.9875429341590163,0.5211067154075488,43.755930597997875,8.75676129315346,5.937791176557572,39.24258131982843,-7.15197956577277
2020-09-25,-4.889155182744165,-18.211558804801953,43.17002433003145,-29.674954532893207,21.856343140168843,-2.8141294163934627,0.5211067154075488,41.46295933423805,9.621625333218908,0.8011291288295919,37.1511014399976,-6.704980842911967
2020-09-28,-4.621930054067958,-20.14092972118625,44.07237411537874,-29.820266052596235,22.846838230772313,-4.527518662702801,-0.312669992814929,42.616206944576994,8.837839075036902,-0.9896281175728938,38.463255414594144,-6.321839080459868
2020-09-29,-5.977831414092105,-21.32371308125971,47.22723586680744,-31.671130907923086,24.257136689283286,-5.077880825216963,-0.5080763142193634,45.33149679141344,7.729731379328508,20.68803647691948,40.930703263241,-6.832694763729352
2020-09-30,-5.087093569947266,-20.258369022187527,47.26289002445301,-30.822182066354,23.81108560183658,-4.465215903935993,-0.37780212018845294,44.25404788368215,8.864861565667193,19.085766983700523,40.191209755625,-3.192848020434347
2020-10-01,-5.58194708882046,-19.57889146643794,46.46749208803831,-30.707458145987744,25.182028495510743,-4.7040563500883925,-0.26055832734578344,43.99415797333046,9.13513802193302,19.085766983700523,39.640952786202035,-2.2349936143040705
2020-10-02,-6.0768006076936665,-20.91267552775522,47.594858279503896,-30.860419483075454,24.644142418620785,-4.579442910026987,-0.0781724678457163,44.70613732494115,9.027027439426693,14.891611115249614,40.477551861662974,-3.0012771392082804
2020-10-05,-5.087093569947276,-18.924584960870273,48.249902498202424,-29.445506692160663,25.450967530337753,-4.6209807233807965,-0.312669992814929,45.70508475567665,12.24323994404557,23.232800913855577,41.46353133260325,-3.065134099616962
2020-10-06,-5.245450320402134,-19.411122864996667,46.347175241990655,-30.026770276275748,24.70317976949403,-4.6209807233807965,-0.5862487820650353,42.70283691469421,11.405408704602982,18.755890944509556,38.76950778316739,-1.6602809706258936
2020-10-07,-6.472684932965322,-19.469842515497305,46.209041941124276,-30.7839388145316,23.555262419543222,-4.984426687066779,-0.18238585950010044,43.32819638116649,14.216211679819413,22.808669762512924,39.27743911994979,-0.7024265644956174
2020-10-08,-4.76048843528325,-17.439812998232973,47.04676590973798,-27.770552626075595,23.883238805243458,-4.465215903935993,-0.4299137856575763,43.34984883120625,15.108108520507768,23.79830911564578,39.713161621467094,-1.1494252873564093
2020-10-09,-4.958434373351805,-17.892795902078753,46.69473953501044,-27.72466539196946,25.91013447031809,-3.551407777735849,0.9249596986885988,42.95189555753636,13.567568804766639,29.17059209041306,39.39694818535233,0.893997445721495
2020-10-13,-4.859465179750277,-17.01199474460723,45.496075652257794,-28.198854873102952,23.876680878976675,-2.9179699885140575,0.6253201070619774,42.101852842607435,15.270274394267268,34.54288630074027,37.68143627433756,-0.0638569604087813
2020-10-14,-4.196355725802448,-16.324133238758918,45.631977912270315,-27.72466539196946,24.71630362926365,-3.1464240006960464,0.05211166546912338,42.93024310749658,14.59459871859159,24.222429031428504,38.64750548274256,1.2771392081736055
2020-10-15,-5.384008701617393,-16.458353239881475,46.2424544339119,-27.923519798264284,24.84092825004096,-3.779853867390004,1.2245893510313355,43.94001172076254,17.00000247439817,30.772861583632015,39.19526921714323,3.1289910600254434
2020-10-16,-4.206254910422236,-17.020385094667855,46.29592504637618,-29.483749943983074,24.683505990693643,-2.8660457411898377,1.3157822807813524,44.17283354731967,19.45946152145792,30.678606471480308,39.710668386444794,2.6819923371646626
2020-10-19,-3.5233546381002734,-16.911329743765325,47.298533558094505,-28.282985359031485,25.050837941230707,-1.5991701627462662,1.2767010165004589,44.925425109600845,17.837833713840713,31.71536776290904,40.54726746190573,3.512132822477554
2020-10-20,-3.770781397536871,-15.367838130627387,46.944286766517166,-25.85086275469054,25.313219049790913,-2.346834958059052,1.7196452033462872,43.89128110194911,20.081081905880428,37.27616096197968,39.57123718595923,4.406130268199138
2020-10-21,-3.7509905791627385,-15.401393130908026,47.655022014529756,-25.430210325047863,26.244668782285174,-1.5057160245960932,1.4330360129079178,43.83714493436028,20.783780072186374,42.45994494800354,39.536379385837826,5.683269476372832
2020-10-22,-4.028107341593257,-14.126328720091387,48.02932692578374,-23.594645104490386,24.7031797694941,-2.7310537896858333,1.1594572236578005,45.06619124730691,22.027031151024023,41.70593775746991,39.626017121163606,6.321839080459668
2020-10-23,-4.018208156973458,-14.713531625059694,47.13143922214418,-24.39005689456866,24.762217120367346,-2.4402970187370476,1.0291830296268678,44.256750658069954,22.945950482342646,40.009424387659195,39.21519135222618,7.088122605363867
2020-10-26,-4.572449232699938,-14.898080926622248,48.41031433559526,-24.313576226024793,24.80813061147098,-2.6064403496244504,0.9640409629694702,45.2584008631933,20.378380852776566,42.50706688629946,39.835163921891905,6.704980842911756
2020-10-27,-4.819875992136535,-16.223468237916972,47.90232758117858,-26.256215549563855,25.208268207814033,-3.167188946109034,0.690462173719375,45.201551836237556,20.729724780933246,42.271445959260156,39.997010492482765,6.257982120050953
2020-10-28,-5.205861132788414,-19.780221468121773,49.68251757449289,-29.514337543319836,23.06985576725975,-2.938734933927045,0.7165130368119943,47.71921643343284,15.891894778689796,41.18756272953554,42.05113933716991,2.5542784163472554
2020-10-29,-4.889155182744198,-18.731651709208986,50.33308908747962,-29.177821434706665,22.37454743102245,-3.5617862891784036,1.1464268224695484,49.07550492716774,18.05405487885343,55.56079881685068,43.03961204313249,1.7879948914430344
2020-10-30,-5.413698704611325,-20.812010526913294,50.26180202019663,-31.525813553119065,23.148574904169394,-2.1287673798474738,0.8728480332194533,49.61693719791063,15.405407467403908,58.058441315490896,43.85877034598502,1.7879948914430344
2020-11-03,-4.780286804522871,-19.117524612493455,48.85591693813629,-30.164437813695056,25.188586421777636,-3.4164079037040107,0.9640409629694924,48.40684056061566,21.216212092219134,44.1564583178143,42.944987837762085,2.4265644955298704
2020-11-04,-4.196355725802481,-17.498532648733644,50.75196169579055,-28.0688313179673,24.276810468083788,-1.7341700367781043,1.511198541469705,49.00512185831458,18.513509389516415,43.543828177728216,43.288591241479054,3.5121328224775095
2020-11-05,-4.176564907428348,-15.049075227904218,47.99367276813822,-26.103248377375156,27.60249582342571,-1.7341700367781043,1.0422034915312572,46.77983088902007,19.35135093895162,38.64278705703954,41.00041886348373,4.533844189016456
2020-11-06,-3.8202697697704124,-14.856135576281037,45.35348026968376,-26.14914144658226,27.930472209125945,-1.7445485482206702,1.3157822807813746,44.30818405127099,19.35135093895162,36.09802262010344,37.5245761737913,3.89527458492962
2020-11-09,-2.6623143478148426,-12.834490009115463,41.84435047866961,-22.523898239573438,21.561164393038702,-1.5680187833629011,2.344965310408287,40.499208480418545,17.837833713840734,34.7313852894837,33.52338511980351,4.086845466155675
2020-11-10,-3.206648688056102,-11.57620629842011,41.79756236476286,-20.221799190368117,23.017384349889312,-1.0799593796154916,2.0583561199699174,38.63938706724459,15.351352176150733,38.972663096230505,34.07114885420417,8.04597701149412
2020-11-11,-3.4540754474927104,-11.760755599982675,42.48379865939922,-20.152962504107975,22.053128971589043,-2.2429943859384793,1.354873484346153,39.2241343230461,14.864864864864824,42.836942925490426,34.79818805925636,6.577266922094371
2020-11-12,-3.513463004346007,-13.597851865585685,41.409892456393834,-22.73040246325293,22.833714371002767,-2.3676078259998845,1.2376197522195875,38.42281214195149,14.648643699852148,40.245056550258454,34.20311222217052,4.2784163473817305
2020-11-13,-3.562943825714049,-11.643316298981388,43.45743551202952,-22.71510282848358,23.693010900090194,-3.3644915789076357,1.2636805545960916,40.53169219796757,17.351346402554867,41.14042955567974,35.863844197980924,4.853128991059896
2020-11-16,-3.701502206929308,-10.217263986844738,43.940912689065904,-19.31166347992358,23.79796974930306,-3.3644915789076357,1.3288126819696044,41.21390069139588,19.02702950142523,27.097080743115498,35.871312030500114,6.321839080459624
2020-11-17,-4.047905710832889,-9.588122131497068,43.014063950342354,-18.52390150722998,23.614299770416537,-2.4195241507962706,1.0943151570003806,40.22578452816967,18.918918918918905,26.861448580516267,34.823084791836266,7.34355044699857
2020-11-18,-3.9984173385994026,-10.779295841631143,40.741483240580266,-19.456980834727577,22.89275172187604,-4.195224078400194,0.7686247022811177,38.44176181760339,18.270265733873515,27.80395475979336,32.6394858142051,8.748403575989627
2020-11-19,-4.087487347581165,-10.07466003562345,41.51906472217624,-19.15870214283585,22.079368683892262,-4.018694313542426,0.7034925749076049,39.73578565062776,19.189185065192138,22.148917684130943,33.498488387223645,7.918263090676736
2020-11-23,-4.612038420313757,-9.453902130374525,42.03151355830066,-19.739959891849978,20.551003530870805,-3.8940808734810317,0.8988988963120503,40.13644169868551,22.78378460858321,27.756832821497458,33.90682092113877,8.939974457215683
2020-11-24,-4.146874904434473,-7.356762612548929,43.50200320908644,-17.01720841300198,18.386359385249285,-4.1848455669576285,0.6904621737193528,40.89986452847627,25.972974622571797,30.772861583632015,35.462979496585014,8.748403575989627
2020-11-25,-4.018208156973557,-7.247713661608279,42.35234785709034,-17.223706801580498,18.44538872888655,-3.790240301360426,0.23449752496917942,39.159156802968596,27.513514338312927,36.475020597590266,33.76988295567551,7.279693486589878
2020-11-27,-3.0087103008530347,-6.828285758043151,41.53020930244147,-18.087955277918923,16.88422593729504,-1.7030107348668944,1.02918302962689,38.55275709712733,32.72973137932858,33.97737809895005,32.84116478241421,8.684546615580935
2020-11-30,-2.761283541416426,-8.053014468457864,42.35679931479402,-19.250476611048107,16.47753041468516,-2.3883727714128833,1.0943151570004028,38.9534131451851,32.081078194283165,35.81526851920829,33.02044025306574,7.215836526181185
2020-12-01,-2.0190032631066335,-6.148814602255481,41.72849571432966,-16.596555983359295,18.996390658310112,-2.357221392029485,1.6023914712197218,38.37678429752624,36.35135341334988,35.72102464261653,32.73659138205005,5.938697318007491
2020-12-02,-1.3262113570303269,-5.670667048189692,39.9416338464619,-15.76290677655956,19.757294271687464,-0.3115296388897626,2.201660715189102,35.074044420500414,34.054049930057005,31.008482510671275,29.594391028533074,7.02426564495513
2020-12-03,-0.039589187613842114,-5.326733095284597,40.74371428143413,-15.487571701720881,20.485408253730753,1.2461027105025835,3.3220366745660534,35.18232684065741,29.729729729729737,18.143260804423413,29.878239899548763,7.918263090676714
2020-12-04,0.1583491995892805,-4.1523336853098725,39.34897377963906,-15.219886444266894,20.426370902857528,1.1422621383819997,2.357995711596539,34.31062159070966,33.40540705500423,21.34778855530137,28.25236572385976,6.513409961685657
2020-12-07,0.25732594405625253,-4.286553686432438,39.16405236486593,-14.760996597902754,22.125290182231904,0.31152171636161796,2.696716567504054,33.9586961614653,34.054049930057005,13.38359673418228,28.337016989140928,7.151979565772493
2020-12-08,0.1583491995892583,-4.1439497352111605,37.542053792094634,-15.219886444266884,22.715647676492303,0.5607406739565945,2.957264955565919,32.69444318662333,33.243241181244734,13.053720694991311,26.94021174926322,6.513409961685657
2020-12-09,0.6532027184624534,-4.840195191158214,38.07009866618796,-15.495221519105563,20.341093839681037,0.5918999758678156,2.9181836912850256,33.08698082653849,32.27026655867293,15.080110103992993,27.4730398186255,7.790549169859329
2020-12-10,0.950117850132548,-2.97793427533517,39.057111139937376,-12.879538308138184,20.27549856254098,1.6510864875423525,3.4914020721617645,34.223991620592464,35.000002061998536,20.31102726387266,28.717971428001587,7.343550446998526
2020-12-11,1.840855694277388,-3.019879625676436,35.88441168568184,-12.489485148034207,20.682194085150883,2.045683830611722,3.6607575304735684,30.54766377930345,35.70270022830449,22.10179574583504,25.095229705304376,8.365261813537472
2020-12-14,1.9398248878789381,-3.4309171791809034,36.63525254904367,-12.726576971050473,19.954080103107596,1.7133892463091493,3.295985811473434,31.828153570430405,34.351348876953146,26.39019549087771,26.091170243786156,7.088122605363778
2020-12-15,1.9398248878789381,-2.13069451810618,38.471144195676096,-11.655830106133525,21.50213504940146,3.3021808976126943,4.0776409149428705,33.192560472307655,37.45946110905829,26.39019549087771,27.423246353465693,8.492975734354836
2020-12-16,2.731593538422228,-0.6543065055676478,37.53091983583343,-9.70554680031075,21.75139229819203,2.8037350598949073,4.220945510162055,32.66467232844097,39.35135506294871,26.154574563838406,26.45678535098577,9.131545338441672
2020-12-17,3.0285011192268785,-0.17615895150189242,38.061185126776564,-10.393878652306466,23.791403815800273,3.4787106624704744,4.872326419600581,32.98411404013626,41.48648236248944,24.222429031428483,26.56424378044717,10.472541507024037
2020-12-18,3.176958685061937,-0.5284768545057439,38.11243532239106,-10.478009138235011,23.693010900090215,3.6656268612986542,5.1589356100389505,32.759420706700816,43.91891891891895,27.238457793563022,25.909413410660065,11.74968071519773
2020-12-21,2.830562732023778,-2.4830124211100424,39.25985963353327,-12.252387489916995,23.266641598679925,3.6552404273282546,5.224067737412463,33.647372857912615,41.89189189189193,27.474078720602346,26.997473046942176,12.388250319284587
2020-12-22,2.731593538422228,-1.6609309141391804,39.5695493520577,-11.281070745697953,22.440142708162526,3.6552404273282546,5.406463536196426,34.10217515853829,42.864866514463706,31.0084825106713,27.454067487360522,13.282247765006172
2020-12-23,3.4243854444985455,-0.7298068561895743,40.00623841518733,-9.965582240380066,22.971462851549717,3.8421566261564344,5.862428184946622,34.854766720819484,43.29729853449642,22.902924874664564,28.39316226733373,14.24010217113645
2020-12-28,2.5831359725871916,0.4529829038457889,41.19377896568284,-8.558319266849946,23.135451044399847,3.3748700903498463,5.771235255196583,35.369130907768096,43.67567526327596,8.623943899501096,29.853343166968905,16.60280970625778
2020-12-29,4.117177350574841,0.6962518559089803,42.77120984139717,-8.604206500956069,23.299439237249953,4.112148451692255,6.383534900354215,36.95011273493816,45.56756921716636,16.258248445869317,30.6152401721425,19.029374201787785
2020-12-30,4.166665722808349,0.29359825250323546,42.15181978034421,-9.460805159909835,24.040669071826848,2.585667481683296,5.78425571710095,36.18398713075981,47.37837507918072,14.137603924715947,29.686521998881176,21.200510855683063
2021-01-04,5.007915194719703,0.041945350341299203,41.49010368709223,-11.021035305628635,27.56313225135292,5.347864728224616,7.08701753597798,35.64255486001693,49.810811635610186,21.630542656196504,29.270709759899137,23.563218390804398
2021-01-05,4.315123288643408,0.39426325334512846,44.517976717919794,-11.992352049847677,28.087894468473284,4.755964752356623,6.813438746727862,39.02379621403826,51.837838662637225,27.3327016701548,31.845224243932478,25.60664112388229
2021-01-06,4.414092482244958,0.5200929044070213,44.75636874515718,-10.78393764751141,25.083635579800756,4.537897174145056,6.7483066193543495,39.30263580004188,55.675671551678604,27.992464984096664,31.5663618429614,26.43678160919518
2021-01-07,3.176958685061959,3.514807879863513,46.00628282352428,-7.8317383279308705,25.43785167780419,3.0218026381064966,5.745174452820057,39.58147538604524,66.02702785182642,28.605095124182746,32.283439980472096,26.181353767560434
2021-01-08,3.3748970722650595,5.4525627463465565,47.824347391333944,-7.036326537852622,20.308296201110988,2.5960539156537177,5.849397783758348,41.073124468710475,66.24323870684647,27.238457793563022,34.67121116133469,26.756066411238578
2021-01-11,2.1377632750820608,3.7580768319267044,47.15816921637423,-8.871891758410088,21.32502299678172,1.806851306987145,5.523707329039085,41.09478700372928,64.37837755357896,29.45334619130813,34.755565612922744,25.73435504469963
2021-01-12,2.781074359790292,4.6472619394969605,48.62420740945639,-7.862331762368635,20.88553784283782,3.2917944636422947,5.732153990915667,42.67035319714485,63.00000371159733,29.73610029220324,36.63570227069606,32.12005108556808
2021-01-13,2.1377632750820608,2.9359953249558535,44.691764176431704,-9.086039964373283,21.5874041053419,2.9802648247527097,5.875448646850945,38.831586598151844,58.10810810810809,28.510840012031082,32.49508001622272,33.97190293741992
2021-01-14,3.3254162508969953,4.018120084149301,43.524281745612825,-8.10707340276956,21.370944495121357,2.5960539156536955,5.914539850415723,38.11419161278664,59.70270311510237,25.636188300344088,31.900004179136875,36.462324393358614
2021-01-15,2.8305627320238003,1.3673326616360448,40.62117701853658,-10.745700230789978,19.993443675180387,3.457937794529653,6.162057837289292,35.471997694170284,55.3783829147751,28.98209310166959,29.36781532774413,35.75989782886309
2021-01-19,2.1377632750820608,1.551881963198598,42.432548463784634,-11.005735670859307,20.662512299114468,2.461054041621913,5.575818994508186,38.20082158290388,57.40540994180212,19.98115122468167,31.832769941368678,34.355044699872025
2021-01-20,1.9398248878789603,0.9646854581921716,44.80093644221408,-12.15296320432011,22.39422921705887,2.0560702645821216,5.432514399289001,39.58418824541214,56.10810357171132,19.65127518549068,33.373992851776535,33.33333333333308
2021-01-21,1.5439405626072933,-0.33554360284444584,42.74893130487067,-13.957934990439858,22.35487365222204,1.4018675299473538,4.963519349350554,38.319935270570184,56.29730224609371,17.389253613889764,31.725715178529956,33.90804597701125
2021-01-22,0.8511486565309978,-1.073734409132776,44.97026181901829,-14.286807116769328,21.725152585888807,0.9864973189371629,4.742052225569604,39.903629957107434,55.78378213418491,15.268620328296322,33.194729253672776,27.841634738186215
2021-01-26,1.5439405626072933,-1.8119252154211063,47.81989593363025,-15.548758570596387,21.39717620018857,1.9418432584911383,5.32829106835071,42.59184163517027,53.999998762800836,25.164935210705508,36.082952066250854,35.95146871008914
2021-01-27,1.444971369005743,-2.3236277697675,45.037097428597605,-15.250479878704649,21.0167283971179,1.9522296924615379,5.002600613631447,39.892798689597896,48.405404993005654,30.065976331394182,33.30178401651149,36.39846743294994
2021-01-28,1.9398248878789381,0.27682395234385204,45.899341598595676,-12.581259616246498,20.557561457137584,2.128759457319318,5.263158940977175,40.69141809630463,51.75676088075376,25.541944423752284,34.7658234941574,36.526181353767306
2021-01-29,2.731593538422228,-3.1540996267989896,46.81505638105807,-14.95220118681292,21.174158663701203,2.076843132522921,5.7842557171008835,41.12727072127864,47.16216422416064,20.829402291807053,35.39797729778926,39.71902937420151
2021-02-01,2.5336476003536834,-1.0234051086927987,47.632743478003256,-13.231359886621718,22.05969490509183,2.9387270113988784,6.2923320313202025,41.20306942388634,49.59459047059751,34.307254138141,35.965936235870586,40.29374201787967
2021-02-02,3.5233546381000735,-0.29359825250320215,45.975090747586414,-12.948374994398382,20.072154804854048,4.361367409287253,6.826469147916048,40.160807008092235,46.891887767894815,34.07163321110167,35.21150706321621,38.69731800766256
2021-02-03,3.8202697697701904,0.9479047580708722,43.909720613127966,-12.351817610614923,20.183663573097732,4.88057819241805,7.139129201447036,38.333469312467614,50.27026614627319,31.43261366201393,33.62795852016778,40.996168582375205
2021-02-04,3.572843010333604,0.36070825306446785,43.51313716534755,-11.946464815741598,17.34339287727533,4.7767376202974665,6.826469147916048,37.97883102385604,49.54054548933697,38.312911017848506,33.25697702139634,40.48531289910573
2021-02-05,4.216154095041835,1.3337840613172558,44.578129828941535,-11.808797278322237,18.786488974356352,5.088259336659262,7.204271268104434,39.1293758598074,54.37837549158042,34.9198842782271,35.09199799781364,40.10217113665362
2021-02-08,3.8202697697701904,0.8808011574715113,44.02780641832176,-12.864244508469834,20.163989794297322,4.03945925895508,6.800418284823406,37.96529698195887,55.08108396787898,35.81526851920829,33.68523169039443,43.997445721583375
2021-02-09,3.127470312828451,0.6459225554689363,43.99216288468026,-12.16061302170477,20.387015338020674,4.049837770397713,6.591971622946824,38.027561642669426,55.8648599160684,33.60038012146318,33.56321751742186,42.08173690932284
2021-02-10,3.4243854444985455,-0.21810430184319163,45.11730865929604,-14.3785874200825,20.73466550252132,3.613702613974512,6.709225355073367,39.18623497174225,56.459457809860616,37.181905849828034,33.87196312101744,36.526181353767285
2021-02-11,3.622323831701646,0.5788125549076595,45.34011527256858,-14.095602527859153,19.704822854317005,4.652124180236061,6.539859957477656,39.31616984193904,56.027025789827874,35.155516440826354,34.07613532424887,38.18646232439307
2021-02-12,3.3254162508969953,0.7969168567508733,44.94575224163797,-14.126195962296894,19.488355236860457,4.153686265046064,6.005732780165718,38.67728641854842,56.75675675675673,37.229027788123915,33.59060748502407,37.6117496807149
2021-02-17,3.226447057295423,1.4428330122579158,44.61600440343689,-13.942641190771432,16.175793741288146,3.3021808976127165,5.706093188539096,37.01508017003656,59.5135147507126,51.696518987590714,33.690206287891364,41.251596424009904
2021-02-18,3.275927878663487,0.32715325278385166,45.09726116362349,-15.548758570596345,16.326666081604646,4.008307879571693,6.500778693196807,38.32805367871286,61.13513224833718,45.24034154753891,34.69610789391464,40.54916985951438
2021-02-19,2.5831359725871916,-0.29359825250317995,46.14442674839469,-15.434034650230089,16.484096348187947,3.4060214697333002,5.992702378977488,39.02109343965046,64.86486486486484,44.62771140745283,35.09447936028827,38.633461047253846
2021-02-22,1.7418865006758377,-5.041525192842011,45.24653904475511,-20.015294966688625,18.510984006026575,2.004153939785769,4.820214754131391,38.17104063974246,64.9459426467483,39.16117332053386,33.97156192388475,40.740740740740435
2021-02-23,1.2470329818026427,-2.768220323552606,48.07165295798268,-17.01720841300194,18.360119672946063,1.3914810959769763,4.807184352943139,40.86738081092698,66.21621621621618,35.673891468760786,36.03066536606878,41.44316730523596
2021-02-24,0.5542335248609032,-2.3739634701694157,47.229466907661234,-17.575528380063965,17.835357455825694,0.6230513552512029,4.233975911350285,39.86573060580365,70.13513719713362,34.49576436244441,35.438082764005244,42.84802043422702
2021-02-25,0.7521794629294254,-5.343513795405874,46.512049161091106,-19.23518281137969,16.392261358744697,0.21806757821143385,4.220945510162033,38.08982630338,62.89189312909096,30.867105460223776,34.52590304972523,41.69859514687069
2021-02-26,0.8511486565309756,-7.52453761395212,49.780545260009944,-21.223709369024878,13.35519682426618,0.12460551753341598,3.986447985192809,40.68600246255014,62.02702908902551,30.584351359328664,37.63973988672655,41.89016602809672
2021-03-01,-0.13855838121542563,-7.063164360045715,50.55143361904435,-21.988527724665417,12.987864873729116,-0.45690802436416655,3.6998387947544398,42.28323119098456,66.45945987185911,30.867105460223776,39.3720514527726,39.846743295018804
2021-03-02,-0.8313578381571651,-5.863600299851002,51.3579761357243,-19.640535606253017,13.683173209966416,-0.654210657162746,3.295985811473412,42.88692812243799,67.08108025628164,33.78887911020667,40.445175424016355,43.23116219667909
2021-03-03,-1.3262113570303602,-6.165588902414843,52.75717871922711,-19.579348737377533,12.515582081215193,-1.5472538379499134,2.9181836912850034,43.88857832756132,67.56756756756752,32.70499588048204,41.30168476201259,40.54916985951436
2021-03-04,0.9006294778990398,-5.007970192561406,50.785384812582166,-18.852773633559416,11.525086990611722,0.7268919273717867,4.31213843991205,42.02062842126595,64.86486486486483,29.406224253012315,39.8675284869912,39.52745849297541
2021-03-05,1.6923981284423295,-2.7766106736132556,51.06165141431491,-16.864247075914207,11.38078058379801,1.8172377409575446,5.250128539788923,42.14515774268701,71.75675469475817,27.285579731858988,41.13238223145031,43.55044699872253
2021-03-08,1.543940562607271,-7.390317612829556,51.02823892152728,-20.971317911239286,10.049193254960676,1.214951331119174,5.080773081477119,42.18576995335776,70.00000412399699,25.541944423752394,41.660223830767976,44.316730523626724
2021-03-09,-0.17814756882913452,-6.064923901572927,55.04979630065772,-20.252392624805825,12.600851137155654,0.40498377703959143,3.973417584004535,45.986627116068114,71.78378749538106,25.44768931160073,46.26894502440544,43.55044699872251
2021-03-10,0.8511486565309756,-4.831811241059469,53.73081557185741,-18.92925430210326,12.922269596589086,0.46728653580638824,4.220945510162033,44.57078682098958,66.10810563370984,26.86144858051631,44.4488597130265,39.9106002554275
2021-03-11,1.8408556942773657,-3.196038577178373,50.638327348300336,-18.12619269464032,12.974749021195509,0.976110884966741,4.859296018412285,41.57124175439504,69.64864988584769,25.730443412495816,41.20209783169309,41.76245210727934
2021-03-12,1.2965138031706624,-3.9090647332467032,47.72408866496291,-19.143402508066455,12.791079042308983,0.46728653580638824,4.546635964881296,38.02214600891467,69.02702950142519,22.525915661617834,37.808425044807215,40.29374201787959
2021-03-15,1.4449713690056987,-3.0953799762983625,47.782021359134916,-18.25621624977596,13.407676248872601,1.2876405238563704,4.390300968473859,37.857014561801904,68.10811017010656,17.059377574698843,36.82134142692852,40.35759897828828
2021-03-16,1.19754460956909,-3.992955433929224,49.13442520472693,-19.808796578110076,13.519185017116309,0.9864973189371851,4.9374684862579565,39.2647364487378,72.05405364165426,20.73515841521536,39.7928382892516,41.57088122605328
2021-03-17,1.4449713690056987,-1.686101964321085,49.05644501488236,-17.621415614170065,13.269927768325719,0.9864973189371851,4.807184352943139,39.605840695451946,74.89188941749356,19.132900157556332,40.0144393925437,42.528735632183555
2021-03-18,1.593428934840757,-3.279922877899033,48.987367740445094,-17.33843072194673,13.62413585909319,0.5399757285436069,4.689940560100481,38.7774504305628,72.97297297297287,16.918000524251298,39.01101914899498,39.59131545338408
2021-03-19,-0.33650431928398117,-2.1642495183868737,47.55476328815871,-15.564052370264726,14.2276172131232,-0.3115296388897626,3.96039712210019,38.16020937223317,68.75675304515929,19.4627761967473,38.40350088189306,42.46487867177488
2021-03-22,-0.4849543342535956,-3.2212032273983726,45.50052710996144,-16.007648416960464,13.991475816866217,-1.6095565967167214,3.309016212661686,36.5656935031657,66.94594718314495,21.677664594492406,36.7816871175261,40.229885057470916
2021-03-23,-1.0787845975937738,-4.412383337494363,46.30706962664139,-16.93307792707339,13.132171280542849,-1.433026831858908,3.2438741460042664,36.98259645248751,62.91891561972118,18.190382742719315,37.078892604732715,40.804597701149056
2021-03-24,-1.9695148908731919,-5.460953096407161,45.55845980413344,-18.47036445573914,13.670057357432807,-2.128767379847496,2.7357978317849474,37.71082270536201,65.16216381176088,18.66163583235785,37.44988597605185,41.31545338441853
2021-03-25,-1.8705456972716306,-4.3284926368118315,47.88673154320959,-17.01720841300194,13.145295140312442,-1.661480844040919,2.9181836912850256,39.86031497204885,65.37837466678091,21.112156392702186,39.91981518717329,39.591315453384055
2021-03-26,-1.2767229847968964,-3.1540996267990007,48.136268150712255,-17.1931192022437,13.62413585909319,-1.1630350063231543,3.217823282911647,40.04440617979262,70.27027027027015,20.499526252616107,40.63689332468399,41.123882503192476
2021-03-29,-1.524149744233505,-2.810165673893905,51.210929295446576,-16.940727744458083,12.305672390025467,-2.0249268077269345,3.1787320793468687,41.84196293225602,71.8918877678947,21.86616358323581,43.22634347375571,39.65517241379275
2021-03-30,-1.1282654189618602,-1.5938273135398084,51.52062963797508,-15.663482490962622,10.455888777570554,-1.1941863857065527,3.5174529352543837,42.472727947504005,72.97297297297283,23.609798891342404,43.93346054372489,37.73946360153222
2021-03-31,-1.0292962253602989,-1.8035412653223615,50.68957754391483,-16.26003987474609,12.417189165505116,-1.183799951736153,3.4914020721617423,41.595607063801474,71.08107901908241,22.902924874664564,43.70439160791357,44.12515964240067
2021-04-01,-0.6334119000886429,-2.9947149754564473,47.102467563056116,-18.164435946462742,13.250245982289321,-0.8307404220205594,3.6607575304735462,37.632321228366486,70.08108190588034,24.36380608187605,40.211131890708174,42.97573435504436
2021-04-05,-1.2272346125633993,-0.9982404584727655,49.70033402931158,-16.89483467525099,13.283043620859347,-1.5161024585665483,3.621676266192675,39.689767891181305,74.16216876055725,18.331759793166857,42.18558406761104,41.315453384418575
2021-04-06,-1.128265418961838,-0.8304654570695624,49.29706808297365,-17.17781956747435,14.234175139390004,-1.5264809700091475,3.374148340035199,39.15915680296862,77.02702702702683,15.73987341793488,40.99295103096476,41.570881226053324
2021-04-07,-1.6231189378350441,-0.8053008068495626,48.06943254113296,-17.46844844198141,14.14234014994673,-1.6095565967167325,3.217823282911647,37.927397630655065,79.72972972972954,18.755890944509513,39.2625034549116,43.16730523627044
2021-04-08,0.1088683782211497,-0.37748255322380686,48.40140079618385,-17.01720841300196,15.237786082527084,-0.16615125341538084,4.038559650661977,38.30640122867308,80.1081064585091,18.850146056661178,39.73308375655029,48.08429118773916
2021-04-09,0.1088683782211497,-0.947904758070861,47.74636720148939,-17.231356618965155,14.352249841136455,-2.409137716825893,3.5174529352543837,37.862430195556705,82.621620796822,19.03864504540462,38.600193380057576,47.4457215836523
2021-04-12,0.1088683782211497,0.08388430072068243,50.56034715845581,-15.869980879541156,13.558540581953116,-0.8930431807873451,3.4392904066925967,40.11749202303368,83.94593934755046,20.688036476919414,41.40625816237677,45.33844189016571
2021-04-13,-1.128265418961838,0.4445925537851281,52.09322096111726,-16.175909388817566,14.542469739053798,-1.5680187833629122,3.139650815065975,41.87986228355989,86.21622034021301,23.421299902598935,42.72339860701797,48.148148148147826
2021-04-14,-1.177753791195335,1.400887661916661,52.21353780716493,-15.640533038808613,13.801247911712867,-2.0041539397860797,3.0614882865042103,42.07477467383411,89.2162219898118,23.374177964303055,42.327508503118906,51.72413793103414
2021-04-15,-1.0292962253602767,1.5434980130998532,50.87896104039569,-15.946461548085011,15.801903864484279,-0.8307404220205372,3.452320807880893,40.558760281762176,90.70269610430715,25.25919032285715,40.74894643011506,50.7024265644952
2021-04-16,-0.4354735128855314,2.1558591683262796,49.69142048990016,-15.349904164301542,16.69399803214171,-0.5503700850421511,3.8952550554427923,39.81429721260239,91.62162574561839,26.295951614285904,39.805280719267635,49.55300127713886
2021-04-19,-0.18804675344894495,1.85387056576245,49.10768458649275,-16.25239005736141,16.06428497304446,-0.16615125341536974,4.038559650661977,39.07794246660619,93.37838662637219,29.54760130345977,39.078253386763166,51.21328224776467
2021-04-20,-1.128265418961838,1.0569601089734704,48.73561071609265,-16.940727744458083,16.582489263898026,-1.2772620124141265,4.611778031538716,38.86678317506789,90.91891726931982,28.510840012031057,38.06985854571758,54.91698595146837
2021-04-22,-0.039589187613897625,0.5536479046877263,49.27700996329696,-17.323136922278348,16.83830443895542,-0.3115296388897515,5.2631589409772195,39.532744767232096,93.7837755357894,29.54760130345977,38.63256981770438,66.1558109833968
2021-04-23,-0.039589187613897625,1.5854369634792365,45.65425644879675,-15.33461036463314,16.56280747786163,0.1038405721204283,5.588849395696482,36.47094512490578,93.32432102512638,28.65221706247858,35.52772049933108,67.4329501915705
2021-04-26,-0.039589187613897625,1.7028762644805129,47.51465767280949,-15.434034650230066,16.707113884675316,-0.4049837770399467,5.536737730227337,37.43739875311316,96.91892056851741,31.479735600309787,36.37426876978582,73.81864623243895
2021-04-27,-0.039589187613897625,0.6794711557877253,46.25359901417711,-15.915868113647258,16.62840275500166,-0.2803782595063531,5.497656465946443,35.986361881118675,96.75676500475052,35.39113736786557,35.33101612861886,77.65006385696
2021-04-28,0.2573259440561859,2.0719748676056415,46.77941284741658,-13.384321223709383,16.313542221835053,0.2284460896540219,5.5106769278508105,35.691275393850994,95.40541365339918,37.841657928209905,35.721931635021,75.28735632183867
2021-04-29,0.45526433125928634,1.1995640601947688,44.3620163382306,-15.013382220587356,15.979007909868015,0.31152171636161796,5.497656465946443,33.26295362613987,95.54053641654319,37.18190584982794,32.99305028546375,79.3103448275858
2021-04-30,-0.3365043192840034,0.08388430072070463,44.105786608166355,-15.311660912479097,15.926536492497556,-0.17653768738578046,5.4325143992890235,32.67820637033836,93.10809986011373,38.124412029104995,32.8685547500166,89.01660280970583
2021-05-03,-0.28701594705051736,0.3858729032845343,45.51389210707648,-14.340344168260044,17.50738107012546,-0.6438242231923463,5.1980168743198,34.743771441295564,87.86487063846042,39.77380346061983,35.44057599902764,87.0370370370366
2021-05-04,-1.3756921783984577,-0.6626968556282531,46.053081561435086,-16.520075314815376,16.484096348187947,-1.1526485723527324,4.729021824381352,34.94681232469152,89.1891891891889,39.820925398915705,35.40073172886164,90.22988505747081
2021-05-05,-0.8808386595252515,0.8891851075702784,45.64089145168169,-15.564052370264713,17.028532344108726,-1.246110633030717,4.898377282693156,34.765423891335345,93.21621044262005,38.45428806829598,35.51277296174498,92.40102171136608
2021-05-06,-1.3262113570303935,1.0401794088522154,43.121005175270824,-15.625239239140198,19.088225647753344,-1.3499512051513118,4.859296018412262,32.63217852591285,96.18917929159596,37.98303497865745,33.27440592145716,93.99744572158318
2021-05-07,-0.6334119000886429,2.927604974895237,41.75746737341763,-14.286807116769262,20.111510369690855,-1.0072701868783285,5.1068239445697605,30.918548969178804,98.5135052655191,39.39679424757303,31.30071358760871,97.38186462324343
2021-05-10,-0.6829002723221511,2.675952072733301,41.8198515252933,-13.690249732985793,20.531321744834365,-1.0384215662617269,4.950488948162324,30.634293749420706,98.91891479492155,38.171533967400876,30.356288033706868,91.06002554278368
2021-05-11,0.5542335248608365,3.5148078798635574,41.21828854306313,-13.690249732985793,20.42637090285748,0.03115137938323187,5.080773081477141,29.908770270933772,101.75676088075348,39.25541719712551,30.02513893255372,93.99744572158315
2021-05-12,-0.633411900088654,0.8304654570696623,41.256163117558486,-15.83938744510338,19.553950514000462,-0.6126728438089368,4.859296018412285,30.006231508560568,97.70270682669944,39.91518051106737,30.000242199973837,93.48659003831368
2021-05-13,-0.28701594705050626,1.6106016136992363,42.66872007417226,-14.003822224545903,19.632669650910128,-0.1869161988283352,4.702970961288733,30.9158361098119,92.67567815007361,40.103679499810816,32.039435379622596,83.65261813537627
2021-05-14,-0.13855838121545894,2.801781723795216,42.75784484428209,-12.871894325854438,20.557561457137584,0.20768114424103423,5.041681877912363,31.205506963325046,87.99999340160444,39.5381712980206,32.15396984752825,74.96807151979519
2021-05-17,0.653202718462409,3.5483628801441736,42.564009890097566,-12.810707456978964,22.49918005903575,0.4880514812194203,5.080773081477141,30.385235106578534,93.1891982619824,46.512723766006815,31.20283630416163,66.66666666666623
2021-05-18,-0.28701594705049516,3.539972530083557,42.7333352669018,-12.581259616246431,22.518861845072145,0.6230513552512251,4.950488948162324,30.647827791317827,94.21621786581473,41.94156992006906,31.25264164186912,68.13537675606598
2021-05-19,-0.7818694659237013,3.3805878787410037,43.17893786944283,-13.15487338297684,23.404398086462773,-0.11422700609116099,4.676910158912206,30.783188380248426,92.1621580381648,39.67954834846816,30.95385710581504,68.13537675606598
2021-05-20,0.1088683782211497,3.3050939280810043,43.878528537190185,-11.510518586430463,23.43719572503278,0.6230513552512251,4.9374684862579565,31.48704932371622,87.29730554529107,37.841657928209884,32.16143768004744,69.73180076628309
2021-05-21,0.2078375718226999,3.4225332290822807,43.81169292761087,-11.548756003151905,23.102653405829756,0.6542027346346124,5.1980168743198,31.367935636049914,86.83783041464284,36.94627368722869,31.49664624271884,68.4546615581094
2021-05-24,0.1088683782211497,4.58015193893575,45.46710399316982,-9.858508137398447,23.620857696683295,0.20768114424101203,5.015631014819721,33.26295362613985,86.48648648648619,36.00376750795162,33.500981622246215,67.87994891443122
2021-05-25,0.1088683782211497,3.7496864818661324,44.693984593281556,-11.204590077154064,24.506393938073924,0.5918999758678156,5.406463536196404,32.26400619540411,82.43243243243215,37.27616096197956,32.42287118095788,58.429118773945945
2021-05-26,-0.039589187613897625,4.43754798771443,45.415864421559405,-10.325047801147246,24.71630362926367,0.7788161746959732,5.354351870727259,32.632178525912806,84.05404993005673,40.62205452774514,32.72663031450884,59.51468710089356
2021-05-27,0.8511486565309534,4.907305191719558,44.1904599205726,-10.248567132603393,24.348963671490644,1.1941784631783747,5.771235255196561,31.687377347745226,86.40540870460276,39.396794247573006,32.223685447771054,69.73180076628307
2021-05-28,0.7125902753156943,5.913936000252984,42.23426205189655,-9.369024856596585,24.795014758937327,1.7756999276037577,5.732153990915667,29.123694991103477,84.29730389569228,40.71630963989683,30.42352227147511,67.75223499361385
2021-06-01,1.4449713690056765,8.044630518359197,42.13177228467166,-7.609940304582963,24.82125447124055,2.087221643965531,6.40958576344679,28.980215994030466,87.54053889094142,46.27710283896749,29.885707732068223,75.92592592592547
2021-06-02,2.236740019548966,9.227420278394538,40.12655526123501,-7.4263855330574895,25.122991144637563,2.7206594331873113,6.748306619354305,27.320722604885272,87.08108438027841,44.91046550834776,28.220001158760933,72.41379310344782
2021-06-04,3.473873816731965,9.56295748127709,37.147701385168055,-5.5372832610092075,23.961957942153145,3.821391680743469,7.595093850197254,24.621679659313166,84.8648689888616,45.94721556421659,26.3924480148628,74.39335887611702
2021-06-07,2.632616793955189,10.124989336063495,36.817953546966976,-5.124280648751212,24.421124882133483,3.551399855207671,6.982804144323529,24.591898716151682,84.05404993005672,44.67483334574855,25.60316104208702,73.49936143039544
2021-06-08,3.3254162508969287,9.294517479031983,37.000654544890324,-6.462712771122147,24.119380201500483,3.77985386738966,6.644083288416014,24.987149215433725,81.2432366448477,47.408108006988,25.618096707125403,73.6909323116215
2021-06-09,3.523354638100029,9.370024229615815,36.49711924817729,-5.72084386763565,24.184975478640535,3.6656268612986542,6.162057837289314,24.51880278793186,83.35134145375818,47.45522994528388,25.361649676259624,76.43678160919494
2021-06-10,3.2264470572953785,9.68039678227839,37.296979266299715,-5.919692438829472,24.250570755780586,3.5410134212372713,5.653981523069995,24.99255476420945,84.32431607632995,48.39773612456095,26.023947878565945,78.54406130268153
2021-06-11,2.8008727290298463,9.168694227932006,37.042980577089324,-6.692160611854692,23.148574904169394,3.31255940905526,5.653981523069995,25.10084726934554,86.21622034021298,55.32516665425131,25.849658877959026,74.84035759897782
2021-06-14,2.880043553391798,9.638451431937135,37.931965365321574,-6.569786874103734,22.26959658904557,3.7071646746524856,5.8493977837583255,26.259510513439245,84.18919331318597,57.96418620333912,27.40581745340527,68.39080459770071
2021-06-15,2.7810743597902254,9.680396782278411,36.59069547599076,-5.9732294903202865,21.646441456215125,3.3852486017924788,5.445544800477298,24.45112249346655,82.10810068491317,52.68614710516355,25.951739043300858,70.4980842911873
2021-06-16,2.3357092131505164,8.942199576028198,36.21415952388294,-4.726577671262556,21.97441784191536,3.717543186095029,5.523707329039085,24.03963517789951,76.75676088075353,53.20452213309797,25.583238907004002,71.90293742017835
2021-06-17,2.08828245371393,7.868465166895389,34.977610442630876,-5.063099614976718,16.352905793907823,2.6998944877743014,5.198016874319822,23.506321315298973,71.51351103911503,53.29877724524963,25.844672407914395,61.685823754788835
2021-06-18,0.3068067654242279,8.04463051835922,32.869914275973414,-5.827917970617258,15.965892057334363,0.8307324994923704,3.7258995971309883,22.905337243212198,75.10811058250606,51.50800876328725,24.676936103848,67.36909323116176
2021-06-21,1.3460021754041263,8.975760976270731,34.449576192541606,-6.309751434034427,16.877668011028213,1.765313493633336,4.220945510162055,25.190180013850583,78.89189849028686,50.37700359526676,26.882950451584463,68.39080459770071
2021-06-22,1.0985754159675176,8.598278423046901,33.00804757683979,-7.151050458218822,16.516893986757953,1.2149513311191518,3.856173791161921,22.956770636413417,79.37838580157275,53.53439817228891,24.818860539355825,68.51851851851809
2021-06-23,1.0985754159675176,8.296289820483072,31.80269057152556,-6.722754046292434,16.910465649598216,2.0145324512283125,3.9603971221002343,21.27832757161654,80.62162657041776,57.06880196235786,23.4245366619527,69.66794380587442
2021-06-24,1.6429097562087769,9.093200277272029,31.931920956984605,-7.472272767163613,16.47097248841831,2.67912161983348,4.41636177085043,21.09423636387282,83.48648483688737,61.07445884206535,23.626215630161806,66.8582375478923
2021-06-25,1.791367322043813,7.356769012510922,30.53941149604338,-9.598472697329118,16.536567765558363,2.7102809217447232,4.4554430351313234,19.897673768475244,82.21621126741947,64.75023968258185,22.319048125609875,62.579821200510445
2021-06-28,1.692398128442263,7.306433312109029,30.249769273191518,-9.521986193684306,16.733353596978496,2.6998944877743236,4.299108038723887,20.060102441200158,82.97296472497857,70.45240993210003,22.386270490830327,72.5415070242652
2021-06-29,1.9398248878788715,7.256104011669007,30.83350517659893,-9.26960057099967,15.631357745367303,2.7933486259245077,4.312138439912161,20.536567276844654,85.56757746516016,71.06504007218608,22.620314024138533,77.39463601532522
2021-06-30,1.3460021754041263,6.937341108945794,31.341491931015607,-9.75143403441685,16.15611996248767,2.076843132522943,4.416361770850452,21.351423499836386,84.54053724134258,72.00754625146315,23.374743196792934,83.90804597701104
2021-07-01,1.3954829967721905,5.964265300693006,31.207810087852895,-10.898661567877655,16.490654274454684,2.6791216198335244,4.872326419600648,21.04821860442634,83.78378378378346,72.52592127939752,23.72581443302908,83.84418901660236
2021-07-02,2.137763275081994,7.457434013352815,33.155094417117546,-10.286804549324845,16.930139428398604,3.06334045146035,5.1068239445698715,22.412625506303584,85.64865524704359,74.3638116996558,25.61566283484169,78.09706257982076
2021-07-06,1.9893132601123797,5.5028920467866005,34.47408576992193,-11.701723175340595,17.6451295506723,2.4818269095627565,5.315260667162569,24.17499576682982,84.62161502322603,71.39491611137704,26.695186109309365,67.56066411238784
2021-07-07,2.3851900345185806,7.037999709825793,36.8090400075556,-10.898661567877655,18.169891767792667,2.294910710734599,5.523707329039174,27.158293932160337,87.02701877903263,69.46277057896711,29.355372897728227,66.66666666666626
2021-07-08,2.3851900345185806,5.628721697848538,37.41728548834331,-11.869978312096707,18.04525913977939,2.8037350598949518,5.198016874319911,28.002931098313553,86.08107695708374,73.7983034978656,30.249233270868146,62.96296296296256
2021-07-12,2.533647600353617,7.499366563770282,38.3887019241238,-9.827914702960728,18.432272876352872,2.8037350598949518,5.393433135008241,29.167009976162063,89.1891891891889,76.6729552095526,30.914024708196774,70.94508301404812
2021-07-13,1.8408556942773213,8.094959818799218,36.695416284069516,-9.445505525140451,18.688096058646252,2.3779784149143612,5.211047275508163,26.922769331215335,89.32433257231811,74.17531271091238,28.792661625741456,72.92464878671734
2021-07-14,1.9398248878788715,8.346619120923048,35.39870346779159,-8.703630786552974,19.665467289480134,3.084105396873338,5.523707329039151,26.36238738482053,87.29730554529107,72.47879934110169,28.536202722327953,74.45721583652576
2021-07-15,2.3357092131505164,7.398707962890261,33.6296686787466,-9.216063519508877,19.93440632430712,3.0114162041361414,5.758204854008353,24.775989923895402,87.35135052655161,70.31103288165244,26.233094679294243,44.12515964240067
2021-07-16,2.9097411072511514,6.224308552915536,34.4317491137188,-10.845124516386884,19.02263037061327,3.738316054035895,6.149037375385014,26.007749096209242,82.62162079682189,73.1385514194836,27.231528452798326,42.017879948914086
2021-07-19,2.929531925625284,4.873750191438919,34.4673926473603,-11.640536306465155,18.642174560306614,3.842156626156501,6.266281168227672,26.02940154624902,80.7027043523012,78.08671447846818,27.365973183239255,42.017879948914086
2021-07-20,3.6718122039350876,5.821661349471707,37.91636932735265,-10.592733058601267,18.78648897435631,3.945997198277107,6.370504499165963,29.75987564010594,83.13514090873066,82.65786832440595,30.73972383504213,46.0408684546612
2021-07-21,3.2264470572953785,6.115259601974898,36.96500038724473,-10.722750778635925,18.26172675723594,4.039459258955103,6.370504499165963,28.55789741095385,85.16216793575768,86.56928132752168,29.96787763487476,46.0408684546612
2021-07-22,3.3254162508969287,6.341747853916813,36.22752452099795,-11.051622904965408,18.39947523778285,3.6344754819153113,6.214169502758504,27.33696950614959,85.05405735325135,88.64278143925932,29.156187164541404,44.18901660280934
2021-07-23,2.632616793955189,5.469343446467856,36.332245329076706,-11.640536306465155,18.163333841525887,3.582551234591125,6.201139101570252,27.799890214917887,84.10811553130246,91.32893416220287,29.46243953311467,39.78288633461011
2021-07-26,2.7315935384221612,6.283028203416197,35.766325880488026,-10.898661567877676,17.986221788906164,3.8213916807435133,5.927560312320135,27.280110394214496,89.05404580605965,93.30821286846862,29.420102027926376,40.42145593869695
2021-07-27,1.741886500675771,5.091854493282111,36.07379518216269,-11.319313997520354,18.03870121351261,2.8037350598949295,5.888479048039241,26.90923528931821,84.64864782384893,87.1347782937519,28.85988399096191,40.1660280970622
2021-07-28,2.137763275081972,6.450803204819389,36.062661225901515,-10.860418316055275,18.03870121351261,2.8452728732487387,5.523707329039107,27.437133518163968,85.78377801018763,90.57493820722912,28.70302389041568,40.293742017879566
2021-07-29,2.0387940814804217,5.855216349752346,34.941966908989386,-10.93690481970009,20.11806829595768,3.021802638106541,5.992702378977555,26.005036236842336,87.10811718090132,91.28181222390694,27.351037518200872,42.52873563218353
2021-07-30,0.9501178501324814,2.726281373173345,34.543152420355106,-13.193116634799285,18.897997742600015,1.6303215421294093,5.080773081477208,25.69912856704444,81.32431442673114,84.44863680636827,26.494528180204636,39.71902937420142
2021-08-02,1.5439405626072267,3.2631485777397273,37.78268748418998,-12.382411045052633,19.258771766870275,2.004153939785791,5.276179402881631,28.522700834037607,80.97297049857445,85.43826492394122,29.689015233903703,42.72030651340957
2021-08-03,1.9398248878788715,4.244608336091238,36.840232083493454,-11.456981534939715,18.734009549749906,2.2326000294399906,4.989570212443262,28.200546262975656,83.45945203626448,89.77379784283971,28.83997372842666,40.61302681992298
2021-08-04,1.9398248878788715,2.6172324222326626,37.379410913847956,-13.652006481163426,18.76024926205313,1.5887837287756001,5.745174452820057,29.074964372290047,84.78379120697817,95.94722118199638,29.392723932871935,39.39974457215798
2021-08-05,0.12865919659525993,2.634006722392024,36.265409719497434,-14.03441565898369,18.406033164049674,1.1734135177654315,4.246996373254697,27.76740649736855,80.08107365788611,95.09895887931108,28.680620392858124,41.95402298850534
2021-08-06,0.5542335248608143,3.6154664807435566,38.24165508384605,-12.053538918723184,15.447687766480822,0.9345730716130429,4.507554700600447,29.36463522580297,80.70270435230125,95.09895887931108,30.597811272082033,41.76245210727929
2021-08-09,-0.23752757481704245,3.6154664807435566,37.43734360801998,-11.69407335795597,13.046902224602341,0.9345730716130429,4.3121384399121165,28.55248177719909,82.32432184992584,91.32893416220283,30.269143533403444,40.549169859514286
2021-08-10,-0.4354735128855869,3.0618249760177907,36.77339647391413,-12.810707456979031,13.401118322605798,0.5192107831306414,4.286087576819497,28.390053104474177,83.32432927312054,92.69558272838248,30.264168935906554,40.293742017879566
2021-08-11,-0.8313578381572206,2.8353303241139605,35.42989554372946,-13.231359886621707,14.817974707383597,0.20768114424105644,4.2991080387238645,26.993152400068542,83.78378378378355,91.28181222390697,29.181083897121308,42.08173690932271
2021-08-12,-1.3262113570304157,1.6273823138205135,36.468158213093346,-15.961761182854406,14.726139717940345,-0.3115296388897293,4.1297525804120605,28.00021823894663,81.94594512114631,85.34402104734949,29.92555200223419,44.82758620689613
2021-08-13,-2.315918394776817,2.189414168606918,37.28583468603448,-15.296367112810783,16.444732776115156,-1.5368674039794916,3.322036674566098,28.782590744389314,81.4864906104833,81.95099430772808,30.77210027268893,45.14687100893955
2021-08-16,-3.1076794944546737,0.5704222048470875,37.771542903924725,-16.879540875582656,17.212202322995275,-2.388372771412861,2.4361582401583703,29.586615699871754,79.56757416596261,85.95665118743561,30.655072569760968,44.25287356321797
2021-08-17,-2.4148875883783782,-0.6626968556282531,37.97652243837448,-17.690246465329306,17.087569694981998,-2.7310537896858444,2.91818369128507,30.260705785157406,75.8918968406881,80.81997790414775,30.95883170331193,42.59259259259216
2021-08-18,-2.4148875883783782,-1.5602723132591367,38.06786762533412,-17.690246465329306,16.86454415125864,-3.3852565243206345,2.09744732353474,30.802138055900286,72.08107613228441,81.52686315638546,31.820327511352776,43.48659003831374
2021-08-19,-3.5035638197263297,-1.2247287104146576,40.24464106642884,-17.08603926416119,16.772709161815392,-3.3229537655538377,2.2146911163773986,32.56449823144747,67.56756756756734,80.49010186495676,33.9192752237028,40.485312899105594
2021-08-20,-2.71179516918304,-0.41942790356506165,40.79050239534088,-17.09368908154587,16.825188586421834,-2.1806916271716603,3.3090162126617306,33.522843536491244,68.48648689888597,81.4797412180896,34.80317452930124,37.61174968071479
2021-08-23,-3.206648688056235,-1.1408444096940196,40.06640215021324,-16.963671361511214,18.281400536036465,-2.294918633262677,3.178732079346913,32.5861607664663,68.64865277264546,85.90951801357984,33.929236291244315,37.42017879948874
2021-08-24,-2.1179724567082725,1.4344426621973438,40.728118243465225,-15.258123860988404,18.438830802619744,-1.1007322475563353,3.439290406692641,32.789201649861965,74.7837788349871,83.60037450368307,33.95163978880189,39.080459770114516
2021-08-25,-1.425180550631977,1.7532119648824285,37.31702676197231,-15.739963159506553,17.297471378935757,-0.5192107831309523,4.4814938982239205,29.418771393392042,76.40539633261167,83.64750767753888,30.612746937120395,40.804597701149014
2021-08-26,-0.8511486565313531,0.008390350060683005,36.64194567160526,-16.871891058198017,17.55985248749594,0.23883252362442153,4.781133489850542,28.230327206136852,74.10810315931143,97.17248146216868,29.74627653158266,41.187739463601126
2021-08-27,-0.1583567504550687,1.8203155654817893,37.51309275701067,-14.913957934990552,19.160378851160242,0.3634459636858267,5.132874807662424,29.177841243671352,76.75676088075356,105.93779117655737,30.757152735102842,42.52873563218351
2021-08-30,-0.38598514065206757,0.9143561577521719,36.5817819365794,-16.237096257693107,18.661856346343097,0.6022784873103815,5.015631014819766,28.203259122342295,76.00000742319443,102.87464047612698,29.542104328351225,37.99489144316692
2021-08-31,-1.3954905476380675,0.016780700121299397,36.17405390853372,-15.785850393612677,19.055428009183363,-0.8307404220205483,3.8952550554428145,27.59956219088886,73.64864864864842,106.26766721574836,29.046627294132655,36.39846743294981
2021-09-01,-1.4053821813923784,0.5704222048470653,35.46108761966727,-15.158699575391488,18.930795381170064,-0.8307404220205483,2.6576353032232047,26.657463787109137,73.89188199429877,117.4834974904814,28.21004009121939,31.673052362707168
2021-09-02,-1.8210648759036108,-1.728040914700446,36.737742316268566,-17.919694306061896,18.642174560306678,-1.349951205151323,3.960397122100212,27.521050628914256,72.2702748066668,118.70875777065355,29.088952926773203,31.86462324393322
2021-09-03,-1.3559013600243253,-1.7112666145410627,37.02293308141675,-18.646269409880002,20.09839451715727,-1.8691619882821087,3.973417584004557,27.58873092337957,72.16216422416049,122.05466257197908,29.019237326530444,29.757343550446635
2021-09-08,-2.810771913650001,-4.328492636811809,36.35007240789952,-21.682599215389086,17.46145957178584,-1.8691619882821087,3.6607575304735684,26.884869979911485,68.67567526327578,131.57399071246135,28.715478192979482,27.26692209450794
2021-09-09,-3.0581986730865984,-2.642397072452596,40.05525756994799,-20.076481835564163,17.90095273296575,-2.2845321992922996,3.6868083935661877,30.65594619946035,68.99999670080217,137.08766197323615,32.47515788113991,26.692209450829772
2021-09-10,-1.5736381164670021,-3.766460782025416,36.858059162316216,-20.19885557331512,17.38930636837899,-1.1526485723527435,4.220945510162033,28.1464100953865,68.9189189189187,132.70500711604177,29.385244227804996,28.41634738186425
2021-09-13,-1.1777537911953684,-1.686101964321074,38.01662805372368,-19.334607096976686,17.54673663496229,-0.7995890426371499,4.3512197041929435,29.218443369363012,69.32432844832115,146.5127237660068,30.64263013974491,26.883780332055828
2021-09-14,-0.9303270317587709,-1.9964745169836595,37.12542284864162,-19.472274634396026,18.379793451746472,-0.9034296147577336,4.8723264196005145,28.30612590874475,68.78378584578209,147.87937233218642,29.801056466787056,28.48020434227294
2021-09-15,-1.2272346125634326,-2.835330324113905,37.70470729434536,-20.053538218511115,17.572976347265513,-0.934580994141132,4.468473436319487,29.264471213788568,67.29730142129411,157.3044341249571,30.4409511715358,36.270753512132444
2021-09-16,-0.28701594705052846,-4.034894384308608,37.45739110369251,-20.114725087386574,15.093471668477388,-0.3115296388897515,4.92443808506966,29.26175835442164,59.83783618823881,151.4137648866955,30.012696502537683,35.2490421455935
2021-09-17,-1.6726073100685745,-6.048149601413555,37.70024521263764,-21.996177542050198,14.752379430243522,-0.46729445833454397,4.611778031538671,29.629930684930315,53.10811223210494,140.57493258944933,30.88663474059463,34.67432950191534
2021-09-20,-1.6231189378350774,-8.15367946929979,38.09683928442211,-24.435944128674837,15.565762468227295,-1.5057160245961043,4.286087576819408,30.201143898834417,48.4054049930055,134.91989551378697,31.705793043447162,33.26947637292428
2021-09-21,-1.0787845975938182,-7.138664710667619,39.04373551881824,-23.70936902485672,16.497212200721535,-0.2907646934767527,4.637828894631291,31.663012038338458,48.18919413798544,126.43731742917352,32.53989888388582,32.05619412515928
2021-09-22,-1.37569217839848,-5.444172396285884,37.575476908886294,-20.688338854116985,16.54312569182519,-1.2253377650898845,4.742052225569604,30.693855635743226,53.297300596494715,126.43731742917352,31.187900639123267,34.227330779054554
2021-09-23,-1.2767229847969297,-3.7748511320860545,37.65345709873089,-21.001911345677104,14.640862654763854,-1.329186259738313,4.455443035131235,30.336504487765016,57.62162079682198,134.4957531268844,31.655999578287396,35.18518518518481
2021-09-24,-2.048693266100643,-4.437547987714363,38.6493831118917,-21.43020775760349,14.772053209043957,-1.0280430548191166,4.129752580411972,30.090148619310742,56.432435319230144,142.22431278540424,32.00955217699815,34.546615581097974
2021-09-27,-2.048693266100643,-4.403992987433725,39.18187944368869,-20.76481952266086,14.791734995080352,-1.0799593796155027,4.090671316131078,30.45291540104347,57.62162079682198,168.897262377177,32.88349041505507,37.80332056194089
2021-09-28,-2.048693266100643,-7.2309393614489075,40.41396644323301,-23.326959847036456,13.860285262586093,-1.4122539639181197,4.11672217922372,31.495167731858764,50.32432143752619,175.25919594063706,34.21307328971233,36.015325670497724
2021-09-29,-2.048693266100643,-6.383693204258034,41.267297073819734,-22.75334608030605,12.922269596589043,-2.087229566493687,4.286087576819431,31.738820825925185,53.054056940851765,158.10557448934657,35.13929822795134,37.67560664112351
2021-09-30,-2.048693266100643,-6.55146180569931,39.88593219314374,-22.94455066921618,15.139393166816983,-1.5368674039795027,4.403331369662111,30.918548969178673,56.64864617425018,176.48445622080922,34.80814912679819,37.10089399744534
2021-10-01,-2.2763292071631303,-4.940860192000107,40.28251564092415,-21.09369164899032,15.250901935060668,-1.5784052173333007,4.351219704192966,32.16925781714441,56.00000329919739,164.79736162087772,35.49036946418751,38.31417624521034
2021-10-04,-1.4647697382456748,-6.8198954079825125,38.49342273220251,-24.145315254167787,15.854375281854693,-1.5784052173333007,4.624798493443061,30.972685136767787,53.37837837837813,171.72478091500815,33.652855252747905,38.122605363984285
2021-10-05,-1.4647697382456748,-6.970889709264416,41.10910565327668,-23.097512006303923,15.4214480541776,-1.5784052173333007,3.96039712210019,33.01931061705214,52.70270270270245,197.45522432750386,35.776699697677785,37.292464878671396
2021-10-06,-1.4647697382456748,-6.736011107261852,41.421037036659044,-23.21223592667019,15.480485405050825,-1.3499512051513118,4.481493898223876,32.959748730729466,51.62161749762431,167.43639240552542,36.33194313714536,35.95146871008903
2021-10-07,-1.4647697382456748,-6.836676108103756,41.33191226654922,-23.5181644359466,15.309939285933893,-1.5576323493925126,4.064610513754574,33.45245038265923,52.05404951765706,167.53063628211717,36.74027567106049,36.39846743294983
2021-10-08,-1.4944597412396066,-4.7647012404981925,42.042647514561814,-21.927340855790057,15.204988443957014,-1.1422700609101222,4.885356820788789,33.74212123617213,54.05405405405379,162.25259718394162,37.3652347107708,35.50446998722825
2021-10-11,-1.4944597412396066,-5.477727396566512,41.986945861243676,-24.244739539764716,15.093471668477342,-1.661480844040908,4.5336055636929995,32.75129221357902,55.810814934807595,151.88500674077403,37.11375040485419,36.14303959131511
2021-10-13,-1.4944597412396066,-4.370437987153075,42.060474593384576,-22.715102828483648,17.658245403205953,-2.3364485240886967,4.377280506569448,31.890418231140828,55.27027233226853,163.4307355258179,37.72625514200072,30.842911877394297
2021-10-14,-1.4944597412396066,-4.49626763821499,42.372395352762894,-22.982793921038592,17.855031234626107,-2.315683578675687,4.2079151089737366,31.730692332803766,55.13513925913192,168.00187813619578,37.253181605339726,31.992337164750605
2021-10-15,-2.2466392041691985,-3.4393075292415642,42.31224224174108,-20.367110710071223,15.919970558994766,-2.087229566493698,4.116722179223697,31.089096050046216,57.432432432432165,154.9481574412045,37.24571377282053,34.29118773946325
2021-10-18,-3.0087103008531235,-3.5651371803034793,41.08460669990042,-20.084131652948876,15.762548299647449,-2.398759205383305,3.6216762661926305,29.248224312524474,55.54053847854175,135.10838326697043,35.90616983062178,36.079182630906416
2021-10-19,-4.3646116608772605,-6.3417478539167575,42.55509635068621,-23.135755258126323,16.083958751844875,-3.790240301360437,0.3126600535309221,30.553079413058114,52.05404951765704,139.77379222505994,37.22331027526293,35.44061302681958
2021-10-20,-4.3646116608772605,-6.383693204258034,44.66279251734371,-19.37285034879912,17.028532344108726,-3.32295376555386,2.9181836912849812,31.955385666239188,50.43243202003247,143.63808328987977,39.01600561903966,37.739463601532194
2021-10-21,-6.155978982921284,-9.051254926930651,45.27550007983911,-23.021031337760046,16.838304438955397,-5.503637470197587,2.136528587815545,32.483283895084945,47.297297297297035,141.04617444352797,39.33968688767362,35.95146871008905
2021-10-22,-6.235157358148724,-10.385032588286036,46.474174586595815,-25.43021032504792,17.776320104952447,-3.34371871096687,1.8759702604697948,34.55697745916386,51.35135135135109,148.82187851146358,40.87094873053998,37.4201787994888
2021-10-25,-6.235157358148724,-8.321448070741077,46.56551977355545,-23.824092945222986,18.46507051492292,-4.745586240914412,2.0453356580655058,34.54073055789979,53.62162203402108,177.94532619246084,40.656815459767074,37.4201787994888
2021-10-26,-6.967538451838717,-10.326312937785387,43.60226193545742,-25.697895582501907,17.592650126065923,-6.50052122310536,1.315782280781308,32.16654495777749,50.54054260253882,177.1913302374871,38.296434246506685,38.82503192847986
2021-10-27,-6.136188164547162,-10.20887363678411,43.72926128006262,-25.659658165780463,17.93375037153575,-6.105923880035968,1.315782280781308,31.93914884995419,48.108106046109334,192.27145157704,38.55537451239475,42.3371647509575
2021-10-28,-7.214965211275304,-11.769145950043303,43.00291937007705,-25.965580839955916,18.176449694059514,-6.188999506743587,1.3027618188769408,31.69820861525441,47.56756344357025,172.4787993411018,37.81339964230417,43.742017879948556
2021-10-29,-7.036817642446347,-12.591227457014153,46.893036570902694,-27.074570956695265,16.95637914070187,-5.420561843490024,1.1724876248460303,34.54344341726667,42.70270064070392,155.7021758672981,40.54974882438061,45.14687100893961
2021-11-01,-5.987730598712126,-11.047729443914346,45.15296281694165,-25.39196707322552,17.750080392649224,-5.565940228964417,1.302761818876963,33.809801530637394,43.81080833641231,144.3920792448535,40.27088642340952,47.892720306513034
2021-11-03,-5.344419514003851,-10.242428637064748,46.43183793039274,-24.66539196940739,15.683829162737783,-4.080997072309245,2.9181836912849812,34.88725043836869,39.70269899110508,167.20076024292626,41.38882926231615,44.061302681991975
2021-11-04,-3.6619205701811652,-12.717050708114197,43.65128109021803,-27.265775545605397,17.61233191210234,-3.509869964382062,2.2407519187538583,31.787541359759473,37.729727255331255,169.3685267023755,38.246640781346876,42.848020434226974
2021-11-05,-3.6619205701811652,-11.718816649603314,44.15035430522332,-25.89674998879673,19.147262998626612,-3.8629294940976777,2.905153290096729,33.1979761060623,36.21622034021301,159.94344243848505,39.47413161811453,41.25159642400986
2021-11-08,-3.6619205701811652,-11.743981299823304,42.77566129910082,-26.83747329857804,19.868811047167114,-4.776745542825633,2.214691116377332,32.20174153469346,40.243241593644164,155.74929780559407,37.96528514535347,40.86845466155778
2021-11-09,-3.6619205701811652,-11.123229794536249,43.0541695656915,-26.84512311596272,20.05247301881765,-3.9460051208052627,2.722767430596673,32.49141238820636,38.94594553354598,134.6371414128919,38.01507861051326,41.698595146870666
2021-11-10,-3.6619205701811652,-10.536026889567951,41.47672806597307,-24.703635221229803,21.193832442501638,-2.7206673557155003,2.2537723806582255,31.378766903559097,36.75675263275944,129.97173245480246,36.42158087247105,45.40229885057436
2021-11-11,-3.6619205701811652,-9.370017829653865,40.43847602061326,-23.938816865589263,22.21711716443917,-2.741432301128488,2.787909497254071,30.515180061753977,43.24324324324298,142.64845517230688,36.69048220590063,45.466155810983054
2021-11-12,-3.9786265202253923,-10.43536828868794,37.61558252423547,-24.66539196940739,22.525419771338974,-2.5233647229168876,3.1266303531615858,28.13287605348933,44.59459459459434,125.77756535079163,34.40229795535758,47.44572158365226
2021-11-16,-3.9786265202253923,-12.054360252447772,38.1035217829796,-25.797325703199814,21.587404105341925,-3.426794337674477,2.2016607151890577,29.394406083985313,42.99999958760004,143.9679593290708,35.85388313043967,45.849297573435145
2021-11-17,-3.800478951396402,-12.951935710078644,38.67389268927195,-26.317402418439418,22.643486465849485,-2.876432175160293,2.905153290096729,29.643474811806534,40.945950069942725,126.95570369266788,36.99673457447392,46.93486590038276
2021-11-18,-3.800478951396402,-13.44685756430376,38.8409870252223,-27.11280837341672,22.072810757625483,-2.6999024103024905,3.035427484127662,31.15136071075679,37.29729523529852,131.00848251067129,37.656539541757915,46.36015325670459
2021-11-19,-3.800478951396402,-13.228753262460579,40.699157208381195,-27.44933031713086,21.42997383875864,-3.426794337674477,2.87910242700411,31.627825546401557,40.999995051203285,138.68992023089527,38.34622771166642,45.78544061302643
2021-11-22,-3.800478951396402,-13.866285467868877,41.10910565327668,-29.108984748446588,18.465070514922964,-3.1360375667256912,2.9312140924732555,33.160076754758514,43.35135382574931,125.68332147419987,39.720629453986554,47.31800766283487
2021-11-23,-3.800478951396402,-12.457007455891612,39.84359553694063,-28.971317211027227,16.98917677927192,-3.2191131934332873,2.87910242700411,31.717158290906376,45.48649143528267,134.0716332111017,39.07326691671864,48.27586206896515
2021-11-24,-2.6623143478149536,-11.760755599982675,39.4915691622131,-26.891016185169804,17.028532344108747,-2.180691627171727,3.374148340035177,30.9429142785854,48.54053806614205,138.8312860457829,38.69481758542801,48.08429118773909
2021-11-26,-2.6524151631951653,-13.866285467868888,38.92566033762848,-27.82408967756642,17.107251481018395,-2.9075835545437023,3.804062125692731,30.905004842302496,46.75675469475797,156.6918039848711,38.56285421746166,49.87228607918226
2021-11-29,-2.602926790961657,-13.379747563742495,41.38315183815961,-27.663478523094042,16.91046564959826,-1.68224578945394,3.6998387947544176,33.87748182510278,48.6486486486484,128.7464721746302,39.62601712116391,48.40357598978251
2021-11-30,-2.1773600135615467,-13.857895117808283,40.86180008662787,-29.1854712520914,16.339781934138276,-1.412253963918153,3.882224654254496,33.23046990859044,47.86486239046639,115.2214871544405,39.449234885534665,44.8275862068962
2021-12-01,-2.1773600135615467,-14.898080926622326,41.89560067428404,-30.13384437925739,16.86454415125864,-1.68224578945394,4.260026774442904,34.359352209522996,50.324321437526145,100.65975207838194,39.95146739940891,46.10472541506987
2021-12-02,-2.1773600135615467,-11.99563420198524,43.564387360962066,-27.877626729057237,15.493601257584476,-1.370716150564355,4.572686827973915,36.527794151861784,55.59459376979492,91.14044640901953,41.71169132515706,47.381864623243565
2021-12-03,-1.0292962253602989,-11.131613744635017,42.14290624093282,-27.77055262607564,16.890783863561843,-0.9345809941411654,5.1068239445697605,35.125477813701366,55.67567155167834,94.72196090182446,40.510462563957695,49.680715197956204
2021-12-06,-1.0292962253602989,-9.69717108243774,41.87555317861147,-26.363289652545518,16.595605116431635,-0.249226880122988,5.0286614160079735,35.63172359250735,61.351353413349585,72.33742229065425,40.6791952122292,49.04214559386937
2021-12-07,-1.1777537911953462,-9.328078879274537,42.93385271964387,-26.653918527052568,16.93013942839867,-0.23884044615261057,5.419483998100749,35.7102250695029,62.37838332717456,74.74080967714278,41.62288466817208,49.744572158364875
2021-12-08,-1.1777537911953462,-8.67376597374495,40.88854070486205,-26.363289652545518,16.982618853005093,0.4153622884821573,5.836367382570051,33.81521716439229,62.13513967153161,79.783227848279,39.72561592403119,49.36143039591276
2021-12-09,-1.1777537911953462,-10.217263986844793,39.77229784565359,-28.83364967360791,16.405377211278307,0.7268919273717422,5.406463536196404,31.717158290906422,60.405401281408075,79.73609467442321,37.728748377023024,50.31928480204304
2021-12-10,0.702691090695895,-9.143529577711995,40.151064838615305,-27.143401807854428,16.94982121443507,0.7268919273717422,6.1750882384775885,32.940799055077605,62.216217453415055,84.96701183430287,38.71224648548872,50.31928480204304
2021-12-13,0.26721757781054123,-9.269352828812016,41.39429641842487,-28.183555238333646,17.1728467581584,0.9345730716129541,6.109946171820191,34.06427580723444,64.10811140730546,78.79358849514615,39.647458942355776,49.2337164750954
2021-12-14,-0.03958918761390873,-10.03271468528224,42.71105673037536,-28.489483747610056,16.12988025018447,0.9345730716129541,5.979671977789258,35.37453645654354,62.64864947344777,76.57870009740103,41.416219229918404,50.383141762451736
2021-12-15,-0.633411900088654,-9.227413878432634,42.432548463784684,-28.933079794305794,15.618233885597732,0.5399757285435625,5.653981523069995,35.206692150063844,63.270269857870275,79.17059770819293,41.438634600023704,49.61685823754751
2021-12-16,-0.9501178501328922,-8.6821563238056,42.81576691445006,-28.160611621280584,17.84847330835928,-0.10384849464860624,5.367372332631626,34.69233804809457,67.29730142129404,77.47408433838223,41.408751397399236,51.02171136653855
2021-12-17,-0.9501178501328922,-9.638451431937112,43.57552131722326,-29.407263440338305,18.320764108109188,-0.9968916754357848,4.676910158912229,35.44763238476363,67.43243449443064,73.89255861001737,41.60793713058604,51.53256704980802
2021-12-20,-0.9501178501328922,-11.483938047600773,42.8959781451485,-31.288721730102864,17.65824540320593,-2.0456917531399554,4.390300968473859,35.52884672112609,62.297295235298456,80.67861208926017,41.74886427208497,50.957854406129854
2021-12-21,-1.2965138031710177,-11.039339093853751,44.20605595854148,-31.969409599814856,17.277797600135237,-0.6542106571627793,4.794163891038794,36.74165621778771,64.54054342733815,82.32799228521507,42.94997430780712,52.809706257981695
2021-12-22,-1.2965138031710177,-11.249053045636304,44.39097737331459,-31.357552581262038,18.17644969405945,-0.6645891686053895,4.7420522255696484,36.41138323858313,63.162159275363905,87.3704104563513,43.01719667302757,53.89527458492931
2021-12-23,-1.2965138031710177,-11.576206298420132,43.37500386448121,-31.41108963275284,18.8061627531567,-0.6645891686053895,4.924438085069727,34.08592825727421,63.18919207598679,75.82469290686737,40.751427792589844,54.7254150702422
2021-12-27,-1.4647697382456415,-10.997400143474367,43.034111446014876,-31.005736837879518,18.60281899546974,-0.9034296147577892,4.546635964881318,33.31708979372869,63.97296802417618,91.32893416220303,41.20209783169324,57.02426564495484
2021-12-28,-1.4647697382456415,-11.391663396819496,41.90896567139908,-31.587000421994592,18.74056747601667,-1.1941863857065749,4.650859295819609,32.542845781407735,61.21622034021292,91.0933019996038,40.03186829260454,54.46998722860747
2021-12-29,-1.4647697382456415,-12.045969902387165,41.79979340561666,-31.984703399483237,18.406033164049607,-1.0280430548191832,6.435636626539432,32.73775817168196,62.32432803592134,89.63243202795223,40.11651955788571,54.66155810983351
2021-12-30,-2.5336476003540165,-11.626541998822049,44.25284407244823,-31.892923096170023,18.904555668866774,-5.503637470197642,2.6576353032231825,34.291671915057755,64.81080957361137,67.81339038301233,41.98889156944672,52.234993614303505
2022-01-03,-2.8107719136499787,-12.230519203949742,41.04672150140098,-31.984703399483237,18.03214328724576,-3.3125673315835047,4.442412633943027,28.430655230165904,63.513513513513196,79.783227848279,38.66742761782591,50.51085568326903
2022-01-04,-2.8107719136499787,-12.725441058174846,42.97172729413921,-31.67113090792313,18.989832732043222,-3.3229537655539043,4.14278298160029,33.35499923001159,63.97296802417618,75.16494082848544,41.453570265062154,55.68326947637247
2022-01-05,-2.8107719136499787,-14.889690576561708,42.64421049679197,-32.93307652664923,19.685141068280522,-3.3125673315835047,3.8040621256927754,32.26671905477103,60.891888592693945,82.94062242530119,41.329074729615,53.83141762452064
2022-01-06,-2.8107719136499787,-14.352823371995305,43.8072414699072,-32.12237093690257,17.330269017505696,-3.634475481915711,3.5695646007235515,33.03013179958272,61.16216504895975,79.64185079783147,42.06196710069576,54.21455938697275
2022-01-07,-2.8107719136499787,-13.379747563742516,42.96059333787803,-30.96749358605708,17.87471302066246,-4.423678090582273,3.361117938846969,32.748589439191235,63.32432514912338,84.5428806829602,41.48345346768667,54.98084291187697
2022-01-10,-2.8107719136499787,-13.807565817368284,42.57291280550493,-31.357552581262038,17.966548010105733,-4.423678090582273,3.361117938846969,31.931030441811647,63.513513513513175,92.22431840318421,40.23353538826597,53.1928480204338
2022-01-11,-2.8107719136499787,-12.532507806513571,42.89152668744482,-30.554490973799087,19.291569405440256,-5.763242861763029,2.918183691285048,32.97057999823909,66.4594598718588,100.23563216259919,40.980496728401164,53.51213282247722
2022-01-12,-2.8107719136499787,-10.645082240470549,40.94646277502996,-30.3250489681675,19.855687187397475,-5.763242861763029,2.905153290096796,30.68572714262161,70.81081287280897,128.88783798951783,38.61762228011845,53.001277139207744
2022-01-13,-2.8107719136499787,-11.089674794255677,40.97765485096778,-29.52198736070455,19.462115524557188,-5.098653693157851,3.3090162126617306,30.612631214401787,69.59459459459423,101.22526028017211,37.7685807746414,50.06385696040827
2022-01-14,-2.8107719136499787,-9.86494608384093,41.03112546343204,-28.413003079066158,19.153820924893374,-4.558670042086255,3.3611179388469914,31.102630091943695,68.48648689888581,100.84826230268527,37.606746076598284,52.29885057471222
2022-01-18,-5.11678357294133,-9.982385384842207,40.162209418880494,-28.443596513503888,18.87832396379958,-5.95015906059122,2.6967165675040983,30.31213917835838,68.86486362766536,101.83789042025819,37.335351508146395,53.12899106002513
2022-01-19,-5.11678357294133,-8.757656674427505,40.42287998264433,-27.724665391969484,20.898653695371383,-4.984426687066845,3.165711617442546,31.51953304126551,71.94594305914761,89.9623080671432,38.57778988250018,55.93869731800722
2022-01-20,-4.0973865322010194,-8.044624118397259,37.368276957586666,-26.240915914794538,20.859298130534555,-4.278299705107857,3.7258995971310327,28.739275759330685,69.7297276677308,79.17059770819293,35.37832823130422,56.066411238824585
2022-01-21,-4.0973865322010194,-8.053014468457908,36.50826382844248,-26.845123115962664,20.15743186803045,-4.600207855440019,3.504422534066176,28.67430832423228,65.48648524928697,88.45429368607594,34.902761459620926,57.40740740740697
2022-01-24,-4.0973865322010194,-8.724101674146844,37.853985175476936,-26.92160378450653,20.80681870592813,-4.465215903936048,4.194894647069458,29.90606749654585,64.94594264674794,89.7737978428399,35.87380526552284,58.62068965517197
2022-01-25,-4.0973865322010194,-6.937334708983833,38.35527880733203,-24.351813642746244,21.52836675446863,-4.465215903936048,3.764980861411904,30.209272391956144,63.51351351351311,90.99905812301203,36.59586987307814,58.36526181353723
2022-01-26,-4.0973865322010194,-6.157198552354204,37.0207020405628,-23.21223592667012,20.032799240017173,-4.465215903936048,4.286087576819475,29.315904606989807,64.08107860668244,101.55513631936314,35.46556771198952,60.15325670498037
2022-01-27,-4.0973865322010194,-5.066689843062056,35.966853957234065,-22.179732313575595,17.632013698138692,-4.506753717289847,3.517452935254406,28.132876053489376,65.4054074674035,195.2403359297588,35.178311419776676,59.706257982119595
2022-01-28,-4.0973865322010194,-5.460953096407161,34.17998146536223,-21.49139462647892,17.081011768715104,-4.299064650520856,3.4653412697852604,26.78740874228498,66.37838208997529,118.61451389406187,34.538867871841504,62.45210727969304
2022-01-31,-4.0973865322010194,-5.318342745223969,33.1952000324667,-20.152962504107986,17.743522466382377,-4.309451084491256,3.7258995971309883,26.026698771861145,65.13513101113763,129.6889783539073,33.52089188478165,59.89782886334567
2022-02-01,-3.454075447492777,-4.2446083360911935,32.87436573367699,-20.305929676296675,18.09118063811901,-4.413291656611862,3.7389200590353555,24.683944320023677,69.45946152145754,123.89255299223746,32.03943537962277,62.13282247764964
2022-02-02,-3.454075447492777,-5.695831698409726,32.168081943368065,-22.10325164503174,18.674972198876638,-4.049845692925869,4.16883384469291,24.212895118133694,70.13513719713322,159.23656842180716,31.078352641262374,59.003831417624106
2022-02-03,-2.068491635340164,-5.788106349191002,32.39088855664063,-21.705542832442106,18.268284683502745,-2.5752889702411297,4.8202147541314355,24.5269312810533,68.8648636276653,130.34873043228927,30.988714905936597,57.535121328224356
2022-02-04,-2.3653992161448256,-5.016354142660151,34.56097949917785,-21.697898850158424,18.504426079759707,-3.333340199524315,4.286087576819475,24.41052036777487,71.56756633036801,115.45711931703973,31.53647864033726,58.492975734354616
2022-02-07,-2.3653992161448256,-5.536447047067183,35.81980711695634,-22.24856316473478,19.42275995972036,-3.1152646987849253,4.637828894631357,25.14686502879202,74.24324654244043,99.43449179820978,32.63201798168631,62.260536398467
2022-02-08,-2.3653992161448256,-5.108628793441417,34.07304024043371,-21.91204705612162,19.816331622560647,-3.946005120805285,4.273057175631223,23.81223907007599,73.86486981366087,100.18851022430333,31.03104053857717,61.494252873562786
2022-02-09,-3.503563819726274,-5.125409493562694,33.747743859936286,-23.097512006303866,20.380449404517865,-4.454829469965649,3.934336319723708,23.124614942893196,74.21621374181755,88.92553554015457,30.92646713821301,65.19795657726648
2022-02-10,-3.503563819726274,-4.227834035931799,33.172921495940265,-22.906307417393734,20.446044681657916,-3.9667700662182726,3.843143389973669,22.59671671404744,73.94594759554431,86.56928132752182,30.331391301127162,63.92081736909279
2022-02-11,-3.503563819726274,-3.95940043364863,33.42914060200044,-21.529637878301354,20.747789362290913,-3.904467307451487,3.843143389973669,22.445119308831817,70.1081043965103,85.72101902483651,30.684955772385635,66.28352490421412
2022-02-14,-3.503563819726274,-3.9677843837473414,32.73177035110291,-21.070748031937214,22.531977697605754,-3.9771565001886833,3.8952550554428367,23.1435646185451,70.94594594594548,97.69086772566307,30.716228063093997,67.49680715197914
2022-02-15,-3.503563819726274,-3.0114892756158085,31.274656321436222,-19.388144148467468,21.666123242251544,-3.9771565001886833,3.8952550554428367,22.166279722828474,66.48648236248897,102.92178488554273,29.82097860187021,62.96296296296256
2022-02-16,-3.503563819726274,-2.575287071891341,31.13429197971598,-19.196939559557325,22.676284104419466,-4.901351060359261,4.1427829816003126,20.75314220213782,67.00000247439777,122.29029473457835,28.424161489444778,65.2618135376752
2022-02-17,-3.800478951396369,-4.034894384308618,30.08489535409089,-19.847033994831587,24.676940057190855,-3.883702362038488,4.273057175631223,20.490539432419187,62.837837837837384,111.40434049903631,27.87390452002181,66.02809706257942
2022-02-18,-3.5332538227201837,-4.764701240498203,30.909254325589576,-19.824090377778525,24.539191576643926,-3.9563915547757067,4.260026774442971,21.83059110986909,60.83783330144064,108.81245412380434,28.740374925559564,67.11366538952706
2022-02-22,-3.4243854444988675,-4.5382065885943845,28.48294427699216,-20.726576270838382,25.03115615519429,-4.880586114946251,4.012498848285495,20.528438783723303,61.89189601588847,111.96984870082649,27.04977161967239,72.3499361430392
2022-02-23,-3.4243854444988675,-5.335123445345236,27.61624864929042,-21.30019003756879,25.234499912881247,-5.181729319865425,4.077640914942915,18.944754182165102,59.459459459458984,117.86051793908814,25.914388008157353,74.64878671775183
2022-02-24,-3.4243854444988675,-5.704215648508438,26.112335881712934,-21.835566387577742,26.277466420855156,-4.485980849349058,3.9734175840046237,18.010774186527744,57.432432432431966,115.26860909273636,24.709300668947275,77.52234993614265
2022-02-25,-3.6025330133278244,-4.3033279865918095,27.66081634634738,-21.521988060916662,23.745490324696593,-7.570094168750352,3.9473667209120045,19.99242214673491,61.89189601588845,110.65032207294277,27.53528758634949,68.45466155810946
2022-03-02,-3.6025330133278244,-2.592061372050669,27.89252587502724,-22.217975565398017,26.001969459761387,-4.361375331815475,4.181864245881206,21.608600550821233,70.13513719713316,124.41093925573172,28.451551457046985,88.76117496807112
2022-03-03,-3.770781397537004,-2.8772756744551597,26.19700919411909,-21.75907988393294,26.887505701152016,-5.233645644661822,4.260026774442993,19.453692650379885,71.21621209221863,122.52592689717758,26.8954641168871,91.89016602809663
2022-03-04,-3.770781397537004,-3.145709276738362,23.986812636232678,-23.663481790750563,28.901277506457014,-5.223267133219256,4.012498848285517,17.921441442022946,77.02702702702649,136.3807654854385,25.26205087339253,93.231162196679
2022-03-07,-3.770781397537004,-6.031375301254183,22.5051890291857,-25.92734342323444,30.790424690984764,-6.3551428376310115,4.077640914942937,19.302095245164264,76.32431855072792,127.75684405705725,26.000547086999614,91.37931034482713
2022-03-08,-3.770781397537004,-5.9474846005716175,23.65706479803158,-26.003824091778295,33.82092329196047,-5.07788082521704,3.569564600723618,19.91932621851509,72.43243037043337,113.33647479588636,27.243970882814605,92.7203065134095
2022-03-09,-3.770781397537004,-3.8839000830266923,22.763639176099716,-22.39388051953881,30.265662473864396,-6.022848253328417,3.569564600723618,18.34105725071169,74.13513595993399,113.28935285759046,25.956725513345667,87.73946360153211
2022-03-10,-3.770781397537004,-4.127169035089873,23.592460229306123,-23.525814253331244,31.065921652078554,-5.919007681207833,3.569564600723618,17.052438966463022,79.05405405405348,118.23751591657503,24.779016269190034,93.55044699872236
2022-03-11,-3.770781397537004,-5.754551348910342,22.879493940439644,-24.183558505990188,30.05575278267465,-5.399796898077048,3.569564600723618,16.716750353503663,77.24324819203913,122.66729271206529,24.734197401527137,95.27458492975687
2022-03-14,-3.770781397537004,-6.970889709264416,23.28275988677757,-23.717018842241387,28.540503482186775,-5.244032078632255,3.569564600723618,17.093051177133777,70.00000412399652,119.50989813504309,26.322732414620177,86.01532567049763
2022-03-15,-3.770781397537004,-8.111734118958491,24.824547228850435,-23.90057361376683,26.500491964578554,-5.763242861763029,3.569564600723618,17.27713229989849,66.2162162162157,115.26860909273636,27.515365451266447,93.61430395913106
2022-03-16,-3.770781397537004,-6.299808903537363,26.141307540800952,-22.814532949181498,25.155788783207612,-5.669788723612845,3.569564600723618,18.159668817355534,70.00000412399652,123.75118717734979,28.556124857411124,86.46232439335841
2022-03-17,-3.770781397537004,-4.622097289276894,24.599520198728108,-21.200765751971907,27.392586132235962,-5.815167109087227,3.569564600723618,15.547255841900398,74.86485661687024,135.15550520526634,26.332064237132258,92.72030651340945
2022-03-18,-3.770781397537004,-2.7095006730519677,24.55718354252503,-20.573614933750704,26.480810178542136,-5.2544185126026655,3.569564600723618,15.09786917502951,79.45946358345594,129.17059209041298,25.47369090914313,89.46360153256654
2022-03-21,-3.770781397537004,-1.7532055649204459,23.679343334558013,-19.502868068833767,26.507049890845337,-5.244032078632244,3.569564600723618,13.944611479711488,79.45946358345594,130.91423863407945,24.935876369736242,93.16730523627027
2022-03-22,-3.770781397537004,-0.7717458065689353,21.105986445682866,-17.629065431554846,25.988845599991794,-4.85981324700544,3.569564600723618,11.708499327886468,78.27026779587149,144.43920118314932,22.879266162574517,92.33716475095734
2022-03-23,-3.770781397537004,-0.947904758070861,20.582403653297266,-17.904400506393536,27.031812107965724,-4.28868613907828,3.569564600723618,9.694367650130232,77.27026037267682,146.55984570430266,22.251813887841877,93.55044699872235
2022-03-24,-3.770781397537004,0.46137325390642747,18.256362955074977,-16.940727744458183,28.671694036466878,-2.4091377168259376,3.569564600723618,7.807468068182932,78.64864452465106,154.52403752542173,20.115527012895896,91.12388250319235
2022-03-25,-3.770781397537004,0.43620860368640546,18.316516066096767,-15.984704799907522,28.160055679116127,-1.4122539639181753,3.569564600723618,6.797699454916972,74.05405817805058,162.53535128483668,20.167813713077965,92.5925925925921
2022-03-28,-3.770781397537004,0.4445925537851281,15.979330787609225,-16.29063330918392,27.228597939385857,-1.1941863857065638,3.569564600723618,4.891850197317482,74.18918094119455,159.566444460998,17.941877230258484,91.18773946360103
2022-03-29,-3.770781397537004,1.5686626633198308,16.65441187797625,-15.066919272078316,25.418169891767796,-1.8483970428691543,3.569564600723618,4.185286479461814,73.40541530299775,151.4608868249913,18.619122970150915,85.50446998722812
2022-03-30,-3.770781397537004,1.7783766151023839,17.498839593155612,-15.227536261651675,26.82846835027879,-1.2668755784437713,3.569564600723618,4.680690905779161,74.97296719937655,164.1376095424957,18.422418599438693,88.5057471264363
2022-03-31,-3.770781397537004,1.2498933606347462,18.525947058250168,-15.456978267283251,27.858310998483127,-0.8826646693447682,3.569564600723618,5.7500214053678,72.56756344356997,165.8812560861622,18.758554170636476,91.25159642400973
2022-04-01,-3.770781397537004,2.8856660245158317,16.828199336488158,-15.028681855356874,25.883894758014915,-0.8826646693447682,3.569564600723618,5.254616979050453,71.35135547534786,169.55701445555883,17.964292600363805,87.73946360153208
2022-04-04,-3.770781397537004,2.617232422232618,14.658119017955018,-15.372847781354714,26.54640545568221,-0.2907646934767971,3.569564600723618,2.8425320276243227,72.37837507918022,169.180016478072,15.957463985814147,91.6985951468705
2022-04-05,-3.770781397537004,0.32715325278385166,12.269683543852983,-17.590822179732456,26.13316001404151,-0.8307404220205705,3.569564600723618,1.2777870167389738,69.21621786581451,184.26013781762487,14.378901912810328,94.06130268199182
2022-04-06,-3.770781397537004,-0.26004325222255265,12.967053794750516,-18.25621624977608,25.837981266911303,-1.2876484463845372,3.569564600723618,1.770488668668757,70.40540334340636,184.11874953161745,15.795629287771028,93.23116219667892
2022-04-07,-3.770781397537004,0.26843360228319124,14.424178448421255,-17.37667397376925,26.84815013631521,-1.4745646452127614,3.569564600723618,3.088877811099544,68.7837858457818,199.67013519636873,17.40158132837706,93.55044699872236
2022-04-08,-3.770781397537004,0.10904895094063782,14.978953316744681,-17.705546100098722,27.35978849366596,-0.3115296388897848,3.569564600723618,3.614073265557405,68.270265733873,195.8529660698448,18.32033843409686,96.36015325670446
2022-04-11,-3.770781397537004,-1.0905087092921706,13.7379421537849,-18.470364455739265,27.53690054628568,-2.097616000464131,3.569564600723618,2.2577746868437165,66.2162162162157,213.05373193055095,16.975819894401244,95.27458492975683
2022-04-12,-3.770781397537004,-1.7196505646398408,13.706750077847074,-19.778203143672457,29.36044444643735,-2.7622051690693095,3.569564600723618,1.283202650493731,66.48648236248891,214.79735600309758,16.86377866151787,98.27586206896497
2022-04-13,-3.770781397537004,-1.166009059914086,12.657353452221987,-19.426387400289926,29.944244014430964,-1.0591944342025705,3.569564600723618,0.8581712080502069,67.21621332941774,229.73611152776283,16.353354089713168,100.12771392081686
2022-04-14,-3.770781397537004,-1.8538705657624055,13.79364380710304,-19.732315909566324,29.28173331676369,-1.370716150564355,3.569564600723618,1.239887665435102,64.86486486486433,244.01509250292625,16.779115523688958,101.85185185185136
2022-04-18,-3.770781397537004,-2.1726334684855964,13.437165974671839,-18.585088376105517,30.06887664244424,-2.481826909563112,3.569564600723618,0.5306110882125292,62.83783783783732,268.52027563524985,17.038067662124767,107.72669220945032
2022-04-19,-3.770781397537004,-2.66756172267264,13.339127665150619,-19.235182811379794,28.284680299893417,-1.0695808681729924,3.569564600723618,-0.8338058986437802,62.7027047647007,238.1715452029606,15.827993852870081,105.36398467432902
2022-04-20,-3.770781397537004,-3.2799228778990552,12.142684199247778,-19.028678587700288,28.061662763406048,-1.0695808681729924,3.569564600723618,-2.3281577556969024,59.729725605732156,226.90857051881187,16.151675121504038,108.3652618135372
2022-04-22,-3.770781397537004,-6.006204251072322,11.501015601668385,-20.650095602294584,26.664480157428684,-2.1287673798475515,3.569564600723618,-2.5853448916607236,54.32432020032678,207.91705864726308,15.051161182658102,102.55427841634695
2022-04-25,-3.770781397537004,-6.59340715604062,10.834837426708678,-21.07074803193726,24.18497547864056,-2.0249268077269678,3.569564600723618,0.8744181093142789,52.70270270270223,214.27899221072315,19.39346240534059,104.40613026819881
2022-04-26,-3.770781397537004,-8.59827202308493,16.32467466377918,-23.556407687769,24.722861555530518,-1.879548422252597,3.569564600723618,3.145726838055274,49.18919125118726,222.80866976251264,21.41025208743177,105.17241379310303
2022-04-27,-3.770781397537004,-7.432262963170855,18.47692790348954,-24.01529753413314,23.706134759859808,-2.326070012646153,3.569564600723618,6.399746181247035,52.945946358345196,242.4599561835632,24.43790610049539,108.3014048531286
2022-04-28,-3.770781397537004,-7.012835059605738,16.678921455356523,-24.244739539764716,23.889796731510348,-1.8691619882821864,3.569564600723618,4.642791554475312,56.3513472273538,224.599438244475,23.58638323254376,108.42911877394599
2022-04-29,-3.770781397537004,-9.084809927211335,15.493622569718934,-25.315486404681653,25.241065846384082,-0.8826646693448015,3.569564600723618,2.1901044773574796,53.78378790778036,241.3760617182787,22.943995292772712,109.00383141762413
2022-05-02,-3.770781397537004,-10.049488985441569,16.705662073590677,-26.83747329857804,22.125290182231904,-1.3395647711809788,3.569564600723618,3.513909253543046,52.56756962956564,252.2620159538208,23.778101133211372,107.66283524904176
2022-05-03,-3.770781397537004,-9.781055383158389,18.99605923817147,-26.81452968152499,22.584457122212243,-2.222221517997758,3.569564600723618,5.768971081019969,53.94594347154727,274.83506478929434,26.601594815591277,104.53384418901624
2022-05-04,-3.770781397537004,-8.54794272264493,16.21550239799676,-25.506690993591786,22.46638242046577,-1.9522376149897713,3.569564600723618,3.1078274867514466,55.94594800794399,296.5598513220825,23.449433394532782,103.95913154533804
2022-05-05,-3.770781397537004,-11.072894094134355,16.326895080628965,-28.183555238333657,22.925549360446105,-1.3499512051514007,3.569564600723618,3.059096867938038,55.54053847854155,313.9019829976764,22.470921756111693,105.3001277139204
2022-05-06,-3.770781397537004,-11.047729443914367,18.02464280239098,-27.862332929388867,23.397832152960053,-1.8691619882821864,3.569564600723618,4.43704789669177,53.27026779587158,279.02923189330517,25.189842038127463,102.3627075351209
2022-05-09,-3.770781397537004,-12.549282106672921,19.32803811722643,-27.869982746773537,21.816987575332124,-1.1318836269398225,3.569564600723618,5.219420402134456,48.864869813660874,231.1027376228228,26.49452818020479,100.38314176245171
2022-05-10,-3.770781397537004,-12.733831408235474,21.41568678821133,-28.0994247524051,20.688752011417755,-1.4330268318589967,3.569564600723618,7.106309899102681,45.000004123996604,248.0207493826339,28.49886355973217,100.89399744572117
2022-05-11,-3.770781397537004,-11.802700950323953,20.34401162605981,-27.372849648586993,21.521808828201937,-1.5576323493926125,3.569564600723618,6.58112452962385,48.108106046109135,260.0376975506365,27.76186328713848,104.9169859514683
2022-05-12,-3.770781397537004,-10.494087939188578,20.248204357392453,-25.58317166213564,19.632669650910216,-2.3364485240887856,3.569564600723618,7.054876505901442,46.756754694757774,264.7031065087259,27.835366230105606,107.7905491698591
2022-05-13,-3.770781397537004,-9.781055383158389,18.659628901412862,-25.2772489879602,18.556905504366263,-1.3499512051514118,3.569564600723618,8.070060752922203,51.081085205077635,261.121592015921,27.814149987320548,102.9374201787991
2022-05-16,-3.770781397537004,-8.37177737118111,17.329503592347308,-24.520074614603395,18.95703509347333,-0.9034296147578336,3.569564600723618,5.809583291690745,52.02702702702655,274.929308665886,25.944271210781842,106.76883780332017
2022-05-17,-3.770781397537004,-8.178844119519823,17.60131873637638,-23.2504791784926,19.26532969313717,-0.3115296388898403,3.569564600723618,6.2616828179285156,54.21621992781307,291.3289341622028,25.979129010903247,104.5338441890162
2022-05-18,-3.770781397537004,-10.359867938066058,15.990464743870358,-25.040151329842963,19.114465360056656,-0.3115296388898403,3.569564600723618,3.2567221175791694,49.216213741817505,294.3449629243373,22.951463125291927,99.61685823754749
2022-05-19,-3.770781397537004,-9.386798529775186,15.856782900707644,-24.596561118248207,20.77402106735824,-0.3115296388898403,3.569564600723618,5.121959164507617,52.081082318279705,291.5174219153863,23.68348880038873,100.06385696040829
2022-05-20,-3.770781397537004,-8.405332371461771,16.168714284090036,-23.288716595214044,20.813384639431032,0.3634459636857379,3.569564600723618,4.393732911633141,55.67567155167812,280.91424425185915,22.749784157082797,98.91443167305198
2022-05-23,-3.770781397537004,-6.7024561069812805,14.74055066550326,-22.179732313575652,21.206956302271294,-0.5088322716884197,3.569564600723618,3.278384652598021,58.35135176375055,312.0641150485379,21.509839017751318,100.83014048531251
2022-05-24,-3.770781397537004,-6.6605171566019195,14.522206133938443,-21.789673318370696,22.341749792452493,-1.235724199060395,3.569564600723618,1.9247989332509707,58.378374254380816,314.5145906666425,19.84910704194092,97.12643678160882
2022-05-25,-3.770781397537004,-6.366912504136801,15.17501931178311,-22.523898239573516,21.101997453058452,-1.4537917772719844,3.569564600723618,2.875015745173326,58.45946234625687,322.7615365886567,19.95617367732738,97.25415070242617
2022-05-26,-3.770781397537004,-5.528056697006567,14.785107738556146,-21.5296378783014,21.180716589968096,-0.6645891686054006,3.569564600723618,2.6719748617776595,59.945946770744825,319.79265223593785,20.080669212774538,95.40229885057431
2022-05-27,-3.770781397537004,-5.486117746627195,13.976344805026407,-20.956024111570994,21.436539772261455,-0.22845401218224426,3.569564600723618,1.6080599959435116,61.405408704602515,311.2629746841484,18.721203135492793,98.53128991059985
2022-05-31,-3.770781397537004,-5.981039600852345,14.020901878079272,-20.841300191204716,20.87241398306827,-0.19730263279882365,3.569564600723618,0.674090085285517,61.351353413349344,283.8360291374019,18.327806266616054,92.46487867177484
2022-06-01,-3.770781397537004,-5.73777064878912,13.107418136470784,-21.889103439068613,20.911777555141086,0.20768114424096762,3.569564600723618,-0.4981172856844296,64.56756591796821,309.8020822413771,17.78004253221539,86.78160919540193
2022-06-02,-3.770781397537004,-4.764701240498248,14.23924640964409,-21.453157209757524,22.433584781895743,-0.16615125341541415,3.569564600723618,0.15972589833690432,67.75675593195683,299.8586117139923,19.89890050710068,86.52618135376717
2022-06-03,-3.770781397537004,-5.8552099497904075,14.586821326667954,-22.600384743218328,21.049526035687972,0.10384057212038389,3.569564600723618,-0.06768029446546642,65.56756303117031,301.6493801959546,19.405916707904435,85.69604086845428
2022-06-06,-3.770781397537004,-6.677291456761281,13.994161259845095,-23.40344051558031,20.642830513078092,0.10384057212038389,3.569564600723618,-1.20739386290728,65.05405322925412,339.30252789986133,18.890517538602825,89.65517241379273
2022-06-07,-3.770781397537004,-7.063164360045759,14.134536225569416,-24.282982791587116,21.18727451623488,-0.5192107831310078,3.569564600723618,-1.8544057794193214,66.10810563370937,337.9359242759212,19.368565672760706,93.35887611749642
2022-06-08,-3.770781397537004,-8.505997372303664,16.001609324135636,-25.27724898796019,21.47589533709826,-0.9138160487281777,3.569564600723618,-0.812143363624962,60.59458964579765,309.9434705273846,21.194278571761416,95.27458492975698
2022-06-09,-3.770781397537004,-9.370017829653909,16.917324106597988,-25.43021032504792,21.272551579411324,-0.9138160487281777,3.569564600723618,-1.3617041274895492,56.270269445470376,322.3845610822898,21.955522586810105,97.44572158365226
2022-06-10,-3.770781397537004,-10.745740841350548,15.981551204458988,-27.036327704872843,22.76156116759598,-0.6126728438090034,3.569564600723618,-1.24799598859896,56.00000329919715,317.0594000458184,22.084992719754148,97.50957854406094
2022-06-13,-3.770781397537004,-13.371363613643805,16.814834339373096,-28.680688336520188,19.908166612003985,-0.5192107831310189,3.569564600723618,0.14619185643975907,50.97297462257131,305.70218148507786,24.094314569326116,96.487867177522
2022-06-14,-3.770781397537004,-13.497186864743805,18.59501370868333,-28.87189292543032,18.694653984913145,-1.4953295906257824,3.569564600723618,3.140311204300761,46.78378749538066,238.7841753430467,27.316179718079646,96.23243933588725
2022-06-15,-3.770781397537004,-12.859661059297423,18.898031552654327,-27.801146060513382,19.075109795219802,-1.0488080002322042,3.569564600723618,2.322752206920886,47.0270311510236,249.67012957858876,27.3834020833001,97.70114942528699
2022-06-17,-3.770781397537004,-15.384612430786825,18.661859942266723,-28.84129949099259,20.406689116821152,-0.25960539156564266,3.569564600723618,3.2838002863528004,40.37837466678058,227.2384465580029,25.79238570773248,100.38314176245171
2022-06-21,-3.770781397537004,-15.837595334632603,21.53154155255126,-28.053537518299,20.3410938396811,-0.3115296388898403,3.569564600723618,3.9578802866593765,39.62162120922148,220.82941352736677,29.153693929519275,94.3167305236267
2022-06-22,-3.770781397537004,-15.988589635914508,20.18358916466292,-28.03824371863063,20.32142006088069,-0.3115296388898403,3.569564600723618,1.7515389930167657,36.40540870460263,223.18566773999953,27.550223251387827,96.16858237547856
2022-06-23,-3.770781397537004,-17.196544046169848,22.184354730395906,-29.063097514340473,19.75729427168751,-0.830740422020626,3.569564600723618,3.383964298367137,33.162163399360864,194.01507564958655,29.31304726508781,90.74074074074039
2022-06-24,-3.770781397537004,-16.408017539479612,22.7012444002199,-29.414913257722997,19.809773696293952,-0.9345809941412209,3.569564600723618,5.162571375178349,37.54053889094129,193.11969140860538,30.418535801430615,91.63473818646197
2022-06-27,-3.770781397537004,-14.906464876721081,23.218144694047993,-28.68833815390489,19.442441745756888,-1.381102584534799,3.569564600723618,5.010963884983943,40.97297256057282,206.36192232790003,30.503187066711778,90.10217113665352
2022-06-28,-3.770781397537004,-14.94001987700171,23.398614651117455,-29.59846802924846,19.219416202033536,-1.7133971688373828,3.569564600723618,4.710471848940534,42.02702496502806,208.71819901165262,30.38866447135384,93.9974457215833
2022-06-29,-3.770781397537004,-15.585942432470667,23.432037767909144,-30.470360487870572,18.97015094600696,-1.7133971688373828,3.569564600723618,4.79710181905777,40.10810852050737,206.2205565130124,31.13063934144442,96.74329501915675
2022-06-30,-3.770781397537004,-16.810671142885358,20.531164081686782,-31.105161123476467,18.34043788690969,-1.8691619882821864,3.569564600723618,2.7098742130814646,37.45946110905785,155.60790951958646,28.996833828973045,89.9744572158362
2022-07-01,-3.770781397537004,-16.28218788841772,22.574255679618794,-30.59273422562153,17.999345648675845,-1.8795484222526082,3.569564600723618,4.705056215185777,37.35135052655152,170.02827878075735,30.767113802644474,92.72030651340964
2022-07-05,-3.770781397537004,-16.91972009382603,23.79520872290193,-30.929256169335662,15.56576246822734,-2.066464621080777,3.569564600723618,6.158805946547186,33.351351763750635,160.2733184776759,32.66687578180767,87.99489144316699
2022-07-06,-3.770781397537004,-16.59256684104219,23.017627241305938,-31.265772277948845,13.80124791171291,-2.1910701386143927,3.569564600723618,7.561122284707356,34.702703115102,159.66071080870967,34.08360315676837,90.10217113665358
2022-07-07,-3.770781397537004,-14.839361276121721,23.133482005645888,-30.28680571634511,13.998033743133043,-3.219113193433343,3.569564600723618,8.053823936637116,37.54053889094131,196.748350310826,35.14925929549293,90.8045977011491
2022-07-08,-3.770781397537004,-15.300728130066199,20.87204587614906,-30.13384437925739,14.175137788516757,-3.4164079037041217,3.569564600723618,6.326650253026878,35.05405735325129,184.35438169421667,32.913373617679675,98.78671775223467
2022-07-11,-3.770781397537004,-17.062324045047294,19.16093315727201,-31.923516530607777,13.479829452279457,-4.4652159039361035,3.569564600723618,4.369367602226393,31.945945121146146,202.82752977339098,30.816919140351963,99.55300127713889
2022-07-12,-3.770781397537004,-16.684841491823455,20.30835746841424,-32.09177750246484,13.040344298335537,-4.849434735562919,3.569564600723618,5.939528246866255,32.32432184992569,190.43356115678165,33.88441742358157,87.1647509578541
2022-07-13,-3.770781397537004,-17.339147997391123,21.440196365591603,-32.86424567549007,13.755326413373247,-3.5721727231489475,3.569564600723618,7.6531578036002745,30.81081493480744,215.2214983900003,35.36089933124356,89.01660280970593
2022-07-14,-3.770781397537004,-18.56387670780585,20.47991388607229,-33.46080305927352,11.807149885208279,-3.644861915886144,3.569564600723618,6.0315738507382255,25.918919331318225,211.02733128598948,34.22552759227624,77.52234993614273
2022-07-15,-3.770781397537004,-18.228333104961358,21.045833334661012,-32.69598470363299,11.669401404661372,-2.7310537896859777,3.569564600723618,5.6417389852109645,27.243248192039317,230.63147329762438,35.01978916254891,54.34227330779029
2022-07-18,-3.770781397537004,-17.959899502678166,21.50703197517092,-32.35181877763513,12.115444484872096,-3.052961940018173,3.569564600723618,5.836651375484925,27.837835775838915,252.4505261781242,34.703575726434146,56.38569604086818
2022-07-19,-3.770781397537004,-16.82744544304472,22.852753322205377,-30.401529636711377,12.167923909478517,-4.890972548916728,3.569564600723618,6.453882348835771,30.054051167255725,242.31856789755585,35.36836716376275,52.42656449552974
2022-07-20,-3.770781397537004,-16.743561142324083,23.31395196271533,-30.43977288853379,11.479173499508043,-4.672897048177327,3.569564600723618,6.018029723862028,29.99999587600253,277.3327072879346,34.77826592417379,51.27713920817343
2022-07-21,-3.770781397537004,-16.36607858910022,24.05587928666575,-29.36902602361685,12.345027954862275,-4.870199680975906,3.569564600723618,7.00885874645516,30.540538478541592,273.79831473342557,36.19997976917912,47.06257982120026
2022-07-22,-3.770781397537004,-16.40801753947959,25.14315048678619,-30.16443781369511,13.289601547126129,-3.2087267594629765,3.569564600723618,8.560059630464023,30.810814934807418,291.0933019996038,36.88717470406533,44.12515964240078
2022-07-25,-3.770781397537004,-15.275563479846156,24.078157823192203,-29.52198736070457,12.758281403738936,-4.080997072309323,3.569564600723618,9.125857210613608,30.918915207321106,311.26297468414873,36.85978473646314,48.1481481481479
2022-07-26,-3.770781397537004,-15.518832431909358,21.94150062145077,-29.942639790347258,12.673004340562489,-4.226375457783737,3.569564600723618,6.280632493580374,29.864862802865886,323.79830911564574,33.364031784235415,52.49042145593843
2022-07-27,-3.770781397537004,-14.017279769150814,20.691575919079597,-29.292545355072985,12.764839330005762,-4.226375457783737,3.569564600723618,5.744605771613198,32.270266558672446,309.3779623255946,33.20966491871149,53.32056194125132
2022-07-28,-3.770781397537004,-13.295863263021857,19.147568160156947,-28.2600359068775,14.81141678111677,-3.4371807716449876,3.569564600723618,4.2204729713986255,33.37837425438086,283.31762040278807,30.543031336877814,57.08812260536369
2022-07-29,-3.770781397537004,-12.800941408796728,17.632510812314205,-28.673038519135485,15.63791567163415,-2.803742982423185,3.569564600723618,4.374783235981172,34.72972560573222,287.794541607694,29.041652696635943,57.407407407407106
2022-08-01,-3.770781397537004,-13.631406865866335,17.694894964189878,-29.139578182884296,16.038045260741242,-3.8421645486847456,3.569564600723618,4.883731789175005,31.00000329919719,290.3393060446301,28.75531059059795,55.0446998722858
2022-08-02,-3.770781397537004,-12.683502107795464,18.463562906374477,-28.497133564994726,16.175793741288146,-4.3094510844913225,3.569564600723618,6.656923232231438,32.70269857870518,263.147970189363,29.07401726173504,51.02171136653868
2022-08-03,-3.770781397537004,-12.21373850382842,19.35923019316428,-27.50286736862162,15.31649721220074,-3.72793754259374,3.569564600723618,7.087360223450689,30.3513501141518,289.5381656802407,31.407008507393265,51.085568326947374
2022-08-04,-3.770781397537004,-10.393422938346674,19.486218913765384,-25.15487525020922,17.317153164972133,-2.0560781871103995,3.569564600723618,6.7110694847996255,32.16216628615876,282.75211220099783,31.531504042840417,53.831417624520796
2022-08-05,-3.770781397537004,-10.07466003562345,18.911396549769364,-24.359463460130947,16.29386844303462,-1.3603376391218336,3.569564600723618,6.353718336821412,34.459459459459005,280.0188600108782,29.748769766605164,55.874840357598686
2022-08-08,-3.770781397537004,-8.388558071302343,18.31874710695056,-22.738052280637643,17.20564439672845,-0.42575664498085697,3.569564600723618,3.524730436073198,35.810810810810366,257.634321399708,28.59098265753255,55.42784163473791
2022-08-09,-3.770781397537004,-8.09495981879913,16.0617624351574,-22.40918015430816,17.677927189242393,-0.9034296147578447,3.569564600723618,2.574513624151109,37.972970910974,269.13290577533616,27.234009815273108,57.21583652618107
2022-08-10,-3.770781397537004,-6.794730757762501,16.482855460318113,-21.032504780114813,17.782878031219273,-0.3115296388898514,3.569564600723618,2.634075510473788,38.378380440376446,286.522136918106,27.572638621493194,58.68454661558082
2022-08-11,-3.770781397537004,-7.298042962048257,16.846026415310924,-20.458891013384406,17.39586429464581,-1.1630350063232209,3.569564600723618,3.8279353314834896,39.8648648648644,318.1903715071592,26.825677281358008,60.72796934865872
2022-08-12,-3.770781397537004,-4.6388715894362775,18.559370175041835,-18.546845124283074,17.979663862639406,-0.22845401218226646,3.569564600723618,4.973064533679805,42.702700640703696,313.1950865098788,28.401757991887244,63.40996168582347
2022-08-15,-3.770781397537004,-4.24460833609116,15.861244982415368,-18.133842512025055,16.85142829872501,1.3914810959768875,3.569564600723618,3.0428600516529514,39.70269899110488,311.31007415132467,26.3575902147416,60.08939974457188
2022-08-16,-3.770781397537004,-3.741296131805394,15.310921571795589,-18.011474609375068,16.313542221835053,1.2357162765320728,3.569564600723618,3.605944772435632,40.135131011137595,339.6324488812919,26.872989384043187,56.06641123882476
2022-08-17,-3.770781397537004,-3.716131481585394,16.507365037698428,-17.973231357552656,15.46736955251724,-0.2699918255360534,3.569564600723618,3.6519726168611655,41.1351384343323,335.6267920015845,28.02177710194005,57.088122605363736
2022-08-18,-3.770781397537004,-3.86712578286732,17.05768844831821,-18.623325792826904,15.139393166817005,0.1142270060907391,3.569564600723618,3.586995096783707,40.27027439426685,332.98773874581696,28.600943725074046,58.30140485312876
2022-08-19,-3.770781397537004,-5.435782046225235,16.113012630771895,-19.502868068833713,14.63430472849707,0.1142270060907391,3.569564600723618,2.9995450665943446,37.027029089025085,339.962324920483,28.650737190233812,59.89782886334587
2022-08-22,-3.770781397537004,-6.585016805979937,15.261902417035,-20.611852350472105,13.742210560839641,0.1142270060907391,3.569564600723618,2.119711323525175,35.13513513513467,356.1734401924963,28.68559499035519,61.813537675606426
2022-08-23,-3.770781397537004,-4.420767287593074,14.1100266481891,-19.96175791519783,14.581833311126612,0.716505493401276,3.569564600723618,1.4726994070131116,41.351349289352335,333.22337090841626,28.379342621781923,68.58237547892696
2022-08-24,-3.770781397537004,-4.211053335810511,13.27674351327499,-19.96175791519783,14.647428588266663,1.1422621383818887,3.569564600723618,0.9989474307352753,38.75675716915596,339.6795483484681,27.069681882207686,70.05108556832671
2022-08-25,-3.770781397537004,-3.7245218316460216,13.428252435260468,-18.738049713193185,15.296815426164345,0.15575689691673666,3.569564600723618,0.9150202350058922,39.18918918918868,341.80019286962136,27.234009815273108,67.94380587484012
2022-08-26,-3.770781397537004,-5.083464143221383,13.43716597467186,-19.655829405921445,13.879959041386547,-1.20457281967703,3.569564600723618,1.2046910885190387,35.13513513513465,338.0772676196893,27.19915201515173,70.81736909323094
2022-08-29,-3.770781397537004,-5.075073793160733,12.323154156317262,-19.31166347992358,13.912756679956551,-0.8826646693448348,3.569564600723618,-0.7796596460759919,33.72972849253013,340.76342034263274,26.048844611146027,74.64878671775202
2022-08-30,-3.770781397537004,-6.652126806541192,12.064704009403226,-19.61759198919999,13.033778364832727,-0.706126981959232,3.569564600723618,-1.802972386218149,31.75675675675629,326.10744138998234,25.16993177559219,73.62707535121307
2022-08-31,-3.770781397537004,-7.105109710386969,14.33728471916531,-21.682599215389043,12.351593888365041,-0.4049837770400577,3.569564600723618,-0.032483717549292024,29.72972972972927,330.1130982696898,27.527819753830297,72.09450830140464
2022-09-01,-3.770781397537004,-6.685681806821853,15.834504364181212,-20.458891013384385,11.288945594354715,-0.4049837770400577,3.569564600723618,0.6145281989627716,29.72972972972927,336.4750318331498,29.016755964056063,68.13537675606621
2022-09-02,-3.770781397537004,-6.207534252756075,16.15980074467864,-19.77055332628771,12.15480805694491,0.9761108849666744,3.569564600723618,1.261540115474813,29.756752220359562,314.0433712836837,30.47829033413194,70.88122605363965
2022-09-06,-3.770781397537004,-7.205768311266958,14.18354475632595,-20.611852350472105,11.538210850381269,0.07268919273695218,3.569564600723618,-0.6226466071055703,30.810814934807397,283.8360291374019,28.32457455912527,73.88250319284782
2022-09-08,-3.770781397537004,-7.037999709825693,16.808151840815565,-20.26003660708956,12.036733355198415,0.4569001018358776,3.569564600723618,-1.4889362232985537,29.783785020982446,272.9971743690359,30.63515043467817,72.2860791826307
2022-09-09,-3.770781397537004,-4.7647012404981925,16.20212677687769,-19.15870214283585,12.57461142485241,1.2357162765320506,3.569564600723618,-1.8950179900901531,34.78378089698537,276.8143210244401,29.80354970180954,78.4163473818644
2022-09-12,-3.770781397537004,-3.925845433367958,15.072529544558222,-18.003824791990375,13.355196824266159,0.6230513552510919,3.569564600723618,-2.3281577556969912,36.21622034021277,288.73702531585104,28.13533802093222,81.92848020434205
2022-09-13,-3.770781397537004,-6.291418553476746,14.858636470697073,-19.80114676072543,11.839947523778282,-1.349951205151434,3.569564600723618,-3.3298079608205966,32.16216628615874,290.3864504540456,26.783351648717392,81.09833971902916
2022-09-14,-3.770781397537004,-6.55146180569931,15.342113647733457,-19.47227463439596,11.282387668087889,-0.6230592777794475,3.569564600723618,-2.7098742130818976,28.918920980916972,329.5004906007235,29.21842305971747,81.09833971902916
2022-09-15,-3.770781397537004,-6.761175757481864,14.767291283737439,-20.267686424474228,9.242376150479647,-0.6749756025758558,3.569564600723618,-2.173847491114722,29.999995876002462,292.2714628125997,28.54368242739507,73.0523627075349
2022-09-16,-3.770781397537004,-7.323207612268268,16.685603953914075,-21.05544839716782,9.655621592120344,-0.07268919273747398,3.569564600723618,-0.9502168119225995,29.594596656592653,265.88124485060223,30.620214769639787,72.98850574712621
2022-09-19,-3.770781397537004,-5.158964493843287,16.948516182535855,-18.087955277918887,9.294847567850084,0.051916324796108526,3.569564600723618,-0.4250213574646944,33.51351763751007,265.315736648812,30.734749237545444,73.24393358876095
2022-09-20,-3.770781397537004,-4.554987288715617,15.469112992338685,-15.869980879541135,8.868478266439794,1.06957294564467,3.569564600723618,-2.2658930949864597,31.081081081080608,263.66635645285703,28.74784275807878,76.7560664112386
2022-09-21,-3.770781397537004,-5.385452745785225,14.159035178945722,-16.826003824091806,9.189896725873226,0.716505493401276,3.569564600723618,-3.080749317978204,30.270272332268334,266.58811886728,28.0158289555297,75.09578544061281
2022-09-22,-3.770781397537004,-3.3050939280809044,13.20990790369574,-15.717019542453414,9.596592248483082,1.3707161505638998,3.569564600723618,-3.0428499666743436,33.243241181244265,234.07164444666137,28.7354003280627,75.79821200510834
2022-09-23,-3.770781397537004,-5.56161169728715,12.09589608534114,-17.606115979400727,7.923912681411904,1.6614729215126633,3.569564600723618,-2.747773564385747,29.459463583456056,221.77191970664384,27.36846641826176,72.86079182630887
2022-09-26,-3.770781397537004,-7.423872613110161,10.620954976851692,-19.158702142835825,6.480816584330906,0.7268919273716978,3.569564600723618,-0.7390575203843008,27.027027027026595,225.30631226115295,30.936428205754574,70.17879948914411
2022-09-27,-3.770781397537004,-8.371777371181043,14.751695245768603,-20.13001888705489,6.703834120818275,0.4153622884821129,3.569564600723618,0.8175690823584159,27.972968848975487,213.43072990803788,34.18817655713262,70.49808429118755
2022-09-28,-3.770781397537004,-8.321448070741033,14.91878958171895,-19.770553326287676,8.914399764779413,0.8099675540792717,3.569564600723618,0.6145281989627494,27.75675799395545,223.65693206519794,33.90682092113926,71.26436781609175
2022-09-29,-3.770781397537004,-8.71571132408615,16.208809275435286,-19.923520498476364,8.789767136766136,0.031151379383098643,3.569564600723618,0.7634228297905166,28.081079431481836,223.93968616609308,33.809715353294266,71.00893997445704
2022-09-30,-3.770781397537004,-6.660517156601841,18.153873187850156,-18.852773633559426,9.045590319059515,1.298026957826659,3.569564600723618,1.1397236534206545,32.135133485535874,218.85013482110108,34.35749096024266,73.05236270753494
2022-10-03,-3.770781397537004,-1.4763880125384987,18.17392068352275,-13.980878607492864,11.046246271830928,1.8795404997242304,3.569564600723618,1.185741412867114,35.459456572661054,204.9010298851286,34.80814912679835,73.88250319284786
2022-10-04,-3.770781397537004,-1.7364312647610736,13.065081480267814,-14.23327006527848,12.89602988428582,2.128759457319207,3.569564600723618,-3.2702561594767032,37.567571691564126,222.19603962242655,28.56359268993036,74.45721583652602
2022-10-05,-3.770781397537004,-0.6459161555070092,15.048019967178039,-13.323134354833954,12.259758898921769,1.2149513311190407,3.569564600723618,-2.680093269920669,38.972968024176026,226.57869447962088,28.86984505850363,74.71264367816075
2022-10-06,-3.770781397537004,-0.31037895262443493,14.638060898278503,-13.705543532654218,12.27943267772218,2.2845242767639995,3.569564600723618,-2.6530151011470493,38.45945822225985,228.55797318588662,29.352879662706123,72.54150702426547
2022-10-07,-3.770781397537004,-1.21633836035403,13.791412766249334,-14.363287785313151,11.544768776648073,1.1318757044114447,3.569564600723618,-2.5826320322938745,37.83783783783734,218.00189498953551,29.97285223237187,74.52107279693472
2022-10-10,-3.770781397537004,-1.6525469640404467,13.428252435260601,-15.105162523900628,9.367008778492947,1.5887837287754225,3.569564600723618,-3.229643948805927,39.324322262325296,203.25164968917363,29.4325563304904,78.3524904214558
2022-10-11,-3.770781397537004,-2.801775323833222,12.158280237216834,-15.961761182854396,10.114788532100683,0.7372783613420753,3.569564600723618,-3.6032319130694046,38.918923042915466,210.83884353280587,29.143732861977824,77.01149425287342
2022-10-13,-3.770781397537004,-3.3470328784602654,14.413033868156134,-16.780116589985706,9.544112823876683,0.29075677094845265,3.569564600723618,-2.3741856001225026,39.54054342733797,217.67201895034452,31.750611911110237,78.22477650063841
2022-10-14,-3.770781397537004,-5.276403794844553,14.430860946978896,-17.32313692227838,7.687763277919002,1.5057081020678265,3.569564600723618,-3.3298079608205744,37.83783783783734,204.0999119918589,30.961324938334478,76.18135376756052
2022-10-17,-3.770781397537004,-3.7832414821466487,15.3265176097646,-16.007648416960507,8.691374221056103,1.5057081020678265,3.569564600723618,-2.896668195213481,39.56756591796826,182.70500149826168,32.644472284250185,74.58492975734342
2022-10-18,-3.770781397537004,-2.0551941674842644,15.743159177221667,-14.67686611197424,8.166612003935736,1.8691540657538086,3.569564600723618,-4.098646424365837,41.351349289352356,170.7351527974351,31.398519635769738,73.94636015325658
2022-10-19,-3.770781397537004,-1.6609309141391693,15.083663500819489,-14.416824836803954,6.756313545424764,1.7653134936332027,3.569564600723618,-4.940570731152116,39.51351062671511,157.39867800154875,30.46335466909358,73.24393358876105
2022-10-20,-3.770781397537004,-0.9311304579114887,14.58459028581418,-13.25430350367477,6.972781162881292,1.7653134936332027,3.569564600723618,-4.775439284039351,41.89189189189142,152.49763688086006,31.19536847164268,74.71264367816077
2022-10-21,-3.770781397537004,1.6022176636005137,13.593126354361118,-11.128109408610232,8.297802558215839,0.8307324994922372,3.569564600723618,-5.963883471294295,43.51350938951597,133.69463523361463,29.885707732068447,74.77650063856946
2022-10-24,-3.770781397537004,-1.8454802157017003,12.795497377092557,-15.105162523900638,8.146930217899339,1.8795404997242082,3.569564600723618,-6.608192613418751,42.43243449443048,145.00470938493942,28.5611113274558,74.07407407407393
2022-10-25,-3.770781397537004,-2.8437206741745102,16.82597891963844,-15.785850393612632,8.41587725996229,0.6853541140178443,3.569564600723618,-3.500365126667193,41.756758818754804,164.5146075199825,32.116618812384814,75.28735632183896
2022-10-26,-3.770781397537004,-4.303327986591798,17.91547053660867,-18.722755913524793,9.150541161036418,0.5399757285434514,3.569564600723618,-2.7613076062831365,43.48648689888572,164.18473148079153,32.34070127815152,74.96807151979552
2022-10-27,-3.770781397537004,-2.977934275335148,20.999045220754375,-16.55831856663784,8.934073543579867,0.6749676800474669,3.569564600723618,-0.24634578347544345,43.1891879519896,144.39207924485333,34.05123859166943,74.26564495529999
2022-10-28,-3.770781397537004,-2.717891023112573,18.550456635630553,-15.739963159506488,7.5500147973720955,1.6822378669256288,3.569564600723618,-1.204681003540442,40.945950069942526,167.86051232130808,32.93827035025969,73.88250319284788
2022-10-31,-3.770781397537004,-1.551881963198487,17.49883959315568,-13.384321223709417,7.30731547484833,1.5264730474808141,3.569564600723618,-2.8750056601946627,40.13513101113762,199.48162497206536,31.675909840822914,76.6283524904213
2022-11-01,-3.770781397537004,-1.0569601089733482,14.02090187807936,-12.887188125522876,7.9042308953755525,2.866037818661593,3.569564600723618,-5.741892912246726,42.37837920317733,169.27428282578356,28.944547128791065,78.2247765006384
2022-11-03,-3.770781397537004,-0.8220751070088905,12.410047885573317,-12.848950708801432,6.743197692891134,1.8691540657538086,3.569564600723618,-5.844769783628035,42.08108025628121,181.5739850946813,28.04321892313193,73.49936143039575
2022-11-04,-3.770781397537004,0.18454930156261984,11.057644039981307,-12.390055027336345,9.708101016726832,1.7030107348664059,3.569564600723618,-6.667744414762399,47.702706826699256,201.6022694932187,27.35353075322342,73.94636015325653
2022-11-07,-3.770781397537004,-2.1978045186674455,12.15382877951312,-14.416824836803944,9.970482125287017,0.6334377892214471,3.569564600723618,-6.670457274129305,46.35135547534792,227.2384465580028,26.4380623432235,72.60536398467417
2022-11-08,-3.770781397537004,-1.4679976624778601,15.021279348943795,-14.485661523064087,12.305672390025446,1.5057081020678043,3.569564600723618,-4.862069254156609,49.89188941749316,189.25542281490527,28.310303756759538,70.49808429118758
2022-11-09,-3.770781397537004,-3.623856830804084,15.433469458697191,-18.69980646137075,12.174481835745365,0.7268919273716312,3.569564600723618,-4.174445126973536,49.72973385372627,176.39018987309748,28.053179990673407,69.73180076628338
2022-11-10,-3.770781397537004,-6.92895075888501,15.683006066199855,-23.097512006303823,14.811416781116815,0.3115217163614403,3.569564600723618,-4.0066008204938335,49.216213741817505,194.01507564958646,29.103900464359576,66.85823754789257
2022-11-11,-3.770781397537004,-4.7898658907181595,21.317648478690177,-24.8260031238797,15.84125942932113,-1.0903458135861133,3.569564600723618,2.087227605976083,60.78378832018001,177.04996442259932,32.997526235956464,68.07151979565758
2022-11-14,-3.770781397537004,-4.0097297340885625,22.76140813524585,-24.16825887122077,16.339781934138276,-0.32191607286035095,3.569564600723618,3.790035980179618,61.054054466453245,179.5947288595354,31.44084526841031,67.87994891443152
2022-11-16,-3.770781397537004,-6.501132505259266,22.997579745633455,-25.54493424541413,16.300426369301448,-0.8618918014041022,3.569564600723618,3.914565301600703,58.972972148173056,192.1771852293282,32.75152704708895,69.92337164750944
2022-11-17,-3.770781397537004,-7.2309393614488515,24.95822907201317,-26.19502868068839,15.500167191087266,-1.298026957827303,3.569564600723618,4.8539508460134995,56.89188982989286,200.14137705044726,34.42720656048546,70.4980842911876
2022-11-18,-3.770781397537004,-7.658751215112702,25.136467988228752,-25.73613883432426,14.916367623093674,-1.298026957827303,3.569564600723618,4.569695626255377,54.99999587600244,197.03110441172095,35.00236026248831,70.56194125159627
2022-11-21,-3.770781397537004,-6.887005408543723,23.74172748643366,-25.20076248431531,13.965236104563017,-1.2253377650900732,3.569564600723618,3.8089856558315427,53.27026779587156,219.3213991462994,33.986497588923534,68.45466155810969
2022-11-22,-3.770781397537004,-7.616812264733319,21.35107159548184,-26.271509349232247,14.024273455436242,-1.8691619882822752,3.569564600723618,1.326517635552249,54.59459665659263,219.4627649611871,32.42536441598038,67.75223499361415
2022-11-23,-3.770781397537004,-7.600031564612042,23.026540780717397,-25.850862754690528,14.457200683113335,-2.8037429824232407,3.569564600723618,2.7504864237521742,55.67567155167812,244.3920904804132,33.39888958435688,69.41251596423994
2022-11-25,-3.770781397537004,-7.809745516394595,23.313951962715418,-25.812619502868127,15.008202612536902,-2.5856754042116292,3.569564600723618,3.9253965691099957,55.162161749761964,231.00849374623093,32.46022221610181,70.62579821200494
2022-11-28,-3.770781397537004,-7.667141565173308,25.23227525689611,-26.16443524625065,14.142340149946708,-2.4299105847668367,3.569564600723618,5.243785711541049,54.16216463655989,216.30537038416492,34.66374332881601,70.817369093231
2022-11-29,-3.770781397537004,-5.838435649630924,23.574633150483336,-25.185468684646928,14.686784153103494,-1.7030107348670498,3.569564600723618,4.6779881313911975,58.35135176375055,240.9519418024959,33.57317858496385,70.05108556832678
2022-11-30,-3.770781397537004,-4.571761588874923,21.119362066801983,-25.23900573613773,14.529353886520191,-1.048808000232282,3.569564600723618,2.7910885494438986,58.783783783783264,226.57869447962088,31.170471739062865,69.0932311621965
2022-12-01,-3.770781397537004,-5.821661349471563,20.33286704579462,-24.971320478683733,18.143652055489532,0.031151379383054234,3.569564600723618,2.0709807047117446,57.78378667058119,217.53063066433705,29.013989660436202,66.02809706257966
2022-12-02,-3.770781397537004,-5.234458444503243,21.54936863137411,-23.923517230819858,17.80255981725569,1.0384215662612162,3.569564600723618,3.83876659899276,58.05405281685441,195.99435435585218,29.064056194193633,62.19667943805858
2022-12-05,-3.770781397537004,-7.440653313231394,22.478448410951522,-26.401527069266916,15.933094418764382,-0.5503700850423288,3.569564600723618,4.994727068698657,57.64865359744456,162.81810538573168,29.92056553218987,60.60025542784147
2022-12-06,-3.770781397537004,-6.761175757481796,23.429806727055368,-25.889100171411993,16.057727046777657,-1.3499512051514895,3.569564600723618,4.566992851867546,61.08107695708347,157.72855404073965,31.464281677620054,59.77011494252857
2022-12-07,-3.770781397537004,-7.465817963451382,22.010567271884042,-25.78967588581509,17.120367333552,-0.8618918014041133,3.569564600723618,3.475999817260056,57.29729935929528,169.6984027415662,30.31894887111124,60.34482758620674
2022-12-08,-3.770781397537004,-8.92542527586867,21.85905834989854,-28.183555238333614,17.330269017505763,-0.8099754766077161,3.569564600723618,3.308155510780386,56.75675675675622,180.96135495459512,29.571987530976052,61.43039591315438
2022-12-09,-3.770781397537004,-8.715711324086117,22.832705826532916,-28.29827915869989,17.94686622406938,-1.1837999517362863,3.569564600723618,3.5382644779706096,62.162162162161614,194.29782975048147,30.077425632736144,62.13282247764993
2022-12-12,-3.770781397537004,-10.561191539787862,22.879493940439666,-30.13384437925737,16.792390947851764,-3.208726759463032,3.569564600723618,3.773789078915324,58.64865071064664,210.41470114590317,30.343845603691143,63.793103448275716
2022-12-13,-3.770781397537004,-12.045969902387055,24.920354497517817,-31.73996175908229,18.983274805776485,-2.9698863133106435,3.569564600723618,4.756489608387016,56.89188982989284,226.81432664221995,32.49258678120095,64.43167305236257
2022-12-14,-3.770781397537004,-11.853030250763863,25.25901587513031,-31.166347992351895,18.563463430633,-2.65836459694887,3.569564600723618,5.663391435250742,58.64865071064664,203.01601752657427,31.782976476209445,63.21839080459757
2022-12-15,-3.770781397537004,-11.945304901545128,25.495176861513833,-31.24282866089575,16.575923330395213,-3.032196994605263,3.569564600723618,5.587592732642799,56.216214154217184,228.46370683817483,31.394566077377316,66.92209450830127
2022-12-16,-3.770781397537004,-12.641556757454087,25.653368282056842,-31.319309329439605,17.41554608068221,-2.8452807957770387,3.569564600723618,4.309815800882788,54.054054054053545,211.0273312859892,32.25605001287044,66.7943805874839
2022-12-19,-3.770781397537004,-11.274224095818097,25.23450629774999,-28.60420766797629,17.26467374036571,-2.8660457411900375,3.569564600723618,5.140908840159519,51.324328860720584,175.73043779471539,32.124312223310866,65.32567049808418
2022-12-20,-3.770781397537004,-9.168694227931873,25.056256757530313,-26.661568344437203,19.11446536005661,-3.0114241266644304,3.569564600723618,4.577824119376839,54.08107654468382,150.9896449709125,31.753105146132654,66.53895274584917
2022-12-21,-3.770781397537004,-8.698937023926746,23.010944742748496,-25.621414913957995,19.11446536005661,-3.478718584998808,3.569564600723618,6.697535442902214,53.81081039841058,151.27237660068778,29.432556330490513,69.15708812260526
2022-12-22,-3.770781397537004,-8.62343667330483,22.852753322205466,-26.409176886651586,17.218760249262075,-2.9075835545438355,3.569564600723618,6.345599928678758,52.16216010016312,135.57964759216864,29.469907365634196,68.71008939974446
2022-12-23,-3.770781397537004,-7.121884010546287,21.96377915797727,-23.51816443594651,17.80255981725567,-2.38837277141305,3.569564600723618,5.647154618965455,50.29729894689561,139.3496723092769,28.615879390112543,70.17879948914418
2022-12-27,-3.770781397537004,-7.792971216235234,21.62956923806845,-25.583171662135573,19.042312156649732,-2.326070012646253,3.569564600723618,6.280632493580374,54.7297297297292,148.91612238805502,29.908123102173832,72.34993614303944
2022-12-28,-3.770781397537004,-6.618571806260531,25.37263959861631,-23.678775590418898,18.58970314293622,-0.311529638889918,3.569564600723618,7.320182050007817,55.13513925913167,121.91329675709129,31.770534046193365,74.39335887611733
2022-12-29,-3.770781397537004,-6.803121107823085,24.497030431503177,-23.946460847872906,19.35060675631355,-1.4330268318590744,3.569564600723618,6.364549604330705,55.567571279164405,114.84448917695337,31.13561393894151,73.56321839080444
2023-01-03,-3.770781397537004,-11.836255950604514,27.51375888206549,-28.871892925430252,20.675628151648073,-2.38837277141305,3.569564600723618,10.939660864341105,54.189187127190166,87.9359074225814,33.45941583266037,71.2643678160918
2023-01-04,-3.770781397537004,-10.460532938907896,28.696837350853286,-28.77246863983335,21.534932687971462,-3.3748700903504236,3.569564600723618,13.029591244704996,55.918915207321064,96.60697326037831,36.4066333348853,66.98595146870994
2023-01-05,-3.770781397537004,-8.707320974025501,28.30025390307287,-26.31740241843934,20.35421769945065,-4.350988897845176,3.569564600723618,11.207669182835156,58.91891685691988,75.30631787893276,35.2015459956752,66.73052362707521
2023-01-06,-3.770781397537004,-7.365152962609489,25.35259210294376,-25.185468684646928,22.28271244157922,-2.429910584766848,3.569564600723618,8.643986826193405,59.72972560573213,74.83506478929422,33.202197086192456,67.04980842911863
2023-01-09,-3.770781397537004,-7.566476564331426,23.859813291627475,-24.940727044245993,22.840272297269593,-2.284532199292466,3.569564600723618,7.0765390409202045,61.5135089771162,84.26013781762482,30.079918867758447,66.73052362707519
2023-01-10,-3.770781397537004,-6.0062042510722335,25.599897669592565,-22.87571981805694,22.768119093862715,-0.7476647953131299,3.569564600723618,7.969896740907734,63.78377965978616,71.48915998796875,30.809439435285224,67.30523627075335
2023-01-11,-3.770781397537004,-4.320108686712998,24.316560474433757,-21.30019003756878,22.96490492528287,-1.0280430548193054,3.569564600723618,6.50802860140367,63.54053600414324,72.99717436903596,29.430063095468206,67.5606641123881
2023-01-12,-3.770781397537004,-4.907305191719413,23.688256873969404,-22.75334608030599,24.335847818957056,-0.29076469347695255,3.569564600723618,5.874550726789041,63.918923042915395,74.12817953705648,28.43910902703104,71.39208173690919
2023-01-13,-3.770781397537004,-5.712605998569009,23.510017957753803,-23.311666047368018,25.83798126691128,0.7268919273716312,3.569564600723618,7.0521737315137445,64.9999979380009,61.12158078036109,27.174255282571956,72.41379310344816
2023-01-17,-3.770781397537004,-5.2092937942832425,24.116043021691702,-23.47992118412412,25.103309358601187,-0.6126728438091256,3.569564600723618,8.589840573625196,63.51351351351293,68.9915174893285,28.127870188413162,75.03192848020421
2023-01-18,-3.770781397537004,-4.815030540938114,22.523005484004386,-22.049714593540926,24.91964738695065,-0.7061269819592986,3.569564600723618,7.61797131166333,65.3243193755273,56.032051906488924,26.97257631436285,74.01021711366526
2023-01-19,-3.770781397537004,-4.303327986591721,24.68418288713019,-22.13384507946946,26.08068058943507,-0.7061269819592986,3.569564600723618,9.13939125251073,64.86486486486429,54.33553853667823,29.106381826834273,72.98850574712633
2023-01-20,-3.770781397537004,-4.806640190877465,24.817864730292904,-22.806883131796784,26.362743484031668,-0.7061269819592986,3.569564600723618,9.082542225554956,64.08107860668228,49.57587446643706,28.800129458260983,72.73307790549157
2023-01-23,-3.770781397537004,-5.066689843061923,25.865030315064107,-24.795409689441993,26.4086569751353,-1.505716024596293,3.569564600723618,8.792881457021107,63.567568804766104,62.441096172684915,29.629248828655008,70.17879948914421
2023-01-24,-3.770781397537004,-3.8755161329278587,26.07669234807142,-23.816443127838248,26.854708062582013,-1.9833889943732697,3.569564600723618,7.913047713951915,64.86486486486429,53.53439817228875,29.619299633661235,72.92464878671765
2023-01-25,-3.770781397537004,-2.810165673893783,24.592837700170577,-22.906307417393712,27.333548781362758,-0.8307404220207038,3.569564600723618,6.81123349681394,63.18919207598655,44.53345629530085,27.938645522767835,72.3499361430395
2023-01-26,-3.770781397537004,-2.919214624834432,23.374105073737226,-22.86807000067227,26.539847529415383,-0.8515053674337025,3.569564600723618,6.21836783286982,65.67567361367657,38.737042169190914,26.290355976973512,74.3295019157087
2023-01-27,-3.770781397537004,-4.7898658907181035,22.87503185873192,-24.43594412867479,26.50704989084536,-2.346834958059252,3.569564600723618,5.568643056990852,62.756760055953805,46.51272376600664,26.054947100676905,74.45721583652607
2023-01-30,-3.770781397537004,-4.513041938374274,23.641468760062658,-23.678775590418933,26.13316001404149,-2.076843132523476,3.569564600723618,6.445763940693117,63.27026985786999,26.154574563838185,27.161812852555876,74.6487867177521
2023-01-31,-3.770781397537004,-3.825180432525954,23.590229188452238,-23.21223592667012,26.566087241718606,-1.2149592536475184,3.569564600723618,6.115490961488512,64.86486486486427,26.484450603029174,27.353530753223488,73.62707535121315
2023-02-01,-3.770781397537004,-4.940860192000029,22.683427945401256,-24.3747630949003,26.45457847347492,-1.3499512051515006,3.569564600723618,5.52804093129915,63.918923042915374,16.305370384164974,26.290355976973512,73.94636015325659
2023-02-02,-3.770781397537004,-6.635346106419881,23.90660140553422,-23.816443127838273,25.700232786364396,-1.6095565967168879,3.569564600723618,6.342897154290861,56.216214154217134,15.73987341793468,25.82476214537943,72.47765006385684
2023-02-03,-3.770781397537004,-8.027849818237787,22.6410912891982,-25.866156554358945,22.19744338563874,-2.388372771413061,3.569564600723618,6.158805946547119,58.16216339936071,13.572106958485453,25.71769550999299,73.052362707535
2023-02-06,-3.770781397537004,-7.759416215954584,22.433891337898636,-25.583171662135594,22.413902995859303,-2.388372771413061,3.569564600723618,5.9286969793568955,56.18919166358687,15.786995356230559,28.222482521235825,73.4355044699871
2023-02-07,-3.770781397537004,-8.606662373145447,22.944098509165123,-27.242831928552302,22.774677020129563,-1.3603376391219113,3.569564600723618,5.046160461899851,57.24324406804211,21.77191970664385,28.12040235589397,72.1583652618134
2023-02-08,-3.770781397537004,-6.8031211078230625,24.45469377530014,-23.319310029651717,23.148574904169394,-1.5680187833630788,3.569564600723618,7.5638250590951195,57.13513348553578,12.912343644543567,29.7039508989424,73.30779054916974
2023-02-09,-3.770781397537004,-8.396948421362882,24.080388864046153,-25.170174884978568,22.413902995859303,-1.8276241749284772,3.569564600723618,7.138803701630647,53.62162203402081,14.514613137762522,29.4599462980927,71.32822477650052
2023-02-10,-3.770781397537004,-8.346612720960955,26.520063909758584,-25.69789558250187,22.190885459371934,-1.464178211242495,3.569564600723618,8.87409579338354,52.3783812651758,18.473136843614224,31.700818445950606,73.81864623243919
2023-02-13,-3.770781397537004,-7.415482263049434,23.98236117852901,-24.4359441286748,21.475895337098237,-1.464178211242495,3.569564600723618,7.111725532857327,53.0000016495983,13.336474795886222,29.808096887588455,74.96807151979552
2023-02-14,-3.770781397537004,-8.564717022804158,23.26493280795483,-24.665391969407345,21.613643817645123,-1.464178211242495,3.569564600723618,5.525328071932201,52.70270270270221,20.97077934225442,28.436615792008734,74.26564495529999
2023-02-15,-3.770781397537004,-7.096719360326242,24.09821594286894,-23.380496898527213,20.314854127377814,-0.5711350304553275,3.569564600723618,5.671519928372115,55.405405405404906,16.44674743461252,29.260760564905897,72.73307790549157
2023-02-16,-3.770781397537004,-6.543071455638561,24.238580284589162,-23.36520309885882,20.826500491964552,-0.5815214644257494,3.569564600723618,5.465766185609522,55.243239531645386,12.582467605352644,29.92056553218991,72.66922094508288
2023-02-17,-3.770781397537004,-7.45742761339071,23.90214994783053,-23.862330361944405,20.72154964998767,0.6542027346344348,3.569564600723618,5.338534089800606,53.459456160261354,7.210184630585359,29.890694202113146,73.11621966794368
2023-02-22,-3.770781397537004,-9.168694227931818,22.563111099353584,-25.047801147227624,20.17054772056408,0.6230513552510253,3.569564600723618,3.679040700655678,50.9459418219484,2.450520560344205,28.638294760217864,72.1583652618134
2023-02-23,-3.770781397537004,-8.799595624806699,21.671905894271525,-25.17017488497858,19.252213840603428,0.6438163006640352,3.569564600723618,3.3650146227151456,51.94594924514308,9.04806381528369,28.257340321357205,68.64623243933576
2023-02-24,-3.770781397537004,-10.267593287284615,21.239668288845582,-26.975140835997337,18.648740493809402,0.11422700609065028,3.569564600723618,3.316284003901737,49.32432432432383,15.504241255335538,27.883865587563484,66.02809706257969
2023-02-27,-3.770781397537004,-10.385032588285902,20.54676011965575,-27.20458867672989,19.186618563463377,-0.31152963888995133,3.569564600723618,2.915617870864917,49.64864576185022,28.699339000774348,29.666599863798716,64.17624521072783
2023-02-28,-3.770781397537004,-11.165168744915487,22.852753322205466,-27.16634542490748,19.96720396287712,-0.0726891927375517,3.569564600723618,3.300037102637665,52.081082318279684,29.453346191307993,29.464920895589607,60.791826309067545
2023-03-01,-3.770781397537004,-11.40004734691804,23.334010082392066,-28.60420766797631,20.544437597367924,-0.5399836510719402,3.569564600723618,3.955177512271435,55.405405405404906,32.46937495344253,30.36624910124872,63.60153256704966
2023-03-02,-3.770781397537004,-12.406678155451479,23.035454320128814,-29.52198736070456,20.268940636274134,-0.41537021101054616,3.569564600723618,2.9670613490452302,54.837840312235556,30.301608493993303,28.93209282622733,62.89910600255413
2023-03-03,-3.770781397537004,-12.004024552045733,22.74581209727693,-29.606117846633097,21.200390368768396,-0.5711350304553386,3.569564600723618,2.942696039638526,56.13513637233374,41.80019286962142,29.462439533115024,64.81481481481468
2023-03-06,-3.770781397537004,-11.207114095256765,23.015396200452166,-27.52581098567468,21.21351422853801,-0.5711350304553386,3.569564600723618,3.5139092535428906,53.243245305241274,21.20641150485372,29.33295752762326,64.62324393358863
2023-03-07,-3.770781397537004,-11.626541998821882,22.605447755556707,-26.959847036328977,18.98327480577644,-0.7995890426373387,3.569564600723618,2.5474455403564633,51.729728080130435,26.625827653476787,28.282248926484833,63.984674329501765
2023-03-08,-3.770781397537004,-9.37001782965372,21.92590458348196,-25.223711936469396,18.904555668866795,-0.6645891686055339,3.569564600723618,2.2686059543528536,53.000001649598346,20.216783387280767,29.22340952976221,62.06896551724124
2023-03-09,-3.770781397537004,-10.955454793132924,20.854229421330437,-25.422560507663217,19.993443675180345,0.6542027346344126,3.569564600723618,1.4970647164197493,49.675678562473145,19.839774174233995,28.08803779079487,57.98212005108543
2023-03-10,-3.770781397537004,-12.121463853046988,21.70756005191714,-27.847039129720464,22.138406034765445,0.6542027346344126,3.569564600723618,2.555563948498829,46.43243325723139,14.514613137762588,28.56857915997506,59.45083014048518
2023-03-13,-3.770781397537004,-12.549282106672754,21.304283481575137,-28.053537518298977,25.39848810573133,1.651086487542175,3.569564600723618,4.523677866808828,45.594591707796205,22.808669762512746,29.860810999488606,59.51468710089385
2023-03-14,-3.770781397537004,-12.717050708114053,25.294659408771803,-28.73422538801098,25.037714081461093,-0.020772867941165618,3.569564600723618,6.662338865986128,45.7567575815557,21.253533443149596,30.6102537020984,60.28097062579805
2023-03-15,-3.770781397537004,-12.935155009957233,25.49072540381019,-28.336522410522324,26.37585933656521,0.9657323735240197,3.569564600723618,5.774386714774327,41.62162574561823,14.938733053545317,30.759645970125437,60.0255427841633
2023-03-16,-3.770781397537004,-12.18018350354766,24.619567694400722,-26.921603784506576,25.877336831748067,1.0903378910576134,3.569564600723618,7.772281576245543,42.05405776565097,18.47313684361429,31.641052040701556,61.621966794380434
2023-03-17,-3.770781397537004,-13.438467214243023,23.612507724978737,-29.254302103250584,29.209580113356793,1.7549270596627808,3.569564600723618,6.134440637140393,41.10810563370946,10.179080218864133,30.20938900070247,62.005108556832525
2023-03-20,-3.770781397537004,-14.226993720933246,23.33401008239211,-29.483749943983128,29.82616931268445,2.1806837046433936,3.569564600723618,8.31371384698869,41.32432679872213,4.759664070241021,31.409501742415678,61.685823754789105
2023-03-21,-3.770781397537004,-14.344433021934533,24.964911570570724,-28.948373593974175,27.123647097408956,0.737278361342053,3.569564600723618,7.867029954505411,39.999997938001066,10.650333308502645,30.361274503751858,60.91954022988488
2023-03-22,-3.770781397537004,-15.007129877562841,25.758089090135616,-29.483749943983128,27.700888739135742,1.2149513311190185,3.569564600723618,7.203771136729031,40.54054054054013,2.309143509896705,30.490744636695855,61.81353767560647
2023-03-23,-3.770781397537004,-16.953275094106512,26.75846656100007,-31.456976866858966,30.783866764717892,2.1806837046433936,3.569564600723618,8.04028989473986,39.18918918918879,1.508014381067202,30.371235571293308,61.366538952745664
2023-03-24,-3.770781397537004,-15.879540684973726,27.812314644328808,-30.523903374462346,30.016397217837753,2.0768431325227876,3.569564600723618,9.632102989419478,38.648646586649726,4.429788031050075,31.88008204405437,64.24010217113647
2023-03-27,-3.770781397537004,-15.401393130907959,25.700156395963614,-29.621417481402467,28.068220689672785,2.336448524088186,3.569564600723618,8.58713779923752,37.945948420343775,-1.6022582576590727,30.595318037059993,65.58109833971884
2023-03-28,-3.770781397537004,-14.109554419931957,25.082997375764513,-29.682598515176984,29.380126232473703,3.312559409055149,3.569564600723618,7.217305178626443,40.567563031170415,-4.335532918898533,29.400191765391416,65.3256704980841
2023-03-29,-3.770781397537004,-13.497186864743627,24.6864139279841,-29.315488972126058,28.966872783596997,3.3021808976125833,3.569564600723618,6.686704175392855,42.16215803816468,-6.173417721376806,28.586008060035727,66.15581098339698
2023-03-30,-3.770781397537004,-11.794310600263158,23.989043677086563,-27.701721774916464,29.898330523327267,3.3956350357627674,3.569564600723618,4.816051494709628,43.729730554528686,-0.8482510671254495,27.83407212240363,65.90038314176223
2023-03-31,-3.770781397537004,-13.597851865585554,23.69493937252698,-28.168261438665255,29.157100688750347,3.3748700903497575,3.569564600723618,3.595123589905369,41.78378130938511,4.429788031050097,26.80078054877817,68.71008939974436
2023-04-03,-3.770781397537004,-13.807565817368117,22.21999826403753,-29.292545355072996,30.13447191958423,2.637583806479582,3.569564600723618,2.8966681952129925,41.97296967377493,-1.1781383418763336,26.043870013649205,68.00766283524884
2023-04-04,-3.770781397537004,-13.513967564864926,22.98866620622213,-27.839389312335793,32.646766229706415,3.592937668561391,3.569564600723618,3.668209433146119,39.51351062671515,-0.7540071905336787,26.063780276184502,66.98595146870989
2023-04-05,-3.770781397537004,-14.176664420493235,23.739507069583944,-27.80114606051337,32.56149717376593,3.4787106624703856,3.569564600723618,4.404564179142323,36.40540870460263,1.555136319363104,26.253016814377528,66.73052362707517
2023-04-06,-3.770781397537004,-14.235384070993895,22.21999826403753,-27.94646341531738,31.971139679505512,3.5929376685614134,3.569564600723618,4.128427367526832,35.675677737673794,-5.230917159879711,25.319312171071594,64.36781609195386
2023-04-10,-3.770781397537004,-13.362973263583001,23.039905777832526,-27.395793265640044,30.47556415781807,2.8452728732486277,3.569564600723618,3.5761739142534443,38.8108124604092,2.356265448192607,25.847165642937007,67.04980842911861
2023-04-11,-3.770781397537004,-9.814610383438849,23.039905777832526,-24.413000511621775,31.50541481325839,3.3540972224090027,3.569564600723618,2.6557279605134987,45.135137197133226,3.016028762134493,26.118560211388875,66.2835249042144
2023-04-12,-3.770781397537004,-9.24418817859184,21.6473963168913,-22.707458846199913,31.905544402365482,4.3821323547001745,3.569564600723618,1.3996034787929768,44.486484012087836,-1.3666373306197688,24.592284838567124,67.56066411238808
2023-04-13,-3.770781397537004,-9.495847480715657,20.45541493269618,-23.036330972529406,33.89964242887007,4.890964626388383,3.569564600723618,0.051443478180046576,42.81081122321009,-5.419416148623135,22.423621525974326,66.6028097062578
2023-04-14,-3.770781397537004,-9.6803967822782,21.246350787403134,-22.34034346804805,31.334860686905476,4.776737620297378,3.569564600723618,0.6632588177758469,41.162160924962635,-0.37699797748691477,22.667626126824025,70.17879948914411
2023-04-17,-3.770781397537004,-9.890110734060753,20.26156935450758,-22.585085108448986,30.810098469785107,4.880578192417961,3.569564600723618,-0.7742440123212235,40.05405322925424,7.210184630585426,22.21944932274291,72.79693486590017
2023-04-18,-3.770781397537004,-9.688780732376934,20.203647284339652,-22.745696262921367,31.675960932375304,5.181721397337169,3.569564600723618,-0.5170669613364542,41.02702785182601,11.498584375628074,22.993788757932588,73.0523627075349
2023-04-19,-3.770781397537004,-11.743981299823158,21.839010854225993,-23.88527981409848,30.875693746925158,4.818275433651187,3.569564600723618,0.6632588177758469,39.18918918918877,4.712530896385259,24.10178240184544,71.71136653895253
2023-04-20,-3.770781397537004,-11.249053045636137,23.757323524402608,-23.61758872154349,31.68907678490891,4.880578192418006,3.569564600723618,1.965401058942562,37.62161667282476,5.984924350413223,26.342642677155602,69.54022988505726
2023-04-24,-3.770781397537004,-11.727200599701881,23.536758575988003,-23.717018842241412,30.47556415781805,4.58982142146922,3.569564600723618,2.0141316777559704,34.4054041682059,7.115929518433717,25.68533094489387,66.34738186462303
2023-04-25,-3.770781397537004,-12.356342455049562,23.944486604033656,-23.22753556143955,30.7969826172515,6.25129434298215,3.569564600723618,1.6243068972077612,31.216214154217315,8.718187776092744,25.324298641116204,65.13409961685804
2023-04-26,-3.770781397537004,-13.119704311519797,23.545672115399373,-24.405356529338075,30.25253861409474,5.659394367114157,3.569564600723618,2.317336573166262,31.459457809860258,-0.23562092703938164,25.814801077837892,63.85696040868434
2023-04-27,-3.770781397537004,-12.515727106392116,24.06479282607725,-23.441683767402733,30.528043582424512,6.957421324941104,3.569564600723618,2.320039347554115,31.91892263051588,10.980209347693638,25.563328644468996,60.15325670498064
2023-04-28,-3.770781397537004,-11.341327696417402,22.280151375059276,-22.891013617725385,30.54115943495812,6.79127007152589,3.569564600723618,0.6795057190401632,36.081076957083624,13.572106958485541,23.90010343363629,62.45210727969328
2023-05-02,-3.770781397537004,-13.446857564303617,22.369276145169103,-24.6577421520227,32.12856994608884,6.666664553992296,3.569564600723618,-1.667611797287838,33.810806274413686,4.33553291889841,24.191408264623448,62.96296296296278
2023-05-03,-3.770781397537004,-13.522357914925532,23.53452753513412,-24.543018231656433,33.0665776048499,5.898234813266523,3.569564600723618,-0.029770858182665005,34.05404993005661,2.262021571600825,25.44879417656334,64.81481481481464
2023-05-04,-3.770781397537004,-13.052594310958499,23.124568466234585,-23.365203098858867,34.33912758281399,7.684313252313046,3.569564600723618,0.49271173690859094,31.13513637233387,-0.989628117573027,24.35325483521431,65.13409961685805
2023-05-05,-3.770781397537004,-10.494087939188413,22.326939488966026,-20.61950216785684,32.33191370377577,6.95742132494106,3.569564600723618,0.5197798207028814,37.243239944045236,0.7068852522376767,24.05945676920482,66.85823754789253
2023-05-08,-3.770781397537004,-9.948830384561392,21.51371447372854,-19.762903508903086,32.915713271769384,7.715472554224223,3.569564600723618,-0.8473399405413029,39.54054342733808,5.466538086918882,23.290091931512038,67.68837803320544
2023-05-09,-3.770781397537004,-8.875095975428604,22.66114940887485,-19.456980834727645,33.56510010966704,7.0093455722652465,3.569564600723618,0.33298583857126474,40.29729688489721,6.833175417538606,24.691871768886607,64.04853128991041
2023-05-10,-3.770781397537004,-8.732485624245411,21.749886084116167,-18.669218862034064,33.19121023286318,7.019724083707879,3.569564600723618,-0.22198047406876142,38.27026985787019,3.2516496891737745,24.14161479946364,64.87867177522332
2023-05-11,-3.770781397537004,-8.05301446845772,20.905468992940833,-17.284893670456036,32.15480165115605,7.372791535951251,3.569564600723618,-0.20844643217161618,36.70270765149879,3.2045277508778947,23.070984063242218,61.55810983397174
2023-05-12,-3.770781397537004,-7.876855516955795,19.78255425917892,-17.904400506393536,32.14168579862242,8.21391046941422,3.569564600723618,-0.7823725054429187,37.35135052655156,6.786053479242726,22.73734172706674,61.7496807151978
2023-05-15,-3.770781397537004,-7.33159796232875,18.88688697238914,-17.453154642313105,32.37126926861258,9.387323987179762,3.569564600723618,-1.9247888482723186,38.91892304291558,11.922715526970705,22.50577955623312,51.34099616858221
2023-05-16,-3.770781397537004,-8.195618419678997,18.367755637707205,-18.30975330126684,30.429650666714416,9.532710295181989,3.569564600723618,-2.7369422968764656,37.594594182194506,11.969837465266586,21.70155691841895,48.4674329501914
2023-05-17,-3.770781397537004,-7.012835059605537,19.51072849114577,-17.445504824928427,29.92456222839448,9.356172607796399,3.569564600723618,-2.000587550880284,41.13513843433238,11.451462437332172,22.98383956293877,43.42273307790534
2023-05-18,-3.770781397537004,-6.308192853635964,19.17652919524102,-17.277243853071344,28.33715972449977,9.449634668474394,3.569564600723618,-2.8668872520523303,42.27026862067107,22.148917684130808,22.94150205775045,41.82630906768823
2023-05-19,-3.770781397537004,-5.905545650192101,19.116376084219233,-16.79541038965415,29.7933716741144,9.397710421150185,3.569564600723618,-3.0482656004291453,43.594597481392164,21.81904164493982,23.606293495079058,41.63473818646217
2023-05-22,-3.770781397537004,-6.392083554318506,18.88243551468549,-17.720839899767093,29.537556499057004,9.397710421150185,3.569564600723618,-1.767775809302219,44.405406230204456,13.100853868847029,24.413009367915528,45.849297573435365
2023-05-23,-3.770781397537004,-6.568242505820443,19.539700150233806,-17.323136922278437,29.380126232473703,9.345794096353789,3.569564600723618,-3.1051146273849084,43.32432102512635,9.377951090034632,23.648631000267372,47.50957854406115
2023-05-24,-3.770781397537004,-7.5580926142325815,19.22554835000163,-18.225622815338294,28.750413173376455,9.345794096353789,3.569564600723618,-2.8885397020920855,39.459455335462046,13.006598756695343,23.77560789818911,49.999999999999844
2023-05-25,-3.770781397537004,-6.467577504978528,18.766570126341485,-16.27533367441455,27.458181409375946,9.08618870478839,3.569564600723618,-3.6248944480882783,38.972968024176154,8.718187776092744,23.46188769709665,50.8939974457214
2023-05-26,-3.770781397537004,-5.679050998288304,20.24375289968887,-16.328870725905354,27.523776686516,9.470399613887404,3.569564600723618,-2.650312326759219,40.45946275865673,2.7803965995352398,25.36911750877906,54.278416347381686
2023-05-30,-3.770781397537004,-7.440653313231316,19.662237413131265,-17.231356618965222,28.43555264020985,10.75804806027174,3.569564600723618,-3.2702561594767254,39.270266971072274,9.660693955369815,24.943344202255524,51.72413793103432
2023-05-31,-3.770781397537004,-7.977520517797709,20.339549544352153,-17.88910087162415,28.82256637678331,10.96572920451293,3.569564600723618,-2.5203673715833874,38.27026985787019,6.786053479242726,25.359156441237563,51.72413793103432
2023-06-01,-3.770781397537004,-5.897155300131485,20.36183870488266,-16.504781515147094,29.747458183010767,10.934577825129521,3.569564600723618,-1.645949262268953,38.945945533545846,1.6965133698106039,25.85712671047844,51.34099616858221
2023-06-02,-3.770781397537004,-4.211053335810389,20.134580633906452,-14.493305505347887,28.068220689672785,10.934577825129521,3.569564600723618,-2.1846787586240035,43.54054219013894,2.356265448192585,24.81886053935609,55.55555555555538
2023-06-05,-3.770781397537004,-4.202669385711633,18.198430260903,-14.080308728190849,28.43555264020985,11.661469752501485,3.569564600723618,-4.293558814640097,43.891896428288234,5.79641412610985,23.412094231936887,52.61813537675588
2023-06-06,-3.770781397537004,-2.524957771451164,17.507742508562973,-13.705543532654296,28.92751721876019,12.720664186703834,3.569564600723618,-4.326052617168208,44.594594594594184,6.59755449049928,22.640236159221814,55.30012771392061
2023-06-07,-3.770781397537004,-1.7783766151022062,16.999755754146296,-13.00956186327391,27.431941697072748,11.910688710096462,3.569564600723618,-4.707758989574051,44.21621786581462,9.754949067521457,22.301619225549473,54.34227330779036
2023-06-09,-3.770781397537004,-0.5200929044068436,18.21402629887192,-11.747610409446828,28.71104960130364,12.357210300490063,3.569564600723618,-4.041797397410085,43.89189642828821,6.220545277452505,22.553091658918344,54.34227330779036
2023-06-12,-3.770781397537004,-0.12582965106172628,16.765815184612578,-11.487569134276542,28.258448594826113,11.214948162107884,3.569564600723618,-5.241072852174589,44.891893541490255,6.786053479242704,21.45257772007241,57.66283524904195
2023-06-13,-3.770781397537004,-0.7717458065687799,16.516278577109933,-11.90057174653456,27.556574325086025,11.266872409432093,3.569564600723618,-5.636313266477567,44.81081575960681,10.273324095455848,21.021829816051984,56.44955300127694
2023-06-14,-3.770781397537004,1.2834483609155178,16.794776219696562,-10.69980716158293,28.258448594826135,11.827621005916678,3.569564600723618,-6.129025003386134,47.8378398998359,10.367579207607513,21.031790883593505,55.23627075351194
2023-06-15,-3.770781397537004,1.3757230116967945,16.248914890784505,-10.011469474486267,28.42243678767624,12.17029410166186,3.569564600723618,-6.900566241319517,49.99999999999951,19.368521084595415,19.88645807708467,59.19540229885038
2023-06-16,-3.770781397537004,0.9479047580710276,17.238158405387782,-10.126193394852534,28.461792352513093,12.149529156248873,3.569564600723618,-7.114428307245668,50.54054260253857,24.03393004268488,19.742040406554516,63.53767560664092
2023-06-20,-3.770781397537004,1.7615959149812621,16.193213237466363,-8.98661567877641,26.959658904558847,12.17029410166186,3.569564600723618,-8.890332609669038,49.000002886797446,17.43638678774544,18.937817768740352,64.43167305236248
2023-06-21,-3.770781397537004,2.3823538202301986,16.458356506942028,-8.420651729430706,26.81535249774514,12.834891192794839,3.569564600723618,-8.302872494500601,46.945943059147524,22.38453861117007,19.246563372335924,71.39208173690908
2023-06-22,-3.770781397537004,1.2666740607561344,16.57643168813174,-9.728490417363888,25.464083382871404,13.063337282448995,3.569564600723618,-9.009446297335334,45.135137197133155,22.902924874664386,18.574304102488103,68.71008939974432
2023-06-23,-3.770781397537004,1.2079544102554962,16.42938484785399,-9.766727834085332,25.88389475801487,13.187950722510422,3.569564600723618,-9.724138508312684,44.89189354149021,28.60509512418257,18.75946835681137,61.11111111111087
2023-06-26,-3.770781397537004,0.5117025543465381,15.025741430651586,-10.424472086744263,26.18563143141188,13.333329107984815,3.569564600723618,-9.732256916455306,45.05404910525712,31.526857538605533,19.15195103951326,62.77139208173668
2023-06-27,-3.770781397537004,1.3322676295501878e-13,15.823370407920168,-10.669213727145221,25.54936044604783,13.01142095765262,3.569564600723618,-10.021927769968208,44.4594615214575,30.207353381841596,18.69879963793526,59.13154533844167
2023-06-28,-3.770781397537004,-0.696251855908836,17.37406066540035,-11.43403208278575,25.437851677804147,12.803731890883618,3.569564600723618,-9.453417330451686,42.29730142129387,22.66729271206518,19.774416844201316,50.702426564495305
2023-06-29,-3.770781397537004,0.9227401078510278,17.937749073135166,-9.59847269732923,25.234499912881226,15.264793855033542,3.569564600723618,-9.060879690536549,42.59459005819735,27.285579731858746,20.77035738268309,48.40357598978267
2023-06-30,-3.770781397537004,0.3271532527839627,17.503291050859392,-8.994265496161113,26.01508531229495,14.164069530005175,3.569564600723618,-9.215189955119097,40.67567361367666,31.856744813356407,20.89733428060483,41.63473818646211
2023-07-03,-3.770781397537004,1.9209805663237933,16.262290511903664,-8.068835986048173,26.054440877131803,14.766348017315757,3.569564600723618,-10.284520454707746,43.18918795198956,27.662588944905497,19.119586474414184,42.33716475095761
2023-07-05,-3.770781397537004,1.76159591498124,17.300542557263498,-8.137666837207359,25.916692396584896,13.759085752965404,3.569564600723618,-9.28287024958414,43.13513266073639,25.212068384561135,20.506430646750395,40.038314176244974
2023-07-06,-3.770781397537004,-0.05871965050053829,17.180225711215847,-10.5162523900575,25.201702274311224,13.509858872842617,3.569564600723618,-9.190824645712414,41.62162574561816,22.950046812960245,20.688187479876508,44.763729246487614
2023-07-07,-3.770781397537004,1.1743994099748134,19.301297498992433,-8.619500300624539,26.349619624262033,14.132918150621808,3.569564600723618,-7.498847539018138,44.70270517710042,21.677664594492228,22.46844039363718,43.1673052362705
2023-07-10,-3.770781397537004,0.24326895206330246,18.849012397893873,-9.866157954783239,26.270908494588376,13.343715541955238,3.569564600723618,-7.309340697519618,42.94594429634662,25.777565350791456,21.278288719465465,45.78544061302659
2023-07-11,-3.770781397537004,-0.05871965050053829,20.04990732150038,-10.462715338566698,26.684161943465057,13.831774945702623,3.569564600723618,-6.156093087180647,43.621619972022295,28.699339000774327,21.958015821832475,46.040868454661336
2023-07-12,-3.770781397537004,0.10904895094072664,18.993828197317786,-10.592733058601356,28.31747793846342,13.914842649882386,3.569564600723618,-6.277919634213857,44.81081575960675,24.03393004268488,20.79525411526295,40.42145593869711
2023-07-13,-3.770781397537004,1.5770466134186423,19.51964203055727,-9.208413702124297,28.514263769883552,12.523361553905232,3.569564600723618,-5.7283588703495365,46.432433257231324,19.93402928638566,19.933758307222107,51.59642401021689
2023-07-14,-3.770781397537004,0.08388430072072683,19.858303408169764,-10.38623467002282,28.573301120756778,12.33644535507703,3.569564600723618,-5.990951555088831,45.13513719713313,19.65127518549057,19.383501337799135,53.192848020434
2023-07-17,-3.770781397537004,0.7298068561896409,19.354768111456732,-9.766727834085343,28.068220689672827,13.489093927429586,3.569564600723618,-6.545927952708208,45.64864699904931,18.37889296702253,19.21668016971141,27.52234993614284
2023-07-18,-3.770781397537004,0.24326895206325805,20.290541013595753,-9.131933033580431,29.69497875840439,14.36136424027592,3.569564600723618,-6.2400101979309675,45.70270229030249,23.89255299223738,19.657389141273352,35.05747126436762
2023-07-19,-3.770781397537004,0.10066500084195962,20.245973316538812,-10.103249777799483,29.714660544440807,14.36136424027592,3.569564600723618,-6.3943204625135035,43.24324324324274,22.667292712065247,19.744533641576822,39.33588761174946
2023-07-20,-3.770781397537004,0.6123675551883645,19.517410989703432,-9.476098959578295,29.11118719764678,14.371750674246343,3.569564600723618,-7.114428307245646,44.29729564769798,29.924599280946552,19.261499037374307,37.22860791826288
2023-07-21,-3.770781397537004,2.46623812095077,18.951502165118804,-7.35755468189846,28.848806089086597,15.160953282912914,3.569564600723618,-7.157743292304264,44.324328448320884,27.851087933649012,19.435788037981226,34.61047254150682
2023-07-24,-3.770781397537004,3.2128192772997277,18.381131258826457,-8.550669449465364,28.586424980526417,15.160953282912914,3.569564600723618,-8.744140753229102,48.08108355547882,26.531572541325144,18.95027207130413,43.16730523627052
2023-07-25,-3.770781397537004,3.9426261334893242,16.418250891592876,-8.764817655428558,28.70449167503688,14.267910102125736,3.569564600723618,-9.626677270686157,51.56757251636355,28.652217062478492,17.65804023179056,42.401021711366305
2023-07-26,-3.770781397537004,4.278163336371921,16.857170995576375,-8.573613066518426,29.15054276248361,15.160953282912914,3.569564600723618,-8.760387654493174,52.486481537689556,25.589066362048097,18.240661766312606,37.99489144316708
2023-07-27,-3.770781397537004,2.1139202179469407,16.859391412426163,-9.904395371504693,27.609053749692535,15.306331668387308,3.569564600723618,-8.657510783111878,51.35135135135087,17.436386787745462,17.92444833019784,36.20689655172391
2023-07-28,-3.770781397537004,2.306853469608239,15.959272667932712,-9.674953365873119,28.592982906793218,15.316718102357685,3.569564600723618,-7.5177972146700744,49.59459047059707,24.316684143580012,18.058904933186493,33.07790549169838
2023-07-31,-3.770781397537004,3.8335707825867926,15.62284233117408,-8.848948141357116,29.25549360446047,15.991685782405462,3.569564600723618,-9.207071546976497,53.75675510715745,24.12818515483659,17.603260296586186,28.735632183907846
2023-08-01,-3.770781397537004,3.2631485777397495,15.749841675779264,-9.124283216195783,27.300751142792713,16.116299222466846,3.569564600723618,-10.124794556370443,52.86486857646171,20.640903303063517,17.638118096707565,26.947637292464677
2023-08-02,-3.770781397537004,2.8772756744552597,17.095563022813742,-9.139577015864175,27.084291532572145,16.64589643956802,3.569564600723618,-9.161043702550964,50.83784154943469,16.72950153550772,19.313785737556376,24.712643678160727
2023-08-03,-3.770781397537004,2.701116722953345,17.03763032864174,-9.170170450301896,26.73007543456871,16.45898024073984,3.569564600723618,-9.152925294408599,52.40540375580611,20.876535465662727,19.771923609178987,22.796934865900198
2023-08-04,-3.770781397537004,1.8035412653224725,19.356999152310593,-11.158697007947094,27.228597939385857,16.45898024073984,3.569564600723618,-6.683991316026427,52.37838126517585,21.442032431893043,22.411167223410477,23.690932311621783
2023-08-07,-3.770781397537004,1.6273823138205579,19.37482623113338,-11.173996642716455,26.82846835027879,16.52128299950664,3.569564600723618,-6.781452553652956,52.00000453639628,28.41658489987924,21.639309150695386,23.18007662835231
2023-08-08,-3.770781397537004,1.4176683620380048,19.922918600899298,-11.380495031294958,26.21187114371515,17.113182975374606,3.569564600723618,-6.927634325114084,49.64864576185026,30.867105460223556,21.977937956915472,24.07407407407389
2023-08-09,-3.770781397537004,0.8556365072516003,19.45502683782776,-12.565965816578185,25.64119543549117,16.926266776546406,3.569564600723618,-7.412217568900936,46.99999835040074,39.443927421428725,21.967976889373976,22.86079182630889
2023-08-10,-3.770781397537004,0.5788125549077705,19.838245288493116,-12.229443872864021,25.57560015835112,17.455863993647604,3.569564600723618,-7.634208127948794,46.756754694757795,30.20735338184157,22.04516032213595,23.435504469987055
2023-08-11,-3.770781397537004,0.5872029049684091,19.356999152310593,-12.091776335444704,25.477207242641065,17.746620764596386,3.569564600723618,-8.48966647663223,46.54054383973774,30.537229421032563,21.79119465374475,21.200510855683085
2023-08-14,-3.770781397537004,-0.5788125549075818,19.290163542731275,-12.734226788435244,25.326334902324565,16.593972192243832,3.569564600723618,-8.229776566280812,45.8108128728089,31.71536776290884,22.276710620421824,21.519795657726526
2023-08-15,-3.770781397537004,-1.2247287104146243,20.542298037948203,-13.047799279995365,24.795014758937416,17.28971274023243,3.569564600723618,-7.707293971189544,44.62161708522445,25.306312261152897,23.5490321974001,18.518518518518356
2023-08-16,-3.770781397537004,-1.4763880125384432,21.08370790915659,-13.75143660186139,24.37520338379391,17.403939746323438,3.569564600723618,-7.339121640681134,44.945948832743454,22.14891768413072,24.074392434243208,19.923371647509413
2023-08-17,-3.770781397537004,-2.0216391672035927,20.758422152663236,-14.70745954641206,23.588060058113356,16.30321542129507,3.569564600723618,-7.685641521149778,44.540539303341006,23.515555014750444,24.166511532043522,20.817369093230976
2023-08-18,-3.770781397537004,-1.6189919637597305,20.758422152663236,-14.04971529375313,23.719250612393438,16.822426204425867,3.569564600723618,-7.550280932219422,44.45946152145757,20.216783387280724,23.882674533575553,22.477650063856778
2023-08-21,-3.770781397537004,-2.5249577714512417,19.902860481222675,-14.760996597902842,24.19154141214337,16.04361002972969,3.569564600723618,-7.452829779571979,42.78378873257984,24.033930042684858,23.668541262802623,19.85951468710072
2023-08-22,-3.770781397537004,-1.040179408852071,20.756191111809375,-13.139579583308569,24.394885169830328,14.901347891347537,3.569564600723618,-7.823704884468253,44.7297276677308,20.640903303063453,23.96235120135981,19.15708812260519
2023-08-23,-3.770781397537004,0.6291418553477701,19.20995231203286,-11.892927764250839,25.84453919317813,15.212869607709333,3.569564600723618,-8.289338452603467,45.054049105257185,17.672007714784698,22.926566392712044,21.64750957854387
2023-08-24,-3.770781397537004,-0.34392755294312405,17.44982043839518,-13.346077971887082,25.82485740714173,16.08514784308348,3.569564600723618,-9.236842405158896,43.4594644082555,18.708769006213434,20.884891850588705,20.62579821200492
2023-08-25,-3.770781397537004,-1.266674060755879,17.356244210581686,-14.210326448225485,25.359132540894592,15.659391198102867,3.569564600723618,-9.404686711638588,43.64865277264527,19.698397123786382,21.512332252773625,20.24265644955281
2023-08-28,-3.770781397537004,-0.1426039512211874,16.93737160227076,-12.474185513264946,25.80518362834132,15.545164192011885,3.569564600723618,-10.054411487517555,45.135137197133226,21.536287544044598,21.26583441690164,22.222222222222033
2023-08-29,-3.770781397537004,0.9143561577522386,17.414166280749612,-11.548756003152016,27.025254181698966,15.2647938550335,3.569564600723618,-9.929882166096482,48.05405075485601,20.452404314319985,21.32061435210599,19.92337164750939
2023-08-30,-3.770781397537004,0.13422000112266463,17.650337891137212,-13.269597303343216,27.536900546285725,15.83592888548846,3.569564600723618,-10.019214910601292,48.05405075485601,31.76248970120468,20.790267645218297,17.94380587484017
2023-08-31,-3.770781397537004,-1.3086130111352623,18.374448760268926,-14.202676630840827,27.13676294994267,14.849423644023307,3.569564600723618,-9.420933612902637,47.108108932907086,30.44297430888083,21.714011220982734,17.752234993614113
2023-09-01,-3.770781397537004,0.31037895262455706,19.50404599258837,-13.774380218914462,27.241721799155517,14.548280439104122,3.569564600723618,-7.842654560120154,50.29729894689567,30.301608493993193,23.34237863169404,18.71008939974439
2023-09-05,-3.770781397537004,-0.008390350060538676,18.559370175042055,-15.33461036463325,26.3496196242621,12.398748113843784,3.569564600723618,-8.811821047694423,49.837834126240054,21.677664594492143,22.90416289515442,20.306513409961504
2023-09-06,-3.770781397537004,-1.1827833600733695,18.784397205164403,-16.336520543290046,25.818299480874906,13.603320933520546,3.569564600723618,-8.784752963899866,47.864862390466236,18.284637854870756,23.66356666530569,20.43422733077889
2023-09-08,-3.770781397537004,-1.8790352159823054,18.543774137073132,-16.657742852234836,25.83798126691135,13.72792645105414,3.569564600723618,-8.500497744141743,45.59459170779627,22.761547824216755,23.897610198613872,19.667943805874664
2023-09-11,-3.770781397537004,-0.34392755294313515,18.11599861335489,-15.548758570596444,26.159399726344756,14.060221035356712,3.569564600723618,-8.362434380823258,48.10810604610918,22.9029248746643,24.06940596419851,20.37037037037017
2023-09-12,-3.770781397537004,0.4529829038458333,18.038018423510316,-13.89674812156445,25.372256400664206,14.319826426922111,3.569564600723618,-8.930934735360696,48.64864864864824,29.264847202564436,22.734848492044392,18.326947637292278
2023-09-13,-3.770781397537004,0.5872029049683869,18.312064608393275,-12.887188125522975,25.22794198661451,14.33021286089251,3.569564600723618,-8.958012904134327,47.513518462309555,26.295951614285705,23.163103161042486,18.518518518518334
2023-09-14,-3.770781397537004,1.6273823138205357,17.458733977806574,-13.040155297711653,25.286979337487757,14.226372288771927,3.569564600723618,-9.691654790763593,51.02702991382453,27.615455771049625,22.386270490830505,18.135376756066222
2023-09-15,-3.770781397537004,1.1492347597547692,15.440151957254855,-13.040155297711653,26.18563143141199,14.205607343358938,3.569564600723618,-10.620209067667119,51.648650298247034,24.599438244475014,21.21105448169718,21.64750957854387
2023-09-18,-3.770781397537004,0.7549715064096629,15.0836635008196,-13.567875995234957,26.69727779599875,13.873312759056343,3.569564600723618,-10.877386118651888,49.97297750936929,28.55796195032674,21.18118315162041,20.434227330778864
2023-09-19,-3.770781397537004,0.24326895206325805,15.527045686510842,-14.745696963133515,26.730075434568757,13.696775071670707,3.569564600723618,-10.974847356278417,49.81081163560979,34.21301026154904,20.850034050467258,21.64750957854387
2023-09-20,-3.770781397537004,0.9730758082528546,15.865696440119281,-13.567875995234967,27.622169602226165,13.90446413843971,3.569564600723618,-10.850318034857342,52.62162492081881,28.79359411292597,21.151299948995916,23.18007662835231
2023-09-21,-3.770781397537004,-1.132454059633381,15.7966297896861,-15.984704799907535,25.890452684281783,13.603320933520525,3.569564600723618,-10.950482046871702,50.81080874881183,22.997168751256105,21.474981217629875,21.39208173690914
2023-09-22,-3.770781397537004,-1.0821247591933592,17.113390101636593,-16.305927108852323,26.29714820689164,13.70716150564113,3.569564600723618,-9.523810484283901,50.24324365564248,24.269562205284068,22.871786457507582,21.902937420178613
2023-09-25,-3.770781397537004,-1.1156797594740198,16.427153807000238,-16.37476379511248,25.71990656516483,12.980269578269144,3.569564600723618,-9.978612784909568,49.35134681495414,24.36380608187583,22.8468897249277,22.924648786717583
2023-09-26,-3.770781397537004,-2.6843360228319124,17.120072600194124,-17.537285128241653,24.657266278390487,11.298023788815414,3.569564600723618,-9.61855886254378,47.972972972972514,25.16493521070533,23.703399062923936,22.54150702426547
2023-09-27,-3.770781397537004,-2.524957771451264,17.41194586389987,-17.95028774049966,22.768119093862758,10.321904981320618,3.569564600723618,-9.404686711638544,47.297297297296836,30.254475320137452,24.149082631982743,23.435504469987055
2023-09-28,-3.770781397537004,-1.2498933606346574,18.020191344687596,-16.08412908550444,22.033455192788654,10.955342770542398,3.569564600723618,-8.695410134415694,47.51351846230949,38.784164107486795,25.543406509385868,24.776500638569445
2023-09-29,-3.770781397537004,-0.5536415047257215,18.523716017396552,-15.992354617292193,21.226630081071683,12.346831789047341,3.569564600723618,-8.771218922002678,49.40540210620732,38.030156916953175,25.309362976077665,21.775223499361275
2023-10-02,-3.770781397537004,-1.8958159161036048,18.42123687417574,-16.833653641476598,20.039357166284066,11.568015614351168,3.569564600723618,-8.736022345086436,47.756751807959844,33.83600104850226,25.558342174424233,24.840357598978137
2023-10-03,-3.770781397537004,-3.3386425283996157,18.225170879137377,-18.248566432391378,19.685141068280608,10.114223837079429,3.569564600723618,-8.557346771097462,46.97297585977045,38.97266309623024,26.023947878566034,24.521072796934718
2023-10-04,-3.770781397537004,-3.0702089261164356,20.201416243485994,-16.74952315554804,19.28501147917354,10.456904855352445,3.569564600723618,-6.1885768047299505,46.108111819705,39.585293236316346,28.633308290173034,24.137931034482605
2023-10-05,-3.770781397537004,-3.4896368296815528,20.611375312385526,-16.23709625769313,19.160378851160242,10.809964385068028,3.569564600723618,-6.326640168048147,45.000004123996604,49.198865253390345,28.34200345918587,27.075351213282104
2023-10-06,-3.770781397537004,-2.6927263728925843,20.270482893919194,-15.33461036463325,20.052473018817672,10.996880583896228,3.569564600723618,-5.817691614854326,46.27026738347189,57.304434124957005,28.600943725073957,25.670498084291047
2023-10-09,-3.770781397537004,-1.7112666145410516,20.95448814770169,-15.96940516513814,21.318465070514957,10.903426445746023,3.569564600723618,-6.613608247173197,45.16215968776349,59.095191371359455,28.12040235589377,24.712643678160795
2023-10-10,-3.770781397537004,-0.6626968556282642,20.740595073840538,-15.02868185535684,22.072810757625483,12.564899367258997,3.569564600723618,-6.399736096268249,46.54054383973774,59.37794547225457,27.85896885498338,24.010217113665266
2023-10-11,-3.770781397537004,-0.19293325166124253,19.372595190279608,-14.40917501941934,22.846838230772427,11.682242620442217,3.569564600723618,-7.986133557193087,46.567566330368,59.14232454521526,25.762514377655666,24.648786717752103
2023-10-13,-3.770781397537004,-1.4763880125384876,18.33656356176958,-15.586995987317865,26.428338761171723,11.879537330713008,3.569564600723618,-8.803702639551748,47.24324200604366,52.497648116419995,25.635525607186203,25.98978288633449
2023-10-16,-3.770781397537004,-0.6794711557876254,17.728318080981875,-14.944551369428293,26.015085312295017,11.88992376468343,3.569564600723618,-8.654808008723991,47.3243197879271,46.5127237660067,25.692798777412907,25.159642401021575
2023-10-17,-3.770781397537004,-1.2498933606346574,18.385582716530212,-16.535374949584845,26.12003615427192,11.111107589987256,3.569564600723618,-8.79557414643033,47.08107613228416,45.098964497091146,25.42887204148019,24.90421455938683
2023-10-18,-3.770781397537004,-2.8604949743338604,18.54822559477689,-17.017208413002027,28.258448594826202,11.848385951329622,3.569564600723618,-8.944468777258086,42.35134640255445,44.015081267366526,25.423885571435576,25.670498084291026
2023-10-19,-3.770781397537004,-2.8101656738938496,18.566052673599675,-16.848947441144947,29.117745123913608,11.007267017866651,3.569564600723618,-8.60066175615608,42.162158038164634,39.34967230927708,25.88949127557738,28.991060025542616
2023-10-20,-3.770781397537004,-3.6574118310847226,19.109693585661923,-16.848947441144947,30.042636930141043,10.903426445746046,3.569564600723618,-8.508616152284054,39.32432226232534,36.616397648037655,26.058805678687413,26.56449553001261
2023-10-23,-3.770781397537004,-3.8251804325259986,18.893569470946915,-17.170169750089748,29.635949414767147,10.758048060271674,3.569564600723618,-9.117728717492268,40.13513101113762,37.888791102065596,25.272011940933936,25.223499361430246
2023-10-24,-3.770781397537004,-3.078599276177041,19.114145043365593,-16.673042487004153,29.550672351590702,10.924191391159056,3.569564600723618,-9.407399571005426,40.45946275865664,40.009424387658996,24.798938404272942,23.627075351213133
2023-10-25,-3.770781397537004,-3.8671257828672756,17.755058699216075,-16.94072774445815,30.147587772117923,10.882653577805268,3.569564600723618,-9.843252195979169,38.37838044037647,41.84731480791728,24.268603569932967,22.605363984674188
2023-10-26,-3.770781397537004,-2.063584517544881,17.66816496996011,-15.089868724232304,30.350931529804882,10.913804957188677,3.569564600723618,-9.935297799850906,40.27027439426687,51.46088682499128,24.360722667733327,22.413793103448132
2023-10-27,-3.770781397537004,-3.4057525289608814,17.264888399618105,-17.20841300191216,30.44276651924813,11.588780559764245,3.569564600723618,-10.26015514530101,42.162158038164655,49.104621376798605,24.12667913442512,22.79693486590024
2023-10-30,-3.770781397537004,-4.110394734930467,16.72570956926358,-18.057361843481235,30.9412890240653,10.353056360704095,3.569564600723618,-10.42258381802592,41.37838208997528,57.96418620333898,23.298307734537758,22.158365261813408
2023-10-31,-3.770781397537004,-3.5315821800228075,19.281250003319993,-18.30210348388217,30.21974097552478,11.06956977663347,3.569564600723618,-8.392215323984686,41.75675881875485,68.47314246139416,25.64051207723079,22.28607918263077
2023-11-01,-3.770781397537004,-1.912590216262977,18.724244094142684,-17.36137433899989,29.799937607617256,11.609553427705066,3.569564600723618,-9.940713433605685,43.64865277264525,64.65598457043009,25.341727541176716,21.32822477650049
2023-11-03,-3.770781397537004,0.7298068561896409,17.164629673247056,-14.019121859315364,30.63299442440144,12.668739939379625,3.569564600723618,-10.890930245528041,46.18918960158847,65.64562392356297,23.31996326158865,21.90293742017866
2023-11-06,-3.770781397537004,0.9982404584728322,16.995304296442846,-13.606119247057357,29.98359957926777,11.972999391391026,3.569564600723618,-11.370097855560402,47.97297297297254,53.81715227318398,21.982912554412202,21.90293742017866
2023-11-07,-3.770781397537004,1.6861019643211517,16.67892145535681,-11.77820384388455,29.01279428193668,12.076839963511654,3.569564600723618,-11.846552606226101,47.27027480666659,47.97361620877814,21.606944585596153,19.66794380587469
2023-11-08,-3.770781397537004,1.593827313539875,16.037252857777418,-11.01338548824401,28.00918333879958,12.668739939379648,3.569564600723618,-12.287820864954623,48.64864864864822,46.371346715559184,21.293224384503695,21.58365261813524
2023-11-09,-3.770781397537004,1.4092780119773218,16.917324106598276,-11.502868769045872,28.842240155583767,12.668739939379648,3.569564600723618,-11.903401633181875,48.59459335739504,43.308196015128786,22.234384987781098,19.540229885057325
2023-11-10,-3.770781397537004,2.843720674174599,17.336186090905148,-10.684513361914538,26.769430999405497,12.76219407752983,3.569564600723618,-11.716607651050282,51.29729606009774,42.93119803764189,22.846889724927657,18.518518518518377
2023-11-13,-3.770781397537004,2.7095070730139392,16.82597891963866,-11.778203843884539,27.615611675959293,12.398748113843826,3.569564600723618,-12.566660450958,50.32432143752597,50.659757696161776,21.837984364329888,21.90293742017866
2023-11-14,-3.770781397537004,5.05829949300145,16.912862024890572,-10.531546189725837,28.684817896236424,13.177564288540001,3.569564600723618,-12.447546763291683,54.162164636559936,46.371346715559184,22.157201555019146,22.158365261813383
2023-11-16,-3.770781397537004,6.274644253317452,17.42754190186886,-8.986615678776388,30.13447191958423,13.676010126257786,3.569564600723618,-12.999810301544134,56.486490610483095,44.297835368261616,21.02929764857102,21.2643678160918
2023-11-17,-3.770781397537004,6.417248204538728,17.67039601081397,-9.269600570999748,29.98359957926773,14.340599294862955,3.569564600723618,-12.677655730481918,57.02702290302955,39.49104935972463,21.061662213670118,19.284802043422577
2023-11-20,-3.770781397537004,7.381927262768984,17.244840903945512,-8.665393369831575,29.72777639697437,13.87331275905639,3.569564600723618,-12.753454433089583,57.56756550556863,35.81526851920813,19.99046159515787,19.923371647509434
2023-11-21,-3.770781397537004,7.155439010827047,18.24744941566383,-8.986615678776378,31.14464078898813,13.478707493459186,3.569564600723618,-11.451312191922868,59.108105221309756,34.118755149397415,20.802721947782054,20.05108556832682
2023-11-22,-3.770781397537004,7.415488663011538,19.007203818437034,-8.413001912045981,30.626436498134566,12.55451293328862,3.569564600723618,-10.471314436839297,59.054049930056586,36.5221537714459,21.98540578943455,19.731800766283403
2023-11-24,-3.770781397537004,7.0212254096664095,19.09854900539667,-7.992349482403316,31.334860686905476,13.86292632508599,3.569564600723618,-11.29970470172844,55.83783742543773,34.54288630074009,22.06508245721881,18.326947637292346
2023-11-27,-3.770781397537004,7.247713661608346,18.81113782339867,-7.571702887861598,31.964581753238686,14.01869114453078,3.569564600723618,-11.787000804882219,56.43243531922997,31.6682345890531,22.0252381870528,16.347381864623124
2023-11-28,-3.770781397537004,7.8936298171153885,19.5040459925885,-6.523899639997721,33.79468357965718,14.496364114307813,3.569564600723618,-10.836783992960154,56.486490610483145,27.521211894457977,21.890793456611867,15.325670498084175
2023-11-29,-3.770781397537004,7.583257264452836,19.192125233210188,-6.577436691488514,34.2800902319407,14.579431818487576,3.569564600723618,-10.373853199212801,57.540543014938365,32.139487678691616,21.250898751863122,14.878671775223374
2023-11-30,-3.770781397537004,8.656991673585622,19.48399849691591,-5.0095625634860035,33.68973273768028,14.776734451286156,3.569564600723618,-9.705188832660705,56.378380027976796,32.045243802099854,22.104914854837055,17.943805874840212
2023-12-01,-3.770781397537004,9.20224282825075,19.183211693798796,-5.086043232029869,35.847818957034995,15.046726276821953,3.569564600723618,-9.940713433605708,56.081081081080676,32.610740768330146,22.57798839149805,18.64623243933574
2023-12-04,-3.770781397537004,8.136905169140496,18.942588625707547,-4.8948386431197255,32.771398857719625,14.631356065811762,3.569564600723618,-9.377618627843976,54.10810934530681,26.955703692667754,22.05659358559522,17.560664112388103
2023-12-05,-3.770781397537004,8.212399119800494,19.270105423054762,-4.397705544933195,32.40406690718258,14.683280313135949,3.569564600723618,-9.12855998500184,53.70269981590437,27.7097108832014,23.075958660738948,19.66794380587469
2023-12-06,-3.770781397537004,7.138664710667686,18.2363048353986,-5.682600615813326,33.191210232863135,14.745583071902747,3.569564600723618,-9.358668952192051,53.24324530524136,21.065034454406153,22.69252285940371,18.71008939974441
2023-12-07,-3.770781397537004,7.432269363132793,17.875364921259674,-5.468452409850144,33.1518546680263,14.579431818487553,3.569564600723618,-9.900101222934953,52.459459047059354,21.819041644939794,22.032706019571968,19.604086845465996
2023-12-08,-3.770781397537004,8.313057720680472,18.024642802391313,-3.847035395255849,31.079045511848058,14.496364114307791,3.569564600723618,-7.810170842571051,54.10810934530681,21.630542656196372,22.25430712286409,18.96551724137916
2023-12-11,-3.770781397537004,8.279509120361727,17.360695668285466,-4.107076670426146,29.74745818301072,14.27829653609618,3.569564600723618,-8.619611431808016,54.324320200326845,14.561735076058469,21.835669217523446,17.624521072796774
2023-12-12,-3.770781397537004,7.826519816554067,18.271958993044144,-4.5965599512280075,29.734342330477116,15.005188463468166,3.569564600723618,-8.54381272920035,54.51350856471666,8.906698000396073,22.916605325170437,18.135376756066247
2023-12-13,-3.770781397537004,10.812857241873708,18.149411106142633,-1.8049717861198467,30.029521077607324,15.534785680569385,3.569564600723618,-7.455532553959509,56.945945121146146,10.03770316841659,23.608786730101272,16.666666666666497
2023-12-14,-3.770781397537004,11.676877699223942,19.283470420169824,-0.26769109255507795,33.171528446826734,16.82242620442591,3.569564600723618,-6.762492793021924,58.51351763751016,12.723844655800253,22.460960688570133,16.666666666666497
2023-12-15,-3.770781397537004,11.114845844437538,20.241521858835277,-0.34416592599795237,32.57461302629952,17.88161271610047,3.569564600723618,-6.470119165121191,58.8918943662897,17.38925361388972,22.36634835574747,23.371647509578363
2023-12-18,-3.770781397537004,11.861427000786495,19.579795141579215,0.19120458891002112,32.91571327176936,18.151604541636267,3.569564600723618,-6.283325182989563,59.59459253259565,17.95476181567992,22.49226859692164,21.839080459769946
2023-12-19,-3.770781397537004,12.53250140655162,19.19435627406405,0.3441659259977303,33.70941452371672,17.383174800910496,3.569564600723618,-7.192939869220217,60.621622446420616,17.436386787745505,21.900742651605643,20.753512132822305
2023-12-20,-3.770781397537004,11.483931647638833,18.877973432978013,-0.8795364409059481,33.45359134142334,18.857731523595245,3.569564600723618,-8.435530309043337,60.3243234995245,15.315742266592135,21.168728849056563,19.987228607918084
2023-12-21,-3.770781397537004,12.75061210835673,19.677833451100433,-0.30592267417555163,33.75532801482033,18.909655770919475,3.569564600723618,-7.301222289377218,64.59459871859123,21.20641150485376,22.366348355747444,20.689655172413612
2023-12-22,-3.770781397537004,13.346192563461855,19.680064491954298,0.49712726308543953,34.936051010577174,19.23156392125165,3.569564600723618,-7.0440452383924494,65.08108602987713,22.997168751256215,21.549683287917198,20.817369093230976
2023-12-26,-3.770781397537004,13.832730467588261,19.499594534884835,1.261945618725968,35.00819620674807,19.22117748728125,3.569564600723618,-7.555696565974146,66.1621609249626,20.16965021342503,21.24949779123153,22.669220945082834
2023-12-27,-3.770781397537004,14.596092324058496,19.499594534884835,1.5678799631033469,36.56280107207277,19.439245065492816,3.569564600723618,-8.535694321057697,66.9189143825217,23.42129990259889,19.849107041940783,21.711366538952582
2023-12-28,-3.770781397537004,14.587708373959774,19.36368165086826,2.1414937298337433,36.038038854952404,19.480782878846647,3.569564600723618,-7.631495268581823,67.29730142129388,20.49952625261602,20.162827243033266,21.136653895274414
2024-01-02,-3.770781397537004,13.388137913803156,19.192125233210188,0.7648183556403954,35.41488372212196,19.418480120079828,3.569564600723618,-6.85453839689395,65.40540746740349,21.01791251611036,20.817657612820373,18.454661558109663
2024-01-03,-3.770781397537004,13.472028614485708,19.7758611366176,0.19120458890999892,33.43390955538696,19.92730446924018,3.569564600723618,-6.237307423543115,65.94595006994257,25.730443412495706,22.563052726459667,18.837803320561775
2024-01-04,-3.770781397537004,12.045976302349072,19.463940377239286,-0.9254353452140429,33.96523770601012,19.428866554050252,3.569564600723618,-6.881616565667558,63.648646586649726,32.940628043081176,22.480882823653083,19.157088122605217
2024-01-05,-3.770781397537004,12.792557458698028,19.588708680990607,0.5889134014996245,33.971795632276944,19.449631499463237,3.569564600723618,-8.432817449676433,62.540538890941335,36.33364354714266,21.89327481908643,17.68837803320549
2024-01-08,-3.770781397537004,13.102930011360602,18.530409139958202,1.1013402993545363,32.93538705056982,18.483899125938883,3.569564600723618,-9.050048423027269,63.72973467852579,40.43355553900181,21.023503845281066,16.21966794380574
2024-01-09,-3.770781397537004,12.247293504109091,18.811137823398695,-0.16826097185722588,32.92227119803621,17.91277201801169,3.569564600723618,-8.622324291174943,59.78378089698546,50.32988165697092,21.230976616780104,17.305236270753376
2024-01-10,-3.770781397537004,11.76915235000524,19.336951656638156,-0.803061607463107,32.61396859113641,17.30009917420292,3.569564600723618,-8.042982584148872,57.32432184992573,43.21395213853714,22.12981158741694,17.36909323116207
2024-01-11,-3.770781397537004,11.525876997980134,19.457257878681755,-0.9560229445508273,32.12856994608886,17.30009917420292,3.569564600723618,-9.155628068796396,57.02702290302959,45.947215564216634,21.78870141872229,16.922094508301267
2024-01-12,-3.770781397537004,11.777536300103964,19.176529195241265,-0.42065242964285376,34.25385051963754,17.289712740232545,3.569564600723618,-9.285573023971983,56.62162368361976,56.126295783080835,21.24840551684082,14.176245210727846
2024-01-16,-3.770781397537004,10.376648638187325,18.597244749537523,-0.8795364409060036,32.89603148573299,17.362401932969718,3.569564600723618,-9.718722874558129,53.51351145151462,36.66353082189355,21.061662213670076,13.282247765006261
2024-01-17,-3.770781397537004,9.51262818083709,17.447589397541428,-1.1854707852833934,31.36110039920872,17.2170235474953,3.569564600723618,-9.475079865470493,51.89189395389005,35.24976031741802,22.622807259160925,12.962962962962843
2024-01-18,-3.770781397537004,8.698937023926856,19.341403114341805,-1.2237140371058164,32.410624833449454,17.13395584331552,3.569564600723618,-9.829718154081778,51.27027356946754,27.09708074311541,22.84938295994994,13.409961685823625
2024-01-19,-3.770781397537004,9.00930957658941,19.2567404259397,-1.1778151327977326,32.928829124303014,16.199374849174554,3.569564600723618,-9.978612784909547,51.29729606009783,18.708769006213565,22.652678589237695,13.793103448275712
2024-01-22,-3.770781397537004,8.044630518359153,19.06512588860498,-2.447416404009506,32.489343970359094,15.99168578240555,3.569564600723618,-10.36031915731539,49.97297750936938,13.996226874268313,22.11841394160068,13.856960408684383
2024-01-23,-3.770781397537004,9.596506081595813,20.83863338336176,-1.4684498424057724,32.745159145416494,16.157837035820744,3.569564600723618,-8.847017624610377,52.10810480891013,15.457119317039702,24.201369332164766,14.048531289910438
2024-01-24,-3.770781397537004,9.126748877590707,19.628814296339804,-1.529636711281246,32.102330233785636,16.303215421295135,3.569564600723618,-9.62939013005304,53.837832889041024,24.458061194027604,23.30253436152796,15.517241379310164
2024-01-25,-3.770781397537004,9.495847480715813,19.566430144464153,-1.9732327579769837,32.299116065205794,17.549318131797897,3.569564600723618,-9.507563583019829,53.16215721336535,21.15928956655788,22.812031924806252,15.389527458492802
2024-01-26,-3.770781397537004,10.057879335502218,18.750974088372807,-1.9808767402606842,32.292558138938986,17.549318131797897,3.569564600723618,-9.900101222934953,55.51351598791137,27.80395475979325,22.396231558371937,13.984674329501745
2024-01-29,-3.770781397537004,9.672012832179643,18.574966213011066,-2.370935735465629,32.84355206112659,17.528553186384887,3.569564600723618,-10.506511013755315,52.162160100163256,17.34213167559382,22.34145162316754,12.452107279693326
2024-01-30,-3.770781397537004,8.673772373706857,19.243375428824685,-3.1816471603132612,33.256805510003275,17.341636987556686,3.569564600723618,-9.117728717492302,52.64864741144915,-2.120644521153392,23.252740896368152,14.367816091953856
2024-01-31,-3.770781397537004,9.093200277271961,19.430527884451653,-2.600383576198173,34.36535928788127,18.047763969515664,3.569564600723618,-9.085244999943232,51.48648442448758,-1.0367612914288005,23.255234131390456,14.49553001277122
2024-02-01,-3.770781397537004,9.806220033378388,19.17207773753762,-1.8738026372790872,34.66710396851425,18.099688216839873,3.569564600723618,-8.725191077577188,50.13513307313622,-3.393026739621463,23.29506652900872,14.240102171136492
2024-02-02,-3.770781397537004,8.497607022243026,18.955953622822584,-1.720841300191367,33.55854218340026,17.91277201801167,3.569564600723618,-9.152925294408565,49.86486692686298,-2.02638940900175,22.376309423288898,13.090676883780162
2024-02-05,-3.770781397537004,8.88348632548941,18.53262955680799,-1.017209813426312,32.87634969969662,17.85046133671706,3.569564600723618,-10.040877445620112,49.86486692686298,-1.8850123585542056,22.822942796165723,13.090676883780162
2024-02-06,-3.770781397537004,11.492328397661389,18.476927903489848,2.103250478011298,33.453591341423405,18.05815040348606,3.569564600723618,-9.845954970367089,53.05405694085157,-5.325161036471493,23.246341593144226,12.068965517241214
2024-02-07,-3.770781397537004,10.947064443072453,18.76657012634173,-0.5353705149081511,33.49950483252706,18.34890717443487,3.569564600723618,-9.169172195672616,53.89188818029411,-7.304428507177308,23.554006794896786,10.919540229884905
2024-02-08,-3.770781397537004,9.453902130374537,19.13865462074589,-2.9063120854745828,33.30271900110691,18.172377409577066,3.569564600723618,-9.147509660653775,52.37838126517589,-9.66069395536997,23.728295795503705,10.664112388250157
2024-02-09,-3.770781397537004,9.177078178030706,19.809284253409267,-2.9445495021960255,32.718927440349276,18.213907300403065,3.569564600723618,-9.469664231716013,50.27026614627279,-12.959471200619655,24.2910070674905,9.57854406130252
2024-02-14,-3.770781397537004,8.48083912204558,18.022422385541503,-3.518163268926422,30.55428329472778,18.234680168343864,3.569564600723618,-11.148107296512855,48.783781721784855,-24.175307093132638,23.297559764031007,8.365261813537517
2024-02-15,-3.770781397537004,9.00930957658943,18.7331576335541,-3.066923239946995,31.328302760638714,18.30736936108106,3.569564600723618,-10.652692785216168,49.783778834986904,-25.49481686767652,23.703399062923825,6.704980842911712
2024-02-16,-3.770781397537004,9.848165383719664,19.118596501069263,-3.6328871892926995,31.944899967202357,18.08930178286947,3.569564600723618,-10.211424526487633,53.7837879077804,-24.175307093132638,23.805491100813402,6.385696040868294
2024-02-20,-3.770781397537004,10.863186542313708,19.060674430901315,-1.0707410298161357,32.99442440144309,18.037377535545286,3.569564600723618,-10.720373079681467,53.35135588774769,-25.730443412495784,23.407107761892053,6.96040868454646
2024-02-21,-3.770781397537004,11.064503744073729,18.63735036488674,-1.491393459458823,32.65333216320925,18.172377409577066,3.569564600723618,-11.069595734537984,54.05405405405364,-16.446747434612774,22.660158294304587,4.980842911877237
2024-02-22,-3.770781397537004,11.19033979509756,18.922541130034954,-1.720841300191378,32.48277803685635,18.172377409577066,3.569564600723618,-11.15622570465521,55.91891520732113,-18.378887349242735,22.87178645750747,3.7037037037035425
2024-02-23,-3.770781397537004,10.536033289529879,19.321355618669234,-2.4856596558319066,33.72253037625042,17.549318131797897,3.569564600723618,-10.723085939048381,54.70270723909903,-24.458055576247784,23.55650002991907,2.10727969348643
2024-02-26,-3.770781397537004,10.603143290091154,19.14088566159977,-2.4321226043411026,33.06001967858316,17.777772143979888,3.569564600723618,-11.229321632875289,53.59459954339061,-21.81903602716001,24.33085133765647,3.959131545338268
2024-02-27,-3.770781397537004,12.540898156574197,20.288309972742002,-1.3384321223710915,33.4207937028534,17.777772143979888,3.569564600723618,-10.47401721122717,56.432435319229924,-23.892552992237526,23.9673257988565,4.278416347381686
2024-02-28,-3.770781397537004,11.123229794536304,19.109693585661923,-1.453150207636389,33.355198425713354,17.757007198566875,3.569564600723618,-11.27533939232177,56.18919166358698,-11.168708336437227,22.809550562331605,5.55555555555538
2024-02-29,-3.770781397537004,10.225647936943517,19.889495484107698,-2.40917898728803,34.188255242497554,18.213907300403044,3.569564600723618,-10.736619980945527,55.24323953164545,-12.346841060533553,23.67850233034392,6.194125159642216
2024-03-01,-3.770781397537004,10.225647936943517,19.602084302109702,-2.7151074965644284,36.89077745777305,18.151604541636246,3.569564600723618,-10.368437565458045,56.91892263051581,-13.524973784629868,23.740750098067487,5.300127713920633
2024-03-04,-3.770781397537004,9.613286781717111,19.2144037697366,-3.18164716031325,38.91111519658084,17.902385584041248,3.569564600723618,-11.093961043944677,56.540535591743634,-9.707821511445779,23.314988664091672,6.641123882502997
2024-03-05,-3.770781397537004,9.294517479032006,19.60653575981337,-3.4034393485601444,39.947523778287966,17.985461210748866,3.569564600723618,-11.069595734537996,55.54053847854157,-7.77568159681582,23.12077752840176,5.619412515964051
2024-03-06,-3.770781397537004,10.074660035623516,19.726852605861023,-2.4856596558318733,41.04952763713514,18.02699902410265,3.569564600723618,-10.574191308220637,54.75675222035956,-9.09519137135969,23.42453666195272,6.76883780332036
2024-03-07,-3.770781397537004,9.571341431375856,19.96524463309841,-3.0592734225622698,41.55460806821909,18.722739572091207,3.569564600723618,-10.34948788980613,54.459463583456056,-14.326108531239356,23.088412963302684,8.812260536398275
2024-03-08,-3.770781397537004,8.480839122045602,20.2459733165389,-2.6768642447420055,42.90587718309282,18.46313418052581,3.569564600723618,-9.691654790763593,54.29729770969656,-14.938738671325435,22.844408362453006,8.876117496806968
2024-03-11,-3.770781397537004,7.717477265575368,19.680064491954276,-2.562140324375717,43.16169235815024,18.546209807233428,3.569564600723618,-9.66187384760213,53.054056940851545,-17.106505130774686,23.93346529274407,9.386973180076442
2024-03-12,-3.770781397537004,8.958980276149454,21.0881699908644,-1.185470785283349,41.71203032756645,18.328134306494025,3.569564600723618,-8.191877214976662,53.78378790778038,-19.22714403414807,23.929974763712835,9.578544061302496
2024-03-13,-3.770781397537004,9.336462829373282,20.990131681343204,-0.4588956814652323,42.695959484667135,18.6604288907966,3.569564600723618,-8.895748243423796,54.81080751161274,-21.86616358323582,23.713360130465343,8.93997445721566
2024-03-14,-3.770781397537004,8.967364226248176,21.25526432681477,-1.2160583846201,41.88258445391935,18.22429373437342,3.569564600723618,-8.906569425954014,52.81081328520858,-17.954756197900057,23.725814433029146,7.918263090676714
2024-03-15,-3.770781397537004,8.086575868700475,20.929978570321396,-1.7208413001913225,41.50869457711548,17.736234330626033,3.569564600723618,-8.828067948958484,52.97296884897547,-22.007540633683387,24.310929202573494,11.55810983397172
2024-03-18,-3.770781397537004,8.405332371461771,20.551211577359684,-2.1797311465554414,41.73171211360287,17.310485608173277,3.569564600723618,-9.721425648946024,55.08108396787856,-19.745524679862434,23.697106612629447,11.366538952745664
2024-03-19,-3.770781397537004,8.93381562592943,20.80074818486235,-2.3326983187441197,41.44309929997545,17.42471261426426,3.569564600723618,-8.725191077577199,58.13513059873794,-17.813384765232463,25.22469983824871,12.260536398467249
2024-03-20,-3.770781397537004,10.150153986283517,21.68750193224076,-1.3537317571403973,41.54804213471635,17.902385584041248,3.569564600723618,-9.854083463488506,59.648647823848776,-19.93402366860586,25.239647375834817,12.132822477649864
2024-03-21,-3.770781397537004,9.453902130374559,20.95225710684787,-2.3326983187441197,43.15512642464747,17.41432618029386,3.569564600723618,-10.953194906238616,60.405401281407876,-20.688030859139495,23.651112362741777,12.579821200510665
2024-03-22,-3.770781397537004,8.346619120923027,20.357376623175227,-3.7476111096589215,41.56117400172192,17.23779641543608,3.569564600723618,-11.196837915325975,58.32432927312033,-21.81903602715999,23.857777800995517,12.196679438058556
2024-03-25,-3.770781397537004,8.472442372023025,19.319124577815373,-3.915872081516003,42.656611927066294,17.507788240971877,3.569564600723618,-11.862799507490207,57.37837714117882,-23.892552992237505,24.515089533257182,11.813537675606444
2024-03-26,-3.770781397537004,8.338222370900471,20.032090866681852,-3.0439796228938665,42.70909135167273,17.289712740232478,3.569564600723618,-11.07230859390491,56.783779247386576,-25.777565350791633,23.800504630768792,10.472541507024058
2024-03-27,-3.770781397537004,9.026090276710708,20.123436053641484,-2.2485678328155845,43.693020508773415,16.957418155929858,3.569564600723618,-11.099376677699457,59.86486898886145,-19.03863942762466,23.887649131072266,9.00383141762433
2024-03-28,-3.770781397537004,9.302914229054537,20.081099397438408,-2.1032504780115646,45.450961124549096,17.684318005829635,3.569564600723618,-10.704126178417395,60.00000206199807,-16.918000524251266,24.251174669872235,12.899106002554085
2024-04-01,-3.770781397537004,8.447277721803026,19.41715226333256,-4.015296367112898,46.70383732371275,17.37278836694005,3.569564600723618,-10.325132665378467,60.94594388394696,-13.430724290258155,24.821341901830472,11.2388250319283
2024-04-02,-3.770781397537004,8.925431675830687,19.41715226333256,-3.8546852126404962,48.31092161364388,17.17548573414145,3.569564600723618,-9.764740634004598,60.513511863914246,-12.252591566161819,25.827243507853748,8.93997445721566
2024-04-03,-3.770781397537004,8.724101674146855,21.284235985902832,-3.7093678578364764,50.50179746433263,17.258561360849043,3.569564600723618,-9.531928892426523,60.270268208271304,-13.24222530151471,26.096156713831054,10.280970625798025
2024-04-04,-3.770781397537004,8.875089575466856,21.60283924383868,-3.4416826003824896,50.13447352103155,17.175485734141425,3.569564600723618,-10.027343403722943,60.54054466453713,-16.399619878536896,25.45376877405998,11.174968071519608
2024-04-05,-3.770781397537004,8.145289119239173,21.854606892195207,-3.0210301707398135,52.55493284171047,16.93665321051685,3.569564600723618,-9.502147949265039,58.18918588999114,-15.88124485060247,25.92186771322409,10.919540229884884
2024-04-08,-3.770781397537004,10.099824685843473,21.56273362848946,-1.8738026372789984,52.948504504550755,16.967804589900236,3.569564600723618,-9.77557190151387,61.35135341334943,-13.100848251067154,25.859619945500523,11.2388250319283
2024-04-09,-3.770781397537004,10.980625843314984,21.80335669658071,-1.1472275334608706,53.72253197769767,17.133955843315405,3.569564600723618,-10.430712311147595,61.05405446645331,-11.781338476523274,25.08776187278543,10.153256704980663
2024-04-10,-3.770781397537004,9.29451747903196,21.003507302462342,-3.365201931838613,52.810764031239835,16.73935057771825,3.569564600723618,-10.66893968648045,59.297293585699485,-11.168708336437195,24.68191070134489,10.919540229884884
2024-04-11,-3.770781397537004,8.774430974586833,21.455792403560903,-3.326958680016201,54.46376181227459,16.313601855265468,3.569564600723618,-10.311588538502237,58.78378378378333,-16.87087296817542,26.140963708946185,9.514687100893827
2024-04-12,-3.770781397537004,7.566476564331492,21.567185086193106,-4.397705544933139,54.55558879448188,16.510896565536235,3.569564600723618,-10.032748952498615,56.81081204800946,-16.588124485060273,26.743519251098945,11.2388250319283
2024-04-15,-3.770781397537004,7.0128350596057265,20.167993126694373,-6.003822924758073,55.18530986081509,16.04361002972965,3.569564600723618,-9.615846003176786,58.027030326224185,-20.31102726387266,27.408298815879828,10.217113665389356
2024-04-16,-3.770781397537004,6.283028203416152,22.623264210375726,-6.730403863677159,56.82519178931622,15.597088439336071,3.569564600723618,-8.976962579786152,56.216214154217205,-18.378887349242678,29.066549429215627,10.089399744571992
2024-04-17,-3.770781397537004,5.989429950912939,24.55718354252536,-7.112813041497434,55.57231559015256,15.482861433245066,3.569564600723618,-7.515094440282377,57.24324406804215,-19.32139352851976,31.601219643082956,9.897828863345936
2024-04-18,-3.770781397537004,5.9726556507535555,24.76216307697512,-7.380498298951443,56.26763193362585,15.607474873306447,3.569564600723618,-8.20270848248612,56.216214154217205,-17.20075462514633,30.284091070989525,9.003831417624353
2024-04-19,-3.770781397537004,6.9037861086650665,24.3923096234248,-7.564053070476895,57.323706286897405,15.264793855033476,3.569564600723618,-8.210826890628486,59.00000494879596,-17.4363811699656,30.510666771778517,10.727969348658828
2024-04-22,-3.770781397537004,7.14705506072828,23.795208722902352,-7.533459636039153,52.98130214312076,15.82554245151806,3.569564600723618,-8.811821047694323,59.10810522130967,-15.598490749707361,29.62676746618009,12.324393358875941
2024-04-23,-3.770781397537004,6.78634680766379,22.600985673849294,-7.135756658550507,52.68612339599055,15.524399246598875,3.569564600723618,-9.667289481356821,56.48649061048303,-14.608857014354449,28.618372625134512,13.154533844188832
2024-04-24,-3.770781397537004,6.434022504698045,22.24450784141809,-7.49522221931771,52.47622171203679,15.389407295094903,3.569564600723618,-10.254739511546184,54.91891809411902,-22.101790128055054,27.74194115205526,11.813537675606467
2024-04-25,-3.770781397537004,6.425638554599344,22.621043793525942,-8.435945529099032,52.823879883773415,15.254407421063076,3.569564600723618,-10.273689187198109,52.67568021207194,-22.808669762512856,28.115427758396727,12.64367816091938
2024-04-26,-3.770781397537004,8.019465868139154,23.347375079507437,-6.271508182212104,53.151856269473654,15.337483047770695,3.569564600723618,-10.243908244036891,53.5135114515145,-23.9396805483133,28.441590389505265,12.388250319284634
2024-04-29,-3.770781397537004,8.682156323805557,22.761408135246164,-6.539199274767061,53.84715659847497,15.2647938550335,3.569564600723618,-12.485446114595488,53.810810398410624,-4.3355329188984655,27.368466418261516,12.196679438058577
2024-04-30,-3.770781397537004,7.482598663572748,22.081864963171395,-7.418735715672908,50.305011632912475,14.506742625750313,3.569564600723618,-11.375503404336062,51.70270558950016,-6.173417721376751,27.405817453405223,12.260536398467249
2024-05-02,-3.770781397537004,8.480839122045536,22.908454975523917,-6.539199274767049,50.816657997499235,14.922112836760505,3.569564600723618,-10.77180647288265,54.43243078283315,-4.099900756299246,29.332957527622906,15.45338441890145
2024-05-03,-3.770781397537004,9.864946083840898,22.124190995370398,-4.627153385665716,50.80354214496563,15.181718228325902,3.569564600723618,-9.596896327524851,56.75675675675631,0.9425061792770473,27.238996285317498,14.176245210727757
2024-05-06,-3.770781397537004,9.646848181959623,21.77884711920037,-4.7801147227534475,52.286001814119444,14.859810077993707,3.569564600723618,-10.40904977612872,56.05405859045036,3.440148677917265,26.257991411874105,16.730523627075122
2024-05-07,-3.770781397537004,10.267593287284749,21.667454436568168,-4.359462293110772,51.86618243173997,13.852539891115544,3.569564600723618,-10.923413963077056,51.83783866263683,4.005656879707464,26.35759021474138,15.90038314176223
2024-05-08,-3.770781397537004,10.5947465400686,21.339937639220928,-4.474186213477038,51.761239596999076,15.140180414972072,3.569564600723618,-11.196837915325887,52.351348464553006,3.063150700430395,26.31774594457539,13.793103448275644
2024-05-09,-3.770781397537004,9.529408880958346,21.769944203793035,-7.349904864513723,52.97475222408994,15.160953282912892,3.569564600723618,-11.397165939354913,52.756757993955446,8.435444910757607,26.681271483375333,13.090676883780116
2024-05-10,-3.770781397537004,8.925431675830664,23.434268808763335,-7.227531126762765,55.28370277652517,15.514012812628453,3.569564600723618,-10.400931367986066,51.13513018633826,6.126301400860834,27.998400055468764,16.411238825031703
2024-05-13,-3.770781397537004,9.420353530055792,22.935195593758028,-6.003822924758106,53.237133332650124,15.24402890962049,3.569564600723618,-10.920701103710407,52.10810480891006,12.205469627865885,27.561680259942523,17.113665389527235
2024-05-14,-3.770781397537004,9.79783608327962,23.719448949907473,-5.391971741306256,54.37191881559536,15.254407421063076,3.569564600723618,-10.68247372837755,51.02702991382453,10.461834319759289,28.33204239164422,15.90038314176223
2024-05-15,-3.770781397537004,9.336462829373238,23.608056267275266,-5.506689826571575,56.68743530153337,15.534785680569296,3.569564600723618,-11.305120335482899,52.27027068266956,13.854849823820814,27.674718786834784,18.1353767560662
2024-05-16,-3.770781397537004,9.588122131497068,24.43241523877393,-5.162523900573723,56.116759593309375,15.918996589668243,3.569564600723618,-9.910932490444447,54.162164636559986,17.57775260263317,27.819136457364934,16.730523627075144
2024-05-17,-3.770781397537004,9.378408179714516,24.13609051736454,-5.544933078393988,58.228924314324445,16.157837035820677,3.569564600723618,-10.647277151461598,53.70269981590437,23.75117594178988,27.69464092191778,15.581098339718835
2024-05-20,-3.770781397537004,9.076419577150663,23.29390446704309,-5.73613766730412,59.65233862536905,16.126685656437267,3.569564600723618,-11.351148179908455,54.13513183593712,29.641845180051508,27.032342719611478,17.62452107279675
2024-05-21,-3.770781397537004,8.757650274465556,23.07332889462441,-5.927342256214252,58.85207944715489,16.137064167879878,3.569564600723618,-11.662471483461134,53.05405694085159,25.87182046294325,27.059720814665923,16.985951468709914
2024-05-22,-3.770781397537004,7.163829360887641,23.632555220651508,-7.6099403045830405,56.7202329401034,15.441323619891323,3.569564600723618,-11.240152900384526,49.62162327122004,33.9302561606541,27.52781975383003,17.816091954022827
2024-05-23,-3.770781397537004,6.501132505259322,24.173965091859873,-8.871891758410111,53.164972122007306,15.929383023638689,3.569564600723618,-11.039814791376735,48.378382502375025,25.21206838456127,28.254858958882224,18.518518518518356
2024-05-24,-3.770781397537004,6.157204952316109,24.049196788108553,-8.986615678776388,53.0009839291572,15.95015589157951,3.569564600723618,-11.313238743625565,50.32432143752601,18.755890944509467,28.055661353147677,18.71008939974441
2024-05-28,-3.770781397537004,5.611947397689088,25.033978221004084,-9.0248589305988,54.48999351734185,15.368634427154127,3.569564600723618,-10.760985290352165,47.91891768171943,22.05466257197921,28.76776489316153,18.135376756066247
2024-05-29,-3.770781397537004,4.764701240498215,24.84014326681956,-9.827914702960783,53.51263029374395,15.420558674478336,3.569564600723618,-11.158938564022069,47.6486515354462,17.48350872604143,28.50882462727342,16.28352490421441
2024-05-31,-3.770781397537004,4.2613890362124485,25.46176436872638,-10.562139624163592,52.37126286282396,15.752853258780931,3.569564600723618,-10.208721752099715,46.02702372782903,21.91328552153169,29.52467542829047,13.984674329501768
2024-06-03,-3.770781397537004,4.194279035651172,25.23227525689631,-9.904395371504659,53.92588374262062,15.264793855033542,3.569564600723618,-9.694357565151368,42.91892180571648,29.87747734265078,30.577889136998948,13.28224776500624
2024-06-04,-3.770781397537004,3.934235783428619,27.039195244440716,-9.94263862332706,52.54181698917686,15.33748304777074,3.569564600723618,-8.936350369115399,41.51351516311197,21.86616358323581,30.692423604904583,13.026819923371512
2024-06-05,-3.770781397537004,3.6909668313654276,28.057399794127956,-9.751434034416928,54.41784832117098,15.555550625982328,3.569564600723618,-7.707293971189422,40.1351310111377,29.924599280946662,31.655999578287286,12.196679438058622
2024-06-06,-3.770781397537004,4.94925054206079,28.25123474831246,-8.183554071313448,55.48048860794532,15.379020861124548,3.569564600723618,-7.9861335571930425,42.432434494430574,32.94062804308122,31.972201141854327,15.453384418901539
2024-06-07,-3.770781397537004,3.05343462595713,27.279818312531965,-9.560229445506796,51.21022966033954,14.610591120398798,3.569564600723618,-8.562762404852208,40.486485249287,37.511781889019005,30.894102573113713,14.623243933588647
2024-06-10,-3.770781397537004,3.095379976298407,27.025830247325654,-10.745700230790012,51.37421785318965,14.27829653609618,3.569564600723618,-8.719775443822343,41.324326798722176,36.94627368722878,31.226272713371237,15.389527458492847
2024-06-11,-3.770781397537004,3.833570782586726,28.340359518422286,-9.866157954783217,51.361102000656025,14.974037084084756,3.569564600723618,-7.71542246431115,41.972969673775,47.455229945283975,33.2768872839317,14.814814814814682
2024-06-12,-3.770781397537004,2.4914027711707254,28.18439913873312,-10.745700230790023,53.230567399147354,13.22948853586421,3.569564600723618,-7.563814974116479,41.135138434332404,43.49670623943227,33.5781650550081,16.028097062579704
2024-06-13,-3.770781397537004,2.1642495183868737,30.00691516424645,-11.510518586430562,50.88225327463931,13.499480361399986,3.569564600723618,-6.765205652388817,41.81081411000809,39.4439274214289,34.47700002564491,17.11366538952732
2024-06-14,-3.770781397537004,2.17263986844749,28.380465133771505,-10.97514223642161,52.928822718514354,14.205607343358961,3.569564600723618,-7.612545592929887,41.135138434332404,35.76814658091241,33.495995152201516,14.942528735632044
2024-06-17,-3.770781397537004,1.7615959149811289,27.27759789568216,-10.019119291870936,51.68251245285349,13.665623692287365,3.569564600723618,-7.980717923438318,39.81080957361134,31.38549172371805,33.386447154340495,13.346104725414932
2024-06-18,-3.770781397537004,2.19780451866749,29.581360057377992,-10.432121904128945,52.86322744137433,14.319826426922134,3.569564600723618,-6.887022114442953,41.40540458060564,37.08765073767633,35.049660492625435,14.942528735632044
2024-06-20,-3.770781397537004,2.9947149754564695,30.180691998754327,-10.51625239005748,54.398166535134564,14.382137108216742,3.569564600723618,-7.05216364653507,43.02702207823022,29.170592090413017,35.009828095007165,12.324393358875984
2024-06-21,-3.770781397537004,3.7077411315247666,30.189605538165697,-9.88145175445162,51.94489356141365,14.309447915479524,3.569564600723618,-7.111725532857727,43.62161997202243,27.474078720602325,35.75678943514235,11.111111111110983
2024-06-24,-3.770781397537004,4.831811241059492,29.2426986797655,-9.024858930598823,52.83699573630707,15.306331668387308,3.569564600723618,-8.107960104226287,44.108107283308314,32.46937495344269,35.102600182932385,10.727969348658872
2024-06-25,-3.770781397537004,4.5382129885563005,28.863942310807865,-9.139577015864141,51.958025428419255,14.589818252457931,3.569564600723618,-8.611493023665362,43.67567526327561,29.877477342650806,34.18568332210998,8.68454661558098
2024-06-26,-3.770781397537004,4.789865890718237,30.153962004524203,-9.59847269732922,50.816657997499284,14.537901927661533,3.569564600723618,-7.558399340361999,45.67567979967235,23.845431053941635,35.71445192995404,7.279693486589922
2024-06-27,-3.770781397537004,6.199143902695492,31.245684662348296,-9.521986193684405,52.47622171203685,14.402902053629752,3.569564600723618,-6.919515916971375,50.21622116501228,26.531572541325275,37.50217267623388,5.68326947637281
2024-06-28,-3.770781397537004,5.880380999972301,31.25014674405604,-10.05736254369336,52.68612339599061,13.707161505641174,3.569564600723618,-7.352655682578202,50.94594182194847,22.573048835473596,36.954408941833215,1.4687100893996385
2024-07-01,-3.770781397537004,6.568242505820621,30.710967913701516,-10.172086464059626,52.679573476959796,13.187950722510378,3.569564600723618,-5.858303825525102,51.89189395389,16.776623473803753,39.230127017264735,1.7241379310343863
2024-07-02,-3.770781397537004,6.6605171566019195,35.1915035164921,-9.713190782594538,52.377828796326796,12.274142596310234,3.569564600723618,-5.211291909013072,51.83783866263683,14.750234064802047,40.801233130297085,2.6819923371646626
2024-07-03,-3.770781397537004,7.423872613110261,35.56803946859992,-8.894835375463195,54.791738197974894,13.271026349217973,3.569564600723618,-4.878306070441562,53.05405694085157,13.949104935972523,41.311645829554045,3.065134099616773
2024-07-05,-3.770781397537004,7.876861916917921,32.0722852987049,-8.596556683571466,56.67431944899981,15.26479385503352,3.569564600723618,-7.961768247786427,50.75675345755872,9.283695977883077,36.60333770559705,5.044699872285996
2024-07-08,-3.770781397537004,8.120124469019196,31.83611368831729,-8.871891758410143,54.489993517341894,15.005188463468123,3.569564600723618,-8.172927539324737,48.432427483635564,11.498584375628184,36.22712041327878,1.0855683269475502
2024-07-09,-3.770781397537004,8.673772373706857,31.189983009030154,-8.910135010232567,54.81141998401131,15.47247499927471,3.569564600723618,-7.90763208019759,48.81081452240774,10.461834319759333,36.2049543666757,2.2349936143038596
2024-07-10,-3.770781397537004,8.648607723486856,31.38159754636487,-7.839388145315629,55.6051132287227,16.199374849174465,3.569564600723618,-9.101491901207314,47.99999546360285,9.754949067521611,34.87786472704077,3.0012771392080806
2024-07-11,-3.770781397537004,9.621670731815835,30.530497956632054,-7.219887144479098,58.412594293211065,16.66666138498103,3.569564600723618,-9.309938333378698,49.1891912511873,6.880297355834619,34.81811019433951,3.8952745849296644
2024-07-12,-3.770781397537004,10.225647936943494,31.62668269616389,-6.195027513668283,58.34699901607101,16.728972066275638,3.569564600723618,-7.160446066691851,50.13513307313622,9.754949067521611,35.398250366386975,2.1711366538951893
2024-07-15,-3.770781397537004,10.6450758405086,31.43283711797531,-6.5391992747670935,58.93079057682862,16.303215421295047,3.569564600723618,-7.320171965029177,52.405403755806205,1.696513369810737,35.01978916254862,-0.25542784163482546
2024-07-16,-3.770781397537004,10.267593287284772,32.116842371757805,-5.912048456545904,61.521804023860426,16.45898024073984,3.569564600723618,-6.751671610491739,52.43243655642911,3.1102726387263413,35.61735823465677,1.0855683269475502
2024-07-17,-3.770781397537004,10.603143290091133,31.75590245761888,-5.277247820940034,61.02328952627924,16.562820812860444,3.569564600723618,-7.2768569799705585,52.4594590470594,-4.099900756299202,35.057140197692306,1.660280970625716
2024-07-18,-3.770781397537004,9.059638877029386,33.53609245093318,-6.462712771122292,60.82650369485911,16.08514784308346,3.569564600723618,-4.675275272024971,50.08107778188311,0.14137705044758864,36.63570227069612,-0.0638569604087702
2024-07-19,-3.770781397537004,9.177078178030662,35.58585592341868,-6.332695051087622,57.133486388980145,15.732080390840085,3.569564600723618,-4.558864358746273,50.24324365564261,0.28275410089513286,38.01757184553545,-0.25542784163482546
2024-07-22,-3.770781397537004,9.185474928053194,33.899252781921916,-5.804968518463339,56.90390291898999,16.095534277053858,3.569564600723618,-5.113830671386587,50.891896840688,6.079168227005094,37.461639798299814,2.2349936143038596
2024-07-23,-3.770781397537004,8.044630518359131,35.00212002001126,-6.263864199928426,57.730409816743354,15.316718102357685,3.569564600723618,-3.9714143285569103,47.054053641654,3.0631507004304614,38.70228541794709,2.8097062579820253
2024-07-24,-3.770781397537004,8.044630518359131,34.9887550228962,-6.684510794470134,58.301085524967355,15.22325604167969,3.569564600723618,-2.899370969601356,46.324322674725174,-0.23562092703927062,39.06579908419931,3.1289910600254434
2024-07-25,-3.770781397537004,7.583257264452725,36.51716674384993,-7.426385533057611,54.27352589988534,15.119415469559105,3.569564600723618,-0.49540442631759163,47.027031151023756,-3.817157890964007,40.766375330175705,3.703703703703609
2024-07-26,-3.770781397537004,8.908650975709342,36.387946982394936,-6.730403863677226,56.116759593309396,15.62823981871948,3.569564600723618,-0.5333037776217187,45.729724780932955,-5.466538086918938,40.504929956717596,0.76628352490411
2024-07-29,-3.770781397537004,8.564717022804235,35.98021895434926,-6.684510794470134,55.93965554792566,16.303215421295047,3.569564600723618,-1.169494511603264,45.89189065469246,-10.131952662788347,40.00051289406188,1.2132822477648908
2024-07-30,-3.770781397537004,7.809751916356555,35.5635773868922,-6.936902252255761,57.75664152181052,16.220139794587453,3.569564600723618,-1.3346259587162956,45.729724780932955,0.1884989887434685,39.792838289251485,-0.7024265644956396
2024-07-31,-3.770781397537004,9.084803527249363,35.22937809098743,-7.38049829895151,59.16693998032152,16.292828987324604,3.569564600723618,-0.4169029493220622,47.21621951541355,-4.052778818003333,39.70818702397034,-2.2349936143040705
2024-08-01,-3.770781397537004,8.866705625368066,36.260947637789734,-7.4340353504423025,59.724499836011915,17.06126665057821,3.569564600723618,2.1224241828920354,45.45945863465975,-7.257300951101353,40.84106552791533,-2.4265644955301258
2024-08-02,-3.770781397537004,7.57487331435398,37.791601023601395,-7.648183556405497,59.1144605557151,18.328134306493958,3.569564600723618,4.239422647050484,42.83783371384047,-7.3044285071772075,43.18152460609277,-1.2771392081738053
2024-08-05,-3.770781397537004,7.113500060447575,38.148078856032576,-6.92160845258738,57.540173904354,19.418480120079717,3.569564600723618,6.3131162111296435,40.67567361367686,-8.482561231273522,42.5864487690069,-0.19157088122617738
2024-08-06,-3.770781397537004,7.969136567699109,40.07085360791691,-5.391971741306312,56.713683021072605,18.62927751141312,3.569564600723618,6.223773381645481,40.51351804990997,-5.278039098175502,42.44204297102448,-0.7024265644956618
2024-08-07,-3.770781397537004,9.269352828811916,37.73366832942937,-4.856595391297369,56.80551000327989,18.35929360840516,3.569564600723618,5.95576506315143,40.40540746740362,-0.47125308963849033,40.81367556031314,-2.107279693486719
2024-08-08,-3.770781397537004,10.183715386525982,36.37235094442597,-4.091777035656841,58.884877085724966,18.483899125938752,3.569564600723618,4.141971494403007,42.13513554753452,0.23563216259927522,40.32317312359144,-3.1289910600256654
2024-08-09,-3.770781397537004,11.702042349443897,35.47668365763619,-1.9120458891015102,59.53427993809459,19.418480120079717,3.569564600723618,1.6784430647965642,42.999999587599966,0.9896281175729937,38.08978068080049,-3.7675606641125126
2024-08-12,-3.770781397537004,12.138238153206471,34.42506661516131,-0.65010027037542,61.521804023860426,19.83385033108991,3.569564600723618,1.3671197612438846,43.35135382574924,3.157394577022221,37.0988147398156,-2.107279693486719
2024-08-13,-3.770781397537004,13.371357213681812,33.819041551223414,1.3001888705483244,61.80386691845703,20.6645828305825,3.569564600723618,0.996244656347578,44.35135093895133,1.2252602801722023,36.74027567106026,-3.512132822477776
2024-08-14,-3.770781397537004,14.134719070152046,33.404631024620215,2.6386209929192495,60.013112649639396,20.996877414885073,3.569564600723618,0.5306110882123516,42.43243449443064,4.571165081497708,35.83894746540113,-2.6819923371648846
2024-08-15,-3.770781397537004,14.81419022593975,34.079722738991315,3.403439348559778,60.911780758035604,20.093455722655328,3.569564600723618,0.471049201889695,43.56756468076932,3.534403790068996,36.167615204079716,-4.2145593869733045
2024-08-16,-3.770781397537004,14.528982323497196,33.61184159992385,3.250478011472069,63.896365867907704,20.197296294775914,3.569564600723618,-0.4791676100326603,42.86486651446337,0.04712193829592426,36.56598667045334,-5.363984674329625
2024-08-19,-3.770781397537004,16.26541998822022,33.78784947528559,5.231354751732575,64.10626755186146,19.948077337180937,3.569564600723618,-0.1380633633185191,46.54054383973787,5.325161036471471,36.22736973678098,-3.4482758620690834
2024-08-20,-3.770781397537004,16.53384719054152,33.60292806051248,5.850855752569095,64.72942268469191,19.02388277701037,3.569564600723618,-0.18408112276498967,47.243242006043815,3.5815257283648982,34.59153449355048,-4.214559386973294
2024-08-21,-3.770781397537004,16.86100044332537,35.87772918712437,5.8279121355160335,64.5391867723026,18.868117957565556,3.569564600723618,2.249656278700929,50.67567567567537,2.591897610791949,36.39667226734331,-4.0868454661559195
2024-08-22,-3.770781397537004,15.569168132311283,36.10275621724672,4.2447442078451525,62.60412609667123,18.452747746555364,3.569564600723618,2.301089671902168,49.27026903307086,-3.2516496891737967,36.50623213775206,-5.108556832694866
2024-08-23,-3.770781397537004,15.879540684973836,38.25948216266888,5.047805815308104,64.5391867723026,19.366555872755555,3.569564600723618,3.568045421131716,48.91891479492156,-4.712530896385269,39.20523028468483,-6.066411238825131
2024-08-26,-3.770781397537004,17.230099046450476,37.907455787941345,5.1242806487509895,65.14922605259943,19.117336915160553,3.569564600723618,3.2621377513338157,50.054055291252865,-7.822809152891541,36.578440973017145,-7.53512132822488
2024-08-27,-3.770781397537004,16.995220444447924,36.477071752504784,4.703628219108302,65.03771728435575,18.57736118661677,3.569564600723618,2.926449138374454,50.70269816630564,-10.273324095455916,36.834888003882924,-6.194125159642505
2024-08-28,-3.770781397537004,17.54886834913558,37.02070204056298,5.7284936850201085,64.05378812725506,18.38005855381819,3.569564600723618,3.576173914253422,48.594593357395176,-9.048069433063688,37.13865900998161,-6.704980842911978
2024-08-29,-3.770781397537004,16.34091393888024,37.484131721926815,5.070749432361166,65.67398826971981,18.01661259013221,3.569564600723618,4.277321998354577,49.24324654244059,0.7068852522378322,38.49064538219644,-5.044699872286184
2024-08-30,-3.770781397537004,16.349297888978963,38.636018114776746,4.80305833980621,63.58150533474114,17.642780192475826,3.569564600723618,5.132790432017087,48.45946028425858,0.23563216259929742,40.12149415538235,-3.4482758620690723
2024-09-03,-3.770781397537004,14.981971627304858,38.435490038030636,4.978963293946981,63.3256741452118,16.843191149838855,3.569564600723618,3.4624657753626,45.27027027027,3.817157890964129,39.80777395428989,-1.2771392081737942
2024-09-04,-3.770781397537004,16.66806719166405,38.74964183826282,6.0420603414792495,63.55525761520195,17.34163698755664,3.569564600723618,5.230251669643615,48.27027191986881,1.0838832297246803,40.61448982712636,-0.25542784163484766
2024-09-05,-3.770781397537004,16.911329743765346,38.39093296497775,5.912042621444602,64.73597260372279,17.47662893906061,3.569564600723618,6.3185318448841565,47.97297297297269,6.220545277452683,40.47755186166313,-0.38314176245222153
2024-09-06,-3.770781397537004,15.225234179406154,38.99694740491162,4.8107023220899325,63.561823548704744,18.172377409577003,3.569564600723618,5.108425122610383,47.297297297297014,7.210184630585559,38.62260875016281,-1.9795657726693339
2024-09-09,-3.770781397537004,15.300728130066155,37.29251718459208,5.544933078393699,64.1062675518615,18.172377409577003,3.569564600723618,6.464713616345019,47.10810893290724,2.2620215716009806,39.34715472019272,-1.85185185185196
2024-09-10,-3.770781397537004,15.007136277524857,37.16997992169462,5.445502957695791,64.795017961832,17.60124237912204,3.569564600723618,5.636323351456163,47.27027480666677,5.183795221583853,39.04090235161946,-3.065134099616973
2024-09-11,-3.770781397537004,15.351057430506154,38.81202599013849,4.321219041288038,64.78190210929837,17.912772018011623,3.569564600723618,7.609842818541623,48.43242748363572,6.974552467986306,40.99792562846161,-2.8097062579822474
2024-09-12,-3.770781397537004,14.629640924377195,38.57363396290108,3.250478011472069,67.346667836791,17.518166752414444,3.569564600723618,7.810180927549437,48.59459335739522,11.074464459845457,41.10996686134494,-1.3409961685824978
2024-09-13,-3.770781397537004,15.493661381727453,38.468913154822324,4.030596001881959,69.32109208449518,17.092418029961664,3.569564600723618,7.377031076963547,50.59459789379195,8.623943899501118,40.07170069022259,-0.19157088122616628
2024-09-16,-3.770781397537004,15.720156033631284,38.48674023364511,4.397705544932862,69.26204672638596,17.10279654140423,3.569564600723618,7.848080278853531,49.24324654244059,11.828460414819197,39.73980361856275,4.916985951468611
2024-09-17,-3.770781397537004,15.434948131188708,36.55950340005305,3.8699790123085664,68.2059723731144,17.23779641543606,3.569564600723618,5.798752024181053,49.162158450564505,9.519316904922404,37.03906020711438,5.363984674329392
2024-09-18,-3.770781397537004,14.570927673838474,35.991363534614564,3.2351783767026854,68.62577574102193,17.694696517272224,3.569564600723618,4.361249194083983,47.783784608582906,7.634304546368265,36.48631000266911,5.427841634738062
2024-09-19,-3.770781397537004,13.832730467588238,35.008802518568814,2.447416404009095,69.76057723843911,16.30321542129507,3.569564600723618,3.9578802866592877,48.297294410499056,10.650333308502823,35.97091083336752,3.6398467432948944
2024-09-20,-3.770781397537004,12.138238153206494,34.73253591683607,0.3900531601037427,71.85306017341782,15.005188463468123,3.569564600723618,2.7477735643852474,44.78378295898406,14.703112126506191,35.04717913015083,2.618135376755948
2024-09-23,-3.770781397537004,11.844646300665197,34.37604746040079,-1.078396682301841,72.28599540833089,15.233642475650111,3.569564600723618,1.618891263453004,43.86486362766544,23.138545801703913,37.28057157294178,5.619412515964117
2024-09-24,-3.770781397537004,13.195204662141835,36.97391392665625,-1.2084144023364995,73.90619555079563,16.199374849174486,3.569564600723618,4.409979812897125,49.81081163560987,20.216783387280945,37.840789609906246,5.172413793103314
2024-09-25,-3.770781397537004,12.742215358334175,35.88664272653583,-1.2466576541589225,74.430957767916,16.30321542129507,3.569564600723618,3.153855331176869,49.297301833693695,24.269562205284313,35.689555197374155,6.066411238824898
2024-09-26,-3.770781397537004,13.765620467026984,35.282848703451776,-0.1682609718572925,75.1328240304201,16.251291173970884,3.569564600723618,2.43645026083259,55.72972684293143,21.819041644939972,36.28961750450461,5.555555555555425
2024-09-27,-3.770781397537004,13.547522565145687,35.51456885613571,0.08413048592832428,73.45359454431811,15.379020861124504,3.569564600723618,1.5539137433755457,54.75675222035965,36.7577746984854,35.36587392874018,6.768837803320449
2024-09-30,-3.770781397537004,12.826106059016729,35.13357082232014,-0.9024800579591097,72.91571647466411,15.939769457609088,3.569564600723618,2.9562300815357156,54.86486280286598,37.74741405161828,35.278729428436726,8.492975734354925
2024-10-01,-3.770781397537004,13.421699314045664,35.05782167332943,-1.3384321223711582,74.96228591853915,15.846307396931092,3.569564600723618,2.7504864237521964,55.45946069665819,36.475020597590316,35.65968386729739,9.578544061302562
2024-10-02,-3.770781397537004,14.201829070713345,34.64786260442989,-0.3441659259980745,73.6372645232046,16.188988415204065,3.569564600723618,2.2956841231265512,56.81081204800953,36.00376750795178,35.049660492625435,10.472541507024125
2024-10-03,-3.770781397537004,12.649940707552876,33.93712735641729,-1.713197317907722,74.29321729460507,15.784004638164273,3.569564600723618,0.5224825950907563,54.10810934530683,39.962302449363364,35.45551166406597,9.386973180076485
2024-10-04,-3.770781397537004,12.809325358895428,33.250901685784996,-1.521992728997601,73.55198746002817,15.773618204193852,3.569564600723618,0.9366827700247438,54.540541365339564,34.49576436244441,36.35185339968048,8.492975734354902
2024-10-07,-3.770781397537004,12.98549071035926,34.03293462508466,-1.3766753741935922,73.48639218288812,15.784004638164273,3.569564600723618,-0.8608739824384037,55.62162657041769,29.406224253012315,35.80408966527982,8.812260536398341
2024-10-08,-3.770781397537004,12.557666056771598,33.9950600505893,-1.1472275334610482,71.53164972122038,16.780888391072036,3.569564600723618,0.4277342168311993,52.59459212019599,28.793594112926236,36.79754884128701,7.471264367815955
2024-10-09,-3.770781397537004,11.165175144877516,35.222695592429986,-2.4856596558319732,70.94129222695997,15.669777632073266,3.569564600723618,1.0991114427499449,51.32432886072071,25.353445435008947,37.805931809784866,7.535121328224648
2024-10-10,-3.770781397537004,11.609767698662644,36.07602622301669,-2.600383576198251,71.89898967899344,15.929383023638643,3.569564600723618,1.4889463082772059,50.6756756756753,26.06031945168681,39.33470041762892,6.896551724137812
2024-10-11,-3.770781397537004,11.190339795097515,35.97130541493794,-2.982792754018515,74.32601493317514,15.835928885488437,3.569564600723618,1.721758049855282,50.13513307313624,24.033930042685125,38.97616134887356,6.194125159642283
2024-10-14,-3.770781397537004,12.205348153767769,35.47446324078649,-1.9349895061546274,73.68317801430831,15.815156017547638,3.569564600723618,1.7352920917524273,50.32432143752601,17.530630664337398,39.695732721406564,4.278416347381753
2024-10-15,-3.770781397537004,12.087908852766493,35.512337815281846,-1.445506225352755,74.57526417472972,15.545164192011839,3.569564600723618,1.09640866836207,48.97297008617467,17.719129653080824,39.29984261750752,2.490421455938585
2024-10-16,-3.770781397537004,12.700282807916707,37.18112450195989,-0.9942661963733168,75.40177107248311,14.984423518055067,3.569564600723618,2.525793090316797,49.67567856247324,11.545717549484014,40.72653106000974,3.384418901660169
2024-10-17,-3.770781397537004,12.00403095200775,36.92935685360339,-1.4531502076364555,76.51689078386393,14.652128933752472,3.569564600723618,2.5420299066017726,48.9459475955444,10.603200134647018,41.12491439893107,3.895274584929642
2024-10-18,-3.770781397537004,11.777536300103918,36.430283638598084,-1.514337076511929,78.00590037204856,14.423674921570463,3.569564600723618,1.8760683144378065,49.45945739746058,6.4090442661960845,40.72155646251283,3.384418901660169
2024-10-21,-3.770781397537004,11.710426299542643,36.05374768649023,-1.2772452534956735,78.62250558584816,15.036339842851444,3.569564600723618,2.0195473115107943,50.189188364389416,8.953819938692087,40.32566635861379,4.597701149425171
2024-10-22,-3.770781397537004,11.316163046197536,37.06972119532359,-2.2485678328156955,80.00655632481994,14.143296662064287,3.569564600723618,2.1386609991770777,49.51351268871373,8.906698000396208,41.625366030646546,6.385696040868338
2024-10-23,-3.770781397537004,10.754131191411131,36.91376081563442,-2.386235370235046,78.05181386315219,13.665623692287276,3.569564600723618,1.9437486089030953,48.67567113927858,10.367579207607669,41.65524923327102,7.024265644955174
2024-10-24,-3.770781397537004,11.458766997418834,36.94049080986452,-1.483749477175167,79.39651704452314,14.620969631841207,3.569564600723618,0.8229847161132176,48.56757086676487,18.850146056661178,41.58553363302826,7.662835249042033
2024-10-25,-3.770781397537004,11.173559094976282,36.566185898610534,-1.8738026372791317,79.79008870736341,13.977153331176861,3.569564600723618,1.02601551452981,51.81080586201401,20.640903303063652,41.02531559606379,6.06641123882492
2024-10-28,-3.770781397537004,12.314403504670345,36.84691458205103,-1.0860406645855414,79.92127926164352,14.13291815062163,3.569564600723618,1.0747461333431962,53.270267795871675,8.81244288824452,41.56842529175617,4.916985951468611
2024-10-29,-3.770781397537004,11.827865600543962,37.45293964598895,-1.9120458891015546,81.59395882871468,13.13602647518608,3.569564600723618,0.844637166152995,53.324323087124846,10.556078196351093,42.17562300006952,5.683269476372832
2024-10-30,-3.770781397537004,11.71881024964141,38.758555377674185,-1.8967462543322045,82.91243030501838,13.457942548046088,3.569564600723618,1.719055275467407,53.567566742767816,34.07163321110171,43.41558001194872,5.108556832694666
2024-10-31,-3.770781397537004,11.005790493535006,39.29996524888259,-3.22753439441944,79.61955059548247,13.686396560228076,3.569564600723618,1.7650730349138666,52.83783577583898,27.568333832754032,43.472841309627675,4.916985951468611
2024-11-01,-3.770781397537004,9.78945213318092,40.26691960295536,-4.5506668820210265,79.6392323815189,13.686396560228076,3.569564600723618,3.2107043581326433,52.05404951765698,25.49482248545647,44.147593814497796,5.874840357598887
2024-11-04,-3.770781397537004,11.86981095088524,37.64677460017347,-2.8145317821614446,79.47524418866878,14.465212734924249,3.569564600723618,0.49271173690861314,54.83784031223573,31.055604448967177,41.36209228483876,6.3856960408683605
2024-11-05,-3.770781397537004,11.928524201423985,40.269150643809226,-2.0879508432423366,79.75074114976259,14.724818126489625,3.569564600723618,3.0184947422462693,54.75675222035967,25.824698524647438,44.17746514457459,6.896551724137856
2024-11-06,-3.770781397537004,11.609767698662687,39.687454549182476,-3.0286799881246163,74.98196770457564,14.953264216143802,3.569564600723618,2.6070074266792087,56.756756756756424,29.45334619130815,42.91262327266323,8.87611749680708
2024-11-07,-3.770781397537004,10.913515842753728,35.60651961132706,-3.456976400050993,77.0022894289115,15.337483047770583,3.569564600723618,-0.427724131852536,58.64865071064684,26.90858175437205,41.2942169294934,9.195402298850496
2024-11-08,-3.770781397537004,9.319694929175814,36.77194098535712,-5.162523900573824,76.28730731387378,15.368634427153971,3.569564600723618,0.5820444814134351,52.918923867715066,25.777565350791633,41.69757486591163,10.08939974457208
2024-11-11,-3.770781397537004,9.487463530617092,36.21192848302914,-4.879539008350465,71.28238446519389,16.05399646369996,3.569564600723618,1.7407077255071846,51.89189395389011,37.60603700117067,42.827972007382066,9.833971902937355
2024-11-12,-3.770781397537004,9.235804228493262,36.60424108117504,-5.086043232029958,70.54772056411976,15.181718228325792,3.569564600723618,1.4970647164198159,49.4054021062075,36.993406861084544,43.30104554404306,9.450830140485245
2024-11-13,-3.770781397537004,9.353243529494538,35.85457948226454,-5.2007671523962244,69.28829444592526,14.164069530004998,3.569564600723618,0.6280622408599168,50.13513307313633,40.574932589449396,43.12177007339151,8.939974457215772
2024-11-14,-3.770781397537004,9.344859579395814,36.52053455313886,-5.812618335848074,68.4617875481719,14.47559124636677,3.569564600723618,1.1099427102592152,50.729730966928564,31.244114673270484,44.558419583435224,7.024265644955241
2024-11-18,-3.770781397537004,9.370024229615836,36.02477602740217,-5.736137667304209,71.24303690759302,14.288675047538613,3.569564600723618,1.6540777553899488,51.24324076884472,40.10367949981084,44.27706394744182,9.6424010217113
2024-11-19,-3.770781397537004,9.864946083840964,35.5240348437585,-5.2160609520646055,72.32535898040378,14.537901927661379,3.569564600723618,0.6118254245749188,51.621617497624285,41.28180660612721,43.076951205728605,9.131545338441827
2024-11-21,-3.770781397537004,8.57310097290307,35.441645692226544,-6.600380308541642,75.27714645170587,15.75285325878073,3.569564600723618,0.5874601151682146,51.86486115326723,57.351556063253085,43.68198811035595,9.003831417624465
2024-11-22,-3.770781397537004,10.678637240751222,35.52403484375852,-6.325045233702986,77.75663511602207,17.23779641543588,3.569564600723618,2.0926432397306183,53.189190013988316,47.455229945283946,44.762579914118895,8.684546615581045
2024-11-25,-3.770781397537004,10.577978639871223,34.364913504139594,-5.866155387338878,71.64972442296695,15.586702005365538,3.569564600723618,1.4375129150762112,53.6486445246513,58.76531533216864,44.39409165036976,8.49297573435499
2024-11-26,-3.770781397537004,11.366492346637646,34.786155265357245,-4.535373082352622,71.87930789295712,15.275180289003764,3.569564600723618,1.654077755389971,52.2702706826697,61.687088982151515,44.341804950187715,7.279693486589989
2024-11-27,-3.770781397537004,9.235804228493327,35.68911061893631,-7.418735715673009,73.16496571621884,13.956380463235973,3.569564600723618,2.7802673669137024,53.864865689664,50.9896337353529,44.65053868123554,6.19412515964235
2024-11-29,-3.770781397537004,7.457434013352837,41.371529177711544,-11.105159956456333,74.28665136110241,13.229488535864009,3.569564600723618,7.766865942491141,55.32432762352168,58.48256123127356,49.73730800903091,8.045977011494209
2024-12-02,-3.770781397537004,7.16382936088773,40.73258032517304,-11.525812386099021,72.83698933051863,13.644858746874178,3.569564600723618,7.956362699010611,57.16216628615891,51.41376488669558,48.72393857048844,8.429118773946321
2024-12-03,-3.770781397537004,8.061411218480519,41.551149214455705,-10.56978944154836,73.47982624938547,13.167185777097213,3.569564600723618,9.591490778748856,57.67567608807509,43.355329188984705,50.805457382777774,8.109833971902901
2024-12-04,-3.770781397537004,7.8768619169179654,41.371529177711544,-9.361375039212083,74.07674967714868,12.502588685964211,3.569564600723618,9.35867903717078,57.918919743718035,43.40245112728061,50.464347214083105,7.790549169859484
2024-12-05,-3.770781397537004,9.437134230177158,41.28187320739842,-8.359464860555299,72.29256134183382,13.322942674014172,3.569564600723618,8.543822814179048,58.89189436628981,45.0989644970913,50.35728057869664,8.939974457215794
2024-12-06,-3.770781397537004,7.7510258658941344,41.64113452889491,-9.391968473649815,73.07970466751436,12.14952915624863,3.569564600723618,8.332663522640772,57.216211267419446,44.95758744664378,49.64768214625286,10.025542784163433
2024-12-09,-3.770781397537004,8.866705625368198,41.1848654262716,-9.583173062559947,74.80484764472001,12.481823740551224,3.569564600723618,9.913645349810828,61.2702653214735,49.95287244392419,51.589769758056626,10.855683269476323
2024-12-10,-3.770781397537004,9.77267143305971,42.72998870562119,-8.38240847760835,76.94982601877712,13.21910210189361,3.569564600723618,8.643986826193451,60.540544664537286,49.05749943850293,51.298453054521744,12.515964240102129
2024-12-11,-3.770781397537004,10.972229093292519,41.73123670737881,-6.51624982261313,79.32437184835241,14.589818252457754,3.569564600723618,7.807468068182888,60.89188859269399,59.18944648351135,50.519127149287456,11.877394636015271
2024-12-12,-3.770781397537004,7.876861916917943,39.25094609412201,-8.642449752778624,76.28730731387388,14.45482630095376,3.569564600723618,5.842067009239793,57.24324406804237,62.81809415017208,48.21352587123145,10.280970625798158
2024-12-13,-3.770781397537004,6.685681806821964,39.77511320673126,-9.743784217032324,74.22105608396241,12.99064808971162,3.569564600723618,6.3889149137374535,54.10810934530694,54.57115946371778,49.29411767499439,9.833971902937378
2024-12-16,-3.770781397537004,5.80488064935043,39.60520350970342,-11.013385488244086,73.91931140332942,11.007267017866473,3.569564600723618,6.3889149137374535,54.43243078283333,51.460886824991505,50.409579151426406,13.66538952745846
2024-12-17,-3.770781397537004,6.8115114578838565,43.928620716361635,-10.256216949988229,73.46014446334908,10.020761776401322,3.569564600723618,7.98614364217185,56.29730224609348,55.89067485604164,53.058771960651654,13.28224776500635
2024-12-18,-3.770781397537004,3.5148078798635574,42.54736207572631,-13.078392714433129,72.9419481797315,8.826583313222747,3.569564600723618,7.645039395457687,51.21621827821448,59.00094749476794,51.96075125682804,11.685823754789237
2024-12-19,-3.770781397537004,3.9594004336486854,44.86445736252502,-12.573615633962888,70.03607419953306,10.488056234735698,3.569564600723618,10.12209178198249,49.40540210620754,68.89727361273705,56.58440811550387,12.579821200510821
2024-12-20,-3.770781397537004,4.630487639337644,41.91180228048488,-11.227533694207281,72.43030181514473,11.287637354844883,3.569564600723618,5.628204943313642,49.18919125118746,76.62582203569701,53.165838596038114,13.984674329501878
2024-12-23,-3.770781397537004,3.464472179461664,41.69953467924581,-12.46654153098129,71.35454567583676,9.989610397017934,3.569564600723618,5.28438783723284,49.00000288679769,72.29028911679853,51.48767772016703,14.367816091953989
2024-12-26,-3.770781397537004,3.690966831365494,42.913093415699,-11.739960592062204,73.092820520048,9.937694072221536,3.569564600723618,15.937090707427881,49.24324654244063,75.07068571633388,53.942671266250095,15.900383141762408
2024-12-27,-3.770781397537004,3.0953799762984513,42.82022899615794,-12.122369769882468,71.67595612803423,9.844232011543518,3.569564600723618,6.00720854133161,47.351352588550235,65.59849074970742,53.088655163276165,15.9642401021711
2024-12-30,-3.770781397537004,3.10377032635909,43.23463952276114,-12.3135743587926,70.9478581604629,8.857734692606156,3.569564600723618,6.2616828179285156,47.37837507918052,85.48539809779732,54.214065834701984,15.51724137931032
2025-01-02,-3.770781397537004,3.011495675577791,45.14756582287629,-12.657746119891423,74.41127598187978,9.345794096353544,3.569564600723618,8.218955383749925,46.189189601588645,72.47879934110193,56.86078915400039,17.369093231162182
2025-01-03,-3.770781397537004,1.5015526627586206,40.568768806479106,-13.889104139280771,73.49950803542191,9.252332035675547,3.569564600723618,5.714834913430833,43.70269775390601,58.058441315490896,53.150902930999735,15.134099616858233
2025-01-06,-3.770781397537004,2.9863246253958975,40.592215983452796,-11.762904209115266,73.06657280050881,9.916921204280737,3.569564600723618,6.424111490653428,45.62162450841931,73.0442963073322,53.89038456606803,16.9220945083014
2025-01-07,-3.770781397537004,3.875516132928025,41.37152917771152,-11.097515974172644,74.26696957506604,9.345794096353565,3.569564600723618,4.964946125537506,43.40540911700253,62.53534004927701,52.26700362540133,16.98595146871009
2025-01-08,-3.770781397537004,2.4746284710113864,40.48014336456034,-11.915871381303955,74.77861593965278,9.63655086730235,3.569564600723618,4.385614503490509,41.3513492893526,72.05466818975927,51.903489959149084,15.964240102171146
2025-01-09,-3.770781397537004,2.5920677720126406,40.21491510305217,-11.900571746534627,76.04460799135006,9.470399613887182,3.569564600723618,4.469531614240818,39.891887355494916,74.41093363795193,52.025492259573916,16.47509578544062
2025-01-10,-3.770781397537004,1.8958159161037047,38.30014022622954,-13.001912045889307,77.6648081338148,9.543088806624356,3.569564600723618,3.359598988960477,39.97297544737097,87.98304059643753,50.252707178332436,20.178799489144318
2025-01-13,-3.770781397537004,1.9964745169837261,37.994349517197335,-12.619502868069043,75.3689734339132,9.387323987179563,3.569564600723618,4.832298395973811,40.405407467403684,85.39114298564566,52.02797362204849,21.71136653895274
2025-01-14,-3.770781397537004,2.315243819668855,39.250946094121964,-11.4952189516613,75.6313545424734,9.449634668474172,3.569564600723618,4.843119578504296,39.94594264674809,86.9934012433047,51.71674665597834,21.200510855683262
2025-01-15,-3.770781397537004,5.234458444503409,38.90368989722006,-7.938812430912612,77.92718924237501,9.968845451604945,3.569564600723618,3.7169400519596163,41.108105633709634,92.41282862748773,50.755663917617944,22.286079182630903
2025-01-16,-3.770781397537004,4.0432847343693235,37.78695833382455,-8.627150118009297,80.1508627316338,8.84734825863578,3.569564600723618,4.152792676933359,41.16216092496281,100.65975207838211,49.69498237639027,21.200510855683262
2025-01-17,-3.770781397537004,4.815030540938303,38.73070986301714,-8.749523855760245,80.01312225832287,8.650045625837155,3.569564600723618,5.419748426163173,44.324328448321126,86.05089506402767,50.63366161719309,23.69093231162196
2025-01-21,-3.770781397537004,5.704222048470453,39.86284623230838,-7.686426808227987,80.71498852082699,7.736237499637011,3.569564600723618,5.181521050830584,46.75675469475797,77.00283124874386,50.13319811292989,25.15964240102171
2025-01-22,-3.770781397537004,5.469343446467878,39.42522225682092,-7.7017206078963785,81.54149541858035,7.746623933607433,3.569564600723618,4.631960286965997,44.62161708522461,86.61640326581788,49.901647814644015,23.69093231162196
2025-01-23,-3.770781397537004,5.024744492720856,37.616740540678805,-7.686426808227975,81.24631667145015,7.497397053484622,3.569564600723618,2.801919816953524,44.432428720834814,85.90951801358011,47.90478026763585,25.095785440613017
2025-01-24,-3.770781397537004,4.924085891840835,37.36221065126513,-7.7705572941565215,82.17776640394443,7.705086120253624,3.569564600723618,2.6936373967965332,45.48649143528267,89.7737978428401,47.49892909619531,24.265644955300125
2025-01-27,-3.770781397537004,7.105109710387092,37.8606676740346,-5.606119947269561,79.5670711708762,7.580472680192218,3.569564600723618,2.5718108497633008,47.56756344357023,74.22243464920855,47.12794759742387,23.116219667943817
2025-01-28,-3.770781397537004,6.324973553757496,37.02431420194541,-5.590820312500211,81.48901599397394,7.975077945789422,3.569564600723618,2.961645715290584,46.62162162162134,63.572101340705764,46.71712182848644,23.946360153256705
2025-01-29,-3.770781397537004,5.863600299851113,35.93746796198762,-5.850861587670487,81.63988833429043,7.715472554224023,3.569564600723618,1.9058492575990682,46.00000123719883,66.58813010284032,45.80832579030811,26.947637292464876
2025-01-30,-3.770781397537004,8.858321675269476,35.93746796198762,-3.2887212632948915,85.17546736635013,9.314634794442345,3.569564600723618,2.1792732098478984,49.43243490683038,43.59095011602412,45.82326145534652,25.223499361430402
2025-01-31,-3.770781397537004,8.103343768897986,35.93746796198762,-3.2504780114724907,84.48671695637964,9.335407662383144,3.569564600723618,3.164676513707154,47.297297297297014,43.44957306557655,46.26645178938305,23.116219667943817
2025-02-03,-3.770781397537004,7.9439591175554325,35.258339126071434,-3.403439348560211,85.89044948138782,9.522323861211323,3.569564600723618,1.865237046928292,46.83784278663401,57.964186203339274,45.42239675395061,24.84035759897829
2025-02-04,-3.770781397537004,7.306433312109051,33.494021394831755,-3.824091778202887,87.1630074665879,8.857734692606133,3.569564600723618,1.2317591723133958,44.54053930334114,53.29877724524981,44.56588741595438,26.30906768837804
2025-02-05,-3.770781397537004,7.641983314915435,32.93646303744302,-2.7227514788482177,88.36340424114513,9.034264457463937,3.569564600723618,1.123476752156649,43.43243160763275,58.34118418082612,43.34337117668359,25.989782886334623
2025-02-06,-3.770781397537004,8.254344470141861,34.37968086979135,-1.8967462543321933,87.34011151197163,9.023878023493515,3.569564600723618,2.9237463639867123,45.891890654692524,60.603205752427016,44.483717513147816,26.500638569604117
2025-02-07,-3.770781397537004,6.8702311083845835,33.174833816672276,-3.617593389624374,88.08134134654854,9.273104903616325,3.569564600723618,3.1457268380552073,43.378376316379594,55.93779679433757,43.42802244196476,24.521072796934895
2025-02-10,-3.770781397537004,7.633586564892902,32.75627992848334,-3.135754091106213,91.16431937213069,8.733121252544729,3.569564600723618,3.8035700220768076,45.91892345531541,62.29971912223773,44.491185345666985,25.542784163473865
2025-02-11,-3.770781397537004,8.506003772265691,32.69893155453496,-2.217974398377953,91.04624467038423,9.221180656292116,3.569564600723618,3.183626189359323,45.29729276090029,65.83412291230668,44.08534604677416,23.627075351213335
2025-02-12,-3.770781397537004,6.6185718062607535,33.01582434781618,-4.428298979371014,90.81666120039404,8.836961824665334,3.569564600723618,2.1955100261331406,43.35135382574933,68.00188937175591,43.527621244832005,25.223499361430445
2025-02-13,-3.770781397537004,7.147055060728413,33.371218531832646,-3.8852786470783385,91.92521497827204,9.428861800533284,3.569564600723618,1.1830386384793057,44.18918506519189,70.97078496003466,43.5251280098097,26.05363984674336
2025-02-14,-3.770781397537004,9.85656213374233,34.29869408679607,-0.9407233097815104,89.15054756682565,10.467283366794833,3.569564600723618,2.0168445371229415,45.91892345531543,75.54193880597239,43.58737577753329,26.756066411238912
2025-02-18,-3.770781397537004,10.166934686404883,33.33422574967475,-0.1912045889103431,92.29912086954786,11.204561728137218,3.569564600723618,2.12242418289208,45.40540334340666,88.83129166356292,42.222935102754654,28.22477650063866
2025-02-19,-3.770781397537004,9.135145627613372,32.30492973974257,-1.6290668319791757,91.49884567686173,11.266872409431826,3.569564600723618,1.3590013531013412,45.0270266146271,101.69652460537071,41.63782033321031,27.075351213282328
2025-02-20,-3.770781397537004,9.403572829934648,32.76296242704082,-2.0650072261892527,92.85011479173544,11.298023788815215,3.569564600723618,2.403966543283542,44.486484012088034,95.66446708110166,42.42710730598609,27.203065134099692
2025-02-21,-3.770781397537004,9.000925626490798,33.32443041792585,-3.0363298055092747,92.69269253238812,11.474553553673017,3.569564600723618,3.264840525721757,43.4594644082557,99.52875814592149,41.95403376932509,25.478927203065215
2025-02-24,-3.770781397537004,7.625202614794158,32.540166437772335,-3.824091778202865,93.36831107535302,11.194183216694608,3.569564600723618,3.960583061047185,42.729733441326864,88.21866152347684,42.69351540439337,23.243933588761244
2025-02-25,-3.770781397537004,8.08657586870054,34.54197315590379,-3.0057363710715324,90.52148245326381,10.674972433563834,3.569564600723618,4.377486010369003,42.78378873258004,96.70121713697044,43.85877034598518,22.541507024265716
2025-02-26,-3.770781397537004,7.1135000604477305,34.460784516831275,-4.0688334186037896,91.32830756498076,10.872267143834646,3.569564600723618,4.244838280805285,42.75675593195716,84.07162759332181,42.925077575226986,22.158365261813607
2025-02-27,-3.770781397537004,7.079945060167114,35.52403484375846,-3.8546852126406073,89.12429984728642,10.176526595846092,3.569564600723618,5.52262529754437,43.51350938951626,85.39114298564566,44.45384618307104,18.710089399744632
2025-02-28,-3.770781397537004,5.486117746627284,35.11309836648484,-6.248564565159132,86.08068539377707,9.460021102444527,3.569564600723618,5.419748426163085,40.02703073862417,80.6786120892603,45.38256435633237,15.836526181353827
2025-03-05,-3.770781397537004,5.570002047347944,39.20638902106901,-4.711283871594341,91.22991464927065,10.332291415290907,3.569564600723618,6.33748152053637,40.08108602987732,109.70781589366587,46.54532606290189,12.452107279693546
2025-03-06,-3.770781397537004,5.796496699251796,37.957579839124755,-4.688334419440299,91.3151917124471,10.581510372885884,3.569564600723618,4.350417926574446,41.75675881875507,102.73327466123953,42.9200911051824,14.81481481481486
2025-03-07,-3.770781397537004,7.272878311828412,38.38603529910323,-3.7476111096589992,90.5345983057974,11.079956210603692,3.569564600723618,5.381849074859257,42.729733441326864,107.30443974273727,43.49027020968836,16.28352490421461
2025-03-10,-3.770781397537004,6.853450408263306,39.51254094623948,-4.627153385665794,89.63594621187316,10.851502198421702,3.569564600723618,5.7391901378583965,40.45946275865688,111.63997266163572,43.98574724390696,17.17752234993619
2025-03-11,-3.770781397537004,6.064930301534988,41.19234472513398,-5.047799980207513,91.0724763754514,11.703007565855073,3.569564600723618,7.7533218156146555,38.97296802417631,109.84920417967334,45.72864912252395,16.602809706258025
2025-03-12,-3.770781397537004,6.341747853916946,41.102911858906246,-4.856595391297381,92.79108544809817,11.246099541491073,3.569564600723618,6.215654973502938,38.32432514912354,92.45995056578357,44.625641948655705,14.623243933588803
2025-03-13,-3.770781397537004,7.751025865894223,40.48014336456029,-1.9349895061545719,95.75598877193387,12.14952915624865,3.569564600723618,5.925994204969087,40.945950069942796,93.73233278425164,44.35674061522612,15.836526181353804
2025-03-14,-3.770781397537004,10.728966541191332,40.12673586930418,1.9579331232072894,96.42505739586792,11.401864360935864,3.569564600723618,6.115490961488534,44.81081575960708,93.40245674506065,44.37416951528681,13.79310344827589
2025-03-17,-3.770781397537004,12.339568154890523,39.59994462769063,3.2504780114721132,96.7858314201382,11.817234571946056,3.569564600723618,4.556161584357987,46.16216711095844,89.34967792705729,42.932545407746225,17.752234993614337
2025-03-18,-3.770781397537004,12.82610605901693,38.128647552595815,2.898656432988611,99.08823205354258,11.87953733071283,3.569564600723618,2.8993810545799636,47.162164224160506,90.9519361847163,41.37561511669783,17.17752234993617
2025-03-19,-3.770781397537004,13.78240116714844,38.128647552595815,3.8470353952555714,99.14069546367708,12.461058795138236,3.569564600723618,2.7504864237521964,47.70270682669955,100.14138828600761,41.22699456427294,18.00766283524906
2025-03-20,-3.770781397537004,13.186807912119502,37.19304463452187,3.1739915078272896,99.40964250574005,11.754931813179281,3.569564600723618,2.9589328559235684,47.70270682669955,87.32327728249567,40.62942549216479,19.795657726692227
2025-03-21,-3.770781397537004,13.497193264705887,37.10861567420922,3.8470353952555936,97.97966226119266,11.858772385299865,3.569564600723618,3.337936453941559,46.405400456608746,87.55890944509493,41.27181343193585,18.582375478927226
2025-03-24,-3.770781397537004,12.717050708114396,38.81714676009824,3.8087921434331706,97.64513595646159,12.024915716187223,3.569564600723618,3.714237277571697,46.351355475348186,84.44863680636863,42.65865760427205,18.64623243933592
2025-03-25,-3.770781397537004,13.371357213682078,38.55814416497276,4.4512484315247125,98.34043628546287,11.889923764683253,3.569564600723618,3.4489317334654768,45.51351392591301,80.96135495459558,43.43549027448403,16.922094508301445
2025-03-26,-3.770781397537004,13.757236516928462,36.85596623351523,4.680684602055285,98.15676630657634,12.045688584128067,3.569564600723618,2.864184477663967,46.756754694758015,81.95099430772841,41.8818249340601,15.26181353767564
2025-03-27,-3.770781397537004,14.319268371714866,37.10861567420922,4.374761927879867,100.73466390107457,11.775696758592268,3.569564600723618,3.1890418231137696,46.97297585977069,86.14515017617934,42.75576317211702,14.942528735632221
2025-03-28,-3.770781397537004,13.329424663264632,37.957579839124776,3.9541094982371794,102.45982289275216,12.118377776865263,3.569564600723618,2.9670613490452524,44.67567237647785,91.56456632480243,42.90016897009945,15.772669220945112
2025-03-31,-3.770781397537004,11.81948165044544,38.730709863017076,2.0726628786745582,104.84093465583024,12.22221834898587,3.569564600723618,4.242135506417433,42.51351227631419,94.1093307617385,43.36826790926356,16.79438058748408
2025-04-01,-3.770781397537004,12.557666056771843,37.19304463452184,2.9598433018640957,104.58510346630088,12.149529156248672,3.569564600723618,2.8398191682572627,43.432431607632815,86.19227211447522,41.88182493406008,17.943805874840415
2025-04-02,-3.770781397537004,12.868051409358227,36.520534553138795,3.273421628525197,105.96260428624187,12.17029410166166,3.569564600723618,2.6909245374294954,42.000002474398016,91.09330199960397,41.45606350008426,16.922094508301466
2025-04-03,-3.770781397537004,12.608008157135675,37.446947707695635,4.994262928716409,103.1485733027227,13.790237132348594,3.569564600723618,3.746720995121011,38.0270262022274,95.00471500271969,41.017847763544644,16.858237547892774
2025-04-04,-3.770781397537004,9.210639578273438,38.38603529910323,1.6367108142625542,97.57297474581878,13.727926451053985,3.569564600723618,4.225888605153383,33.54054012814063,80.819977904148,40.19370299064748,17.560664112388302
2025-04-07,-3.770781397537004,7.776190516114245,42.91309341569891,1.078396682301519,93.59134462631238,13.395631866751412,3.569564600723618,8.706251486903893,31.351347227354086,72.2431671785027,45.408209059419,18.64623243933594
2025-04-08,-3.770781397537004,6.375302854197629,43.65022931381557,0.45889568146499915,94.71301425672398,13.136026475186036,3.569564600723618,8.34619756453785,26.91891644452049,63.28934723981065,47.23998883030731,19.795657726692273
2025-04-09,-3.770781397537004,9.722342132619822,46.96669279109249,2.562146159476475,100.49196457855084,12.64797499396646,3.569564600723618,11.648937441563657,33.351351763750856,79.83034978657501,49.722372343992575,21.072796934865966
2025-04-10,-3.770781397537004,8.46405842192446,41.821455749907386,1.1548715157444045,106.96621522937902,12.357210300489863,3.569564600723618,6.843717214363054,32.999997525601586,67.62488015870912,44.862178716986215,23.37164750957863
2025-04-11,-3.770781397537004,9.638451431937266,47.45302782522265,1.835559385456409,111.36109879776211,13.291791294630805,3.569564600723618,10.820547176674511,34.32432638632265,66.2111208897935,46.510468262780535,25.22349936143047
2025-04-14,-3.770781397537004,11.215504445317737,48.04086459419952,3.594643937470021,110.21974738131406,14.21598585480135,3.569564600723618,10.449661986799153,37.51351640031124,56.69180398487117,46.01000475851733,23.88250319284808
2025-04-15,-3.770781397537004,11.005790493535184,47.746367201489484,3.816447795918876,111.13151532777192,13.499480361399785,3.569564600723618,10.644584462052453,34.513514750712424,56.88030297361459,45.76101368762302,22.924648786717803
2025-04-16,-3.770781397537004,10.242428637064949,47.9425713085807,2.9063120854743163,118.2092553398661,14.267910102125558,3.569564600723618,11.310546054216442,33.351351763750856,53.01602314435465,46.51793609529973,23.690932311622003
2025-04-17,-3.770781397537004,11.383273046759035,48.8320129289878,3.4799258522047127,117.0350902703761,13.759085752965161,3.569564600723618,11.973794787013482,34.162160512563155,52.92176803220299,46.0398760885941,23.18007662835253
2025-04-22,-3.770781397537004,12.037579552326694,48.8320129289878,4.749527123416475,123.07642170076312,12.52336155390501,3.569564600723618,11.575841513343565,34.62162533321877,41.70593775746993,44.588290913512,21.519795657726725
2025-04-23,-3.770781397537004,13.539138615047142,44.48865446669765,6.51625565771381,114.90980969682738,13.16718577709719,3.569564600723618,8.438243168409866,37.51351640031126,42.41282300970768,42.41714623844464,20.561941251596473
2025-04-24,-3.770781397537004,15.594332782531461,43.8357138008042,8.466544798637576,118.56346343063353,13.707161505640975,3.569564600723618,7.858901461383794,39.62162120922172,38.0772900908092,42.00632046950721,21.90293742017886
2025-04-25,-3.770781397537004,15.711772083532738,43.74291312528753,8.894841210563964,115.30993127869849,14.23675872274217,3.569564600723618,7.6504550292124,37.86486032846792,38.40716613000017,41.391322497338365,22.28607918263097
2025-04-28,-3.770781397537004,15.988596035876569,43.55767299039244,9.560229445506607,118.5962610692036,14.818272264639742,3.569564600723618,7.030511196494915,37.729727255331305,49.387375477693894,41.54071476536541,21.45593869731808
2025-04-29,-3.770781397537004,16.064089986536565,43.55767299039244,10.21032971588185,117.69760897527934,15.264793855033343,3.569564600723618,7.574656326604723,37.837837837837654,59.56644446099821,40.74894643011504,17.624521072796995
2025-04-30,-3.770781397537004,15.971815335755291,42.45620812083981,11.58699341987326,116.79239094785233,15.264793855033343,3.569564600723618,6.9059818750735635,35.21621291701842,56.73892592316703,39.92977625471477,19.34865900383147
2025-05-02,-3.770781397537004,16.106035336877824,42.729988705621125,10.455065521181828,111.99736978312616,15.555550625982129,3.569564600723618,5.593008366397556,35.675677737674015,71.06504007218626,41.3514900997201,17.81609195402303
2025-05-05,-3.770781397537004,14.654805574597374,42.82147200463362,9.797321268522886,117.20564439672896,14.90134789134736,3.569564600723618,6.101956919591389,35.027024552628625,67.29500411951807,41.0975244313289,14.048531289910638
2025-05-06,-3.770781397537004,14.822586975962482,43.18862696115116,8.718924586221256,123.7717220297644,15.472474999274532,3.569564600723618,7.171287419180028,35.29730100889446,63.19510336321885,41.58054716298369,14.303959131545385
2025-05-07,-3.770781397537004,14.596092324058652,44.20810639132633,9.193119902455727,121.80386371556304,15.939769457608932,3.569564600723618,8.137741047387381,35.86486610206381,70.6409089208436,42.24036400281541,12.643678160919581
2025-05-08,-3.770781397537004,17.02038509466808,44.58243255058842,14.776296232672026,116.2413970256647,17.030107348666903,3.569564600723618,8.099841696083532,37.70270476470105,69.27427159022388,43.03213233806575,12.132822477650107
2025-05-09,-3.770781397537004,17.30559299711065,41.46127014005716,17.078395281877334,118.78648096712095,17.341636987556484,3.569564600723618,4.951412083639983,34.48648195008956,78.840721669002,40.96556106336253,12.771392081736943
2025-05-12,-3.770781397537004,17.37270299767193,41.19234472513402,14.829827449061849,111.2167923909484,17.341636987556484,3.569564600723618,4.862069254156087,38.297292348500676,71.81903602716,40.63191872718708,12.452107279693525
2025-05-13,-3.770781397537004,19.335622514374972,40.0386628755969,17.4608044596976,112.54837971978571,17.42471261426406,3.569564600723618,3.470594268484284,40.054053229254464,71.86616920101581,41.16972139404624,11.366538952745886
2025-05-14,-3.770781397537004,18.90781066071112,39.599944627690654,17.49139205903436,108.68480828755382,17.22740998146548,3.569564600723618,2.791088549443832,40.405407467403734,64.56174069383857,39.443488572435534,12.005108556832745
2025-05-15,-3.770781397537004,19.746666467841358,40.303211200844835,18.026774244144317,111.26270588205203,17.507788240971678,3.569564600723618,4.085112382468203,41.54053765374242,58.43543929297772,40.340602023652195,14.559386973180132
2025-05-16,-3.770781397537004,19.646007866961355,41.55114921445566,15.051619637308766,108.72417185962667,17.632393758505273,3.569564600723618,5.639026125843993,41.13513843433256,57.11593513621378,41.45606350008422,13.282247765006439
2025-05-19,-3.770781397537004,20.040271120306464,41.01361710473137,15.564058205365638,111.80058395170605,17.99583972219123,3.569564600723618,5.395383116756336,40.86486197806671,46.701222754750326,40.89269923797254,14.303959131545408
2025-05-20,-3.770781397537004,20.367424373090316,41.102911858906246,16.298277291467443,115.17219080538759,17.912772018011445,3.569564600723618,5.403501524898968,40.45946275865686,61.49858999340809,40.539787756838976,16.091954022988595
2025-05-21,-3.770781397537004,18.505163457267294,42.365181654002136,13.965578972723414,117.0744538424489,17.41432618029366,3.569564600723618,6.27791963421338,39.027023315429446,58.71819339387277,41.10748549887035,17.75223499361438
2025-05-22,-3.770781397537004,18.010228803118356,42.365181654002136,13.483751344407203,115.95933413106812,17.217023547495035,3.569564600723618,6.288750901722939,38.6486465866499,53.298777245249674,40.54477422688358,18.263090676883852
2025-05-23,-3.770781397537004,18.463218106926014,43.55767299039244,13.812617635635682,120.63628059404783,17.975074776778243,3.569564600723618,7.566527833482972,38.78377965978652,57.115935136213714,42.325015268096536,17.369093231162267
2025-05-27,-3.770781397537004,19.947996469525208,43.65022931381559,15.755262794275726,116.40538521851487,18.753890951474418,3.569564600723618,7.539459749688415,38.81081246040943,60.13195266278834,41.09005659880969,17.369093231162267
2025-05-28,-3.770781397537004,19.369183914617526,42.27427205120924,15.258123860988192,116.04461119424462,18.48389912593862,3.569564600723618,5.863729544258489,37.540538890941534,50.98963373535288,40.363017393757495,15.197956577266991
2025-05-29,-3.770781397537004,19.109140662394953,42.27427205120924,13.866160522227444,117.5861002070357,18.431982801142222,3.569564600723618,5.674222702759946,37.16216216216197,65.97549996275409,41.640313568232656,14.176245210728023
2025-05-30,-3.770781397537004,17.733417650698314,43.465233531014015,13.30019073778075,115.73630058010886,18.110066728282213,3.569564600723618,6.6298551484370805,32.89188694309526,62.44109617268514,41.05270556366598,13.409961685823802
2025-06-02,-3.770781397537004,17.590800899553226,44.58243255058842,12.657746119891167,121.09544753402818,17.705082951242446,3.569564600723618,7.718135323677622,33.94594965754312,74.08105759876082,42.43954973600219,11.941251596424053
2025-06-03,-3.770781397537004,18.253504155143464,44.58243255058842,13.904392103847908,119.75729427168807,17.601242379121864,3.569564600723618,7.780399984388153,35.18919042638813,75.40056175552475,41.23446239679212,12.005108556832745
2025-06-04,-3.770781397537004,17.842460201677078,42.8214720046336,12.787763839925814,121.28566743194553,17.757007198566654,3.569564600723618,6.096541285836521,35.13513513513495,75.11781889018958,40.37297846129899,12.068965517241438
2025-06-05,-3.770781397537004,17.1881536961094,43.18862696115113,11.059278557450924,119.79009191025808,18.276217981697428,3.569564600723618,6.79769945491675,37.891893129090825,73.27992846993132,40.231054025791146,12.260536398467492
2025-06-06,-3.770781397537004,16.986836494349376,42.365181654002136,10.776287830126584,117.95342415033679,17.808923523363053,3.569564600723618,5.29251633035408,37.81081534720738,78.32233540550762,39.04837018413865,13.026819923371713
2025-06-09,-3.770781397537004,16.726780442202994,41.281873207398334,9.797321268522863,118.57002936413639,17.964688342807843,3.569564600723618,4.079706833692454,40.35135217615058,71.30066099922551,38.50308781221257,10.727969348659073
2025-06-10,-3.770781397537004,17.34753834745193,41.37152917771145,9.560229445506607,117.83534944859029,16.926266776546296,3.569564600723618,4.082409608080306,40.78378419618329,66.49387499068851,38.36117524925244,12.068965517241459
2025-06-11,-3.770781397537004,17.892789502117058,41.821455749907344,10.760999865559185,117.86159716812948,17.144334354757905,3.569564600723618,4.133843001281279,38.378380440376716,65.26861471051637,38.73714321806852,11.621966794380656
2025-06-12,-3.770781397537004,18.521931357464737,41.821455749907344,11.518162568714052,121.77106607699307,17.705082951242467,3.569564600723618,3.9037340340910553,37.56757169156442,64.56174069383853,37.83332177738708,12.005108556832766
2025-06-13,-3.770781397537004,17.94313160248089,43.00482106680492,10.753344213073524,125.07051172003179,17.507788240971678,3.569564600723618,4.680690905778939,37.18918465279224,68.75589656228944,37.870672812530756,13.537675606641187
2025-06-16,-3.770781397537004,19.7047211175001,42.547362075726205,13.131929765923678,122.78779287266377,18.27621798169745,3.569564600723618,4.076993974325527,39.54054342733828,76.62582203569694,37.910505210149026,11.04725415070249
2025-06-17,-3.770781397537004,19.32723856427625,41.24724957814714,13.567881830335704,122.14497196826888,18.27621798169745,3.569564600723618,2.7207054805908903,35.48648937328422,81.47974121808974,36.71288570345812,10.217113665389599
2025-06-18,-3.770781397537004,19.268512513813697,40.391624162682184,13.422564475531672,122.35487365222264,18.380058553818035,3.569564600723618,2.3092181650235633,36.027031975823306,87.98304059643742,36.76766563866249,10.727969348659094
2025-06-20,-3.770781397537004,17.926350902359587,40.65751111244242,12.30592454140762,120.93145934117801,18.868117957565424,3.569564600723618,2.344404656960486,32.48648772368543,81.29123099378634,36.692963568375106,9.514687100894093
2025-06-23,-3.770781397537004,17.406264397914462,41.28187320739829,11.548761838252751,121.56116439303926,18.68120175873722,3.569564600723618,2.144076632931724,31.783779247386867,74.26955658750427,37.40009251089202,7.088122605364089
2025-06-24,-3.770781397537004,17.97668020279959,41.82145574990732,12.978968428835902,117.6057659786001,18.816193710241237,3.569564600723618,1.935630200760352,32.89188694309529,66.68237397943196,36.787587773745464,6.321839080459868
2025-06-25,-3.770781397537004,16.75194509242297,42.45620812083977,12.091776335444404,118.24205297843613,18.317755795051237,3.569564600723618,2.97788253157536,30.837837425437975,60.508950640275216,37.19841354268287,4.789272030651448
2025-06-26,-3.770781397537004,17.884405552018336,44.58243255058838,12.94836915929718,118.66185634634365,18.816193710241258,3.569564600723618,3.838766598992649,32.89188694309526,53.67577522273655,38.383578746809974,4.597701149425393
2025-06-27,-3.770781397537004,17.674691600235782,42.547362075726205,13.055454932480748,114.73925557047453,19.117336915160443,3.569564600723618,2.5068434146647167,32.594598306191756,76.20170211991419,36.37177553476341,6.641123882503286
2025-06-30,-3.770781397537004,19.39434856483753,43.0048210668049,15.181649027545285,116.0970746043791,19.83385033108982,3.569564600723618,2.625957102331,33.78378378378359,62.86522732402779,36.404151972410226,7.407407407407507
2025-07-01,-3.770781397537004,20.040271120306464,42.45620812083975,15.594645804702335,118.87175803029746,19.86500171047321,3.569564600723618,2.1386609991769667,34.00000494879627,60.933081791617894,35.20403923069701,7.279693486590144
2025-07-02,-3.770781397537004,19.6124464667188,43.46523353101395,14.187382831172224,119.61298786487436,19.84423676506022,3.569564600723618,3.03202878414357,37.81081534720738,64.37323046953516,35.916130898163125,9.642401021711455
2025-07-03,-3.770781397537004,21.20628018022055,42.547362075726184,16.489481880377532,118.5372317255664,20.083069288684797,3.569564600723618,2.330870615063363,39.51351062671542,60.65032769072278,35.1094268978744,10.217113665389599
2025-07-07,-3.770781397537004,19.99832576996521,42.092803437757496,15.135750123237246,118.57657928316728,19.761161138352602,3.569564600723618,1.5268456595809,38.37838044037674,60.79170474117035,34.935137897267474,6.7688378033206265
2025-07-08,-3.770781397537004,19.805392518303933,43.37291093568025,14.286801281668172,116.9235815021325,19.273101734605234,3.569564600723618,1.8246349212364343,37.486483599688405,57.398678001548944,36.63570227069614,4.980842911877459
2025-07-09,-3.770781397537004,18.236723455022187,42.09280343775752,13.131929765923678,117.22532618276551,18.94080715030264,3.569564600723618,0.3952504992817296,36.486486486486335,51.46088682499146,35.599929334596084,5.363984674329569
2025-07-10,-3.770781397537004,17.607581599674504,45.717139928863574,11.097510139071387,117.60576597860025,18.59812613202965,3.569564600723618,3.4002011146520017,37.67567196407817,57.2573009511014,38.978654583895846,4.022988505747205
2025-07-11,-3.770781397537004,17.171372995988122,44.0216657439717,10.386234670022642,120.13775008199481,18.868117957565445,3.569564600723618,2.355235924470045,36.75675263275955,56.173417721376765,37.71629407445904,2.9374201787995657
2025-07-14,-3.770781397537004,16.349297888979166,44.86445736252491,9.896751389220771,119.84257133486457,18.868117957565445,3.569564600723618,2.3904325013860195,37.189184652792285,63.33648041366635,38.73215674802382,5.427841634738262
2025-07-15,-3.770781397537004,16.391243239320442,45.053075930713014,10.133843212237025,118.41915702381995,17.705082951242467,3.569564600723618,2.330870615063363,35.972976684570156,66.02262190104999,39.10812471683987,2.4904214559387627
2025-07-16,-3.770781397537004,16.475133940002994,43.55767299039239,10.217973698165572,119.90816661200463,17.92315052945408,3.569564600723618,1.0233127401418685,36.35135341334972,67.34213729337384,38.211854216511696,3.5121328224777315
2025-07-17,-3.770781397537004,16.66806719166427,44.11481701162254,10.608026858269536,119.09479158125684,18.161990975606468,3.569564600723618,1.7948539780752393,35.972976684570156,66.91800614203119,38.60019338005749,2.68199233716484
2025-07-18,-3.770781397537004,14.75547697540125,43.37291093568025,7.854687780084779,119.94096425057465,17.59085594515146,3.569564600723618,1.153257695317711,34.513514750712474,68.0018893717558,38.10222311081657,4.342273307790645
2025-07-21,-3.770781397537004,15.426564181090207,44.39501449485972,7.724670060050132,123.14856689693414,17.684318005829457,3.569564600723618,1.7407077255070957,37.648649473447904,56.6918039848711,38.88653548609546,3.128991060025643
2025-07-22,-3.770781397537004,15.325892780286377,44.86445736252489,7.097513406727951,125.59527393715229,17.746620764596276,3.569564600723618,2.192807251745177,39.62162120922177,53.251655306953815,38.57280341245528,1.9795657726693117
2025-07-23,-3.770781397537004,16.433188589661718,45.33692807134888,8.77246747281304,122.6369365468194,17.549318131797698,3.569564600723618,2.569108075375315,41.13513843433263,45.00470938493963,38.53297101483702,1.7879948914432564
2025-07-24,-3.770781397537004,15.099410928306355,44.58243255058836,7.2122314919932595,121.12167923909554,17.88161271610027,3.569564600723618,2.022260170877632,39.864864864864714,45.80584974932902,37.35028717318451,2.61813537675617
2025-07-25,-3.770781397537004,14.839354876159971,44.39501449485972,7.281074013354383,118.69465398491381,17.871234204657704,3.569564600723618,1.6486722066144432,39.64864369985204,46.55984570430276,37.43992490851027,2.043422733078004
2025-07-28,-3.770781397537004,13.673345816245908,45.621906356415764,5.399615723589801,117.06133798991543,17.71546938521289,3.569564600723618,1.9031363982320304,37.486483599688405,40.8105535164887,38.56533557993609,0.5747126436782546
2025-07-29,-3.770781397537004,14.218609770834867,44.20810639132624,5.54493307839381,117.9993376414405,18.296982927110463,3.569564600723618,1.8192192874817215,37.21621745341519,45.19321960924296,39.10315011934298,-0.5747126436780658
2025-07-30,-3.770781397537004,15.3007281300664,43.28071582839532,6.699804594138303,116.18891760105842,18.577361186616635,3.569564600723618,1.6297124459832002,36.891896015888804,43.49670623943225,38.764533185670636,0.0638569604087813
2025-07-31,-3.770781397537004,14.512201623376164,41.8214557499073,6.225620948105792,116.01836347470554,17.954301908837465,3.569564600723618,1.104527076504369,35.81081081081068,46.37134671555931,38.819301248327285,0.6385696040869471
2025-08-01,-3.770781397537004,13.92500511836976,42.36518165400207,4.978963293947092,119.59330607883807,18.73311808353364,3.569564600723618,0.5333138626002709,34.43243696882905,45.2874634858347,39.401934655397056,-0.5108556832693734
2025-08-04,-3.770781397537004,14.361213722056142,42.821472004633534,5.965585508036475,121.34469677558295,18.660428890796442,3.569564600723618,1.75695462677119,33.67567320127731,38.17153396740092,37.88560847756908,-1.1494252873562205
2025-08-05,-3.770781397537004,14.52059837339872,41.731236707378685,6.057359976248722,121.8366613541333,18.369672119847657,3.569564600723618,1.340051677449372,33.567562618770985,41.847314807917414,36.84484907142442,-2.5542784163472776
2025-08-06,-3.770781397537004,15.711772083532782,41.82145574990732,7.1739999103727525,121.712036733356,18.431982801142265,3.569564600723618,0.9610480794314036,33.54054012814069,45.00470938493961,37.01664483700904,-3.0012771392080695
2025-08-07,-3.770781397537004,17.481758348574527,41.731236707378685,7.93116261352762,123.04362406219336,19.044647722423246,3.569564600723618,0.38983486552703894,36.027031975823355,44.53345629530106,35.9186241331854,-1.7879948914430566
2025-08-08,-3.770781397537004,16.953275094106868,40.746370282450606,8.703636621653832,125.58872401812154,19.761161138352623,3.569564600723618,-0.17866548901039891,38.351347639753854,40.904808628640346,34.80814912679797,-2.2349936143038485
2025-08-11,-3.770781397537004,16.668067191664292,40.83535694050757,8.772467472813016,119.94753018407755,19.709236891028436,3.569564600723618,-0.4114873155672716,37.10810687090884,39.20829525882965,35.256325930879086,-1.6602809706256716
2025-08-12,-3.770781397537004,18.63937065846606,40.746370282450606,11.73996642716293,119.67201720851178,19.667699077674605,3.569564600723618,-0.5468479044979047,38.756757169156295,32.32799790299508,35.505305129225675,-5.108556832694633
2025-08-13,-3.770781397537004,17.582416949454526,40.39162416268216,10.852774333771432,120.3148541273786,19.615782752878207,3.569564600723618,-1.042252330815252,37.51351640031129,33.27050408227215,34.48197462314171,-4.469987228607786
2025-08-14,-3.770781397537004,17.3559222975507,40.56876880647895,11.48757496937729,118.77336511458752,19.916925957797392,3.569564600723618,-0.8202718567467349,35.48648937328427,33.88313422235822,34.23299542479512,-4.214559386973049
2025-08-15,-3.770781397537004,17.43981299823325,40.30321120084474,12.206506090911716,118.82584453919391,19.854615276502784,3.569564600723618,-0.8554583486836576,35.00000206199838,37.41752677686727,34.67867899385393,-1.9795657726690785
2025-08-18,-3.770781397537004,18.228339504923486,40.746370282450606,13.49903930897456,118.54378164459733,18.795428764828227,3.569564600723618,-0.7363446610173741,35.54054466453744,36.19227773225499,34.46206436060641,-2.1711366538951338
2025-08-19,-3.770781397537004,15.678210683290228,41.19234472513396,8.933072792184404,117.34338487004013,18.203528788960234,3.569564600723618,-0.5224825950912004,34.48648195008958,30.34873043228925,35.340977196160225,-3.0651340996167176
2025-08-20,-3.770781397537004,15.996979985975335,42.45620812083977,8.764823490529295,119.31124318424153,17.528553186384666,3.569564600723618,0.7471759285261781,34.02702743942658,29.68897835390729,36.882200106568106,-2.9374201787993437
2025-08-21,-3.770781397537004,15.778882084094036,42.00223380309471,8.206497688366298,118.88487388283124,17.22740998146548,3.569564600723618,0.5170669613359546,34.02702743942658,33.17624897012046,36.17410948768543,-1.0855683269474947
2025-08-22,-3.770781397537004,18.781987409611144,41.28187320739831,11.074566522018303,121.34469677558299,18.172377409576846,3.569564600723618,-0.3004920360436425,37.67567196407815,27.144202681411265,36.06552316619012,-0.8301404853127692
2025-08-25,-3.770781397537004,18.899426710612445,41.28187320739831,11.013379653142819,121.30534921798213,18.411209933201444,3.569564600723618,-0.34380702110224926,38.56756880476651,27.049958804819507,34.98243812740487,-0.5747126436780214
2025-08-26,-3.770781397537004,18.748426009368615,39.862846232308314,10.317403818863413,122.2761625225492,18.805815198798648,3.569564600723618,-0.9448011781678423,37.91891561972114,28.039586922392456,34.693614658892294,-1.0217113665388133
2025-08-27,-3.770781397537004,19.872489718941424,40.74637028245065,12.107075970213788,123.32568695678994,18.577361186616635,3.569564600723618,-0.2896607685340835,39.32432226232563,35.10839450253038,35.228935963276875,-2.2988505747125076
2025-08-28,-3.770781397537004,21.508268782784423,40.48014336456027,14.493305505347621,125.1098752921048,19.42886655405005,3.569564600723618,-0.43855539936185073,40.18918630239108,38.73704216919109,34.892800392079096,-1.5325670498082977
2025-08-29,-3.770781397537004,21.793476685226977,40.74637028245063,14.77629623267196,127.85831099848397,18.909655770919255,3.569564600723618,-0.25176141723024514,40.35135217615058,41.23468466783131,34.775784561698856,1.660280970625938
2025-09-02,-3.770781397537004,20.820400876974187,41.82145574990732,12.642446485121761,132.82387027509105,17.362401932969497,3.569564600723618,0.10829250513582078,39.297299771695336,41.80019286962153,35.408199561380684,2.9374201787996324
2025-09-03,-3.770781397537004,20.417753673530335,41.5511492144556,12.665390102174822,135.69694661671946,17.570090999738497,3.569564600723618,-0.3681723305089646,38.67567938727283,44.39207924485349,36.12030310139447,1.5964240102172456
2025-09-04,-3.770781397537004,21.424378082101846,41.37152917771143,13.873804504511122,133.89964242887095,17.383174800910318,3.569564600723618,-0.33568861295962815,40.24324159364425,44.86333233449204,35.6497227997558,2.107279693486719
2025-09-05,-3.770781397537004,22.766552493479765,41.28187320739831,16.084129085504205,137.0088521595203,17.840082825274315,3.569564600723618,-0.6578431840218557,41.75675881875512,43.638083289879795,35.5476307618662,1.9157088122606636
2025-09-08,-3.770781397537004,22.087068537768275,41.102911858906225,15.151049758006586,138.6421841689906,17.933536963424523,3.569564600723618,-1.2425904398233656,41.24323870684634,45.61733952502567,34.755862426615835,2.93742017879961
2025-09-09,-3.770781397537004,21.944464586546975,42.00223380309469,14.76099659790262,138.98327640722442,18.234680168343708,3.569564600723618,-0.37087510489653974,41.216216216216075,46.889732979053655,34.957541394824965,2.490421455938807
2025-09-10,-3.770781397537004,22.56522249179591,41.5511492144556,15.097518541616761,139.00295819326084,18.743504517504086,3.569564600723618,-0.2246933334356882,39.864864864864714,42.7426990488986,35.288690495978116,1.4687100893998384
2025-09-11,-3.770781397537004,23.378913648706146,40.746370282450606,16.275333674414316,138.56345702484498,19.22117748728107,3.569564600723618,-0.7417602947721424,41.24323870684634,38.26578907955258,34.50189675822468,1.9157088122606414
2025-09-12,-3.770781397537004,22.59877109211463,40.746370282450606,15.074574924563699,139.38339798909553,19.20041254186806,3.569564600723618,-0.9285542769037591,39.32432226232565,38.59566511874357,34.158293354507705,1.9157088122606414
2025-09-15,-3.770781397537004,23.630572950829976,39.68745454918236,16.091773067787862,141.53492628218345,19.657320566232062,3.569564600723618,-1.903136398232541,40.513518049910104,43.402451127280585,33.23206841626871,8.109833971903058
2025-09-16,-3.770781397537004,24.05000085439508,39.16396737283334,16.160615589149007,141.97441143612735,19.657320566232062,3.569564600723618,-2.38771964201967,40.972972560573126,46.22996966511182,32.340701278151094,9.70625798212017
2025-09-17,-3.770781397537004,25.39216246584919,39.950696121930164,17.996174974605506,141.5086945771162,20.342674680250216,3.569564600723618,-2.0574466628150656,41.64864823624881,46.08859261466425,31.857678546496327,9.003831417624642
2025-09-18,-3.770781397537004,25.266339214749188,39.775113206731085,18.2485664323911,139.00950811229166,19.937690903210424,3.569564600723618,-2.1278297316682404,40.8648619780668,38.50141000659191,32.21372438022936,8.237547892720443
2025-09-19,-3.770781397537004,25.66898641819304,39.16396737283336,18.661563209548127,140.8330600196793,19.83385033108982,3.569564600723618,-2.942685954659985,41.378382089975595,36.09802262010335,32.069306709699205,8.301404853129135
2025-09-22,-3.770781397537004,24.96435061218536,38.9903392743824,17.78967075092599,145.3722499948761,19.044647722423246,3.569564600723618,-2.747773564385747,40.70270641429992,32.23374279084341,32.472664646117444,7.726692209450969
2025-09-23,-3.770781397537004,26.04646897141687,40.126735869304106,18.982797188694867,147.98951116144713,19.709236891028436,3.569564600723618,-2.2442406449466823,40.8648619780668,34.44863118858854,32.8162680498344,8.876117496807279
2025-09-24,-3.770781397537004,26.16390827241817,38.90368989721995,18.592732358388943,144.8081402201549,19.511934258229836,3.569564600723618,-3.14301397868898,41.081083143079475,34.68426335118775,31.504114075237855,8.365261813537806
2025-09-25,-3.770781397537004,25.199229214187913,39.338041679455074,17.246656253734315,145.1229847388496,19.615782752878253,3.569564600723618,-3.0266131503893456,40.62161832242388,36.85202981063698,32.706708179425625,8.748403575989915
2025-09-26,-3.770781397537004,25.299887815067912,39.25094609412185,18.470358620637995,147.64185298971051,19.750774704382245,3.569564600723618,-3.107827486751802,39.43243284483202,33.60038012146311,33.548281852383475,7.79054916985964
2025-09-29,-3.770781397537004,26.07163362163687,39.338041679455095,19.541111320655922,150.63298801861347,19.657320566232062,3.569564600723618,-3.1944574568690376,39.72973179172814,53.95852932363163,33.01429027334413,7.662835249042277
2025-09-30,-3.770781397537004,25.98775572087815,38.99033927438242,19.64818542363751,151.93834364238353,19.709236891028436,3.569564600723618,-2.9941193478612127,39.70269899110524,55.655042693442326,32.50254784874193,6.130268199233857
2025-10-01,-3.770781397537004,25.408943165970488,38.99033927438242,17.965587375268722,153.68973433912836,19.64693413226164,3.569564600723618,-2.690924537429973,41.729726018132254,63.80773350330487,32.44776791353754,6.385696040868583
2025-10-02,-3.770781397537004,24.066768754592594,39.16396737283336,16.49713753286313,151.86618243174067,19.096571969747455,3.569564600723618,-1.9112548063751733,42.05405776565128,62.20546401008591,32.67933008437114,7.726692209450947
2025-10-03,-3.770781397537004,24.2597148061777,39.25094609412187,16.810704189322244,154.56215472798536,19.190026107897662,3.569564600723618,-1.8246248362579376,43.08107736948361,56.644670811015274,32.87352934751333,7.024265644955419
2025-10-06,-3.770781397537004,23.647340851027487,39.07709489158555,15.94646738318577,159.00295178747209,19.23156392125147,3.569564600723618,-3.46788140911789,43.513509389516344,58.19981836593833,32.82373588235357,7.726692209450947
2025-10-07,-3.770781397537004,21.785079935204465,38.47203661201766,13.759086419245769,160.8461854808962,18.691588192707687,3.569564600723618,-4.353120700962776,41.40540458060591,64.84448355917367,32.24111434783153,7.215836526181474
2025-10-08,-3.770781397537004,22.481331791113423,38.90368989722,14.875714683167862,165.22138726324292,18.66042889079649,3.569564600723618,-4.648197103251395,42.45945698506115,57.06880196235793,33.30178401651145,7.79054916985964
2025-10-09,-3.770781397537004,22.09546528779085,38.128647552595794,15.29636711281055,158.85864538065846,18.868117957565488,3.569564600723618,-5.35206813169824,42.189190838787916,54.052784435783316,32.838671547391954,6.832694763729363
2025-10-10,-3.770781397537004,21.239828780539337,38.47203661201766,13.957934990439625,160.80025597532062,18.22429373437331,3.569564600723618,-4.834991085382978,40.324319375527786,46.37134671555931,33.88441742358121,5.491698595146999
2025-10-13,-3.770781397537004,22.09546528779085,42.63862227065336,14.562136356506784,169.50476206338232,18.359293608405114,3.569564600723618,-1.5972287284346298,42.62162285882065,46.936854917349514,37.51461510624985,4.916985951468833
2025-10-14,-3.770781397537004,22.09546528779085,40.65751111244249,14.585091643761805,171.4791863110865,18.286604415667917,3.569564600723618,-2.93998318027211,42.702700640704094,42.69557711060272,36.04809426612938,5.491698595146999
2025-10-15,-3.770781397537004,22.858827144261085,41.659429063896525,15.066919272077994,173.98490668046992,18.56697475264628,3.569564600723618,-2.227993743682599,43.513509389516344,42.130068908812525,36.48133540517211,6.449553001277275
2025-10-16,-3.770781397537004,22.347124589914678,41.281873207398355,14.55449237422306,180.760918026403,18.63966394538348,3.569564600723618,-2.287555630005289,42.3513464025548,38.45428806829601,35.67959412983255,7.726692209450969
2025-10-17,-3.770781397537004,23.479572249586212,41.821455749907386,15.242824226218744,174.8376452832905,17.9335369634245,3.569564600723618,-1.886889496968458,42.891889005093844,41.75305969576573,35.468334015609116,7.918263090677025
2025-10-20,-3.770781397537004,24.419099457520254,40.303211200844835,16.680686469287576,184.44735338430723,17.9335369634245,3.569564600723618,-3.021197516634544,45.00000412399694,60.08483072449246,34.60397692356647,8.109833971903079
2025-10-21,-3.770781397537004,24.192604805616426,39.25094609412192,15.449328449898236,168.1338111624721,18.878504391535866,3.569564600723618,-3.540967252358862,43.91891891891881,63.7134783911532,33.672777387830564,7.215836526181496
2025-10-22,-3.770781397537004,24.821746660964084,39.077094891585595,16.27533367441425,165.29353245941377,19.522320692200235,3.569564600723618,-4.017432088003381,44.972971323374054,62.58247322313271,34.1209541919117,8.045977011494386
2025-10-23,-3.770781397537004,25.559931067290485,39.51254094623955,16.665386834518216,170.6133158412603,19.958455848623437,3.569564600723618,-3.8035700220772184,45.94594594594585,57.587188225852245,34.437167628026465,9.323116219668059
2025-10-24,21.532697323935302,25.97147421778565,39.163967372833454,16.684024147048106,170.14758296777717,21.100725909533402,38.0484037162188,-4.515549373687655,46.48802473738378,55.70216463173823,34.02634185908904,8.109833971903036
2025-10-27,-3.770781397537004,26.650446176544552,39.42522225682092,17.537279293140372,162.50573318096178,21.12149085494639,3.569564600723596,-4.537211908706507,46.97297585977083,62.205464010085954,34.16078658952997,9.514687100894093
2025-10-28,-3.770781397537004,26.99438012944968,39.33804167945518,18.164435946462532,160.16398498995653,20.612666505786017,3.569564600723596,-4.740242707123377,48.702703939901724,57.63431016414815,33.78731185573622,10.344827586206984
2025-10-29,-3.770781397537004,28.09327918880249,38.990339274382514,20.351816910402533,161.31190233990736,20.560742258461808,3.569564600723596,-4.4803527967716805,50.27026614627312,59.09519137135963,33.39142175183718,10.855683269476458
2025-10-30,-3.770781397537004,28.152005239265044,38.38603529910329,19.411093600621232,162.46638562336094,20.249220542100012,3.569564600723596,-5.04074482814556,49.78377883498724,86.42790427707429,33.401382819378675,9.89782886334618
2025-10-31,-3.770781397537004,28.806311744832747,38.6443685819726,20.02293894897209,161.21350942419727,19.937690903210424,3.569564600723596,-5.306040287272973,51.54053971574104,94.34496292433761,34.003926488983716,10.217113665389599
2025-11-03,-3.770781397537004,29.578057551401706,38.73070986301714,20.841300191204404,162.40079034622093,20.4569016863412,3.569564600723596,-5.511783945056492,50.67567567567559,101.03675005586882,33.8196764208353,10.919540229885127
2025-11-04,-3.770781397537004,29.82132010350298,37.27756921087115,21.185466117202267,158.95047236286572,20.353061114220594,3.569564600723596,-5.996367188843621,50.216221165012584,104.66540895808944,33.329173984113595,10.217113665389599
2025-11-05,-3.770781397537004,32.17011892345241,37.95757983912482,23.518164435946275,161.08888480342003,20.342674680250195,3.569564600723596,-4.856653620401796,52.270270682669874,99.43449179820978,34.350011255175275,11.174968071519853
2025-11-06,-3.770781397537004,32.16173497335368,37.10861567420925,23.73231264190947,161.06263708388084,20.6438178851694,3.569564600723596,-5.842056924261085,50.810808748812185,105.32516103647139,33.4213049544617,9.514687100894047
2025-11-07,-3.770781397537004,32.765712178481365,37.53181225217504,23.541108052999338,162.3417449881117,21.235717861037394,3.569564600723596,-5.306040287272962,49.72973385372666,103.34590480132549,33.194729253672705,9.131545338441938
2025-11-10,-3.770781397537004,33.7975012372729,37.27756921087115,24.757166437619315,169.71464773286417,21.619936692664222,3.569564600723596,-5.9341025281330895,48.729726430532,104.42977679549017,32.73161678455318,9.770114942528775
2025-11-11,-3.770781397537004,35.94497005553849,36.103542393547606,27.12046402590207,169.38667134716394,22.170298855178384,3.569564600723596,-7.073826181553966,49.56756797996715,115.12724327784873,31.705793043446917,10.34482758620694
2025-11-12,-3.770781397537004,35.85269540475722,35.9374679619876,27.43403068236119,175.78877680182123,22.886804348579947,3.569564600723596,-7.398683527003779,51.43242913323469,113.61922889678144,31.232719506785898,11.174968071519832
2025-11-13,-3.770781397537004,35.424883551093366,36.52053455313884,27.80115189561405,174.64085945187043,22.990652843228364,3.569564600723596,-7.404099160758559,52.162160100163526,118.94438993325286,31.74562544106516,12.771392081736943
2025-11-14,-3.770781397537004,35.953366805561046,37.10861567420927,27.839383477234513,168.1272612434414,22.917963650491192,3.569564600723596,-7.279569839337475,50.405409529402334,115.1743652161446,31.875107446556928,9.897828863346136
2025-11-17,-3.770781397537004,35.27388284984956,36.62188755192868,26.53919460668599,166.8612691917441,22.315677240652796,3.569564600723596,-7.236254854278856,49.70270105310377,105.51367126077471,31.852692076451603,11.047254150702468
2025-11-18,-3.770781397537004,34.90479704664826,37.53181225217504,25.33078020434971,166.4021022517638,22.61682044557196,3.569564600723596,-7.087360223451089,48.8648698136612,105.98491311485331,32.69675898443176,11.55810983397194
2025-11-19,-3.770781397537004,33.94848913859292,37.19304463452189,24.25239519225004,167.47785839107178,23.27102318020675,3.569564600723596,-7.385149485106613,48.40540499300558,114.42036926117085,32.497561378697235,9.770114942528775
2025-11-21,-3.770781397537004,33.34452473338905,36.94006584970184,24.351813642745967,167.41226311393174,23.219106855410352,3.569564600723596,-8.25685473505412,49.29730183369394,115.83411729452652,32.76647458467452,8.684546615581134
2025-11-24,-3.770781397537004,33.80588518737164,36.18742952965288,24.474187380496936,168.40930812356606,23.354098806914347,3.569564600723596,-6.513434150179808,47.45946317105669,114.37322485175514,34.504389993246875,8.237547892720332
2025-11-25,-3.770781397537004,34.37631379218058,38.12864755259584,25.49139719392308,171.51198394965655,23.457939379034933,3.569564600723596,-7.071113322187017,48.64864864864853,108.48255561349353,34.12343555438624,8.17369093231164
2025-11-26,-3.770781397537004,36.59927656110617,38.4720366120177,28.55831459876892,173.21746115529777,24.091377168256713,3.569564600723596,-6.762492793021924,51.02702991382484,114.7973672386577,33.9391854862378,10.280970625798226
2025-11-28,-3.770781397537004,37.00193656447384,38.300140226229516,30.24856829962337,176.70054474827904,24.060225788873304,3.569564600723596,-7.206473911117373,51.162162986961455,128.55796195032684,33.34162828667737,11.238825031928478
2025-12-01,-3.770781397537004,36.68316726178873,37.42397861090494,29.15487198255238,178.07804556822003,23.8525367221043,3.569564600723596,-7.5259156228126844,51.18918547759173,131.90386675165237,32.843658017436475,10.53639846743295
2025-12-02,-3.770781397537004,38.8222521299556,38.38603529910327,31.418739450137224,174.62119368030594,24.454823131942693,3.569564600723596,-6.746255976736926,52.02702702702693,128.08672009624823,33.351589354218845,11.877394636015314
2025-12-03,-3.770781397537004,39.37588723471948,37.87222659045839,31.456982701959646,175.4542344826182,24.859806908982463,3.569564600723596,-7.444701286450228,55.35135011415213,135.39113736786553,32.61708231664746,10.21711366538951
2025-12-04,-3.770781397537004,41.775015355108906,37.78695833382453,32.39006202945725,176.2741754468688,25.08826092116445,3.569564600723596,-7.387852259494466,58.16216339936118,138.59567635430344,32.11412557736195,11.813537675606621
2025-12-05,-3.770781397537004,35.65976215309594,37.616740540678784,24.741878473051916,176.34633665751167,24.060225788873304,3.569564600723596,-7.35536854194514,55.62162657041798,149.2459984272463,32.19380224514623,11.558109833971875
2025-12-08,-3.770781397537004,36.305684708564876,37.279152187476974,26.51625098963293,174.66055725237882,23.665620523276097,3.569564600723596,-5.2491912603169215,55.37838291477504,131.47974683586972,35.4007317288614,11.430395913154513
2025-12-09,-3.770781397537004,36.129519357101046,40.65751111244249,25.239005736137464,175.93966515660972,22.83488802378355,3.569564600723596,-5.679628251536162,55.72972684293171,115.55136319363149,35.19905276065227,12.579821200510843
2025-12-10,-3.770781397537004,37.21165051625639,40.56876880647904,26.309746765953435,175.2640145847009,22.56489619824775,3.569564600723596,-6.240010197930957,60.29730100889454,116.54099131120441,35.23640379579596,11.047254150702424
2025-12-11,-3.770781397537004,37.31230911713639,42.45620812083983,27.49521755123665,181.1085601836678,22.56489619824775,3.569564600723596,-4.9053842392151825,59.783780896985746,99.38736985991387,36.19001870163716,11.174968071519809
2025-12-12,-3.770781397537004,38.49509887717173,41.28187320739838,28.09943058750577,182.06625763570128,24.143301415580876,3.569564600723596,-5.928686894378288,59.64864782384913,93.82657666084322,34.58904125852804,10.217113665389533
2025-12-15,-3.770781397537004,40.088919790749664,40.69915720838131,30.23326866485401,182.49919287061437,24.350982559822086,3.569564600723596,-5.825820107976054,61.45946399585609,89.06692382616201,34.90525469464283,12.32439335887614
2025-12-16,-3.770781397537004,36.71671586210743,41.64113452889489,26.08795457770654,182.3548704493287,23.72793120457071,3.569564600723596,-5.52803084632052,61.40540870460291,83.1291214140446,34.78574562924028,11.494252873563227
2025-12-17,-3.770781397537004,35.626200752853364,44.021665743971795,23.808799145554293,185.1754673663507,22.294904372711933,3.569564600723596,-3.6763278412891953,61.7297301421293,89.63243202795222,37.128697942440006,12.515964240102173
2025-12-18,-3.770781397537004,36.129519357101046,44.20810639132635,24.69597956874383,184.65070514923033,22.024920469703968,3.569564600723596,-3.928099343498259,63.94594553354611,84.16588270547334,37.40257387336647,13.53767560664112
2025-12-19,-3.770781397537004,36.767045162547454,44.114817011622655,25.17781886726198,186.0872353128085,22.637585390984928,3.569564600723596,-3.9362177516409136,62.7027047647011,87.74740843383815,37.47228947360923,13.346104725415064
2025-12-22,-3.770781397537004,36.40634330944488,43.551011739843105,24.298282426356145,191.54477518243792,22.52335838489392,3.569564600723596,-4.935165182376389,65.40540746740379,86.852024192857,37.93292058025415,14.176245210727977
2025-12-23,-3.770781397537004,38.36926282614792,46.387323353356315,26.378589287314558,194.0504955518213,22.37797999941955,3.569564600723596,-3.5355516186040936,64.97297544737106,107.7285596585198,39.1828267871271,14.30395913154534
2025-12-26,-3.770781397537004,38.82225212995558,44.77031806249603,26.822185334010307,197.08757610077186,23.156796174115723,3.569564600723596,-4.298974448394832,66.3243267987224,105.7493034233739,37.42747060594633,14.942528735632198
2025-12-29,-3.770781397537004,38.436372826709196,45.242193827092315,26.936903419275595,183.70613956420243,23.29179604814753,3.569564600723596,-4.171742352585905,64.94594264674818,120.87652423010282,38.0001429454746,12.962962962962976
2025-12-30,-3.770781397537004,39.0655146820569,45.90798953790565,28.244736272107794,186.6579270355045,23.634469143892712,3.569564600723596,-3.3866569877763153,64.35135506294853,87.18190023204792,38.6624411477809,12.515964240102173
2026-01-02,-3.770781397537004,38.528647477490495,44.301502011070745,27.074565121593942,183.0042572872264,24.008301541549116,3.569564600723596,-4.759192382775268,65.05405322925448,70.49953187039594,37.365234710770466,11.749680715197952
2026-01-05,-3.770781397537004,39.58560118650203,42.726652768344444,30.126194561872378,191.03967873688202,23.499477192388717,3.569564600723596,-6.386202054370871,65.37837466678087,66.02262190104993,34.98990595992395,13.53767560664112
2026-01-06,-3.770781397537004,41.17943490000378,41.01361710473144,31.961753947328873,194.01116400869248,22.938728595904134,3.569564600723596,-6.540512318953418,68.21622075261283,57.86993109118739,34.63883472368781,13.409961685823756
2026-01-07,-3.770781397537004,39.79531513828461,39.77511320673122,29.751429366335813,191.85305376762983,22.741425963105556,3.569564600723596,-7.182108601710679,69.13514008393147,66.11687701320162,33.754947290637105,14.112388250319285
2026-01-08,23.752968905913363,40.567073744777396,39.95069612193032,30.248568299623322,191.87931750164103,22.928342161933713,41.0239668934381,-7.0034330277216945,68.08107736948361,60.556083814130936,34.05123859166888,13.92081736909323
2026-01-09,23.614410524698105,40.927775597879965,39.77511320673124,30.33269878555187,194.5424601303718,22.751812397075955,40.89369269940717,-7.049460872147229,69.05405199205543,49.340242303838,34.11846095688933,13.856960408684538
2026-01-12,23.426363771249335,40.835500947098694,39.2175229773303,29.72084176699905,202.0203217243371,22.86603940316696,40.78946936846888,-7.9184532627277875,70.51351392591312,60.65032769072269,33.71260978544879,7.662835249042144
2026-01-13,23.574821337084394,39.89598653908843,39.5125409462396,28.206504690487357,201.0298586626775,22.824501589813174,40.80249976965713,-7.926581755849494,71.43243325723174,61.12158078036123,33.797272923277674,7.215836526181341
2026-01-14,22.951308621615716,42.58032256192041,39.1639673728335,30.080307327766253,203.4634178214181,22.170298855178405,40.58103264587618,-8.660223642478758,75.81081905880478,47.031098793941204,33.73751839057639,7.790549169859506
2026-01-15,22.71377349593344,42.857146514264265,39.86284623230843,31.80879261024114,202.8074650500176,21.82761783690541,40.125058057842125,-7.785805533164359,75.37837672877944,47.408108006988,34.35499772521982,7.343550446998703
2026-01-16,22.73357186517306,42.20284000869658,38.73070986301719,31.487570301296365,200.97736322359913,21.775693589581202,40.08597679356123,-8.381384056475161,73.00000577359576,46.229969665111724,33.65285525274753,8.492975734355014
2026-01-20,22.26840834929378,43.51983696993067,39.07709489158569,31.86997947911663,212.2072874815526,21.568012445340013,40.112037595937736,-8.132325413633023,73.02701795423343,84.11876076717742,33.6727773878305,8.237547892720265
2026-01-21,22.723672680553264,48.20903785980697,40.3032112008449,37.239007603369714,216.94324727369758,22.066458283057777,40.50286017803051,-7.972599515295964,77.56755931957338,129.7361002922031,33.81220858831604,7.726692209450792
2026-01-22,23.0601694489716,51.60640643866916,38.21434076939241,40.71893345557458,221.99408361348114,22.326063674623175,40.50286017803051,-9.125857210613997,79.75676253035249,137.74741405161808,32.43033901347674,8.301404853128957
2026-01-23,24.148853231184987,54.35785246206248,38.21434076939241,42.89865876702894,226.41523091587538,23.12564479473236,41.46690114100002,-9.759335085228882,83.02703032622453,148.58624634886425,31.556400775419814,9.96168582375474
2026-01-26,24.425969993615503,54.19848061064372,37.66905313669993,43.56405867217352,233.2043420998702,23.624090632450123,41.688378204064904,-8.037577035373433,80.21621704101551,220.45241554988,31.685870908363857,9.386973180076573
2026-01-27,24.831745952641484,56.99185918445446,39.5125409462396,47.10515972305189,233.21744193793182,23.94599878278232,42.27461704684601,-7.404099160758538,83.83782876504422,227.7097108832014,31.441866307514154,8.939974457215794
2026-01-28,25.22763027791315,59.38260335474514,38.64436858197264,49.835566854385505,247.75992769145762,24.247141987701504,42.131312451626826,-7.967183881541217,86.7567526327596,251.55514193714293,29.064056194193057,9.833971902937378
2026-01-29,25.118761899691822,58.18304569451234,38.55814416497283,48.63479643433297,248.86191553583282,24.776739204802677,42.73058169559623,-8.121494146123764,82.10810068491332,84.63713579511185,29.400191765390836,10.025542784163433
2026-01-30,25.801662172013785,56.496937330229294,38.214340769392386,46.37094063695007,209.2095705046749,24.68327714412466,42.88691669200364,-8.278507185093886,81.54053559174399,105.18379522158372,29.203487394678596,9.386973180076597
2026-02-02,25.0692810783238,57.6629463901434,37.57993899059413,48.757170172083896,203.2141685798635,24.50674737926688,42.54819583609615,-8.061932259801075,79.51350856471697,52.544770054716004,30.8418158729314,8.748403575989737
2026-02-03,25.0692810783238,60.22145916187538,38.128647552595865,49.193122236495945,221.65957332322202,24.36136899379251,42.61333790275354,-8.45988553347098,84.10811553130269,56.03205190648908,30.951363870792427,9.450830140485266
2026-02-04,24.782265131273462,56.94992663403697,37.78695833382457,44.390052226487576,222.75499523409445,23.89407453545811,42.287647448034285,-8.98237821354101,82.83784196183478,63.2893472398105,30.406093371414066,9.706257982120015
2026-02-05,24.76246676203391,57.20157313623706,37.616740540678826,45.72848434885852,218.88487388283173,23.904460969428488,42.61333790275352,-9.637508538195682,79.9459508947423,65.36286982266797,30.418535801430167,11.111111111111072
2026-02-06,24.435869178235347,57.85587964180474,38.214340769392386,47.13575899259057,224.77534898737423,23.72793120457071,42.131312451626826,-8.995912255438155,79.05405405405395,61.262957830808816,31.227744909288944,9.89782886334607
2026-02-09,24.891133509494836,60.72477776612308,37.947561403290585,50.37858135157718,231.3151789008705,23.997923030106506,42.287647448034264,-10.178940808938586,82.48647741369288,47.87936109662656,29.8682788320072,9.514687100893958
2026-02-10,24.643706750058247,60.51506381434053,37.53181225217508,49.60611901365295,228.22563494178553,24.06022578887328,42.36580997659605,-9.9867311930522,81.29730224609364,46.79547786690195,29.26324192737988,9.514687100893958
2026-02-11,24.861443506500947,63.69432169139768,37.57102545118276,51.50286526798493,232.67301394924704,23.935612348811873,42.30067784922254,-8.944468777258107,89.72972148173551,48.86898921419953,29.377776395285515,9.195402298850542
2026-02-12,25.52454540958331,61.999829377015935,37.44694770769572,50.74570256483,222.971478866023,24.558663704063257,43.004160484846274,-8.18105603244641,86.40540870460292,51.60226387543898,29.44002416300908,10.153256704980818
2026-02-13,26.019398928456503,60.89254636756441,37.70180694123544,49.36137153815099,229.41948179731196,24.922117590277047,43.355911741942045,-7.645029310478979,84.00000494879633,52.82752415561116,29.818485366847412,10.28097062579818
2026-02-18,26.3855856998688,60.48989916412055,37.70180694123544,50.20267639743636,227.09084945884035,25.399790560054036,43.277749213380275,-7.758737449369823,80.78378213418486,41.894436746213316,29.982813299912834,9.067688378033179
2026-02-19,26.10846893743828,62.813520533926194,37.36221065126515,52.6500928014457,226.39553311536707,25.202487927255433,42.97810962175363,-8.435530309043349,80.72973715292432,41.18756272953548,30.328898066104372,8.74840357598976
2026-02-20,26.524144081084057,64.48284819808792,36.43694488914744,55.28106981208143,231.86617282305818,25.649009517649013,43.74673432403482,-9.123144351247092,81.94594512114644,43.590950116024004,29.691496596377952,9.195402298850563
2026-02-23,26.880439218742012,63.02323448570875,36.187429529652924,51.77055636053984,241.403751742376,25.752850089769595,43.91609972163053,-9.59689632752494,82.43243243243232,40.66917646604114,28.887273958563785,9.195402298850563
2026-02-24,27.068485972190782,65.27975865487687,35.77178661857807,54.37093410163689,238.1961170670726,26.55243913240659,44.25482057753807,-9.469664231716035,83.43243985562698,37.37040483857142,28.747842758078246,9.259259259259235
2026-02-25,27.790967881260986,65.06166075299555,35.03121916714811,54.225616746832884,241.51524449614774,27.102801294920752,44.50233856441168,-10.509213788143212,86.18918753959024,39.91518051106739,28.27726245643958,9.961685823754763
2026-02-26,28.612426534798207,64.81838540097044,34.786155265357266,53.64435899781876,239.55395211544914,27.705087704759123,45.24491240360018,-11.175175380307167,85.67566742768147,33.223370908416385,27.58508105150874,10.664112388250292
2026-02-27,28.404596513840797,62.90579518470744,34.94942495984383,51.88527444580517,243.09609708101166,27.77777689749632,45.362166135726746,-10.777222106637263,83.7297388025231,34.731385289483626,27.893826655104313,12.06896551724137
2026-03-02,28.632224904037805,63.3755523887126,34.527556382386294,52.16826517312949,247.28762888447181,27.55970139675692,44.8019781560383,-11.015459566949183,82.81080916121186,39.491049359724784,27.719537654497394,10.664112388250313
2026-03-03,27.53364948807007,57.87266034192602,34.62326803501705,45.659653497699296,235.0213120592832,26.71858246329395,44.880140684600065,-10.974847356278428,76.29730637009067,43.92082615521502,28.732907093039884,10.919540229885039
2026-03-04,27.464362746596983,60.01174521009289,36.43694488914744,48.642452086818544,235.86095082404213,26.812044523971966,44.71078522628824,-9.439883288554551,77.35135877454591,37.4646599507231,31.397047439851256,10.28097062579818
2026-03-05,26.17774812804592,55.70841082353915,35.44164569222652,43.52581542035105,232.25974448589847,25.410169071496604,43.77279512641137,-9.864904646019024,73.59460366738797,41.517438768726464,30.221843303265672,12.771392081736877
2026-03-06,25.762072984400163,54.80244501584763,36.02046268175136,41.89674858837211,237.55986209618052,24.693663578095038,43.82490679188054,-9.564412609975626,69.29729564769838,50.14138266822752,31.050962673659722,14.176245210727934
2026-03-09,26.217337315659627,56.05234477644427,35.01771605798019,42.56213682331478,233.97835355854522,25.368639180670627,43.99426225019234,-10.03546181186562,70.45945863465992,47.0310987939413,30.555485639441127,11.749680715197929
2026-03-10,26.801260843514573,58.266923595271145,34.62326803501705,45.529635777664666,243.04363367087714,25.939766288597777,44.43720643703817,-10.760985290352265,71.56756633036834,42.31856789755597,29.604352096074503,11.430395913154513
2026-03-11,27.15755598117251,58.92123010083883,33.41408638823906,45.85085808660947,238.95702868768592,26.26167443892995,44.51536896559991,-11.597493963383776,70.64864699904972,51.22526589795211,28.53620272232764,13.473818646232406
2026-03-12,26.48456244433579,54.71856711508891,33.41408638823906,40.99426853041324,235.57230598147078,25.576320324911794,44.08545517994236,-11.643521807809309,65.97297256057315,52.35627106597261,28.262326791401172,14.49553001277135
2026-03-13,24.584319193204962,53.40155735393102,34.46078451683137,39.23518397839965,231.42013775008343,23.77984752936706,42.626368303941774,-10.855733668612144,63.702701877903166,47.54948505743562,30.56543483443488,15.581098339718991
2026-03-16,26.256926503273313,55.22187291941278,34.327028305640205,40.451242363019624,227.58281403739073,25.25441217457962,43.74673432403484,-9.6889419313967,64.83784237423444,42.45994494800349,32.6867979168902,15.9642401021711
2026-03-17,26.52414408108403,55.83424687456298,33.97564999516067,40.33652427775436,228.04198097737108,25.929379854627356,44.63261275844257,-10.964016088769146,65.27027439426716,42.931198037641984,30.30400133352449,15.9642401021711
2026-03-18,26.66271001316476,55.104433618411505,33.41408638823906,38.2562174167959,220.75433928132315,26.157833866809344,44.21572937397329,-11.521695260776099,62.10810687090884,44.439212418709296,29.295618365026634,18.326947637292434
2026-03-19,27.147664347418154,55.73357547375919,34.29869408679611,38.240917782026564,201.78420434978815,26.770506710618136,44.6195922965382,-10.850318034857365,60.675677737674036,49.19886525339052,31.018598108560603,19.98722860791822
2026-03-20,26.61322164093123,52.31943899469948,34.54197315590388,34.676861443893216,199.7966482350784,25.565933890941395,44.293901841818936,-10.522747830040624,57.81080916121184,45.85297168762488,29.96787763487445,18.901660280970578
2026-03-23,26.731989203772354,57.075749885137085,34.460710148802896,40.15296367112793,188.8881664582663,26.282447306870772,44.67170396200733,-9.691654790763627,63.10810398411088,36.239399670550895,32.25854324789206,17.369093231162157
2026-03-24,26.336104878500688,57.587452439483535,35.19509442986644,40.14531968884425,188.57328991062775,25.358252746700206,44.13756684541148,-10.617506293279288,64.13513389793583,38.68992023089524,30.29155890350839,18.13537675606638
2026-03-25,26.13815894043214,60.229843111974255,35.277164861276454,42.79158466404738,198.44537912020473,25.545168945528406,44.54141982869253,-10.760985290352265,65.51351804991008,39.114040146677986,30.284091070989195,19.34865900383138
2026-03-26,25.94022055322902,57.847495691706065,34.786155265357245,39.57934990439753,187.01213512627223,25.21287436122579,44.03334351447319,-11.056061692640885,64.13513389793583,41.328939779982996,30.388664471353355,19.284802043422687
2026-03-27,26.355895696874796,56.74021268225451,34.46078451683137,36.81071119144341,194.65398491308758,25.264790686022188,44.58051103225726,-11.26451820979133,62.189184652792264,45.85297168762486,30.34632696616506,18.007662835248993
2026-03-30,26.336104878500667,57.71327569058353,33.97564999516067,36.39770274408443,196.88422433584915,25.316714933346418,44.51536896559987,-11.535229302673244,63.32432514912356,36.05090068180743,30.418535801430146,16.41123882503188
2026-03-31,26.9002375879815,61.99144542691728,34.29869408679611,42.84512755063912,204.8606164418676,26.562817643849158,45.32308487144581,-10.850318034857365,68.1891879519899,35.90952363135986,31.065898338698084,16.922094508301356
2026-04-01,27.850347887248716,62.243104729041086,33.81471758156862,44.940722376164956,213.7553424278466,26.677044649940164,45.79207992138426,-11.351148179908554,70.02702661462712,32.84637293092945,29.29312513000435,16.02809706257977
2026-04-02,27.810766250500475,62.503147981263666,33.015824347816206,44.01529870115299,205.11643161692498,26.74973384267738,45.752988717819456,-12.05229626400971,69.59459459459441,31.950988689948257,28.339510224163146,15.517241379310299
2026-04-06,27.96912300095531,62.469586581021105,32.14799195167941,44.13767243890394,205.46407377418964,27.113187728891177,45.909323714226915,-12.615391069771443,67.67567815007371,32.469374953442575,28.424161489444288,15.9642401021711
2026-04-07,28.1175730159249,62.69608123292492,31.991426003758463,44.206503290063125,205.48377157469798,27.13395267430416,46.065658710634395,-12.894230655775063,65.86486197806674,35.24976031741798,27.936152287744886,14.687100893997407
2026-04-08,28.721294913019445,66.12699841210585,33.97564999516067,50.09560229445484,211.5447687766495,27.84007965626314,46.664927954603726,-12.152460276024101,70.13513719713345,28.369462961583423,28.242404656318154,14.240102171136604
2026-04-09,29.394303551587075,68.52612653249533,32.38355799383523,52.535374716180485,214.34569992210703,28.41121468671812,47.12089260335392,-12.975444992137518,72.78378460858299,25.824698524647328,26.987523851948293,13.409961685823713
2026-04-10,29.938630340962845,70.3296741977796,32.61995270830822,53.2007629511231,212.35814380739728,29.241947186210695,47.615938516385015,-13.300302337587333,72.43243037043372,24.787937233218592,26.877963981539523,12.643678160919492
2026-04-13,30.690817354757915,70.98398070334729,30.06510283451609,53.353724288210856,211.07903590316636,29.51193901174649,47.980710235385125,-15.15470811700651,73.5946036673879,23.798309115645644,24.617181571146386,12.452107279693436
2026-04-14,30.601747345776165,71.52923185801241,30.82885186281812,54.76099893194291,216.49721220072294,29.69885521057467,48.254298963919126,-15.084325048153602,75.8378312394424,22.4787937233218,24.35325483521371,13.154533844188965
2026-04-15,30.769995729985332,70.90848675268731,30.905716532235772,55.06692160611835,214.8573302722218,29.88577140940285,48.30640069010439,-15.022060387442803,74.78377883498715,22.997168751256215,24.114224831860874,15.26181353767555
2026-04-16,30.690817354757893,69.95219164455573,31.214099498260083,54.91396026903064,213.89963282018834,29.999998415493856,48.59300988054278,-14.894828291634132,73.40541530299814,24.74081529492271,24.303461370053903,14.559386973180022
2026-04-17,31.165872504391512,69.02944513674296,30.90571653223575,54.63096954170632,218.63562464127727,30.425747137946637,48.970812000731165,-15.200735961432043,74.9999999999998,26.01319751339073,24.171248678585332,14.623243933588714
2026-04-20,31.35391925784028,69.28110443886679,30.828851862818098,53.87380683855145,215.29026550713493,30.50882276465423,48.866588669792876,-14.846097672820758,74.05405817805091,26.72007153006859,24.64954613624546,15.453384418901628
2026-04-22,30.977825750942745,66.65548166657354,30.90571653223575,49.95028493965086,210.42964906526876,30.166141746381236,48.684202810292796,-14.932727642937971,72.86486239046643,28.275207849431737,24.69187176888603,16.028097062579793
2026-04-23,30.03760708542984,65.43914330621945,29.91342392846552,47.57935503928641,208.63234487742025,29.605393149896674,48.33246149248094,-15.360451774790029,70.64864699904962,23.185678975559565,24.11671806688318,16.347381864623213
2026-04-24,30.492878967554795,64.81000145087177,30.828851862818098,47.26577671262531,209.76056442686266,29.470401198392683,48.16310603416913,-14.756754843336605,69.64864988584756,18.89726799495697,25.25955763836969,16.21966794380585
2026-04-27,30.354320586339533,63.79498029227773,29.762095614549146,45.59846662882392,206.68415233478328,29.646930963250483,48.384573157950086,-15.531008940636637,69.70270517710074,20.169650213425005,23.97231226890075,17.6883780332056
2026-04-28,30.235545472632943,63.07356378614877,30.522274977485008,45.33078720647088,201.18071498852217,29.491166143805692,48.12401483060435,-15.073493780644043,70.43243614402957,20.593781364767683,24.48272496815771,18.83780332056193
2026-04-29,29.41408681909572,59.718140557627805,30.293274569841987,41.3231348216418,198.1436664685156,28.660433644313123,47.720161847323304,-15.271119030285208,66.59459294499557,24.74081529492271,24.350761600191362,19.15708812260537
2026-04-30,29.839668698226763,61.89917077613592,30.522274977485033,42.94454600113513,202.7025382297488,29.428863385038873,48.33246149248094,-15.192607468310337,68.24324324324304,30.395852370585107,24.92840853721652,18.71008939974459
2026-05-04,29.404195185341408,60.431173113658,29.385315310347828,40.665390568982865,196.4578550344388,28.213912053919522,47.798324375885095,-14.54019000302258,65.43242995803402,35.10839450253036,23.295790754419563,21.008939974457252
2026-05-05,30.067297088423793,61.38746822178951,29.762095614549168,41.063099381572485,198.83895078304494,28.84734984314128,48.05888270323082,-14.161186405004589,67.45945698506104,31.385491723717983,24.114224831860874,18.901660280970667
2026-05-06,30.186057100399477,62.25148867913974,28.489924247663744,42.386231869174075,207.11052163619357,29.5534768251003,48.56695901745016,-15.417305844235452,71.56756633036825,28.652217062478556,22.682561791861787,15.64495530012775
2026-05-07,30.096987091417727,58.3340335958324,29.085474043592562,37.85850860420634,208.2846706912116,29.28348499956448,48.6581519472002,-14.678253366341053,69.62161708522467,30.490107482736818,22.806356846993147,15.64495530012775
2026-05-08,30.56215060729699,59.17288940296264,29.085474043592562,39.68642400737914,209.63593980608536,29.532703957159455,48.81448694360764,-14.648472423179582,71.08107901908237,29.924599280946616,23.120777528401405,16.538952745849357
2026-05-11,30.116785460657304,57.134475935599596,28.712613996891577,36.77246793962101,209.5244470523136,29.532703957159455,48.47576608770012,-15.211567228941314,72.18918671479078,37.13478391153209,22.33398379064795,17.688378033205687
2026-05-12,30.07718872217813,55.934905475442974,28.638288464445715,35.51051065069295,206.8284747560689,28.982341794645293,48.52787775316929,-15.52830112375937,71.5135110391151,33.977378098949984,22.162188025063333,19.348659003831493
2026-05-13,29.067698416923072,53.1331301516097,28.341889375007856,32.795414824330614,208.14694623237258,28.24506343330293,47.785303913980705,-15.688021979607026,70.78378007218622,34.96701745208286,22.244346055322197,19.157088122605437
2026-05-14,29.54275356655669,54.23202921096253,31.059711471172726,34.38623840448716,206.8612723946389,28.65004721034272,48.006771037761695,-13.798419623271862,71.32432267472531,36.38077672099846,25.112658605364977,15.325670498084353
2026-05-15,28.523356525816368,53.2841180529297,29.913423928465544,32.787759171844954,198.8389507830449,27.82969322229274,47.51172512473063,-14.437313131641272,69.48648401208806,39.49104935972476,24.594766201041107,16.411238825031994
2026-05-18,29.077590050677404,53.02407480070714,30.82885186281812,32.183557805777795,198.6224991800603,28.130836427211925,47.57685725210414,-13.76863868011039,67.27026862067127,42.50706688629939,25.996557910963404,21.839080459770187
2026-05-19,28.394689778355442,50.53267202953644,29.989215573472517,29.26960173801969,195.59198456461257,27.538936451343933,47.02969967360393,-14.69990581638082,64.75675428235836,46.74835592860611,24.632734608666507,21.392081736909407
2026-05-20,28.78067491900731,53.359624803513526,30.675377500080426,33.514345945865045,197.23186649311378,27.85046609023354,47.65501978066593,-13.903999269041002,69.32432844832121,41.56456070702232,25.941777975759027,18.96551724137938
2026-05-21,28.760891651498643,53.384789453733504,29.68656956964386,34.294452266072994,197.78942634880417,27.871231035646503,47.60291805448065,-14.605157438120953,69.513516812711,42.22431278540428,24.784002739234133,18.0715197956578
2026-05-22,29.057791681437827,52.378152245238205,29.76209561454919,32.65009746952663,196.55624795014884,28.151609295152724,47.68108058304244,-14.588910536856881,70.59459170779654,36.99340686108452,24.918447469675066,18.326947637292545
2026-05-26,29.186458428898753,52.613030847240736,29.76209561454919,34.271508649019935,195.2049788352751,28.4631310115145,47.83741557944987,-14.667422098831473,69.27027315706806,36.38077672099846,24.751626301587336,16.858237547892795
2026-05-27,29.414086819095765,51.96712109169559,30.675377500080426,34.13384694670158,191.73499508035542,28.49428239089786,48.16310603416913,-14.247806290142728,70.78378007218629,43.26107407683304,25.600667807064383,15.581098339719102
2026-05-28,29.859467067466383,51.245704585566656,31.214099498260104,33.05545026439995,195.1328176246323,28.96157684923224,48.73631447576201,-13.933780212202196,71.02702372782926,54.806791626316965,26.30778487703358,16.411238825031994
2026-05-29,29.65162194477804,50.155189476312565,31.059711471172726,32.16061418872476,199.1472613971807,28.795425595817047,48.371542756761855,-14.134108236231224,69.02702950142509,55.04241255335629,25.779943277715933,14.112388250319352
2026-06-01,29.34481517935361,48.787850414714654,30.675377500080426,30.615677842674337,193.55199706871232,28.255449867273285,48.13704523179263,-14.396700920970495,67.78378873258009,49.811495393476626,25.468704439098055,13.409961685823824
2026-06-02,29.186458428898774,50.64172738043895,30.522274977485033,31.42638343242099,194.46376501517025,27.985458041737488,48.04585230204259,-14.551011185553042,73.62161584802558,49.24599842724633,25.45376877405967,12.515964240102239
2026-06-03,27.266424359393817,47.118535550476714,29.913423928465544,27.762908643791697,191.02657889882062,26.365522933578344,46.74309048316556,-15.041010063094962,69.9459488327437,51.46088682499148,25.008085205000864,10.217113665389599
2026-06-05,25.979809740842775,46.170624392443926,30.82885186281812,27.319312597095944,184.49328288988323,25.275177119992588,45.68785659044601,-14.366930062788352,66.43243738122871,52.1677720772292,26.004025743482618,6.641123882503264
2026-06-08,25.742282166025966,45.734415788757545,32.85718671910243,26.692155943773766,184.4145557457376,24.641739330770807,45.20583113931933,-12.547710775306086,66.54053765374242,48.30349224796926,28.89972826112759,6.960408684546682
2026-06-09,25.079172712078133,46.900424848671626,33.4940213948318,27.892926363826366,179.43588061659685,24.205604174347627,44.94528275125749,-12.065840390885874,66.86486940126142,47.97361620877827,29.54958403341783,7.151979565772737
2026-06-10,25.43546784973607,45.80992253934137,33.254492599159335,26.72275521331249,169.47853035831542,24.818269095628608,45.297024069069344,-12.398816144478332,65.56756303117062,50.09424949437171,29.225902764783875,7.024265644955374
2026-06-11,28.572844898049922,48.51942321239338,33.334225749674815,30.103250944819404,168.3043652888254,27.445482313193725,47.21208553310399,-12.442131129536948,67.24324613004097,45.47596247457817,29.27569622994366,5.172413793103514
2026-06-12,29.19635006265313,48.041269258365716,31.75726233013938,30.04206407594392,176.48409314529482,28.56697158363508,48.41062402104275,-13.552073839796353,67.72973344132687,47.0310987939413,27.3261407856207,5.42784163473824
2026-06-15,29.295326807120126,47.42052415304057,30.75207218543301,29.629067298786893,183.89635946212005,28.41121468671808,47.99374063657345,-14.353385935911877,70.81081287280911,48.30349224796924,26.00901221352727,6.130268199233768
2026-06-16,28.622333270283427,46.63199764635033,30.982666193685947,29.652010915839956,184.08657936003738,27.985458041737488,47.73319224851158,-14.255934783264445,68.18918795198985,52.63902516686771,26.362564812238,5.683269476372987
2026-06-17,27.810766250500542,45.541482537096265,31.835221271975843,28.93307979430555,185.9232471199587,26.677044649940118,46.74309048316554,-13.906712128407916,64.51351062671536,48.209237135817574,27.02984948458893,7.5351213282248475
2026-06-18,27.61282786329744,45.407262535973715,31.214099498260104,28.826005691323964,177.08101657305804,26.593976945760357,46.599785887946354,-13.671187527462914,62.45946110905805,52.35627106597263,27.532794351326718,6.641123882503264
2026-06-22,27.800874616746206,47.16046810089421,31.36880624546947,30.669220729266122,174.3128830661705,26.542052698436148,46.74309048316554,-13.617041274894747,62.675671964078084,53.298777245249696,28.262326791401236,5.108556832694822
2026-06-23,26.860640849502392,48.01610460814572,31.214099498260104,31.334608964208766,170.9019286548881,26.240909493516963,46.6518975534155,-13.600794373630688,60.70270022830424,48.30349224796926,28.389303689322976,4.661558109834041
2026-06-24,27.355494368375588,47.62184135480061,31.67936713232733,31.334608964208766,161.74483757482082,26.417439258374742,46.912445941477344,-12.926714373324089,59.43243696882894,51.79076286418238,29.415127430429244,3.9591315453385123
2026-06-25,27.434672743603027,48.636862513394675,31.60161004656814,32.32121950809619,164.3817645129563,26.562817643849137,46.782171747446455,-12.861746938225703,59.43243696882894,57.54005505199649,29.659132031278943,5.938697318007735
2026-06-26,27.533649488070044,49.81125552340748,31.36880624546947,34.202677797860744,167.54345366821215,26.562817643849137,47.016669272415676,-13.09997431355856,57.59459830619169,52.26201595382094,29.325489695103467,5.427841634738262
2026-06-29,27.048687602951183,49.72737762264874,31.059711471172726,34.31739588312603,163.84388644330232,26.157833866809366,46.74309048316556,-13.484393545331319,56.540535591743854,49.90575050562826,28.742868160581448,2.681992337164818
2026-06-30,26.90023758798159,48.813015064934675,31.83522127197587,33.29254208741619,163.8832340009032,26.022841915305396,46.91244594147739,-13.37339826580739,55.59459376979496,54.33553853667845,29.018916767741622,5.427841634738262
2026-07-01,26.1084689374383,48.41036786149082,31.446318979135167,32.93307652664899,166.86126919174447,25.617858138265603,46.677948416508166,-13.8633971433493,56.75675675675655,51.743640925886524,28.842455090900977,7.5351213282248475
2026-07-02,25.722483796786435,49.34988226950105,32.22641834969482,34.003829226666895,169.77370910544565,25.09864735513483,46.06565871063446,-13.056659328499942,57.40540994180194,50.61263575786605,29.98530653493523,8.556832694763795
2026-07-06,28.068084643691506,49.08145506717976,31.991426003758548,33.957930322358806,172.55494245039483,26.895112228151774,47.459613459261504,-13.072906229764014,59.054049930056784,52.9217680322029,29.083978329276093,12.579821200510931
2026-07-07,28.167061388158523,48.938851115958485,30.982666193685994,33.567877162254845,171.91208951705605,27.050877047596543,47.73319224851165,-14.098921744294035,58.54054012814063,53.8642854470399,28.068115655711324,13.026819923371713
2026-07-08,28.35510814160729,47.688951355361866,31.21409949826015,32.030596468690064,167.03180730362538,27.16510405368755,47.70713144613512,-13.782182806986587,57.486487723685386,51.36663171283977,28.747842758078313,11.04725415070249
2026-07-09,28.29572813561945,49.316333669182335,31.29141037584857,35.135757125358325,170.94785816046368,27.466247258606757,47.96768977348085,-14.006876140422298,59.59459253259585,41.9415699200691,28.563592689929894,9.259259259259323
2026-07-10,28.750984916013465,54.13975456018119,30.67537750008047,40.6806902037522,169.20958331625243,27.87123103564655,48.50181695079281,-14.39129537219479,63.18919207598688,38.548543180447695,27.826604289883928,11.877394636015403
2026-07-13,28.622333270283473,51.91679179125555,29.686569569643908,38.43976635322044,162.1843227287647,27.715466216201733,48.28034982701188,-14.586207762469005,62.89189312909076,36.52215377144601,27.176748517593687,11.81353767560671
2026-07-14,28.7806749190074,52.89825154960708,30.445856516238212,39.34225808138125,166.38898639923045,28.141222861182346,48.42365442223109,-14.185541629432185,62.70270476470097,36.85202981063698,28.175182291097766,10.791826309067766
2026-07-15,28.879651663474416,52.378152245238184,29.38531531034789,39.258127595452706,165.2673007543469,28.026995855091364,48.90567987335779,-15.08974068190806,65.16216381176069,37.794535989914024,26.68127148337509,14.303959131545408
2026-07-16,28.602534901043896,50.15518947631254,29.989215573472585,38.44742200570603,161.436542975157,27.954306662354167,48.97081200073132,-14.954380092977715,64.32432226232552,34.68426335118775,26.755961681114737,12.771392081736987
2026-07-17,28.463976519828638,50.23068342697257,30.293274569842055,36.833654808496455,163.21416537696908,27.622012078051572,48.280349827011925,-14.735102393296785,64.75675428235826,37.18190584982797,27.321154315576067,13.60153256704988
2026-07-20,28.07799137917677,49.802871573308714,30.445856516238234,36.97897216330046,163.05674311762175,27.528550017373576,48.18915689726189,-14.60515743812093,62.89189312909074,34.77850722777951,27.654796651751546,14.81481481481488
2026-07-21,27.751386244512744,50.07129877563001,29.68656956964393,37.690247632349205,167.04493917063098,26.791271656031192,48.05888270323098,-14.96791413487486,63.48649102288297,35.01413939037874,27.0920972523125,15.644955300127794
2026-07-22,27.18724598416644,53.48544805461351,29.160288280225544,37.690247632349205,172.0170483662689,26.002069047364618,47.394471392604196,-15.601392009489757,64.16216669855864,37.841657928209926,26.67131041583357,18.00766283524913
2026-07-23,27.028904335442515,52.91501944980457,28.712613996891644,39.58699388668121,165.43785488069983,26.490128451112007,47.30327846285416,-15.966861565610602,67.62162285882044,37.41752677686729,26.048547797452404,18.5185185185186
2026-07-24,27.652409500045707,50.4068487784364,29.08547404359265,37.070746631512684,166.81535570064082,26.313598686254203,47.863466442542624,-15.79360162537613,67.02702496502822,35.29689349127383,26.905353949141777,18.582375478927272
2026-07-27,27.830564619740137,51.65673573910921,28.861488165868778,38.67686984643859,167.26795670711834,26.56281764384918,47.8764968437309,-15.907304721777315,68.16216546135949,30.395852370585153,26.546814880386414,15.389527458493045
2026-07-28,27.414889476094363,52.428494345601976,29.762095614549256,39.411088932540416,164.76222032326297,26.52127983049539,47.83741557945,-15.325265282853062,71.59459913099104,25.447689311600598,27.555850839009178,17.113665389527544
2026-07-29,26.682500831538892,50.49072667919512,30.217121708696837,36.43594599590683,164.6572614740501,25.244025740609267,47.06878093788494,-15.130342807599762,68.91891891891864,28.41658489987935,27.906280957668184,14.68710089399754
2026-07-30,27.028904335442494,53.5609420052735,30.90571653223586,38.62332695984683,168.94720220769227,25.877463529831047,47.524745586635106,-15.019357613055162,69.16216257456158,29.971721219242475,27.657289886773874,13.85696040868465
2026-07-31,27.63262623253704,54.131370610082485,30.293274569842076,39.80114209264438,165.60184307354993,27.19625543307096,48.12401483060451,-14.180136080656725,70.00000412399675,29.45334619130806,26.43726688252539,12.579821200510954
2026-08-04,28.543154895056034,54.84439036618891,31.147656976831307,40.38241151186044,171.53164972122127,27.528550017373576,48.566959017450316,-12.504395790247457,72.83783989983606,25.683321474199804,27.271360850416304,18.77394636015335
