data,B5MB11.SA,BOVV11.SA,EURBRL=X,FIND11.SA,GC=F,IB5M11.SA,IMAB11.SA,JPYBRL=X,MATB11.SA,NG=F,USDBRL=X,ZC=F
2020-01-03,,,,,,,,,,,,
2020-01-06,,,,,,,,,,,,
2020-01-07,,,,,,,,,,,,
2020-01-08,,,,,,,,,,,,
2020-01-09,,,,,,,,,,,,
2020-01-10,,,,,,,,,,,,
2020-01-13,,,,,,,,,,,,
2020-01-14,,,,,,,,,,,,
2020-01-15,,,,,,,,,,,,
2020-01-16,,,,,,,,,,,,
2020-01-17,,,,,,,,,,,,
2020-01-21,,,,,,,,,,,,
2020-01-22,,,,,,,,,,,,
2020-01-23,,,,,,,,,,,,
2020-01-24,,,,,,,,,,,,
2020-01-27,,,,,,,,,,,,
2020-01-28,,,,,,,,,,,,
2020-01-29,,,,,,,,,,,,
2020-01-30,,,,,,,,,,,,
2020-01-31,,,,,,,,,,,,
2020-02-03,,,,,,,,,,,,
2020-02-04,,,,,,,,,,,,
2020-02-05,,,,,,,,,,,,
2020-02-06,,,,,,,,,,,,
2020-02-07,,,,,,,,,,,,
2020-02-10,,,,,,,,,,,,
2020-02-11,,,,,,,,,,,,
2020-02-12,,,,,,,,,,,,
2020-02-13,,,,,,,,,,,,
2020-02-14,,,,,,,,,,,,
2020-02-18,,,,,,,,,,,,
2020-02-19,,,,,,,,,,,,
2020-02-20,,,,,,,,,,,,
2020-02-21,,,,,,,,,,,,
2020-02-26,,,,,,,,,,,,
2020-02-27,,,,,,,,,,,,
2020-02-28,,,,,,,,,,,,
2020-03-02,,,,,,,,,,,,
2020-03-03,,,,,,,,,,,,
2020-03-04,,,,,,,,,,,,
2020-03-05,,,,,,,,,,,,
2020-03-06,,,,,,,,,,,,
2020-03-09,,,,,,,,,,,,
2020-03-10,,,,,,,,,,,,
2020-03-11,,,,,,,,,,,,
2020-03-12,,,,,,,,,,,,
2020-03-13,,,,,,,,,,,,
2020-03-16,,,,,,,,,,,,
2020-03-17,,,,,,,,,,,,
2020-03-18,,,,,,,,,,,,
2020-03-19,,,,,,,,,,,,
2020-03-20,,,,,,,,,,,,
2020-03-23,,,,,,,,,,,,
2020-03-24,,,,,,,,,,,,
2020-03-25,,,,,,,,,,,,
2020-03-26,,,,,,,,,,,,
2020-03-27,,,,,,,,,,,,
2020-03-30,,,,,,,,,,,,
2020-03-31,,,,,,,,,,,,
2020-04-01,,,,,,,,,,,,
2020-04-02,,,,,,,,,,,,
2020-04-03,,,,,,,,,,,,
2020-04-06,28.09390644840159,76.41699252108901,18.797268093822456,59.43554330005622,28.654693293693175,39.20626436996579,26.711476934700233,23.289892567069735,76.52340142714299,50.20975119915465,16.30018517884679,22.464766335893838
2020-04-07,28.140361733500807,76.75511142111802,19.079100182167416,61.7144487183988,28.555426005067115,39.7685456307564,26.759636931273878,23.656920361072576,76.50799240992828,52.258468307877706,16.619695569787005,22.5461614751641
2020-04-08,28.13802626497248,77.07748291790381,19.101072913934665,61.721666925490204,28.4881286700083,39.7685456307564,26.899406395591406,23.721182869622908,76.58364787313671,52.73226631947687,16.919705849022147,22.54614990770449
2020-04-09,28.21234815197759,77.08581221906418,19.771508528422927,61.73564041803744,29.663904982490465,40.772969371507756,26.92288092892965,24.22277188333683,76.60075189470147,52.890635594908055,17.517776762411614,22.595604028345097
2020-04-13,28.218243465853167,77.19173595563683,19.79380962780083,61.815744498872775,29.5870812282447,40.753165577347744,26.963173525797362,24.223557838288727,76.77395332621198,52.87491504335382,17.572276997163222,22.595317922069846
2020-04-14,28.273821159209554,77.23694998953383,19.74557768259551,62.34383466221299,29.580196228139542,40.753165577347744,26.974583400532705,24.403393800807102,77.26912166452367,53.38858186770459,17.785125453332697,22.776889497465135
2020-04-15,28.30590296042615,77.23898319863376,20.13259867756913,62.467685006181995,29.819189851992466,40.75381184755727,26.994164692461055,24.440596002848306,77.31233308113126,53.50961606615747,17.907443339557016,22.990260204668637
2020-04-16,28.30649900116166,77.15206471804781,20.036043322661765,62.63474241150719,29.801727585567285,40.75381184755727,27.185144038501978,24.393739832741907,76.89496031969163,54.80981833906701,17.93944478845241,22.86587531667672
2020-04-17,28.30243355263707,77.24347314748753,19.74521742788627,62.68363725255076,30.04844472584594,40.752058061789505,27.185520559754767,24.37476232277462,77.07378938932351,55.4783986303661,17.72642199890031,22.966294121542116
2020-04-20,29.421598947394884,77.24190935114996,19.773872165401762,62.68711971937564,30.055824189309938,40.754309216140975,27.660190450365423,24.337632505496074,77.11111676982698,58.70421247149859,17.679098906537526,23.38166881735973
2020-04-22,29.44132342387767,77.37776647270772,20.02106429374698,62.76670883122472,30.181263194927276,42.325749486596905,27.75445091130963,24.403067655416013,77.23093439316501,58.595419919259626,17.791705677421124,22.842074148599707
2020-04-23,29.6275020134349,77.27968900703394,20.351730988792006,62.670162599858244,30.168414043607257,42.32405639134401,27.787441246759403,24.75734141334436,77.23660499019043,59.55289571038279,18.362097971483124,21.480321371027625
2020-04-24,32.45763166621842,77.87889133244268,20.3573461757994,64.64143865530322,30.19847958803208,42.298264100534574,28.595524179965647,24.834377534758307,77.24814439783438,59.06011373742177,18.451764888306126,21.53686934463819
2020-04-27,32.49600426710132,78.27900963848961,20.47011197504876,64.88502739465011,30.24277887521708,43.787016875328845,28.5857514241936,24.842978215032065,77.31286194980078,59.6574899132818,18.458605146409123,22.277217153225596
2020-04-28,33.30478871199807,78.76547504304583,20.41579844501912,66.71198973743071,30.234252168655985,43.754988090973896,28.79013356948683,24.850754503726392,77.26801615197991,59.67632707221016,18.41005272579354,22.043674647294882
2020-04-29,33.53982883687243,78.95408068549742,21.249648156793306,66.94360679048404,30.251284602697986,44.36283222972819,28.789904371022335,25.435083818056338,77.50669859802119,60.16840130576237,19.456001386293032,21.983046051330046
2020-04-30,33.5719289714723,78.94372939504817,22.050607124489126,67.31059533644789,30.35451347394688,44.35719973288594,28.805734348642424,26.276508651154508,76.80971898439005,60.75623110461456,20.57465636139069,22.43953944620588
2020-05-04,33.56802452287786,78.85812651410485,22.94223050361537,67.3991855781647,30.426917642350837,44.54534007813278,28.833250892083257,26.490609278472512,76.80161067902077,60.82758023918798,21.020571442917902,22.111301979958267
2020-05-05,33.51853146605726,78.89009683654301,22.89770874688668,67.59309771290441,30.431956126781262,44.671039823050464,28.84576762580899,26.48875831978425,76.84155026626826,62.06405352614881,21.017590033216834,22.206335217720564
2020-05-06,33.50053412603408,78.88135315262163,22.898133918879385,67.69680652709104,30.511159009902222,44.67076774366226,28.848292714848267,26.48138245921958,76.84164404498563,64.49277827026802,21.007370179093844,22.128223871914543
2020-05-07,33.479950968153304,78.86634354846677,23.13318633754495,67.98964061845153,30.801136436392312,44.6121834261147,28.859808460548198,26.837281121019778,77.90247828806835,64.71815729147858,21.38550777659798,22.327348048040683
2020-05-08,33.47778524512109,79.11768985582069,23.365615820977414,68.48951669363159,30.83060916064726,44.612100700345856,28.87338190936396,26.905708190762144,78.2181062199514,65.13026413067855,21.57683437750711,22.450257921637746
2020-05-11,33.44156934612161,79.10393185527924,23.548059077821726,68.48736820712125,30.670825695288173,44.73138360875317,28.86733795644633,30.042900751428093,78.14932630918761,64.87666431850725,25.101431901396047,22.321818226665993
2020-05-12,33.50695163630083,79.10999379114179,23.57930499155693,68.71566228454436,30.673555828557763,44.70633001148764,28.866642338090355,31.495920072056187,78.3495036529517,65.91336070657277,27.637665442822247,22.650555161097852
2020-05-13,33.478323547826506,79.11192235557465,23.50512892841897,68.75929946850133,30.677686481343176,44.72728350051254,28.869397970860856,31.432431100316915,78.50812018957438,66.99801769964142,27.59423359591548,22.710284225987838
2020-05-14,33.44794665302936,79.20621981961175,23.5364239077084,68.91613479185682,30.77920317281832,44.83767043008832,28.879716574016594,31.42865323735804,78.37141731045516,67.51213258036444,27.587711844299346,22.54378361355052
2020-05-15,33.55344313129229,79.27245837509808,23.842864340205338,68.93307989479531,30.80834334884942,44.73741818069089,28.90069312473597,31.724029034195745,78.25289664236233,66.91012793731929,27.815599303603435,22.540933240828647
2020-05-18,33.512927383384636,79.81540517953422,23.812542467264176,69.40402833340755,30.902152909038875,45.29788393930725,28.917459109295464,31.71547512837008,77.84580054585562,68.923345494485,27.80522623836939,22.583630386217475
2020-05-19,33.5660830877586,79.75291697677879,24.098173138883826,69.36807603012628,30.920480510557063,45.2667736053063,28.953467381047897,32.284481300423536,77.7354465514175,68.84138736381632,28.366810854191236,22.48654196369462
2020-05-20,33.55966833886173,79.77342887772355,24.095111133592226,69.31277061109412,30.916529886822453,45.26515934433732,28.940242926784958,32.29065477115945,77.73071890070506,69.12771673025193,28.36704745657823,22.455600570558282
2020-05-21,33.62381860674875,79.94960790399452,24.131483988920028,70.50612226046236,31.14362083401151,45.238930176416744,28.952888589970737,32.393726122823075,77.93195359781065,69.4678034380412,28.516228040417495,22.45937544734154
2020-05-22,33.615767964137966,79.92890015876326,24.869265067681603,70.50668540447573,31.114796310841953,45.23844839083455,28.94663702394634,32.8676379612737,77.93131673236306,67.66269369743058,29.035564680596053,22.218692296656993
2020-05-26,33.75041118633826,80.2580790046522,25.519880221675084,71.15987973469893,31.329534927401276,45.31462827916095,29.01026596043042,33.23164489179757,77.94014793644534,68.02072288947127,29.416642526105356,22.23783983023028
2020-05-27,33.75579826185627,80.46662139989255,25.68761705865811,71.16693933478118,31.318985917027792,45.30944688334717,29.010161225699015,33.37101590559599,78.78110493423551,68.38408036051207,29.7422032770586,22.280412713531113
2020-05-28,33.77178037555457,80.47918508378429,25.8305728985458,71.1458637121982,31.1452644543884,45.25881743432485,29.00459606238664,33.60096863043921,78.82910195524127,69.47339478347659,29.922241774048224,22.80490781511496
2020-05-29,33.54023835863058,79.29209506782877,26.39117538712592,70.3416782016415,31.242844374154053,45.2241453711261,28.90000099734221,33.83638223938535,76.34575659337821,68.92128791637442,30.221881799890653,22.607750309252715
2020-06-01,33.49009877464486,79.22539562014825,26.455255838326448,70.70241971084835,31.242273964850025,45.15755311358215,28.899552150080847,33.94345848955738,76.35302579064319,68.98485035207317,30.313905591263325,22.45311083475769
2020-06-02,33.01513074991369,79.38844778970781,26.291662770576053,71.00967221141991,29.776781404517187,45.3209429588751,28.936613595665516,33.87855949270443,76.08168134787611,68.50582503472151,30.30292099912049,22.42660240834031
2020-06-03,32.56044880999834,79.32710293917935,26.924078086564197,71.66556162337974,29.794644489861376,45.23975231608809,28.869837088031282,35.09257531758252,74.74398694306406,68.16185428405849,30.965946042719928,21.87561897248309
2020-06-04,32.564275180256345,79.33194497087372,27.323472689361594,71.62069985328297,29.25467860337126,45.26282846662173,28.872847209183945,35.628570065422124,74.67772356937576,67.99329967513992,31.496182185090387,21.75890418815525
2020-06-05,32.48814692968025,79.30120611582532,27.4962394633054,71.61583737098732,29.703205770319467,45.25399830580866,28.86310765356546,35.39276230122991,74.27353138276533,68.08762028146478,31.515108758576638,21.595373030385794
2020-06-08,32.31589279971636,79.0116674850465,28.45188602016009,71.45817558284187,29.660994760273983,45.416371665097216,28.892763683719185,36.1287195525924,74.07993206254619,67.80545050939182,32.07548970717377,21.669242304694087
2020-06-09,32.31589279971636,78.57173271353211,28.891490981280437,71.49475335868306,29.714993616416592,45.080033306321816,28.89979288674408,36.144388794074686,73.41410508992918,67.44123739690086,32.59501920202672,21.665213550083244
2020-06-10,31.579058103410144,74.68669705934958,29.05305313049173,69.11682759672506,29.714411669117645,44.978140767560745,28.485184807690068,36.373663640633744,70.2250004804033,66.97316385612339,32.71862691219278,21.635964715290037
2020-06-12,31.57873192246803,73.54990225422917,28.49706517708695,69.3219624952088,29.69892248386521,44.90453908926435,28.483641776758795,35.29211709623544,69.01479484325588,64.76798244072884,32.36513493064668,21.52266505041884
2020-06-15,31.295489949696105,71.92891878782657,28.140117765540868,69.19032165209612,29.63297972607514,44.8764281985139,27.984842978277385,34.63455911291995,68.05962331720801,64.88509211276211,32.26453000363395,21.5226509840888
2020-06-16,31.299709664263816,64.92545318033036,27.98450164909778,68.3423151885492,28.891110446670936,44.87650659381367,24.648234258934938,33.88910550667078,55.94025124035822,65.09369466131679,31.70108406273177,21.014512556583846
2020-06-17,31.300569174347032,58.96793248823725,27.92031225922294,68.3392465507515,27.21255637017795,44.91851378810801,24.13945113692191,34.03945219264331,51.033443753345864,65.09024089800431,31.840698430911374,21.025115369589166
2020-06-18,31.300569174347032,50.800546188692074,27.931737479844138,65.92100666574906,26.86585292863826,44.91851378810801,24.200091732305122,33.797455461349585,46.18897839975706,64.84791791151213,31.7688680121482,19.27922890350477
2020-06-19,31.08172806082606,49.976950100094584,27.583292876066963,65.51087018334563,26.506363646000867,44.076237886431215,24.163501642168313,32.92582310094935,45.97377015609834,64.26576806840451,31.711110474224764,18.366378543820126
2020-06-22,31.135766695500227,45.5437288490196,27.668392507795165,63.407292534876966,25.625891741654584,44.19209086412667,21.848828046742515,32.951107852940595,39.70126741097006,62.55838255294848,31.831282105002934,17.83398745940895
2020-06-23,31.135925747727228,45.44550949578054,27.546861810424943,63.110807086699495,25.649411063606692,44.19209086412667,21.846059141773246,33.005050816498446,39.70907756042899,62.35766594731379,31.715156367691144,16.795446190724185
2020-06-24,31.135925747727228,45.43267613898486,27.057728287931894,62.70718230335082,25.682498296654565,39.38031587408966,21.164046381745596,32.64467392585148,39.62163129477825,62.251937695490135,31.95976235897231,16.77679725058899
2020-06-25,23.946237158025472,43.85141202568704,27.738867556798358,60.774516831968825,23.325646806385926,34.59933524165979,17.408883037006568,33.192058307624286,38.24166532637469,63.92725303152993,32.762948872178995,17.280734699434394
2020-06-26,23.12804572546327,39.96190434596109,27.432922086109933,54.64446895481901,20.210021236128544,28.31931855986439,16.243899612542833,32.98989683830118,36.86487898060392,63.619626679664755,32.56106429534478,17.104744307513737
2020-06-29,23.135620867673488,37.978833613370355,27.7420061988943,51.577218441457994,19.879052966597833,28.31931855986439,14.006024189738547,33.179700098001845,33.2545730341371,69.83086808693899,32.79234711999376,18.14161272596106
2020-06-30,22.761346419563804,37.32169361611887,27.859654912715936,51.835223568730214,19.866847635078887,28.325028068424597,13.387115388435273,33.33750351708589,33.1890854378515,69.91781224429018,32.824451326228086,19.709548661075235
2020-07-01,22.7790877010607,35.411447978867315,27.824473286952667,51.093720946207,19.718967352889173,28.20345632031227,12.881559376488552,33.27733384120034,33.11358644645669,70.56289762207948,32.87320286475646,20.49335729900459
2020-07-02,22.75574652540476,35.343218771218616,27.967065264967744,51.08915901577822,19.73288193398411,28.251945097795968,12.890562387946325,33.17828265513686,33.07963948018329,70.63132336304376,33.2091667707551,20.577531091608336
2020-07-06,20.617848385493836,35.2716720337952,27.930935373466802,51.04966047438625,19.04684150135725,26.219731089301963,12.770438606094025,33.014713113934995,32.859997574412446,71.1596897635026,33.04300632844348,20.703374704399646
2020-07-07,20.136313287213163,34.9318512253054,28.044992905137427,50.21131110821276,19.063454419787384,26.270352777610583,12.618206250274985,33.041725629454746,32.87713943478732,70.93749442685852,33.075880412999005,20.403400482254053
2020-07-08,20.133933632268118,35.01865299419432,28.04478269534854,50.56036921246228,18.223094197763608,26.458125350095163,12.641334736565742,32.97879828311497,32.89665161788452,71.02982662473937,33.04563478163283,20.46041396073713
2020-07-09,20.135900307980574,34.212596913847065,27.985142425172054,50.16823322991998,18.338584284869505,26.01350377150921,12.65147294049926,32.967171713371656,32.10604345200927,70.7560963088816,33.07607008833968,20.43634342475893
2020-07-10,20.296075144036255,32.02642425199014,27.883431378450457,48.4885227826831,17.629721776242118,25.53897893751673,12.305046224610857,32.885243152327135,32.06271159977662,69.5461531597923,32.890302044136895,21.30460444228999
2020-07-13,20.271976261536086,31.832279469851553,27.763526509130543,46.28633077249614,17.584494767049552,24.423619751701473,12.26848832867926,32.714020765956434,32.08126518231828,68.54842768022323,32.803382879569156,21.552244116564285
2020-07-14,20.294517321637805,31.530944469659737,28.01584815136911,46.35687872638411,17.586271901017263,24.439501298583824,12.075307810093957,32.72234184230587,32.583962780860716,68.13479412088962,32.81770901036711,21.534318480829622
2020-07-15,20.23151254983918,31.42209272453832,27.62124288181136,46.24925345100145,15.473584331417836,22.794389026141076,11.921057655106804,32.44660657360253,32.296643952522295,67.97459619445083,32.61061954976731,22.11276138273665
2020-07-16,20.186555011271786,31.517788984676663,27.596522653369497,46.30046128355531,15.52548079151624,22.823781332736267,11.81481389691915,32.44779217532262,32.06402945311138,68.26876778499545,32.59863355224934,22.251547168823556
2020-07-17,20.218996461920373,31.7567398152175,27.691099572281626,46.009043682419986,15.503878720404185,22.822064514082527,11.754212787372794,32.16922852220349,31.336034807542223,67.69168417427794,32.444841179963504,22.051899588596882
2020-07-20,20.157923241595512,31.722155413370146,27.450497111602246,45.77043091577214,15.115459982669865,22.975770064546307,11.749486609480483,32.24586762656597,31.121491742727663,68.00716556073795,32.463634023391066,21.837533557354167
2020-07-21,20.157923241595512,31.54818722093281,27.487464755060348,45.25735695180283,15.330244389193256,22.998868657771272,11.453048081905731,32.29712841189428,31.08477343463299,67.24627438462228,32.4244984326799,22.108114150834915
2020-07-22,20.157923241595512,31.489551746466926,27.887374802768566,45.35192374442012,14.965026828918566,23.075993591478767,11.476642470761623,32.721292203015125,30.98031761435152,66.78175189485223,32.978458740248904,22.246805416912505
2020-07-23,18.719118977018724,31.80351169874427,27.90262801761201,45.47462309024962,15.108098130041759,23.09569530638229,10.453986510699927,32.8274202161084,30.667449518993177,65.02580268547186,33.0392441417818,21.650883345810847
2020-07-24,18.706408720181386,31.663304747179517,27.87822840295923,45.456464922220455,14.84016405506483,20.375872781516318,10.12504605657512,32.96602441953853,30.57957120539969,65.0597506017077,33.088307789291356,21.596180808098943
2020-07-27,18.448374027463235,31.650798124584327,27.601926459413427,45.59478688677854,15.190495731229477,20.389923186071005,9.957849665385652,32.63800174784941,30.836002584596695,64.30274919360394,32.64723299673434,21.589291502702373
2020-07-28,12.031256543346512,29.39827999299106,27.570932462913067,41.691249183032355,15.151495676661844,20.394096236639076,6.795511302100062,32.549334545199,30.5427898506752,64.27137990038857,32.67360518864042,21.7014833981593
2020-07-29,12.007012620506803,28.69385731488272,27.421006756325266,41.46948117232424,15.055919828683479,16.70046646994658,7.527265822519641,32.50003632947031,29.956347097043245,64.01154929087495,32.63844948056152,20.868316524856066
2020-07-30,10.217161451938642,27.823183553984677,27.377568374432826,39.17044771280904,15.127124451140283,16.69831725902446,7.681116735631299,32.337085582593836,30.04526553698335,64.00912623905745,32.500602686689966,20.776961777727585
2020-07-31,9.695978462975544,27.928128987527863,26.835456959376046,39.37934562588089,15.167416130189586,15.423785162363279,7.703728109964992,32.03642861447857,29.84711117322713,63.56149681863623,32.062744113472135,20.75182714776643
2020-08-03,9.44329515552461,26.923679515228415,26.30776606954192,38.19990600364914,14.915684266756566,15.445992663133987,7.525230670817484,31.53735087430951,29.489403314957897,71.40846502979124,31.639706199515068,20.26960478937785
2020-08-04,9.457296499735522,26.80746366056916,25.657111904673364,38.287865553507956,15.073500096471495,14.762475166142004,7.6091044004383965,31.358397148619744,29.40214470163832,71.78007472950206,31.404301397335754,21.106663400363736
2020-08-05,9.457296499735522,26.87952643099151,25.642077126591655,38.173472380882394,15.250975134897212,14.487627887383539,7.743558080930277,31.229508175638948,30.73082207684223,70.42859299088076,31.32657849022582,21.132893066761444
2020-08-06,9.575796858757316,26.86604348574483,25.65929145033925,37.81111715960919,15.021042960631117,14.833221946214426,7.746259670404042,31.170487214002986,30.712936411234487,68.05410192557535,31.29173160071047,21.117955355381653
2020-08-07,9.53334806811231,26.90912036007286,25.37868373081089,37.158578601972,15.223337309133331,14.833221946214426,7.629244256768374,30.719440269987363,28.48630652043209,68.08769070581579,30.9178283431704,21.05418745358855
2020-08-10,9.763866443335976,26.459427529384033,25.051911033819536,36.65954179946812,15.128837815417043,14.852211713780223,7.763948675778264,30.68634891338234,27.962663157987578,68.09984043290265,30.917861045654472,21.043897598255114
2020-08-11,9.937469294169595,26.334342108278058,24.820224967326656,36.58792274934256,17.79854131513285,14.453178440031694,7.891534946653043,27.984968733157533,28.445837220533942,68.10558392638728,28.505652845206402,21.054352498770818
2020-08-12,9.673884087194242,26.057996549921945,24.999587203581036,35.459442006131695,17.78739519779995,14.792966234734006,7.882469072212743,26.237201256144743,27.855639573511738,66.99573316915487,25.813521446724195,20.876627402146113
2020-08-13,9.68816500408442,26.38354513828695,24.99728917539499,35.77924760954729,17.869125513037783,14.572161740346786,8.022246716528993,26.07465593823044,27.885266226699084,65.70774904447761,25.78531998189212,21.87776834497273
2020-08-14,9.636425741446992,26.28372134952469,25.084380917911574,35.73439007234282,17.866390041752584,14.068889373263326,8.071449153054605,26.193129136314177,28.23042892096334,67.01684029753521,25.88360765473639,21.884081372843074
2020-08-17,9.494459073893239,26.111835348016715,25.03024053111807,36.27073073554067,18.39933372991083,14.280763065547958,8.333345419958544,26.180912677506186,28.019285764168185,66.84879197033976,25.869905596157537,22.224076101872605
2020-08-18,9.93477248662319,24.722943495693876,25.259529352876793,35.455141717932584,18.19386442932926,13.029440239100772,8.533130166154196,26.4895682096754,28.432352906770085,65.24459616534986,26.036919764579412,22.35353386000557
2020-08-19,9.789861736321615,24.811366518031548,25.093270488595603,35.19596055110551,18.722712299646144,13.035630231156436,8.44240883375744,26.0232652151139,28.39883898914486,65.10931333530151,25.67666988095796,22.390087700819468
2020-08-20,9.786516515682669,24.81643432404593,25.09705440420239,35.19853683956113,18.945553596015323,13.410847950034558,8.45884548203371,26.07805599518884,28.4359091479857,65.06953291014128,25.87194854707848,22.36306462960279
2020-08-21,9.564047776322878,24.52920302478544,25.05600756637852,33.46711534282599,18.55695285645331,13.914309347310011,8.400597540669194,26.030423620298098,28.078706816832604,64.94165817607966,25.778440934893137,22.378988143033634
2020-08-24,9.537628771188258,24.493218430884895,24.40938676613409,33.48353798127301,18.544675308938363,13.902565010241453,8.40462342853027,25.60847342268065,28.12778508102271,65.05591000784153,25.41009728786321,22.552842095004532
2020-08-25,9.191098623501498,23.62167362842632,23.847152970003165,32.17010950517069,18.258037073431627,13.746029540977164,8.290432004367078,25.27397090911179,28.443904801580583,64.86384428520255,25.088090071888846,23.157456748225684
2020-08-26,9.249383233004496,23.37058876125536,23.943915121894484,32.48413599456162,18.447391849775943,13.949004678966606,8.333639805591112,25.439613918141944,26.663156971575585,64.29903937675944,25.09217140190904,23.149102518223497
2020-08-27,9.226891170846264,23.208828323650657,24.04392690097465,32.51464372769514,18.600736741133737,14.370998712937716,8.342351742517403,25.582719532567584,26.61602557536244,63.901638189726064,25.170459930985313,22.853543650693112
2020-08-28,9.220669466216405,23.364494713709078,23.428045583791963,32.41138722837425,18.901267113187963,14.924362459429338,8.294661651843843,25.260537092105462,26.614047927060742,64.07216143894642,24.750858814207515,22.833014300954314
2020-08-31,9.252871990412325,23.93299121554837,23.928589062746042,32.616507577384205,18.899069464320263,14.926706881781737,8.276097872315564,25.529429175634448,27.216343160123696,63.44925389488044,25.46703569545492,22.79579454423911
2020-09-01,9.108784665098137,23.957475512770003,24.24235952282907,32.148327423234406,18.808239457220036,14.667045093355826,8.207536643756463,25.650881895040794,27.66327877796152,64.11143898887227,25.709361219404226,22.79512013669228
2020-09-02,8.979317033730071,23.733922348141782,23.92909299450711,30.85774537247474,18.860279038221957,14.589890017154897,8.192884575352782,24.35991806272455,27.68862914119603,64.15768043927936,25.152197512490392,22.791590097503207
2020-09-03,8.97872798748117,23.818948963855167,23.742586943181987,30.755627369279388,18.77626437427665,14.4723288513244,8.17635417526012,23.833324330502613,28.739992320706314,64.1581688372776,24.654544213553244,22.838423143182887
2020-09-04,8.975890302290233,23.767813185791617,23.557302107739716,30.81153960209803,17.993196618761413,14.473996525342066,8.170283923292473,23.834599572942285,28.64483967536764,64.28137297358955,24.65068160117595,22.85178978276125
2020-09-08,9.128746020780069,23.160364769818656,22.32723345793015,29.333139524099767,17.863420265374426,14.037406310112466,8.179870195611795,22.665723462248277,28.582495312212085,66.2114759001563,23.807102945539814,22.899727611614935
2020-09-09,9.153001627833547,23.22440278851384,21.618408444815625,29.278233286410543,17.816094474651184,14.097344120661798,8.143977993118595,22.49810784186021,28.74042485261811,66.11589649106489,23.15670239336812,22.564273301737806
2020-09-10,9.100639937826402,23.401500700139895,21.439217362139956,29.22289376861042,17.81514114253729,14.043153970077807,8.20144904071252,22.322475810031335,28.61840138929358,66.60223566408312,23.08817474043556,22.87584121872768
2020-09-11,9.103430857946162,23.06269962543507,21.35255250463192,28.83144217337505,17.877284128251635,14.033954658947856,8.209333879922703,21.81481012749212,27.40063621764183,66.52250660370342,22.906734486643682,23.145518186582873
2020-09-14,9.062007431614038,23.401797701105043,21.250941781063194,28.87346264238193,17.85851515881106,14.252167793398623,8.191049390604457,21.748228487191426,27.281433328888383,66.04541092318486,22.74543538710488,23.558112783362052
2020-09-15,9.068375571900798,23.30677959521532,20.65100811188566,28.92109625014206,17.845882153841487,14.283524171686986,8.216887147303316,21.451727272349366,27.370336668288008,65.6464128830801,22.46328426796763,23.973454312802183
2020-09-16,9.11571280984604,22.973336790185282,20.558923970017506,28.457220654576794,17.84002308469572,14.168091787813037,8.207359197541193,21.17509728092998,27.659890014541684,66.29505286502584,22.193939859075748,24.131564251586944
2020-09-17,9.115677822942132,22.951715406507343,20.651435169503838,28.58436227376135,17.988246904438615,14.251006809584862,8.041341032430955,21.192220905483783,27.928333358558678,69.55178548698669,22.235188492766937,24.17715071312097
2020-09-18,10.253246486078648,23.25915856899717,20.051497062847375,28.68336968441972,17.88837247907535,14.963479446422676,8.46932249056679,20.49036658131655,28.01171432263518,69.48975936019241,21.471448668256212,24.20806337543639
2020-09-21,10.155529273888,23.318097819855534,20.52001204335403,28.769816782149515,18.714088965564496,15.111712987478837,8.503755890196894,21.27704693375183,28.254633491152443,72.77199034750166,22.110977829184446,24.55337678744745
2020-09-22,10.223013377806131,23.275238016686874,20.517856619807013,28.7691467678807,18.659966440567246,15.111712987478837,8.500480505456112,21.135854037639472,28.29279224253476,72.67492183287904,22.00451140741668,24.444118878473493
2020-09-23,10.222826737366239,23.180506250560548,20.226519953968094,28.592577902067518,19.1305283672878,15.538829631752304,8.368538612888537,20.917279467486924,28.271561488126594,78.84881348552787,21.720738410147852,24.4421339952471
2020-09-24,10.253275547573711,23.049252251834766,19.534745808564104,28.734371306143824,19.134202041720613,15.542985809864138,8.315915676434532,20.296923634601495,28.27523526745001,77.91825571704804,20.850302542990953,24.176755456970174
2020-09-25,10.214783209372865,22.574613718248063,19.77235280826418,28.297022039322172,19.153749129885966,15.722786498610597,8.313998953991728,20.579692580472646,28.191954419159476,78.72608520666647,21.085644627103616,24.173857215102394
2020-09-28,10.196571017579013,22.728473341115432,19.2885154712834,27.800413677014603,19.209346106039675,16.137893011420804,8.496843947791003,20.1414137619991,28.269088060850073,73.83094309629415,20.686109794539608,23.555646106946842
2020-09-29,10.470199207126576,22.899419388225134,19.545557022052297,27.901420761850815,19.23508156758529,16.16869527659573,8.433605869511398,20.10201752262672,28.358343567862164,85.33584604196771,20.758840819122288,22.460138157102705
2020-09-30,10.470199207126576,22.94751195404894,19.471983874060754,27.622149989584504,19.103581692039985,16.155147143592057,8.411057355656553,20.13554593316484,28.393782983089743,84.76047959836058,20.68870553655143,23.05717716449742
2020-10-01,10.520047301636682,23.009594066191667,18.766997384628564,27.573440794131145,19.182689668483142,16.065140008083294,8.380857396737412,19.644935651780475,28.39401589675527,84.55719393779832,19.960542044383597,22.82486992669463
2020-10-02,10.303679756995173,22.387578437342196,18.800525487545684,26.509978483533832,19.211219955573146,15.974774528941154,8.349801307278165,19.643799610304296,28.364473610875617,84.40598151667358,19.98245515016622,22.817623165380006
2020-10-05,10.514326143281648,22.832882691254273,18.656582389349698,26.38443238981536,19.17895814036412,15.840908886730057,8.324698353771435,19.600819755009873,28.838095547152516,85.37428732779824,19.968417729826196,22.79093118009254
2020-10-06,10.509198388658039,22.403420484249878,18.8775716135035,25.264288913504256,19.198374976781967,15.595294144239652,8.277602759572764,20.082107439530354,28.82767938750717,85.53233798269952,20.35398339359438,22.883925959840656
2020-10-07,10.814683741888832,22.173751945660904,18.87657170240621,25.217545399805246,19.203127779058995,15.61268709438504,8.275045398151848,20.070165913274117,29.098571733911772,85.46976522567832,20.30967371544493,22.898862690212283
2020-10-08,11.05559031527615,22.473322290043658,18.84991520241817,26.773622674737208,19.204645626645437,15.04868986262798,8.209903403294101,20.069496380694492,29.10977598743757,85.45743156187147,20.311872408489283,21.978050706309933
2020-10-09,11.050455289319563,22.336719319150443,18.843528029304967,26.757852830797873,19.415059090111864,15.164857347290969,8.634027938897432,20.084142332620637,29.297739474871637,85.28426860013023,20.313211721930347,21.85620297939639
2020-10-13,11.028814638126093,22.161555129919815,18.548998956860267,26.534912826500307,19.714779912222,15.219635334947698,8.654687697730619,20.040814959500295,28.72798257225834,85.5329639241378,20.303360285456748,21.99309222102172
2020-10-14,11.104954377967273,22.031670723739786,18.5441600311227,26.50549341939786,19.75150798201636,15.156104979396742,8.721481194299969,20.01653777665177,28.78588883141491,87.21582122685174,20.296271204487123,21.347585828601588
2020-10-15,11.359562979887855,21.906601023096464,18.554393367059948,26.46373316706157,19.686859992490724,15.131254540269099,8.992248246673629,20.050117323113668,28.948244620069914,87.31514102854675,20.306417055082413,21.48520087803342
2020-10-16,11.472783465686351,21.388732104280628,18.42143045177104,26.352113118825837,19.671631273415247,15.256897836504727,8.987740380065585,19.92494297671982,29.11438682015797,87.30413128086533,20.257439826800606,21.51362972361443
2020-10-19,11.499334340175286,21.176975519425547,18.289459240635146,26.23370864267495,19.66457724937456,15.18422846164061,8.954145755923673,19.815335184092078,29.10260982310755,86.61594629794025,20.1954173576378,21.2437900215361
2020-10-20,11.507621334493384,21.52460899819052,18.213253983590068,27.176859423852633,19.46739607145744,15.241069987085437,8.940715901947442,19.707233967542145,28.861903980455267,86.83169448585349,20.122225390345793,20.866393260697254
2020-10-21,11.507976795279836,21.524388042615396,17.53970275221134,27.15099177261712,19.385667304677753,15.265234211784847,8.946647530573822,18.922186051621754,28.804626249223393,86.99430520290701,19.144947866569424,20.819617161324974
2020-10-22,11.506830119779393,21.442090174910007,17.444401251807907,27.427474941941494,19.373695335023736,15.454548945995498,8.961149222824984,18.728452741003505,28.83123677282659,86.42604646925533,19.006244849456994,20.8191482140466
2020-10-23,11.506988106402035,21.477437363088743,17.09268145821213,27.49715701846771,19.355322482667077,15.29010415549841,8.964029479682797,18.367637298555014,28.837982456529172,86.53177814092756,18.725069961324984,20.74464441155783
2020-10-26,11.29626533251117,21.14291039136445,17.08201218027032,26.624786374220434,19.020393601604244,15.282855912487337,8.930743689341845,18.28283554982148,28.852492642077106,85.94121653386783,18.730568709319588,20.740778686826516
2020-10-27,11.30204318809606,21.34986206658706,17.015487207136356,26.975477832862115,18.97593031423157,15.306522462429797,8.94273814606266,18.131537172754914,28.824279494995636,85.78559894082673,18.371216440530247,20.432377246696383
2020-10-28,11.308410122846448,22.76171633599335,17.12313348731735,27.89875139230798,19.246123975385775,15.253548433547126,8.132551713797817,18.399955789833133,29.925472120464054,85.75212753668117,18.559368306819596,21.580947049241527
2020-10-29,11.126395461434754,22.941838100316005,17.07126867220282,27.81227774295308,19.245219567047993,15.28030482448948,7.702508609953046,18.455065752659923,30.032491179365877,87.60259631793525,18.58702060770639,21.69270229824783
2020-10-30,11.080006238036765,23.201618530436914,17.06628030702508,28.178814998016804,19.16430241594745,15.309645271853983,7.6416032698267,18.45632277824743,30.05795212694304,87.43262529931195,18.57963043666399,21.69773225520961
2020-11-03,11.16073888469133,23.643666724360887,17.20577969203468,28.423200929805237,19.46641680432463,15.507975902245445,7.643230437580437,18.564060336255952,31.232235523014317,83.7108383497017,18.510534598541692,21.70264352855501
2020-11-04,11.241698205484353,23.82598542388935,16.948679684745798,28.44134364324711,19.153244928483982,15.88135653041643,7.53048676822188,18.319041330043337,31.572903098811896,83.41053988165933,18.18277449712553,20.68245735299701
2020-11-05,11.242364129990198,24.40162144243317,17.391785917601933,29.005100727269028,19.686414460518044,15.879502814545852,7.4776308293496045,18.60308669758241,30.119026930919418,83.79505946014375,18.462774514994518,20.69169347929336
2020-11-06,11.229350677861893,24.264609570266014,17.772060729097554,28.693665725550787,19.57849235858922,15.631579892973782,7.47658086238655,18.954731742840202,30.117200171892943,83.86133712519094,19.170018208319465,20.787176356416616
2020-11-09,11.489796402908285,24.58927862269618,18.389772262977537,30.1276616735554,21.56846602839994,15.637327804739645,7.753238471330234,19.685369339465822,30.173027384548245,83.72804864642083,20.022694132102735,20.551792851351234
2020-11-10,11.408263615117747,24.72906802528593,18.21988508374967,30.692214009250833,21.666394702057676,15.665678579920172,7.691630033213989,19.581381597652197,30.245454383819876,83.42358249983208,19.63706994478863,21.601608851826576
2020-11-11,11.310995346892895,24.61203332294131,18.230436179870264,30.65102406086328,19.770115707314325,15.758231900233053,7.715020253741681,19.551945771685503,29.878159754071465,83.533551164966,19.60131748017486,21.917672024461876
2020-11-12,11.199145914524266,24.978942125855415,17.910313037545894,31.296882995069975,19.815824696000032,15.500570796251898,7.648567754693729,19.01354392048517,29.582180729557688,83.6249046839897,19.273154594774148,22.515061592218558
2020-11-13,11.183691260604366,25.128616116591555,17.89299858541315,31.064298166727568,19.731480811833872,15.61716180732558,7.556646092169757,19.197223541142108,29.672078436991733,83.61113575146129,19.325412212193104,21.680529688962988
2020-11-16,11.178494905659328,25.27170885562407,17.771503850395547,32.25554944381132,19.637113817525464,15.593192974258033,7.458172270864695,18.990922301661804,29.236103502921416,84.89169053551389,19.153799308911797,21.739412122196367
2020-11-17,11.082879375248062,25.045320767178204,17.65939435232206,31.80051989332313,18.962667371527047,15.585988109905427,7.173996520052234,18.856250695390408,29.193092311975427,84.87093074910014,19.11764115927483,21.52695832304164
2020-11-18,10.56633588092655,24.77875701787481,17.51295112384782,31.684274918411838,18.91867183709348,15.529209000835628,6.841620868778381,18.529210650051652,28.670594824271312,84.65965062894702,19.10559920359412,21.355885653612024
2020-11-19,10.5614547019226,24.704744351385944,17.552262102568097,31.601525234882622,18.54201071004429,15.535520964046071,6.825797863470169,18.626786767496352,28.69359055066693,85.1891744492374,19.096184880593327,21.388059469366773
2020-11-23,10.600682315536842,24.70271565129365,17.495918105383844,31.596913090214997,18.536985763193183,15.28198473503514,6.832499686001324,18.557485083936896,29.09673209528315,85.35950063560172,18.79894773427696,21.380003080510452
2020-11-24,10.574026518192445,25.087539967952218,17.621577358560785,32.26005121535442,18.851922556627652,14.735393788655848,6.781342785550433,18.573220868953975,29.083967584134097,85.12388101623256,18.95330257377021,21.40497624131763
2020-11-25,10.572864882097042,25.04451927082591,17.654115928317836,32.220704201836874,18.847236978829343,14.765812882136714,6.800882519017591,18.62504161698178,28.982092676805287,85.38062396939426,18.961229323686165,21.593324921760075
2020-11-27,10.777663421831377,25.04631160297654,17.68400878154603,32.30732644306784,18.950217165938902,15.423796309030424,6.984673468126032,18.634409019695585,29.622731207216518,85.45344193942718,19.00258329189549,21.156171112004166
2020-11-30,10.672893506184673,24.961055663861814,17.49264731390819,32.17103800706702,18.66845842208172,15.342199793007758,6.957854319852864,18.138334227075436,29.62236483800619,85.42426716565168,18.663787434435694,21.41584707804012
2020-12-01,10.774576199817288,25.256748920318966,17.10271920733073,32.71161711144464,19.140869031820813,14.995632968982363,7.030571679816065,17.543532428538093,30.19078558692463,84.95723012245921,18.28191867242349,21.575522618541868
2020-12-02,10.798452577091748,25.101767301456956,17.202209819477456,32.72608089771599,18.612479742738966,14.981207425616041,7.130164158139671,17.953308369809882,30.434128566373005,85.10752765626314,18.812281561481356,21.61995134301947
2020-12-03,11.082559174784489,24.423617582795078,16.48135415820762,31.978997676645744,18.66075952319901,15.28487360169804,7.4460081656263295,17.415890416509498,30.763014005486834,87.41270056607668,17.727860321513567,21.62979986738795
2020-12-04,11.087195575529877,23.947672839077004,15.966367383499142,31.534010846725458,18.659138115158076,15.11609170232982,7.68281682052909,17.193316565246853,30.611983872605403,87.18945537372184,17.45307129344923,21.87028828340948
2020-12-07,11.086277173831936,23.93891476800701,15.566110817912287,31.537133539927936,18.608255272539203,15.216601058437268,7.702708501797933,16.909289665936214,30.584129742022938,88.1577680548791,17.14607355758774,21.874343887363143
2020-12-08,11.084933822600759,23.780155258111204,15.373338254999409,31.54885756490109,18.628885146088013,15.222204728017669,7.715494912360821,16.77629574727527,29.475777675986613,88.16110121310368,17.146716850633847,21.645413553203735
2020-12-09,11.120395549349269,23.8426783751517,15.264967965792883,31.523148095790347,19.008749511460664,15.21927496484581,7.708542384165587,16.724339279487225,29.542482228855665,87.86203346397666,17.08641187246899,21.696732775834946
2020-12-10,11.011569704759843,23.945405243905334,15.333934752453555,31.672608503213972,18.976946981447274,15.3529533554979,7.686162433078037,16.814734545124757,29.716000492647076,87.03457815245574,17.204173131211537,21.689630262938685
2020-12-11,11.113189548329244,23.85594152087295,15.923552635537128,31.663329123956757,18.945424103313485,15.301643776620555,7.661808700452122,17.4060060308129,29.575268477476836,87.07029151031385,17.901280600140627,21.696177684361526
2020-12-14,11.040752479756724,23.204972927928395,15.917578002515798,31.136124935439764,18.937890504017215,15.319943738270542,7.62369000545492,17.377515549374976,29.12722480041522,86.97747176760538,17.899123183883173,21.600245390192125
2020-12-15,11.035916007381841,23.241938962020072,16.13174118878605,31.001086778563042,19.07769958671627,15.604272173083933,7.755650287929626,17.497801364621633,29.252065905313156,86.8086427140462,18.031220385842538,21.359458882850273
2020-12-16,11.118770630021118,23.06665626545892,16.182127255392714,31.01067487410721,19.00704571375826,15.417338090839404,7.7457636715572615,17.51336364142878,29.31435084244245,86.76969018082465,18.085970455713316,20.848369266315792
2020-12-17,11.097060554035568,23.0596040818532,16.129898542130025,30.83329941552226,19.32169834440252,15.423041001880916,7.8103527101043655,17.493225730442852,28.905985796707185,86.7674599610512,18.008294857583362,20.50498138565077
2020-12-18,11.049888038134213,23.050858398160575,16.129489636007616,30.84626872236431,19.31513630023249,15.42231609512483,7.814129331067954,17.470193601438297,28.64577372883325,86.4146335630102,18.02913340826804,20.414852880229784
2020-12-21,11.085066065788748,23.48217825251087,16.073398112231473,30.966886724118105,19.22271069478186,15.35707547886699,7.810200787942563,17.50785053126355,28.598047356060828,83.82228791702498,18.070959898984675,20.3785381830588
2020-12-22,9.966205229437104,23.13738211728658,16.058996226784316,30.80075548089128,19.214464755749734,14.618127234549064,7.275018630069913,17.505411554541364,28.517885497326738,83.9344234763209,18.087739919265807,20.37050280151522
2020-12-23,9.918158882226734,22.96064187155055,15.06764199876579,30.706491392028884,18.528561605126946,13.980111206652213,7.248584077440564,16.38122105385942,27.829862324931938,82.08876642348261,17.15554909374403,19.718682353180625
2020-12-28,10.059217305465129,23.023101420484085,15.16375027798134,30.77080990179916,18.529253168291767,14.030371850877518,7.251447561490619,16.393093239406646,27.78016261050688,85.69166975542518,17.29692032287363,20.00676352445331
2020-12-29,10.419612680171563,22.738669562725125,15.285795236247402,30.675291313947888,18.06687261659868,13.564677107993687,7.316184280524515,16.50219712770528,27.82910276144434,80.9421099908605,17.199117338956647,20.272194962992117
2020-12-30,10.376972250516864,22.70967782053276,14.878528841577927,30.517171491626303,18.083750345752588,13.936294210043677,7.430023799944349,16.017750924567846,27.814344720704565,80.29731712263141,16.597148419643336,20.161585952777784
2021-01-04,10.4480220309705,22.732535203344227,14.644398370604877,30.75226471547522,18.895306537538207,14.702895762877107,7.774948893857438,15.734171624749635,27.903869867345332,80.60057478923162,16.360141949524987,20.388766956210496
2021-01-05,10.572190225112957,22.06577373892421,15.214756574085305,30.873046544299047,18.848996823612772,14.263245695508017,7.577805658584841,16.455407965377667,27.84068050646959,80.91999152788324,16.75504702274712,20.528853609435163
2021-01-06,10.08287923897945,21.748637732978743,14.560230473937757,30.31767625570565,19.328284402601017,14.205764241452057,7.5603769298618655,15.985500771851612,27.934533583860144,68.28300113411431,16.327271527789843,20.426713789538216
2021-01-07,10.312615694485425,22.27523024448429,14.667575419151483,30.817036961192656,19.32006382521729,14.52770689632551,7.847780908129409,15.93374084964935,30.432906342843836,68.21578606464982,16.35534293638903,19.255904399585415
2021-01-08,10.226490791359687,22.447483061346546,14.838622358597728,30.820159253409408,20.873278299447612,14.548441387256815,7.847658522002609,16.08643059310356,30.440786246421048,68.2624726017597,16.773610315469398,19.222294053268424
2021-01-11,10.490707045824642,22.42808590155837,14.788309395121466,31.18108858960905,20.93574223366388,14.65701988994297,7.886724025740885,16.0517537277335,30.616501693599535,67.9073914151596,16.72321281740527,19.22800800347722
2021-01-12,10.373473080635089,22.0474951019436,14.896632435789808,31.04296226632804,20.89950440142072,14.900162075861518,7.862220376908444,16.152395427438606,30.40767804689705,66.40994592592978,16.908152030460634,21.33699483059267
2021-01-13,10.466822556677759,22.33660569077693,15.609028215454673,31.1428477279937,20.907085647712744,14.923123911449307,7.826661184273499,16.51963766131554,31.14253358363604,66.00068490307014,17.548105816620758,21.328607002406088
2021-01-14,10.267340524252647,22.353224792630474,15.68891634531936,31.014373970987968,20.831363871085717,14.922032449396458,7.802974251917575,16.518083984776958,30.904077518512906,65.85423432183511,17.542011057087905,21.481280117400047
2021-01-15,9.767010775542264,22.710214471042953,16.13951552661648,30.701364782612867,20.9414312466818,14.967127516698392,7.776256923608907,16.930556180662716,31.57931286487364,66.0370705545367,17.90322414671132,21.49345697588135
2021-01-19,9.875129330667951,22.64138684455623,16.36036260679045,30.72324683025201,20.699847590235194,15.029146831107482,7.453134012226983,17.437004391859805,31.39697146536566,66.99266523518628,18.351724568511678,21.477639569474828
2021-01-20,9.894574726258472,22.667338974028283,16.632093847733493,30.833322423031134,20.666865352618263,15.018139373601032,7.4275845215349054,17.52536912477866,31.45184377178468,66.45114583687007,18.368754547000915,21.430360532128507
2021-01-21,9.871636333068922,22.869283949063984,16.869488241321033,31.194393027646232,20.61946006795354,15.074982621537766,7.3876291951150845,17.569239710249292,31.384143886174883,64.75778237985807,18.457668123735164,21.35663312345658
2021-01-22,9.625353964411222,22.944868228762473,17.14251666707649,31.203097063202495,20.64132104658546,15.034667061046372,7.06543113700078,17.667179746769925,31.260787885785195,63.95487226186313,18.587875228424704,23.382677936463626
2021-01-26,9.41888313216932,22.957717218309373,17.591253032257022,31.01145273809583,20.645975663939257,15.033801940418211,7.136918160910614,18.093857678145444,31.248159200074742,66.28203803275592,19.099152182045902,26.214169105382474
2021-01-27,9.341691354416975,23.011663296568695,17.94414872119676,30.88145616720437,20.64245431006098,14.827229341459166,7.1729569818393015,18.445837879874656,32.09496809563881,66.72302456196596,19.470579595223583,26.205790740821577
2021-01-28,9.350858918137297,23.292240058143175,17.979788206516115,30.78622871564865,20.64668800642843,14.734535887006512,7.142238915784051,18.436743687326352,32.1708274116755,66.55183587231089,19.569212819480374,26.2018995862953
2021-01-29,9.448742873277059,24.434976361860354,17.997987120665815,31.35529985187779,20.615528403250323,14.6494660313759,7.162152964681658,18.449174341753764,32.8862943187102,66.49442366394204,19.596510366449156,26.43138315903442
2021-02-01,9.43454512684705,24.621167191932987,18.02575586259184,31.240477880746305,20.536896944747575,14.487877724364795,7.175609130791839,18.363598550969034,32.96336024966331,70.24058977200707,19.617076168863434,26.42985106331007
2021-02-02,9.586945206530721,24.5690214375361,18.125903553454474,31.135464007002195,20.78463316104458,14.71036690386389,7.212083215703849,18.387921372467297,33.231003878091386,70.19880269064487,19.63801126715698,26.614551938466235
2021-02-03,9.485979351681548,24.627632468360886,18.252798295559728,31.14658017986651,20.785912325160307,14.719048924048103,7.216439131342052,18.497900515066117,33.10552149445808,70.21852208369776,19.741905286296287,26.67871846644325
2021-02-04,9.482524555626364,24.40755057347881,18.248829983118284,30.61704441288858,21.277947073989417,14.657967983358075,7.220861417385653,18.501490905312018,33.14984360571064,71.00282906791506,19.742992608415864,26.67140485360357
2021-02-05,9.466523678604775,22.62449566444307,18.1439010535815,29.080088754606635,21.18325909402091,14.660295421947783,7.2378542696326775,18.229537894957744,32.42705674374448,71.16226072444584,19.71523551638911,25.488389513595095
2021-02-08,9.518338766126059,22.604817668412473,18.128904945547056,29.247883757018833,21.292512236352337,14.753546156090689,7.2687946836213175,18.173425209689835,32.30393937448627,68.12427798999362,19.746328411613625,25.75674582165529
2021-02-09,9.555324917055165,21.852307966731644,18.129033476146848,28.29691823464794,21.255576205247696,14.493064953047686,7.255272660901654,18.15042872398763,31.83530236543723,68.09791896548761,19.699038012747533,26.01152817880657
2021-02-10,9.499509648222132,21.699066137524053,18.117653680379018,28.711517103981386,20.98959395608889,14.245615580466763,7.255398342513632,18.19602249835051,30.4707569220215,66.02963890702853,19.681385006056278,27.493167609853042
2021-02-11,9.45017334171428,21.457363646960914,17.926539694543848,28.197792429352496,21.007470440868584,13.97672671789478,7.212781289742287,18.17206605107366,30.02655234151095,66.09114561246973,19.676057495256817,27.50852106941279
2021-02-12,9.484046943647757,20.773551499734374,17.5656351743172,27.766401506572507,20.264118988408203,14.023484560700435,7.225162341578348,17.966280711600906,30.022202866603187,65.79528098911842,19.447337730617274,27.54531281703288
2021-02-17,9.479985630271765,20.785721901368344,17.204975148050035,27.75913129084901,20.943857568445697,14.140848478862747,7.249630724539986,17.816191680964877,30.120660069637413,68.92191854029078,18.83403507802589,27.80314541760498
2021-02-18,9.218106733073276,20.527306473677616,16.50259687996738,26.420334099447153,18.50049628761398,14.190610727468089,7.127587799775618,17.15289280211369,29.92798672076252,69.47010844191749,17.968860302354482,27.868318880076142
2021-02-19,9.252967937749702,20.446670020989394,16.557717109334575,25.790956509050663,18.327357803366695,14.228893570629648,7.176983873994813,16.97605050115216,29.657457338971895,69.22377970534721,17.960217009415707,27.283125180034478
2021-02-22,9.407213336056635,22.71743818312045,16.587295721115815,28.056970925738316,18.62609161094054,14.29754226489334,7.399141617642002,16.99994314377467,29.607359774684127,69.45639940620613,18.007388394677566,27.131109078373456
2021-02-23,9.47225553014045,22.712481656093253,16.939583255738377,28.245013085455817,18.57546534096176,14.355506915054708,7.392370420441195,17.402563945109375,29.56658635225726,69.54567388517722,18.244936537099278,26.606115167926998
2021-02-24,9.5912813305294,22.326842274987545,16.756217982657482,28.289815136123625,18.528073612114195,14.284128010809571,7.490002962879036,17.19769231641969,29.566669586188077,69.55846942506038,18.100414783071137,26.624337996213914
2021-02-25,9.584887807503769,23.03206930801107,16.779253620813463,27.229777438144037,18.66810162062983,14.314583373590587,7.490856503843666,17.353151080053777,31.074030753851208,66.79145824579653,18.15066899495207,26.688308471462975
2021-02-26,9.544417543507496,23.49003608416317,17.284895837640278,27.60272325653616,19.33573775901451,14.19577340460191,7.489901546366781,17.711575914502532,31.121510754731407,66.79208153258669,18.666117794294454,26.67776003756474
2021-03-01,9.778010725574712,23.34173034316304,16.968799762296225,27.5765031261072,19.317943610844075,13.74342378367549,7.4811791046308596,17.656840650231512,31.35971551591002,66.78084012121654,18.513197743852228,26.886992357956537
2021-03-02,9.89051857501825,23.425391611579,16.967066634826708,28.23198694722449,19.342807753228396,13.751156703505831,7.528863814604094,17.582191854160616,31.358915229846314,66.26278727930449,18.52991110852447,27.073582105785793
2021-03-03,9.879128550543047,23.406204422893996,17.037833409449167,28.193745045284814,19.293807849752476,13.882726122092404,7.565904961044839,17.625152574813445,30.96140714365825,65.69615751730089,18.55444401794618,27.453974731710062
2021-03-04,10.78557561812639,23.08139062766312,17.165307089076542,27.411812303604577,19.052598698935146,14.58462730448159,7.997197662590776,17.798598913417646,30.954653700804748,65.74670973689814,18.55503670824541,27.524607451263005
2021-03-05,10.87602777289071,23.53485199447245,17.071549424525564,27.848691608291386,19.050715454047914,14.70715107690678,8.103080282943754,17.615417701003842,31.80941082583401,65.24757590488518,18.437920166953706,27.72500807485581
2021-03-08,10.709897991341144,25.42566476445547,17.018009867191488,29.496349441048196,19.0201778397557,14.149706055340722,7.985152058832778,17.588928512603122,31.095089594341392,65.2023727912835,18.376508109866478,27.67383726150589
2021-03-09,11.272636984501696,25.440324755402806,17.746205054299278,29.421334252148473,19.6108623007407,14.173306270518815,8.292024068292593,18.351957876343516,31.06606508796182,65.14100487612309,19.42317221619416,27.502980712940833
2021-03-10,11.354505628971587,25.239507310568282,17.819607895467364,28.856391965916288,19.104386289004267,14.173289385072938,8.249583702264514,18.446705884442093,31.423541401581712,65.18298109688102,19.61186307969987,27.96240872598087
2021-03-11,11.432167745916475,25.447012052418966,18.119463523375373,28.855098547907915,19.05087036216592,13.585150942425232,8.255830374687644,18.28726327438599,31.354349194257452,64.83152579038929,19.55105758774798,27.993417241963307
2021-03-12,11.203339154653678,25.487629863628452,18.555366001725268,28.947022296027008,18.999146668543666,13.258666425304732,7.999200208344059,19.00570132294908,30.52326220894149,61.91257101935642,20.20265850840807,28.141891321800472
2021-03-15,11.200553902214,25.42411875426993,18.426823702787576,29.02959141790231,19.042641786161305,13.35930346951359,7.770002935133104,18.957740198421327,30.192010315361905,62.35828429854514,20.084822864835182,27.932611541138435
2021-03-16,11.212055687492981,25.494038684373315,18.492106788502113,29.240121872318465,18.80214549767932,13.268233864812531,7.80968935067545,19.0458380516121,30.445634210176546,61.204891928713636,20.503032153338317,27.94324078186534
2021-03-17,11.218635267680284,25.93589211700128,18.311546056543033,29.75711257096127,18.764653256547334,13.259697360580747,7.803331148596001,18.93704962096239,30.472538292498108,61.27181308784403,20.349483858560745,27.863897378912494
2021-03-18,11.180744993211073,26.106424422427764,18.30792104983196,29.760060231341946,18.41630436423688,13.290402424902947,7.807325439972473,18.980773434117097,30.539110209261622,61.31062276967969,20.418200354694296,28.280929352367707
2021-03-19,11.803352021452804,25.91528531288443,18.39608738931819,29.41519219682263,18.45737485653778,13.223136621364501,7.864740508700055,18.941350399190213,30.894129253299283,60.79303468999502,20.380108583219076,28.41411706700422
2021-03-22,11.663119973323473,26.00946241092077,18.0098765786737,29.414980802156894,18.439945984147595,13.437527063283323,7.959556470555502,18.244273122226506,31.027402082152157,60.83232709003797,19.67009194130378,28.684861157047177
2021-03-23,11.713853675727254,26.11404299361084,18.01005117161035,29.487410882454597,18.459626337753352,13.434052442828762,7.929173238890582,18.15822505755292,31.40378974150958,60.701102736902016,19.62675722194293,28.499043992175405
2021-03-24,11.83756740416633,26.058118180331846,17.877351660649772,29.583191407229116,18.283685797677474,13.091800382006546,7.837882856588879,18.076922546737485,31.218162483292083,60.707278686091,19.54039312757153,28.445706870298576
2021-03-25,11.720159929709432,25.990326276982728,18.061182600601068,29.45974662264436,18.28721702274747,13.113302445893485,7.84153232858252,18.29884586676858,31.144671861967677,60.85036476865423,19.73672409636858,28.6356669782129
2021-03-26,11.77644302376293,26.094561872145743,18.053510548649015,29.431288966165646,17.958870552556665,13.083106574585077,7.758114274314903,18.296502041530008,31.504092377273558,60.779495372664414,19.747904265644493,28.621599879723913
2021-03-29,11.77441415666073,26.097884770263953,18.47176786646728,29.44287442139684,18.076337218651368,13.170411079432236,7.734563638032902,18.44340291214072,31.402205651913857,60.62632833108105,19.973850644849993,28.72443310571838
2021-03-30,11.799491606682187,25.91751763301206,18.420432092844393,29.370753348588156,18.320332789763917,13.301699760801133,7.765574079979093,18.421318624293903,31.215093816432276,60.692715411105745,19.93843891785445,28.931336264627376
2021-03-31,11.803545458135256,25.868496750834474,18.47097821510169,29.305359269768672,18.696673565340873,13.301949523004646,7.755131675912268,18.471505351091043,31.336210889531614,60.44482854178622,19.94925838688449,30.17043119826474
2021-04-01,11.747117842656598,25.911505125381506,19.135168363672854,29.456663099824702,18.744257226166024,13.32031193621534,7.708736973892476,19.328008379950028,31.38674264690715,59.178200873245714,20.597237060325345,30.250791140624877
2021-04-05,11.698756602004448,26.133674260873573,19.370430126608454,29.453949961933297,18.739599924638185,13.356975092980724,7.707967850973987,19.53521033084137,31.668460194576248,55.1483494118371,20.657158463329324,30.20536522580926
2021-04-06,11.271018984534438,26.13123115091006,19.272806739778243,29.456291812223405,18.832248569944454,13.261821272436142,7.617779523802818,19.42250864202283,31.71697797887589,53.56413249031503,20.731957773407643,29.994243863989702
2021-04-07,11.29916485939944,26.119334678603977,19.330326736925603,29.41503943203448,18.7762731329485,12.961406581896709,7.547948661494209,19.4737326444902,31.755091541209516,53.66763306658012,20.842489552439886,29.881897815134444
2021-04-08,11.757697625978857,26.128763027359476,19.301565203035555,29.265232690404737,17.926977476440975,12.105924602526883,7.295908526029652,19.460489367928034,31.64305290658626,52.04393830363073,20.827302940244817,30.362431430380553
2021-04-09,11.697790815240278,26.144530383065085,18.869034829679094,29.197127141655592,17.93081261330328,12.82476710683704,7.341080647601384,18.821211003702157,31.648848501543505,51.17194489598368,20.56280867896475,30.272364596552254
2021-04-12,11.69413667334112,26.227611053975757,19.23237725557771,29.257110336438398,17.414543721669105,13.246560789988681,7.341237021717542,19.1021249817226,31.339997249224094,51.240934897296675,20.913930062238084,30.45145069784047
2021-04-13,11.714410658853598,25.535050052184395,19.2607883927123,28.44049535559724,17.51195172748307,13.010665376323082,7.132798259573682,19.25994028314203,28.623498853765884,51.43900223260345,20.959847457496135,30.62461791946442
2021-04-14,11.702841891677107,25.32121962317264,19.112744780789377,28.41203921561367,15.604518358782304,13.014008772035112,7.127692717139192,19.146160803344262,28.76205220410433,51.39497209779057,20.695235752346193,30.921007585830157
2021-04-15,11.483172897411057,25.124816994397165,19.177331034963665,28.170467714926783,15.92876917235474,13.177572935980633,7.155715601509422,19.268853694475645,28.652656661188075,51.367448578246055,20.835165313445493,30.902780355695082
2021-04-16,11.476170797452372,25.093832054664354,19.150134338837553,28.111555900540687,16.004893662737793,12.840213891718813,7.2003078869613715,19.162518737553174,28.569943662126512,51.39252147359456,20.71343332080939,29.408448882809267
2021-04-19,11.4303224606667,24.88678462833565,18.39084189893829,28.070603668552675,15.982015718849748,12.860634690945233,7.200529934914365,18.41304035625472,27.809360519764958,51.609008168230844,19.786333770267476,29.366339402263637
2021-04-20,11.309094109021272,24.840761358132234,18.318400135701857,27.99978626272061,16.013437157371893,13.021240690689725,7.291826262941445,18.38509894932657,27.95855565442115,51.428398145359274,19.824247035127236,29.524475707263516
2021-04-22,11.515037116554758,24.33033795657639,17.82917494135648,27.45545844832926,15.8719846139103,13.062823534063417,7.387400149948607,17.98349044641841,27.37988765408582,51.18377378771177,19.41206332004065,32.66264249474048
2021-04-23,11.443502093845497,24.414582847881455,18.363974469265983,27.90766731263772,15.830372482673875,12.96417545137809,7.332294269181413,18.087645009329215,27.33864289869466,49.17648396732719,19.62905030338196,32.552682330634745
2021-04-26,11.438903689276271,24.385793510768956,18.24145407176654,27.79674126543817,15.545025901085507,12.978953417838419,7.327768958451962,18.030277464474974,27.400362454129063,49.33668484115584,19.53301522523941,33.186222054552985
2021-04-27,11.41560232176425,24.33070847291426,18.093471609143375,27.517680505928688,15.544829904643795,12.923994586875146,7.27173368163681,18.062765697691834,27.411319682973755,49.45984993344949,19.430174735376895,33.37259887105777
2021-04-28,11.353374772196856,24.42864409246259,17.8438015063049,28.166044659560015,15.524153998776976,12.94316241078234,7.257965551368817,17.910294789040485,27.458325859420675,49.37057404595736,19.316035025961575,32.00913041455743
2021-04-29,11.27372065206778,24.44418335142438,17.709886510234647,28.26640296447276,15.525157717018132,12.798704105725655,7.172382093385904,17.794002830584525,27.291988814126466,46.452621161232905,19.25001921814064,29.97581660149411
2021-04-30,11.378499051612293,24.527837142186794,17.30929216913862,28.268329227014704,15.517172353347622,12.83207858422752,7.145546719455432,17.432890890067394,26.257828886630175,45.84400440642226,18.81063345740148,31.569351145839953
2021-05-03,11.331794062574948,23.953828077909183,17.379873586658054,27.642445936620774,15.762584221342827,12.854831136731374,7.1431059217732855,17.691670126413502,26.731846926941678,45.296162089630556,19.08168175981137,31.71680375039611
2021-05-04,11.405396018962328,23.02223325448402,17.349819357458838,27.578018158155952,15.80988818264981,12.889404446288827,7.125919053782873,17.680923022013562,25.840556641759132,44.57685783917494,19.05950240877211,31.594549892611095
2021-05-05,11.457551448100126,22.81460563028493,17.321012339070318,27.369389731268555,15.765203809157253,12.761421114045493,7.064148973076486,17.679794928297518,25.950634773981047,38.7604110837544,19.041781303659864,31.618984868444606
2021-05-06,11.295640200726131,22.77189908922778,17.520258135998102,27.360004642803858,15.853067083141756,12.419144204605141,6.983909952889079,17.88945102685334,25.644562170737036,38.766182812471165,19.296779235044358,31.443585700015504
2021-05-07,11.379730011594027,22.940287232034613,17.39521337946641,27.51529701085657,15.946739098599771,12.394062335062458,6.974235817989946,17.886209068453507,25.41768722641118,38.58684636323858,19.381928469089345,31.456501459998425
2021-05-10,11.374442157653416,22.912969950109435,17.38772120939444,27.53591445466504,15.216138323334969,12.394569432322488,6.958208796355003,17.884818795681447,25.351225785245052,37.20693695283306,19.425816396865176,32.29480705933321
2021-05-11,11.593812445514981,22.89000757151934,17.33826511706101,27.533693098187307,15.0268618598451,12.5909568590064,6.922198825420815,17.811804153014542,24.800497875883483,36.892589138046326,19.219260992653453,32.31954640013715
2021-05-12,11.794317195717321,23.47223410010107,17.32405619138877,27.87781887576346,14.92132138953387,12.505036261570984,6.89640358637667,17.752310704365712,25.278694968131305,36.8822579883867,19.114151309944504,32.03328443031349
2021-05-13,11.759059741311757,23.516180503746607,17.444921383893593,28.181199640424577,14.917067059851924,12.543788208218507,6.892482157288845,17.82041301300325,25.952494273010874,36.7193526053387,19.381497333450312,33.73369340522583
2021-05-14,11.746066699134587,23.556418100058355,17.371676962284358,27.837364799449798,14.987204803919733,12.555531988021167,6.922945996776329,17.733773276433123,26.539849752040386,36.355078258057475,19.37631817467581,34.19836460650356
2021-05-17,11.857983355267573,23.547609780917917,17.369557900784834,27.83130239222696,15.223955211669853,12.391529545520356,6.918545332333688,17.76218798475481,26.9606857862346,37.53534066227837,19.424469555033916,35.678221960914286
2021-05-18,11.982036150162255,23.545706412258628,17.36456755265386,27.834470276816713,15.217376720813139,12.368598918705514,6.85290096805412,17.756917558978895,26.962085264380143,37.99177892671014,19.412893439205256,35.663406547953585
2021-05-19,12.014486124767373,23.518777691179427,17.37171511234212,27.86720469457998,14.156525443457069,12.348397190326674,6.849549877844659,17.616452589511226,26.95447245993958,31.630131046096153,19.41627629464861,35.36058175764476
2021-05-20,12.164805799885645,23.405733057129353,17.387000586885602,27.841957419398867,14.157140121691244,12.362054214859256,6.69290019320174,17.536859111503016,27.505072586658123,30.593826285497244,19.446858173204276,35.34617787054541
2021-05-21,12.10149471495764,23.365560011579632,17.32381978434871,27.843046648682773,14.176114459806596,12.315962496563408,6.649791574006364,17.497824563497318,27.200335871682864,30.608022874779934,19.459294075072307,35.24867841371532
2021-05-24,11.996669417740152,21.292043022454475,17.436956417704245,25.7326706082456,13.792997116844871,12.052152972107985,6.276636622290548,17.726812741089446,27.21028863494716,29.69524170326632,19.63721164089431,35.19061249306985
2021-05-25,11.959670464251092,20.884638270556348,17.017369825607187,24.919875268785013,13.846858182248855,12.021898854544082,6.31959792542539,17.304609128219628,27.598049894327282,29.319159452309922,19.451259545516717,37.133751424330455
2021-05-26,11.885600352565746,20.90570572701629,17.014197164844962,24.926918855405724,13.806135196912289,11.931014284945633,6.218984194936524,17.274352908465346,27.277720600504573,29.64854605856695,19.441096841323837,37.112349411485525
2021-05-27,12.014316034966466,19.904619216227875,17.06913842802595,24.538237134081946,13.568365694654375,11.929110632032298,6.264340734208853,17.153665526831645,25.860922631084666,29.172164985181976,19.410043562322997,39.06715140969299
2021-05-28,12.016076297578484,19.316566169851914,16.64946006273676,23.991767094473936,12.400037836889668,11.978446181059667,6.245195245162653,17.093189827807645,25.96007396525121,29.210872849682843,19.000947634623984,39.17827211295091
2021-06-01,11.934151368096737,19.63868419426978,16.606064078226606,24.10391595443999,12.364926550420313,11.92622419587169,6.332889204666019,16.898751448240247,25.64686477781625,30.19184219550379,18.816049992069573,40.06551767933828
2021-06-02,11.936114163622175,19.600216616692094,16.765465810657155,23.457060998647425,12.331679636378727,11.971283756508369,6.295112361690745,17.00847079884174,25.659912909167833,29.986657449159342,18.87581632827985,40.132322174535474
2021-06-04,12.104177328865818,19.566898374865524,17.102010317249214,23.730228445799938,12.294582372270144,11.98121560735924,6.407544351716228,17.34872089898614,25.806183697918627,29.94447237766556,18.986836892922064,39.9138532630683
2021-06-07,11.394851680401471,19.473070093495583,16.949371976578327,23.697685562976766,12.11895271321803,11.114481933181088,5.982791228091069,17.214113876695237,25.582505211259555,29.534132698614197,18.93217209522407,39.89212250453178
2021-06-08,11.367388467501478,19.09391058905053,16.945709994973733,23.504096965339727,12.132670046216889,10.919868414952932,5.76393384338081,17.23591280684906,24.485155880846033,29.487006162916014,18.811311869653522,39.56831616792357
2021-06-09,11.366458476939261,16.24846024696244,16.94925056361636,21.081926507449143,11.812207560904993,10.850245000924296,5.830400236043335,17.233222208445163,24.469079612695673,29.30669183711021,18.777892118914558,39.64521589453347
2021-06-10,10.832021252585083,16.07618754100214,16.03001652806826,21.06698139758945,10.997425880649727,10.72059402043299,5.505482527345148,16.25965695595591,24.411958298950605,29.30707760843292,17.495796358660996,39.63955582697383
2021-06-11,10.68734130279716,15.992345572760684,15.973317285296096,20.986735927610543,11.190783855044105,10.734317864861763,5.488781632231579,16.204358772560806,23.45840958659997,30.550543567570994,17.374638577490035,39.51233062512799
2021-06-14,10.51266506985026,15.707616907640656,15.613640719217035,20.930786190869757,11.319199651857858,10.715509925376061,5.367173334037689,15.92039674075213,23.259664455287883,30.56541370443469,17.11134186165921,40.29224890127711
2021-06-15,10.455382739769039,15.595353335084264,15.277869609055477,20.73437397755579,11.376563013450943,10.682187307246254,5.389517697521352,15.418189853731267,23.377204533190103,30.913324156743577,16.61702616565941,40.24246871310858
2021-06-16,10.492289196849088,15.641231616304301,15.277534013509397,20.777419948943322,11.34804163338496,10.582777461943179,5.380462775172269,15.421747923809367,24.13571265505842,29.31424415778145,16.57858703317214,40.24931773996379
2021-06-17,10.492076289574149,15.658901044389632,15.208088513183018,20.352556355638814,14.770374485737802,10.758254307654969,5.319305918726311,15.240954880835563,24.45434940917727,28.80595129721356,15.922347400727771,42.156162667313204
2021-06-18,11.055411803088518,14.99920721930495,15.464581034222814,19.84326905305141,14.780283888518605,11.376230483506069,6.011101820371158,15.227127358601072,24.59214597046746,28.76904323378589,15.981676040132212,42.65336752255761
2021-06-21,11.249836315866409,14.621914472166681,15.702692333592868,19.895323253565106,14.845777864257048,11.488864265184777,6.087803373692239,15.74897455698783,24.85574739092895,28.498944034310362,16.409449091624587,42.388505379955895
2021-06-22,10.581840172615298,14.529171164537418,15.727237222773905,19.618636528944812,14.829970404312013,11.410828827337387,5.966217087565952,16.072348577451628,24.331936616634355,28.480046358577972,16.66760553614711,42.24572741130345
2021-06-23,10.576086465759689,14.335887400024758,15.601991068375312,19.57806976674222,14.833754892192935,11.185549799497608,5.831999121695965,16.12976209847778,24.239564025374285,28.585954614498498,16.65443649779508,42.08017777429371
2021-06-24,10.547513803432679,14.085149431890128,15.544608662745837,19.508030525277935,14.770209369514173,11.245734288454438,5.8922228829942265,16.099380460761306,23.846638679118726,28.10219699826825,16.649855415449537,42.26815112785584
2021-06-25,10.372344208334644,14.305318681799372,15.632512595479831,19.71653465948155,14.74496034556298,11.135844886438772,5.800127664031626,16.109264947262442,23.790599652205504,28.323993030114924,16.722446658560866,42.65536757481599
2021-06-28,10.376881541288729,14.170516485058243,15.214329298479878,19.443301219829536,14.710989175584777,11.107606429152247,5.802530649071393,15.718253352387698,23.795636317927155,28.764123451506862,16.241622324997614,44.126194162864024
2021-06-29,10.324542194629133,14.018302710685113,15.251837839840935,19.431480726249887,14.825156341408416,11.072411236661454,5.776666738390021,15.75246081636648,23.2559239530732,28.685756145625618,16.19641277231877,44.373000578930316
2021-06-30,10.385371359564163,14.043225006977503,14.591051127452593,19.476714636209746,14.647861344529387,11.017630918137652,5.777881745533121,15.560423952061479,23.239031420134275,28.663153065241637,15.743918604734136,44.74954960370139
2021-07-01,10.360391012270453,14.023029967881689,14.567704762522213,19.467145021024443,14.237979723575092,10.95528108723627,5.805422053953816,15.4976092041471,23.240061831820782,28.6133748850724,15.710271330034445,44.60471883543475
2021-07-02,10.451464863679506,14.239422231252497,14.946017825060554,19.433335033354577,13.833406442644392,10.972277594691757,5.8186338928449555,15.722485898330884,23.17983688613565,28.540528261530717,16.100661287223645,44.3788508444095
2021-07-06,10.434587761523993,14.52336421747534,14.452067018530435,19.132442451853812,13.810125390406567,11.028571392471527,5.822397117085842,15.179083180767666,23.17594299792417,28.870758654202362,15.591246321041563,46.076714059057885
2021-07-07,10.37450001942046,14.246660188145258,14.43629246014818,18.98078722500936,13.830975335748372,10.93531045521224,5.831016815575171,15.681185669931846,22.842938340242927,26.94869938957997,15.930851985068472,46.01321699072398
2021-07-08,10.374823458144094,14.536136347330778,14.480588459169198,19.11308340937757,13.746362554538749,10.968635508922533,5.845720829788517,15.756289803951981,22.664971866618774,26.632115982264487,15.953870297501616,46.28944318137186
2021-07-12,10.313846190536232,14.911977635603915,14.505291790785218,19.592816576909332,13.754164049162378,10.965085589404914,5.84247747346888,15.814325146294372,22.703770143011543,26.41677795792081,15.842139489173945,47.18056154908737
2021-07-13,9.828138575050948,14.924005928896172,14.660664983678778,19.584207124905465,13.636865424723506,10.632775702309006,5.647284688808941,16.12984052845074,22.70251184938495,26.714058109657866,16.107482453065817,46.78887314320365
2021-07-14,9.82889008143302,14.855792616003125,14.739880963441838,19.612330508526927,13.619948050037884,9.638985179813503,5.574093843253063,16.137404436940418,22.661554959818375,26.889437101263315,16.047871171546646,46.78062226110701
2021-07-15,9.854620725415371,14.881035102700768,14.327961009654494,19.430442726367648,13.532539414586212,9.1718410684251,5.582752321276567,15.883326700250416,22.620011028647774,27.095938926779528,15.793345867550945,58.588270442943
2021-07-16,9.56237752988421,15.067055125319968,14.209204060447156,19.785148454362496,13.544430211225539,9.133842249858933,5.582223838232894,15.792798956067136,23.05780070637936,26.96824209466299,15.755784771959199,58.539792394194755
2021-07-19,9.559982802661622,15.207542889633816,14.205517566660763,19.854257965145887,13.490222004670008,9.07058164488007,5.5780980374205,15.784707833939866,22.90632265315542,27.32988209844403,15.76452440767571,58.33443568414545
2021-07-20,9.648105498469318,15.300724850832415,15.166958705099292,19.954829191831685,13.04757598817116,8.78896947321927,5.538696958963284,16.88656932302763,23.01785632257597,27.551529180031416,16.62409079282662,58.599448507958215
2021-07-21,9.640352531060199,15.268451296705429,15.151279057619888,19.922907696028503,12.998341154161025,8.779009954853596,5.48416377028089,16.944098638587874,23.110731932338872,27.71747594922339,16.613916452361288,58.5778801163611
2021-07-22,9.632998172485937,15.253529360541219,15.164281659145793,19.80654416110664,12.948738171614332,8.803556220758077,5.492651363814857,17.00561411166277,23.02810925032656,27.45477549155291,16.62570052116372,58.59312322379089
2021-07-23,9.533380445224381,15.26237121893012,15.168645010183452,19.778756404593558,12.929726967299112,8.478185957837002,5.391535511392396,17.03466208201794,22.9153073086255,27.3496240436108,16.592834649897114,58.69008745061386
2021-07-26,9.296705065040266,15.2806966612429,15.144773999207137,19.79836088100465,12.928216771499121,8.285078078994164,5.280897918577799,16.998772321280235,23.359328424889863,27.358781576775492,16.561782146642265,56.774501035765034
2021-07-27,9.512856908590898,15.350687231938249,14.433591609484553,19.281932335463324,12.917928447121191,8.512566474285615,5.24654425797727,16.48231652843205,23.806130546402425,28.299648318019972,15.999373120809734,56.74035532451837
2021-07-28,9.539692992437226,15.547874144658284,14.160009658638057,19.297203493496674,12.916385717620859,8.438369626050205,5.291987440679207,16.433653549098164,23.526393558963093,28.22681924262409,15.93621677137719,56.15118575828657
2021-07-29,9.543146585648184,15.44667991095022,14.153600778323606,19.254083351465766,13.375159293736985,8.440512799800144,5.365267355111009,16.450034496532087,23.579971997985524,27.816176146793698,15.995705661959143,56.05472900229399
2021-07-30,9.777614138479317,16.373586374617975,14.123287535870704,19.037358709278486,13.530016763114672,8.841891409872687,5.639304502347462,16.45076071299942,24.314929974431983,28.898908066054723,16.018355916062188,56.11798381412151
2021-08-02,9.838657930130779,16.307683757575838,14.675436893713565,18.730588873624985,13.523748905399763,8.867987523577412,5.652308847574377,16.759361676449934,24.312871607547663,28.83333769494692,16.39161415780495,56.09117328031456
2021-08-03,9.727304959979238,16.241260763201453,14.725422599219124,18.817775209852027,13.557804600321782,8.81408034603805,5.676869989680509,16.745932336571407,24.38080882796452,29.065983668294898,16.43815335988807,54.92068230800381
2021-08-04,9.727563915854324,16.557407913612582,14.60127900779184,19.369573909546776,13.288929157831882,8.857729723491326,5.841243887259108,16.494485757026244,23.827756155936118,29.54722222661213,15.970284350762737,54.913173156971816
2021-08-05,10.138341874170424,16.410188446170594,14.641899688370366,18.682384871772676,13.181773793357813,8.834098292024372,6.440520508443792,16.597120826146032,24.31022499809319,29.595356607713086,15.99919020505407,54.9333113901331
2021-08-06,10.124860932882191,16.228030439466895,14.963552442440717,19.096913183025794,14.084931280459664,8.847282828905984,6.452294394439376,16.808778934272354,23.91408901767258,29.45492496830194,16.30054125289553,54.846851338509836
2021-08-09,10.211416072193138,16.226961092862446,14.620625363084313,19.10638510361589,14.2080944040508,8.842952598531136,6.462268140179823,16.56366454508301,23.769986139847976,29.82310745310305,15.97990923930966,54.794096638697454
2021-08-10,10.125192518460642,15.836688290974616,14.534007186212508,19.043164284529123,14.103189438771372,8.8652228104878,6.4433436312173615,16.36968106190287,23.663470134783946,29.808960495558345,15.7059778193605,54.61587125774015
2021-08-11,10.156713754613808,15.83516934880271,14.650726409965783,19.022546828457685,14.329496967844593,8.88999534011635,6.437464895538934,16.5031874190339,23.666198467562143,29.782401813481567,15.72821756940453,54.4421347204455
2021-08-12,9.882454710526819,15.922038733391936,14.72676301391808,20.046493361214036,14.329475648147817,8.688423391333307,6.438871077130673,16.552153799158226,23.521084712236885,30.652694708799338,15.763391296033827,54.50522865215667
2021-08-13,9.80410636372995,15.079890805599186,14.783289111071715,19.479051506958246,14.605455810934012,8.93895058200069,6.606127908926407,16.599096361126087,23.218024971851985,30.997049034643265,15.816440984022076,54.518810665688314
2021-08-16,9.89810385607592,15.339686979978968,14.65427102191246,19.33443605065175,14.670579669373268,9.052700006931055,6.810001291054036,16.586691129551557,22.77522756769727,31.190265500802195,15.498592540592243,53.68306500801398
2021-08-17,10.00701670711691,15.337242667461275,14.658009554431937,19.220747826348124,14.580506292411163,9.031949239941364,6.847613448709536,16.614443463966317,22.629851888691906,31.809179431575764,15.50510863731012,52.96170325808877
2021-08-18,9.865167988655436,15.348440605747696,14.658764682096587,19.21898500005056,14.190484535868137,9.09311215799794,7.015010707378115,16.58719372829441,22.244741272898818,30.4254411669815,15.493501786116898,52.199784349152765
2021-08-19,9.937899951373366,15.370536365433646,15.011361359427951,19.2765627454342,14.189394177424955,9.088092024509761,7.020304546422983,16.7978209041383,22.7275983862904,29.65831669714697,15.81261142786291,52.29240297604897
2021-08-20,10.045976310202253,15.470960446279994,15.019151772349382,19.240904811363933,14.099509609280311,9.317274436665148,7.348206247355125,16.85463010192504,22.715099270128622,29.381422466164796,15.851887720439658,52.415970087241384
2021-08-23,9.911403301750523,15.52884054215468,15.014424158207762,18.831058869144144,14.34696519737246,9.186221920646604,7.330719208417498,16.887564182694305,22.220598307444913,29.433099037412074,15.812176170102607,52.358988119523886
2021-08-24,10.18330806728733,16.41925631809848,15.049092441811304,19.31493856865081,14.345986686830967,9.528865788293173,7.331368653954519,16.888184268713104,23.479159287673703,29.550195748564295,15.775631087573618,52.43357518741799
2021-08-25,10.2900599810887,16.269364386535653,15.597228722970948,18.918745355268783,14.425465117839007,9.568447587825903,7.609843395711464,17.396789741667025,23.567081934577526,29.46952725856683,16.271342344827826,52.517289309554926
2021-08-26,10.360887180015819,16.545061000307445,15.592813130629443,18.87619687108535,14.348484511779716,9.66118476418006,7.594454744977836,17.427978120382377,23.315031839176083,32.50878667272587,16.245857104214345,51.36101918621435
2021-08-27,10.454070867116792,16.902762723585106,15.616401707237685,19.386444543935564,14.630420414776033,9.657062012321317,7.624978636177959,17.486761789848856,23.453914087716036,33.211402740387044,16.318198665316483,51.380773382057676
2021-08-30,10.304996989981385,16.958929702737123,15.58720715448648,19.607310262271426,14.640303354488607,9.632752466730867,7.584771827914604,17.493582884033046,23.308129980469502,33.34708621295477,16.4044864588982,49.98769736423008
2021-08-31,10.493633429883303,16.912033121063665,15.377551107012922,19.528038820866158,14.637184964471341,9.96569377748413,7.8737016409430804,17.082755332364496,23.34926686484258,33.40762256249333,16.196394642555653,49.98701923154551
2021-09-01,10.379981476193523,16.421471955117884,15.404945605176867,19.16074068605601,14.636150435374562,9.94135812117288,8.092068796983629,17.14332365955296,23.052305953037695,34.1322802607848,16.226958067245576,49.272696991362096
2021-09-02,10.270148547057339,16.801974898354967,15.292016751136265,20.14090675174982,14.625945396647511,9.893707469190046,8.484541358135257,17.005131904745703,23.10967670505203,33.9801051772739,16.079095475531748,49.178243772419464
2021-09-03,10.001478413564866,16.779042049809,14.695358386751515,19.672685775684048,14.752847661414197,9.662861391624222,8.31465786444285,16.4460396567028,23.008387017951055,34.02278244863302,15.81122655385014,49.139371307095914
2021-09-08,10.283892959037958,17.445102316297582,14.72074307968835,20.831773688481828,15.339498579464085,9.657994434803301,8.26412506679864,16.488534362980044,23.319257261895107,34.618983907820365,15.764095860630789,49.230836114723516
2021-09-09,10.172332142356879,17.851537883432105,15.691915101774642,21.225188584383766,15.363597162597387,9.661446067046349,8.247345397697718,17.497742922508884,23.152829784465098,34.69732526753816,16.781071247565496,49.2181139423124
2021-09-10,10.668795660491785,17.950408862271125,16.34782025475762,21.122011449698444,15.37773312166483,9.980495616079505,8.279311665012557,17.927654184279596,23.01044045796324,35.06409786505826,17.458805902273404,49.183186526436
2021-09-13,10.702896662609355,18.53802369421014,16.393415124292535,21.29097283327677,15.38154482268372,10.017029731155604,8.233660721024414,17.984752302174428,22.984378982724323,36.562537318222624,17.529950379830556,49.08993934389906
2021-09-14,10.698047980205933,18.530563319052533,16.441918167441397,21.257914272697775,15.373763443786384,10.012436799312914,8.29850798178186,18.049572342527973,22.86782566528004,35.725539942756015,17.58269542026602,49.105399229045524
2021-09-15,10.705477132855604,18.541342799174174,16.412185352107976,21.268332571173325,15.368314058394786,9.97162695361353,8.322235048906599,18.01759440884558,22.83675264884373,36.192603352906175,17.441954626842005,50.33922979807037
2021-09-16,10.895566546509244,18.653516891702747,16.296934677051254,21.196488793418567,15.883763288057928,10.056463868256765,8.338382547055378,17.766714322888244,24.342712896036133,35.761645683621204,17.292680978211056,50.25034556482038
2021-09-17,11.197487788821183,19.01303929807213,16.289227715109572,21.362352564513476,15.873044721332144,10.02897847989033,8.356949022402555,17.75345246372275,25.047944232473995,37.196131001004794,17.32121767068939,50.1973751102627
2021-09-20,11.193553840048464,19.378756233881074,16.18692722846703,22.094399079655794,13.031059860164332,10.052827224388103,8.35733838627524,17.737960180510864,25.095711159255213,37.68606366930556,17.354722442809205,48.91209199823165
2021-09-21,10.717941432681947,19.550699268418263,15.903940566971297,22.229212034917683,13.114285537513892,9.735319554540602,7.894892980304833,17.817204777420542,24.6525604229064,38.48826026748258,17.267537230185624,48.32230540516306
2021-09-22,10.5141474319275,19.86217206323665,15.899793424757561,23.817954095180845,13.019475527508783,9.715462458447249,7.840984570600913,17.53881788032873,25.290308867590017,38.40557884051731,17.073496263629153,48.44786302193427
2021-09-23,10.50967307715917,20.251651772143507,15.737913080071422,23.783824262857156,13.409772031271963,9.664119860205878,7.828245939586539,17.144043472919567,26.000659109784902,38.734217672979035,16.735170450303762,48.485312655336735
2021-09-24,10.614750663418686,20.276057389994733,15.668891474353986,23.747348347812082,13.392829591406166,9.543064049029535,7.852343682743893,16.89558434310158,25.961581619920615,38.95129983796789,16.557412615256183,48.445188751472514
2021-09-27,10.548266893741689,20.19422663069456,15.680282112874021,23.823360078898077,13.37412023007083,9.43713458303169,7.802768451466472,16.88969541008212,25.78064270413541,43.926360002398,16.59368036870357,48.67333536968078
2021-09-28,10.54090761292996,20.753237904148104,15.584276628427821,24.22286663946897,13.466399591395833,9.45170527458424,7.802541742286505,16.789384859717646,27.23081806012111,43.937767841566156,16.510412060025757,48.494593629271286
2021-09-29,10.541262320409576,20.874868517836987,15.598506111208179,24.296316197309242,13.551907416961567,9.53222405081205,7.803841202377478,16.789479397728407,27.520868978995246,45.836529186295735,16.54396185846578,46.843386119424956
2021-09-30,10.524278446748776,20.872398607786945,15.741733263545699,24.273497977638367,14.011241841723457,9.611594934410695,7.806998506051281,16.852973596997092,27.813963819671507,47.59272544886604,16.563911510064884,46.41114235518046
2021-10-01,10.476970494575024,21.22633867843903,15.735628387008996,24.836487238181306,13.982103363239789,9.525832089740529,7.8051565304547825,16.898496563458323,27.809247484290477,48.645490136037616,16.553039074632615,45.75648181232892
2021-10-04,10.624232253859041,21.481558481167934,15.972909647683265,25.81474589149612,14.010329398286226,9.435836111687399,7.7732296796766995,17.010627392860563,27.954462531066117,48.78219318215808,16.823550973392816,45.75351760129392
2021-10-05,10.507349730660462,21.233128255070465,16.136002375649774,25.95333665773526,14.007583951562358,9.394559066580982,7.860881842480892,17.136135900467274,27.83360958466343,51.792207911544644,16.84482369296018,45.42153262798407
2021-10-06,10.506281234104446,21.001943283556503,16.035923660366116,25.80903931366874,13.950151416517368,9.359703675156403,7.917625077034414,16.93369921198729,27.841178202534984,56.0501929421924,16.789446182099724,44.02240056563542
2021-10-07,10.468722367455747,20.73623980834412,15.682697530692266,25.71115885698304,13.919054644149115,9.361383091599777,7.9434490928176835,16.293154309885363,27.677422154921743,55.93839712027211,16.306631619458248,44.03683005437215
2021-10-08,10.46820938586194,21.173914108136994,15.6889935384141,26.059069720629275,13.91878760926201,9.344344632819777,8.08380403283925,16.252686098020693,27.864880716832857,56.089404944657836,16.278466582222357,43.86665915801923
2021-10-11,10.46072997111642,20.839163902904264,15.634308522897166,26.145321617310955,13.899708469899636,9.389476949058723,8.101398076864498,16.243358569403092,27.733652794973274,56.824599948865604,16.264689732231396,42.63029712372392
2021-10-13,10.386499687565017,20.96562661890042,15.420136667809569,26.5077489178789,14.615586191500313,9.4457964330073,8.099631591666647,15.899035037961223,27.72395852417085,57.21378931854959,15.908545162195017,43.111690638766106
2021-10-14,10.382692583450895,20.9487214483024,15.284193017026587,26.421263506167357,14.522174895206568,9.320166334947254,8.080600659995158,15.870362504412682,27.68246744810084,57.14385001659893,15.922613697052801,43.1107475627326
2021-10-15,10.43944969044751,21.060563697046245,15.023515614308009,27.40267724818936,14.869976429657287,9.341769133649398,8.066808403346446,15.682636883977985,27.900523173893987,58.112529078664345,15.449583888583318,26.099355244537552
2021-10-18,10.454121567482366,20.97497127281317,15.111892322184126,27.228816242144564,14.800986178113304,9.215880182999108,8.07646679889991,15.850778187593203,27.58791402245929,60.50276188534789,15.549675634562234,26.104294258726625
2021-10-19,10.772319595310199,21.5642281634808,15.233031893669827,28.162120160397325,14.803289634823862,9.582458311654626,10.243576242308702,15.96748294310081,27.8319536955918,60.392919049560625,15.644432603669445,26.117178487073577
2021-10-20,10.64073655024907,21.455360635421414,14.661976462674705,29.83465801534181,14.896576068463707,9.649153242213908,11.564019668987042,14.99143607483803,27.684518295696613,60.29302562225478,14.97979826577388,25.701088238488296
2021-10-21,11.18595099898807,22.083474415709663,14.593298157901701,31.093109995876013,14.874843325148149,10.547041460500978,11.65018386523398,14.88147128261303,27.762458447049944,60.28541619604869,14.91552160197615,25.815538489025336
2021-10-22,11.175737465840331,22.20012246758491,14.606512884161523,31.63383465511933,14.962561284888448,11.604673377967673,11.65540359910143,15.042529262083573,28.44214833720034,60.52354378975131,14.966442784946347,25.8111403652673
2021-10-25,11.12954819054617,22.75246779243438,14.60671317737082,31.987661144359137,15.003078049986923,11.910198313953565,11.664058572133,15.033724946983924,28.665784144565258,64.51434215006157,14.976650930468999,25.084486406197893
2021-10-26,11.191689995495226,23.00063677972813,15.187469739535162,32.22522350216223,15.073934335535496,12.367780901867002,11.731110615242034,15.454068042416132,28.23109098779768,64.5376107518404,15.40738118552838,25.1531027642761
2021-10-27,11.262421974384807,22.946196221272118,15.185070593735695,32.228728161604906,15.084934954102211,12.309058882427022,11.73173945607368,15.444739477493766,28.062577748138878,64.75513384400682,15.368444802042125,25.655662177011564
2021-10-28,11.396277872484037,22.924225359976525,15.23081159715998,32.19126357664501,15.090380264095321,12.304043862626703,11.71863950422128,15.436063929019536,27.996288020940675,66.4566464727226,15.417082667484062,25.725785115945467
2021-10-29,11.416356297671877,22.954263380355915,16.002539960270283,32.28147685602351,14.80129670899537,12.438726846120703,11.673922259475608,15.808097088002496,28.521441399457974,67.83798461258174,15.679139738512587,25.604999198970773
2021-11-01,11.539623683997725,22.668778634837704,16.198424608409862,32.36972574463734,14.734165452193615,12.190193482138376,11.569285917564077,15.84698763280532,28.09110123560719,68.06912830148359,15.605131468853356,25.53617575513837
2021-11-03,11.564828878277673,22.732444473428988,15.600936559410036,32.375608271302326,15.125384020422933,12.6142690991298,12.022927467406307,15.308168445994665,28.53161876034036,70.30535977385355,14.911783855397372,25.751475903065245
2021-11-04,12.127348617140742,23.166942094592695,16.03276475425207,32.90500627826411,15.483856530793872,12.674119850536018,12.078782497579224,16.019723293903624,28.373619967963016,70.22501807147381,15.567236418881231,25.631844712905966
2021-11-05,12.127348617140742,23.18629108191105,16.029350874649868,32.88208429933721,15.705813535014057,12.639265595106409,12.061738695959825,16.1006944760341,28.304633640680592,70.50666697612698,15.631581247489645,25.673252632863345
2021-11-08,11.63151748302178,23.184543048807548,16.064156252203183,32.94622406333219,15.737709413302234,12.741796028061461,11.80532031632918,16.037830317813913,28.79736753263162,70.61271785016737,15.76037031177866,25.417719141628837
2021-11-09,11.590679318835049,23.13746993269989,15.823040469446385,32.54407865152845,14.88019961094363,12.883285104229822,11.839310199978742,15.858207879368033,28.779438220708514,72.76051890504061,15.511317714274591,25.443306606136893
2021-11-10,11.49791748562365,23.202127827148118,15.942650597115293,33.142264941520914,14.327884252342757,13.16321721466687,11.86658404390072,15.900256518217951,28.751304574987323,72.76788595782801,15.69673807350912,25.904465605855076
2021-11-11,11.494554430209742,23.391990423310546,15.984628538637674,33.16705133934393,14.397022820392355,13.14339833099251,11.917696385854528,15.958119992311842,30.507300580819948,73.48267810603116,15.69762036268517,25.899591508715613
2021-11-12,11.486904164426127,23.474367996967725,16.3808685457452,33.19717474778594,14.216910530175575,13.14370580659123,11.93808069658223,16.234007743751285,30.596161812463652,74.93545907384687,15.984557779917802,25.916482137600568
2021-11-16,11.450675449927967,23.614000930754347,16.326257868604703,32.764507250266554,14.319338948622534,13.229208580384654,12.064622546860509,16.275576882493155,30.60556904430703,76.14570464823198,16.081133372149665,25.73760275596184
2021-11-17,11.29029474779015,23.614804088633957,16.303835879074146,32.72121432141043,14.122889868963352,13.064039588274245,12.050568401866794,16.23549620904403,30.679654060831762,77.48193458012018,16.113172587761404,25.77514869412677
2021-11-18,11.175950247386577,23.467281357739044,16.291161501715695,32.59538334844817,14.116561585750675,12.955677972445843,11.927260087900377,16.35291898770928,30.968166357434363,77.44857820850052,16.12938831985643,25.756082445326374
2021-11-19,11.078759695007454,23.397642915248703,16.50248692457803,32.561094392375836,14.162655299807229,13.023101467077042,11.894916397510102,16.336583181163107,31.397090206538113,77.37564150742303,16.14809751748626,25.658521529815463
2021-11-22,11.078759695007454,23.379546754692047,16.510285469374573,32.830192121995665,15.015578274436686,12.966641802736115,11.783602671219008,16.477887964153602,31.42248512550249,78.30290994496194,16.20970888947157,25.711414041978497
2021-11-23,10.852833471506273,23.64360970790425,16.314517557476567,32.78443691108115,15.228592736533486,12.967434067695349,11.782587391236795,16.407278341348565,31.246913371134056,78.5415021129931,15.95869678830458,25.363522011154384
2021-11-24,10.988003068381925,23.64022636870101,16.30282783744018,33.38387516128662,15.22849651075277,12.929160518311269,11.625470421375885,16.380343707929832,31.55133274095024,78.5987962924256,15.926279632815184,24.992073975592557
2021-11-26,10.938662337878641,24.02600822360214,16.290601057227267,33.44850038224627,15.019673177146394,13.01320435694969,11.651390087696122,16.32269257653336,31.611712070412818,79.72716509155805,15.865989640810948,25.07838403811939
2021-11-29,10.702717608972552,23.393577472856776,16.648378665288128,33.14599022618696,15.019971588693595,13.028713905909672,11.643185578154963,16.948804036413012,30.790818341725014,82.92049419787946,15.92876242026352,25.084958528592143
2021-11-30,10.64287756573155,23.37437000807709,15.917134690230602,33.351468885824936,14.927876854847824,12.985642626519924,11.470121414434523,16.169221316678534,30.704262520701885,83.89860625400006,15.060336034216576,25.478803801534138
2021-12-01,10.574666736042005,23.267236428291234,15.937780066717705,33.350920267551246,14.94917163864748,12.899988973682019,11.479142021614068,16.124474437588002,30.868031298098806,83.88354075846989,14.986084332944069,25.528825765049696
2021-12-02,10.473712230117087,24.048346963564263,16.052411363904696,33.67308668783349,14.866709475631263,12.914935783571696,11.475041042253759,16.363177969120756,31.56881905162851,83.9910130520463,15.101172942353719,25.51863698672004
2021-12-03,10.737969738742272,24.127626195287526,16.12391820777665,33.5748695696838,15.056035389229965,12.938237420985244,11.519171348446159,16.429537009284843,31.56825628596146,84.01494605415692,15.078729339120303,24.818838435955534
2021-12-06,10.541801364040584,24.351231396554184,16.115212952281656,33.82057790677687,15.045995240626453,12.69533030476196,11.313350995195115,16.399472132878554,32.38542926361966,87.06813802021423,15.04228191332616,24.706332584467237
2021-12-07,10.546493357238589,24.335932126667803,16.125108742221492,33.769257978165,15.058336776361081,12.69530594861244,11.062492401823805,16.310682264603813,32.415345899941215,86.38898572965161,14.99204285758914,23.59319228108541
2021-12-08,10.510688829984284,24.005720508894655,16.312913443751984,33.2157218782239,15.05222740149218,12.711964696777073,10.804431795907643,16.544941651677686,32.37024190232834,86.59705068021681,15.249773076833364,23.611656184691128
2021-12-09,10.468808147182482,24.212355408647117,16.396634012600654,33.79981396908957,14.8658720419033,12.67285475529929,10.839688575117052,16.870804377689876,32.43084301688688,86.5292616303307,15.56212677285081,23.338336461622724
2021-12-10,10.705055019799028,23.799477373131662,16.36773211951433,33.402893789331415,14.241158429233854,12.67285475529929,10.909762178860118,16.91384276240292,32.27969364219925,86.28333029593817,15.592677555740739,22.92719118107447
2021-12-13,10.732080266760788,23.506186969025755,15.54343903920824,33.21953847417849,14.226131145363658,12.640888471894346,10.911624511310755,15.942503191388369,32.36703647803445,86.34331025968523,14.568195553071394,22.96838563730972
2021-12-14,10.326748061053891,23.45742353850394,14.925075889142766,33.22418981474573,14.310920788788412,12.44049224444074,10.87300420042744,15.537989212107025,32.41305223043437,86.30749469924548,13.900851428556384,22.88463821746019
2021-12-15,10.371606580449603,23.095887174866707,14.850244909782331,33.141308642440734,14.333030046859779,12.45201010875887,10.891832473337711,15.469477109813587,32.419282181073264,85.45630211696232,13.80086970614513,22.748432575929233
2021-12-16,10.380629847721098,23.136391434159094,14.787543141016865,33.23796596753043,14.786566613360346,12.520469537843336,10.863569424538893,15.416137041870071,32.79732716789951,85.44360239787227,13.71482854646625,22.70109398943789
2021-12-17,10.362541569275626,23.16488339431294,14.799806982394148,33.369213235740006,14.743031971849637,12.651852425069867,10.916799292754492,15.387959922246683,32.7478905406394,85.07615169121316,13.696033271636987,19.40798477510318
2021-12-20,10.182902968690707,23.380360400614162,14.83160817137785,33.73760624829757,14.149891183333112,12.761988781712862,10.895234234272817,15.387134096276501,32.08541311857549,85.44092943732544,13.664009066292737,19.350211108425807
2021-12-21,9.81544558594822,23.061324877840615,14.927632896673353,33.49555627513508,14.15259297585342,13.081546431785823,10.906670853709603,15.468330537372555,31.002473145072283,85.10215725024271,13.696141917059363,19.421510573689034
2021-12-22,9.815078223123699,22.641104223530046,14.921900556595249,33.02747860886617,14.164113499108968,12.908577020248662,10.888356409794547,15.465553977639033,30.379626412802306,85.21547257008754,13.662204760528782,19.278445222974483
2021-12-23,9.752114513784411,22.52856554585248,14.949525196232738,32.95305746165154,14.114475323698192,12.66951824789565,10.873256529300692,15.721439127569619,30.374537124061856,85.77944763285367,14.047592789153022,19.145649412172496
2021-12-27,9.739421594391333,22.248846499053307,14.791542154456863,31.918889342237218,14.120492146863253,12.536568507740938,10.896127575362936,15.69239734982481,29.64482089574851,87.67854250827023,13.868101946016415,19.101657215431995
2021-12-28,9.737304141786813,21.938005798812533,14.889547901445551,31.94247108921997,13.710090627105917,12.549137220643903,10.88368533912364,15.729051541793435,29.34609909101621,87.35988717020888,13.988211124859065,19.44438251324252
2021-12-29,9.607178340124115,21.94345768465163,14.82890581390423,31.944231781360028,13.726519375076709,12.538811953002726,11.381223186113061,15.724263408818576,29.326604326714655,87.08120938482512,13.984318470724263,19.39467623566602
2021-12-30,9.854127010326245,21.974093353163624,15.195614555081965,31.880277011131653,13.74596479701621,15.464462793946065,13.453859094692758,15.880441914141791,29.440211365689823,86.9013484168015,14.158694770483812,19.202544180728516
2022-01-03,9.86982053721419,21.237007870566813,15.771039912252801,31.286588746910965,13.726814406478633,16.1726006002789,13.905277656156223,18.095135997007564,27.900446872321595,88.07692348396138,14.862209786781408,19.154240437302917
2022-01-04,9.86982053721419,21.161815316083917,15.958842490675465,31.257568035367207,13.688016754950974,16.11707120724383,13.914118313549622,19.67507856988603,27.695789704140395,87.41378878016053,15.318074437573015,20.136698848749045
2022-01-05,9.86982053721419,21.689347881179792,15.837590592090761,31.435721385680164,13.188294317951108,16.074490429775164,13.927479999836192,19.704815709652422,27.606317853881084,86.62919911684237,15.307867784357338,20.292027539804927
2022-01-06,9.859522635730842,21.416332114060843,15.906952593266341,31.123202494888663,13.800060607402456,16.08635630981166,13.934216205853978,19.646587047337714,27.59046671684797,86.34113922961589,15.309304042415791,20.243432103827406
2022-01-07,9.711671000128753,21.245150807006343,15.733755521878926,30.45611053277426,13.791946423171497,16.163680526221597,13.92850371776764,19.562905818520502,27.474497796381787,86.35769949646578,15.063181751115518,20.242572560128945
2022-01-10,9.711671000128753,21.259010103915777,15.297724747897112,30.31161847727627,13.76761891863398,16.163680526221597,13.871481285806993,19.352756077396894,27.45134155386731,84.50873498331023,14.876835647853618,20.360296877228993
2022-01-11,9.711671000128753,21.484956907889437,15.297854039582726,30.428514044335785,13.937587554838727,16.380102692826938,13.858090066765099,19.41747767125542,27.600917414115962,82.75840889516847,14.890829462358901,20.223614291132233
2022-01-12,9.711671000128753,21.95129392494751,15.545165744652909,30.43839541575005,13.956093866381245,16.378034258473885,13.836686325924644,19.70601965744542,28.03241128160715,87.78117930170033,15.279480696159142,20.249891379677074
2022-01-13,9.711730090742847,21.471532862474536,15.51170131489578,30.22047359130552,13.97495332681985,16.42194004051481,13.765768824372431,19.699916314572135,27.997806817528758,90.93320618079196,15.306616499721581,20.619128240513028
2022-01-14,9.711730090742847,21.630936809445117,15.511822409065315,29.858546464119733,13.986092735568725,16.441619325837245,13.751497268248118,19.662643174109252,27.974410540980415,90.62243693963406,15.303828184345031,20.77941774792663
2022-01-18,10.791674005227584,21.484371354277698,15.559150009584902,29.55471917737082,13.282732208428536,16.635774508838374,13.8065061241757,19.65686525659123,27.95737085407718,90.11310170562984,15.2833648786969,19.06272197942519
2022-01-19,10.791674005227584,21.67814999500561,15.557222338271034,29.633312651677134,13.698841399053613,16.77533849347146,13.836412964569767,19.744607701982993,28.152645586031728,90.71299327653534,15.372934576642653,19.284121286982398
2022-01-20,10.927862132826467,21.61647564618839,16.14502072275131,29.1092983471622,13.265013740672405,16.839739636488385,13.879857272893053,20.17288503845467,28.1769897608887,90.89020253855524,16.06308320683325,19.054414730358367
2022-01-21,10.820636864068014,21.61642356453158,16.103562733144074,29.128578633613582,13.32275087121829,16.841037833826892,13.853414151101184,19.976242731258363,28.544546509838742,90.30456727429097,15.959695365801874,18.96828389458976
2022-01-24,10.449612357831972,20.89504436178623,16.08842564834541,28.14418275361753,13.350328744519327,16.603379445410326,12.298543333598827,19.965777831161063,28.156478773344944,90.21534852793675,15.905421579371543,18.942367012616813
2022-01-25,10.449612357831972,21.270586009040706,15.810542625134222,27.278143302902315,13.308065722604237,16.57333652817069,11.202144932776152,19.852408644223456,28.12462063622713,90.15670417323217,15.71900258596469,18.731927942020164
2022-01-26,9.726633016311284,20.52881415467919,15.879501873933629,25.923024713089887,13.550991631726022,15.934682185823554,11.13136066458188,19.87929289938757,27.758376313540907,90.86854169272787,15.791729039738254,18.556059052056696
2022-01-27,9.72384195519484,20.40821069220024,15.826966489254723,25.256992646702752,14.064857582179343,15.256469400018274,11.22384771839782,19.6879364149521,27.29632812960926,130.0698948906167,15.624249469377743,18.513043330929744
2022-01-28,9.72384195519484,19.934138409836798,16.003377015556104,24.959241086066932,14.045174845387235,14.980686841845134,11.221351745785915,19.784727346749467,27.17443517200972,138.49441539591285,15.645055744087855,18.738339824474906
2022-01-31,9.580973665220816,19.406122866553297,15.588129856099863,24.638009756451048,14.014677603369972,14.499391710590473,11.128650177757734,19.518532702176174,26.885397214033276,138.8678651081904,15.36511110484737,19.03275370252057
2022-02-01,9.511344897098116,19.517339769064325,15.584609478841033,24.645797902442755,14.01510987091912,14.481526951457917,11.128496209390171,19.61941134713103,27.08107877985117,138.52491527478028,15.50162026099207,18.607022690774215
2022-02-02,9.196590445782382,19.43678299466294,15.587330413312065,25.080149663953804,14.043686508664917,14.49594473154261,11.153037290894494,19.62735337134785,27.05614536142647,141.40875622185928,15.52976176635436,19.024125920873566
2022-02-03,9.594011913064577,19.325820860010182,14.49442757878964,24.88321169551922,13.902530879575794,14.722033961771244,11.20665812203978,19.104044223565385,26.167236118736838,142.67784436094908,14.954861881059516,19.075009706467295
2022-02-04,9.385805094895927,19.090711431394627,14.781100842747502,24.485282506866763,13.84338871380585,14.810077466687478,11.263015690998786,19.084098818301555,26.282318163442508,143.00505731603178,14.990408309548167,18.765335222141218
2022-02-07,9.300721023554274,19.066228061308827,14.796422586988916,24.46852540172472,13.448648851825793,14.485565635700489,10.834055166616336,19.04732086382579,25.606027957221556,142.57114321735907,14.999282986291027,18.480162939795907
2022-02-08,8.613537607067027,18.179454776818595,14.544770732828022,23.411891480905958,13.056964057840414,14.54233374250167,10.771791503823348,18.627412300247148,25.3796176909676,142.5625953877917,14.545119913880782,18.410396925325212
2022-02-09,8.935527931695313,18.066671052603514,14.517966241628086,23.361325098142814,12.831217107001905,14.56262654675579,10.721397563093769,18.49835619179887,25.203633296373155,142.83191190295153,14.41128749012461,18.67901443176377
2022-02-10,8.935527931695313,18.138941319099487,14.432476163315416,23.204440931385427,12.776135840929575,14.47022032503528,10.632132200697585,18.465166020072676,24.685666745518812,142.81837496618937,14.291032341735436,18.763331180402048
2022-02-11,8.935527931695313,18.10488157785531,14.432250374050625,23.448487300003613,12.782024563685615,14.366077072057791,10.58926039636304,18.45283108853462,25.08533455289666,141.86328787739805,14.3069520692703,18.903246245260043
2022-02-14,8.935527931695313,18.074532306486446,14.315659525036978,22.76758369495936,12.981130795278453,14.132498142296187,10.54508504925131,18.44430112825839,24.784681882482538,142.3857870959093,14.141232413038477,18.31666891478353
2022-02-15,8.935527931695313,18.00294649504057,14.399697041731777,23.06056706380005,12.951751660181387,14.13253404621958,10.4970857878601,18.46316297748266,23.852310463871543,142.06034026243935,14.185024535859615,19.23427538138108
2022-02-16,8.909898225767037,17.82232400957326,13.868506981257642,22.961333147449093,13.04943782629285,14.249237870001306,10.487699452857822,18.25622538309654,23.811061400422727,142.57000238434168,13.960160225465632,19.246879113052913
2022-02-17,8.932439092313093,17.69518739926866,13.916108304299174,22.802550542559217,13.350741719845793,14.30096720007325,10.32331958480725,18.127135228032923,24.28696712689118,142.0752513258041,13.780632859795414,19.079521569865506
2022-02-18,8.94193873820722,17.63310161151414,13.955549747575798,22.740756141793035,13.247962395932397,14.253969591124841,10.237554048467524,18.28148699521718,24.232839880932776,141.36900696630036,13.73940006280972,19.07013820168358
2022-02-22,8.944481038807007,17.57340549770225,14.387617675255646,22.751030384768566,13.229537313438225,14.373334308970986,10.248437819203735,18.203450535071113,23.56322941571102,141.35783298774345,13.901248567462812,19.902024137770287
2022-02-23,8.944481038807007,17.684765322306646,14.119670595179077,22.785348933661382,13.180978832795201,14.311931486322404,10.243055348474892,18.32829935613242,23.302622691639442,141.313384820032,13.926442301187034,19.968681990491564
2022-02-24,8.944481038807007,17.628449456673476,14.238062518320909,22.311344538080274,12.257235350521457,14.378019546208934,10.24568785959348,18.172438970424174,23.294682673291238,140.87520495692692,13.824042486012383,20.095090102095746
2022-02-25,8.952735978257717,17.57937054306655,14.432569739778673,22.316290661838245,12.683806381867033,15.747149719628595,10.24511867096147,18.4550756281058,23.7567044450852,140.7826872173765,14.647136188927167,22.808933382769247
2022-03-02,8.626594350578005,17.838344527864038,14.445003218510747,21.693877717282188,13.146845436017662,17.124049403883305,10.210893316718925,18.669183305858127,25.43373525114691,141.30839043116933,14.74261406265905,32.865468562641176
2022-03-03,8.63240284120382,17.09830406712474,14.63143322158374,21.530484340079475,13.197689256737217,17.155949449409277,10.179128869331274,18.96143026845172,25.279044783646153,140.55958067369033,14.903907341514769,32.92235902641554
2022-03-04,8.631380601841649,17.10741169565071,14.44944694923418,22.13477069088109,13.499509134409676,16.95346326078236,10.188797804255081,18.451571889024844,25.969249015637157,139.26809715204834,14.964565515822756,32.8045519250922
2022-03-07,8.581934483536346,18.18620237454957,14.581597780108318,22.545941645285364,13.683289067085456,17.092210638534862,10.183676640724551,18.641960120903097,25.953866109151342,138.92391064120514,15.04092962078613,32.418255692210046
2022-03-08,8.581934483536346,17.97807367861731,14.642022531609319,22.36418899631706,14.322193126361343,17.32735628724479,10.204228850186881,18.580475314836185,26.27561430559649,138.83501402789858,15.17999085021212,32.4107710932946
2022-03-09,8.581934483536346,17.23477674043983,14.399801233032564,23.515463357601153,15.189559615430683,17.41304607526617,10.185001289231147,18.357557329940104,25.47038335919328,138.43815022251295,15.00425582569586,32.96469833049614
2022-03-10,8.22966756464966,17.168165216061166,14.434245385894576,23.72822631442405,15.074244252661762,17.38595074780584,10.129262796087293,18.369007866530126,26.006740450728305,138.45874241716047,15.021003625748891,33.32432317773532
2022-03-11,8.22966756464966,17.27885298898292,14.451941552340674,23.50358060130308,15.170877661824406,17.363069393900947,10.128773094536916,18.329416654802767,25.17927928336744,136.3105229127824,15.01140959099031,33.29086210404297
2022-03-14,8.227227076957186,17.478032395236948,14.361875041499486,23.511484177288494,15.404670469043197,17.36900801607557,10.097488082299352,18.35401215225376,26.55166834083687,136.37192774615048,15.198529680301897,34.872734173326435
2022-03-15,8.227227076957186,17.6060405486138,14.45190206902281,23.510408741340644,15.792968665897767,17.329751242135092,10.06129683584085,18.214293322129212,26.948436200472614,136.39825168367489,15.17462669856145,35.62965048959851
2022-03-16,8.227227076957186,17.687035048162556,14.609250112069969,22.613029954053648,15.92475672291928,17.314832504911948,10.032711035841576,18.098241372421782,27.21170289435318,136.55227622008195,15.063710249737964,36.57107460309139
2022-03-17,7.218336373044967,17.879272609460404,14.73550832582267,22.50565337578601,16.25702998600353,17.314023361905903,9.914943924448881,18.412964992972988,27.692700848324126,136.7669749969284,15.314643922886303,37.04670311079424
2022-03-18,7.182068389953835,18.280732368414085,14.57814025367686,22.316958031785134,16.346600672536855,17.359492964477294,9.915103095481175,18.28899538369516,28.065749479227815,136.6805800394236,15.260004116209139,37.218259536190594
2022-03-21,7.166256381998683,18.25593898269657,14.429997385573618,22.4063780325361,16.217325877522963,17.359749284335418,9.913802401854442,18.183708537208517,27.987191329658035,136.6218797045413,14.987736687801185,37.34059532801864
2022-03-22,7.084116858696432,18.2744269494887,14.90036403411553,22.742116541478026,16.21293056296132,17.37750037548299,9.898478920844273,18.49417092152236,28.03319658662346,136.99533179884338,15.260132139239662,37.332819902387016
2022-03-23,7.063612202873086,18.26234958844247,14.86651620318929,22.70576519052226,15.86536660212507,17.392517980412396,9.88643069851619,18.73785650674519,27.67008205076352,136.94754364627644,15.265804941015201,37.32069554775771
2022-03-24,7.063612202873086,18.280219334315813,15.143208319682843,22.430220990227177,16.027518579697748,17.77183783096085,9.803249971990443,18.857765742056344,27.70248669944027,136.90112952540798,15.5458215643264,37.47057638680991
2022-03-25,7.063612202873086,17.722454684373147,15.155528604457508,21.687929626982285,16.00204929777145,17.762865153065952,9.789152894903493,18.8740340079492,27.487983655746017,136.8431743560682,15.541016683013225,37.44437804443504
2022-03-28,7.03684415211423,17.716522459408996,15.318824423435764,21.568874765254982,16.069813199262246,17.538063870788154,9.75582119400647,18.90464167721563,27.369193309369727,136.90546614220213,15.698359738192568,37.476193229946475
2022-03-29,7.03684415211423,17.7884539359074,15.401941037522999,21.657452105925152,16.314567997456727,17.587606808423732,9.755645519422304,18.90846219467757,27.325855655094916,137.08593762555478,15.780914300305312,38.064704009584396
2022-03-30,7.03684415211423,17.748175387559574,15.526565308351238,21.667467061449976,16.420979955812598,17.62924799711947,9.748065990008257,18.80882048980767,27.370962497155183,136.60110594638925,15.562130263975302,38.150463814172674
2022-03-31,7.032188334466532,17.789173026251554,15.706014741150057,21.696368153545208,16.470444745737197,17.63982667493435,9.723391929497417,19.01335209976189,27.524189400250908,135.6711161099327,15.556705595310175,38.14695844521621
2022-04-01,7.032188334466532,17.957198467502277,15.841017599685081,21.56686055723373,16.8052856610714,17.629312228239897,9.720738095984338,19.009377772980677,27.336588456176774,135.66036431624534,15.536615429995985,38.19320888170908
2022-04-04,7.032188334466532,17.876259075646633,16.13514300798505,21.538660207689713,16.80871846904201,17.665689542420207,9.070853858477463,19.368277853313053,27.32961949089846,135.63533929764728,15.783199974738283,38.35399177092317
2022-04-05,6.7019245332525665,18.54558361914377,15.956207295057231,22.34400776527815,16.81919144339977,15.117886040191875,5.60892350606868,19.23060159072025,27.446798179463443,133.58060781460367,15.570602265963393,38.18742338809273
2022-04-06,6.680330206478156,18.527430598996897,15.640749961079564,22.43906215135035,16.748148500553402,14.45320648150162,4.380242849841103,17.583351601614837,27.42239654703054,133.04691876096481,15.344047915444655,38.097329823797196
2022-04-07,6.680330206478156,18.470824426355804,15.608101385436157,22.490417503590088,16.74668305569758,14.460016431129908,4.344753851851576,15.758864686920834,27.49641953079358,133.1307003156423,15.013400276934766,37.60489488586099
2022-04-08,6.680330206478156,17.653471663612603,15.695303844707636,22.108624769352883,16.729619858916713,14.640435314192752,4.296775834225406,15.840390216311809,27.22393720297046,133.05168623267124,15.161474346038514,37.52974262240843
2022-04-11,6.680330206478156,17.87663046073438,15.587059708497431,22.178530363564796,16.191158264352342,15.080681820254641,4.272879283932583,15.825413787657395,27.348245069150916,133.2517721508918,15.169718103264026,37.57839506354761
2022-04-12,6.680330206478156,17.864911567450662,15.5950133323233,22.315010946177328,16.384359774256435,15.051208723810008,4.2531942209757005,15.856736694060583,27.22568300598553,133.22166679560888,15.17384441965162,37.64654466464396
2022-04-13,6.680330206478156,17.821425130334436,15.63469004111257,22.256511926591678,16.39442477913474,15.438777779338771,4.2531942209757005,15.851920447496685,27.23673710048943,133.27997860184203,15.130091193343187,37.52344805039476
2022-04-14,6.680330206478156,17.729277189764122,15.83308386899007,22.215982355069503,16.32920141293273,15.171420558340564,4.161615124385387,15.745846071412162,27.15368766976416,133.29520202347317,15.096819208850892,37.528953484380764
2022-04-18,6.680330206478156,17.2988379751385,15.700793001081434,22.342553669037464,16.34296494550084,15.360731513550427,4.161407573712736,15.536769178284388,26.734067063660532,131.1768907101558,14.866073865094007,37.80918607608037
2022-04-19,6.680330206478156,17.300117779809526,15.692136785626124,22.365486154818885,16.59451468759581,15.558381565091803,4.088399025134745,15.633637976454073,26.701478630283827,129.82662844286855,14.92999076178637,37.63647014870528
2022-04-20,6.680330206478156,17.186366836865457,15.737171660238946,22.197484231793343,16.587599005354342,15.525902362975568,4.087331339747023,15.69199342708703,26.911330272482004,130.1081302120803,14.967595642855466,37.63360752682054
2022-04-22,4.6549432112176925,18.15772630337662,15.734491763920586,22.628333481708495,16.74991066094182,15.390550798337868,3.8706330555416293,15.694236823922857,27.706510608400116,130.83223089245686,15.029015771365106,38.21289843457996
2022-04-25,4.6549432112176925,18.02007260630442,15.702466014462555,22.607566186463302,16.93193597587127,15.267038102736619,3.764521882115252,17.41761769141752,27.47880808672501,130.10119004745093,16.92203298827276,38.123784284071974
2022-04-26,4.135390203619918,18.478362035272998,18.580041014934494,23.213619891859754,16.9485178863493,15.204003062527322,3.60316358940483,17.868644239285924,27.71925177478635,129.40269966055672,16.81524469471564,38.11653113941315
2022-04-27,4.135390203619918,18.65443532522977,19.034559808553457,23.183759460009455,16.990729817030843,15.217921961441592,3.5774648803877263,19.184800938987017,27.835865423206712,129.52752802532714,17.63155996467321,38.167896499147695
2022-04-28,4.135390203619918,18.611791136692666,19.04975268750068,23.19318527321132,16.962978687614694,15.240575623740341,3.311728452911063,19.20258595603332,28.220782202894622,130.1690037844283,17.582631994198625,38.17180883937821
2022-04-29,4.135390203619918,18.73787025772313,19.0667680156203,22.291787989234617,17.056646885829245,15.360100915576469,3.2087276849831183,19.58033282656588,28.351948638994816,130.410466901266,17.544074029306326,38.15281450974879
2022-05-02,4.135390203619918,18.765101962230695,19.19755178906183,22.43796383149735,17.617448488146643,15.395419411441077,3.0402601713365294,19.852128656295744,28.373337747835837,130.18111310057787,17.570065445591972,38.19266600275178
2022-05-03,4.135390203619918,18.61533680102405,19.667371938867635,22.25515191753513,17.13702641304839,15.511393173998336,2.6579375646591528,20.44632743701724,28.386503433710114,92.8338480758818,18.222284415071563,38.36528485706686
2022-05-04,4.135390203619918,18.8226031498303,20.00539916062212,22.487396033258484,17.105531564073114,15.514528651588186,2.6558962522682537,20.871887073463256,28.49179444428659,76.20813751020819,18.827571087243708,38.29879319524453
2022-05-05,4.135390203619918,19.58446985972366,19.98760583627698,23.26755902147044,17.08761275560267,15.556005422234588,2.60681393800261,20.87093155561983,28.462546871442264,76.07272017518568,18.832581718059327,38.0935681743068
2022-05-06,3.908294470867198,19.427351601261606,20.263270586201752,23.29882290618647,17.093216145001243,15.596036407331276,2.6066448787362173,21.06981026901405,28.057173982472467,78.08899198989981,19.300308434485284,38.21989101097396
2022-05-09,3.908294470867198,19.48108112983139,20.41149864393948,22.902555569837947,17.284153504979212,15.645897110661325,2.4651926860021782,21.16718395769248,28.55900478943027,76.83767628269253,19.382281797822234,38.03302308591517
2022-05-10,2.590935648320187,19.482056152732888,20.755051168336795,22.87097639474283,17.37681539956566,15.366734017878239,2.1015974125244243,21.538170227550857,28.940998398629404,73.63074970805069,19.655616797031488,37.939809236142004
2022-05-11,2.5301543120269545,19.536537604116738,20.493053029589365,22.982242123020967,17.42299759897008,15.283681082129217,1.850172192221438,21.54257903347375,29.100170542855924,72.33331398966602,19.66522572278627,38.07106668683961
2022-05-12,2.5301543120269545,19.77264830835424,20.370893832570427,23.51626324498442,17.648256756867383,15.366776684484579,1.7098519311513432,21.52156145344289,28.906238345527935,70.31218423172047,19.586536745100346,37.91869135202215
2022-05-13,2.5301543120269545,19.822041932366176,20.378699145476993,23.514458147215905,17.728435153686938,15.388588433763479,1.570925225469352,21.583665550678365,29.60749052737887,70.41836810780944,19.445138809841154,38.2784780760054
2022-05-16,1.003700838517085,20.08976411215284,20.46422249645218,23.42090587468701,17.715720340161642,15.36436087343638,1.4353922761243265,21.9009573285705,29.6433493006703,69.31055474075033,19.6545761817803,38.20510884876466
2022-05-17,1.003700838517085,19.995573963391028,20.476730462968558,23.66167911761052,17.723604794308613,15.37558563281795,1.4256631127932118,21.93641949109391,29.82404604679683,69.41926688135759,19.638296879872158,38.24796204683676
2022-05-18,1.003700838517085,20.51113947631915,20.596454983669133,23.83377751351324,17.717162789320838,15.376116751489743,1.4256631127932118,22.547692970793527,30.180832119786295,69.33816777248448,20.183394975365708,38.5859098494919
2022-05-19,1.003700838517085,20.647486620973073,20.587742589275752,23.834550563518036,17.689044255370735,15.374090799389975,1.4214165753305399,22.86603128864928,30.445900245515084,68.65322224529969,20.22868163631194,38.57728072994862
2022-05-20,1.003700838517085,20.666776362518704,20.5288911522625,23.69880754505771,17.633570968962005,15.422181106538826,1.4214165753305399,22.85700477925811,30.449464906641783,69.02385513866876,20.23767943466304,38.132495840436235
2022-05-23,1.003700838517085,21.003766318609628,20.633867805042204,23.884525410087317,17.56516546929836,15.397770411509457,1.3328458609081286,22.843269486763766,30.654135749071,68.39519521796572,20.22495037652893,38.092125419720546
2022-05-24,0.792119528569311,20.80006821328514,20.598198241747685,23.859298857986182,17.35461381588011,15.346485999225958,1.3049881381515482,22.943747965595907,30.25510634404404,67.31889027961972,20.37717098181421,38.339912112252094
2022-05-25,0.5567576300328549,20.758862561196242,20.5881918229929,23.928345526466515,17.46646008287517,15.353973845566014,1.3051579780124767,22.902964020373584,30.156558149763274,67.16183309218832,20.320432286702726,38.33597286828151
2022-05-26,0.5037911221350511,20.833475838897396,20.31325016314669,23.97041509031528,17.445629405196104,15.288426608377112,1.22106191826261,22.84378512518241,30.187043231314913,67.26799192209853,20.1748351793936,37.972434372178085
2022-05-27,0.5037911221350511,20.765759142735412,20.31636561529894,23.969700376437032,17.448228649163774,15.284771959187838,1.212997430145873,22.7976212993888,30.085179601602213,67.49098501188149,20.21943855063618,38.00787741916804
2022-05-31,0.5037911221350511,20.777841252292646,20.21671439420165,23.928758699047762,17.376352323152574,15.228124434813633,1.1984391178792038,22.812222766367896,29.968061148067417,69.11784049388525,20.148398323039526,38.457173026635935
2022-06-01,0.3490722100241212,20.56600968387882,20.060535548187644,24.068631097085454,16.922914817484706,13.679945388017378,1.1978800701080043,22.546339950718977,29.697838880074684,69.75531834656967,19.59090274532714,37.48741502525676
2022-06-02,0.3490722100241212,20.3509619894763,20.18771821457601,24.02473963890639,16.707635020549276,11.911920277198146,1.1019232064185531,22.385506442303864,28.148056794146108,69.2492779577191,19.895419979568445,28.706639280124897
2022-06-03,0.0,20.46714170079484,20.07168694237052,24.178906410495735,16.778464405282712,11.748959904157614,1.088715692102587,22.184306053798498,28.23548890187957,69.1568231803717,19.778011001182524,28.519738313515898
2022-06-06,0.0,20.529726939173603,19.820485647524173,23.766662907578954,16.44437484873113,11.749278684553932,0.9863448915054055,22.15981044112341,27.364195575618744,70.3927705982889,19.640864033861114,28.812405209154306
2022-06-07,0.0,19.665125495266828,19.706436461983593,23.108666533295036,16.174862120915495,11.549277719050806,0.9763409503766353,21.977078762386572,27.39633255385901,69.79429422513861,19.618635698203093,29.011931765159122
2022-06-08,0.0,19.904131577766343,19.904470585677807,23.266423434871903,15.420717828788643,11.299346933988447,0.0,22.086117152293383,27.83404884856556,69.82068557096956,19.767830554928707,29.04485221991854
2022-06-09,0.0,19.459664149201554,19.939989843509405,21.075342781879012,14.554604084585824,11.091046130811009,0.0,21.99479780221164,28.221374099413048,69.88181159546141,19.722233666258546,28.626426306191018
2022-06-10,0.0,19.667178085953374,19.93433561499266,21.308185532698634,14.72925577644919,11.099493031858657,0.0,21.946422963593943,27.563607063437473,70.01268034126859,19.640736050179623,27.970056918492066
2022-06-13,0.0,20.225954381976063,19.974872876022747,21.69808148902559,15.332374656051476,11.059677524775156,0.0,22.199503105367842,28.174921578370498,70.40865373636699,19.92364522829119,27.93925794628967
2022-06-14,0.0,20.08706379204082,20.214109039443578,21.653615407524637,15.29315327493396,11.260598643698366,0.0,23.093780968193382,27.562234696464767,78.54687888548162,20.436470306096105,26.210158289153853
2022-06-15,0.0,20.026279233725823,20.05046622515339,21.8884172418796,15.023815921182454,11.217384062429344,0.0,23.113731183302853,27.267571127969738,78.48942662505476,20.350317392891462,24.967345454687305
2022-06-17,0.0,20.367196268697118,19.921100868334584,21.84039641198533,15.083811999631926,11.308834890380846,0.0,23.148188856652236,28.15395721172227,79.58232360901586,20.435285441544035,23.91399066020157
2022-06-21,0.0,19.992594928875363,20.40432496603941,21.52203739861134,14.61094828862383,11.301681656394154,0.0,22.845052436026865,27.419642061692752,79.26007734050096,20.836278772568992,23.81668781526963
2022-06-22,0.0,19.48843646077228,20.51784853197987,21.44143483189437,14.555311719836483,11.256684093825948,0.0,23.17707651072026,27.019826162120115,78.99862544705907,20.94558210891993,23.62939812083956
2022-06-23,0.0,19.479876245822712,20.75574054899587,21.37222326986747,14.57513695518805,11.320625185879136,0.0,23.388856023197974,27.286692704721144,81.34433805941548,21.095348917164443,23.97989057413971
2022-06-24,0.0,19.467796939459102,20.340856520176274,20.756613702704858,14.562021793970937,11.30602544647004,0.0,23.384597719623805,28.291655851737303,80.63068985670391,20.863351885738066,23.98310724087995
2022-06-27,0.0,19.899050622728353,20.333843942577946,20.909076194130094,14.452289610973182,11.2998122705307,0.0,23.123176201356475,28.87331039759511,81.04253987868081,20.826268023167216,24.00215240135297
2022-06-28,0.0,19.61741757306053,19.935789810333272,20.82176822449676,14.176435010041486,10.63327567713219,0.0,22.881010239564024,28.868645863817115,80.85204168636693,20.48566628627891,24.218561150990713
2022-06-29,0.0,19.637207623606688,19.935964969654027,20.714757451158867,14.16628132121841,10.43408280353522,0.0,22.808647995861122,28.588150148274238,80.70030061230644,20.502718986575857,24.33247035697671
2022-06-30,0.0,19.770185570097976,20.106007841374957,20.75163004329926,14.137040759634836,10.428594381935294,0.0,22.87744575757085,28.74526096498889,87.46092975511537,20.41826747042387,25.26943694443551
2022-07-01,0.0,19.65325575546797,20.34328022695366,20.552539242200417,13.88899072759123,10.343749266350429,0.0,23.171569915051123,28.750076841073707,87.89103471456757,20.547585635666575,24.693586935366827
2022-07-05,0.0,19.647469707065607,20.385181241325938,20.55388468561424,14.212293649542515,10.280293621667171,0.0,23.31625773011589,29.08305318865417,87.68565152128755,20.696741684631757,24.99804270672072
2022-07-06,0.0,19.693526068951773,20.37200297681051,20.556491945738305,14.342346952026839,10.250464543692312,0.0,23.375481694141342,29.154400085770284,87.68206316853882,20.770649686024743,24.927884985600475
2022-07-07,0.0,19.908638005450726,20.142794572199236,20.787072685037508,14.08771508840064,10.456020115968968,0.0,23.36739951650307,29.56480800588424,92.12148909754602,20.727686610882593,24.655350742631548
2022-07-08,0.0,19.914784450176075,20.134608047149282,20.812384009517203,14.034407321167548,10.381415770410648,0.0,23.12463317522558,29.648743283265738,92.55678172695723,20.710205836311932,25.691057499009652
2022-07-11,0.0,19.857038292534636,19.884282610488874,20.785769978560392,14.05943310876771,10.542350568641183,0.0,23.222195880074747,29.75704109245167,92.78359959492708,20.78183576331299,25.591008486319826
2022-07-12,0.0,19.9039650186761,19.932222482907022,20.759744974238536,14.065885150532232,10.533884440031404,0.0,23.387150844709044,29.70729176135046,93.19233181444979,21.11691804745917,28.483824594915617
2022-07-13,0.0,19.860914482772785,19.8601671560327,20.641424211758487,14.022269359712988,10.894435479898211,0.0,23.46424898469491,29.72471326905396,94.09192729452457,21.06174204023614,28.554936661976953
2022-07-14,0.0,19.998888654186405,19.924017479281936,20.672198772212287,14.306983465965004,10.612322869976209,0.0,23.659650604864975,30.47085084463757,94.09575149588711,21.13983553018392,30.856822064188915
2022-07-15,0.0,19.97052945593172,19.79752721318033,20.843926964958023,14.291140816050168,10.193058425198572,0.0,23.51474658019874,30.573261325962502,94.21814550152537,20.974691936896697,40.242618341360064
2022-07-18,0.0,19.996455571854476,19.80314988177004,20.733160715588088,13.956227097156413,10.123549182373633,0.0,23.424959480244254,30.602306028509847,95.06542179096667,20.985429081406327,40.2044853460138
2022-07-19,0.0,20.20195942304985,19.787819464459403,21.625945011848298,13.900126056900039,10.18275471895021,0.0,23.423792713937978,30.85514109419748,94.85832089907242,20.946956918968922,40.35428547158374
2022-07-20,0.0,20.195798416508204,19.71591309350646,21.62613399986976,13.910227436759182,10.185696727385118,0.0,23.438234266227763,30.79121942132521,96.60938164224854,20.99012250849453,40.27862519751391
2022-07-21,0.0,20.244437662469608,19.716249539112283,21.661295012675573,13.955396657211425,9.954818929670765,0.0,23.443930161311613,30.77772877412759,95.6470825895695,21.05380196197349,39.97217880485561
2022-07-22,0.0,20.24066815538737,19.763373639581573,21.70696630821796,13.920163147110776,10.151720362375375,0.0,23.402057958654865,30.792717089548415,94.48569300697893,20.896851345758556,40.06358939208363
2022-07-25,0.0,20.470535769785826,19.71619137355591,21.806717856897766,13.930997527841615,10.298862735067555,0.0,23.167200118206672,30.65112318363291,94.64482289471957,20.905114952280012,40.418674069241256
2022-07-26,0.0,19.769229153673024,20.023415997386383,21.51658416417071,13.81396304087942,10.089472687404824,0.0,23.817416828619518,30.02284840419681,93.88269179850532,21.52308340494348,40.72369151090101
2022-07-27,0.0,20.12109796640549,20.106370613612068,21.619836921829428,13.342562942865374,10.085783936526365,0.0,22.823228991028017,30.27080729963198,94.19233377855505,20.300996282139078,40.68128935408482
2022-07-28,0.0,19.78421160815088,17.774900806442858,20.99039790081226,13.863827991899994,10.225024284662378,0.0,22.592266791715947,30.03952130421273,95.10945832696251,20.528089002890734,41.05846329505254
2022-07-29,0.0,19.638152588428294,17.581210813152296,20.988034322361443,13.894279367405584,10.275685740832834,0.0,21.682012458454448,29.642362840299736,94.43161293352733,20.107248265692483,40.89283238199693
2022-08-01,0.0,19.68210368977335,17.310634583435604,21.01416936615193,13.914427093402045,10.44585917905393,0.0,21.44920700285739,29.674817440033785,93.74619846038166,20.058366228248016,40.93905940308246
2022-08-02,0.0,19.34807986547215,17.226474365824927,20.935723878078647,13.71063791270638,10.269363240635816,0.0,21.16344520592529,29.70243007998664,94.41294642161397,20.02488899446504,41.13872409071436
2022-08-03,0.0,19.27488305971122,17.166912900031786,20.741537969148897,12.903221695432322,10.319430312819671,0.0,21.029437296342206,29.84401399131304,95.2726394381379,20.286471130898207,41.15053777915576
2022-08-04,0.0,19.72015919622007,16.71817296234825,21.733307121802607,13.379197092012507,10.76270541609309,0.0,20.599087254459267,29.934798839847875,94.55498263187727,19.797740860020337,41.34643005041902
2022-08-05,0.0,19.53749773442179,16.057473308080628,21.54477954160752,13.475948376187889,10.841918844727203,0.0,19.95858623310941,30.038323816646066,93.88648093465589,19.326336039401067,41.49286507746138
2022-08-08,0.0,19.08816548664559,16.093232681717893,20.656513475903253,13.556494105222194,10.937228518010727,0.0,20.684891190621602,30.13740212137817,94.23502025301507,19.345782325238147,41.438845344363166
2022-08-09,0.0,19.09548796539788,16.28708089435024,20.655184886066046,13.559110358743082,10.928210541885834,0.0,20.59076018110588,30.235697610227447,92.89841106599758,18.98201231940616,41.50084699811391
2022-08-10,0.0,18.949460315746393,16.14566198686439,20.914732369235736,13.337493494501024,10.890470544780737,0.0,20.53210763438598,29.734725627821064,89.62481260540036,18.877443624209334,41.56216418845604
2022-08-11,0.0,18.983380813567624,15.751683869664902,20.92355462690025,13.23105038589874,11.010912085424309,0.0,20.342331031999063,29.38566815452181,90.49054599388943,18.644113294797055,41.67287319077894
2022-08-12,0.0,19.684198712761244,15.94998410451541,21.33289222917693,13.193309818137969,11.165876382636823,0.0,20.4486579438802,29.351946606252284,90.34198397909509,18.77597115140369,41.60259259665414
2022-08-15,0.0,19.500917043753848,16.57651792990384,20.838649640159886,12.967129156736856,11.489381191748588,0.0,20.74739841573456,29.59084882208552,90.33784763708974,19.048573460026578,41.59059677476312
2022-08-16,0.0,19.4699015299121,16.39898794297216,20.83240573307433,12.877504539252527,11.33377444455414,0.0,20.68410963951898,28.964854762632264,91.2311885356184,19.067010387038376,41.626030573856525
2022-08-17,0.0,19.245454545716164,16.38900692128952,20.760275125820478,12.930998271031214,11.707156312568634,0.0,20.267715254288714,28.974330372188835,91.01673182338035,18.918547290200713,41.425424535133686
2022-08-18,0.0,19.249811504219192,16.410243161159784,20.60277142891946,12.924875600575467,11.671754684275124,0.0,20.24698757990521,28.820925377399643,90.67796733032046,18.937126210464523,41.467457881088635
2022-08-19,0.0,18.91892047775729,16.257500485170958,20.14922244410614,12.947191204601996,11.671754684275124,0.0,19.468188611473806,28.471145381492008,90.71034485144445,18.27489642542999,41.34888298599157
2022-08-22,0.0,18.987277930161152,16.32317117409869,20.34626844216097,12.683900797383393,11.671754684275124,0.0,19.19195311797054,28.27489339826145,90.92928832756196,18.24488089091899,41.446436324368435
2022-08-23,0.0,19.414204073904553,16.433995388756575,20.126678551919603,12.790133767833689,11.655166964442545,0.0,19.184122457355794,29.420490237150105,91.3703659733886,18.17912233589106,42.4002039232994
2022-08-24,0.0,19.075751300103448,16.31496855877037,19.933357674480902,12.76669186177413,11.545778222160417,0.0,19.09027551741046,29.368428788086053,90.01673532585677,18.181567408162238,42.390131589612665
2022-08-25,0.0,19.097816594762023,16.31370351828792,20.132389066594236,12.667480596393524,11.62133421695218,0.0,18.91216886278975,29.38288051625939,90.01533956672462,17.943190764675816,42.313528703985384
2022-08-26,0.0,19.313730859736175,16.27114740272815,20.17472671232677,12.73840333484279,11.937399773048169,0.0,18.82549711764152,29.878600602457006,89.97269265623503,17.945024138215672,42.48592153165345
2022-08-29,0.0,19.233196508127175,16.373102044725808,20.036982453041716,12.73676797201384,11.846430101590697,0.0,19.219603259334075,29.82482805570974,89.95649548771698,18.056938670123756,42.73426986712083
2022-08-30,0.0,19.52291694374589,16.320962962513306,20.007085850824993,12.79231404476625,11.818517513512978,0.0,19.21858624793878,29.823583125082486,90.12618255645442,17.958639130107066,42.59546658596523
2022-08-31,0.0,19.51898053360858,16.827874545107903,20.671408169718987,12.810951878789195,11.834411543789166,0.0,19.48573989278551,29.919790560589448,89.04121272485706,18.29063079139656,42.218335661628494
2022-09-01,0.0,19.533635812008097,16.943443580309424,20.730986215157422,12.914862423950233,11.805571447659398,0.0,19.383753157543282,29.5545572129377,88.11341120150898,18.367976637778526,42.06161905871606
2022-09-02,0.0,19.44852315018358,16.83899105432289,20.771438520170307,12.739677842269451,12.104640319427984,0.0,19.381375532014047,29.195304936868084,88.61455998738572,18.172369653739846,42.20928329246068
2022-09-06,0.0,19.430141516599893,17.181457556180995,20.66638722230037,12.607677606232743,12.230662672227782,0.0,19.739720287917777,29.232729705371778,89.87506172881811,18.49164724332746,42.36604240018348
2022-09-08,0.0,19.35524980501062,17.750338931549223,20.562001915733983,12.652015757043944,12.254434112447745,0.0,19.68391241971407,29.24509694947211,88.04509586713819,18.757470714696737,42.16102398839431
2022-09-09,0.0,19.941967085502878,17.78523340756188,20.574129418675767,12.657379284532949,12.280747556500158,0.0,19.65690494056154,30.377469669711942,88.07283585573866,18.81713335163953,42.6011794459742
2022-09-12,0.0,19.74173986453538,17.594745837086005,20.532765346686034,12.741299545174423,12.317268816360913,0.0,19.558653264917737,29.874991851929405,87.3616586901209,18.814418075448458,42.74669400307359
2022-09-13,0.0,20.2892959232345,17.523358474604763,21.052658841791164,12.976443001785398,12.94335691913688,0.0,19.633860572261682,29.974670146206034,87.15710283501377,18.92156175743242,42.684715684720295
2022-09-14,0.0,20.047141622302917,17.473084950818055,20.543348704076184,12.701270076635158,13.013948043662321,0.0,19.677212567068302,30.296884650204703,89.37155036442748,19.280786555364266,42.684356989563994
2022-09-15,0.0,19.096033301205956,17.438371320303055,20.08856227225989,12.394195847845827,13.013083802298429,0.0,19.497810656464168,29.780394466038125,90.94050107173113,19.059403000302396,43.55334247462468
2022-09-16,0.0,19.144109850019227,17.493948934290295,20.205819446150855,12.310405099706653,12.913110302765837,0.0,18.696974851354103,29.325439300497052,85.63488774553466,18.625519013335097,43.554026064946285
2022-09-19,0.0,19.615670543911985,17.492122090143063,21.283496450410162,12.283868575502908,12.8856112964897,0.0,18.672701761490927,30.011810090278633,85.42847759912735,18.625690468424242,43.51957505231287
2022-09-20,0.0,18.638977764986308,17.665478449348328,21.59123053272294,12.02712241049902,12.94674426113188,0.0,18.911643228561456,28.871852054691022,84.37399013008324,18.710019432297162,43.63577407684507
2022-09-21,0.0,18.704428461011187,17.07750818735339,21.70582366140828,12.059525272012861,12.967504368303596,0.0,18.911046193368943,28.87728602309053,84.25322718774252,17.967500673425036,43.276485731087384
2022-09-22,0.0,19.112377435629373,17.019313563450954,21.81055020839208,12.102217698406074,13.028450489442756,0.0,18.462276453226554,28.90737168174772,86.24199433191299,17.825653996782435,43.23455649669182
2022-09-23,0.0,19.510050217285173,16.7318684125431,22.12605625522562,12.398286524296957,12.989767541705758,0.0,18.163778261343452,29.074785630801554,84.56456651736033,17.73703830960855,43.0184903534945
2022-09-26,0.0,19.933685220862234,16.85867729886533,22.48695669826789,12.610916969991825,13.128765254913539,0.0,18.316089625073452,28.510375761371392,84.5714480833328,18.535535264664542,43.09608523195004
2022-09-27,0.0,19.79597319475546,18.540160085832564,22.605110098616393,12.63272729362073,13.11075863834999,0.0,18.61143353171539,28.071598884360792,84.49589922116847,19.182915748123172,43.080873623332685
2022-09-28,0.0,19.793683994808486,18.540113077048407,22.412831608151567,13.408413398646,13.108541395965215,0.0,18.607979878592896,28.013842847630833,84.71389141915334,19.188058959222616,42.869550305637716
2022-09-29,0.0,19.74466499401179,18.700890772150203,22.233445447828977,13.407764186926723,13.209658552491705,0.0,18.610422384322522,27.918501340820473,84.6887752463703,19.160327421715916,42.74984835336589
2022-09-30,0.0,19.925999637666596,18.453249340348307,22.21706025212233,13.40434236848016,13.431989509415597,0.0,18.2070792489229,28.446694043387676,77.6495805724403,18.87112207607972,42.31822410057866
2022-10-03,0.0,22.618617548145387,18.1196727499977,24.990726689114,13.960953407830509,13.471408255012973,0.0,17.766813963103225,28.90450434466498,77.5208611829778,18.6937365964501,42.217773209894546
2022-10-04,0.0,22.548281872399187,19.904681109111277,24.96755410144437,13.813277599879498,13.46620460210264,0.0,19.550466708953792,28.456318241057925,77.83548683928836,20.69850770517268,41.9609147447806
2022-10-05,0.0,22.608795364556215,20.23271880429796,24.946979372505773,13.52122875661641,13.598770316329734,0.0,19.385554950656005,28.45743725955999,77.84330210391653,20.583969021332152,41.8925065760064
2022-10-06,0.0,22.306775143760653,20.23536620772004,24.90881135031845,13.515877452891731,13.553422731882813,0.0,19.349650087230106,28.16488499874545,72.61765832163032,20.530600838936934,41.94340973854568
2022-10-07,0.0,22.37237179686132,19.970989249573844,25.00710427364321,13.569946923021172,13.759321728565496,0.0,19.131461694198165,27.935452762266344,72.40337722003132,20.299855114933074,41.10739609091378
2022-10-10,0.0,21.912920195880748,19.794330789433197,24.43203587570647,14.058725097417133,13.573635073756238,0.0,18.846806954841046,27.596092477326962,71.94063359969127,20.07103049997941,41.36571714844693
2022-10-11,0.0,22.100040054486453,19.79059177851909,24.556510982860036,14.118806046142568,13.667042579920086,0.0,18.564553845990485,27.604496642920395,71.58561382969961,19.49582129367256,39.51213502939539
2022-10-13,0.0,22.06165948926226,20.132654152327614,24.518339851940034,14.084318141797203,13.469413526029598,0.0,18.44477052976988,27.49818372251332,69.68619190177088,19.79953994341589,39.48409145238492
2022-10-14,0.0,22.249768437185647,20.082561923122196,24.474253863843156,14.075761544257082,13.659085590057696,0.0,18.31666143464394,26.50558810305432,70.17946084777587,19.76577481561334,37.61550819939687
2022-10-17,0.0,22.405586855961342,20.126701487891925,24.548224303577747,14.212726162862138,13.547048177900834,0.0,18.348080839535637,26.53654958017621,70.42663718260587,19.90282534540447,26.722112812403598
2022-10-18,0.0,22.612899392438663,20.124946646377477,24.667950604901087,14.211648502067145,13.53397745954543,0.0,18.470028720061148,26.624041782979475,69.53308348811272,19.98341098040673,26.649344335875686
2022-10-19,0.0,22.505844805803648,20.00556243168775,24.1382761625819,14.428180372616287,12.93037503135969,0.0,18.465569013825885,26.592827649828354,69.958720998581,20.000056933153225,26.102557839208135
2022-10-20,0.0,22.522095523369913,19.99354080966336,24.209690160324563,14.396456202943126,12.929959258604704,0.0,18.472028936478043,26.777018028313144,66.62658696446208,20.021399721084627,26.056976361752582
2022-10-21,0.0,22.974054547645913,19.996970911312566,24.457254138250786,14.534749812249014,13.077622144739898,0.0,18.46042278198229,26.845415803614326,68.0379545332035,19.988240353577368,25.324969853389454
2022-10-24,0.0,24.13634838558411,19.922519726303072,26.1521387375364,14.421220745052048,12.788322348406004,0.0,18.177478199486195,26.90787056928014,68.10637682853987,20.04335528406572,24.938104805987713
2022-10-25,0.0,24.167819798232383,21.218942167743794,26.219209031684017,14.411873954229703,12.884338641682902,0.0,19.470830237258678,26.936525642606423,69.29929778481117,20.842214703525826,24.43866711347098
2022-10-26,0.0,24.394421647649178,21.05097449218501,27.237055609829113,14.486731937236778,12.883821931374568,0.0,18.928166060205815,26.9521125707323,68.90911188640587,20.21309696376534,23.85164970326212
2022-10-27,0.0,24.304380036481536,21.613299401457414,27.630679340866404,14.487507568302485,12.88321630613468,0.0,19.676918818158644,26.74438869688102,70.04793190555017,20.377084395033233,23.8759169540517
2022-10-28,0.0,24.270487481045542,21.844248115197505,27.563852238581667,14.183584252509181,12.929259934048485,0.0,19.56541992970401,26.92112412898744,72.06755613285274,20.036923699817997,23.450385808126704
2022-10-31,0.0,24.342438406158585,21.76657519411127,27.965012942357898,14.087247348959853,12.88529955568267,0.0,19.82324186426415,26.88997479134345,76.07629266934117,19.992613500420966,23.618664373333274
2022-11-01,0.0,24.23514061438199,22.56057896016845,27.89822389801663,14.121431611658513,12.910972616280644,0.0,20.583174001263586,26.427030072385616,78.52377851187498,20.429697917014085,23.405975601904206
2022-11-03,0.0,24.170587481484098,22.680492585970494,27.880787035397674,14.243921477605326,13.03721610559177,0.0,20.236904897261887,26.331364345143026,78.03079970443059,20.47272494382622,23.434042481992968
2022-11-04,0.0,24.215379918759954,22.727763358284335,27.800609007725885,15.32817046232939,13.006966306820244,0.0,20.245997184374414,27.136950040748374,77.97077395591165,20.16411548176964,23.430943533589556
2022-11-07,0.0,24.466738892227497,22.82896421275954,27.64536781441025,14.896331104618957,12.765869922741832,0.0,20.24809810588296,27.122260812016236,79.8616849133051,20.20733576170541,23.29172057308852
2022-11-08,0.0,24.492493130944663,23.418464508100765,27.599557236049023,15.458006107875152,12.802729981453345,0.0,20.693783009858265,27.3151629675871,83.0947879914465,20.26137988173359,23.344850807493785
2022-11-09,0.0,24.68127716344176,23.41329977377064,29.16501166614166,15.364998560247098,12.772734597714757,0.0,20.13674065698054,27.270376397273495,82.74947548281439,20.185980246433214,23.35957067220159
2022-11-10,0.0,25.66040711784632,23.10375971416037,31.164336194715524,16.0831731968984,12.76270077534862,0.0,20.078106281042803,27.13435499642362,83.52930121318106,20.13546618470755,23.55626733573279
2022-11-11,0.0,25.913420724699808,25.063402356629606,31.27411075018009,16.189138802083423,13.018572365687403,0.0,23.860769640809213,31.115720747142007,83.64259804460163,20.99845796876431,23.530280575979724
2022-11-14,0.0,25.9309118539711,25.15824959350614,31.290682135711222,16.20173634805546,12.996941573757043,0.0,23.981620774642938,31.07174845060222,81.85453255587049,21.105530183990968,23.409898735892547
2022-11-16,0.0,25.83526817802812,25.00367041710713,31.079351291499968,16.169035143606482,12.904997159104855,0.0,23.880003130916762,31.005623282768607,82.45006391481951,21.05551444593902,23.302526626633405
2022-11-17,0.0,25.86451137224863,24.724022690566244,31.088107878366888,16.11455890313353,12.498836453351078,0.0,23.652926678938268,30.80722157595416,82.68895961303936,20.91782197219611,22.911284025616325
2022-11-18,0.0,25.85251727575079,24.693239045050397,31.120653381771625,16.119898851533325,12.496916721083418,0.0,23.638075627410544,30.934660650612816,81.3728797573523,20.919027871587346,22.283605917415194
2022-11-21,0.0,25.9132191097658,24.75096358623802,31.166096637037356,16.139151998294125,12.145703975756968,0.0,23.685928949846232,31.022325006613983,82.92211392048772,20.92467540254984,22.430056976254523
2022-11-22,0.0,25.95500462998816,25.071967652796655,31.247624590049668,16.130431831882962,12.18473739692585,0.0,24.169240987828914,31.015436822871905,82.92438747005801,21.05760031571138,22.41575082164716
2022-11-23,0.0,25.755322808597654,25.142823362766144,31.21950968393678,16.12514994334987,12.323658749295161,0.0,24.310516809311224,30.616944583046973,84.42990021677882,21.101405909580677,22.4126999145614
2022-11-25,0.0,25.645106310814235,25.08627334928152,31.114539342430398,16.073949311529713,12.335076299354382,0.0,24.35095058398372,30.465302783431873,84.35405621845773,21.157454671254058,22.337470535542604
2022-11-28,0.0,25.209265886243976,25.143499948752503,31.068708986618553,16.080776758848383,12.273114873267915,0.0,24.434339358689176,29.191871053021355,84.22986067836517,21.39106371384846,20.734774259248066
2022-11-29,0.0,25.527687998569,25.256655287658784,31.200509538342374,16.108850893445258,12.340035767566963,0.0,24.441058825795533,29.350303890266144,85.72208116268041,21.35100612660589,20.684923214212933
2022-11-30,0.0,25.65195898298709,25.615958717489985,31.027107337392334,16.070709400420768,12.271947880080877,0.0,24.724667381051706,29.349950224747122,86.07107314379205,21.681581569309255,20.563038445057423
2022-12-01,0.0,25.63002310595181,25.6610180383322,30.971704392913153,17.07531609371513,12.16062795690604,0.0,24.763603095253607,28.705815031703686,86.20364309793264,21.94678845794207,20.59225039243397
2022-12-02,0.0,25.66031069951909,25.62693992812574,31.097813471472403,17.089780131602797,12.305097548037395,0.0,24.660882911917373,28.584466202976056,87.1267070270562,21.864162507046654,20.555757534108224
2022-12-05,0.0,25.87060571296381,25.64603260380165,31.738579140028722,17.32699338318324,12.712774908157808,0.0,24.63962530329095,28.383255204253622,89.56474393556587,21.84530675426579,20.608770507747305
2022-12-06,0.0,25.89266130030507,25.395290512724717,31.384449766343813,17.276934739355703,12.799997057655716,0.0,24.42087476919597,28.377542769532617,89.54754413741884,21.653839468261904,20.566359526059287
2022-12-07,0.0,25.92323973775073,25.408958006231313,31.212325013833937,17.238702934491474,12.840053018182859,0.0,24.496062434276475,28.88291837259443,90.07603936329998,21.61288884554671,20.097331292018694
2022-12-08,0.0,26.091649793781198,25.409832251482932,31.770348502593592,17.18263081397752,12.526096910115125,0.0,24.47057353963855,28.907570893910094,90.0958195859198,21.52664152125902,19.85806685423472
2022-12-09,0.0,26.012097313026715,25.185021274673243,31.718526542483165,17.157677883609324,12.422395476665546,0.0,24.164512244653476,29.56457021346679,89.59715317958697,21.276871019808212,19.533948111177672
2022-12-12,0.0,26.31663983580449,24.796050932458613,32.06026554814269,17.275168425598327,13.040913926486045,0.0,24.08909304829848,29.908875017832386,90.1691489498832,20.974466408872292,19.590867998859615
2022-12-13,0.0,26.01495087056307,24.96032763704421,32.1721252281655,17.63113408634334,12.94653636853043,0.0,24.126375933807882,29.174938761786144,90.79129332355276,21.187167959104602,18.178022755135455
2022-12-14,0.0,25.945789514198538,24.8614670042864,32.06888390621583,17.610712720421684,12.92168784558491,0.0,24.145367614275955,29.181548511365442,91.68098128809508,21.049004187689913,17.712293864021678
2022-12-15,0.0,25.50676541172285,24.852382423166937,31.827757923848445,17.734221368388138,12.345638272090934,0.0,24.033939075861767,28.66961891830458,93.28527126742101,20.94092581090025,18.357693792211023
2022-12-16,0.0,25.543046030974704,24.846442834818337,31.802601332056657,17.742379696574343,12.256933109458974,0.0,24.165427293397066,28.332561900529985,91.5456766022497,20.635991849231143,18.356253423043707
2022-12-19,0.0,25.755853235722064,24.83118181121274,32.84389728021997,17.31321032107959,12.256891142173957,0.0,24.188152281045213,28.61001044891454,92.68587038374304,20.606052602128972,16.206240879445303
2022-12-20,0.0,26.187727987270065,24.643923331956167,33.29567717009114,17.550866415557724,12.189812577269885,0.0,24.114211523527278,28.755415461042233,93.41585154594557,20.368894640803088,16.285249544062395
2022-12-21,0.0,25.77267693731937,24.891933987872314,32.51435785746537,17.527648921467257,12.215928070154455,0.0,24.407381890133962,28.22654565621964,93.42052327657896,20.677928379683745,16.603409302866712
2022-12-22,0.0,25.73668216026202,24.743392231540597,32.04645599287554,17.838009649974154,12.093317913195742,0.0,24.096154499121003,28.04311203114626,94.14413794934183,20.44827438753107,16.071973604019348
2022-12-23,0.0,25.903983770851806,24.672902967037835,33.02588129788738,17.85055029686586,12.136782726924698,0.0,24.069510060754858,28.145801631338767,94.20288941341654,20.459683380523302,16.081184554664382
2022-12-27,0.0,25.54504892225537,24.610937706849015,33.292662541837515,17.94016041570584,12.056455664295838,0.0,24.085285743427427,28.372947510257234,93.06419440425131,20.526780262354464,16.272740355374893
2022-12-28,0.0,25.258804994832868,25.20002905729357,33.46597002482763,17.652280360611403,12.764033025243975,0.0,24.139665472195567,27.66813086566802,95.20308997942567,20.597549460065203,16.10127694647207
2022-12-29,0.0,24.944668666796417,25.080034587985555,33.27353375403017,17.41410592365325,12.82888409874208,0.0,23.918070207743447,27.310990637244625,95.3127569899206,19.85631823535147,15.816014625668457
2023-01-03,0.0,27.131027151371057,24.458510644133778,35.5909513527854,17.511698558966,12.954317581639078,0.0,25.181563898624454,27.406503370578044,98.12450681019604,19.544681963061166,16.0446423742455
2023-01-04,0.0,27.320377558433933,24.504136394912777,35.57477915824995,17.128442089060023,13.066584589077115,0.0,25.402876979768752,27.43626634676285,98.37860420438933,20.032046222690518,16.78408549247373
2023-01-05,0.0,27.591847018279616,24.450213962460413,36.300082483895416,17.27345816437672,13.12747203447873,0.0,25.659325822819895,27.61988939491288,100.47245767242916,20.115584989855467,16.78419319357518
2023-01-06,0.0,27.377888507181368,24.744986690596253,36.334420275957555,17.5104171592956,13.512218600274137,0.0,26.127778814962554,27.027008212565605,100.46402559833763,20.322100117155408,16.604419722370732
2023-01-09,0.0,24.946656116711505,24.880159616783374,34.16561624897558,17.19774176624186,13.458302297144117,0.0,26.315486520117858,26.706995490135572,100.92920067769899,20.839313242656385,16.571506506389735
2023-01-10,0.0,25.19522531851485,23.34369133167897,34.66818605207092,16.930287897231008,13.838353329805065,0.0,24.70511294972965,26.679724568252368,100.896047594351,18.671782327365204,16.572893110439445
2023-01-11,0.0,25.360690755895536,23.24175846456675,34.862026170985125,16.870030543946616,13.738748301037631,0.0,24.879871912218217,26.652089408851815,100.85888036145292,18.792998120382205,16.57321628348015
2023-01-12,0.0,25.373393271883216,23.25643640578693,35.02605740098706,16.977374337851458,13.65221062923085,0.0,24.923951141199975,26.62035129558255,100.86163299878538,18.842291813709945,17.04672735392963
2023-01-13,0.0,25.365297141624517,23.196393777206495,35.023351221604344,17.019453842377548,13.63086987072169,0.0,24.998240475645314,26.58896023545381,101.63161978837604,18.91692615375099,16.930550231324705
2023-01-17,0.0,25.380861063027883,23.187699118005494,34.99352105113453,16.529965783408535,13.853340712374573,0.0,25.06903366279444,26.647887218294535,101.98008046902764,18.96330101183071,16.622911675110302
2023-01-18,0.0,25.293647668590737,23.226553753179825,35.17614428020736,16.51849758041868,13.756720917894222,0.0,25.13756638328008,26.675410338301887,102.70099412428384,19.042822986813665,16.59638280706607
2023-01-19,0.0,25.293681855115125,23.151471650064398,35.1308063707071,16.514350732562715,13.729725100428041,0.0,25.16348779208812,26.697471846791586,102.51084898970639,18.907257144684834,16.57112370673758
2023-01-20,0.0,24.991938554923955,23.150083778527065,35.1473616730596,16.045281225363357,13.502808346580771,0.0,25.056654128440876,26.568751308031818,102.38090196082781,18.876442584364792,16.420230538726265
2023-01-23,0.0,24.796838546847756,23.156620569219776,35.327567378052855,15.992537877915556,13.590957298574907,0.0,25.069049793018795,26.52244787003849,103.35176858243318,18.73932946086557,16.584086492549343
2023-01-24,0.0,24.65993782629414,23.15265576237302,35.27562603076194,15.925166101124477,13.594128955618498,0.0,24.984069202812005,26.464877580879474,103.55708707195113,18.64792529532736,16.893286037605396
2023-01-25,0.0,24.749068645908274,23.26056631894754,35.367558341279995,15.606702390594304,13.815630929895073,0.0,25.01077947654214,26.402978151385575,103.72978754429157,18.77303461379322,16.887010526384024
2023-01-26,0.0,24.70296055050529,23.340180289441417,35.23867473964221,15.711473880824517,13.815464715951679,0.0,25.055996070728785,26.365227930694328,103.9146159599738,18.902641558232997,16.95914195059381
2023-01-27,0.0,24.427816517238945,23.278599037355836,35.02780304788117,15.5983280370768,14.01717947754574,0.0,24.940051173756032,26.60860306427832,103.76539623021897,18.8072160239873,16.95960359923411
2023-01-30,0.0,23.49721727714702,23.235731929375294,34.03039138973554,15.617365303072098,13.858757085136938,0.0,24.906681982497307,26.536532316261003,106.55585023963438,18.78862322258972,16.94085070405446
2023-01-31,0.0,23.45833532784584,22.17564769408678,34.03706100359917,15.618496485838149,13.796510965719373,0.0,24.111659699999205,26.538573530698745,105.07785352842251,17.926307432006823,16.9238270011014
2023-02-01,0.0,23.37940770735162,22.171453794964517,33.46842365410166,15.608507958426419,13.796251000766812,0.0,24.121775421896942,26.515487142066576,106.01705338634883,17.988289275737717,16.924483497349257
2023-02-02,0.0,23.47493036207725,21.64722658755667,33.04306351643094,15.67399470014984,13.800335398856411,0.0,23.64241603026619,28.276511165227713,105.2152659721035,17.78328275502892,16.989843909347393
2023-02-03,0.0,23.641180546561564,21.348337003172695,33.35899316820307,16.534477326203326,13.720185550993936,0.0,23.54941487074474,28.140158702641717,103.0130748568428,17.72027888405551,16.998178471526245
2023-02-06,0.0,23.51136611507552,21.266638830699414,32.82861663909154,16.511127272352837,13.719429778262073,0.0,23.270401376923573,28.2471729513399,99.81478163886793,18.107792137339192,16.69914093700128
2023-02-07,0.0,23.53695181892918,20.36160748754754,33.031612128833096,16.4974087788998,13.620706435427888,0.0,22.496146355425022,28.119314490419494,99.01536714413031,17.62818497116183,16.651069515719765
2023-02-08,0.0,23.895930218860034,20.234290806940276,34.912830168703316,16.289605440600223,13.499540589933334,0.0,22.918677776591238,28.112980125822375,99.11443991881389,17.74258967165332,15.846853552529028
2023-02-09,0.0,24.006247168596875,20.06524957668902,35.165651856739814,15.526695490270157,13.504439986555894,0.0,22.845511731839522,27.44769321623675,97.80870355315672,17.711025185755396,16.002041324066578
2023-02-10,0.0,23.569709441335355,20.318504549702325,34.923848289019425,15.542896179565533,13.375653483915576,0.0,23.008392616322695,27.43298910348478,96.25540749283023,17.96470369890998,16.194545316472816
2023-02-13,0.0,23.614829201238155,20.215852074013718,35.12923569958675,15.098409583720407,13.251225937448016,0.0,23.05065497087444,27.027415987952892,94.20250381653841,17.981905406678315,16.046974224619966
2023-02-14,0.0,23.347003841060317,20.259094751630393,33.775921752735265,15.09018681778046,13.169540424379228,0.0,23.26734065806923,27.02997030833695,95.33182000684157,18.106563269464193,16.04123790594779
2023-02-15,0.0,22.563264329261372,20.28953875144844,32.18914905798757,14.588508067396248,13.27817365681142,0.0,23.267381889483776,27.236151218447013,94.23847153900095,18.07757609953905,15.76268387842388
2023-02-16,0.0,22.11303470846206,17.845188281232303,31.859247453820068,14.51123776201457,12.975646130154356,0.0,19.586619164416337,22.330216183320246,93.89082410542919,17.04853713487089,15.70517401065164
2023-02-17,0.0,22.12801934282844,17.702456612922433,31.844704679812924,14.496042044682689,13.12006967072677,0.0,19.314245374360933,22.43405130482043,94.04793676453417,16.89068228489263,15.707279649174696
2023-02-22,0.0,21.827154015597568,17.834918799855675,31.78810249075642,14.532086303069287,13.071049657775188,0.0,19.578241207026576,22.521294412049343,93.49195173453086,16.869281629218836,15.572735771911864
2023-02-23,0.0,21.791770150716143,17.594566137732027,31.737761968521788,14.548712590530483,13.036598859317042,0.0,19.50134800579182,22.426212757657584,94.46033718589909,16.665351701536064,16.096233379593407
2023-02-24,0.0,22.006755926011632,17.60216607030537,32.090416870319196,14.548805700654613,13.084607434303615,0.0,19.494551383947627,22.55956408464264,95.59205575816821,16.640225148235626,16.38771379442682
2023-02-27,0.0,21.935934219748887,17.501158294538403,32.06180833872892,14.458263618301395,13.115218501377088,0.0,19.455663799478284,22.46069516069569,97.36534257093047,16.84050068457959,16.35375191954975
2023-02-28,0.0,21.94839188885505,17.497154312354326,31.933946355362703,14.50453947685725,13.051203512408751,0.0,18.854603384461647,22.634559306754845,97.4004836910997,16.68827846940927,16.833320184206325
2023-03-01,0.0,21.951960878333015,17.296468622918006,32.15414477566383,14.514342147883744,12.938097047359173,0.0,18.68958431618911,23.017537051758982,95.94015646000578,16.681195038112048,17.091903492847333
2023-03-02,0.0,22.055615188056684,17.297613129368433,32.249754116884446,14.505259371187678,12.93387019963513,0.0,18.64955544609784,23.01975252774195,95.80118511760541,16.764798986577425,17.03673978619656
2023-03-03,0.0,22.07675824959143,17.01240919497863,32.239082226790366,14.472505758410904,12.937248762783806,0.0,18.46823624172164,23.04012379694346,97.68092786243903,16.432188632638734,17.21436212719759
2023-03-06,0.0,21.774194172022362,16.812845818465778,32.68444478005917,14.453085542257464,12.856200381643534,0.0,18.475072202672564,22.684050488069936,99.6232641243098,16.36122068645003,17.19598285253407
2023-03-07,0.0,21.592035342208447,16.337815212206326,32.72443429409044,14.955290535788478,12.798443702666903,0.0,18.212482769675923,22.75291801070335,100.14955258112902,16.047634174526355,17.178095781496182
2023-03-08,0.0,22.09791906587118,16.322971182710013,33.06556379678291,13.573183201614961,12.61074388400472,0.0,18.165327777790438,22.793247343933107,100.39151622324387,15.778141940414207,16.95513756167101
2023-03-09,0.0,22.311945315654643,16.297099287355568,32.9504218513631,13.677441656790176,12.731367367465179,0.0,17.88556291959174,23.184248621834424,99.79500351332477,15.877102516739901,17.076799102629362
2023-03-10,0.0,21.987115794757013,16.286344954454584,32.947898197581274,13.718103388102543,12.325379985095813,0.0,17.867833203864784,23.556566877696806,97.94455715629265,15.83800259809075,17.073883296374593
2023-03-13,0.0,21.940537868910948,16.22084907753943,32.92085174871141,14.658534861018355,12.35899443250436,0.0,18.270004244734675,23.110888237332865,99.34349896083596,15.785765068533205,17.042412883065612
2023-03-14,0.0,21.900172051994655,17.356952762018317,32.97036997146311,14.592870628694701,12.780006745504807,0.0,18.590937990103075,22.679136490644918,98.68629358998815,15.732001277120656,17.05437960178238
2023-03-15,0.0,21.692006772318635,17.354712152162676,32.34834045016793,14.718787975676223,12.926416423599129,0.0,18.67090773345222,23.322308651809667,98.44438894892619,15.68873539011609,17.002391540670338
2023-03-16,0.0,21.764182506824028,17.350593065404343,32.58167908417076,14.73132301271152,12.900886632603505,0.0,19.029557814243965,22.169802138632424,98.08900828977409,15.726251721543294,17.098947923464696
2023-03-17,0.0,21.578650688400977,17.431097580263554,32.81125766425241,15.413679033150284,12.238593934446303,0.0,19.290091582403523,21.829332384042974,97.78926949107644,15.87747023271142,16.979541707703675
2023-03-20,0.0,21.401714452683386,17.112664309257923,32.47488496428498,15.031824967194693,12.252774545380225,0.0,19.62483583980082,21.756307710545215,97.06434868866182,15.636059445464143,16.963681005450884
2023-03-21,0.0,21.39664665586496,17.311996932836323,32.46749184440611,15.648588031966659,12.60265105713133,0.0,19.578106329665648,21.654595346299928,97.42582604546605,15.680709197539075,16.926526435379607
2023-03-22,0.0,21.447086804774486,17.354475611980043,32.50753025201194,15.231592894295249,12.597313107517714,0.0,19.620818599506435,21.51011755270249,96.11821365208951,15.671675582662756,16.322009583959836
2023-03-23,0.0,21.863846728611065,17.42430510745621,33.00571201793442,15.853756160689933,12.718636318812315,0.0,19.51236371851947,21.428719692767086,95.84387860574475,15.61457077066997,16.328507943863656
2023-03-24,0.0,21.787683233113828,17.48397035312343,32.145563852332636,15.915937570396204,12.72233157409281,0.0,19.662101242110435,21.18080828945576,94.15804046974903,15.789266968979915,16.641026405983
2023-03-27,0.0,21.255900989014147,17.805322697177385,31.775891341243817,15.998196939332917,12.718090981534717,0.0,19.73232773545004,20.817584807251,93.31983546082529,15.900232604098685,16.656748625221898
2023-03-28,0.0,21.470694410264937,17.519117213485355,31.63633914724071,16.097813543615803,12.78044244971295,0.0,19.49962208633599,21.22417189886463,93.32082727177247,15.608617008087064,16.34790915404622
2023-03-29,0.0,21.527968527477423,17.530210915275877,31.59332624367152,15.739913683935502,12.74509588409549,0.0,19.514276257445314,21.286491900816902,92.79768860881241,15.659821102173813,16.375321229790288
2023-03-30,0.0,21.643204179383606,17.504582009757765,30.91646080242147,15.766049933536245,12.714664683472854,0.0,19.78846688022929,21.294940911314452,93.66549787475805,15.64783367747537,16.2770160485096
2023-03-31,0.0,21.963727628166072,17.50211946001949,30.476138824279936,15.72681410520372,12.716596648173853,0.0,19.88379251505012,20.54779851029263,94.00238444486807,15.592398561181348,16.43448503037974
2023-04-03,0.0,21.788722671318137,16.53988438521963,30.162327251896553,15.739997797790723,12.169458703101274,0.0,19.81679959570868,20.5394283885782,92.3392490606828,15.342598941455485,16.26485319556735
2023-04-04,0.0,21.80728642576862,16.536564144353378,30.464426022983147,16.109581910628794,12.057302016311393,0.0,19.80867047996172,20.768382471402326,92.29142755692317,15.320031515687674,16.28092405870661
2023-04-05,0.0,19.029633682205578,15.833161998731885,27.53773454859199,16.002722591755344,11.873956145948194,0.0,17.816695856054828,21.12817936527743,89.52387302478843,14.869329080421872,16.077283972947793
2023-04-06,0.0,18.751169434685952,15.882991352363268,27.541082542391454,16.00615072969316,11.65924952454041,0.0,17.36152664181664,20.97074134651637,89.59118973986301,14.175004957004106,15.5412382072735
2023-04-10,0.0,18.43100054712391,15.94564959333978,26.699323297363538,16.05483108781257,11.560122439644692,0.0,17.117891587746968,21.14436034810771,89.10170535248795,14.133446855091897,15.885417159740072
2023-04-11,0.0,20.00707233663011,15.284547234490574,27.778318888295438,15.83326470982842,10.93330813936411,0.0,16.605268184526796,23.153961737422353,89.13811681069892,13.870209439244144,15.908095748694121
2023-04-12,0.0,20.047703485559957,15.266668397082697,28.127614165648605,15.823100055312764,11.080497551499063,0.0,16.538074175604837,23.019395806457318,88.55402398345052,13.29228806849694,15.977349324843038
2023-04-13,0.0,19.749762036039904,15.103573750790739,27.60584482794865,16.061771830538977,10.70321429989565,0.0,16.617302470316293,22.87872414084396,87.94179711139597,13.64419527348422,16.005082365340137
2023-04-14,0.0,19.391592716693417,15.042943959977057,27.35812979619498,16.580763444010913,10.684274618359971,0.0,16.48632569302444,22.956589415189356,88.73193000096717,13.518093191574506,16.56998078870927
2023-04-17,0.0,19.364239109496477,15.09434322147428,27.109847865979496,16.484049709396377,10.601796856183391,0.0,16.674358951295247,22.964819901830392,90.24852093686455,13.459343776329009,16.219721710282812
2023-04-18,0.0,19.30977279176944,15.092877368113678,27.072200327620106,16.36870380680341,10.438219564174881,0.0,16.50926407942533,22.970524948542366,89.61624639193343,13.403891004126557,16.179517294625583
2023-04-19,0.0,19.770009451480252,15.315480558476983,27.234452085807025,16.372701548981027,10.08085765317732,0.0,16.421389565602386,23.031679638095408,89.66091394327013,13.44383737037532,15.959651019177922
2023-04-20,0.0,19.787659310556226,15.427042004011312,26.980446857059135,16.402122256083043,10.074359377450397,0.0,16.58144354476888,22.93161869150961,88.56723685974363,13.829274661867169,16.11375304329093
2023-04-24,0.0,19.763021546548636,15.018574773823193,26.98078458708001,16.43437872088679,10.099529410581026,0.0,16.30394699790337,23.29756711204361,88.60973767176499,13.434401003297424,16.49778448820425
2023-04-25,0.0,19.782117589118116,15.032266940927524,26.95698741491306,16.435359045365878,10.535811497436232,0.0,16.31320513611218,23.657573059358956,88.52409457109755,13.437772751162433,16.551739361338345
2023-04-26,0.0,19.836562975195022,14.94585032516474,26.63000987577614,16.462913847264737,10.45961836521835,0.0,16.38572096133089,23.681145857241937,88.00731272378599,13.395004639411692,16.366122068013155
2023-04-27,0.0,19.70861338949084,14.967584750486548,26.624800244524476,16.454869152789506,10.621170741280807,0.0,16.321726354093716,23.611746175762597,90.56883748439539,13.398407285817497,16.59334965329256
2023-04-28,0.0,19.774422210160385,15.058530021129519,26.556555599087844,16.44160638006485,10.425764289563427,0.0,16.498882230852253,24.58174938632589,90.02396438599033,13.409135710554823,16.87408751098241
2023-05-02,0.0,20.27387151421954,14.934424480028246,26.953500003020824,16.54901255898599,10.43277083517553,0.0,17.07540791190974,24.460512216512146,91.10019817572969,13.180303037328015,16.70722549928893
2023-05-03,0.0,19.958799216945355,15.03442942809707,26.643835986889357,16.596330535274685,10.04539792414134,0.0,17.411217895115787,24.30543470270285,90.3668889259201,13.337131032529948,16.886754608447987
2023-05-04,0.0,19.987560643284553,14.998051441863499,26.75151134276468,16.668165024923486,10.5135476159509,0.0,17.356468419616498,24.560571983931123,86.31703328215049,13.326198420832982,16.891515136175233
2023-05-05,0.0,20.852160850836107,15.053418005465454,27.662913630881334,16.964106668139284,10.536478231480393,0.0,17.351815892382092,26.394948924714424,86.39997588275101,13.327106584585948,17.008673003629386
2023-05-08,0.0,20.788634416111602,15.04061159402324,27.54623977242696,16.976273328805842,10.585583050472986,0.0,17.51545596600437,26.673590239822353,85.46504349717651,13.281786440253526,17.038299642047793
2023-05-09,0.0,20.64783811990773,15.026613318222765,27.522321763967156,16.937949665159692,10.675310596637434,0.0,17.619080789007036,25.12844015026988,85.49915547672256,13.467974925758694,17.489336361383373
2023-05-10,0.0,20.435784494835755,14.96074469078902,26.981513413535552,15.911231314815385,10.511485435068412,0.0,17.643071970478392,25.0936026972235,85.68304014496533,13.494774203379588,17.50907656829292
2023-05-11,0.0,20.48242284745893,15.020468404274725,27.15403004276632,16.016952953374485,10.513273487487256,0.0,17.642480442299625,25.075346896556372,85.59065655170207,12.964928815040153,17.92332748895205
2023-05-12,0.0,20.399564530692725,15.103897886603615,26.77813674525542,16.015544943834495,10.432970045953164,0.0,17.60573282231817,25.05015201614695,85.2372781581332,12.971653410817794,17.882676863638476
2023-05-15,0.0,20.04613333268031,14.947213980484353,24.63101403885809,16.01161375179864,10.571959447000026,0.0,16.99272108357346,25.192864722810103,84.50638545511913,12.701085581892427,21.855975346962662
2023-05-16,0.0,19.835877376147266,14.958272479021604,24.20370626066016,16.262467093347112,10.53554303671252,0.0,17.041049186071447,24.896909733642453,84.4656171287037,12.750620546857647,22.039371751831453
2023-05-17,0.0,19.999666388990832,14.532339644998496,24.207147555155338,16.28239043539727,10.54934821481336,0.0,16.762477282268655,25.452744810136725,84.19662887675679,12.424195168767389,22.671098133088165
2023-05-18,0.0,19.954593416717124,14.006202876967924,24.009536538810234,16.44070869355612,10.545210478268201,0.0,16.566106784366713,25.49776852167853,85.84775811875257,12.126343510967121,22.644801553126605
2023-05-19,0.0,19.802328702656,13.966320224628662,24.00614102768767,16.572335591328763,10.548727821609937,0.0,16.34409265494804,25.58051316681266,84.83828533408563,12.025691918707825,22.647298399961326
2023-05-22,0.0,19.579793985008536,13.890641575240496,23.934489010432046,16.41175752836336,10.446239993560393,0.0,16.591953344047646,25.337733365398286,85.74574223528495,12.028307106832912,23.553436764880413
2023-05-23,0.0,19.54873652435585,13.941233679694978,23.944216041683617,16.40719992807566,10.448868622891643,0.0,16.77906072537305,25.37051362692087,85.7414143709045,12.022685070255145,23.714845683331742
2023-05-24,0.0,19.566009471879735,13.940745599253521,24.019152776563367,16.44652574242695,10.215131276200049,0.0,16.79386544190501,25.812023145816674,85.39963007160226,12.027550832676596,24.007225066131618
2023-05-25,0.0,19.33530800860252,13.80189385524882,24.19065272305411,16.55883171400508,10.236971197443582,0.0,16.584948391571057,25.63588291234793,85.2660792333312,11.89695726706727,24.05156139425882
2023-05-26,0.0,19.387328597897366,13.968573237687941,24.18561823577865,16.466140216562405,10.244009367555156,0.0,16.730609177903734,25.699140038796976,85.0691465784805,12.312430331748631,24.242627925386635
2023-05-30,0.0,19.48431309065539,13.983634899972017,23.745801326621006,16.46101361742153,10.362172503834003,0.0,16.766047288830926,25.534467660474046,85.2999927893402,12.316934715506635,24.26810833342834
2023-05-31,0.0,19.522551223805493,13.985357614922364,23.80827348105628,16.451726255311492,10.293117411419615,0.0,16.845794261176952,25.55605316441788,82.26613543333366,11.995534362801362,24.186654783391713
2023-06-01,0.0,19.923107568022488,13.43514073268492,23.989919023465593,16.46040064277147,10.299926237714867,0.0,16.93544760236646,25.342026822850443,82.76303651192543,12.026821934643065,23.86293091319865
2023-06-02,0.0,20.19316665995662,13.411396938454729,23.956017291604606,16.687759633839597,10.224803830167582,0.0,16.899989393523697,25.852513023866724,82.6184033025881,12.032105522686736,24.27335063346621
2023-06-05,0.0,20.030128055671057,13.770916559401542,23.741074362422896,16.678151431390486,10.269066275639842,0.0,17.31602360234308,25.85711308133629,82.88767194581365,12.04163463093372,24.535515253299668
2023-06-06,0.0,20.276358029908117,13.806622982255131,23.724715189620095,16.633054652031692,10.35764347035232,0.0,17.315826969293152,25.814820025323115,80.86523003940545,12.052903826784576,24.684670380850978
2023-06-07,0.0,20.257688640564677,13.813466501394458,23.14212787136433,16.823328837433753,10.512985364741608,0.0,17.271923118355,25.57312060447094,75.78762064363686,12.059054533274649,24.707756022441725
2023-06-09,0.0,20.335687722127922,13.980788660316756,23.237194983453087,16.458256799870025,10.486109373026263,0.0,17.270040396786698,25.50894744912835,75.48501053125808,11.981387956086836,24.70094108209188
2023-06-12,0.0,19.769107517267024,14.141781308980732,22.854871921126893,16.48197975825395,10.76441717083893,0.0,17.419801710605594,25.489932084125538,74.83730318336772,11.981121991585026,24.999214981669247
2023-06-13,0.0,19.456355409774133,14.048380562685416,22.877804734521792,16.456591675621,10.512087453795015,0.0,17.38250342563874,25.130500909193778,75.13346742313163,11.887402788043566,24.531026598713147
2023-06-14,0.0,19.579297229070285,13.97651926665052,21.82426403854007,16.124294602704776,10.528946749616312,0.0,17.24196010579841,25.10856384893254,74.59425456240602,11.851984185261907,24.50439980320321
2023-06-15,0.0,19.52697787347978,13.989831215441969,21.801740406437535,15.24446040545761,10.400247250441225,0.0,16.780326338116705,25.24051016939416,74.9733135822688,11.759283780474759,25.042275221390746
2023-06-16,0.0,19.553182507561665,12.370470312997018,21.66266906131396,15.229733987799662,9.741942318935552,0.0,16.160116517538604,25.247494503506317,75.31359020588758,11.672661989355591,25.611008107747917
2023-06-20,0.0,19.560014058935955,12.458510911139383,21.733061927900067,15.277000224658616,9.609374423534703,0.0,16.469232943156495,24.654177229957615,75.34604805069674,11.710163243128763,25.627045580613395
2023-06-21,0.0,19.534068425768837,12.421971792102614,21.499204244461055,15.256952073364289,9.646058719104179,0.0,15.999546823461461,24.82450199892773,75.56010961709715,11.620953490117532,26.895718866521136
2023-06-22,0.0,19.42560004710806,12.345512167494364,20.581925504476317,14.439861195475427,9.596640173728172,0.0,15.827328426174006,24.918014108843682,74.14496779904907,11.496515211159055,27.10107320662386
2023-06-23,0.0,19.29165547180202,12.34268781540456,20.549524100317935,14.4218024303254,9.583897562978951,0.0,15.160356149601235,24.921223426250787,73.88461647747074,11.30798548793443,28.606508872446373
2023-06-26,0.0,19.370241403205117,12.202978902097104,20.65913161644958,13.824197178436235,9.033052802278894,0.0,15.167960958148857,24.840251903834467,73.22877313652566,11.273663822405464,28.661154815120543
2023-06-27,0.0,19.31993399557684,12.218461119791755,20.57449473326086,13.826858494236284,9.062919168264044,0.0,15.152796453501816,24.849867047349854,71.50298982698688,11.273068850648352,28.996695866404533
2023-06-28,0.0,18.71667988744506,12.431778362557326,19.701578289375828,12.909192024142541,8.951247990694371,0.0,15.113700037443229,24.961705924426898,72.55701069505444,11.46820303435945,30.862695571032816
2023-06-29,0.0,18.802066034550858,12.34218578321982,19.890849911530026,12.867018057417818,9.805505402607933,0.0,14.763673456281651,24.94793331777997,72.70144381468272,11.33708494414239,30.756457207653483
2023-06-30,0.0,18.87655550515162,11.957227981696876,19.81826597099908,12.597332702374558,10.070421474077548,0.0,14.704104514607424,25.080999845101896,71.86699760891467,11.218046902881376,31.93317190645474
2023-07-03,0.0,18.893519759275527,12.084284973104955,19.827270974622778,12.417163924102997,9.972159853100584,0.0,14.682340226657242,25.047782918064065,71.9476989757329,11.43100124957355,31.965694591839416
2023-07-05,0.0,18.892348846194675,12.242607483284978,19.85241648077982,12.404935244155611,10.184179882604793,0.0,14.937184680612742,24.949416195720115,71.94746794130212,11.67209154916479,32.052394261714504
2023-07-06,0.0,19.009540628725496,12.20606878523542,20.382934199841372,12.35307830304567,10.210958076289042,0.0,14.637392754736004,24.94346754230326,71.3386995573618,11.640666421930025,32.862281955013756
2023-07-07,0.0,18.557676258829183,12.776896433639765,20.58488607768114,12.458716246878643,10.235755488265928,0.0,15.091464226757475,25.16918213086057,70.70058315651214,11.958342366551793,32.6845817799772
2023-07-10,0.0,18.68099136786142,12.58451125601909,20.51107207511521,12.355265466689062,10.228313079231507,0.0,15.075717231667554,25.29382581879042,69.98873376696379,12.05087242821193,32.94252193374192
2023-07-11,0.0,18.7119688845376,12.689788073569458,20.335877825250055,11.71278354001807,10.123416934576536,0.0,15.228791425779937,25.055101894856396,70.08569945258184,12.113562029641448,32.94067150565296
2023-07-12,0.0,18.60142725816347,12.731500871722021,20.351544671930046,12.024307770585214,10.1107688909827,0.0,15.127490121227513,24.664207765469047,70.46805108643711,12.239983405935964,33.7424165765827
2023-07-13,0.0,18.74687545580133,12.544926215723304,20.46016950110434,12.003660175798272,10.47866196030101,0.0,15.200674617876944,24.711220420767887,69.40145429380253,12.234209476223986,37.43216785457302
2023-07-14,0.0,19.005239046825817,12.480409900819042,20.71489764674641,11.796758940899666,10.352512468216293,0.0,15.18361346914653,24.391154549504996,67.69962734613337,12.218129351332875,37.34108542727262
2023-07-17,0.0,17.33699532155534,12.50339898004739,19.26712799675217,11.703442046636606,10.47978978695691,0.0,15.13621027314785,22.64370244289846,67.75425981840732,12.203753523305693,50.030747102081044
2023-07-18,0.0,17.362588218806348,12.413482969317661,18.868746095287946,11.97501873870086,10.415346538594058,0.0,15.004033364844984,22.62420558438155,67.65843772410479,12.020096618552397,51.53927881385722
2023-07-19,0.0,17.350740411137195,12.257801869738337,19.007698572728255,11.56184066758043,10.396218081983625,0.0,14.801813773456532,22.760730042037384,67.08903362643588,11.527427464815968,51.99602409150721
2023-07-20,0.0,17.347724096201546,12.243050463566938,18.983433128227873,10.957686088330668,10.387438716164398,0.0,14.789136647636933,22.67986202557177,67.27015564178514,11.541174851208043,51.83161770551315
2023-07-21,0.0,17.642437526513252,12.172490196624342,19.40010306991343,10.937407005817036,10.444763270650089,0.0,14.549913185716534,22.61721145971204,65.82259444218172,11.528273973356908,51.79685351979696
2023-07-24,0.0,17.672876388203626,12.207856874473409,19.632279706165484,10.85421561246782,10.445301199721998,0.0,14.88028186983485,23.151402684764886,65.46121075449217,11.471016480280745,53.49552013133649
2023-07-25,0.0,16.954268131243705,12.311441948613776,19.33715409391674,10.794284513025937,10.562288734849716,0.0,14.726926098311969,23.412376406770335,64.22000570540422,11.489661739870217,53.48796462396241
2023-07-26,0.0,16.944105858375643,11.88726225606044,19.3375588004082,10.741308821817103,10.638561557908004,0.0,14.606658837533754,23.28580676255056,64.43853174231867,10.89827205208767,53.755159612565414
2023-07-27,0.0,17.50855166910304,11.88718046257382,19.634865002099346,10.84649416342536,10.60313625681437,0.0,14.611210742008513,22.80073084365231,65.8544978211502,10.870606624479489,53.69618407857117
2023-07-28,0.0,17.40221118158872,11.934478594309597,19.62050197838279,10.951666877577418,10.19934774912258,0.0,14.876719734309148,22.36989262188797,66.76703688202834,10.871958747270913,53.843482770257545
2023-07-31,0.0,17.424353618902835,11.932287344006667,19.316249777579415,10.974703040153361,10.141358607445067,0.0,15.153248723460248,22.949942132646367,64.48516540942494,10.842470542263559,54.16492369128654
2023-08-01,0.0,17.48419479989738,11.893125668670816,19.251727119240247,11.367871887399806,9.901898011097023,0.0,15.237559842621831,23.010298279137153,60.93311625903374,10.844005649751775,54.06614888677579
2023-08-02,0.0,17.392810660914527,11.847451777466647,19.239701090724406,11.370534824067851,9.905188652994086,0.0,15.176305918328003,22.444799242054494,61.16111903725301,10.97635376597785,54.02496116893209
2023-08-03,0.0,16.58468597404246,11.844148347995437,18.53607113740276,11.088897223213792,9.910196476795075,0.0,14.522216087105457,22.19365670713565,59.188566379925604,10.996503417048148,54.05792297220262
2023-08-04,0.0,16.728976943659898,12.371779534123679,19.193826358795015,11.0169654075253,9.759145127890651,0.0,15.185710125718298,22.19850419370426,59.00601846510164,11.70192192064501,54.017254736178664
2023-08-07,0.0,16.741848179649548,12.359285527489423,19.02003866203792,10.82789144202649,9.249202942056668,0.0,15.132099655455011,21.683438777224474,59.53839965122019,11.641258170522113,54.003998370176085
2023-08-08,0.0,15.846616640620992,12.338508316641192,17.786562671739215,10.478246503809421,9.134198065988551,0.0,15.129570142063676,20.038109142932232,59.5560415898109,11.650124245353327,53.97303031844537
2023-08-09,0.0,15.896273461554372,12.29308794302762,17.94666814167951,10.45237186292167,9.08159441308964,0.0,14.941375440695747,20.153687048663134,60.1937314738637,11.587008207169587,53.95287467816756
2023-08-10,0.0,15.788780722440213,12.155924682434572,17.946864811467854,10.387054830524404,8.960714878219408,0.0,14.709650188369261,20.138915069432368,61.83746223149167,11.349883352911291,53.86553019002784
2023-08-11,0.0,15.791757977992804,12.09403628547571,17.866488997224277,10.380348515855204,8.958255830624996,0.0,14.772358448620492,19.90562582624126,61.36950573232727,11.32522029312844,53.90791205071962
2023-08-14,0.0,15.96308805657481,12.018550290313925,17.657603494969752,10.28670912508762,9.231655906729538,0.0,14.793146992965337,19.785733749661098,61.3679275564444,11.227921666057892,53.82797906984401
2023-08-15,0.0,16.038195673766996,12.0608144076139,17.599356922115845,10.30820620425559,9.18560536585858,0.0,14.82978967245143,19.857250102325054,61.96829301052067,11.407916251771592,53.97690827886837
2023-08-16,0.0,16.025418102694715,11.991370267572533,17.667110002656468,10.305913579643157,8.978387595164332,0.0,14.711157930588973,19.744215549946052,61.546351410711296,11.429857099465677,52.66866365519295
2023-08-17,0.0,15.94368421190053,11.969375905385945,17.685787176726954,9.9853000594133,9.221147081049343,0.0,14.645924953121744,19.647344861390728,61.57190809230562,11.346490658628532,52.610376897521824
2023-08-18,0.0,15.775414471351324,11.818930896102794,17.630188455228016,9.97305614617033,9.23209460682621,0.0,14.554946179037387,18.986961179278868,61.83061532412767,11.166689346204368,52.3221943350427
2023-08-21,0.0,15.845589494683207,11.893889702191613,17.718832730672773,9.736927326406217,9.360731242713422,0.0,14.46938068829508,19.0734748122998,59.13579727067477,11.172559058824405,52.43531395610549
2023-08-22,0.0,16.09606858079719,11.974915217920183,18.071983284848923,9.44596330305806,9.602930412014555,0.0,14.482563351997065,19.177277509874248,59.40222522966674,11.13059581650086,52.440427857285286
2023-08-23,0.0,16.36228334812623,12.249328073213313,18.11012450747826,9.756831774384496,9.609087252709408,0.0,14.224903773286563,19.15001537522098,57.80660127925699,11.177572167692288,52.25078991897759
2023-08-24,0.0,16.495516405940705,12.550661645667397,18.433254482219763,9.755711804194753,9.698647885835397,0.0,14.12183946532442,19.21950962065096,57.40432340615198,11.593265949320344,52.18968876204416
2023-08-25,0.0,16.45924275964777,12.541894852846044,18.409835840241477,9.73689746855423,9.741174004857402,0.0,14.107448119612966,18.417088628815108,57.06898787734945,11.642908197491055,52.038785549261235
2023-08-28,0.0,16.448564763916632,12.53872138493014,18.2396090076538,9.568478274858604,9.726109794572114,0.0,14.099968297210157,18.50191495437275,56.56307965898685,11.639340942203368,52.15415923162047
2023-08-29,0.0,16.49321065880773,12.305118001867703,18.341965989194744,9.77009266621206,9.734481739103082,0.0,13.925942824225654,18.80094328456576,55.417812154059575,11.194772242302337,51.99573316765809
2023-08-30,0.0,16.099627647582803,12.279797350656665,18.64679627061743,9.696340154590784,9.51672585388609,0.0,13.886223000481628,18.705427432330143,56.92138705726195,11.206733024546427,51.99522788914729
2023-08-31,0.0,16.344146275995026,12.289849671525088,18.708839981580837,9.694281922736145,9.691214535711868,0.0,13.85932822622142,18.69196266303773,56.668779053259776,11.29980185926069,51.99187680978111
2023-09-01,0.0,16.057950831248046,12.444277531375986,18.442578012826445,9.580560707159952,9.710807687393562,0.0,14.208418834602766,19.12861825408479,55.706980504546586,11.601771444791463,52.04338668826275
2023-09-05,0.0,15.708538706913929,12.537579530203644,18.18457644404456,9.332454154588724,10.449385709961993,0.0,14.308449302166762,18.02413224382654,57.4719910480117,11.508522133247908,51.77212533268616
2023-09-06,0.0,15.905229196120057,12.117447852591267,18.30623461571717,9.34522702117637,10.58413607709574,0.0,13.69089795290184,18.23351533367672,57.47370590147197,11.355611103198889,51.685216761689375
2023-09-08,0.0,15.5955409367508,12.065189849473864,18.293791217925314,9.307884010986516,10.419777367174097,0.0,13.712293709066751,18.483145992210574,57.901552544887466,11.288256378168708,51.51548770758948
2023-09-11,0.0,15.831776893851082,12.055223765997091,18.422957130558352,9.040283395623874,10.325730558350593,0.0,13.70230281526329,18.786247113512093,57.64684673573611,11.274704214859149,51.54722247457718
2023-09-12,0.0,15.705670222753568,11.876458863937984,18.615973283870325,8.879936927247407,10.306662243810885,0.0,13.659931466032079,18.788317221137653,58.04050039955726,11.480725739545464,51.613539287118904
2023-09-13,0.0,15.68888224078386,11.620142571679164,18.76087667584141,8.858791093075618,10.085254630185354,0.0,13.45137453226934,18.813939769767803,58.28510656625316,11.352275287408645,51.3718554246146
2023-09-14,0.0,15.760247526484411,11.706275459823647,18.74163875113531,8.799044706170946,10.088957332904645,0.0,13.515636596492058,19.38881317646062,57.999399233454774,11.403087856160862,51.366493944112634
2023-09-15,0.0,15.241920162516326,12.198672710502107,18.531746871221618,8.849775930270837,10.046085293487618,0.0,13.622508007785724,18.965321459822064,58.24203843546233,11.570545157939687,51.79773584945657
2023-09-18,0.0,15.26088073798314,12.178911886597573,18.49292248749976,8.886521060261051,10.051618818995435,0.0,13.54500436370788,18.88163273333383,56.31772334691129,11.4082539748577,51.48045983531215
2023-09-19,0.0,15.27137398937923,12.079830973657764,18.67608008158651,8.886416090614379,10.057776540665431,0.0,13.541219040900568,18.86920477233175,56.45807440916701,11.419965984253196,51.17136342790624
2023-09-20,0.0,15.25528945847151,11.964505611661131,18.710668114381832,8.68925221759471,10.062787931018628,0.0,13.014558011401247,19.120015906724696,56.00652529815099,11.34246723960405,51.24567300146114
2023-09-21,0.0,15.755793659880815,11.95587314160052,19.428234016331984,9.106748196779286,10.012643435931475,0.0,12.942608244583164,19.065658825133355,56.18454457050448,11.343096581955962,50.40940041967408
2023-09-22,0.0,15.614549612979985,12.17128875790702,19.255915040392498,8.87303546618393,10.006551854550786,0.0,13.26654129988781,18.908190283624137,56.21348206969233,11.494099489596152,50.39439636187522
2023-09-25,0.0,15.61446405968806,12.2268383425937,19.255487447351495,8.89729240971274,10.08827558156214,0.0,13.210913246197773,18.948360998341446,55.4443208108252,11.493460239202868,49.78189706649135
2023-09-26,0.0,15.869146327731956,12.032305615225125,19.386365742830435,9.04165804961317,10.513632651493602,0.0,13.235215303039748,19.04851440260669,55.26930092864881,11.552271883471162,49.69987977922422
2023-09-27,0.0,15.84644365921743,11.965587475935514,19.398832350485225,9.478456250953483,10.63879709872947,0.0,13.226314762660369,19.053214236038492,55.829636780203415,11.5319255097245,49.608162548062666
2023-09-28,0.0,16.01300996493069,11.708967473215477,19.924201307190007,9.54504188702715,10.70380894863643,0.0,13.25839858362686,18.79697300731328,56.02671218292452,11.603501324854117,48.65553517214313
2023-09-29,0.0,15.733693936274742,11.700730694988746,19.44410368696063,9.622458528382735,10.068812032537654,0.0,13.232610757524332,18.95260346581126,55.59121471953957,11.512827972375774,48.780899046471006
2023-10-02,0.0,15.918087500905179,11.677184424155739,19.45956560648568,9.700344515587418,9.985268288553751,0.0,13.227769809507004,18.88455227464669,55.52314150134454,11.515800406449019,48.29868881765031
2023-10-03,0.0,15.828899153327164,11.479307000168557,19.564400688054725,9.7077374659844,10.234516622730082,0.0,13.009133769108342,18.6023435283336,55.620427325036324,11.10079334426913,48.28107944592921
2023-10-04,0.0,15.844094381071603,11.818064251293894,19.97362094354957,9.720880748618265,10.125792173943573,0.0,13.816774293966017,18.645233198056008,55.45582714535938,11.59367760930674,48.19211593872713
2023-10-05,0.0,15.47478029629556,11.829382202558502,19.401984743791584,9.671189453528509,10.145395052069293,0.0,13.822466591477186,18.58323507393465,56.86466327168262,11.612323765978708,47.934503938687605
2023-10-06,0.0,15.358166145111346,11.290935128931697,19.026238261002423,9.60659300740812,10.084586997810744,0.0,13.364373732004067,18.154211902654357,57.680450896788,11.273905412693486,47.93472411202432
2023-10-09,0.0,15.402043818785094,11.315458135466667,18.901401650467843,9.8706806622712,9.998447216508874,0.0,13.473721081714016,18.050393592287122,57.39696607905596,11.109346320608873,47.7777580359317
2023-10-10,0.0,15.545264176374301,11.145363716617226,19.023182780661436,9.935203485093568,10.418583234728697,0.0,13.248510159520729,18.122898462142757,57.2707581522568,11.082820214771486,47.77697526589334
2023-10-11,0.0,15.570992572542039,11.238815107460354,19.090494604472546,9.656880508574565,10.529386920272092,0.0,13.673440746460216,18.051707024878976,56.6959693076749,11.422049046620074,47.22119250595681
2023-10-13,0.0,15.490220144249497,11.337909719721354,18.983458949539653,11.345744141372675,10.253608278997357,0.0,13.723248988012784,17.937097127911944,56.95678332048031,11.317332938005267,44.340374626835555
2023-10-16,0.0,15.306820045267747,11.36523595816003,18.9057720379416,11.360964228165619,10.248548518964228,0.0,13.721655315161186,17.8434763679651,57.61001770449005,11.265250496739245,44.26765563407555
2023-10-17,0.0,15.28971498891234,11.39572770729057,19.175537175260246,11.338940724449543,10.122831779249301,0.0,13.678462923421709,17.83537488298266,57.600282175274984,11.271801129645818,28.955572530769878
2023-10-18,0.0,15.598167787287279,11.285353514785022,19.123944784849414,11.565562130358058,10.091212579357476,0.0,13.660816385436256,18.974122184871398,56.9828198118542,11.257958553135596,26.372586155523
2023-10-19,0.0,15.598086586470542,11.285527042530555,19.040968985034564,11.646385501987593,10.192708580044606,0.0,13.684188730364452,18.674317457056773,57.36654893884876,11.273294938632281,26.127632916186112
2023-10-20,0.0,15.64386632525542,11.261620966298992,18.9706972077609,11.696111664348994,10.19255348598008,0.0,13.604628135331842,19.029654748617027,56.36793086118058,11.230421440867822,26.218396113243607
2023-10-23,0.0,15.157248110770874,11.227117503684216,18.300860788843785,11.706427354263745,10.082984157059762,0.0,13.665693862362824,19.07104971978142,56.277901341467086,11.320212428681304,26.03688238531174
2023-10-24,0.0,15.168084048209938,11.1899908487877,18.22193294635871,11.699334991730458,10.09106438267274,0.0,13.248170512709603,18.30998964844443,56.28739018792357,11.31533357892992,22.588246386602858
2023-10-25,0.0,15.146018855985133,10.920808340739011,18.224573797049107,11.732464774766916,9.985028646535858,0.0,13.140410317983198,17.8405959039831,56.25393241112261,11.114065758070307,22.612120440171857
2023-10-26,0.0,15.640861183137869,10.898177784494484,18.820563642048437,11.717121996362675,9.84400536863431,0.0,12.99621358716234,18.033517882982842,57.503351511677046,11.083413509149526,21.848698768346736
2023-10-27,0.0,15.338622932576657,10.921413254441383,19.23284398749961,11.455979053607532,9.927551773190514,0.0,13.011444272280848,18.22669598454988,55.93839341989182,11.074373982543088,21.751685432137144
2023-10-30,0.0,15.382223786896287,10.84892245777594,19.299905782906436,11.380914919783592,10.149160806756013,0.0,12.754733636358859,18.122034315326434,55.97134878078439,11.175505267325548,21.326574563988437
2023-10-31,0.0,15.109014923210113,11.669860040522721,19.180805860996852,11.396405948811513,10.166685486651382,0.0,13.057668133729544,17.17923213949301,57.31652386230548,11.717096438005001,20.355236084451754
2023-11-01,0.0,15.49891323924592,11.715194466829876,19.35851333030134,10.989755696299959,10.221135631992787,0.0,13.342803300029576,17.397644310203756,57.1972135654607,11.736527915884691,20.23182937297456
2023-11-03,0.0,16.445556363782266,11.799786576419825,21.09277115952721,11.04851698790376,10.368921328991036,0.0,13.330619107950556,17.6056719355245,56.67340823941925,11.917734708440529,19.961922442238215
2023-11-06,0.0,16.453382863293083,11.8030564722509,21.122284266624334,11.083192449737025,10.428314324325152,0.0,13.369397699150406,17.654560383222996,58.43175933172873,12.113248821046078,19.72536551230649
2023-11-07,0.0,16.419722797818427,11.106708085571567,21.12215450064248,11.170796520716355,10.43213909393745,0.0,12.176461121073661,17.675800087435977,59.04620296838108,11.297132905305881,20.00228785840144
2023-11-08,0.0,16.41695279625738,11.15403130331687,21.19353504366197,11.266006085130137,10.495884809327958,0.0,12.204454066898121,17.77963664850831,58.097581219149276,11.238100732579277,20.25547061842801
2023-11-09,0.0,16.41573616289041,11.224590126983767,21.21790591175291,11.28899705114487,10.434880363578834,0.0,12.249894448123403,17.51016123129677,58.190932955171135,11.332229745487705,20.469536758937775
2023-11-10,0.0,16.614107143371033,11.228906507592534,21.117547435607804,11.720717780296697,10.436676008306497,0.0,12.231436726774799,17.51117375423605,56.74954405199371,11.375360370619529,20.448337310203218
2023-11-13,0.0,16.60565167401515,11.235761280901665,21.256339134566442,11.791650489392701,10.398300023334093,0.0,12.356456660838463,17.56123527645309,56.05124080728427,11.496679129552493,21.236085330834786
2023-11-14,0.0,17.203262653407702,11.213452079774124,21.437662674373403,11.899848311432496,10.490918917446901,0.0,12.244367368055192,18.25819639323984,56.401806041419235,11.500557903334641,20.922294258664916
2023-11-16,0.0,17.151769204376706,11.2526943472585,21.64245222527063,12.090132029302218,10.36930706629128,0.0,12.274359210187926,18.436785519299274,56.48230027071413,11.621022426695545,20.97005940092774
2023-11-17,0.0,17.081863598751053,11.050735845820746,21.63871214675595,12.055392428738108,10.366327223539146,0.0,12.237845352286827,18.34360390795766,56.00349056629054,11.422421700402655,20.632524125316028
2023-11-20,0.0,17.135001619076117,11.025039559959565,21.5943316108005,12.039605572637436,10.388787903297946,0.0,12.198284617296228,18.347485109814162,56.02699784105376,11.510503928223745,20.52378194125167
2023-11-21,0.0,17.092102987348884,11.162182104228142,21.47490277724452,12.124471231645725,10.249018422133311,0.0,12.588255452174826,18.40306628116749,56.07429174100601,11.599825368708673,20.47020244867775
2023-11-22,0.0,17.08488901939238,11.243090058195905,21.45916856424229,12.16433770699829,10.317307759959824,0.0,12.797949300259726,18.40206792753736,55.858352718168234,11.7706130557109,20.28402311831595
2023-11-24,0.0,16.98000547478451,11.157207008626312,21.38489890041625,12.184260899388681,10.52445947639398,0.0,12.913303588812362,18.731156800371238,55.64352833785177,11.767827518106985,19.965562832057977
2023-11-27,0.0,16.751215115374706,11.069723400808865,21.091516231062073,12.20818922525503,10.34773746674828,0.0,12.932458667972698,18.574164909785367,55.52835480859759,11.756377174337118,20.209289123751834
2023-11-28,0.0,16.480607957760245,10.834538351615748,21.02285170271106,12.29470583192759,10.36827175223914,0.0,13.100423949320824,18.57414032176582,55.67928425091366,11.641373797607017,19.81172793134202
2023-11-29,0.0,16.354689892692672,10.42337329939936,20.72261411865105,12.303504308789638,10.252757064487582,0.0,12.9901843187777,18.43623111682655,56.08632436584819,11.200264361344844,19.76152899893105
2023-11-30,0.0,16.303931883039123,10.430272220575409,20.82281786731621,12.315222770782059,10.235030412409156,0.0,13.07436030287566,18.52256047152716,56.0760024439629,11.240737511293222,20.497896682768747
2023-12-01,0.0,16.19757658094069,10.416498417727297,20.484073738020353,12.671378276397633,10.245065296041153,0.0,13.00456479556832,18.444310030385424,56.0138525191054,11.257249380797282,20.256507631234438
2023-12-04,0.0,16.243253119157902,10.398536725069867,20.39910516530797,13.423861392112446,10.258963827746994,0.0,13.061145703358367,18.242978481554076,56.68293639155131,11.29217744604766,19.98991895726954
2023-12-05,0.0,16.14313177354507,10.40477220463666,19.974548580353282,13.424953312745803,10.208781089626786,0.0,13.069504015541261,18.254672249893666,53.492520262846256,11.372865777276768,20.03704408244166
2023-12-06,0.0,15.990084526979018,10.484201477342433,20.049180358488076,13.444240867526384,10.066388700552103,0.0,13.013945600045714,18.2139316404265,54.465266750482364,11.294563999572775,20.10257858197531
2023-12-07,0.0,15.698210519506326,10.319723213365732,20.037753312840593,13.44593539342038,10.056666732549232,0.0,12.577879793597432,17.742568713116082,54.482300163548516,11.021452814070244,20.09326487261983
2023-12-08,0.0,15.735947206047404,10.203658355738904,19.87334864036968,13.752231924814359,9.305910089877202,0.0,13.256736552651136,17.852805438605245,52.8229702106075,11.006289725114579,19.940440769753017
2023-12-11,0.0,15.514758274770568,10.256047030590814,19.69630129336623,13.888016733936654,9.071654889213146,0.0,13.377998954895606,17.635659583140416,53.82068663651756,10.952466422260096,20.063418124834715
2023-12-12,0.0,15.46114858107277,10.370358997510897,19.71379772803973,13.888390640625634,9.15562570669793,0.0,13.364599764155216,17.329795581229924,54.15677591737236,11.095029085884367,20.04609629847413
2023-12-13,0.0,16.08317419066529,10.346867721886975,20.32706992139008,13.886843277359104,9.182160973750806,0.0,13.57138989941728,17.274360162811746,54.20543708816437,11.15051929374514,20.15747029990355
2023-12-14,0.0,16.080067144356825,10.521198165993708,20.208286024984005,14.598613525154944,9.430827585544865,0.0,13.585394435212036,17.360492258709797,53.38939300957012,11.096795248138722,19.874598064666312
2023-12-15,0.0,16.13680557353945,10.629679868757682,20.12864228433309,14.633724056661347,9.589883751370374,0.0,13.595482587438038,17.271476086357175,53.89249754829055,11.07486273013901,22.97388009328318
2023-12-18,0.0,16.07348610412315,10.586126446945437,20.121951768605584,14.636983239574516,9.592080244909685,0.0,13.487604269417172,16.66584445014107,53.8573542723935,11.004140320587117,23.111558390684166
2023-12-19,0.0,16.046063526109386,10.000559089832375,20.117084268577294,14.618286501178316,9.694587989067932,0.0,13.469152696984812,16.690299599231462,53.66125868171567,10.87483056706152,22.41307890304066
2023-12-20,0.0,16.159739960359875,9.994559722152898,20.258156720170415,14.61568514216932,9.966409660245855,0.0,13.74180288527141,16.521646141220856,53.37244782257735,10.943340123112026,22.35927393672577
2023-12-21,0.0,16.215587356004633,10.049761629940921,20.010051442749262,14.617786475965303,9.956094951194176,0.0,13.942680295734947,17.284336165123744,53.634654321042596,11.10400371679779,22.298124496626563
2023-12-22,0.0,16.19364670998966,10.038941651111303,19.911332543373327,14.652652670166328,9.96158855172697,0.0,13.94827618382329,16.93014478303394,53.12306792270627,11.17890409956212,22.151455607656693
2023-12-26,0.0,15.525577549553002,10.044768107845846,18.94907644017557,14.354002562122703,9.939334332892006,0.0,13.998999985708933,16.747626020564546,52.54739044532999,11.177682118918012,22.172369509288913
2023-12-27,0.0,15.54619453681082,9.799917078178948,18.8977217249142,14.497699739367201,9.941499100092578,0.0,13.82092125385819,16.7220655008119,52.78476797868611,11.164047306761418,22.215627011597597
2023-12-28,0.0,15.544390486104941,9.723729906894846,18.886791446566225,14.486483372603518,9.834099255157176,0.0,13.912782898081513,16.649598616163296,53.00433036117832,11.180013590130697,22.170907288058352
2024-01-02,0.0,15.3227730022873,9.664810935493955,18.87134623042884,14.401055111965674,9.301424620875807,0.0,13.986367786935391,16.71095819829833,52.995559179038985,11.143701098641014,22.597157592522098
2024-01-03,0.0,15.325818874830716,9.698932353736865,18.8840173563633,14.376917907395153,9.1003207736621,0.0,14.035139562992619,16.662580736288536,52.94296546073753,11.505225475634933,22.555213610057585
2024-01-04,0.0,15.461285544799294,9.665758926044951,18.67692695428323,14.307900791647265,9.121111138622528,0.0,14.034653088654991,16.95928309495093,52.55732399343596,11.269329803651654,22.446728065790968
2024-01-05,0.0,15.45638886189155,9.63223807825436,18.842028652116507,14.215728535414234,8.82587495866005,0.0,14.439944993036836,16.889760870970978,52.7948850349048,11.300395510181175,22.068773841604646
2024-01-08,0.0,15.130415653705889,9.79772673482783,18.66150397452077,14.154355484193056,8.870815576937792,0.0,14.504398185610832,16.738980704739195,52.74919393857987,11.368704504638607,21.571391483348027
2024-01-09,0.0,14.869191760024872,9.802585392964614,18.486079752741215,14.128061477351125,8.48782884258939,0.0,14.529932228800096,17.46439388084339,54.04055672417765,11.345257528368803,21.66852871989729
2024-01-10,0.0,14.928780608614339,9.248201202962498,18.325636940778818,14.114669541645261,8.570054554097831,0.0,13.611710346353822,17.726852716425057,54.92326750714592,10.619445117897028,21.66555058683478
2024-01-11,0.0,14.89609762055433,9.223605486842308,18.3338837599014,14.145164191196438,8.560124824638164,0.0,13.813967150170988,17.648099252945922,53.30095005297056,10.622930082563595,21.09398682622661
2024-01-12,0.0,14.847496826932918,9.21844889608737,18.269452154646974,14.391022284488065,8.56100939468978,0.0,13.76327896650991,17.59963381809887,54.02161352945919,10.631535067404977,21.47225110577688
2024-01-16,0.0,15.049811894122774,9.189315784079554,18.21331457524086,14.474616765358189,8.553978737731512,0.0,13.697078244379876,18.01297798116453,59.47860112705802,10.6168809277228,21.47472854124809
2024-01-17,0.0,15.065780585304692,9.375748550758466,18.166140144829082,14.673498516700478,8.071240454746194,0.0,13.700703968261058,18.072919259355803,59.49910103856494,10.964896626051859,21.459747245846543
2024-01-18,0.0,15.158893303900687,9.680388616330484,18.14809117608362,14.700628979547387,7.890069400958347,0.0,13.30679430207605,18.097463831276357,60.63335253119032,10.49641925914733,21.44629810890053
2024-01-19,0.0,14.881336777828988,9.51938508828922,17.85574575925413,13.57580134677841,8.078472389571449,0.0,13.19498318559346,18.07890331806638,61.454202153889625,10.498595450029375,21.326564497938854
2024-01-22,0.0,14.968779561740877,9.465800251556686,18.088126805347386,13.576263714299493,8.09214524179698,0.0,13.214601145155871,18.173254270885984,61.46504482266256,10.527467422481466,21.30552130810716
2024-01-23,0.0,15.11923465157057,9.856347723612625,17.64327117378553,13.578043923032377,7.946874177973432,0.0,13.64885489343986,18.378870436214072,61.5338592589986,11.086751223112797,21.314078947584953
2024-01-24,0.0,14.723147797056239,10.06877572247256,17.57267966508888,13.222304927748402,7.856351090879244,0.0,13.753598546577212,17.252933081573595,63.61149454690423,11.177386255760261,21.452598354144076
2024-01-25,0.0,14.723437769891975,10.069708614644595,17.632510916521692,13.163990111141931,7.933344145006124,0.0,13.73447089617454,17.282687816970448,63.50610464109292,11.172504495050871,20.702803412188665
2024-01-26,0.0,14.575936132712902,10.123888576990764,17.63299883949262,13.092671302032594,7.926647282736361,0.0,13.758198552569517,16.9618562604182,64.37918346401203,11.183072497876438,20.521389527769152
2024-01-29,0.0,14.599368718323284,10.121722799085301,17.634766782677,13.096183432102338,7.916817020360768,0.0,13.759594050165791,17.570752982789855,66.38034056528821,11.120841812370482,20.580116549620307
2024-01-30,0.0,14.723913519613458,10.178342391723339,17.756692667077264,13.105245741541221,7.932273304781071,0.0,14.09933901148458,17.573572099502666,73.95152621961438,11.206611703020373,20.78681902193745
2024-01-31,0.0,14.5877298468028,9.912577334275223,17.73297557629421,13.173583421213719,7.993140965363156,0.0,14.064172755167101,17.36148393628661,73.93269712748162,11.175983226829613,20.740970606633596
2024-02-01,0.0,14.218782863087426,9.92241411741077,17.30663249140672,13.176446842952666,7.992617517192229,0.0,14.082281835388166,17.305407440344734,72.54473606641045,11.175008191031344,20.742134583649307
2024-02-02,0.0,14.143584997532768,9.903531070197873,16.394610005585374,13.292917805674584,7.941646887593044,0.0,14.095945889770773,17.131208359017965,72.62975458968316,11.26600820032753,20.802733909310827
2024-02-05,0.0,14.023313558887684,9.88503222760305,16.20078218926323,13.319686821949592,7.567300015293295,0.0,14.232205558852309,17.082799774162492,71.43664555776644,11.213999087731612,20.78831484149128
2024-02-06,0.0,14.67313882494859,8.854134855997767,17.12194200965874,13.291725079719347,7.487859057683186,0.0,13.482288414327154,17.556421026363317,70.09223845395891,10.553064451820903,20.84291971826487
2024-02-07,0.0,14.444656456198615,8.818896332691564,18.026491802248604,13.271065354811967,7.452601521610072,0.0,13.133853771303327,17.40643833811808,70.0783418632128,10.558771327889623,20.879397459162195
2024-02-08,0.0,13.857160442885624,8.423751311669912,17.16455255638934,13.22132409067983,7.261827774864262,0.0,12.951922579627755,17.21316710378484,70.1032915935874,10.054310693397362,20.843578797673917
2024-02-09,0.0,13.876153235082123,8.483501138420275,17.16138422679916,13.212161710711046,7.12422418675724,0.0,12.924211738448149,17.29449645871113,69.17352674059912,9.844229430876055,20.90806831028738
2024-02-14,0.0,13.912908984584154,9.000315245617688,16.77674676825543,13.539494625562476,7.125569157420414,0.0,13.42070408295977,17.38590929990465,73.0516868166796,9.961435542008108,20.721527812780156
2024-02-15,0.0,13.927611958140625,8.998874725323077,16.726100888921795,13.487612588512773,7.068759096887084,0.0,13.42200673346929,17.33748513353146,73.06847157521268,9.96313074155399,20.59311334652502
2024-02-16,0.0,13.97492359445341,8.898992055372043,16.731916338246204,13.459319933996875,7.086670821030808,0.0,13.429292653449036,18.13015145965769,73.23297897054601,9.848880546245791,20.37323883929544
2024-02-20,0.0,13.825420210199765,8.87538019206416,17.407889325112357,13.11581584724984,7.090680304618282,0.0,13.477515613099897,17.78574736585977,73.2574219246591,9.823711700286928,20.37562389571803
2024-02-21,0.0,13.81625090528236,8.860101095576383,17.220340140052734,13.077572991255696,7.045224132531478,0.0,13.355774053463975,17.75331564333309,77.02578804234247,9.758786675931209,19.712811489245144
2024-02-22,0.0,13.101169926742967,8.870004409527553,17.05553692979886,12.98791238224888,6.935866433258128,0.0,13.356425736395911,17.176117866555526,76.97586029441669,9.751127997831412,19.78991660475387
2024-02-23,0.0,12.989582125245589,8.85268648817171,16.851761943624073,12.929093904710612,6.99529408401785,0.0,13.319886545903195,16.981062277693457,78.10788868808784,9.623223424525552,19.934868382273443
2024-02-26,0.0,12.98883892985292,8.852078643543274,16.830040987623853,12.970678323926387,6.918120621153226,0.0,13.358559994374552,17.022798304320606,78.43622913412798,9.695768632651705,20.164114068491145
2024-02-27,0.0,13.317511181054329,9.014191965625876,16.914326237558058,12.969655722504807,6.8564895775686585,0.0,13.456622498886068,17.41788512988813,78.43786708621185,9.536137777780542,20.134963883486122
2024-02-28,0.0,13.572716652843756,9.088393307739935,16.893722385597115,12.795830917270045,6.809705870570502,0.0,13.258155858606488,17.304961076181495,85.88924169909993,9.651646684878195,20.33052956417011
2024-02-29,0.0,13.677845127315308,9.091853532869166,17.00467275993709,12.820733600960585,6.6039086846149315,0.0,13.126664433376783,17.344087492220567,85.77644658838356,9.557737911163924,20.392882870883174
2024-03-01,0.0,13.652618263416965,9.104905085139482,17.0097370326112,13.378071343503931,6.230007821996953,0.0,13.01615286984433,17.003986405203854,85.77222947996648,9.557519436279287,20.338107003820536
2024-03-04,0.0,13.701940156311473,9.115634889216729,17.031647061203863,13.647949579138677,6.2512439002917555,0.0,13.072654946054769,16.99527112932772,86.28009104886966,9.585201085643224,20.310926725538163
2024-03-05,0.0,13.668910560620152,9.064348712100896,16.906382308059186,13.458407063909142,6.207239796565499,0.0,12.893585670370102,17.04407798668787,86.25598162266287,9.588248985068399,20.323514962801916
2024-03-06,0.0,13.72270670711142,9.050386386251873,16.99834147843258,13.521971697936399,6.20709883136663,0.0,12.900016361842237,17.01649871867639,85.89773515846308,9.534784391520173,20.46180264029648
2024-03-07,0.0,13.6180200839827,9.04599426311557,16.73105661505086,13.491057239688242,6.296544063096309,0.0,12.821376489701608,16.95820210859748,86.54640625757114,9.453763856647118,20.098226572670843
2024-03-08,0.0,13.730043401730416,9.04147595086139,16.744379288651025,13.251370723751457,6.30900022408681,0.0,12.895803479200746,16.9554631021136,86.52480698415106,9.432394449688813,20.04915460244404
2024-03-11,0.0,13.662679109236144,9.083637416941,16.742044622548242,12.362580459535778,6.254285930257855,0.0,12.834768943655806,16.84237175161987,86.29353486575617,9.553160589513872,20.0195827438321
2024-03-12,0.0,13.856223835755152,9.364544047546909,16.93901209620223,12.545464945181973,6.272375345461928,0.0,13.23208030191646,16.861349354364496,86.35731042133524,9.410620823533804,19.653973297827832
2024-03-13,0.0,13.718820226776007,9.190402874869955,16.748898201463383,12.562678240137856,6.289280734159614,0.0,13.314713683381187,16.90101407997092,86.02202317312961,9.39543137246971,19.628700264023664
2024-03-14,0.0,13.730197387677832,9.170568730383607,16.832584927417404,12.6338255348625,6.333526695712982,0.0,13.25725721800605,17.072292930918746,86.70820358774303,9.328100156682078,19.611242575626115
2024-03-15,0.0,13.733807454136137,9.190535402700242,16.53735111785633,12.200204766811447,6.396649845204605,0.0,12.408577003377035,16.934246825435327,87.16279874910188,9.366277113436878,20.823951135524418
2024-03-18,0.0,13.746246756033443,9.137439951593926,16.55700167852724,11.978105228050202,6.431332561805422,0.0,12.439014677771354,17.15723816407693,86.76714295628133,9.395464674682296,20.71860845894335
2024-03-19,0.0,13.752103639761273,9.022207653796155,16.52453619526608,11.994409983851558,6.3184646704400365,0.0,12.63796252142322,17.59687874085015,86.4542896206706,9.549527726517306,20.76871533464521
2024-03-20,0.0,12.771132100167259,9.124799525399697,15.581082037790287,11.993785129580685,6.304621666075463,0.0,12.641191505284095,17.42098317649204,86.52977401063686,9.488193903787133,20.63235912188997
2024-03-21,0.0,12.73001789609409,9.025492844970056,15.383071095503503,11.2554506605348,5.97119318757521,0.0,12.75522950410851,17.33413525587719,86.34966948317961,9.649612043749054,20.652048249367972
2024-03-22,0.0,12.84710584255959,8.942117372470365,15.64304994346709,11.46792264570442,5.6928599135104605,0.0,12.737547241790917,17.5282093195689,85.87425913656291,9.652270806943179,16.968945858913987
2024-03-25,0.0,12.770345889874953,9.041936748723414,15.599099561380362,11.541780834566184,5.693073378930244,0.0,12.794528052198872,17.54499838185483,85.95767154718831,9.704794116899354,16.827246821905646
2024-03-26,0.0,12.703498078443875,9.096423577984362,15.71386764160404,11.500961072719305,5.554121823747503,0.0,12.8197213033466,17.50777463156094,86.04379527915464,9.72593963556943,16.895032455297308
2024-03-27,0.0,12.651390014349282,9.079604627650697,15.626005675725954,11.543232414411191,4.959781527353747,0.0,12.555431162775893,17.954053938672768,88.14194075523903,9.642375204521034,17.035034564651905
2024-03-28,0.0,12.441503391801124,8.98200100625926,15.582946321536795,11.750945725786579,5.124260112411657,0.0,12.324016181806453,17.121594464600566,87.64810244859666,9.46217631051231,18.53884536396513
2024-04-01,0.0,12.471713969065904,9.051532245867017,15.958179289654678,11.745500119997427,5.1144071784349086,0.0,12.343689648745164,17.155267658772953,88.05863463478146,9.394588098941474,18.73504673096903
2024-04-02,0.0,12.473621600707016,9.046472623910278,15.87679564286888,11.899786642298205,5.122344837005701,0.0,12.375370811892616,17.103780787441693,88.04264901846838,9.497519373221266,18.823962250893768
2024-04-03,0.0,12.385067793676875,9.57133178023616,15.864995582353922,12.028122052064823,5.1085721681903635,0.0,12.21146092381285,17.07404993031716,87.8362639615344,9.174506778546553,18.99280263022023
2024-04-04,0.0,12.39202654593262,9.578709638396672,15.82796896482962,12.005716797546441,5.1076024761134935,0.0,12.084431321466788,17.070498871129498,87.9884085442455,9.242601602273089,19.077295919728734
2024-04-05,0.0,12.2948885819373,9.578349475267693,15.650220083879251,12.28368937842525,5.119221407800864,0.0,12.019029191355592,17.168401400760988,87.99673990100494,9.213060809529747,18.60272608542699
2024-04-08,0.0,12.85463118602662,9.549204762624477,15.8082143395413,11.814403632907014,5.0353296722023595,0.0,11.943471426347935,17.642704065523553,87.88714158178179,8.779621190527067,18.59958766093029
2024-04-09,0.0,12.723878379964827,9.537459987416643,15.725213849399655,11.82299807365927,4.9891803942375175,0.0,11.952059483211785,17.43261431979282,87.08546936077154,8.87505869610434,18.666269289384594
2024-04-10,0.0,12.998181219719543,9.635122737762437,16.042723726000386,11.927528647273101,5.0255942706091,0.0,11.506679172699696,17.51548159646859,86.89991108188666,8.843829776158852,18.596482214760016
2024-04-11,0.0,13.009373601115449,9.48201478634017,16.002575897370775,11.881606411573067,4.822588192240708,0.0,11.465289100271315,17.456926707041927,87.38443229718985,8.994868927389406,18.601233868832143
2024-04-12,0.0,13.105471112346534,9.47423731338285,15.960490054159596,11.876458873324767,4.7492658475243354,0.0,11.442016532848708,16.96258813299652,85.99279098984127,9.030059699958297,18.787312248767403
2024-04-15,0.0,13.116621511021656,9.730357014900383,16.246671758751944,11.841460245437421,4.704140157351329,0.0,11.407285451112335,16.752739454457075,85.94403810599054,8.974972526965727,18.860190418370184
2024-04-16,0.0,13.171252235173018,10.54324522676712,16.3051438811409,11.881207267939848,4.761204122257639,0.0,11.240840187757401,16.90812081653916,86.01584608115229,9.277578026020262,18.851187008599062
2024-04-17,0.0,13.16324093390355,10.963110195535908,16.266493093095306,11.7580326858314,4.763534444218314,0.0,11.682483950939178,16.950990983602797,84.564224610729,9.936727469419896,18.284838925551515
2024-04-18,0.0,12.946182179474922,10.905457692145276,16.25481283803494,11.487386518482525,4.767795575555207,0.0,11.741722643765282,16.517278861574937,81.50767265570002,10.17724834262406,18.289878765430576
2024-04-19,0.0,12.996208012270225,10.723093241042568,16.250618377989063,11.149344354473284,4.7949757802985555,0.0,11.731723124567257,16.730534776234908,81.50754707117844,9.896250903231769,18.573331198343997
2024-04-22,0.0,12.926066115634175,10.327660222934735,16.2523662358609,12.658058310633155,4.902246886250389,0.0,11.781356164055854,16.701235727517467,80.96399132406074,10.016013855911565,18.78624659889271
2024-04-23,0.0,12.926271525536107,10.526574147270356,16.28445719553973,12.682196317971215,4.66653397312805,0.0,11.931351128817232,17.057118039499265,80.07881772676724,10.153298242109175,18.833381870431303
2024-04-24,0.0,12.824228608950627,10.54016518488215,16.115646033419573,12.653756946305819,4.659010876115807,0.0,11.973186867334945,17.087117648971166,81.51422965845957,10.215496585056332,18.980830160188443
2024-04-25,0.0,12.47794125694453,10.138804030247481,16.07045568498687,12.653575894408755,4.653779392556954,0.0,11.473941185334382,17.118901534446472,81.44035531120215,9.674422879013232,19.038841123533246
2024-04-26,0.0,12.82617868211466,9.982805598962695,16.815789503744792,12.570844120938585,4.6486306463609335,0.0,11.347821404142538,17.001704603800523,79.69027325379446,9.55307206987477,18.85848045865532
2024-04-29,0.0,12.86855928675717,10.036176221387713,16.803966328147503,12.576859109272748,4.0937564052369115,0.0,12.386443552044378,16.982013277314113,95.5044293131057,9.678837002870845,18.85981467691042
2024-04-30,0.0,13.007632107209297,10.001643104874915,16.893314070212764,13.561668704041347,4.280670672761329,0.0,12.637384563475178,16.917172751631206,94.85837705416824,9.64522193286308,18.707379269484743
2024-05-02,0.0,13.132240072757789,10.072498822994708,17.006552660387484,13.557731425256483,4.356140365873008,0.0,12.644527010329643,16.749699483976705,93.62529152875486,10.066570373380328,19.36380925632939
2024-05-03,0.0,13.253117016675118,10.114419446643225,17.446631032997654,13.562666866366428,4.379636516211175,0.0,12.535414682501441,16.999246040909362,88.07190712865494,10.54079490616736,19.202778689110914
2024-05-06,0.0,13.239194535223064,10.131954283983754,17.403338509574244,13.594614048636524,4.21523065688639,0.0,12.66156041681901,16.950141712286655,88.172057933895,10.668507257934978,19.714689214422314
2024-05-07,0.0,13.223098964844846,10.12253594196079,17.35878402358,13.62809454943352,4.528659396109103,0.0,12.680606898900884,17.72869883671507,88.01623377750416,10.668769799126611,19.76508567102533
2024-05-08,0.0,13.006567293061563,10.131682975173877,17.35523151711726,13.481857947000453,5.109159983339551,0.0,12.662273853300505,17.73475129768641,88.01484823780359,10.549789152520447,20.0034758466733
2024-05-09,0.0,13.140666108953452,10.120313760572635,18.272153819356777,13.453163537247478,5.110247612583288,0.0,12.52286294714816,17.7407689025147,88.57837263877599,10.541623952042608,20.04373920178754
2024-05-10,0.0,12.260690014703407,10.457585814725187,17.04534103562585,13.690101298960261,5.138833505526253,0.0,12.722887933076096,17.355064633484524,88.38028620863966,10.710545579982638,20.791361238258624
2024-05-13,0.0,12.263567160961204,10.493330013381753,16.556884433472774,14.0372129850072,5.122045025906304,0.0,12.67923986553443,17.368803606016897,88.89356950099265,10.733703095517363,20.69790865369234
2024-05-14,0.0,11.983088408772122,10.545527904824434,15.945053462447959,14.054313017966855,5.118321720492096,0.0,12.692621547423414,17.315318857219122,88.78033449844457,10.788925473655553,20.811725135595953
2024-05-15,0.0,12.002535790843341,10.500247233345972,15.945960881162074,14.209573430076444,5.1474465436906005,0.0,12.7472638249715,17.164781489037118,88.5312030591437,10.818504370490887,21.020234308658324
2024-05-16,0.0,11.938948401249206,10.09031173291593,15.925619571060192,13.739627013118142,5.19902598899443,0.0,12.594596686477091,17.208155610546818,84.34708421239752,10.682154906294192,21.04044016601918
2024-05-17,0.0,11.907866548767208,10.05547534288249,15.911949877437308,13.891445327178667,5.217468820991998,0.0,12.658343001512653,17.177747796777684,84.64017174462255,10.672436056547982,20.89298951373488
2024-05-20,0.0,11.819424390740755,10.152947394384269,15.876832019429793,13.939324749769119,5.207858625659226,0.0,12.715820622391433,16.338594576944708,84.97006224839784,10.73315023005486,21.12597502246593
2024-05-21,0.0,11.67888785513195,10.16178015576845,14.909094575096798,13.995715398761726,5.208194449165704,0.0,12.685206748388007,16.390440667664524,85.11176373420862,10.707645171830304,21.159483602679764
2024-05-22,0.0,12.018510285443233,10.158005638724111,15.283726959908483,14.33119109143543,5.324626640375576,0.0,12.699195215885167,16.96502165221534,82.5914763690456,10.642878483472309,20.791408901720434
2024-05-23,0.0,12.066130337116201,10.17933073310972,15.491197418335517,15.186085845714558,5.4029842548006055,0.0,12.705551649861684,16.843924506873776,83.66958951899115,10.688960234778214,20.607670351431253
2024-05-24,0.0,12.030993581855261,10.170578777376022,15.432537576991479,15.133635529903374,5.308176413270968,0.0,12.68234926825956,17.005775357867925,82.87200163452209,10.651960045096942,20.29570756846747
2024-05-28,0.0,12.062112367464573,10.26460560733958,15.429678381743026,15.13708102290555,5.375356074014126,0.0,12.692172287930878,17.238935331141565,82.79139203973203,10.637586783624366,20.094273590297067
2024-05-29,0.0,11.565081751214196,10.115563806364426,15.301763031925997,15.237550604805627,5.377206472595894,0.0,12.608321909117276,16.801349890712746,83.00705812915099,10.626930260822798,20.405193653492717
2024-05-31,0.0,11.353562571040204,9.92758605430338,15.361269833359813,15.351634742393571,5.415001606276328,0.0,12.659353867998814,16.922535330634116,76.72755554988926,10.53103702501647,20.741617590029094
2024-06-03,0.0,11.261820500727936,9.873214639386777,15.369535613513396,15.41465325760397,5.405099510470162,0.0,12.653088388022468,17.375071353648465,77.52653662376152,10.55841719812778,20.771823528268698
2024-06-04,0.0,11.265062660006524,10.225112280302774,15.365379511718396,15.13731451976748,5.408909720809573,0.0,12.735237423454645,17.28329434769013,78.64507924557994,10.558134403221363,20.69333560305461
2024-06-05,0.0,11.229443084594747,10.283963470261343,15.361484747671192,15.059270999211186,5.415992664921153,0.0,12.889105494779868,17.359602595654422,79.19262447605412,10.59928876517367,20.62827963865816
2024-06-06,0.0,11.517095954170347,10.275127225302553,15.795186617871954,15.050746178179805,5.417340143402994,0.0,12.90959693572217,17.703896843290366,79.20691672053715,10.588921887240064,21.26709347876642
2024-06-07,0.0,11.92308683671229,10.421553764707161,15.907957042239392,16.08693784964234,5.560113396647015,0.0,12.94041280303543,17.860533642430827,79.27375676944767,10.746606901577088,21.250233296726954
2024-06-10,0.0,11.904325684032145,10.436518716473547,16.060318236424077,16.079386565925564,5.428202096436601,0.0,12.93980814119467,17.921991233141853,78.19804567143193,10.724892495311046,20.967373386284446
2024-06-11,0.0,11.869625638383392,10.602109640440412,16.181193552163247,15.989282422487344,5.580033066740553,0.0,13.040984843397563,17.961240792828644,79.30344609476062,11.09509807389637,21.001556593557385
2024-06-12,0.0,12.055072634131358,10.547835394692108,16.264406997269866,16.150186398288913,6.3014010398001234,0.0,13.043435963764061,17.933217346085783,79.32860862348144,10.990644676099803,21.077083274664716
2024-06-13,0.0,11.802109953772105,10.659325771100168,16.01866203112686,16.329958119548092,6.327482354686909,0.0,12.751944734745024,17.93348443742086,79.37875135586384,11.042571965869731,21.14255324810219
2024-06-14,0.0,11.76951404363691,10.998287288176028,15.990832009254586,16.480101100646664,6.43921148558943,0.0,12.791043261529337,17.874501086580867,79.25121103427524,11.16033428459545,21.46329252016144
2024-06-17,0.0,11.775427356648029,11.159639735888232,16.136642124355298,16.528714572898544,6.463050813314526,0.0,12.818965900944413,17.795743212286578,79.26900953620407,11.165653311983489,21.570122656670417
2024-06-18,0.0,11.735305331424764,11.659385705951571,16.13215538685246,16.563968835822692,6.546486250323196,0.0,13.030211916244316,17.972054754572074,78.6771278869888,11.370005948839086,20.693862348090153
2024-06-20,0.0,11.83891363782063,11.647511588876075,16.118874290849185,16.656390982998577,6.517755119583393,0.0,12.873634111543714,17.899576103877585,79.73740898929258,11.303514802027504,21.210195404328957
2024-06-21,0.0,11.88570022832571,11.648641942776807,16.20723349897967,16.99991396672894,6.511984853746472,0.0,12.695648894254811,17.425168493819918,79.79406075188888,11.116156441031116,21.262843440679735
2024-06-24,0.0,11.872544548867413,11.702848895377205,16.192938144051,17.025301024812492,6.705885203982052,0.0,12.63306227904611,17.30945387752314,79.72825449877358,11.181279465725758,21.272554290448152
2024-06-25,0.0,11.82628438238114,11.643323960048326,16.096355305298847,16.957321907535142,6.76616572868902,0.0,12.432221047798675,17.26401065989829,79.85029280785898,10.942703781627493,21.568227389591673
2024-06-26,0.0,11.68546570371699,11.715804890199214,15.886528461402749,16.867144483674547,6.762321090443613,0.0,12.609879133343007,17.386936295157156,80.48878233622027,11.126510973034236,21.704551821855485
2024-06-27,0.0,12.010479046306822,11.625508807820644,15.88967358407649,16.93220312347027,6.742399522663703,0.0,12.559751279648577,18.527293597914337,80.21267034401156,11.34563235333956,21.884968300581306
2024-06-28,0.0,12.021205747707997,11.594055756255013,15.789583434952354,16.931599590221076,6.831454029029219,0.0,12.499278491923418,18.548942663007995,80.3356298125601,11.30483458672006,23.13929012084899
2024-07-01,0.0,12.024571520146413,11.646513949284875,15.674926449418415,16.89239338910906,6.864399642184152,0.0,12.873159059842349,18.145657389340005,79.3753488329282,11.693212504370301,23.020386362539508
2024-07-02,0.0,12.012975282587798,13.370456639128372,15.717710376290036,16.747405008360623,6.890162884161978,0.0,12.909106439534282,18.142962053845917,79.42499269485211,11.84207077925989,21.88757643086073
2024-07-03,0.0,12.008190360445644,13.285370486227738,15.402097919470755,16.945793021153435,7.141367169435155,0.0,12.902418274662148,18.179165345624504,79.13427606265164,11.835120507867172,21.742522911509674
2024-07-05,0.0,12.005302837471595,14.401188735080728,15.415787976024466,16.97657930444576,8.006641496457567,0.0,14.480185352178543,18.398728835309626,79.65814207259815,13.717523026049982,21.747919455308264
2024-07-08,0.0,12.009416494693493,14.13208850524374,15.415293613456646,16.99613586436791,8.01414979146235,0.0,14.482560395516591,18.625442408992747,79.6514693615693,13.740860755385032,22.824662082614537
2024-07-09,0.0,12.050840746000336,14.184843555281187,15.398130025486148,16.988696979534506,8.060839172880128,0.0,14.444060421786434,18.63158058972584,79.26033018683579,13.683379471642187,22.88846714450473
2024-07-10,0.0,11.973813546967301,14.18392444675094,15.570494107711404,16.719083292806992,8.156159552339322,0.0,14.645005171808334,18.45041756742801,79.29643382913997,13.852115473614063,22.953560161733304
2024-07-11,0.0,11.548927630062247,14.249745296374003,15.435545431611683,17.084203671242758,8.19725242313463,0.0,14.639395725895596,18.0484493734294,79.34162256024962,13.851874906536777,23.02335335052302
2024-07-12,0.0,11.48901864006593,14.322203614710274,15.531509138009291,17.061366304855145,8.192802777857866,0.0,15.299406860663547,18.110329307699608,79.44054334223601,13.786582853772739,23.169434469145
2024-07-15,0.0,11.094994690517757,14.244914919853485,14.909145025887508,17.02176634533063,8.197588469747792,0.0,15.292386776772632,18.281844462669746,80.9571716319907,13.78086033849129,23.54691905670747
2024-07-16,0.0,11.073683645292736,14.257908222518095,14.977664129345142,17.189077432632747,8.169178957297515,0.0,15.317433463411936,18.27493528090726,79.80714701985198,13.633724461274896,23.62601015419738
2024-07-17,0.0,10.843648471147045,14.281339984995633,14.884525126077405,17.20633833007926,8.164103475128833,0.0,15.36042644835898,18.11611157254785,81.18743916344098,13.65477231608076,23.418226163050676
2024-07-18,0.0,11.16720861717794,14.244568045521206,14.71284257414885,17.1968373076503,8.165874208769216,0.0,16.300696576950944,18.291033054023746,80.993979565593,13.795393095760152,23.57544419591003
2024-07-19,0.0,11.073135658054326,14.007441184640465,14.63182205596045,17.70881799285503,8.151934960842482,0.0,16.252595230569632,18.164214920108698,80.9003676314018,13.70585088819451,23.575558624068275
2024-07-22,0.0,11.054195276318014,13.986522048242641,14.647506176829806,17.635707121452498,8.172738730547351,0.0,16.004955218552595,18.13379563680852,81.5283214726487,13.213339726711887,24.160375025056837
2024-07-23,0.0,11.268445910042393,14.057250963941758,14.670265577007607,17.644288277289096,8.28237695149623,0.0,16.088366223656166,18.768515301333363,81.69789646813001,13.132961543239244,24.152656817275908
2024-07-24,0.0,11.136760429190831,14.033653374830193,14.69417733953074,17.608055078907984,8.262506117308506,0.0,16.220924100319746,18.39477338449417,82.01515623485112,13.136085148248103,23.929660308988627
2024-07-25,0.0,11.16391658154793,14.117290449527781,14.784071364330757,17.474472909227366,8.205009440765615,0.0,16.830099926018196,18.43081117208324,82.32041944698297,13.226024745041817,23.76260430705065
2024-07-26,0.0,11.404791768368415,13.941901362299339,14.835483742065788,17.625706792808685,8.23757096612404,0.0,16.69053493167173,18.235260961718858,82.40322886496128,13.112541274525565,24.307851524644654
2024-07-29,0.0,11.402994621078905,13.943017693317438,14.813518874953655,17.624781275676458,8.315032993581983,0.0,16.688437932731873,18.148826734354323,81.03343578305119,13.045756382901141,24.25022064086306
2024-07-30,0.0,11.495788857645111,13.972943624259889,14.676109959733374,17.764151424393145,8.312617278751228,0.0,16.69737892035087,17.937607438079535,83.9889562386348,13.055827903185415,24.42966458473201
2024-07-31,0.0,11.34791753441297,13.968949083739066,13.920201083016531,17.840506128631727,8.312371115698003,0.0,16.76671906525763,18.027960924334906,84.43945418732139,13.059985361158896,24.57955552201894
2024-08-01,0.0,11.290921453512953,13.96325070259775,13.909660220445522,17.832577031820087,8.410426618506458,0.0,16.539679591108232,18.161526327004907,67.3724115975933,12.976575829380302,24.579445122857276
2024-08-02,0.0,11.325174501850842,14.012974580385027,13.788774229390535,17.198350552636747,8.554276925323864,0.0,16.816898328970368,18.305966690769555,67.25501546346051,13.314532499868031,24.73065542117873
2024-08-05,0.0,11.19933372188315,13.979555366457225,13.746845473774583,17.326785720048832,8.70796227101244,0.0,17.149221722244512,18.11510288786207,67.16475550101192,13.092024053135878,24.09824102414058
2024-08-06,0.0,11.014476282198755,14.080263098385808,13.5248505167271,17.367608801474002,8.820180398811809,0.0,17.034872455398347,17.803643653372827,66.697507240081,12.597073141856258,24.038595702051264
2024-08-07,0.0,11.278915976505338,14.547125111361444,13.569777609601028,17.267540948254336,8.8129488827682,0.0,16.904513572308314,17.79531109367946,67.29203934834975,12.732828316325213,23.63369610614751
2024-08-08,0.0,11.34721058984225,14.729551121778272,13.636595893663381,17.440190717833133,8.610022380471577,0.0,17.284893668895087,17.243410571258348,67.29797232777847,12.774742824884317,23.668372731770543
2024-08-09,0.0,11.663295725033556,14.798417819118734,14.365448496212874,17.45002282790138,8.46374630176113,0.0,18.030768056499777,17.27969612744195,67.28602846520633,13.246956750114974,23.473598672494145
2024-08-12,0.0,11.513437080264067,14.916352717174808,13.170369303736424,17.546816444787545,8.482886525816873,0.0,18.039608894086275,17.27801314970112,66.60685246238783,13.355076363492222,23.792005139928268
2024-08-13,0.0,11.64156203838893,14.761515937795375,13.67967800519368,17.310178309336806,8.562598153722146,0.0,17.982140053093325,17.236177318402817,66.57538191019852,13.247554820668094,23.030848549393593
2024-08-14,0.0,11.67941412120641,14.74873347388647,13.680451040128386,17.246322530169582,8.549561108340985,0.0,17.96280478505143,17.356757299069592,65.90262125700643,13.306542635347343,23.076918805779417
2024-08-15,0.0,11.714081991013925,14.732768508341584,13.6959493068643,17.221934234137095,8.706758302010229,0.0,17.969585535924406,17.402429831233828,65.85925677574316,13.270839559390204,23.17333578721879
2024-08-16,0.0,11.689659513125058,14.75770530391223,13.69815929829301,17.35564586301093,8.699484462368508,0.0,18.026451533921776,17.325080526306355,65.89043064573377,13.218042591833695,22.796832622170815
2024-08-19,0.0,12.03624687712838,14.717007553684608,14.144958633922425,17.332652956275947,8.698829874384774,0.0,17.80959402933396,17.936144680836183,66.42984757322314,13.237446464455605,23.213157846056717
2024-08-20,0.0,12.02478408434549,14.708496636256072,14.12092710821774,17.151662994800237,8.848213261272488,0.0,17.702316027491257,17.964093376056102,65.60438272847297,13.487477370014894,23.193064581528976
2024-08-21,0.0,12.004899987343263,14.951444761468064,14.105396714472404,17.07199746172254,8.853862992962943,0.0,18.15400862400218,18.580455544455226,64.83987128719518,13.659794445482316,22.831942316396695
2024-08-22,0.0,12.224444033134922,14.935692188684211,14.48297904870532,17.21389023768406,8.887685563224304,0.0,18.11919968453625,18.620188704365734,65.53352256634093,13.658637623543774,22.877163158009342
2024-08-23,0.0,11.807036298865379,15.193778566469957,13.973737582777698,17.130607686432914,8.914240702391298,0.0,18.223394336216327,18.07685003395954,64.12344954230903,14.148917729088929,22.82054029173656
2024-08-26,0.0,11.88810808858245,15.209515488614118,13.606611249875955,16.458061516526087,8.897704630300298,0.0,18.25618280343673,18.060407941178404,63.20071867737671,14.690541139510133,22.86581720579991
2024-08-27,0.0,11.870583768191919,15.391800540500089,13.646817213211246,16.45598538853887,8.953192012592408,0.0,18.25839099950849,17.890501594592443,62.63284472202064,14.681940265097799,23.134243828898878
2024-08-28,0.0,11.80783430502717,15.345464362833939,13.717780168075869,16.42674008649521,8.896146510541952,0.0,18.259121473061462,17.821252513174578,62.40781693241956,14.655820072528513,23.13585122673088
2024-08-29,0.0,11.891791416459341,15.337320872992874,13.640577392221187,16.452357468632535,8.923552852701128,0.0,18.224925927556477,17.836578474506183,65.86132534053792,14.747286707907506,23.394874592391414
2024-08-30,0.0,11.823303975968422,15.382953689226223,13.508978230643779,16.596183389514994,8.936349855055454,0.0,18.18676953203838,17.726593536882614,65.3767359474882,14.838531909472962,23.4795630820551
2024-09-03,0.0,12.12046958426934,15.379643509867607,13.474675212902557,16.50279975451624,9.00368254155242,0.0,18.544578066890722,17.73641799848445,64.39332104806542,14.789125808857854,23.992608585039633
2024-09-04,0.0,12.368491997458712,15.159323083562906,13.5477523487106,16.37760679934005,9.039513422058954,0.0,18.742475741532765,18.071816869512617,63.459623499302054,14.81810784143759,24.120711866442747
2024-09-05,0.0,12.338948176439947,15.120802579977486,13.569413693776088,16.268335875050134,9.03539502920781,0.0,18.676832146840837,17.954205445540378,62.86079915161389,14.770857391238106,24.095229651291028
2024-09-06,0.0,12.587434293727851,15.133479186677231,13.4752424775283,16.30647143634224,9.097536894491082,0.0,18.848012341079542,17.708016750354847,62.691567177579664,15.041091231464343,23.430189313073896
2024-09-09,0.0,11.944320814851508,15.27389322192053,13.050000351375346,15.26222381343576,8.984394323016756,0.0,18.8886026329676,17.474474987781004,62.82675638886226,14.953869319590549,23.42246858706874
2024-09-10,0.0,11.97301019407528,15.265963710501348,12.680666179640475,15.272751402865492,9.022390255314843,0.0,18.982168897860653,17.443001716846354,63.16210041062534,14.964549553388332,23.433530818233052
2024-09-11,0.0,11.925588832988579,15.308586070601946,12.871387409027326,15.2727236458166,8.961375691297592,0.0,19.184818978910243,17.48526772959082,61.18020644959587,14.90586059597171,23.452299237739428
2024-09-12,0.0,11.664823586028227,15.312257035507205,12.891113716136172,15.379572070905247,8.420991603731549,0.0,19.184465233962854,17.432741954184284,61.59375986101382,14.903456531673124,23.57278387746085
2024-09-13,0.0,11.675392620949857,15.089385439455144,12.738612750917142,15.132082453424786,8.455009322476856,0.0,19.187292564774733,17.597308167456806,61.50447042339252,14.946316836761845,23.62394690346934
2024-09-16,0.0,11.669056581778337,14.837495294572406,12.720850643416833,14.950061454216765,8.375180433273886,0.0,19.050545166038063,17.67345897409851,61.66504083351248,14.87162674630031,25.714037729435663
2024-09-17,0.0,11.640463522427515,15.018141968651769,12.700439353739823,14.903946778914696,8.310838364530085,0.0,19.490933518617474,17.551432475403868,61.47911008599086,15.403125366963183,25.609408367809067
2024-09-18,0.0,11.784881082548852,14.653142854418052,12.7376422017315,14.853443771460503,8.271334644157614,0.0,19.64648817723274,17.543881890035298,60.84542284116464,15.233519222443444,25.427300269864972
2024-09-19,0.0,11.836461068657018,14.71920956265639,12.876109530182688,14.791607587094305,8.629214292205244,0.0,19.66677108245814,17.41798422957753,60.129176905033354,15.25413860713106,25.25305803407507
2024-09-20,0.0,12.235997117324974,14.72850616816282,13.582513009199504,14.513359432635223,8.926193117621574,0.0,19.845708958495074,18.067461474540956,60.56851842179473,15.276811594793532,25.23910831747761
2024-09-23,0.0,12.103565559363537,14.657037055917591,13.876875222412227,14.492463032392344,8.762307924477035,0.0,19.852429019009936,18.102336715430347,61.86998344848323,15.59885934418716,25.954366134955748
2024-09-24,0.0,12.275306719576264,15.104846823936274,13.877290215410849,14.482346010256947,8.827230192192212,0.0,20.45420049858727,19.883563272276394,61.927889630588496,15.549487007076888,25.711842066179386
2024-09-25,0.0,12.318511972604119,15.096862731833724,13.820865332351435,14.348309585538571,8.82706264508759,0.0,20.559935212508794,19.718219043743897,61.58426068489384,15.715623175072798,25.644331947171743
2024-09-26,0.0,12.171876398941963,15.050314031843179,13.949505732221784,14.244774963279283,8.823432995943904,0.0,20.607465512334734,20.596802504402735,61.56977888901696,15.514700794035342,25.486298703253123
2024-09-27,0.0,12.158869119924134,15.051832988187927,13.866521691296011,14.439299022356531,8.869492532172583,0.0,20.671501297043857,20.624428959875743,65.91980785641802,15.553193870350551,24.25138454408399
2024-09-30,0.0,12.200277634255897,15.037745839906725,14.047306150462433,14.470381923017165,8.861932542216685,0.0,20.61004969427735,20.590947684626386,65.1409751093409,15.175986302898195,24.4403039531581
2024-10-01,0.0,12.231143660790133,13.387548387536263,14.079412663402218,14.578664419479956,8.697277038455963,0.0,20.592491902913356,20.601864619082512,65.05587639948696,15.004255041375997,24.448703978003206
2024-10-02,0.0,12.22557144479805,13.389283993309704,14.103138035289387,14.442092110788426,8.545043570548241,0.0,20.620010551630376,20.61248722370421,65.03645358895724,15.000408916456658,24.48372050367334
2024-10-03,0.0,12.549563433145702,12.37862153423159,14.42119564489154,14.295753038348066,7.832531842285838,0.0,19.82482546570492,20.685090971344106,64.59303357663084,13.468483680602333,24.30465431685718
2024-10-04,0.0,12.54650630821905,12.418877015305355,14.396491238679662,13.992060709562937,7.818250361959898,0.0,19.816738375075005,20.43715245648659,65.10081512835373,13.523679681551018,23.09355002508541
2024-10-07,0.0,12.515747335785857,12.425888402899073,14.392426899783391,13.999314639722776,7.777027300366281,0.0,20.189961846421973,20.472632122046342,65.5825756257187,13.548097509299136,23.00442140055249
2024-10-08,0.0,12.546064689914429,12.424563180889178,14.23680655962031,14.225388316576312,7.8657986014176355,0.0,20.114602844938208,20.8344655147984,65.57337236732043,13.479427155446045,23.121429028312374
2024-10-09,0.0,12.69240461118661,12.469249411589637,14.489140473012597,13.859539329407285,8.054513423925895,0.0,20.12298980459625,20.853108087440226,65.58296187698235,13.553267511052905,23.06560765870089
2024-10-10,0.0,12.670558959924271,12.423033862684035,14.344390937445322,13.88245696874705,8.067441774812094,0.0,19.630684264995832,20.83650024349016,65.41040681055162,13.70032627029129,22.839129101621282
2024-10-11,0.0,12.674096564710238,12.419157960566826,14.347620757192303,14.10901127933746,8.036564001973193,0.0,19.62041674007273,20.6246900526038,63.66885687613873,13.6982337741302,22.34099740624017
2024-10-14,0.0,12.780205384124303,12.41114351813544,14.441044593497468,13.82050273596871,8.031621432468745,0.0,19.60017312135128,20.62653763716184,64.62157506149705,13.707824759456685,22.520113401267192
2024-10-15,0.0,12.77080849553583,12.394577860840842,14.41540317015814,13.81492498302096,8.041707977047952,0.0,19.610122884351526,20.702172216586366,62.90697335650156,13.692434736035286,22.771776332376884
2024-10-16,0.0,12.480517046069275,12.345641583266934,14.183441129555414,13.821723638231864,8.058263889118018,0.0,19.0315184443168,20.488915308658314,63.36446964448753,13.647503296179163,22.562145443097954
2024-10-17,0.0,12.552247009854172,11.975944023989001,14.226817205490573,12.935340836714618,8.056101695883774,0.0,19.032718939127427,20.51121718175559,63.40188668001995,13.516188023201325,22.5722800372175
2024-10-18,0.0,12.561709073802035,11.725700119706566,14.196220178911389,12.982766605070385,8.036633926996519,0.0,19.043399601527693,20.504416116050905,62.88555607691953,13.502667588258795,22.054223582058867
2024-10-21,0.0,12.368844361107923,11.629957679744999,14.153713205224076,12.969534103504815,8.002693528873985,0.0,18.91569538843522,19.866697773817314,62.76790201109898,13.402790908475936,22.148205470800086
2024-10-22,0.0,12.395447278472053,11.721480297765988,14.275862161562289,13.016582094920587,8.149845645954269,0.0,18.803361439468276,19.861817782323456,62.39669309076563,13.516480998872668,22.393795369621213
2024-10-23,0.0,12.40860912707626,11.5068662757211,14.172895336345595,12.054766285078362,8.1887362751796,0.0,18.17231972967105,19.877500781882112,61.95288274667077,13.298255502318101,22.397844806444184
2024-10-24,0.0,12.233759023389105,11.505024821972441,14.20993545510546,11.943415011354862,8.317659618920956,0.0,18.315415916632453,19.793002490017802,63.5477933252585,13.292746620200923,21.635052666997847
2024-10-25,0.0,12.227268330262095,11.50235206957968,14.243086293599742,11.92376737918986,8.299361967528233,0.0,18.26798488735196,20.25245347664065,62.632228980037894,13.29714880418276,21.857750557035395
2024-10-28,0.0,12.290688332705871,11.49078912756509,14.29623999223776,11.774349819805717,8.30564573203853,0.0,18.26307305240289,20.32668801657121,61.98561253557951,13.313302152857705,21.619001997994438
2024-10-29,0.0,12.118686212933005,11.509102294935394,14.372850142600429,11.782973023843377,8.473700903368325,0.0,18.181562250552066,20.238404974846258,61.383123169138976,13.336711524841641,21.39510972743207
2024-10-30,0.0,12.112095082884228,11.563558586136296,14.37042528706606,11.824768981367848,8.379712459774948,0.0,17.532118725906866,20.074684633557812,73.91075202422601,13.351816284840936,21.428104659161402
2024-10-31,0.0,11.933992069394142,11.373588947032646,14.648205028996063,12.441466015621769,8.076412762472811,0.0,17.01901383864594,19.737804075205176,74.72477385861534,12.934786334411507,21.329408560284424
2024-11-01,0.0,12.116484380554647,11.443890788032583,14.856860000611539,12.21296104189809,7.8266485609347525,0.0,16.780715976917822,19.50221336221155,74.76443100767364,12.938632575080918,21.29729096449146
2024-11-04,0.0,12.58400525304845,11.717239980484072,14.937577518645002,12.137318335883455,7.881161438110943,0.0,17.5633609409299,19.788653500651517,74.93364978097006,13.514204716801911,21.2735498027251
2024-11-05,0.0,12.367089153869237,11.858886767211601,14.967627052042163,12.133724002202928,7.8932177798366325,0.0,18.30952403128851,19.787509773043404,74.93743587649926,13.893402654829229,21.05497544049726
2024-11-06,0.0,12.276910514060402,11.712925510304418,15.022333282208209,13.220367771664565,7.902864102720721,0.0,18.007542098023315,19.801146493782376,75.09083124727634,13.993603001236082,21.184674832071835
2024-11-07,0.0,12.029454869137503,13.059493439949692,14.334465009262484,13.36156144671786,7.758496780803735,0.0,18.356912609483068,19.891813987452238,75.2520614528627,13.805827645460214,21.114233668410492
2024-11-08,0.0,12.334522892305277,13.071579248813297,14.501972705099867,13.227659025287094,7.717384574453422,0.0,18.464795000110705,21.281622473279285,75.22202503363562,13.727589014836813,20.92670954466281
2024-11-11,0.0,12.123352579869577,13.065642966588594,13.92425713619741,14.508971629113343,7.68054981253377,0.0,18.593539327373584,21.304504100065646,77.18034982583009,13.791311003243573,20.68270634103843
2024-11-12,0.0,12.037856216565736,13.056891681499039,13.624498129330235,14.343253862732238,7.7720146538520805,0.0,18.57558952015632,21.396486724441132,77.01023037877445,13.719700598191611,20.670529813070917
2024-11-13,0.0,11.968135808515582,13.074597663294663,13.510471566394564,14.410659914269313,7.824591080480086,0.0,18.657942824283072,21.363618695799673,77.0564354736503,13.722664726875575,20.401988810923275
2024-11-14,0.0,11.963603770310362,13.084960596494245,13.549103163114898,13.996827340689014,7.849468691178339,0.0,18.57893879102451,21.341096196891257,78.01178811389416,13.84008186488557,20.588875154944176
2024-11-18,0.0,11.523224638651783,13.107893114268757,12.895894186622597,14.359174316288362,7.846970530032174,0.0,18.596330900958147,20.745897397423718,78.42992509214936,13.835136270386512,20.757164386848665
2024-11-19,0.0,11.55713174281227,13.127912415076654,12.887245448599677,14.390011638545271,7.7394324442909115,0.0,18.716417581804055,20.73204596193498,78.30098553597475,13.713823959803548,20.703012783114517
2024-11-21,0.0,11.732586500076087,12.678583422366549,13.137925361970964,14.751401468300207,8.055436705517788,0.0,18.05938659985883,20.211364268757812,81.13194195317867,13.497493269218541,20.71310714594587
2024-11-22,0.0,12.255459049768053,12.674686062777193,12.903091975540857,14.747156055716113,8.453006612377587,0.0,18.311972159198312,20.18772927504223,81.33360081739602,13.563011330228814,20.57674490065787
2024-11-25,0.0,12.236685086561309,12.367653253412843,12.832334504407994,16.241837517308955,8.747806509733579,0.0,18.1821495447982,20.185461944278416,82.34239885686522,13.029386921132247,20.44080258696592
2024-11-26,0.0,12.083312299184927,12.380209636336815,13.210441612548601,16.2310531682028,8.753140627613744,0.0,18.18005102588772,20.22278517091289,81.91477619310122,12.41581349410108,20.30029600983705
2024-11-27,0.0,12.626870563848842,12.288027942727355,14.398506653140783,16.285114660427613,8.988187777681672,0.0,18.30726121718427,20.309565977132284,83.01248086033999,12.416752662939116,20.30296324542974
2024-11-29,0.0,12.930934516297013,14.862676969205745,16.08021844259089,16.264723975079658,9.059730208422797,0.0,20.68609736339645,20.17534533077464,83.39499631204164,14.180819176829692,20.474679167551304
2024-12-02,0.0,12.807682307354307,14.885245539652534,16.069712532165422,16.268787003005794,9.087965657777735,0.0,20.650712404369816,20.28422025301763,81.72227251043232,14.169270309647786,20.236511894731173
2024-12-03,0.0,12.949965758327545,14.838275217873957,16.294342998745186,16.050454295032317,9.102286101102372,0.0,20.80029341803003,20.250722470355235,82.5942732688341,14.243563315863359,20.04100377099493
2024-12-04,0.0,12.769968322437395,14.837433016023857,16.585858034666657,16.049378041367106,9.078559009671734,0.0,20.533432846517233,19.726899454300884,82.39656019125117,14.243790248538879,19.618916325055917
2024-12-05,0.0,12.760041794688506,14.833736457044422,16.615044998874925,16.207764664415055,9.16403916678981,0.0,20.335755273574186,19.361688689072707,82.13327028174375,14.218342452826771,19.624796183939846
2024-12-06,0.0,13.065017072951107,14.828231131396372,16.71073554292899,16.17425255842424,9.364639758244328,0.0,20.244110142286306,19.493549834052,81.662591076588,14.260254446051428,19.689384880893567
2024-12-09,0.0,12.990067962370416,14.823481336200281,16.631906148343546,16.193496215394767,9.297795087426739,0.0,20.297356844076077,20.0755337021995,81.85622962451552,14.158025234070259,19.391239054188645
2024-12-10,0.0,13.116478539028956,14.751151620407407,16.820690958789005,16.341431163410068,9.411469835192426,0.0,20.293416175928076,20.104358248983022,81.19557125351925,14.15289643166763,19.56255503021678
2024-12-11,0.0,13.31660616327455,14.827583933437595,17.414378532570897,16.512245600955705,9.71135938005537,0.0,20.292090944184523,20.104732462211956,81.99490203219206,14.195211282380107,19.404706271147205
2024-12-12,0.0,14.374993060446473,15.075354750047365,17.825668429947115,16.912763282216538,9.692775532705937,0.0,20.283523727252124,20.6314285443066,82.02922627649953,14.336486795137185,19.687120413802184
2024-12-13,0.0,14.477350524742045,15.088438454695009,17.86281408117796,16.846387699810325,9.986999194987504,0.0,20.30782056693557,21.051994531173886,82.61823371986664,14.394543004639262,19.54421360392182
2024-12-16,0.0,14.438972403459333,15.089879459067514,17.91263068524436,16.70063323534113,10.531922299256784,0.0,20.292454614749147,20.89338622377905,82.59184331221137,14.352759234622015,20.54780482481261
2024-12-17,0.0,14.587602015702398,16.29833491315419,18.007214677428642,16.71154046390936,10.652564133667408,0.0,20.497500420685295,20.93019441969554,82.58899320781174,14.704519147226808,17.994326161393587
2024-12-18,0.0,15.745253956431885,16.163616742978252,18.91979855686635,16.671289647851356,10.824704916297184,0.0,20.13911516232151,21.96552047839361,82.44426874167638,14.197427599432638,18.243472357774657
2024-12-19,0.0,15.744993870067564,16.426034127116036,18.983864739021836,17.020312529412664,11.270214036227504,0.0,20.437403321987215,22.02058570273053,83.01704776727883,15.266268313076955,18.29707356126535
2024-12-20,0.0,15.791428728277534,16.899585899902807,19.290229870154686,17.19770067534283,11.168946750767152,0.0,22.06110413757214,22.01345137068916,83.26226188812267,15.965978387734092,18.061353043711016
2024-12-23,0.0,15.677797769277129,16.896113059405714,19.097360407508205,17.070643143417435,11.188576177177133,0.0,21.939305287968253,21.474920603510807,83.32874571350422,16.079851463309527,17.914145726280424
2024-12-26,0.0,15.689958557661399,16.950344852678676,19.03654583105237,17.183920771024955,11.175530955664472,0.0,29.665244309408234,21.430080454598777,82.27168144498678,16.067680208709145,17.19257310568255
2024-12-27,0.0,15.482728991912264,16.53970357819337,19.04339146739657,17.158245853925358,11.021357873173383,0.0,34.05973288765799,19.935392076992002,82.95239986191,16.12911328415437,17.15395236574431
2024-12-30,0.0,15.476754038385948,16.451007888348844,19.041414437536933,17.165246485150828,11.133552944495094,0.0,33.966686412841796,19.924597772601825,85.85693383657477,15.776567621886862,17.130165906807225
2025-01-02,0.0,15.330954442358621,16.600975147365425,18.868601524292306,17.630860866134164,11.187500249005607,0.0,34.113204606211745,17.943444501736415,87.0954552483931,16.05667635448618,17.328315643450104
2025-01-03,0.0,15.55421292239637,17.84303182862862,18.997235443841898,17.55592789288893,11.107875664132573,0.0,34.40372767052496,18.20006467037781,85.7189401547264,16.781953635057665,17.7021462455348
2025-01-06,0.0,15.86375060650943,17.829530131453403,19.683781965106178,17.551906166677426,11.136048719774394,0.0,34.324393438295516,18.425777343338407,87.63442210230146,16.782388700425805,17.681416803526094
2025-01-07,0.0,15.935180418891228,17.853893237356854,19.763521099556947,17.44549355998247,11.170348943410353,0.0,34.442304699742735,18.619360073557267,88.57632533137956,16.97111488599642,17.591992358212583
2025-01-08,0.0,16.028283376497804,17.894282591266336,19.677503290023022,17.386665691593976,11.166319631089138,0.0,34.449440368633155,18.690596221099455,89.22302249047137,16.9440679860553,17.640808476738247
2025-01-09,0.0,15.852809216229494,17.86078375795331,19.532978020642332,17.429711195389732,11.1546995467447,0.0,34.25715210218703,18.50547883496537,89.10865880730597,16.944081869458323,17.520564312890965
2025-01-10,0.0,15.877742628052625,18.056052496927556,19.63799452197139,17.497048455535822,11.157847755983429,0.0,34.326607333104015,18.48993018458996,89.8230036185362,17.130115221733007,18.46315711740793
2025-01-13,0.0,15.87356551912458,18.033502925369653,19.666994839065264,17.699351627776228,11.156750624830206,0.0,34.22626028238774,18.433373674792712,89.46463399824356,17.21159455273382,18.5939583435976
2025-01-14,0.0,15.894575639100585,18.113978262182005,19.869753195323312,17.545689257396468,10.993549431612621,0.0,34.14133634433094,18.075840639962095,89.43188644188842,17.192616053608308,18.412371116589412
2025-01-15,0.0,16.83126222558579,18.04186776626416,21.411275359935537,17.707469054253604,10.914533480192732,0.0,34.199360320128775,18.119400390724415,89.26076445483453,17.22740712844067,18.462757221167514
2025-01-16,0.0,16.9317262909042,18.081924396105396,21.45253950619022,17.838313700539846,11.057222585039364,0.0,34.20075728793981,18.109505877209884,89.52515701782553,17.197933367905772,18.524078005628095
2025-01-17,0.0,17.006641236895366,18.128403233511158,21.444058696682113,17.634068443133444,11.058425925324594,0.0,34.27706766433919,18.693343794877183,90.87771886978867,17.210092295507216,18.802320248650858
2025-01-21,0.0,16.99169224011186,18.175403662099136,21.46354841850063,17.624880382019597,11.155942600703671,0.0,34.28228591746538,19.01242107047097,90.77811223874554,17.216953459222864,18.422605430414322
2025-01-22,0.0,16.993757442138175,18.19039924982329,21.431076359305575,17.619470279574145,11.155819658979322,0.0,34.274132793432734,19.147601757620546,91.23615746702778,17.206581588911863,18.213058561124924
2025-01-23,0.0,16.956449108091572,18.22674067426479,21.402955964598437,17.605931358592482,11.132484992699474,0.0,34.35648913629122,19.12007408919827,90.42143318331188,17.34932516988077,18.25397648920782
2025-01-24,0.0,16.924554636450065,18.22680292707303,21.390350942993276,17.591364630308124,11.141754179289544,0.0,34.35750605795754,19.161661703976385,90.37206712452554,17.35925906651408,18.352969936551812
2025-01-27,0.0,17.47334390524328,18.223874940906963,21.94140087730698,17.765600653085368,11.13988230784322,0.0,34.33153062216485,19.369877267934193,91.74258864931707,17.356488494647284,18.448295345754858
2025-01-28,0.0,17.524126472968792,18.257896200034534,21.933572911004756,17.87828985105949,11.10612155678418,0.0,34.33789932332254,19.382803020441976,92.76884015896421,17.35631314013957,18.377357657866337
2025-01-29,0.0,17.530144279988104,18.267756583666177,21.858112151670788,17.814814311801005,11.02452400926199,0.0,34.40310124056507,19.38059421206253,92.77501134994085,17.32404096325221,18.656099031944557
2025-01-30,0.0,18.44113086359497,18.266462213847205,22.54856586224942,18.079648128214423,11.442861761414935,0.0,34.403956612118535,19.92405875766763,97.27886619221569,17.32413339653631,18.93183761338594
2025-01-31,0.0,18.4403536062001,18.266398016275545,22.469641398975014,18.046198080969134,11.29731195947713,0.0,34.377004822346315,20.13207734599464,96.21431918360369,17.330153795679625,19.310519723973535
2025-02-03,0.0,18.43651296805462,18.28549361086099,22.458451155658377,18.099176060659147,11.263319031848344,0.0,34.47650739680826,19.642036699732106,98.11186420842083,17.353214042358132,19.137126818643836
2025-02-04,0.0,18.339747688748957,18.462083973348697,22.41166131029652,18.142321352419437,11.308405199854368,0.0,34.50159590714622,19.765128259476302,96.09097048543971,17.387130807909998,19.022694697466164
2025-02-05,0.0,18.339689059876612,18.45220141360241,22.47407793897429,18.095840873401954,11.199461130819355,0.0,34.49883990929691,19.810250912820084,96.21292899055861,17.457717828992287,19.034329717898522
2025-02-06,0.0,18.38163947133181,18.483969147267945,22.538662222401975,18.08530873037674,11.178525215939354,0.0,34.63723834757167,20.134032522707653,86.7279052692712,17.443168300890612,18.960585036277955
2025-02-07,0.0,18.510030003478384,18.540124747023224,22.650389556818993,17.70419221230386,11.181254602724431,0.0,34.6389812258046,20.388256194981167,86.33243338135298,17.507144086270678,19.30250987896288
2025-02-10,0.0,18.44970213212121,18.481979535834327,22.498397320080716,17.976063088799364,11.214038812792154,0.0,34.547863297625,20.706711654719363,86.52482930759334,17.544731420176777,19.291060554602694
2025-02-11,0.0,18.11555895780133,18.12154856844328,22.283765534156032,17.974849154007018,11.159367307257115,0.0,34.146976900837615,20.359488310487237,86.23144687199881,17.107124938563327,19.619948221255616
2025-02-12,0.0,18.429352137054593,17.69153188894101,22.692598021959725,17.98021534367314,11.156400338715233,0.0,33.83949527594921,20.51123252197902,85.75467413948023,16.657474489033913,19.726052913797698
2025-02-13,0.0,18.458544732423743,17.69137218295606,22.64321794613673,17.10896507741814,11.212760670574957,0.0,33.8891623483322,20.362388622692144,85.66302186667026,16.562202452568954,19.4776068712193
2025-02-14,0.0,19.13047451302051,16.774834283838892,23.439132223715955,17.279521140734943,11.370394154752915,0.0,33.38795926779198,20.360462617525723,85.6038149851397,16.398070985548177,19.487684334898788
2025-02-18,0.0,18.916348660630863,16.739221837641757,23.18546620698476,17.522374296317764,11.463428632191112,0.0,33.3318283168557,19.095838092561124,86.64720869961904,16.50594832622179,19.54020202675048
2025-02-19,0.0,19.01030247098488,16.787817535650607,23.382465360003742,16.485116065577156,11.38973082435063,0.0,33.29205090637204,19.06109809003467,85.75096822740126,16.448798981025945,19.651646815258932
2025-02-20,0.0,19.010540223335852,16.792850362299035,23.397878758843007,16.470221829229065,11.304925479260115,0.0,33.34941399209021,18.80361720000876,86.04612306048635,16.473940565573567,19.61751439010532
2025-02-21,0.0,19.024361052951622,16.785590884916772,23.48996639657638,16.37009503340638,11.184842426089707,0.0,33.33764641894064,18.817988492391322,85.99816576846744,16.485304990715026,19.828194473103743
2025-02-24,0.0,19.19163712914709,16.789793697642903,23.512329529155906,16.310322142770897,11.175266159257376,0.0,33.349812637780786,18.814839126297215,85.68321446745057,16.39290896451328,19.83749563994441
2025-02-25,0.0,19.212297072395124,17.059841071677067,23.56761110489857,16.395838969700314,11.204934563408925,0.0,33.34304291995195,18.797084328089905,85.15701499369135,16.472537689924398,19.38095738582818
2025-02-26,0.0,19.26991088699652,17.044806983564563,23.657033743776957,16.37749193929532,11.201367523706327,0.0,33.2721448435912,18.785316186245552,86.33227662821909,16.439015849686314,19.362482169737046
2025-02-27,0.0,19.129461761998407,17.118779629399658,23.464738638896428,16.28352465667348,11.029017856839724,0.0,33.35039777792727,18.819759317507632,83.49420744830148,16.556537727488173,20.26980837811398
2025-02-28,0.0,18.933670968788665,17.129577586666343,24.004640865351924,16.43328007850399,10.734723650867332,0.0,33.23081826711109,19.291314118825046,82.60601686731954,16.538184258636264,20.89312138174266
2025-03-05,0.0,18.935946199275357,18.07628486213839,24.20688267327741,15.709542845530308,10.55234101141637,0.0,33.236387081140684,19.274427954236344,87.16709494496638,16.60339590403464,21.749829563741955
2025-03-06,0.0,18.878683725080712,18.169879784591874,24.04320507317106,15.71153894758344,10.561095119896526,0.0,33.466628603832596,19.394264209611812,87.4778029292847,17.34153633022996,21.988984217181937
2025-03-07,0.0,18.728007722207114,18.13368942995438,23.315992419675794,15.710293521170543,10.378127369633386,0.0,33.45232583268514,19.320330216544868,86.33294169987938,17.355185703970744,21.988233008140494
2025-03-10,0.0,18.458298397077616,16.14120840143085,21.912890753385064,15.727578231294068,10.312458240521325,0.0,32.012310686098274,19.42103390694583,85.939966278453,15.830232148835579,21.7871722567214
2025-03-11,0.0,18.509352433480988,16.298415774634563,21.90944129365108,15.649914341080311,10.406288103720696,0.0,32.23912172754647,19.311692175251522,85.37652661044905,15.97932465297866,21.81857734380202
2025-03-12,0.0,18.4378627310058,16.257522471678257,21.82341863456416,15.71381929761961,10.404571385225822,0.0,32.220589131668575,19.290964170954915,86.42037902832048,15.777416747043166,22.106744254801487
2025-03-13,0.0,18.62952147669041,16.279658039364318,22.482694577093003,15.946473285655335,10.473423213882239,0.0,32.22220548033097,19.730293806107163,86.41234482186664,15.775914290548931,22.173450965284147
2025-03-14,0.0,19.220750071007565,16.286755857249883,23.683042805337013,15.755875605273426,10.448918623886303,0.0,32.19188853485777,20.51819142404385,86.4191396587101,15.776572467847286,22.405871801645063
2025-03-17,0.0,19.16195302063209,16.294297921033063,23.63003046046894,15.748170305014463,10.273526743620122,0.0,32.32138464770913,20.542779969271162,86.57715596248381,15.867408179799721,23.349439018891417
2025-03-18,0.0,19.07671678364571,16.41512612891939,23.641033480065314,15.787171563608302,10.256326270340775,0.0,32.3223081224995,19.874502484593545,86.38212967921305,15.750108922151371,23.34410350164978
2025-03-19,0.0,19.07926330070279,16.255729507478755,23.577247482954043,15.655332921153947,10.224272484186747,0.0,32.24934382259654,19.889316880200646,86.77204248415961,15.74913131906705,23.20480611782122
2025-03-20,0.0,18.998723283006143,16.252132897101294,23.341937240729827,15.480268796464724,9.991682377981135,0.0,32.22199536906093,19.878775545260194,86.96605805444715,15.740456503695825,23.33979735978411
2025-03-21,0.0,18.112760189699447,15.879355704857922,22.825827467306993,15.120617833458471,9.99371272782064,0.0,32.030157766692824,19.46070744103885,86.88408687681472,15.507516420288791,23.242781352342753
2025-03-24,0.0,18.02028343392249,16.061751408172274,22.649472331266196,14.884911554362468,9.673714624596592,0.0,32.021259407673824,19.07890267187797,86.28271214036695,15.568625068437258,23.21826365146581
2025-03-25,0.0,17.948029494936318,16.06418078698089,22.41481389132244,14.867753761325186,9.005570504374129,0.0,32.024680316526705,19.09557015117014,86.26909580336431,15.530764448801607,22.404939142805212
2025-03-26,0.0,17.873877904293035,14.958610763610993,22.3832157773091,14.84933836994714,8.819446468886673,0.0,31.89089784792288,19.011108970788694,86.12029007543073,15.205567308714144,22.585845486042007
2025-03-27,0.0,16.668163723852604,14.85845632735254,21.324566252245354,14.968222576991753,8.54253988685868,0.0,31.895110302457656,17.899031849581863,86.14600009794307,15.224972618870675,22.403857972779637
2025-03-28,0.0,16.78494415170074,14.527824746578544,21.362597469139583,14.497547422533842,8.0138821682805,0.0,31.537070337030837,18.009802175221253,85.48713945790284,13.834461932677602,22.39382756931009
2025-03-31,0.0,17.008680606849605,14.020108145647272,21.61133564441926,14.431552365634973,7.888507624937703,0.0,30.579103983230432,18.241096651840653,85.079194548284,13.226208204382031,22.32649096779991
2025-04-01,0.0,16.85859568194716,14.182946697899299,21.39207282266444,14.3390407970071,7.517187072386945,0.0,30.690645939107764,18.295863971096747,85.3537390224241,13.208740448504944,22.397938271076796
2025-04-02,0.0,16.860069860904474,14.089570485193637,21.3616337918522,14.284709432761492,7.515522537715663,0.0,22.748945059649206,18.38716501026957,85.44341987674034,12.741852737685983,22.31943917412867
2025-04-03,0.0,16.81478573043867,14.168636717830175,21.497567540500828,14.496403301946678,8.023066049134526,0.0,15.228265614136275,19.0347751056362,84.72309735133017,12.7181359156094,22.319889486971057
2025-04-04,0.0,17.964543404684242,14.229454239175077,22.58349843400433,15.646351351703325,7.78876448809028,0.0,15.2506791247137,20.050116262494434,82.73750136331253,12.628017405465158,22.33391179570696
2025-04-07,0.0,18.181843062428243,15.468694250164786,22.60364667817342,15.85219185213907,7.783630640468078,0.0,17.14741748157461,20.229540249334935,82.06724410354265,14.3484473759038,22.181111069995175
2025-04-08,0.0,18.12749903878757,14.129431865750355,22.422406103200693,15.809436932723683,7.799720043636214,0.0,16.50019678512323,21.008995815334625,80.97399141008584,13.8625731647084,21.90707413976075
2025-04-09,0.0,18.94355988757156,14.8408785290981,22.2838230259066,16.73018337764777,7.7779820416293655,0.0,17.520682222439103,23.30979927684104,81.28664249900099,14.25683247661748,21.79468392720394
2025-04-10,0.0,19.043929652459973,16.43840202416214,22.492597306399624,17.747711762959,7.718854419328417,0.0,19.391309059504927,23.139419909466504,81.5225132002725,15.50961328515926,22.101149929585446
2025-04-11,0.0,18.92528911170743,18.191831433676743,22.39118404534049,18.1269214568802,7.866452663740013,0.0,20.704654019357456,23.084550300237076,80.72306696194714,15.693597858660674,22.188773808778908
2025-04-14,0.0,19.109682646444696,18.194052346232407,22.582367070792316,18.185316179942543,8.000828662697408,0.0,20.723157183392935,23.50914453623994,81.50350483845469,15.701761544225876,22.308826588582995
2025-04-15,0.0,19.049881102067403,17.962124880424987,22.37133375127269,18.142583539709648,8.121013074303882,0.0,20.58918122229837,23.90371560738565,79.94023922291329,15.541947603339985,21.481770924406902
2025-04-16,0.0,19.122112168025453,17.949455229097435,22.49028988228544,18.869342056114284,8.203946006122106,0.0,20.441879086929344,23.946795437625372,80.03668146062164,15.385446021387086,21.3692885043995
2025-04-17,0.0,19.204439667178423,17.904449250219855,22.403394713385225,18.94964150794748,8.268587151991765,0.0,20.46457885251133,23.979093135668013,80.00902717949539,15.392206954422386,21.368712326950913
2025-04-22,0.0,18.423109972171265,17.890938987062068,21.160263162942694,19.47750473198106,8.537478453166703,0.0,20.345298052784994,23.9255928328244,81.01263627294125,15.463907296931328,21.47212450193553
2025-04-23,0.0,18.411350343114336,18.808951354880268,21.270456073873014,20.990267283086723,8.326952431547877,0.0,21.164600962631912,24.330772855804472,80.48286492670263,15.67942463524146,21.45633923311742
2025-04-24,0.0,18.67413390472704,18.79832367859561,21.487281479446445,21.164539402185813,8.352485187313503,0.0,21.069498291335673,24.102653886307436,79.45384119842828,15.619778360781133,21.170481073170652
2025-04-25,0.0,18.6222769641225,18.737580887347146,21.413969983050336,21.46957950341247,8.177930755115721,0.0,21.06788959001126,23.964158499517506,78.92924987830693,15.627465921816116,21.040652505384188
2025-04-28,0.0,18.607609421520745,18.726695430772892,21.41644547189549,21.60996305473222,8.217804029839156,0.0,21.074010504793428,23.80269616659018,79.81722209323823,15.631795833405423,20.9543034824983
2025-04-29,0.0,18.57144991110657,18.525153791364186,21.41852082498575,21.637486874224262,8.209088285709232,0.0,20.774572943794425,23.80407665041746,81.0490574157386,15.456900435822082,21.73451958922907
2025-04-30,0.0,18.570544136074965,18.59468740205256,21.489051076805847,21.680057420775125,8.21042530095129,0.0,20.818950985933206,24.028633299261163,80.99142311721549,15.485325715793985,21.921931048781254
2025-05-02,0.0,18.159113955271543,18.586688150153762,21.245440802918264,21.984792017552344,8.20246316881736,0.0,20.977958705564404,23.843685533817467,81.43454563018975,15.634684586948127,21.99153878464015
2025-05-05,0.0,18.289341455943564,18.536979417854944,21.30892492427728,22.360740418811268,8.297674998520035,0.0,20.985374294560142,23.831499544870365,80.5933535885587,15.63024631290463,22.81396123664596
2025-05-06,0.0,18.253882691491178,18.456467355715407,21.426150781581768,23.010928234504835,8.30575672105596,0.0,20.953367225565174,23.831794571075033,80.68662976435391,15.607979379049192,22.23423844087261
2025-05-07,0.0,17.4235278053894,18.497376048409738,20.828553898774317,22.903866846120973,7.848488469206291,0.0,21.013672116365804,23.32897918489778,76.05684100997394,15.640759579234102,22.25575435127707
2025-05-08,0.0,17.813137476202883,18.498931973185094,23.024369409253957,23.546802573341246,8.026727175033404,0.0,20.941249649060882,23.367828543342675,76.08795560891282,15.671135570745859,22.048306926753003
2025-05-09,0.0,17.805368066926157,19.00973648657146,23.261806387471587,23.597196305913744,8.031960566319835,0.0,21.621779718742623,23.790446501521075,74.26544603834517,15.888697020078538,21.87449286331607
2025-05-12,0.0,17.744615882523668,18.809906005993156,23.643349961475437,24.72973169092091,7.9022507885491065,0.0,21.579939443804165,24.331307200975417,74.4640291533134,15.855212244981566,21.70838794201842
2025-05-13,0.0,18.002237045958726,18.871098706906487,23.920790529601287,24.728955849888703,7.902401417797172,0.0,21.756677680806273,24.431203943088338,74.21492679032346,15.791338266280015,21.76546487589535
2025-05-14,0.0,18.014290695175177,18.778156545830452,23.902139767966105,25.01517241901181,7.919216188932094,0.0,21.51151957603256,24.181372478165013,74.71129342810251,15.883660627675955,21.786604163855312
2025-05-15,0.0,17.808210235092158,18.694646090069355,23.536916506069154,25.100320187690023,7.919853200094622,0.0,21.65337009206847,23.99864234189316,74.86477189041786,15.8825560773192,22.150153251230247
2025-05-16,0.0,17.783679951134918,18.74389595954502,24.21530439609981,25.07990064835216,7.822086841115897,0.0,21.818877933679705,23.72927884386581,74.45561089329645,15.893482105074238,22.15339949681582
2025-05-19,0.0,17.73969324955379,18.76705283461636,24.180257759717584,25.214434853356305,7.803610026378438,0.0,21.787855250779604,23.718483687866414,75.51065788896295,15.90278176650884,22.074010561402723
2025-05-20,0.0,17.312255251058115,18.765187001432416,23.632557881724754,25.364677481022625,7.7540268481198575,0.0,21.693005441868056,23.576852151115677,78.1636400959872,15.89268051627476,22.15128898988624
2025-05-21,0.0,17.648582685986554,18.829668282099405,24.0804110033482,25.390246549209984,7.7844461971545975,0.0,21.64066894546105,23.627529193069407,78.16431072187926,15.916146025315983,22.312726685439625
2025-05-22,0.0,17.01789669725425,18.79320386960421,23.444685202491975,25.21127714321254,7.615656878813981,0.0,21.58918059053205,23.494893554282786,78.26583222890781,15.933319855364248,22.29935072858211
2025-05-23,0.0,17.02305172626915,18.775661826467005,23.4203721066752,25.347280762077094,7.609443388692738,0.0,21.706738203579786,23.49019357684714,76.89011007799284,16.02897452473522,22.188498065716868
2025-05-27,0.0,17.033537277748636,18.687712349566706,23.35960047703532,25.678789103573123,7.692345492537959,0.0,21.6412027784972,23.487319619738326,75.69513905444309,16.10309563039981,22.135125293992793
2025-05-28,0.0,17.080102618883046,18.81010796999941,23.357920081194067,25.669227623908558,7.719582457888874,0.0,21.80892162443241,23.541775062896175,76.28726983486814,16.09481532042451,22.399541042162614
2025-05-29,0.0,17.064430668329543,18.80114682999342,23.409235416802176,25.68386944111534,7.724006358033096,0.0,21.756240299162194,23.509479093637808,78.86409752368186,16.187767053364656,22.31628817845552
2025-05-30,0.0,17.029802175473915,18.80208747302566,23.358623849948344,25.768509640575825,7.727839162152776,0.0,21.788151245323974,24.275955036668368,78.17642482161541,16.17393149934279,22.09380147289767
2025-06-02,0.0,17.028503204297387,18.640444693587295,23.387678226071547,25.947415220672937,7.694957457703112,0.0,21.8638873035772,24.34053275320772,78.99221635090159,16.212061340173513,22.200842700304317
2025-06-03,0.0,16.91650616872883,18.63844821301105,23.287661233009068,26.000919809734746,7.7022479477932215,0.0,21.860606193943315,24.425300015700547,77.9460172936828,16.248340230777,22.20105366658381
2025-06-04,0.0,16.94305889410725,18.77796571165166,23.42431897953371,25.86302218839251,7.561280649356697,0.0,21.968386004546158,24.394509185650158,77.93477166614544,16.140045252105377,21.516843411422958
2025-06-05,0.0,16.675213536032068,18.763690191264203,23.041931082547258,25.6549508570213,7.431018974073663,0.0,22.0045059291991,24.285303604206504,77.79198397391679,16.08050234253765,20.989927919921097
2025-06-06,0.0,16.68848127796883,17.837592602101054,22.898472056487183,25.242428306820557,7.374573006359708,0.0,22.122687910751136,24.285245421959946,70.92856159166386,16.06244610033466,20.202517400207046
2025-06-09,0.0,16.70644785673079,17.810521062458616,23.006520922123123,25.240186246997176,7.37072083624741,0.0,21.922954845037886,24.450341628277414,71.05000479428554,15.323148146807913,20.160595378951776
2025-06-10,0.0,16.535605976348567,17.802342670047295,22.972494091690617,25.23327793277345,7.59335627268093,0.0,21.831728237700947,24.41860370261865,71.06907491266493,15.296862366821651,20.14279765488693
2025-06-11,0.0,16.510796595693908,17.74224763546029,22.922358407026564,25.197502578005192,7.573330959298695,0.0,21.82056458709864,24.450756937248606,70.91528064107689,15.289777956539899,20.0850143143363
2025-06-12,0.0,16.42488712682228,17.581706781696916,22.89531208724962,25.370013641608345,7.4894550030149345,0.0,21.471785149728102,24.386768219487777,70.90699575033663,15.116224860711888,20.08315149836324
2025-06-13,0.0,16.47846495386691,17.657363781091764,22.974073024397352,25.458420394642715,7.440233418165991,0.0,21.344548045743796,24.375012537949186,69.2308735427457,15.05556188112549,20.0004013770515
2025-06-16,0.0,16.529806977009006,17.64592660159886,22.584561597648342,25.448883876454758,7.384186530519226,0.0,21.36815766070424,24.320299615977262,69.87331145365067,15.055054767655477,20.350505387355426
2025-06-17,0.0,15.69388574594235,17.737854815347056,21.27653675669878,25.46765663376457,7.2268648739070445,0.0,21.51742146169235,24.350858705950923,70.0967729150413,15.138758548180911,20.10438191755361
2025-06-18,0.0,15.46199696828684,17.764577061672597,21.169392923320718,25.468629893794137,7.20495070076249,0.0,21.334741433803114,24.282608037373755,70.32861899301285,15.025280078223812,18.820809178627904
2025-06-20,0.0,15.63856091416344,17.63401717719971,21.269946147332018,25.447666641983613,7.232973528933216,0.0,21.098298087943654,24.735450043052488,70.68564277745169,14.88055346689367,18.91198259760892
2025-06-23,0.0,15.592095245715907,17.652787703535562,21.273404948938104,25.44665908548912,7.198883894076428,0.0,21.099968713879996,24.7236087465141,70.4231040326459,14.923045737647863,19.30395064104619
2025-06-24,0.0,15.570682654883667,17.60442443191206,21.339420931455148,25.749124033212357,7.051039690698399,0.0,21.099706959379432,24.804024118552945,69.7963668726457,14.925482990508195,19.037112666339425
2025-06-25,0.0,15.721392507246582,17.619728299839245,21.39632905709183,25.689775188431273,7.126693184639815,0.0,21.18741472026372,24.918701078218554,70.16716379445445,14.90760213621777,19.132201826410224
2025-06-26,0.0,15.75496671228056,17.693507008602978,21.430856558763917,25.68069285839752,7.156589407618802,0.0,21.241032999541194,25.15864989444885,70.58516996263309,14.876536853128556,19.125850428201826
2025-06-27,0.0,15.729257293984627,17.932567888374358,21.40917146719883,25.97696395483751,7.150011505651347,0.0,21.39215059346532,25.143984053336332,76.48133804326504,15.090545296695081,19.424581294313036
2025-06-30,0.0,15.967301563038303,17.749929380906043,21.691853980276125,25.991110232120423,7.2196558949140535,0.0,21.36308421125496,25.150920893148594,77.9829671280556,14.951924927256133,19.321792460950554
2025-07-01,0.0,15.972502669166417,17.772156827546166,21.67562955648722,25.98808547829583,7.1869163621327035,0.0,21.37488262153131,25.151587712041522,77.86519435628907,14.97708857631265,19.318647039982682
2025-07-02,0.0,15.881795573493159,17.784302264160047,21.824026069828026,25.951197245405268,7.180461504965196,0.0,21.442837933805432,25.672944421525834,77.75826156022315,15.022334750177075,19.79627427820215
2025-07-03,0.0,15.805448654201598,17.811296027777583,21.76290032792815,25.895292616333943,7.182771843081008,0.0,21.33923162272543,25.635370519070605,77.816919847661,15.034930256543348,19.73844665982772
2025-07-07,0.0,15.92767054074675,17.672177138450255,21.895077771347857,25.89146922304515,7.214148174587731,0.0,21.227092518090828,25.647369668600522,77.41455556810918,14.911625745523333,20.531527287732487
2025-07-08,0.0,15.932755137105842,17.714521427525305,21.971344984788878,25.924721850804687,7.284953759308022,0.0,21.234002953614837,25.603537476382332,77.31068759480506,15.140825306788216,20.709100447200473
2025-07-09,0.0,16.168000104898127,17.77878055807153,21.882627813142477,25.753994414651388,6.789502080236247,0.0,21.310147184253488,25.02488617983058,77.50109322529902,15.198454160737631,20.7349655363155
2025-07-10,0.0,14.94968699385242,18.425840645761564,21.18602360690384,25.087709300744816,6.823054427669156,0.0,22.13921973180908,24.196675508360318,76.60765653169376,15.989710643153298,20.79554367493578
2025-07-11,0.0,14.698576028165869,17.419589846736155,21.198996879726508,24.768028053752904,6.790809725696099,0.0,20.42638588292432,23.996521555878726,76.03795482125719,14.180219248855295,20.7412463963902
2025-07-14,0.0,14.50836843693206,17.428197266510402,21.176951867039,24.76660309597215,6.764445824575907,0.0,20.421731797472304,22.95255730150855,75.86083831116365,14.016885933590306,21.27428948521944
2025-07-15,0.0,13.165772881808804,16.798273038004496,20.806699113014233,24.175652505945205,7.016126907325987,0.0,19.40645412938009,20.73169461754979,73.15548635279723,13.566411235417464,21.737160946408615
2025-07-16,0.0,12.921131685740376,15.38173487048444,20.584557507294882,23.379529631041425,6.987651407750081,0.0,17.6234703364273,20.727847929815336,71.86701218236986,12.03575910883429,21.44688972814882
2025-07-17,0.0,12.771681461732367,13.152537977737236,20.56114645747606,23.034724794219226,6.823041799974614,0.0,15.940235247219242,20.64747041891982,71.84536177505979,11.805553412178353,21.16704493576422
2025-07-18,0.0,12.944763005780723,13.157580894053048,20.963088736271533,23.009923984927035,6.738334658224125,0.0,15.9666215922926,20.201442270418248,70.86663665222882,11.807167568357437,21.452810338272926
2025-07-21,0.0,12.978463726376155,13.241029706009435,20.96458567848866,23.16430560913276,6.597600104559284,0.0,16.01900894650547,20.26106523092283,72.21281598655159,11.877743204300167,21.5045523354767
2025-07-22,0.0,12.892144165749055,13.25639336300846,20.918919220287872,22.29957274714687,6.476688246807173,0.0,15.992910014523265,20.363049454184118,72.17620614034716,11.819840192862411,21.492241863374197
2025-07-23,0.0,12.870380476282097,13.214514660036006,21.10986688993143,22.437432467238526,6.414153610870425,0.0,15.957326869495384,20.435239749673965,73.00455701579926,11.810204318214332,21.492013142702856
2025-07-24,0.0,13.054550047724355,13.249780641491892,21.19703913458774,21.782345689733766,5.9967676728791135,0.0,15.971297033940674,20.52341042514751,71.46427249648679,11.769400271904946,21.496086786491976
2025-07-25,0.0,12.796759125978438,11.894208526442357,20.933240041482275,20.605029487906176,5.912808859160535,0.0,15.027436968036303,20.087284699724915,71.46465241727199,11.411242347685912,21.478087223893162
2025-07-28,0.0,12.43394962344286,11.977017208394178,20.90035682377588,20.381773356996145,5.865717196691659,0.0,15.01681824273891,20.0969629945974,71.64526163423677,11.532981567446004,21.423911165743174
2025-07-29,0.0,12.472353679494933,12.1398175307937,20.88508513898005,20.173626738275768,5.874008943226036,0.0,15.015228035058174,19.941928174934485,71.89328142975934,11.535107515112946,21.453443642870276
2025-07-30,0.0,12.611268005583485,12.206761335732597,20.968596441145195,20.01202083280118,5.813641668459017,0.0,14.98352744352552,19.94661885554572,70.18509789189625,11.540372385169876,21.52594700260882
2025-07-31,0.0,12.682785628131782,12.375491228101234,20.945212688839657,19.99596383986074,5.885323935335105,0.0,14.960783944687286,20.007884455066495,68.94365418754911,11.490514981886568,20.794109307941266
2025-08-01,0.0,12.720840676255966,12.305475335811042,20.894881944441003,20.250095486581916,6.0150383993241086,0.0,14.953095751781312,19.744905266839872,68.86954328809341,11.46576884461193,20.57822049157612
2025-08-04,0.0,12.744063051907755,12.316210374017038,20.908409942027767,19.78608409633774,6.004389636015574,0.0,14.998377703127508,19.763997984231153,66.96880820408741,11.477489698101714,20.490770440933986
2025-08-05,0.0,12.500049551075874,12.41061497896196,20.881544213258863,19.189032890474316,5.905560079998245,0.0,14.97478747334047,19.742199808249026,67.09930213051904,11.563895266802222,19.753794304507053
2025-08-06,0.0,12.668914379949003,12.399774776335885,20.907567941227363,18.207016583585713,5.834636723422258,0.0,14.825380485560627,19.737600590074315,67.10670060246096,11.5424164771478,19.735549655121197
2025-08-07,0.0,13.017115547049851,12.31237511440098,20.938204169886156,18.159720345145942,5.867440773557368,0.0,14.716319970433272,20.07408357291839,66.43462605193213,11.590610878969459,19.807971580069854
2025-08-08,0.0,12.35091785524989,12.370697968579492,18.237993894813815,17.555399242257344,5.693373196073784,0.0,14.74310898045653,20.183220844452435,66.58750183859014,11.614558793132273,19.808052980881925
2025-08-11,0.0,12.35063962057594,11.597733031117201,17.74223059773337,18.14648008082728,5.676415535132189,0.0,13.612460882288069,19.701741357748944,65.539704629365,11.312736112615195,19.81102483248663
2025-08-12,0.0,12.807516011328882,11.592250244983054,18.243655484595475,16.720765111540455,5.677643191493349,0.0,13.612923561003962,19.019343186659093,65.79830038364058,11.317794816877274,20.879841922837407
2025-08-13,0.0,12.485526964931134,11.485435777308659,17.678218598342422,16.688180608123425,5.67904719098308,0.0,13.403763131895568,18.930248307095887,65.82771409925839,11.367091900979725,20.912154664631245
2025-08-14,0.0,12.471673046973947,11.469311814959429,17.726007524464045,16.321989335724698,5.6816171775887,0.0,13.362040382924468,19.14233290464604,65.35714885338841,11.127959233405656,20.873016441711737
2025-08-15,0.0,12.386395960121856,11.432582594332075,17.753134509450557,16.15246122096623,5.6692584421101015,0.0,13.093476632841996,19.07194872327326,65.2198942268858,11.065448062978426,20.899192043159175
2025-08-18,0.0,12.464382737804693,11.308603318669881,17.20703681747068,15.952911589198898,5.955123585760894,0.0,12.70800065089796,19.089432479300562,65.22252235414781,10.928563589522138,20.823275364732265
2025-08-19,0.0,13.157105294130933,11.300986895657758,18.952403681100716,15.745157511430879,6.012447094910973,0.0,12.720048025797956,19.14213773258266,64.44084158543868,11.005550053475893,20.740717040757808
2025-08-20,0.0,13.157413532020584,11.440179926674176,18.895844981601055,15.529573181391626,6.119866973728779,0.0,13.00883166733165,19.14497195482191,61.0210502378145,11.256431020194944,20.426105998655196
2025-08-21,0.0,12.807185848884565,11.31889692466274,18.51572573030645,15.4394288637662,6.082560578869647,0.0,12.883477662174759,19.04712169676308,61.23368893809301,11.259752369344815,20.60978577313197
2025-08-22,0.0,13.816714063024543,11.363994731630752,19.285717264231376,15.55718870287226,6.28306825029146,0.0,12.963732534598188,19.831230910451506,61.51106553505505,11.238104523182297,20.58846090771616
2025-08-25,0.0,13.797455624372256,11.232895221330422,19.275039439147747,14.9477360697756,6.162764611921492,0.0,12.69239234376845,19.873122757544284,61.264490373161394,11.011535226892608,20.59117411292116
2025-08-26,0.0,13.565929455078507,11.401255985407357,18.98208838095376,14.447744432095542,6.055606684071632,0.0,12.727781878952507,19.895616075933624,61.14153416453746,10.898912117167038,20.588202657121606
2025-08-27,0.0,13.665351944111977,11.324029954029609,19.26528780361323,14.465901942348097,6.050626988909844,0.0,12.485295478569427,19.911060400520554,61.215805397486164,10.900657445455208,20.44269101088615
2025-08-28,0.0,13.922044422849414,11.329353973756708,19.593772959066936,14.482662953667077,6.216799286037642,0.0,12.484595558356219,19.93619349959656,58.02385805284197,10.727906568680883,20.505195323959843
2025-08-29,0.0,13.71495723925023,11.2041170915382,19.571054543019113,14.546972373344161,6.255670163772499,0.0,12.333613307315689,18.876550895879397,58.03039886869723,10.7057309889342,21.62365649815268
2025-09-02,0.0,13.817455476699175,11.199801903147742,19.898611229422453,14.354611610831727,6.750363794515341,0.0,12.158701830538208,18.89660078660404,56.106000638313716,10.548408763010048,21.683365747633278
2025-09-03,0.0,13.797514534146826,11.20434049068408,19.77295449527458,14.465468705278086,6.757705283278679,0.0,12.175014672473605,18.84251097545063,56.225925614788984,10.499236173712095,21.807456505502497
2025-09-04,0.0,13.86786002719016,10.944085738049738,19.789633910521783,14.521591829415767,6.759707694308573,0.0,11.820742974808232,18.965452811986804,56.23742497142723,10.45581628771858,21.842474834868742
2025-09-05,0.0,13.969980051079443,10.930599532117057,19.899066728393393,14.64379052726785,6.746656847552377,0.0,11.727956373781725,18.653758498910637,56.226978499060195,10.455452574948955,21.83361061232182
2025-09-08,0.0,14.018452784508273,10.874517677870104,19.966564111987523,14.554926526997278,6.701727782266234,0.0,11.471020758453607,18.67086194026357,55.96136408685541,10.388312084099066,21.892135112161178
2025-09-09,0.0,14.011049814393656,10.842560464597357,19.890438677093634,14.55235249562562,6.715920240075912,0.0,11.433740338276273,18.310102564773892,55.501975473747436,10.371788031836477,21.56060548594206
2025-09-10,0.0,14.008096606420157,10.86175049733955,19.88592901126279,14.522250575829535,6.522873589137358,0.0,11.440927589926964,18.402724245604514,55.50528361331508,10.386465703922052,21.461246235765184
2025-09-11,0.0,14.036382289017446,10.902298220314476,19.871453412728783,14.53517570277798,6.558722015808086,0.0,11.474231234665567,18.175732708925214,55.808945420358704,10.42466513297703,21.48710493940382
2025-09-12,0.0,14.075539779453122,10.902298220314476,19.95755395301294,14.1519104820855,6.495133790572454,0.0,11.472706148768436,18.3485757340312,55.8149172627915,10.361242660171687,21.466992486887378
2025-09-15,0.0,14.117154241209906,10.86473968494341,19.966813331003497,13.969278828997389,6.523551797354024,0.0,11.49184511094437,18.41186285447847,56.02968334213162,10.441194554907353,24.64375436166565
2025-09-16,0.0,13.832818671007118,10.87114039525338,19.520781489740127,13.779501065131045,6.399094162217993,0.0,11.479096531022394,18.107185576038557,55.33476941897795,10.512228638545817,24.44832652895298
2025-09-17,0.0,13.960275837585948,10.788373849703838,19.749291699445603,13.768836608243632,6.493928328889717,0.0,11.246425830095227,17.12120120552989,55.001773058047,10.403162745090842,24.43606990048
2025-09-18,0.0,13.962611249870196,10.723568817589658,19.747313907020633,13.966656117710762,6.533464171802667,0.0,11.226721411796875,17.154165670883955,55.29270465841396,10.421877654398074,24.456333973461593
2025-09-19,0.0,13.752500583572244,10.75065859744532,19.63664691250651,13.93875575349571,6.488238003302158,0.0,11.328055356449113,16.285731448260865,54.99185495642032,10.422513771817863,24.359609230894524
2025-09-22,0.0,13.773869353956684,10.712156070891291,19.646662119865262,14.36667837792788,6.618089911536002,0.0,11.339583193910912,16.277701996877777,54.76456522163804,10.383973101922571,23.96835197694496
2025-09-23,0.0,13.83766505087162,10.81416898846492,19.587780062292172,13.917409166184095,6.7067063548623445,0.0,11.398031487379084,16.209677715045377,54.311845358085385,10.372112799198474,24.01093708567022
2025-09-24,0.0,13.640116405611527,10.90575866082583,19.525993015490535,14.233188625480246,6.65916073608522,0.0,11.307057706193016,15.862040241081218,53.871399184076594,10.516959183404664,23.84382069056464
2025-09-25,0.0,13.645452741939183,10.479814991471843,19.631400797168478,14.233652242698764,6.610012202931405,0.0,11.157210205748646,15.61108573666386,53.36080016867548,10.53561764914223,23.84535973627937
2025-09-26,0.0,13.63390464637448,10.113887926745333,19.728384969731305,13.749243375178347,6.5950587050835425,0.0,10.897977230028019,15.71184898223563,44.27653266642251,10.239808372864017,23.609342000857314
2025-09-29,0.0,13.3943713162804,10.090090270416162,19.461306602491913,13.865345891847833,6.486163906918975,0.0,10.890145273227386,15.627472157621321,52.0755779665154,10.265589724882043,23.569120957316144
2025-09-30,0.0,13.366293782222993,10.07504053012729,19.45232711976152,13.7148383671158,6.486557014475967,0.0,10.877664970897868,15.627529339889684,52.07150493671524,10.147626707831016,23.742918876155137
2025-10-01,0.0,13.381552526739688,9.960985376986693,19.50641718100722,13.745109861535685,6.48727859323885,0.0,10.734405830004762,14.851997542504359,52.950758249225174,10.084361271705928,23.32166052627293
2025-10-02,0.0,13.329222000071212,9.893624651265878,19.26550207571169,13.801558525762022,6.5380214357610695,0.0,10.811011424162132,14.660288432398897,52.78458900809903,10.029582474007295,23.439913110165158
2025-10-03,0.0,13.162998868345129,9.878728747907731,19.12451303910695,13.896248855971216,6.519620125678073,0.0,10.715054478841788,14.621746915153286,53.245732683713484,10.033303136984474,22.616220497198224
2025-10-06,0.0,13.202203266890761,9.697135033423322,19.124923895339517,14.062235522542071,6.4689276420203266,0.0,11.170678598513094,14.55953491313946,53.10439421164579,9.688723946994452,22.388300258141953
2025-10-07,0.0,13.290329988973534,9.577206113485639,19.396975859304536,14.084586355643852,6.508732253250033,0.0,10.977383634116778,14.798649238522907,53.15852657067887,9.613689322953881,22.403322938119555
2025-10-08,0.0,13.277039872150484,8.039756240446447,19.1350883190621,14.350640760168229,6.483047893148099,0.0,9.042840450765505,14.772736863318212,53.52671604643492,8.31246342580028,22.265053219635746
2025-10-09,0.0,13.27000404393606,7.793883491950451,19.09115446807684,15.23938624659108,6.476442602925839,0.0,8.950583463732283,14.70807648360068,53.65253973767386,8.155339039688588,22.23580113871994
2025-10-10,0.0,13.26981356918071,7.708340881775119,19.22398988487699,15.24855974396119,6.566686309800705,0.0,9.045143009823757,14.953789539991988,53.76631980903955,8.175526563246478,21.868239723631426
2025-10-13,0.0,13.330549046258128,9.862217630081963,19.244298098315323,16.313290647945813,6.2670087882451115,0.0,11.458504976792492,15.168362770147862,53.657383180324544,9.855570795212863,21.150983161515104
2025-10-14,0.0,13.331490267460811,10.035129048397707,19.244550276439558,16.31794866842226,6.258312691124063,0.0,11.497250730154768,15.163078909321435,53.901638309811304,9.999992795789908,21.08787717438399
2025-10-15,0.0,13.375342350796354,10.1107531310454,19.249019089615174,16.29414697835786,6.263100862472496,0.0,11.488610106570416,15.177096006681198,53.9030021408997,10.004903800359552,21.088137742333778
2025-10-16,0.0,12.951230798105613,10.074022613600826,18.5664281868478,16.83310333996129,6.184298623821472,0.0,11.430308782915612,15.103949325812543,54.08405682165217,10.04643822683847,20.979648452322667
2025-10-17,0.0,13.020299628244617,9.997429589993189,18.58726099918303,17.418391604640277,6.301726389529688,0.0,11.396926397184194,14.4182861823221,52.6988440475153,9.976524659455082,20.833095567642967
2025-10-20,0.0,13.07833201933311,10.185755671303324,18.668838187159274,18.473091681864158,6.300949317505788,0.0,11.560190377896493,14.43473440493924,58.61410238296298,10.04198026600368,20.691646905674123
2025-10-21,0.0,12.980618345081371,10.251941198250753,18.593325225752565,21.913211682906937,6.489291229993081,0.0,11.558979956542327,14.372951689553263,57.67743804034756,10.125063558821207,20.76724219513571
2025-10-22,0.0,12.751849513475555,10.211329291600869,18.3673537441419,21.995375531492883,6.552451255536053,0.0,11.553203567037817,14.311975009592096,57.705008758622846,10.02241147722052,20.7615490676672
2025-10-23,0.0,12.763377646534757,10.23734160323793,18.371085660747035,22.069882669656987,6.587661116999703,0.0,11.556905865009783,14.35664408848364,58.07922787009133,10.035193346386183,20.832029935349524
2025-10-24,52.59001182583574,12.547965151473214,10.07843279323866,17.96616997912694,21.98373175285487,6.832476245387387,66.58102551346303,11.609787432041571,13.983463165327755,57.55018795346463,9.89824758837411,20.742158868036586
2025-10-27,67.60392818297638,12.554545628975452,9.922680866764132,18.00130092000164,22.88749730045386,6.771661220926123,83.87789739022892,11.610781844115648,13.977101893797558,57.80624944289373,9.863029791423129,20.71145110745142
2025-10-28,67.60392818297638,12.456212911730805,9.849689064619051,17.919975258361017,22.900254685385217,6.820660171759455,83.87789739022892,11.61170724467322,14.11864844068653,58.0630785500477,9.865983473825999,20.723655788719395
2025-10-29,67.60392818297638,12.416692219147814,9.658175531120765,18.187025385818426,22.888469697916605,6.72920723439275,83.87789739022892,11.603921417950385,14.109223229793894,57.96798486601461,9.875579682170525,20.71587962881757
2025-10-30,67.60392818297638,12.339841387170768,9.654391064609891,18.082876310022332,22.727396499491288,6.632717609034154,83.87789739022892,11.607631623661534,13.941084405978824,67.14541498641753,9.828256076156018,20.65210099171203
2025-10-31,67.60392818297638,12.350593874847107,9.637595608625455,18.032998984063315,22.755524373644967,6.6544541679022755,83.87789739022892,11.305719566909076,13.999475967636302,66.65751053765669,9.659818730726442,20.58789571287846
2025-11-03,67.60392818297638,12.37684191607548,9.528412940481006,18.056489590212337,22.758142751990462,6.683662292415432,83.87789739022892,11.291641146999472,14.073945353484074,66.77296019503125,9.553377059082239,20.34697168006943
2025-11-04,67.60392818297638,12.258300099016111,9.739770868768872,17.976577492823225,22.971307915458574,6.687401974679617,83.87789739022892,11.308309826708857,14.103157742700706,66.7375625922744,9.57071482114762,20.37339913221982
2025-11-05,67.60392818297638,12.39488834217863,9.800526001482583,18.278311057063235,22.989402459433993,6.612792926734107,83.87789739022892,11.573630925499492,13.898154730777556,67.01600637050952,9.578176074047583,20.308407110544337
2025-11-06,67.60392818297638,12.333396044062043,9.78023402879204,18.250799008102437,22.925421691975593,6.523402616796707,83.87789739022892,11.690857573948108,13.7307543457916,66.87753751406886,9.538685234141123,20.550287667533475
2025-11-07,67.60392818297638,12.311156672941289,9.803023879022453,18.26322247713133,22.241025286495756,6.591880742279866,83.87789739022892,11.760864403291759,13.679553042267282,66.85173585081986,9.517269494008355,20.561785324725065
2025-11-10,67.60392818297638,11.996121031135168,9.807424720748848,17.606692292690212,22.786581371518945,6.617275156574423,83.87789739022892,11.818698603039039,13.602309126148185,65.86766239395658,9.52974499896628,19.166383735446303
2025-11-11,67.60392818297638,12.116787321708816,9.93436814437211,17.82116198957756,22.80487664232012,6.670092637549341,83.87789739022892,12.004595659142092,13.474490790604246,66.46847571392385,9.53526305698472,19.15494629475282
2025-11-12,67.60392818297638,12.101516074709567,9.929151353361844,17.8071467993033,23.068763335416083,6.747567883772257,83.87789739022892,11.99703536766944,13.249197656681611,66.53630840730327,9.553011054117391,19.182694059408572
2025-11-13,67.60392818297638,12.147381586982057,9.971134684194709,17.786722984373952,23.11303948811568,6.745550299892539,83.87789739022892,11.997890452039822,13.216793436058621,66.52066255761598,9.56289198685121,18.866755118081123
2025-11-14,67.60392818297638,12.118768435943553,9.990499759509506,17.687259039215387,23.737332540187136,6.482102868249176,83.87789739022892,11.999021826743848,13.481098865447652,66.62833962202433,9.562873743502232,19.652581140640486
2025-11-17,67.60392818297638,11.214446689427406,9.98342160929486,15.681589843993171,23.72613995779923,6.479257588834732,83.87789739022892,11.985421961121073,13.406593848012022,66.69144300962331,9.461802230702338,19.595034738079377
2025-11-18,67.60392818297638,11.263124598743028,9.905444436843624,15.84491090878513,23.71915668729825,6.363377961025764,83.87789739022892,11.665049733272397,13.447691426080807,66.64876173471771,9.259780838884106,19.59979589798895
2025-11-19,67.60392818297638,11.391477070492748,9.898638506599074,15.92610942518352,23.696557836642125,6.395729911985947,83.87789739022892,11.669796612986662,13.477714526170423,66.86807376923961,9.213083188925484,19.63480740996785
2025-11-21,67.60392818297638,10.413653836105052,9.859364437916916,15.145305420211356,23.651418434275936,6.227437091578749,83.87789739022892,11.703106090728483,12.472244549997246,65.97335568180688,9.225689942650517,19.770731088399206
2025-11-24,67.60392818297638,10.416992622764555,9.909716253934919,15.138572247427378,23.64221121682132,6.222034218032056,83.87789739022892,12.386758536165605,12.719855428982186,66.02141672890629,9.479181250016719,19.801589988399975
2025-11-25,67.60392818297638,10.407379749171605,10.153465043782196,15.098730769063584,23.700571081397754,6.198397218574209,83.87789739022892,12.385683470012044,12.743099387957876,66.4263971389184,9.48642920977173,19.769509293862324
2025-11-26,67.60392818297638,10.706081940644387,10.082518316505135,15.495484163701661,23.706448643481444,6.241291625833979,83.87789739022892,12.320930516848389,12.960421707674264,65.90039528907579,9.454464405442783,19.87212878958595
2025-11-28,67.60392818297638,10.447741360803068,10.079024558596004,15.170656672574806,23.763618375100563,6.104534027249673,83.87789739022892,12.34318973413199,12.922385927245136,66.74349238679979,9.482648011469452,19.882907743797766
2025-12-01,67.60392818297638,10.48188324403477,10.142754233717527,15.314691215379343,23.69848179869756,6.039335168983539,83.87789739022892,12.337123186820973,12.924089864007898,66.72798966943407,9.50856870787366,18.962842548394477
2025-12-02,67.60392818297638,10.644585334120968,10.123096118615358,15.049824279833002,23.59995307633311,5.421887059542472,83.87789739022892,12.450239513817616,12.829262379041415,66.91211986549385,9.49192924795878,18.952720078721434
2025-12-03,67.60392818297638,10.589670578265121,10.140679688514636,15.049294242298567,23.519242336959298,5.439247098971944,83.87789739022892,12.494795049005768,13.406198622565094,67.0509273716004,9.483335285699448,19.012154776780374
2025-12-04,67.60392818297638,10.936426231254206,10.139243265183664,14.986014943800926,23.427550477228117,5.417014134846608,83.87789739022892,12.496300785255166,13.667252697289378,67.0492749815756,9.487972116926942,19.179573448151718
2025-12-05,67.60392818297638,14.11789878371148,10.140550274725168,18.87773537312782,23.334076090082455,5.690214715158445,83.87789739022892,12.492391811739974,14.011841447305502,67.33461788125801,9.489807879887838,19.182679300636764
2025-12-08,67.60392818297638,14.05568645376707,10.147458891157566,18.959214373172394,23.38039456098769,5.746295220679891,83.87789739022892,13.32800150607511,13.98714831632881,69.24335949931827,10.627109251755435,19.111023654064873
2025-12-09,67.60392818297638,14.056772024253553,11.240001694264658,19.07755441905221,23.38418889315601,5.925065260004511,83.87789739022892,13.210431843434526,13.98331525750589,70.93863828698618,10.627913205551351,19.158987997156725
2025-12-10,67.60392818297638,14.095652069560014,11.22344341353158,19.12818832504484,23.399824767429827,5.9031061847052975,83.87789739022892,13.241014493853937,14.858177585117069,70.57800838284413,10.616815112675743,19.26172607942593
2025-12-11,67.60392818297638,14.063252671112583,11.483809913699762,19.113290276680505,23.685074696969917,5.86047491746614,83.87789739022892,13.554656711716998,14.81454097590861,72.27925333824578,10.641420789402089,19.252799806223187
2025-12-12,67.60392818297638,14.032481437452669,11.6078274742576,18.970215640721925,23.685038313587587,6.364102164085743,83.87789739022892,13.703116732431678,14.48513344249864,72.6074081599285,10.895010772906256,19.356056826188347
2025-12-15,67.60392818297638,14.103606990355244,11.536944276572203,19.152128300337868,23.65173106884029,6.334826235075367,83.87789739022892,13.583500138692672,14.545751805499247,72.63372390971188,10.810987568559682,15.579301998462716
2025-12-16,67.60392818297638,15.03430506143147,11.58285797198368,20.305061383279106,23.65944692209927,6.433211590061895,83.87789739022892,13.575221516459285,14.553334391321822,72.94274812050034,10.722133230073345,15.392668148005303
2025-12-17,67.60392818297638,15.035237150667205,11.999449027202765,20.45722835361376,23.687575051265842,6.787530086646962,83.87789739022892,14.138732568808503,14.543758748273936,73.19453175332808,11.219790426389029,15.431832237077797
2025-12-18,67.60392818297638,15.03556468521704,11.995274359527713,20.49480656705956,23.557086514160105,6.766284261696767,83.87789739022892,14.146496266269049,14.639381318936223,72.6054909160069,11.215440901264286,15.446568564693303
2025-12-19,67.60392818297638,15.045772562392292,11.956549010087603,20.496831948987587,23.54160944986739,6.827814211243037,83.87789739022892,14.05111413128049,14.773842930819786,72.50724707139076,11.20998570476625,15.454574220086274
2025-12-22,67.60392818297638,15.001305064378096,11.984970543645385,20.49165461988119,23.54796921992967,6.685643892747316,83.87789739022892,14.192942771613188,14.976739275147308,72.20369586954845,11.212715762042649,15.459184555426248
2025-12-23,67.60392818297638,15.156449219235698,12.497776980890848,20.654081610888817,23.523648109280433,6.611744738768971,83.87789739022892,14.46897614187159,15.010593941735706,75.1897366633283,11.331906217753575,15.33311252135061
2025-12-26,67.60392818297638,15.159948433158466,12.57737726447723,20.640984555295805,23.35295447246241,6.706411632467946,83.87789739022892,14.43876250169806,15.051196459401487,75.26157157288385,11.448834750102845,15.320769762491224
2025-12-29,67.60392818297638,15.070756742760382,12.578449534016919,20.484256018514653,25.265807546007196,6.707093271488623,83.87789739022892,14.439271043610718,15.16477704466968,76.38655096872074,11.342832640428622,15.736959581318285
2025-12-30,67.60392818297638,15.080874409728077,12.599448156248458,20.481856236251208,25.2674378727695,6.721598397482452,83.87789739022892,14.53438104424226,15.051875829964317,82.69473636928632,11.315515874219594,15.648089268154072
2026-01-02,67.60392818297638,15.093612582533083,12.817978548737132,20.526546138229676,25.370554988406646,6.734832706410736,83.87789739022892,14.808760761134215,15.054940096681937,79.44128332639859,11.454273949269208,15.716357057129335
2026-01-05,67.60392818297638,15.135431965134222,13.00941812711838,21.03380243293487,25.905719051639586,6.7995405115787815,83.87789739022892,15.179387659399838,15.044314371233508,79.63492944413402,11.967540405186886,15.716571410450522
2026-01-06,67.60392818297638,15.204573776537975,13.245753697749912,20.945277125726435,25.937036943563786,6.871312658916405,83.87789739022892,15.162804695414097,15.137732254315209,79.62508002142219,11.980999375403707,15.720688220869386
2026-01-07,67.60392818297638,15.175274747676596,13.366816757634256,21.082003092079894,25.939358500399408,6.807839405536948,83.87789739022892,15.11136737750977,15.146956763321853,80.25879272005845,12.054961153399823,15.58105074858595
2026-01-08,88.44460249973507,15.19188356864633,13.368412283931841,21.08519539844242,25.8892998024172,6.810748547142831,110.57985730736526,15.117609041984647,15.226667875803587,80.24427525465325,12.059209809326392,15.516503577201037
2026-01-09,88.44766906165373,15.12667406636187,13.368437743282952,21.003500175607538,25.744615638164213,6.8216981156281244,110.58240882013297,14.767243601708744,15.239800036924803,81.48614835600802,12.058879312465532,15.47878038465311
2026-01-12,88.45196110516915,14.730681045943411,13.363727471281523,20.620530594486645,26.14346453437779,6.74602495024119,110.58442334417926,14.77151914415267,14.87073423326041,82.460062494675,12.040987206241388,19.003163263800108
2026-01-13,88.4493217353365,14.823737591439063,13.356116807542312,20.744224307108663,26.00460524009908,6.746415225810121,110.5841856270527,14.762858780535772,14.85142201143226,81.87958587870064,11.936250313202777,18.992127409125036
2026-01-14,88.46756505031792,15.167994982045743,13.31698145441159,20.898656661052,25.48029677391222,6.843282738360909,110.58870006747709,14.774405245103697,15.485020754675583,83.70523280480359,11.914880722687851,18.935255762178457
2026-01-15,88.4731184110795,15.044840150932313,13.3446695997542,20.832642106572866,25.478883317592587,6.771945133883015,110.59895893861321,14.864674331168215,15.165863716451408,83.0744952696026,11.846548741070382,18.778923365868003
2026-01-16,88.47273327879088,15.086327497776452,11.983428525149593,20.846294971586076,24.746578200576703,6.773030583187523,110.59968624090008,13.154641291848138,15.321326597186196,83.0943341022641,10.540971807198037,18.854153662101492
2026-01-20,88.4851695224672,15.138375565972057,11.678702213014857,20.842373237368893,25.72244630848642,6.783578348462519,110.59921705831628,12.925430018584727,15.324334175220015,97.55240693481637,10.334082993481292,18.836900077824765
2026-01-21,88.47937860792982,16.27590046679307,11.726383639151909,22.210835074694135,25.814266146283394,6.812311801666994,110.59349218628292,12.829659857824366,16.001379929819677,108.8604967286664,10.313937951996525,18.782885264468653
2026-01-22,88.47443119499066,16.685407996506857,12.083344962690525,22.6064660695446,25.564371025624293,6.820318098399728,110.59349218628292,13.037499146584958,15.924310726885302,108.72876569096303,10.449430623361414,18.66051264431873
2026-01-23,88.47049971451109,16.90422769418687,12.05427789445572,22.730613958294867,25.215025287325204,6.797827007872426,110.58435019711861,13.04541713803393,16.18385702368853,108.9217588537861,10.521254122454392,18.903729075525455
2026-01-26,88.46602584631313,16.909388588734267,11.893688290791996,22.659086872786798,24.63437381345216,6.829194245993464,110.5807019487453,13.496770341480605,16.487350806037508,120.08381182868236,10.455235370386,18.934393410092575
2026-01-27,88.46019469769301,17.124679516640036,12.109676172291996,22.871563423844982,21.418401776511033,6.6796748762563,110.57294674281349,13.551046771440909,16.66244029992386,120.0837510172432,10.374205422414498,18.8762226960063
2026-01-28,88.45438396464424,17.275543438468695,12.17220105658661,23.049463917698947,22.673249669522747,6.619902473761597,110.57579631834102,13.567774127518502,16.81997488225055,120.5848712302041,10.942708207538638,18.88385527979821
2026-01-29,88.45679126872618,17.42181423626589,12.155836804298689,23.176954108241574,22.45003375016737,6.632420975228662,110.56787616062343,13.556800837606547,17.779450592365873,155.16823848518794,10.945517362865303,18.741674922733445
2026-01-30,71.34155386897923,17.657980550648244,12.155698072152182,23.48185043985113,32.53536347476583,6.386516982587241,88.5739364308245,13.489951265474561,17.829793041376483,156.47956656574863,10.935717655013875,18.64192969608669
2026-02-02,57.25405713949676,17.671697077215214,12.182160862648377,23.606371596984374,32.242015108100645,6.397421891689959,72.3238483937741,13.502805762956632,18.068621848214786,165.14051350411785,11.248386241322784,18.49878693831297
2026-02-03,57.25405713949676,17.85167180090567,12.210258961678466,23.60514296452297,34.196468424220626,6.3363473678154065,72.32238786904078,13.52034794522107,18.539238268944658,165.03776646768802,11.240151540417223,18.4813595612134
2026-02-04,57.26356903640193,18.46406484477694,12.21008750006657,24.48421899151464,34.19610058728496,6.390778429869007,72.33142640545778,13.54128884093283,18.596628884435887,165.23643941753897,11.25424335019477,18.463368143785512
2026-02-05,57.26410413986221,18.458330118693922,12.182005912315127,24.41543511532306,34.33720436485948,6.361661234404552,72.32530820571354,13.564407344194088,18.940230448443764,161.79574608216768,11.254274761174269,18.55803398411517
2026-02-06,57.275175200592756,18.455574312142318,12.207953596754994,24.446132886785012,34.428759028784114,6.343007974516612,72.33970893791397,13.64793897780259,18.921157723509925,161.7047501605899,11.288856512041647,18.682962376748772
2026-02-09,57.26782943326215,18.68716875453128,12.213163905336163,24.72175853479006,34.58513551555275,6.304775611731284,72.33641840789808,13.868824191900542,19.123814095630472,162.4781807450526,11.465030803123057,18.650789661596328
2026-02-10,57.2757905843563,18.709178984672405,12.04458906693694,24.78309972615114,34.51668316754237,6.29898140810643,72.33468598116953,13.852078208819139,19.181732515432653,162.44956866245417,11.478069398919558,18.608191259595774
2026-02-11,57.27108414058514,18.766781983197042,12.003577915334185,24.64753968269008,34.55935174286903,6.305065982964172,72.33625840413299,13.832057606334697,20.961892005838713,162.38319081685555,11.36262936191436,18.531660467959426
2026-02-12,57.26327978602242,18.957351777940133,11.940226244631265,24.702369299131878,35.18582492374226,6.358065121595262,72.32666937103974,13.805838769668725,21.2229943937934,162.31952025326115,11.290963181075348,18.37229347577977
2026-02-13,57.25536539902423,19.063398486667463,11.930098029490514,24.80975212861388,35.336549144782644,6.314537091401576,72.3200997388029,13.80845604060203,21.37019744565961,162.31053701129252,11.308121419498741,18.35821572627445
2026-02-18,57.24834984574678,19.072374283685058,11.923884889470017,24.777770782894002,35.0552736341504,6.32719788279107,72.32202109605946,13.750862705702005,21.683408098198235,162.9614027817601,11.29514656912062,18.45773692430326
2026-02-19,57.2576203792142,19.031081030588066,11.806423390712325,24.714382928067078,35.06052347345571,6.286692622771133,72.33027413990601,13.616139357542576,21.688740593295268,162.6185270635032,11.208504951696709,18.435192994776425
2026-02-20,57.25008560749606,19.072187157729672,11.884163963667778,24.876690432574854,34.922044251716954,6.221913079171526,72.32025980145504,13.67916708440163,21.61823829813486,162.65191682643905,11.227745670776477,18.389931992450126
2026-02-23,57.243070605374236,19.182615655806526,11.859172824536456,25.409237705445786,35.25890490373435,6.221855182992359,72.31664048642395,13.714852349243367,21.615194223771937,162.6178386638146,11.260750614644701,18.149956095505953
2026-02-24,57.238640419257706,19.303806207910604,11.841561696338914,25.562901431523805,34.920825969311245,6.332923958060752,72.31015044726388,13.715170906849902,21.41765655463965,162.64774718502707,11.2585871806151,17.422716726766403
2026-02-25,57.229899800645136,19.25443735168658,11.870022261784108,25.43409398095629,34.89532472839205,6.284097644349214,72.30507994244122,13.893569940483891,21.48399449985897,162.44936113587934,11.277804261658126,17.34253926976738
2026-02-26,57.22127220959877,19.240269387760552,11.792914818657284,25.341747347681505,34.932168509836934,6.3276049362573845,72.2946796778463,13.95467929063943,21.442294758983692,162.72747309438677,11.234867487883573,17.365885533241602
2026-02-27,57.228101263663255,19.35977601305869,11.788328365902697,25.402671262829024,34.95507130074563,6.255657908553371,72.29204129546555,13.982690516154033,21.58655030782785,162.52499688135373,11.249426714073778,17.242675545468714
2026-03-02,57.222741453974265,19.29671970920562,11.798227536911428,25.39927547413543,34.979419010155524,6.269269945744842,72.30963143049244,13.873681859722865,21.646462515733788,162.68423814052386,11.238429053865335,17.31475273739922
2026-03-03,57.27949148414534,20.665659325369198,11.751374915954486,27.019914343792724,35.870545117567,6.429031870815266,72.30784238834994,13.300888400164338,22.80204093513246,162.81096396132347,11.02868942005351,17.29515938626382
2026-03-04,57.281530412005665,20.777134977584254,11.71338787612974,27.233530602690138,35.836464353764356,6.4287977473315685,72.31227464048636,13.733232007472159,22.786800879728883,162.96561727077747,11.817030581930599,17.3385809822392
2026-03-05,57.35296519212278,21.420679826921905,11.786399285466292,27.872741131979616,35.946719493622346,6.754860490618919,72.34630001849027,13.739147239757779,23.129329402240163,162.9594698435341,11.941358901177143,17.488032873724443
2026-03-06,57.368077515651485,21.479420084462458,11.820515815708669,27.901653088691862,35.98637409889245,6.856495658392972,72.34510453944154,13.732487726467383,23.753892643078025,162.91022801900223,11.988653747279743,17.576584956470136
2026-03-09,57.3603332260353,21.4943675131215,11.844053243623778,27.835392153088694,36.09384841386271,6.928513959193477,72.341482203404,13.75306751849531,23.771718635542967,162.92829218017025,11.989204175248695,18.058434044930888
2026-03-10,57.351869764087425,21.45920941570118,11.76302964925784,27.918900780658916,36.26582039638675,6.920379037441881,72.33360092995657,13.718215236421443,23.778272878199036,163.01718574717896,12.041624421052312,17.905349199542435
2026-03-11,57.344802412107065,21.45973151474824,11.869871881346231,27.917394326507743,36.40163615786062,6.909248030147073,72.33182021017497,13.76143835912503,23.476680896997454,163.3868973974735,12.100798966254356,18.016902345927804
2026-03-12,57.37323159145116,21.986207046820386,11.870253249451098,28.76233488290859,36.50232493060896,6.991085835122002,72.34451482796328,13.758933132363035,23.936177383903942,163.36915035645958,12.086795175448815,17.877132870477798
2026-03-13,57.5038296627345,20.143782129519238,11.985284231765691,26.312433416756342,36.633136893403176,7.379680001210757,72.40744923377865,13.891762350095549,23.872257698746143,163.21214286375886,12.633639657059845,17.958950378986223
2026-03-16,57.52235618807455,20.23283079035141,11.978381908845481,26.230541426029784,36.705725162545924,7.726618252339082,72.39837557080064,13.357686390431969,23.896887133311413,162.7457431835121,12.094167611933164,17.963223185298443
2026-03-17,57.51663532155442,20.223777807598246,10.861126816557677,26.125016839063846,36.70578396101433,7.664287452336513,72.38794292974124,13.603905393031168,23.897743162991535,162.17616173217417,12.598391021355985,17.856888793015635
2026-03-18,57.513259854551855,20.236338450160133,10.882873738435807,26.302371308063627,37.036886669606844,7.650865620549905,72.40018319063311,13.608931628181253,23.52996340225414,162.1883114590745,12.678641206179375,18.0551917632708
2026-03-19,57.50505079045691,20.2386134640273,10.60287752183394,26.256230496619416,38.846996286039385,7.7002284019739,72.39275964501903,13.371676421911655,23.590807040767174,161.52621892218912,12.894450576124559,18.24028193707304
2026-03-20,57.52598245106607,20.75290187717084,10.510657541856162,26.803287782080087,38.877728945121795,7.542872079095926,72.40192900132551,13.254070265454917,23.8642902255019,161.48983032372007,12.784045800974225,18.249998768540657
2026-03-23,57.523032959362396,21.497043180937165,10.488332581629649,27.787398294546385,39.60034067050737,7.617820268180607,72.39484390817043,13.401172604324957,24.695866079666242,161.97059963834718,13.278992386915123,18.099776340737964
2026-03-24,57.53729809875168,20.839385054254688,10.455848672118139,26.96121224340952,39.60121173995722,7.6962569967398755,72.4113558414471,13.514950042728643,24.724753308623335,161.87394803898815,13.595777279133111,18.058980056912528
2026-03-25,57.54354907841884,20.928805776010083,9.835867463200522,26.865684411029424,40.12591304900308,7.316213871493078,72.40394383868339,12.860797904036705,24.77477329090723,161.72667316313476,13.101749490624501,18.080694886679698
2026-03-26,57.549782693447014,21.221422967801427,9.838992193090593,27.303586023360797,40.88816791620983,7.3231655542594085,72.41946274107617,12.86468374045163,24.688751221575853,161.63925704773433,13.09363731784928,18.008174822822877
2026-03-27,57.54231548747014,21.299993843470723,9.842374062194805,27.64490066464631,41.21290006291042,7.263242109818313,72.41048443687741,12.864723268147587,24.75774547415704,161.714919839145,13.091323239595997,18.149581689396822
2026-03-30,57.54286386450504,21.290886756866882,9.839005086615488,27.605895255763592,41.0695925327811,7.258601315439324,72.4120934129743,12.735070079493783,24.57063080747671,162.30020121558536,13.067112737747404,18.3188486532937
2026-03-31,57.53441064207833,21.73036859855988,8.914210036996446,28.92894160802398,41.37514930300056,7.49905590147226,72.40147961458119,12.455799061384333,25.279289629901857,160.7292753395323,12.966013602910298,18.335914672998566
2026-04-01,57.52772520140127,21.730915187594814,8.707102328370112,29.036814959445103,41.71970783679501,7.405770822911246,72.39308377876108,12.41404292011559,25.319316953451626,160.778688121363,13.000750942042705,18.375492286045112
2026-04-02,57.52886682354503,21.704725976455627,8.709195446192096,29.08746928941791,41.072619708046645,7.4046785838617,72.39404799920322,12.475368312735428,25.26453014478144,160.06402532064453,13.021578404812328,18.05713213591611
2026-04-06,57.5249693000216,21.708575306029854,8.68333799730757,29.041454867960535,41.03269590830858,7.405826321851178,72.39059061506855,12.363515027607571,25.36312063987548,157.13001288345555,12.971339442832813,18.04787575837953
2026-04-07,57.52127192188689,21.670773751352385,8.468230557996712,28.955045586812915,40.93374829966877,7.387515974806873,72.38712618747252,12.099093916299841,25.449590007727597,156.12888280938805,12.876338510854549,18.136836571784293
2026-04-08,57.512010234880215,21.961739324854445,8.864227983807526,29.657812449006666,40.74106680032259,7.40041647487094,72.37725638485962,11.829576125545127,25.9558627713527,156.38633236199934,12.465271609155174,17.879405376457917
2026-04-09,57.50239453014907,22.0178699719394,8.858259787932786,29.69525692887951,40.731094333009366,7.367337073735055,72.36880895869264,11.947442451395089,25.91646057653979,156.110976391836,12.5900398151019,17.93945461704694
2026-04-10,57.49291475279915,21.918360608184255,8.731472941166746,29.438830708826767,40.72273402052712,7.4411780930162665,72.35980963243611,11.90239354646665,25.902135694196783,155.7868535236937,12.53724919870385,17.946564818014416
2026-04-13,7.230903819681692,21.91381436064676,9.466837711039181,29.440285324203508,40.7368487297182,7.444180904265581,5.129705142431469,12.560345769639655,25.896312605619293,155.64107965438473,12.97363221881,17.946641539563817
2026-04-14,7.226517873240401,21.913426951140835,9.570206490556025,29.46476319845331,40.83487490529506,7.430671531916569,5.1224672191489695,12.567120230673737,25.993046449021406,154.98904070115265,12.97086305447978,17.991773422801813
2026-04-15,7.210347738228787,21.9427168865031,9.55647976768724,29.425057521690984,40.56407587631555,7.431500436162721,5.113658152937333,12.469414885904468,25.97750428246497,154.27017911954962,12.966308465948313,14.637880626412144
2026-04-16,7.216613497676604,21.924154529447907,9.559694386123008,29.285654535056093,40.563086457934325,7.427290210876664,5.116097993101485,12.479411523526657,26.012107630386645,154.2917971982885,12.972513181389079,14.671456000865074
2026-04-17,7.134326259602583,21.746038595637962,9.558767264570918,29.209117617925035,40.63695787821582,7.332242853511693,5.102736669480073,12.413743141985515,25.569474621415512,153.24001831599426,12.971769784667103,14.646114178235592
2026-04-20,7.109107636498379,21.74695088123677,9.48178538863624,29.173021172921597,40.69836643771752,7.290909115730229,5.043275998723864,12.270483885381683,25.588024188238023,153.24096109966254,12.958852084323544,14.659998479388275
2026-04-22,7.150788069047691,22.005843522512055,9.37772384035217,29.695604332215993,40.80706901100491,7.32286827573492,5.056303836490938,12.224490283191443,25.478151237841168,153.23577566835115,12.93560169474535,14.553332597060361
2026-04-23,7.274896717392439,22.05178175604097,9.445516661651736,29.914193134944068,40.14579120502522,7.381206530176082,5.097581015742002,12.223087929567997,25.60912545118906,144.35440935466684,12.95243221673433,14.539786553311144
2026-04-24,7.271633754845876,21.20376375501004,9.376660712889153,28.867216371550818,40.03649017203597,7.365824232817424,5.099318818206545,12.324252032925505,25.066474971367242,135.3033574599231,13.110435980597842,14.497947530591093
2026-04-27,7.274076561704254,20.819064466643145,9.065493880217474,28.554314413300432,39.9510451092547,7.362431176730865,5.097977644524776,12.214004527742173,24.929374464760752,135.09306153873956,13.108987314261492,14.654372985125002
2026-04-28,7.101898332956049,20.56485749563126,9.166518475651788,28.399413442164732,39.99621832114605,7.285336482939687,4.976342529797213,12.224502848642775,24.65265439250458,134.69716017689225,13.098597651812224,14.480040146192463
2026-04-29,7.234562133163823,21.008306343390345,9.14731184302623,28.930909689783075,39.78984680038838,7.396071851709843,5.0210616965370924,11.530043093394998,24.86271555222562,120.86045512986676,13.093384511694012,14.422028177776467
2026-04-30,7.2349677412563125,20.8760750154975,8.695555358402123,28.590461796960415,39.92966444146116,7.462726047630487,5.021271913044239,11.419632756804312,24.591047827157563,121.20229494528556,13.138100103506359,14.417002820806967
2026-05-04,7.259643534079907,20.747988342300445,8.76972638185487,28.498193086446005,39.055135484618134,7.721038163843116,5.08284039335018,11.520413881209922,24.529981207678084,120.39590553101247,12.905387670144755,14.798670388406993
2026-05-05,7.311428200038803,20.71948560305174,8.805662096075368,28.46979278390907,39.09452089743704,7.7356065058853885,5.03586731782464,11.573767481022132,24.232229343359148,75.12794321449277,12.972316960930208,15.278404862253444
2026-05-06,7.245559294025979,20.619283299404138,8.975028585445969,28.383595516444704,32.34510420827452,7.794131239152188,5.067034997902212,11.88795500047226,24.769073825678777,71.43069408106078,13.15364738005987,16.26328151380586
2026-05-07,7.133801159266061,21.157379898580412,9.020487761573898,28.867534819532153,32.10903132832158,7.802367400335807,5.030370693923375,12.034352709197446,24.77210719370586,50.263151060926546,12.87202848244492,16.20627775631352
2026-05-08,7.156654945928544,20.931621198174653,8.966034366760804,28.99895353977493,29.688961890729672,7.798267394743852,5.030746648901976,12.020594643538185,24.264717614711557,50.01059646313066,12.886483543285223,16.225579116504456
2026-05-11,7.179041264802886,20.683968498496014,8.969078580078747,28.58721858626242,29.678732894985217,7.747822653736939,5.03056478676815,12.03581470900162,24.281119280246223,50.39854060061215,12.91674098471251,16.319435939117128
2026-05-12,7.179787614245997,20.739156442553057,8.969536020031196,28.56436525783033,29.63428269791479,7.810451047067795,5.020306904757123,11.984284328359736,24.09872901633052,50.473786903563166,12.915142705700166,16.359199664942345
2026-05-13,7.34730522116245,21.026995324372695,8.90525601717604,28.73118868566293,29.401308227795475,7.903381438482422,5.083208018413689,11.870384357729941,24.094038107773365,50.31478168534107,12.83677569257212,16.184132932662685
2026-05-14,7.347680579192921,20.745381361076465,9.960610240842419,28.465895982160756,29.102758651602578,7.91381567259843,5.085348478046444,12.53207414243672,23.769707869790498,47.6244478482992,13.60384116737089,17.49395379824058
2026-05-15,7.52372226161144,20.774924074719365,10.077843862943233,28.531792329217105,29.488947084039236,8.035810145798758,5.147144964027165,12.591968155536515,23.82506317835143,47.838389197437216,13.597868933046584,17.575794970003173
2026-05-18,7.558449767571822,20.35534584648606,10.199722081485225,28.385803705206147,29.334241284989957,8.038548804508062,5.142996791551852,12.46373874316311,21.9025555085293,47.95400141674631,13.798810719626701,19.778617197749647
2026-05-19,7.583733884018826,20.500237439820566,10.261936520518713,28.662241114147825,28.849080313834474,8.05125795839814,5.135918837418153,12.477630164448861,21.835838812769655,48.1874103889703,13.954402917772907,19.757294392367424
2026-05-20,7.568108022008879,20.84528527033838,10.321493294917623,29.47130007718094,28.56100042906669,8.045746840338417,5.17685892758398,12.576162652695585,22.502609366417726,48.66890703333963,14.11280799499407,20.22454627403641
2026-05-21,7.550917221070594,20.84260938432494,10.407937634017978,29.473429272998146,28.54575717959968,8.015325330764746,5.175461729038664,12.655231607103296,22.262534847190654,46.501872458311546,14.215995207197224,20.150341771177164
2026-05-22,7.5439924042747535,20.646445707801462,10.407511839564933,29.32122562396513,28.550890615540496,8.014510664771272,5.149066842053983,12.59607802889889,22.310153641453645,47.0843422896549,14.204701864392655,20.132247274989982
2026-05-26,7.521827420413099,20.52718716119758,10.340491025948776,29.204072965582302,28.31834281974348,7.999377121376408,5.05509040178341,12.527969410057388,22.29914762754533,46.963766561758206,14.179167020600502,20.312887928594705
2026-05-27,7.510680328170784,20.47672111822401,10.455194388029144,28.906719420884702,27.700616278368074,7.998858052879656,5.065231827806921,12.552261338296969,22.37676872176046,47.86644655189459,14.208079423735665,20.45530259348365
2026-05-28,7.533140752503622,20.26430918332126,10.486181706152529,28.67419876108342,27.80232598544185,7.93408862813915,5.097136633654363,12.576505868155973,22.344067017817373,50.19570257876601,14.257747453256444,20.492594082042668
2026-05-29,7.464246809443924,20.29843824135921,10.439165614295828,28.68724654230741,27.878010133715197,7.897521469667428,5.1245196288358645,12.391507266024686,22.20299916864031,50.08863476373069,14.263196509809866,20.88040834382871
2026-06-01,7.37462064141413,20.35656413363046,10.447483933450021,28.74755116704807,28.069594845002115,7.89192514685101,5.048931129148077,12.324343266548416,22.23312865732744,49.59441698156398,14.232476208577078,20.891575202456092
2026-06-02,7.3713303076456445,20.441844410745063,10.442764166689404,28.73885954023861,27.974173452275807,7.903309846567942,5.051345797369045,12.283971024237141,23.30858276479738,49.57525927338346,14.222346165532404,20.80752785896812
2026-06-03,7.946898421834117,20.9007523681023,10.462956915691986,29.182797727979125,27.87921834721436,8.295293948160412,5.306864252538087,12.31962534249219,23.649112814027852,49.18502124853084,14.235944663618136,21.06151656053667
2026-06-05,8.020041309433415,19.88540611003975,10.56973711792267,28.019485271144163,27.3805206423544,8.369324979762064,5.509129844814529,12.438480748745718,22.93873793970204,48.810916988399065,14.236714434681646,22.03271252329465
2026-06-08,8.026988177976598,19.662524779189212,10.68553032508871,27.650064150929328,27.365722562681544,8.423883928483047,5.54556965798472,12.694768540984072,22.899348519928438,48.21355304412955,14.380353149034239,22.017831609822746
2026-06-09,7.841322629369494,19.05319301444218,10.641895174653406,26.96816730393577,27.48204594796908,8.161816031855949,5.398093579863728,12.722511471605525,22.53077872701967,47.88573328050261,14.309107136744851,21.52320662435714
2026-06-10,7.83670754908453,19.072888383086873,10.607178057785916,26.93969405563782,27.998694817820763,8.144054814108333,5.417387946695769,12.718169430453182,22.039260883931284,46.40501996508718,14.257468656475844,21.355998317431883
2026-06-11,9.277087677927383,19.38658128489159,10.51065640893154,27.503078086675046,27.961287570104247,9.107545721427776,6.008025912993132,12.68173023641775,22.09159997376652,46.634085500956346,14.239073898513038,21.217443901803474
2026-06-12,9.281412651829868,19.153912956570625,10.753267284484057,27.13428620944851,28.11688369971273,9.227354039893433,6.184012585447959,12.827749034246928,22.05892510322775,46.2121518050871,14.481865068535885,21.223704648194776
2026-06-15,9.268064162975028,19.13579709862527,10.712294675547025,27.124609425212665,28.6933085997908,9.221414145461942,6.217953306861624,12.824818396079754,22.344844124703307,44.51553358927146,14.535097089759855,20.922311250745448
2026-06-16,9.265941332604372,18.454022936441753,10.720089397486522,26.356317608335782,28.66167701809397,9.177798699640881,6.195986619691632,12.828843593322272,21.866632348309388,44.873749078534516,14.5429954429808,20.832852961792486
2026-06-17,8.834742661028354,18.43696946607182,10.682231985511041,26.272059562123186,28.644980334123176,8.946803503713832,5.993971852872401,12.721334181207025,22.138565438796302,44.80332348348062,14.114596960700965,21.06103496987801
2026-06-18,8.43753747471397,18.25729803668722,10.717990116507577,26.196292659590352,29.159699383912635,8.636198398114091,5.808399269888088,12.436464928828785,22.238002210876694,44.56376719353274,13.734467731878006,21.091284097276567
2026-06-22,8.432529231522269,18.41747022855226,10.712249140024193,26.38016103970486,29.18695167663975,8.571769560972944,5.687669830094717,12.135107436647855,22.232988703632834,44.57234899922154,13.327994068304822,21.252100745063807
2026-06-23,8.563391373306576,18.448134800723594,10.684550331124628,26.25631326690557,28.985553515561463,8.57854617098364,5.655164084832032,12.077977256731966,22.033193566738227,45.0487304136793,13.241799645653195,20.788903488440326
2026-06-24,8.564699525119867,18.427017167349657,10.621534706838617,26.256420317956746,27.371432909524678,8.527108855094035,5.640248150683373,12.083764291452121,22.018863379406323,44.81400233707138,13.064084052510902,20.55700249561257
2026-06-25,8.521788934618552,17.978843998604948,10.613073795347686,25.803112962603137,27.463365409721753,8.309538472193777,5.622153705329971,12.058335368066968,21.71971067836014,45.17248605297752,12.971815445659143,20.94026410716598
2026-06-26,8.521218012150939,16.88717843090789,10.616859016035725,24.617944646064572,26.683002276554713,8.23215774280677,5.608571280619036,11.904802403320511,20.759763135264446,43.64216440622012,12.475574345595481,20.8276169876092
2026-06-29,8.53277616736845,16.868102934856726,10.557949347197845,24.619391226070782,26.80456680491639,8.12283731616357,5.567916874219495,11.768682627516073,20.75037829112378,43.661362395014294,12.152359035007027,21.32279507572928
2026-06-30,8.529978178011106,16.518992544037612,10.633140494551734,24.337972093679074,25.81905375316338,8.121337001819581,5.5474235325199,11.77173711267003,20.694858820822375,44.01720770991335,12.161095748100914,21.95727783904561
2026-07-01,8.618022571449362,16.284982761905294,10.625581318378392,23.94541341542423,24.857688284645675,8.129838689588746,5.5074179293593994,11.804295508527028,20.70548232456283,44.08372591726074,12.162105818001185,22.387524995483727
2026-07-02,8.613978525708083,16.30090325616607,10.691492937626254,23.68604534454124,24.340332840065944,8.17263904314628,5.532031379972297,11.960500718947003,20.600373718606477,43.678559227087256,12.295360850324856,22.416263015303045
2026-07-06,9.392500218095961,16.24124201975672,10.674333239489634,23.679238757693387,24.386970253294667,8.66317360950188,5.839161845321441,11.947397360543043,20.662680907636,41.51490350269675,12.37225393902669,23.542767582219895
2026-07-07,9.35383005469969,15.214372338749637,10.762832129393088,21.63065042299424,23.708953791887836,8.437720176333318,5.749454822088507,12.054959677565728,19.74080141256226,41.51711448051887,12.423489126475765,23.53944452435778
2026-07-08,9.239335817244802,15.268822472618753,10.750922816511359,21.494331042076166,23.079175757792925,8.437706383474556,5.718454803551482,12.039939363822125,19.62683059923801,41.38269015058738,12.179466468032754,23.74424734548783
2026-07-09,9.239648194413649,15.460160918410981,10.689904194405079,22.03706014866742,22.756048275254436,8.44964160660153,5.7259358979745,11.952132301603246,19.837984466545485,43.32593395468701,12.091617692336774,23.935174693524527
2026-07-10,9.262972464949279,16.857364551141465,10.651954628451596,23.579269473271093,22.766788730696074,8.45398521920413,5.763189526562088,11.918421717791237,20.264854950146567,43.619766692181585,12.146111363172013,24.425876042379134
2026-07-13,9.26312233456982,17.06990329798128,10.753012362723906,23.78534402928967,23.270572678258834,8.458133588633949,5.771780535098922,11.910803179053927,20.155958061847613,43.540661652535775,12.164942751644583,24.33148451153101
2026-07-14,9.218408677559877,16.54205396112733,10.372511579596038,22.303022425371346,23.13540893231334,8.411317411967142,5.720443255898035,11.820172394558,19.45390628480833,42.270195420939054,12.258384108185954,24.385595398751757
2026-07-15,9.15902752268166,16.23563272757835,10.229839995546646,22.023483353448352,23.022134625860826,8.365109334749969,5.723381779932994,11.858673230546158,19.438821147689463,42.063098965252934,12.324711949445776,25.170421232286778
2026-07-16,9.127216689334025,16.248065277942406,10.270370493868219,22.010303762911075,23.132667846362022,8.260490825780938,5.687373291878541,11.844993885325508,19.457157935084307,42.29896643228917,12.324044321687397,25.280560775311034
2026-07-17,9.048662814842068,16.213400731216442,9.530995942181942,22.09699087402956,23.208760285089173,8.262130853124052,5.746826336098032,11.052209025789308,19.41068312163221,42.38885639960819,11.808435854178246,25.318646661793466
2026-07-20,9.065007814758559,16.179784555744053,9.460299926263595,21.993817289399438,22.85601064849133,8.255784548037653,5.736397849438652,11.054939302965588,19.321658522061664,42.49408548095845,11.805919728452677,25.376531932635732
2026-07-21,9.070284747433254,16.195271383624863,9.529883184798841,22.0258881961156,23.131356181126662,8.321595133612659,5.738607758935106,11.088421279264482,19.319465009870015,42.4913790135218,11.836590402212156,25.144446357416193
2026-07-22,9.10651083911312,16.91642051300144,9.548178457783978,22.028234686645696,23.513484013714265,8.3991953670095,5.793205723055291,11.184405244274826,19.29455368584376,42.59270239177458,11.857467462094098,25.433575211009412
2026-07-23,9.070526625136122,16.903961766541933,9.560836198572687,22.24666385677152,23.653974942455154,8.410919772704709,5.768556470633338,11.194691632574747,19.68682432262952,42.570802300953765,11.900789486599004,25.44452183130766
2026-07-24,9.126964931679815,17.150868783567752,9.581217363877553,22.481242806303296,23.654147533483503,8.409846448859664,5.821865615319102,11.169579365559358,19.671922765057584,42.700634861228956,11.951338909786685,25.409297473433988
2026-07-27,9.120701133761816,17.03918986312181,9.584767384868307,22.111467594062546,23.52266025821811,8.412998993029227,5.817479191422039,11.170824662420747,19.684657011875295,43.29591804738565,11.967798049981262,25.978100649480222
2026-07-28,9.034966544044758,17.046165210295168,9.573680500984553,21.944733260190645,23.555407035809026,8.376041589689418,5.7990710917717045,11.214669749501873,19.950068076304397,43.231822835260594,12.024017984836535,26.143624791636
2026-07-29,9.065811532580417,17.19306339488622,9.493616034608083,22.324784680607735,23.527538091156824,8.598377775412906,5.886338790069731,11.131648609329186,20.163373595724828,42.86247882516206,11.901827469808076,26.4767728318388
2026-07-30,9.087239659515879,17.706215523965625,9.407899315053989,22.486192221307963,23.766471595374494,8.662635475252252,5.912839629418844,10.981747889329853,20.16531688073435,42.87558603197436,11.714384451540433,26.387177904841945
2026-07-31,9.144560618415248,17.716522338656617,9.38433586306562,22.559440556780874,23.641235813270765,8.93233314885883,5.960335707969463,11.104692013523758,20.17135942776082,42.888214698499134,11.860700365299609,26.392639109595578
2026-08-04,9.180975465437976,17.286837629873702,9.468422653698866,21.895320332840637,24.069070978505408,8.86202201209834,5.963440277060104,11.745007656473492,19.91190969151044,42.78855683094501,11.924368413920718,28.64657251258882
