data,B5MB11.SA,BOVV11.SA,EURBRL=X,FIND11.SA,GC=F,IB5M11.SA,IMAB11.SA,JPYBRL=X,MATB11.SA,NG=F,USDBRL=X,ZC=F
2020-01-02,101.04000091552734,119.20999908447266,4.48829984664917,130.75,1524.5,96.3000030517578,76.76000213623047,0.0369389988481998,37.0,2.121999979019165,4.016300201416016,391.5
2020-01-03,100.54000091552734,118.22000122070312,4.492000102996826,131.39999389648438,1549.199951171875,96.4000015258789,76.69999694824219,0.0370590016245842,37.22999954223633,2.130000114440918,4.023399829864502,386.5
2020-01-06,100.54000091552734,117.38999938964844,4.53380012512207,128.9199981689453,1566.199951171875,96.4000015258789,76.69999694824219,0.0375320017337799,36.93999862670898,2.134999990463257,4.057000160217285,384.75
2020-01-07,99.8499984741211,117.2699966430664,4.543399810791016,128.38999938964844,1571.800048828125,94.5,76.30000305175781,0.0374529995024204,37.08000183105469,2.1619999408721924,4.060400009155273,384.5
2020-01-08,100.0500030517578,116.8499984741211,4.532199859619141,127.16000366210938,1557.4000244140625,95.0,76.8499984741211,0.0376279987394809,37.61000061035156,2.1410000324249268,4.066199779510498,384.25
2020-01-09,100.0500030517578,116.56999969482422,4.512700080871582,125.94000244140624,1551.699951171875,95.0,76.8499984741211,0.0372299998998642,37.459999084472656,2.1659998893737797,4.06279993057251,383.25
2020-01-10,100.91000366210938,116.12000274658205,4.542799949645996,124.8000030517578,1557.5,94.9000015258789,76.93000030517578,0.0373760014772415,37.630001068115234,2.20199990272522,4.092100143432617,385.75
2020-01-13,100.87999725341795,117.8499984741211,4.512700080871582,125.0999984741211,1548.4000244140625,94.9000015258789,76.87999725341797,0.0371889993548393,39.08000183105469,2.181999921798706,4.070499897003174,389.5
2020-01-14,101.01000213623048,118.26000213623048,4.614299774169922,125.33000183105467,1542.4000244140625,95.0,76.6500015258789,0.037696000188589,39.0,2.187000036239624,4.1458001136779785,389.0
2020-01-15,101.01000213623048,117.02999877929688,4.594900131225586,124.20999908447266,1552.0999755859375,95.0,76.6500015258789,0.0375959984958171,38.75,2.119999885559082,4.13129997253418,387.5
2020-01-16,100.87000274658205,117.30999755859376,4.652599811553955,124.56999969482422,1549.0,94.66999816894533,76.5199966430664,0.0379890017211437,38.59000015258789,2.07699990272522,4.174200057983398,375.5
2020-01-17,100.83999633789062,119.0999984741211,4.657100200653076,126.5,1558.800048828125,94.83000183105467,76.7300033569336,0.037966001778841,39.209999084472656,2.003000020980835,4.183599948883057,389.25
2020-01-21,101.01000213623048,117.52999877929688,4.645299911499023,123.0,1556.4000244140625,95.5,76.70999908447266,0.0380150005221366,38.59999847412109,1.8949999809265137,4.188499927520752,387.5
2020-01-22,101.62999725341795,119.01000213623048,4.6656999588012695,125.5,1555.300048828125,95.5,76.94999694824219,0.0383130013942718,39.93999862670898,1.9049999713897705,4.210899829864502,388.75
2020-01-23,101.62000274658205,120.02999877929688,4.63730001449585,128.3000030517578,1564.5999755859375,96.18000030517578,77.08000183105469,0.0381079986691474,40.5,1.9259999990463257,4.181300163269043,393.75
2020-01-24,101.6500015258789,118.98999786376952,4.606400012969971,126.68000030517578,1571.0999755859375,95.5,76.9000015258789,0.0380560010671615,39.290000915527344,1.89300000667572,4.169099807739258,387.25
2020-01-27,101.79000091552734,114.9499969482422,4.606299877166748,124.0,1576.800048828125,95.0999984741211,77.0,0.0380650013685226,36.93999862670898,1.9019999504089355,4.1595001220703125,380.5
2020-01-28,101.9000015258789,117.08999633789062,4.632599830627441,125.43000030517578,1569.199951171875,94.81999969482422,76.9000015258789,0.038587000221014,37.20000076293945,1.934000015258789,4.206099987030029,386.5
2020-01-29,102.66999816894533,115.97000122070312,4.61929988861084,124.3000030517578,1569.800048828125,95.13999938964844,77.26000213623047,0.0384149998426437,36.7400016784668,1.8769999742507932,4.193399906158447,384.25
2020-01-30,103.08000183105467,116.0999984741211,4.655200004577637,124.27999877929688,1583.5,94.9800033569336,77.30000305175781,0.0388059988617897,36.619998931884766,1.8289999961853027,4.228899955749512,379.5
2020-01-31,103.5999984741211,114.3499984741211,4.67710018157959,123.5,1582.9000244140625,95.98999786376952,76.9800033569336,0.0389499999582767,35.88999938964844,1.840999960899353,4.242199897766113,381.25
2020-02-03,103.68000030517578,115.11000061035156,4.746799945831299,123.6500015258789,1577.199951171875,96.0,77.0,0.0395089983940124,36.40999984741211,1.819000005722046,4.282599925994873,378.75
2020-02-04,104.27999877929688,116.16999816894533,4.694900035858154,123.5999984741211,1550.4000244140625,96.4000015258789,77.1500015258789,0.0390949994325637,37.0099983215332,1.871999979019165,4.246799945831299,382.25
2020-02-05,104.47000122070312,116.63999938964844,4.696100234985352,125.3000030517578,1557.800048828125,95.56999969482422,77.4000015258789,0.0388699993491172,37.18000030517578,1.8609999418258667,4.253699779510498,380.75
2020-02-06,103.5199966430664,115.77999877929688,4.654699802398682,123.5,1565.0999755859375,96.18000030517578,77.19000244140625,0.0385399982333183,36.869998931884766,1.861999988555908,4.23360013961792,379.25
2020-02-07,104.02999877929688,114.23999786376952,4.698299884796143,123.22000122070312,1568.5999755859375,96.27999877929688,77.11000061035156,0.038926001638174,35.90999984741211,1.8580000400543213,4.280799865722656,383.5
2020-02-10,104.8000030517578,113.1500015258789,4.724999904632568,122.01000213623048,1574.699951171875,97.5999984741211,77.48999786376953,0.0393659994006156,34.97999954223633,1.7660000324249268,4.320400238037109,381.75
2020-02-11,105.41999816894533,115.97000122070312,4.714399814605713,125.20999908447266,1565.5999755859375,98.5,77.69000244140625,0.0393630005419254,36.380001068115234,1.787999987602234,4.320974826812744,379.75
2020-02-12,106.11000061035156,117.29000091552734,4.726200103759766,126.72000122070312,1567.4000244140625,97.5500030517578,77.97000122070312,0.0394069999456405,37.27000045776367,1.843999981880188,4.327530860900879,383.0
2020-02-13,106.29000091552734,116.12999725341795,4.732200145721436,124.0199966430664,1575.0999755859375,97.6500015258789,77.55000305175781,0.0396040007472038,37.0,1.825999975204468,4.354499816894531,379.5
2020-02-14,107.1999969482422,114.95999908447266,4.712699890136719,123.19000244140624,1582.699951171875,98.27999877929688,78.0,0.0396020002663135,36.70000076293945,1.837000012397766,4.346766948699951,377.75
2020-02-18,107.3499984741211,115.55999755859376,4.685800075531006,122.0999984741211,1600.0,98.04000091552734,78.16999816894531,0.0393939986824989,36.709999084472656,1.9809999465942385,4.326499938964844,383.0
2020-02-19,107.97000122070312,116.9800033569336,4.698999881744385,124.6500015258789,1607.5,98.04000091552734,77.94999694824219,0.0396229997277259,36.79999923706055,1.955000042915344,4.354800224304199,380.5
2020-02-20,108.05999755859376,115.1500015258789,4.715400218963623,123.12000274658205,1616.5999755859375,97.58000183105467,77.83000183105469,0.03923200070858,36.68000030517578,1.919999957084656,4.363999843597412,378.5
2020-02-21,107.2300033569336,114.29000091552734,4.736100196838379,121.48999786376952,1644.5999755859375,98.51000213623048,78.0,0.039207998663187,36.59999847412109,1.9049999713897705,4.392300128936768,377.0
2020-02-26,104.91000366210938,106.18000030517578,4.770299911499023,114.48999786376952,1640.0,97.52999877929688,76.97000122070312,0.0397749990224838,33.0,1.8209999799728396,4.386799812316895,370.5
2020-02-27,103.7699966430664,103.48999786376952,4.840400218963623,114.0,1640.0,96.2300033569336,77.04000091552734,0.0403160005807876,32.880001068115234,1.7519999742507937,4.449100017547607,364.5
2020-02-28,100.5500030517578,104.7300033569336,4.930799961090088,116.8499984741211,1564.0999755859375,96.73999786376952,76.9800033569336,0.040897998958826,31.71999931335449,1.684000015258789,4.484799861907959,366.5
2020-03-02,103.33000183105467,107.23999786376952,4.928800106048584,117.5,1592.300048828125,98.2300033569336,77.75,0.0410909987986087,34.0,1.75600004196167,4.441299915313721,374.75
2020-03-03,102.97000122070312,106.0999984741211,4.982600212097168,114.8499984741211,1642.0999755859375,98.37999725341795,77.9800033569336,0.0412070006132125,33.20000076293945,1.7999999523162842,4.472400188446045,381.75
2020-03-04,104.02999877929688,107.6500015258789,5.041900157928467,113.91999816894533,1641.0999755859375,98.76000213623048,78.31999969482422,0.042187999933958,34.54999923706055,1.8270000219345093,4.513199806213379,387.0
2020-03-05,102.18000030517578,102.77999877929688,5.103499889373779,107.2699966430664,1666.4000244140625,98.76000213623048,77.94000244140625,0.0425829999148845,33.54999923706055,1.7719999551773071,4.583399772644043,384.5
2020-03-06,102.18000030517578,98.5199966430664,5.167300224304199,106.9000015258789,1670.800048828125,96.0,77.77999877929688,0.0433509983122348,31.950000762939453,1.7079999446868896,4.606200218200684,377.25
2020-03-09,98.51000213623048,86.55000305175781,5.218299865722656,96.8000030517578,1674.5,94.4499969482422,75.8499984741211,0.0435819998383522,28.5,1.777999997138977,4.589799880981445,374.25
2020-03-10,98.5500030517578,92.5999984741211,5.380199909210205,97.8000030517578,1659.0999755859375,93.1999969482422,76.0,0.0457900017499923,30.75,1.9359999895095823,4.722899913787842,380.0
2020-03-11,96.43000030517578,85.69000244140625,5.252399921417236,95.0,1641.4000244140625,94.0,74.0,0.0442349985241889,29.0,1.878000020980835,4.642099857330322,379.25
2020-03-12,96.43000030517578,72.81999969482422,5.419099807739258,89.8499984741211,1589.300048828125,94.0,69.19999694824219,0.0460520014166832,23.5,1.840999960899353,4.813799858093262,369.75
2020-03-13,96.43000030517578,83.0,5.355400085449219,87.87000274658203,1515.699951171875,94.0,71.0,0.0458160005509853,26.299999237060547,1.86899995803833,4.790200233459473,370.75
2020-03-16,96.43000030517578,71.0199966430664,5.39330005645752,80.29000091552734,1485.9000244140625,94.0,71.0,0.0449590012431144,23.600000381469727,1.815000057220459,4.85260009765625,354.75
2020-03-17,94.66000366210938,74.5999984741211,5.576099872589111,83.51000213623047,1524.9000244140625,98.0,70.51000213623047,0.0470819994807243,24.26000022888184,1.7289999723434448,4.999000072479248,344.0
2020-03-18,94.66000366210938,67.30000305175781,5.514800071716309,77.0,1477.300048828125,98.0,67.0,0.0466610006988048,21.549999237060547,1.6039999723434448,5.009699821472168,335.25
2020-03-19,94.66000366210938,68.69999694824219,5.594299793243408,75.0,1478.5999755859375,98.0,67.0,0.0470979996025562,21.68000030517578,1.6540000438690186,5.103961944580078,345.5
2020-03-20,94.66000366210938,67.44000244140625,5.427499771118164,72.19999694824219,1484.0,88.19999694824219,69.0,0.0457770004868507,21.549999237060547,1.6039999723434448,5.094200134277344,343.75
2020-03-23,85.38999938964844,63.81999969482422,5.411900043487549,67.0,1567.0,80.0999984741211,65.0,0.0454550012946128,20.57999992370605,1.6019999980926514,5.045499801635742,343.5
2020-03-24,88.18000030517578,70.19999694824219,5.531599998474121,76.44999694824219,1660.199951171875,88.11000061035156,67.16000366210938,0.0463510006666183,21.81999969482422,1.652999997138977,5.14169979095459,347.25
2020-03-25,88.18000030517578,74.98999786376953,5.504499912261963,83.7699966430664,1632.300048828125,88.11000061035156,70.0,0.0458769984543323,23.68000030517578,1.659000039100647,5.098100185394287,348.5
2020-03-26,90.1999969482422,77.9800033569336,5.478099822998047,83.5,1650.0999755859375,88.11000061035156,71.54000091552734,0.0453960001468658,24.13999938964844,1.6369999647140503,5.033699989318848,348.75
2020-03-27,89.6500015258789,73.69999694824219,5.546000003814697,79.80000305175781,1623.9000244140625,89.44999694824219,70.30999755859375,0.0459900014102458,24.530000686645508,1.633999943733215,5.022600173950195,346.0
2020-03-30,90.20999908447266,74.95999908447266,5.678899765014648,80.5,1622.0,89.44999694824219,70.47000122070312,0.0472359992563724,24.84000015258789,1.690000057220459,5.104629039764404,341.25
2020-03-31,85.94999694824219,73.19999694824219,5.725100040435791,78.1500015258789,1583.4000244140625,84.83999633789062,71.19999694824219,0.0480609983205795,25.450000762939453,1.6399999856948853,5.192699909210205,340.75
2020-04-01,88.04000091552734,71.36000061035156,5.735899925231934,74.19000244140625,1578.199951171875,84.83999633789062,70.5,0.0483979992568492,25.600000381469727,1.587000012397766,5.203499794006348,334.75
2020-04-02,88.04000091552734,72.56999969482422,5.744800090789795,75.44999694824219,1625.699951171875,84.83999633789062,70.5,0.0489239990711212,25.940000534057617,1.5520000457763672,5.248199939727783,333.5
2020-04-03,88.25,69.8499984741211,5.697299957275391,73.11000061035156,1633.699951171875,82.94999694824219,70.5,0.0486489981412887,25.100000381469727,1.621000051498413,5.255300045013428,330.75
2020-04-06,88.25,74.4800033569336,5.778600215911865,78.16000366210938,1677.0,85.69000244140625,69.54000091552734,0.0492339991033077,25.43000030517578,1.7309999465942385,5.348499774932861,327.75
2020-04-07,88.83999633789062,76.69999694824219,5.706200122833252,84.12999725341797,1664.800048828125,82.69000244140625,70.0,0.0484410002827644,25.51000022888184,1.8519999980926516,5.285299777984619,331.5
2020-04-08,88.69999694824219,78.97000122070312,5.6869001388549805,84.76000213623047,1665.4000244140625,82.69000244140625,70.87000274658203,0.048055000603199,25.82999992370605,1.7829999923706057,5.221700191497803,330.0
2020-04-09,89.55999755859375,78.01000213623047,5.5625,83.68000030517578,1736.199951171875,86.54000091552734,70.30000305175781,0.0470380000770092,25.40999984741211,1.7330000400543213,5.123499870300293,331.75
2020-04-13,89.0,79.18000030517578,5.539599895477295,84.52999877929688,1744.800048828125,86.54000091552734,71.0,0.0471489988267421,26.100000381469727,1.7239999771118164,5.105500221252441,331.5
2020-04-14,89.6500015258789,79.8499984741211,5.539599895477295,87.48999786376953,1756.699951171875,86.54000091552734,70.62999725341797,0.048310998827219,27.1200008392334,1.649999976158142,5.198500156402588,326.0
2020-04-15,90.5999984741211,79.2300033569336,5.6682000160217285,85.30000305175781,1727.199951171875,86.54000091552734,70.94000244140625,0.0481909997761249,26.59000015258789,1.5980000495910645,5.162000179290772,319.25
2020-04-16,90.5999984741211,78.16999816894531,5.7083001136779785,82.77999877929688,1720.4000244140625,86.54000091552734,72.0,0.0486599989235401,26.01000022888184,1.6859999895095823,5.236999988555908,319.75
2020-04-17,90.5999984741211,79.37000274658203,5.679999828338623,83.5,1689.199951171875,86.54000091552734,72.0999984741211,0.0484739989042282,26.559999465942383,1.753000020980835,5.230899810791016,322.25
2020-04-20,94.0999984741211,79.3499984741211,5.646699905395508,82.63999938964844,1701.5999755859375,86.6500015258789,73.87999725341797,0.0486089996993541,26.11000061035156,1.924000024795532,5.232699871063232,314.25
2020-04-22,94.5199966430664,80.86000061035156,5.767899990081787,83.6500015258789,1728.699951171875,91.51000213623048,73.0,0.0493410006165504,26.540000915527344,1.9390000104904173,5.315000057220459,317.5
2020-04-23,92.87000274658205,80.0,5.894700050354004,82.12000274658203,1733.300048828125,91.51000213623048,72.4000015258789,0.0506139993667602,26.979999542236328,1.815000057220459,5.456900119781494,319.25
2020-04-24,86.5999984741211,75.69000244140625,5.958499908447266,74.9000015258789,1723.5,91.51000213623048,69.9000015258789,0.0513789989054203,26.51000022888184,1.746000051498413,5.533100128173828,315.75
2020-04-27,87.4000015258789,78.54000091552734,6.046500205993652,77.30000305175781,1711.9000244140625,86.30000305175781,69.9800033569336,0.0518559999763965,27.51000022888184,1.819000005722046,5.5725998878479,305.5
2020-04-28,90.4000015258789,81.70999908447266,6.117300033569336,83.1500015258789,1710.5,86.30000305175781,71.0999984741211,0.0526859983801841,27.75,1.7940000295639038,5.652599811553955,302.75
2020-04-29,92.0500030517578,83.56999969482422,5.952700138092041,85.04000091552734,1703.4000244140625,89.38999938964844,71.0999984741211,0.0514979995787143,28.729999542236328,1.86899995803833,5.497399806976318,304.5
2020-04-30,91.1999969482422,80.79000091552734,5.80079984664917,81.31999969482422,1684.199951171875,89.38999938964844,70.63999938964844,0.0500399991869926,27.96999931335449,1.9490000009536743,5.334799766540527,311.5
2020-05-04,91.0,79.25,6.006499767303467,78.81999969482422,1706.9000244140625,87.5,71.0,0.0512199997901916,27.6299991607666,1.993000030517578,5.477000236511231,310.75
2020-05-05,91.0,79.83000183105469,6.038899898529053,80.33999633789062,1704.4000244140625,88.93000030517578,71.43000030517578,0.0519319996237754,27.959999084472656,2.134000062942505,5.540599822998047,313.0
2020-05-06,91.0,79.43000030517578,6.043600082397461,78.2699966430664,1684.199951171875,88.93000030517578,71.52999877929688,0.0524079985916614,27.88999938964844,1.944000005722046,5.578100204467773,311.75
2020-05-07,90.5,78.5,6.168700218200684,75.30000305175781,1721.800048828125,88.93000030517578,71.08999633789062,0.0538100004196167,29.65999984741211,1.8940000534057615,5.715199947357178,316.0
2020-05-08,90.5,80.75,6.315999984741211,77.94000244140625,1709.9000244140625,88.93000030517578,71.33999633789062,0.0548020005226135,30.75,1.8229999542236328,5.828719139099121,319.0
2020-05-11,90.4000015258789,79.44000244140625,6.2108001708984375,77.01000213623047,1695.300048828125,87.33000183105469,71.20999908447266,0.0513419993221759,30.940000534057617,1.825999975204468,5.477000236511231,318.5
2020-05-12,89.19999694824219,78.23999786376953,6.285999774932861,73.80000305175781,1704.4000244140625,87.33000183105469,70.81999969482422,0.0540679991245269,30.0,1.7200000286102295,5.8171000480651855,323.75
2020-05-13,89.0,78.12999725341797,6.380899906158447,74.30000305175781,1713.9000244140625,86.33999633789062,70.91000366210938,0.054917000234127,30.709999084472656,1.616000056266785,5.884799957275391,320.25
2020-05-14,88.69999694824219,79.4000015258789,6.365699768066406,75.52999877929688,1738.0999755859375,84.8499984741211,71.0999984741211,0.0550419986248016,30.399999618530277,1.680999994277954,5.88640022277832,320.25
2020-05-15,89.94999694824219,77.69999694824219,6.275700092315674,75.63999938964844,1753.4000244140625,85.05000305175781,71.5999984741211,0.0541220009326934,29.989999771118164,1.6460000276565552,5.8094000816345215,319.25
2020-05-18,89.75,81.5999984741211,6.327700138092041,79.05999755859375,1731.800048828125,88.05000305175781,71.95999908447266,0.0546270012855529,30.31999969482422,1.7829999923706057,5.855199813842773,320.75
2020-05-19,90.6999969482422,81.05999755859375,6.240300178527832,77.3499984741211,1744.199951171875,87.9800033569336,72.5,0.053261000663042,30.76000022888184,1.830000042915344,5.718999862670898,321.25
2020-05-20,90.6999969482422,81.55000305175781,6.285799980163574,77.20999908447266,1750.5999755859375,87.9800033569336,72.5,0.0533589981496334,30.600000381469727,1.7710000276565552,5.755199909210205,319.5
2020-05-21,91.8499984741211,83.41999816894531,6.246099948883057,81.69000244140625,1720.5,87.9800033569336,73.01000213623047,0.0528870001435279,29.670000076293945,1.7100000381469729,5.690499782562256,317.75
2020-05-22,91.6500015258789,83.0,6.077000141143799,81.54000091552734,1734.5999755859375,87.83000183105469,73.0,0.0515829995274543,29.549999237060547,1.7309999465942385,5.5524001121521,318.0
2020-05-26,93.0,85.95999908447266,5.928800106048584,85.55000305175781,1704.800048828125,88.87000274658203,73.6500015258789,0.0505470000207424,29.26000022888184,1.7929999828338623,5.443399906158447,319.0
2020-05-27,92.4000015258789,88.37000274658203,5.86460018157959,85.9000015258789,1710.300048828125,88.87000274658203,73.6500015258789,0.0497130006551742,30.8700008392334,1.722000002861023,5.343999862670898,320.5
2020-05-28,92.9000015258789,87.37000274658203,5.805900096893311,85.5,1713.300048828125,88.87000274658203,73.6500015258789,0.0489119999110698,31.25,1.8270000219345093,5.27269983291626,327.5
2020-05-29,92.5,87.70999908447266,5.983799934387207,84.5199966430664,1736.9000244140625,88.75,73.38999938964844,0.0501970015466213,31.57999992370605,1.8489999771118164,5.403600215911865,325.75
2020-06-01,92.45999908447266,89.12999725341797,5.918700218200684,87.20999908447266,1737.800048828125,88.48999786376953,73.25,0.0495489984750747,31.809999465942383,1.77400004863739,5.334799766540527,323.25
2020-06-02,93.3000030517578,91.56999969482422,5.967899799346924,90.6999969482422,1725.199951171875,90.19000244140624,73.73999786376953,0.0498949997127056,32.400001525878906,1.7769999504089355,5.366499900817871,324.25
2020-06-03,94.0999984741211,93.2699966430664,5.812699794769287,94.87000274658205,1697.800048828125,90.93000030517578,74.0,0.0477790012955665,32.68000030517578,1.8209999799728396,5.199299812316895,324.0
2020-06-04,94.3000030517578,94.1999969482422,5.6844000816345215,96.1999969482422,1718.9000244140625,90.16000366210938,74.26000213623047,0.046434000134468,33.31999969482422,1.8220000267028809,5.061600208282471,329.0
2020-06-05,94.5,95.13999938964844,5.800000190734863,96.5,1676.199951171875,90.25,74.45999908447266,0.0468939989805221,33.0,1.781999945640564,5.117199897766113,331.25
2020-06-08,94.5,98.0,5.5929999351501465,101.5,1698.300048828125,91.88999938964844,75.0,0.0452409982681274,33.459999084472656,1.7890000343322754,4.959499835968018,333.75
2020-06-09,94.5,97.22000122070312,5.4475998878479,100.3000030517578,1714.699951171875,91.69000244140624,74.69999694824219,0.0444739982485771,33.5,1.7669999599456787,4.821599960327148,327.5
2020-06-10,95.3000030517578,95.0999984741211,5.548999786376953,97.5199966430664,1713.300048828125,91.19000244140624,75.0,0.0454309992492198,32.560001373291016,1.7799999713897705,4.898399829864502,326.25
2020-06-12,95.25,93.1999969482422,5.613999843597412,94.8499984741211,1729.300048828125,90.88999938964844,75.0999984741211,0.0465649999678134,31.270000457763672,1.7309999465942385,4.974999904632568,330.0
2020-06-15,94.8499984741211,92.8499984741211,5.68209981918335,93.0,1720.300048828125,90.5500030517578,74.9000015258789,0.0470240004360675,31.799999237060547,1.6690000295639038,5.047800064086914,329.25
2020-06-16,94.5999984741211,93.95999908447266,5.841000080108643,94.4000015258789,1729.5999755859375,90.48999786376952,74.94999694824219,0.0479479990899562,32.70000076293945,1.6139999628067017,5.153206825256348,329.0
2020-06-17,94.6999969482422,95.9499969482422,5.904699802398682,96.8499984741211,1729.199951171875,91.3499984741211,75.19999694824219,0.0488139986991882,33.20000076293945,1.6380000114440918,5.243599891662598,330.25
2020-06-18,94.6999969482422,96.56999969482422,5.874300003051758,97.51000213623048,1724.800048828125,91.3499984741211,74.62999725341797,0.048904001712799,33.54999923706055,1.6380000114440918,5.22790002822876,331.0
2020-06-19,94.5500030517578,96.62000274658205,6.023900032043457,98.02999877929688,1745.9000244140625,91.3499984741211,75.02999877929688,0.0502369999885559,33.70000076293945,1.6690000295639038,5.377200126647949,332.5
2020-06-22,93.6999969482422,95.69000244140624,5.9334001541137695,97.8000030517578,1756.699951171875,89.81999969482422,74.93000030517578,0.049695000052452,33.0099983215332,1.6640000343322754,5.309999942779541,328.25
2020-06-23,93.75,96.4000015258789,5.921599864959717,97.8000030517578,1772.0999755859375,89.81999969482422,75.12999725341797,0.049125000834465,33.11000061035156,1.6369999647140503,5.25190019607544,325.0
2020-06-24,93.75,94.69000244140624,5.825500011444092,96.0,1765.800048828125,90.61000061035156,74.5999984741211,0.0483799986541271,33.400001525878906,1.597000002861023,5.151000022888184,324.25
2020-06-25,94.1999969482422,96.37999725341795,6.012899875640869,98.0,1762.0999755859375,90.61000061035156,75.0,0.0499450005590915,33.279998779296875,1.4819999933242798,5.34660005569458,317.25
2020-06-26,93.8000030517578,94.1999969482422,6.011000156402588,95.45999908447266,1772.5,90.66000366210938,74.95999908447266,0.0500090010464191,33.0,1.4950000047683716,5.359499931335449,317.0
2020-06-29,94.1999969482422,96.11000061035156,6.1504998207092285,97.9000015258789,1774.800048828125,90.66000366210938,75.0,0.051155000925064,33.04999923706055,1.7089999914169312,5.480899810791016,326.25
2020-06-30,95.0,95.62999725341795,6.073800086975098,95.5999984741211,1793.0,90.9800033569336,75.44000244140625,0.0502140000462532,32.90999984741211,1.7510000467300415,5.402100086212158,338.5
2020-07-01,95.9000015258789,96.72000122070312,6.133399963378906,97.7699966430664,1773.199951171875,91.63999938964844,75.69999694824219,0.0505749993026256,33.08000183105469,1.6710000038146973,5.461699962615967,348.25
2020-07-02,96.0,96.5199966430664,5.978700160980225,98.5,1784.0,92.4499969482422,75.98999786376953,0.0495110005140304,33.16999816894531,1.7339999675750732,5.316199779510498,342.5
2020-07-06,97.0999984741211,99.47000122070312,5.974299907684326,102.05999755859376,1788.5,93.2300033569336,76.30000305175781,0.0493850000202655,33.529998779296875,1.830000042915344,5.311399936676025,346.5
2020-07-07,96.8000030517578,98.16999816894533,6.054900169372559,99.33000183105467,1804.199951171875,94.16000366210938,76.0,0.0498710013926029,33.5,1.8760000467300413,5.354300022125244,345.0
2020-07-08,97.0,100.3499984741211,6.061399936676025,103.0,1815.5,92.83999633789062,76.4000015258789,0.0499849990010261,34.0,1.8240000009536743,5.377799987792969,348.25
2020-07-09,97.0,98.70999908447266,6.054500102996826,101.5999984741211,1799.199951171875,92.83999633789062,76.72000122070312,0.0497930012643337,33.79999923706055,1.7790000438690186,5.342599868774414,351.25
2020-07-10,98.4000015258789,100.4499969482422,6.023399829864502,102.0,1798.199951171875,94.8000030517578,77.1500015258789,0.0497849993407726,33.95000076293945,1.8049999475479128,5.337800025939941,340.5
2020-07-13,98.5999984741211,99.08999633789062,6.004799842834473,101.4000015258789,1811.0,95.0999984741211,77.4000015258789,0.0498370006680488,33.91999816894531,1.7389999628067017,5.326900005340576,334.0
2020-07-14,98.1999969482422,100.81999969482422,6.126699924468994,103.0999984741211,1810.5999755859373,94.8499984741211,77.37999725341797,0.0503510013222694,35.08000183105469,1.746000051498413,5.401500225067139,334.75
2020-07-15,98.5,102.2699966430664,6.120500087738037,104.0,1811.4000244140625,94.1500015258789,77.51000213623047,0.0500410012900829,35.20000076293945,1.777999997138977,5.366799831390381,326.25
2020-07-16,98.25,101.0500030517578,6.127299785614014,103.08000183105467,1798.699951171875,94.8499984741211,77.86000061035156,0.0501910001039505,35.0,1.7230000495910645,5.366948127746582,330.25
2020-07-17,99.1999969482422,103.47000122070312,6.067299842834473,105.31999969482422,1808.300048828125,94.93000030517578,77.7300033569336,0.0496880002319812,35.40999984741211,1.718000054359436,5.330699920654297,333.0
2020-07-20,99.8000030517578,104.9499969482422,6.149400234222412,107.5,1815.9000244140625,96.3499984741211,78.02999877929688,0.0502969995141029,36.150001525878906,1.6410000324249268,5.385300159454346,328.25
2020-07-21,99.8000030517578,104.6500015258789,6.101500034332275,107.9499969482422,1842.4000244140625,96.0,78.41999816894531,0.0496909990906715,35.400001525878906,1.6749999523162842,5.327700138092041,322.75
2020-07-22,99.8000030517578,104.6500015258789,5.960899829864502,106.8000030517578,1864.0999755859373,95.25,78.23999786376953,0.0483979992568492,35.209999084472656,1.680999994277954,5.1697998046875,327.5
2020-07-23,99.5,102.75,5.917600154876709,104.9000015258789,1889.0999755859373,94.9499969482422,78.18000030517578,0.0477540008723735,35.400001525878906,1.784999966621399,5.118100166320801,328.0
2020-07-24,99.5,103.0500030517578,6.039700031280518,104.8000030517578,1897.300048828125,96.02999877929688,78.19999694824219,0.0487679988145828,35.599998474121094,1.807999968528748,5.210599899291992,326.25
2020-07-27,100.6500015258789,104.95999908447266,6.095799922943115,108.2699966430664,1931.0,95.73999786376952,78.48999786376953,0.0493419989943504,36.59000015258789,1.7339999675750732,5.229100227355957,325.0
2020-07-28,100.6500015258789,104.58000183105467,6.0503997802734375,106.9000015258789,1944.699951171875,96.02999877929688,78.55000305175781,0.0488330014050006,36.47999954223633,1.7999999523162842,5.141421794891357,320.0
2020-07-29,100.3000030517578,105.87000274658205,6.034999847412109,109.1500015258789,1953.5,96.6500015258789,79.97000122070312,0.0490179993212223,37.16999816894531,1.8539999723434448,5.152299880981445,315.5
2020-07-30,101.30999755859376,105.45999908447266,6.0883002281188965,107.47000122070312,1942.300048828125,96.95999908447266,78.83999633789062,0.0492089986801147,36.900001525878906,1.8289999961853027,5.168799877166748,315.75
2020-07-31,101.91000366210938,103.51000213623048,6.116300106048584,104.9499969482422,1962.800048828125,98.33000183105467,79.23999786376953,0.0492330007255077,36.09999847412109,1.7990000247955322,5.153900146484375,316.0
2020-08-03,102.1999969482422,103.4499969482422,6.130300045013428,106.0,1966.0,98.0500030517578,79.29000091552734,0.0493369996547699,36.9900016784668,2.1010000705718994,5.221199989318848,317.5
2020-08-04,101.9000015258789,101.8499984741211,6.252600193023682,102.5,2001.199951171875,98.5999984741211,79.94999694824219,0.0501630008220672,36.70000076293945,2.193000078201294,5.318699836730957,308.25
2020-08-05,101.9000015258789,103.31999969482422,6.246399879455566,102.63999938964844,2031.0999755859373,98.41000366210938,79.43000030517578,0.0500769987702369,38.52999877929688,2.190999984741211,5.290200233459473,311.0
2020-08-06,101.3000030517578,104.63999938964844,6.279900074005127,104.6999969482422,2051.5,97.0,79.6500015258789,0.0501229986548423,38.5099983215332,2.164999961853028,5.290900230407715,311.25
2020-08-07,100.9000015258789,103.23999786376952,6.328400135040283,102.56999969482422,2010.0999755859373,97.0,79.44999694824219,0.0504940003156662,38.13999938964844,2.23799991607666,5.331299781799316,307.75
2020-08-10,100.0,103.83999633789062,6.407100200653076,103.12999725341795,2024.4000244140625,96.75,79.0,0.0513570010662078,39.0,2.1530001163482666,5.43720006942749,310.5
2020-08-11,99.1999969482422,102.62000274658205,6.431099891662598,102.36000061035156,1932.5999755859373,95.97000122070312,78.51000213623047,0.0517060011625289,38.130001068115234,2.1710000038146973,5.480500221252441,311.5
2020-08-12,98.4000015258789,102.58999633789062,6.3125,101.48999786376952,1934.9000244140625,94.5999984741211,78.0999984741211,0.0505050010979175,39.0,2.1519999504089355,5.38040018081665,314.5
2020-08-13,98.0999984741211,100.8499984741211,6.407199859619141,99.5999984741211,1956.699951171875,94.91000366210938,77.63999938964844,0.0508770011365413,38.34999847412109,2.181999921798706,5.434999942779541,325.25
2020-08-14,98.3000030517578,101.69000244140624,6.339700222015381,99.3000030517578,1937.0,95.29000091552734,78.11000061035156,0.0501630008220672,39.5,2.3559999465942383,5.367000102996826,324.5
2020-08-17,97.5,100.0,6.416600227355957,96.66000366210938,1985.0,94.3000030517578,77.30000305175781,0.05086600035429,39.900001525878906,2.33899998664856,5.42080020904541,331.0
2020-08-18,99.0999984741211,102.4000015258789,6.539100170135498,98.61000061035156,1999.4000244140625,96.06999969482422,78.16000366210938,0.0519669987261295,41.08000183105469,2.4170000553131104,5.508299827575684,327.0
2020-08-19,98.9000015258789,101.27999877929688,6.52810001373291,97.5999984741211,1958.699951171875,95.91999816894533,78.33000183105469,0.051936998963356,41.0,2.4260001182556152,5.465400218963623,325.0
2020-08-20,99.0999984741211,102.0,6.578000068664551,98.5999984741211,1933.800048828125,94.54000091552734,78.19999694824219,0.0523740015923976,41.709999084472656,2.351999998092652,5.556399822235107,324.5
2020-08-21,99.6999969482422,101.8000030517578,6.592299938201904,98.41000366210938,1934.5999755859373,96.41000366210938,78.54000091552734,0.052581001073122,40.77000045776367,2.447999954223633,5.555900096893311,327.0
2020-08-24,99.8499984741211,102.68000030517578,6.625400066375732,99.4499969482422,1927.699951171875,96.41000366210938,78.77999877929688,0.0530890002846717,41.5,2.513000011444092,5.618599891662598,331.75
2020-08-25,99.5,102.52999877929688,6.614099979400635,99.38999938964844,1911.800048828125,96.41000366210938,78.58000183105469,0.0529280006885528,40.650001525878906,2.489000082015991,5.610599994659424,340.75
2020-08-26,98.6999969482422,100.8499984741211,6.51669979095459,97.4000015258789,1940.699951171875,95.38999938964844,78.31999969482422,0.0517800003290176,40.45000076293945,2.4609999656677246,5.507400035858154,340.5
2020-08-27,98.5,101.02999877929688,6.63539981842041,98.58999633789062,1921.5999755859373,93.8499984741211,78.2300033569336,0.0529650002717971,40.58000183105469,2.5789999961853027,5.607200145721436,344.25
2020-08-28,99.0999984741211,102.63999938964844,6.580100059509277,99.41999816894533,1964.5999755859373,95.83999633789062,78.2300033569336,0.0522149987518787,41.0,2.657000064849853,5.568699836730957,346.0
2020-08-31,98.8000030517578,99.87000274658205,6.411399841308594,96.1999969482422,1967.5999755859373,95.54000091552734,78.4000015258789,0.0510590001940727,40.0,2.630000114440918,5.389999866485596,348.5
2020-09-01,98.8499984741211,102.66000366210938,6.55210018157959,98.9499969482422,1968.199951171875,94.5,78.31999969482422,0.05180199816823,41.29999923706055,2.5269999504089355,5.490900039672852,349.5
2020-09-02,98.8000030517578,102.37999725341795,6.432899951934815,98.9000015258789,1934.4000244140625,94.5,78.45999908447266,0.0509679988026618,41.150001525878906,2.486000061035156,5.397299766540527,349.75
2020-09-03,99.0,101.18000030517578,6.323999881744385,98.5,1927.5999755859373,94.51000213623048,78.55000305175781,0.0502419993281364,39.58000183105469,2.486999988555908,5.338699817657471,344.5
2020-09-04,99.1500015258789,101.72000122070312,6.259900093078613,99.5,1923.9000244140625,94.69000244140624,78.69000244140625,0.0498629994690418,39.900001525878906,2.588000059127808,5.289899826049805,347.25
2020-09-08,98.4000015258789,100.5500030517578,6.260600090026856,97.30999755859376,1933.0,94.69000244140624,78.22000122070312,0.0498420000076293,39.79999923706055,2.400000095367432,5.298299789428711,351.0
2020-09-09,98.8000030517578,101.83999633789062,6.306000232696533,97.9800033569336,1944.699951171875,95.41000366210938,78.5,0.0505839996039867,40.52000045776367,2.4059998989105225,5.360599994659424,350.0
2020-09-10,98.25,99.1999969482422,6.263899803161621,95.41000366210938,1954.199951171875,95.41000366210938,78.0999984741211,0.0499779991805553,39.5,2.322999954223633,5.308499813079834,357.25
2020-09-11,98.1500015258789,98.5999984741211,6.288700103759766,94.0999984741211,1937.800048828125,95.18000030517578,78.0,0.0501220002770423,40.20000076293945,2.2690000534057617,5.320499897003174,365.0
2020-09-14,98.4000015258789,100.72000122070312,6.298900127410889,96.13999938964844,1953.0999755859373,94.0,78.19999694824219,0.0500809997320175,40.459999084472656,2.309999942779541,5.316199779510498,357.5
2020-09-15,98.0999984741211,100.63999938964844,6.249899864196777,94.56999969482422,1956.300048828125,93.5999984741211,78.0,0.0498230010271072,41.70000076293945,2.361999988555908,5.26830005645752,366.0
2020-09-16,97.6999969482422,100.20999908447266,6.244900226593018,94.97000122070312,1960.199951171875,93.5999984741211,77.9000015258789,0.0500460006296634,40.900001525878906,2.2669999599456787,5.2743000984191895,371.75
2020-09-17,97.8000030517578,100.56999969482422,6.179299831390381,93.5,1940.0,94.36000061035156,78.04000091552734,0.0498449988663196,41.880001068115234,2.0420000553131104,5.236000061035156,375.25
2020-09-18,95.5500030517578,98.75,6.204899787902832,92.1999969482422,1952.0999755859373,92.26000213623048,76.98999786376953,0.0500289984047412,41.58000183105469,2.0480000972747803,5.237800121307373,378.5
2020-09-21,95.0,97.51000213623048,6.376999855041504,91.08999633789062,1901.199951171875,90.44000244140624,76.69999694824219,0.0515739992260932,40.470001220703125,1.8350000381469729,5.389800071716309,369.75
2020-09-22,95.58000183105467,97.62999725341795,6.366600036621094,91.0,1898.5999755859373,90.44000244140624,76.87999725341797,0.0517029985785484,40.310001373291016,1.8339999914169312,5.412600040435791,369.25
2020-09-23,95.5999984741211,96.22000122070312,6.403299808502197,90.2300033569336,1859.9000244140625,92.26000213623048,77.01000213623047,0.0520760007202625,40.400001525878906,2.125,5.469900131225586,368.5
2020-09-24,96.1999969482422,97.45999908447266,6.517099857330322,92.48999786376952,1868.300048828125,92.45999908447266,77.16000366210938,0.0531020015478134,40.2400016784668,2.247999906539917,5.592400074005127,363.5
2020-09-25,96.0999984741211,97.5,6.425899982452393,91.9499969482422,1857.699951171875,93.58999633789062,77.16000366210938,0.0522550009191036,40.560001373291016,2.138999938964844,5.508399963378906,365.25
2020-09-28,96.37000274658205,95.1999969482422,6.466400146484375,91.76000213623048,1872.800048828125,91.94000244140624,76.5199966430664,0.0526809990406036,40.27000045776367,2.1010000705718994,5.561100006103516,366.75
2020-09-29,95.0,93.79000091552734,6.607999801635742,89.33999633789062,1894.300048828125,91.41000366210938,76.37000274658203,0.0536839999258518,39.86000061035156,2.561000108718872,5.660200119018555,364.75
2020-09-30,95.9000015258789,95.05999755859376,6.609600067138672,90.4499969482422,1887.5,92.0,76.47000122070312,0.053286001086235,40.27999877929688,2.5269999504089355,5.630499839782715,379.0
2020-10-01,95.4000015258789,95.87000274658205,6.57390022277832,90.5999984741211,1908.4000244140625,91.7699966430664,76.55999755859375,0.0531900003552436,40.380001068115234,2.5269999504089355,5.608399868011475,382.75
2020-10-02,94.9000015258789,94.27999877929688,6.624499797821045,90.4000015258789,1900.199951171875,91.88999938964844,76.69999694824219,0.0534529983997345,40.34000015258789,2.437999963760376,5.642000198364258,379.75
2020-10-05,95.9000015258789,96.6500015258789,6.653900146484375,92.25,1912.5,91.8499984741211,76.5199966430664,0.053821999579668,41.52999877929688,2.615000009536743,5.681600093841553,379.5
2020-10-06,95.73999786376952,96.06999969482422,6.56850004196167,91.48999786376952,1901.0999755859373,91.8499984741211,76.30999755859375,0.0527129992842674,41.220001220703125,2.5199999809265137,5.573400020599365,385.0
2020-10-07,94.5,96.0,6.562300205230713,90.5,1883.5999755859373,91.5,76.62000274658203,0.0529440008103847,42.2599983215332,2.6059999465942383,5.593800067901611,388.75
2020-10-08,96.2300033569336,98.41999816894533,6.599899768829346,94.44000244140624,1888.5999755859373,92.0,76.43000030517578,0.0529519990086555,42.59000015258789,2.627000093460083,5.611299991607666,387.0
2020-10-09,96.02999877929688,97.87999725341795,6.584099769592285,94.5,1919.5,92.87999725341795,77.47000122070312,0.0528049990534782,42.02000045776367,2.740999937057495,5.598599910736084,395.0
2020-10-13,96.12999725341795,98.93000030517578,6.530300140380859,93.87999725341795,1888.5,93.48999786376952,77.23999786376953,0.0524910017848014,42.650001525878906,2.8550000190734863,5.529699802398682,391.25
2020-10-14,96.8000030517578,99.75,6.536399841308594,94.5,1901.300048828125,93.2699966430664,76.80000305175781,0.0527970008552074,42.400001525878906,2.635999917984009,5.56850004196167,396.5
2020-10-15,95.5999984741211,99.58999633789062,6.563799858093262,94.23999786376952,1903.199951171875,92.66000366210938,77.69999694824219,0.0531699992716312,43.290000915527344,2.775000095367432,5.590499877929688,403.75
2020-10-16,96.79000091552734,98.91999816894533,6.566199779510498,92.1999969482422,1900.800048828125,93.54000091552734,77.7699966430664,0.0532560013234615,44.20000076293945,2.7730000019073486,5.611199855804443,402.0
2020-10-19,97.4800033569336,99.0500030517578,6.611199855804443,93.7699966430664,1906.4000244140625,94.76000213623048,77.73999786376953,0.0535340011119842,43.59999847412109,2.7950000762939453,5.644800186157227,405.25
2020-10-20,97.2300033569336,100.88999938964844,6.595300197601318,96.9499969482422,1910.4000244140625,94.04000091552734,78.08000183105469,0.053151998668909,44.43000030517578,2.9130001068115234,5.605599880218506,408.75
2020-10-21,97.25,100.8499984741211,6.627200126647949,97.5,1924.5999755859373,94.8499984741211,77.86000061035156,0.0531320013105869,44.68999862670898,3.0230000019073486,5.6041998863220215,413.75
2020-10-22,96.97000122070312,102.37000274658205,6.644000053405762,99.9000015258789,1901.0999755859373,93.66999816894533,77.6500015258789,0.0535859987139701,45.150001525878906,3.006999969482422,5.607800006866455,416.25
2020-10-23,96.9800033569336,101.66999816894533,6.603700160980225,98.86000061035156,1902.0,93.9499969482422,77.55000305175781,0.053286999464035,45.4900016784668,2.970999956130981,5.591300010681152,419.25
2020-10-26,96.41999816894533,101.4499969482422,6.661099910736084,98.95999908447266,1902.699951171875,93.79000091552734,77.5,0.0536569990217685,44.540000915527344,3.0239999294281006,5.616199970245361,417.75
2020-10-27,96.16999816894533,99.87000274658205,6.638299942016602,96.41999816894533,1908.800048828125,93.25,77.29000091552734,0.0536359995603561,44.66999816894531,3.0190000534057617,5.622700214385986,416.0
2020-10-28,95.77999877929688,95.62999725341795,6.718200206756592,92.16000366210938,1876.199951171875,93.47000122070312,77.30999755859375,0.0545659996569156,42.880001068115234,2.996000051498413,5.7052001953125,401.5
2020-10-29,96.0999984741211,96.87999725341795,6.747399806976318,92.5999984741211,1865.5999755859373,92.87000274658205,77.63999938964844,0.0550669990479946,43.68000030517578,3.3010001182556152,5.744900226593018,398.5
2020-10-30,95.56999969482422,94.4000015258789,6.744200229644775,89.52999877929688,1877.4000244140625,94.25,77.43000030517578,0.0552669987082481,42.70000076293945,3.3540000915527344,5.7778000831604,398.5
2020-11-03,96.20999908447266,96.41999816894533,6.681099891662598,91.30999755859376,1908.5,93.01000213623048,77.5,0.0548200011253356,44.84999847412109,3.059000015258789,5.741099834442139,401.0
2020-11-04,96.8000030517578,98.3499984741211,6.766200065612793,94.0500030517578,1894.5999755859373,94.62999725341795,77.91999816894531,0.0550410002470016,43.84999847412109,3.0460000038146973,5.754899978637695,405.25
2020-11-05,96.81999969482422,101.2699966430664,6.642399787902832,96.62000274658205,1945.300048828125,94.62999725341795,77.55999755859375,0.0542190000414848,44.15999984741211,2.941999912261963,5.663000106811523,409.25
2020-11-06,97.18000030517578,101.5,6.523900032043457,96.55999755859376,1950.300048828125,94.62000274658205,77.7699966430664,0.0533059984445571,44.15999984741211,2.888000011444092,5.523399829864502,406.75
2020-11-09,98.3499984741211,103.91000366210938,6.366399765014648,101.3000030517578,1853.199951171875,94.79000091552734,78.55999755859375,0.0518990010023117,43.59999847412109,2.858999967575073,5.36269998550415,407.5
2020-11-10,97.8000030517578,105.41000366210938,6.364299774169922,104.30999755859376,1875.4000244140625,95.26000213623048,78.33999633789062,0.0512120015919208,42.68000030517578,2.9489998817443848,5.384699821472168,423.0
2020-11-11,97.5500030517578,105.19000244140624,6.395100116729736,104.4000015258789,1860.699951171875,94.13999938964844,77.80000305175781,0.0514280013740062,42.5,3.0309998989105225,5.413899898529053,417.25
2020-11-12,97.48999786376952,103.0,6.34689998626709,101.02999877929688,1872.5999755859373,94.0199966430664,77.70999908447266,0.0511320009827613,42.41999816894531,2.9760000705718994,5.389999866485596,408.25
2020-11-13,97.44000244140624,105.33000183105467,6.438799858093262,101.0500030517578,1885.699951171875,93.05999755859376,77.7300033569336,0.051911000162363,43.41999816894531,2.994999885559082,5.456699848175049,410.5
2020-11-16,97.3000030517578,107.02999877929688,6.4604997634887695,105.5,1887.300048828125,93.05999755859376,77.77999877929688,0.0521630011498928,44.040000915527344,2.697000026702881,5.456999778747559,416.25
2020-11-17,96.9499969482422,107.77999877929688,6.418900012969971,106.52999877929688,1884.5,93.97000122070312,77.5999984741211,0.0517980009317398,44.0,2.691999912261963,5.414899826049805,420.25
2020-11-18,97.0,106.36000061035156,6.31689977645874,105.30999755859376,1873.5,92.26000213623048,77.3499984741211,0.0511390008032321,43.7599983215332,2.711999893188477,5.327199935913086,425.75
2020-11-19,96.91000366210938,107.1999969482422,6.351799964904785,105.6999969482422,1861.0999755859373,92.43000030517578,77.30000305175781,0.0516170002520084,44.09999847412109,2.5920000076293945,5.361700057983398,422.5
2020-11-23,96.37999725341795,107.94000244140624,6.374800205230713,104.94000244140624,1837.800048828125,92.5500030517578,77.44999694824219,0.0517649985849857,45.43000030517578,2.7109999656677246,5.378099918365479,426.5
2020-11-24,96.8499984741211,110.44000244140624,6.440800189971924,108.5,1804.800048828125,92.2699966430664,77.29000091552734,0.052046999335289,46.61000061035156,2.775000095367432,5.440599918365479,425.75
2020-11-25,96.9800033569336,110.56999969482422,6.389200210571289,108.2300033569336,1805.699951171875,92.6500015258789,76.94000244140625,0.0514039993286132,47.18000030517578,2.8959999084472656,5.372600078582764,420.0
2020-11-27,98.0,111.06999969482422,6.35230016708374,107.0999984741211,1781.9000244140625,94.66000366210938,77.55000305175781,0.051180001348257,49.11000061035156,2.8429999351501465,5.335299968719482,425.5
2020-11-30,98.25,109.61000061035156,6.389400005340576,105.58000183105467,1775.699951171875,94.0,77.5999984741211,0.0513279996812343,48.869998931884766,2.881999969482422,5.34250020980835,419.75
2020-12-01,99.0,111.87999725341795,6.361199855804443,109.0500030517578,1814.0999755859373,94.02999877929688,77.98999786376953,0.0511149987578392,50.45000076293945,2.880000114440918,5.331099987030029,414.75
2020-12-02,99.6999969482422,112.4499969482422,6.281000137329102,110.13999938964844,1825.699951171875,96.0,78.44999694824219,0.0498949997127056,49.59999847412109,2.7799999713897705,5.204899787902832,419.0
2020-12-03,101.0,112.86000061035156,6.316999912261963,110.5,1836.800048828125,97.5,79.30999755859375,0.0499349981546402,48.0,2.506999969482422,5.216300010681152,422.5
2020-12-04,101.1999969482422,114.26000213623048,6.25439977645874,110.8499984741211,1835.9000244140625,97.4000015258789,78.56999969482422,0.0496129989624023,49.36000061035156,2.575000047683716,5.151000022888184,417.0
2020-12-07,101.3000030517578,114.0999984741211,6.246099948883057,111.4499969482422,1861.800048828125,96.5999984741211,78.83000183105469,0.0494830012321472,49.59999847412109,2.4059998989105225,5.154399871826172,419.5
2020-12-08,101.1999969482422,114.2699966430664,6.173299789428711,110.8499984741211,1870.800048828125,96.83999633789062,79.02999877929688,0.049015998840332,49.29999923706055,2.3989999294281006,5.098299980163574,417.0
2020-12-09,101.6999969482422,113.44000244140624,6.197000026702881,110.48999786376952,1834.5999755859373,96.87000274658205,79.0,0.049160998314619,48.93999862670898,2.441999912261963,5.119699954986572,422.0
2020-12-10,102.0,115.66000366210938,6.241300106048584,113.91000366210938,1833.5999755859373,97.88999938964844,79.44000244140625,0.0495809987187385,49.95000076293945,2.552999973297119,5.169700145721436,420.25
2020-12-11,102.9000015258789,115.61000061035156,6.098899841308594,114.41999816894533,1839.800048828125,98.2699966430664,79.56999969482422,0.0482230000197887,50.209999084472656,2.5910000801086426,5.024199962615967,424.25
2020-12-14,103.0,115.12000274658205,6.132599830627441,114.11000061035156,1828.699951171875,97.9499969482422,79.29000091552734,0.0486960001289844,49.709999084472656,2.681999921798706,5.064199924468994,419.25
2020-12-15,103.0,116.66999816894533,6.215000152587891,115.51000213623048,1852.300048828125,99.4800033569336,79.88999938964844,0.0491999983787536,50.86000061035156,2.681999921798706,5.117700099945068,424.75
2020-12-16,103.8000030517578,118.43000030517578,6.172800064086914,118.05999755859376,1856.0999755859373,99.0,80.0,0.0490050017833709,51.560001373291016,2.677000045776367,5.078884124755859,427.25
2020-12-17,104.0999984741211,119.0,6.196599960327148,117.16000366210938,1887.199951171875,99.6500015258789,80.5,0.0491230003535747,52.34999847412109,2.635999917984009,5.083199977874756,432.5
2020-12-18,104.25,118.58000183105467,6.19890022277832,117.0500030517578,1885.699951171875,99.83000183105467,80.72000122070312,0.049040000885725,53.25,2.700000047683716,5.056900024414063,437.5
2020-12-21,103.9000015258789,116.25,6.250400066375732,114.7300033569336,1879.199951171875,99.81999969482422,80.7699966430664,0.0493680015206337,52.5,2.7049999237060547,5.100599765777588,440.0
2020-12-22,103.8000030517578,117.2300033569336,6.2642998695373535,116.0,1866.5999755859373,99.81999969482422,80.91000366210938,0.0495360009372234,52.86000061035156,2.7799999713897705,5.118937969207764,443.5
2020-12-23,104.5,118.33999633789062,6.283899784088135,117.72000122070312,1874.699951171875,100.0,81.26000213623047,0.0498140007257461,53.02000045776367,2.6080000400543213,5.1566548347473145,447.25
2020-12-28,103.6500015258789,119.75,6.337200164794922,119.55999755859376,1877.199951171875,99.5500030517578,81.19000244140625,0.0500040017068386,53.15999984741211,2.305000066757202,5.2153000831604,456.5
2020-12-29,105.1999969482422,120.04000091552734,6.4079999923706055,119.5,1879.699951171875,100.26000213623048,81.66000366210938,0.0505880005657672,53.86000061035156,2.4670000076293945,5.2459001541137695,466.0
2020-12-30,105.25,119.55999755859376,6.380199909210205,118.37999725341795,1891.0,98.79000091552734,81.19999694824219,0.050305001437664,54.52999877929688,2.421999931335449,5.208600044250488,474.5
2021-01-04,106.0999984741211,119.26000213623048,6.350500106811523,116.33999633789062,1944.699951171875,101.4499969482422,82.19999694824219,0.0501050017774105,55.43000030517578,2.5810000896453857,5.19189977645874,483.75
2021-01-05,105.4000015258789,119.68000030517578,6.486400127410889,115.06999969482422,1952.699951171875,100.87999725341795,81.98999786376953,0.0513539984822273,56.18000030517578,2.70199990272522,5.295300006866455,491.75
2021-01-06,105.5,119.83000183105467,6.497099876403809,116.6500015258789,1906.9000244140625,100.66999816894533,81.94000244140625,0.0514569990336895,57.59999847412109,2.7160000801086426,5.28410005569458,495.0
2021-01-07,104.25,123.4000015258789,6.553199768066406,120.51000213623048,1912.300048828125,99.20999908447266,81.16999816894531,0.0515599995851516,61.43000030517578,2.7290000915527344,5.312900066375732,494.0
2021-01-08,104.4499969482422,125.70999908447266,6.634799957275391,121.5500030517578,1834.0999755859373,98.8000030517578,81.25,0.0521109998226165,61.5099983215332,2.700000047683716,5.40880012512207,496.25
2021-01-11,103.1999969482422,123.69000244140624,6.604899883270264,119.1500015258789,1849.5999755859373,98.04000091552734,81.0,0.0521190017461776,60.81999969482422,2.746999979019165,5.412188053131104,492.25
2021-01-12,103.8499984741211,124.75,6.670700073242188,120.47000122070312,1842.9000244140625,99.47000122070312,81.16000366210938,0.052701000124216,60.310001373291016,2.753000020980835,5.48769998550415,517.25
2021-01-13,103.1999969482422,122.70999908447266,6.494200229644775,118.87000274658205,1853.5999755859373,99.16999816894533,81.2699966430664,0.0512829981744289,58.5,2.726999998092652,5.321400165557861,524.5
2021-01-14,104.4000015258789,124.0,6.441800117492676,120.1500015258789,1850.300048828125,98.8000030517578,81.30000305175781,0.0510179996490478,59.09000015258789,2.6659998893737797,5.297500133514404,534.25
2021-01-15,103.9000015258789,120.83999633789062,6.311500072479248,116.6999969482422,1829.300048828125,99.62999725341795,81.48999786376953,0.0500419996678829,57.4900016784668,2.736999988555908,5.195799827575684,531.5
2021-01-19,103.1999969482422,121.05999755859376,6.3927998542785645,116.36000061035156,1839.5,98.66999816894533,81.04000091552734,0.0510499998927116,58.2400016784668,2.5460000038146973,5.2947998046875,526.0
2021-01-20,103.0,120.36000061035156,6.499100208282471,114.86000061035156,1865.9000244140625,98.27999877929688,80.93000030517578,0.0515610016882419,57.7599983215332,2.5390000343322754,5.3566999435424805,522.0
2021-01-21,102.5999984741211,118.80999755859376,6.4070000648498535,112.5,1865.300048828125,97.6500015258789,80.56999969482422,0.0510939992964267,57.83000183105469,2.490999937057495,5.290500164031982,524.25
2021-01-22,101.9000015258789,117.93000030517578,6.506700038909912,112.06999969482422,1855.699951171875,97.25,80.4000015258789,0.0516790002584457,57.63999938964844,2.446000099182129,5.349500179290772,500.5
2021-01-26,102.5999984741211,117.0500030517578,6.634600162506104,110.41999816894533,1850.699951171875,98.16999816894533,80.8499984741211,0.0526719987392425,56.97999954223633,2.6559998989105225,5.465499877929688,532.25
2021-01-27,102.5,116.44000244140624,6.509699821472168,110.80999755859376,1844.9000244140625,98.18000030517578,80.5999984741211,0.0516749992966651,54.90999984741211,2.759999990463257,5.353799819946289,534.0
2021-01-28,103.0,119.54000091552734,6.548399925231934,114.3000030517578,1837.9000244140625,98.3499984741211,80.80000305175781,0.05197000131011,56.150001525878906,2.6640000343322754,5.412600040435791,534.5
2021-01-29,103.8000030517578,115.4499969482422,6.589499950408936,111.1999969482422,1847.300048828125,98.3000030517578,81.19999694824219,0.052131000906229,54.45000076293945,2.563999891281128,5.437989234924316,547.0
2021-02-01,103.5999984741211,117.98999786376952,6.626200199127197,113.4499969482422,1860.800048828125,99.12999725341795,81.58999633789062,0.0521590001881122,55.34999847412109,2.8499999046325684,5.4608001708984375,549.25
2021-02-02,104.5999984741211,118.86000061035156,6.551799774169922,113.81999969482422,1830.5,100.5,82.0,0.0517739988863468,54.34999847412109,2.845000028610229,5.430500030517578,543.0
2021-02-03,104.9000015258789,120.33999633789062,6.459099769592285,114.5999984741211,1832.199951171875,101.0,82.23999786376953,0.0510989986360073,55.59999847412109,2.7890000343322754,5.366899967193604,552.0
2021-02-04,104.6500015258789,119.63999938964844,6.441299915313721,115.12999725341795,1788.9000244140625,100.9000015258789,82.0,0.0509679988026618,55.33000183105469,2.934999942779541,5.352000236511231,550.0
2021-02-05,105.3000030517578,120.8000030517578,6.489099979400635,115.30999755859376,1810.9000244140625,101.1999969482422,82.29000091552734,0.0513929985463619,57.119998931884766,2.86299991607666,5.4257001876831055,548.5
2021-02-08,104.9000015258789,120.26000213623048,6.464399814605713,113.93000030517578,1831.9000244140625,100.19000244140624,81.9800033569336,0.0509629994630813,57.380001068115234,2.881999969482422,5.369200229644775,563.75
2021-02-09,104.1999969482422,119.9800033569336,6.462800025939941,114.8499984741211,1835.300048828125,100.1999969482422,81.81999969482422,0.050985999405384,57.66999816894531,2.8350000381469727,5.364299774169922,556.25
2021-02-10,104.5,118.9499969482422,6.513299942016602,111.9499969482422,1840.5999755859373,99.77999877929688,81.91000366210938,0.0514140017330646,57.88999938964844,2.9110000133514404,5.376699924468994,534.5
2021-02-11,104.6999969482422,119.9000015258789,6.5233001708984375,112.31999969482422,1824.9000244140625,100.77999877929688,81.77999877929688,0.05146199837327,57.72999954223633,2.868000030517578,5.384900093078613,541.0
2021-02-12,104.4000015258789,120.16000366210938,6.5055999755859375,112.27999877929688,1821.5999755859373,100.3000030517578,81.37000274658203,0.0512260012328624,58.0,2.9119999408721924,5.3653998374938965,538.75
2021-02-17,104.3000030517578,120.93000030517578,6.490799903869629,112.5199966430664,1771.0999755859375,99.4800033569336,81.13999938964844,0.0506119988858699,59.02000045776367,3.219000101089477,5.369400024414063,553.0
2021-02-18,104.3499984741211,119.5999984741211,6.512400150299072,110.41999816894533,1773.4000244140625,100.16000366210938,81.75,0.051096998155117,59.619998931884766,3.0820000171661377,5.409800052642822,550.25
2021-02-19,103.6500015258789,118.86000061035156,6.5594000816345215,110.56999969482422,1775.800048828125,99.58000183105467,81.36000061035156,0.0513530001044273,61.0,3.069000005722046,5.42579984664917,542.75
2021-02-22,102.8000030517578,113.1999969482422,6.519100189208984,104.58000183105467,1806.699951171875,98.2300033569336,80.45999908447266,0.0510389991104602,61.02999877929688,2.953000068664551,5.38070011138916,551.0
2021-02-23,102.3000030517578,115.91000366210938,6.645899772644043,108.5,1804.4000244140625,97.63999938964844,80.44999694824219,0.0520350001752376,61.5,2.878999948501587,5.463399887084961,553.75
2021-02-24,101.5999984741211,116.37999725341795,6.608099937438965,107.7699966430664,1796.4000244140625,96.9000015258789,80.01000213623047,0.0516650006175041,62.95000076293945,2.8540000915527344,5.439599990844727,559.25
2021-02-25,101.8000030517578,112.83999633789062,6.575900077819824,105.5999984741211,1774.4000244140625,96.51000213623048,80.0,0.0510089993476867,60.27000045776367,2.7769999504089355,5.402964115142822,554.75
2021-02-26,101.9000015258789,110.23999786376952,6.722599983215332,103.0,1728.0999755859375,96.41999816894533,79.81999969482422,0.0519680008292198,59.95000076293945,2.7709999084472656,5.528025150299072,555.5
2021-03-01,100.9000015258789,110.79000091552734,6.757199764251709,102.0,1722.5,95.86000061035156,79.5999984741211,0.0525580011308193,61.59000015258789,2.7769999504089355,5.597599983215332,547.5
2021-03-02,100.1999969482422,112.22000122070312,6.793399810791016,105.06999969482422,1733.0999755859375,95.66999816894533,79.29000091552734,0.0527810007333755,61.81999969482422,2.83899998664856,5.640699863433838,560.75
2021-03-03,99.6999969482422,111.86000061035156,6.856200218200684,105.1500015258789,1715.300048828125,94.80999755859376,79.0,0.053151000291109,62.0,2.815999984741211,5.675099849700928,550.25
2021-03-04,101.9499969482422,113.23999786376952,6.7677001953125,106.0999984741211,1700.199951171875,97.0,80.06999969482422,0.0524609982967376,61.0,2.746000051498413,5.617499828338623,546.25
2021-03-05,102.75,115.9000015258789,6.780099868774414,108.6999969482422,1698.0,98.0500030517578,80.79000091552734,0.052506998181343,63.54999923706055,2.700999975204468,5.668300151824951,562.0
2021-03-08,102.5999984741211,110.4000015258789,6.778600215911865,103.33000183105467,1677.699951171875,97.47000122070312,80.66000366210938,0.0525219999253749,62.900001525878906,2.6640000343322754,5.689499855041504,565.0
2021-03-09,100.86000061035156,111.9800033569336,6.959099769592285,104.2699966430664,1716.5999755859375,96.69000244140624,79.80999755859375,0.0539259985089302,63.560001373291016,2.6619999408721924,5.874599933624268,562.0
2021-03-10,101.9000015258789,113.4499969482422,6.899899959564209,106.0,1721.5,96.75,80.0,0.0534030012786388,61.459999084472656,2.691999912261963,5.801499843597412,547.75
2021-03-11,102.9000015258789,115.4000015258789,6.761099815368652,107.0500030517578,1722.300048828125,97.23999786376952,80.48999786376953,0.0522949993610382,62.77000045776367,2.6679999828338623,5.67110013961792,555.0
2021-03-12,102.3499984741211,114.5500030517578,6.630300045013428,105.72000122070312,1719.5,96.75,80.25,0.0509839989244937,62.540000915527344,2.5999999046325684,5.534800052642822,549.25
2021-03-15,102.5,115.5199966430664,6.632900238037109,106.87999725341795,1728.9000244140625,97.54000091552734,80.12999725341797,0.0509230010211467,62.20000076293945,2.483999967575073,5.495155811309815,549.5
2021-03-16,102.25,114.4499969482422,6.693600177764893,104.8499984741211,1730.5999755859375,97.25,80.55000305175781,0.0514429993927478,63.65999984741211,2.562000036239624,5.614500045776367,554.25
2021-03-17,102.5,117.1999969482422,6.690100193023682,107.70999908447266,1726.800048828125,97.25,80.44999694824219,0.0515689998865127,64.70999908447266,2.5280001163482666,5.6234002113342285,558.0
2021-03-18,102.6500015258789,115.3000030517578,6.686999797821045,108.08000183105467,1732.199951171875,96.81999969482422,80.36000061035156,0.0512630008161067,64.0,2.4809999465942383,5.583099842071533,546.5
2021-03-19,100.6999969482422,116.62999725341795,6.622700214385986,110.4000015258789,1741.4000244140625,96.0,79.80000305175781,0.0510349981486797,62.43999862670898,2.5350000858306885,5.558700084686279,557.75
2021-03-22,100.5500030517578,115.37000274658205,6.5304999351501465,109.81999969482422,1737.800048828125,94.75,79.30000305175781,0.0504459999501705,61.77000045776367,2.5820000171661377,5.493563175201416,549.0
2021-03-23,99.9499969482422,113.9499969482422,6.566699981689453,108.61000061035156,1724.699951171875,94.91999816894533,79.25,0.0505999997258186,60.27999877929688,2.507999897003174,5.505499839782715,551.25
2021-03-24,99.0500030517578,112.6999969482422,6.533100128173828,106.5999984741211,1732.9000244140625,94.25,78.86000061035156,0.0508689992129802,61.11000061035156,2.5179998874664307,5.520400047302246,553.25
2021-03-25,99.1500015258789,114.0500030517578,6.637599945068359,108.5,1724.9000244140625,94.6999969482422,79.0,0.0516630001366138,61.18999862670898,2.569999933242798,5.61959981918335,546.5
2021-03-26,99.75,115.4499969482422,6.648799896240234,108.2699966430664,1732.199951171875,95.18000030517578,79.2300033569336,0.0517310015857219,63.0,2.556999921798706,5.648399829864502,552.5
2021-03-29,99.5,115.86000061035156,6.786799907684326,108.5999984741211,1712.0999755859375,94.3499984741211,79.19999694824219,0.0523950010538101,63.59999847412109,2.5859999656677246,5.752399921417236,546.75
2021-03-30,99.9000015258789,117.30999755859376,6.8007001876831055,110.2699966430664,1683.9000244140625,95.1500015258789,79.45999908447266,0.0526279993355274,64.0,2.622999906539917,5.780799865722656,539.25
2021-03-31,100.0,117.05999755859376,6.763400077819824,109.48999786376952,1713.800048828125,95.16000366210938,79.44000244140625,0.0523039996623992,63.29999923706055,2.6080000400543213,5.771599769592285,564.25
2021-04-01,100.4000015258789,115.63999938964844,6.602399826049805,107.0,1726.5,95.5,79.56999969482422,0.050840001553297,62.93000030517578,2.638999938964844,5.63129997253418,559.75
2021-04-05,99.8000030517578,118.0199966430664,6.718999862670898,108.66000366210938,1727.0,94.83999633789062,79.54000091552734,0.0516000017523765,64.44000244140625,2.510999917984009,5.710599899291992,553.25
2021-04-06,99.9000015258789,118.22000122070312,6.700900077819824,108.29000091552734,1741.5,94.83000183105467,79.3499984741211,0.0514039993286132,65.5,2.4560000896453857,5.662700176239014,554.25
2021-04-07,99.4000015258789,118.25,6.6458001136779785,107.91000366210938,1740.0999755859375,94.75,79.2300033569336,0.0509489998221397,66.5,2.5199999809265137,5.593200206756592,560.5
2021-04-08,101.1500015258789,118.76000213623048,6.660699844360352,108.5,1756.800048828125,96.13999938964844,79.86000061035156,0.0510889999568462,66.63999938964844,2.5220000743865967,5.612100124359131,579.75
2021-04-09,101.1500015258789,118.08000183105467,6.63129997253418,108.22000122070312,1743.300048828125,93.9800033569336,79.45999908447266,0.050925001502037,67.56999969482422,2.526000022888184,5.566599845886231,577.25
2021-04-12,101.1500015258789,119.30999755859376,6.757599830627441,110.0,1731.199951171875,95.44000244140624,79.4000015258789,0.0517579987645149,68.05999755859375,2.561000108718872,5.679299831390381,569.0
2021-04-13,99.9000015258789,119.73999786376952,6.826399803161621,109.5999984741211,1746.199951171875,94.79000091552734,79.16999816894531,0.0524090006947517,68.9000015258789,2.61899995803833,5.732200145721436,580.0
2021-04-14,99.8499984741211,120.87999725341795,6.831799983978272,110.3000030517578,1734.9000244140625,94.37000274658205,79.11000061035156,0.0524809993803501,70.01000213623047,2.618000030517578,5.716300010681152,594.0
2021-04-15,100.0,121.0500030517578,6.771900177001953,109.9000015258789,1765.4000244140625,95.5,79.41000366210938,0.0519209988415241,70.55999755859375,2.657999992370605,5.652900218963623,590.0
2021-04-16,100.5999984741211,121.77999877929688,6.718599796295166,110.68000030517578,1779.0,95.7699966430664,79.75,0.0516460016369819,70.9000015258789,2.680000066757202,5.614999771118164,585.5
2021-04-19,100.8499984741211,121.41999816894533,6.692399978637695,109.5,1769.4000244140625,96.13999938964844,79.86000061035156,0.0513739995658397,71.55000305175781,2.749000072479248,5.5858001708984375,592.0
2021-04-20,99.9000015258789,120.47000122070312,6.6757001876831055,108.5999984741211,1777.300048828125,95.06999969482422,80.30000305175781,0.0512959994375705,70.63999938964844,2.726999998092652,5.545300006866455,606.5
2021-04-22,101.0,119.87000274658205,6.699999809265137,108.0999984741211,1781.199951171875,96.0,80.80000305175781,0.0515419989824295,71.69999694824219,2.749000072479248,5.56790018081665,650.5
2021-04-23,101.0,121.0999984741211,6.537399768829346,110.6999969482422,1777.0,96.4000015258789,81.05000305175781,0.0504110008478164,71.52999877929688,2.7300000190734863,5.44320011138916,655.5
2021-04-26,101.0,121.23999786376952,6.6209001541137695,110.56999969482422,1779.199951171875,95.91000366210938,81.01000213623047,0.0507679991424083,72.86000061035156,2.789999961853028,5.477200031280518,680.5
2021-04-27,101.0,120.0199966430664,6.564300060272217,109.94000244140624,1778.0,96.02999877929688,80.9800033569336,0.0502320006489753,72.80000305175781,2.872999906539917,5.435299873352051,695.5
2021-04-28,101.3000030517578,121.68000030517578,6.587900161743164,113.25,1773.199951171875,96.5199966430664,80.98999786376953,0.0501229986548423,72.30000305175781,2.924999952316284,5.451000213623047,686.25
2021-04-29,101.5,120.63999938964844,6.479400157928467,111.12000274658205,1768.0999755859375,96.5999984741211,80.9800033569336,0.0492260009050369,72.3499984741211,2.9110000133514404,5.341400146484375,702.0
2021-04-30,100.6999969482422,119.30999755859376,6.467899799346924,110.7300033569336,1767.300048828125,96.12999725341795,80.93000030517578,0.0490100011229515,71.44999694824219,2.930999994277954,5.336400032043457,740.0
2021-05-03,100.75,119.66999816894533,6.531099796295166,112.0,1791.4000244140625,95.68000030517578,80.75,0.0497730001807212,69.51000213623047,2.9660000801086426,5.439700126647949,732.25
2021-05-04,99.6500015258789,118.41999816894533,6.555300235748291,109.1500015258789,1775.800048828125,95.19000244140624,80.38999938964844,0.0498480014503002,70.0,2.9670000076293945,5.43809986114502,744.75
2021-05-05,100.1500015258789,120.2699966430664,6.536799907684326,110.4000015258789,1784.0999755859375,95.0999984741211,80.5199966430664,0.049780998378992,71.48999786376953,2.937999963760376,5.442599773406982,753.25
2021-05-06,99.6999969482422,120.4499969482422,6.423699855804443,110.31999969482422,1815.5,95.0,80.48999786376953,0.0489929988980293,72.58999633789062,2.927999973297119,5.352700233459473,759.5
2021-05-07,100.4000015258789,122.6999969482422,6.362500190734863,112.06999969482422,1831.0999755859373,95.33000183105467,80.68000030517578,0.0483600012958049,73.44999694824219,2.9579999446868896,5.273430824279785,772.75
2021-05-10,100.3499984741211,122.4000015258789,6.365300178527832,112.8499984741211,1837.5,95.3000030517578,80.55999755859375,0.0482550002634525,73.5999984741211,2.931999921798706,5.235499858856201,748.0
2021-05-11,101.5999984741211,123.4000015258789,6.3383002281188965,112.8499984741211,1835.9000244140625,96.33000183105467,80.66000366210938,0.0479869991540908,74.6500015258789,2.9549999237060547,5.2221999168396,759.5
2021-05-12,100.4000015258789,120.1999969482422,6.340000152587891,110.04000091552734,1822.5999755859373,95.70999908447266,80.48999786376953,0.0480230003595352,73.1500015258789,2.969000101089477,5.221199989318848,757.5
2021-05-13,100.75,121.12999725341795,6.40339994430542,112.44000244140624,1823.800048828125,96.12000274658205,80.37000274658203,0.0483589991927146,71.29000091552734,2.9730000495910645,5.303100109100342,719.0
2021-05-14,100.9000015258789,122.5500030517578,6.407400131225586,113.91999816894533,1837.9000244140625,96.5,80.62999725341797,0.0484660007059574,69.55999755859375,2.9609999656677246,5.307700157165527,685.0
2021-05-17,101.6999969482422,123.44000244140624,6.39870023727417,114.0,1867.5,96.7699966430664,80.66000366210938,0.0481630004942417,71.4800033569336,3.108999967575073,5.269499778747559,652.5
2021-05-18,100.75,123.43000030517578,6.406300067901611,114.3000030517578,1867.800048828125,96.9000015258789,80.55999755859375,0.048259999603033,71.86000061035156,3.01200008392334,5.271500110626221,658.25
2021-05-19,100.25,123.23999786376952,6.426300048828125,113.5500030517578,1881.300048828125,96.19000244140624,80.3499984741211,0.048310000449419,71.0999984741211,2.96399998664856,5.259500026702881,658.25
2021-05-20,101.1500015258789,123.1500015258789,6.457699775695801,115.6999969482422,1881.800048828125,96.9000015258789,80.55000305175781,0.0485699996352195,69.30000305175781,2.924999952316284,5.308000087738037,664.5
2021-05-21,101.25,123.29000091552734,6.454699993133545,115.6500015258789,1876.699951171875,96.93000030517578,80.75,0.0485260002315044,69.12999725341797,2.9059998989105225,5.281300067901611,659.5
2021-05-24,101.1500015258789,124.66999816894533,6.52899980545044,117.86000061035156,1884.5999755859373,96.5,80.61000061035156,0.0492260009050369,69.0,2.885999917984009,5.361800193786621,657.25
2021-05-25,101.1500015258789,123.68000030517578,6.49429988861084,116.0999984741211,1898.0999755859373,96.87000274658205,80.91000366210938,0.0488569997251033,67.5,2.9130001068115234,5.31850004196167,620.25
2021-05-26,101.0,124.5,6.526700019836426,117.25,1901.300048828125,97.0500030517578,80.87000274658203,0.0489929988980293,68.0999984741211,2.983999967575073,5.330699920654297,624.5
2021-05-27,101.9000015258789,125.05999755859376,6.471700191497803,117.3499984741211,1895.699951171875,97.4499969482422,81.19000244140625,0.0486439988017082,68.97000122070312,2.9579999446868896,5.310500144958496,664.5
2021-05-28,101.76000213623048,126.26000213623048,6.383900165557861,118.5,1902.5,98.01000213623048,81.16000366210938,0.0476970002055168,68.19000244140625,2.986000061035156,5.2382001876831055,656.75
2021-06-01,102.5,128.8000030517578,6.379300117492676,120.8000030517578,1902.9000244140625,98.30999755859376,81.68000030517578,0.0476440005004406,69.38999938964844,3.1040000915527344,5.216599941253662,688.75
2021-06-02,103.3000030517578,130.2100067138672,6.289299964904785,121.04000091552734,1907.5,98.91999816894533,81.94000244140625,0.0470310002565383,69.22000122070312,3.075000047683716,5.149700164794922,675.0
2021-06-04,104.5500030517578,130.61000061035156,6.155600070953369,123.51000213623048,1889.800048828125,99.9800033569336,82.58999633789062,0.046034000813961,68.4000015258789,3.0969998836517334,5.076300144195557,682.75
2021-06-07,103.6999969482422,131.27999877929688,6.1407999992370605,124.0500030517578,1896.800048828125,99.72000122070312,82.12000274658203,0.0460230000317096,68.0999984741211,3.069999933242798,5.044600009918213,679.25
2021-06-08,104.4000015258789,130.2899932861328,6.14900016784668,122.3000030517578,1892.199951171875,99.94000244140624,81.86000061035156,0.0461690016090869,67.05999755859375,3.128000020980835,5.045199871063232,680.0
2021-06-09,104.5999984741211,130.3800048828125,6.126399993896484,123.2699966430664,1893.199951171875,99.83000183105467,81.48999786376953,0.0459959991276264,67.83999633789062,3.128999948501587,5.034900188446045,690.75
2021-06-10,104.3000030517578,130.75,6.162300109863281,123.01000213623048,1894.199951171875,99.70999908447266,81.0999984741211,0.0461709983646869,68.19999694824219,3.1489999294281006,5.061500072479248,699.0
2021-06-11,103.87000274658205,130.13999938964844,6.150899887084961,122.0,1877.4000244140625,99.48999786376952,81.0999984741211,0.0462110005319118,68.9000015258789,3.2960000038146973,5.054500102996826,684.5
2021-06-14,103.9499969482422,130.6999969482422,6.190800189971924,122.16000366210938,1864.0,99.87000274658205,81.25,0.0466389991343021,68.1500015258789,3.351999998092652,5.117000102996826,659.25
2021-06-15,103.8499984741211,130.75,6.1305999755859375,122.94000244140624,1854.5,99.55999755859376,80.94000244140625,0.0459709987044334,67.37999725341797,3.240000009536743,5.058599948883057,667.5
2021-06-16,103.4000015258789,129.8699951171875,6.113699913024902,124.56999969482422,1859.5,99.87999725341795,81.0,0.0458189994096756,65.4000015258789,3.250999927520752,5.043799877166748,673.0
2021-06-17,103.1500015258789,128.58999633789062,6.058199882507324,124.12999725341795,1773.800048828125,98.9000015258789,80.75,0.0456219986081123,63.459999084472656,3.253000020980835,5.054299831390381,633.0
2021-06-18,101.3499984741211,128.8000030517578,5.963600158691406,123.12999725341795,1767.9000244140625,97.0999984741211,79.62000274658203,0.0454000011086463,64.79000091552734,3.2149999141693115,5.007400035858154,655.25
2021-06-21,102.4000015258789,129.91000366210938,6.0345001220703125,122.5,1781.800048828125,98.0,80.0,0.0462439991533756,66.19000244140625,3.190999984741211,5.0960001945495605,659.25
2021-06-22,102.1500015258789,129.4600067138672,5.969799995422363,121.4000015258789,1776.300048828125,97.47000122070312,79.72000122070312,0.0454190000891685,66.37000274658203,3.257999897003174,5.0131001472473145,659.75
2021-06-23,102.1500015258789,129.10000610351562,5.9156999588012695,121.95999908447266,1782.300048828125,98.23999786376952,79.80000305175781,0.0447990000247955,66.83000183105469,3.3329999446868896,4.957099914550781,664.25
2021-06-24,102.6999969482422,130.0500030517578,5.921500205993652,120.9800033569336,1775.5999755859375,98.87999725341795,80.1500015258789,0.0447309985756874,67.88999938964844,3.4179999828338623,4.965199947357178,653.25
2021-06-25,102.8499984741211,127.9800033569336,5.859000205993652,118.1999969482422,1776.5999755859375,98.91000366210938,80.18000030517578,0.0442890003323555,67.41999816894531,3.496000051498413,4.912700176239014,636.5
2021-06-28,102.75,127.91999816894533,5.8460001945495605,118.3000030517578,1779.5999755859375,98.9000015258789,80.05999755859375,0.0443489998579025,67.69999694824219,3.617000102996826,4.91540002822876,675.5
2021-06-29,103.0,127.86000061035156,5.872200012207031,118.62999725341795,1762.800048828125,98.98999786376952,80.06999969482422,0.0445250011980533,68.66000366210938,3.630000114440918,4.924799919128418,694.5
2021-06-30,102.4000015258789,127.4800033569336,5.894999980926514,118.0,1770.800048828125,98.3000030517578,80.1500015258789,0.0448260009288787,68.27999877929688,3.650000095367432,4.955100059509277,720.0
2021-07-01,102.4499969482422,126.31999969482422,5.888999938964844,116.5,1775.9000244140625,98.87999725341795,80.5,0.0447140000760555,68.0,3.66100001335144,4.969200134277344,719.75
2021-07-02,103.1999969482422,128.10000610351562,5.976399898529053,117.3000030517578,1782.5999755859375,99.25,80.68000030517578,0.0452179983258247,68.69000244140625,3.700000047683716,5.045102119445801,697.25
2021-07-06,103.0500030517578,125.7699966430664,6.035600185394287,115.4499969482422,1793.5,98.69000244140624,80.83999633789062,0.0458690002560615,68.30999755859375,3.63700008392334,5.088459014892578,656.0
2021-07-07,103.4499969482422,127.5999984741211,6.140399932861328,116.5,1801.5,98.51000213623048,81.0,0.0469710007309913,69.19999694824219,3.595999956130981,5.195300102233887,652.5
2021-07-08,103.4499969482422,125.91999816894533,6.167699813842773,115.2300033569336,1799.5999755859375,99.0,80.75,0.0472830012440681,68.8499984741211,3.687999963760376,5.231200218200684,638.0
2021-07-12,103.5999984741211,128.14999389648438,6.211299896240234,117.9000015258789,1805.5,99.0,80.9000015258789,0.0477130003273487,70.0,3.749000072479248,5.257900238037109,669.25
2021-07-13,102.9000015258789,128.86000061035156,6.135300159454346,118.4000015258789,1809.4000244140625,98.58999633789062,80.76000213623047,0.046884000301361,70.05000305175781,3.696000099182129,5.172699928283691,677.0
2021-07-14,103.0,129.16000366210938,6.077099800109863,119.37000274658205,1824.300048828125,99.2699966430664,81.0,0.0466770008206367,69.30000305175781,3.660000085830689,5.162399768829346,683.0
2021-07-15,103.4000015258789,128.02999877929688,5.997700214385986,118.6999969482422,1828.4000244140625,99.1999969482422,81.18000030517578,0.0460910014808177,69.31999969482422,3.614000082015991,5.069900035858154,564.25
2021-07-16,103.9800033569336,126.62999725341795,6.033699989318848,116.56999969482422,1814.5,99.9000015258789,81.4800033569336,0.0465460009872913,67.56999969482422,3.674000024795532,5.110000133514404,556.0
2021-07-19,104.0,125.0199966430664,6.035299777984619,115.52999877929688,1808.699951171875,100.0,81.56999969482422,0.0465539991855621,66.86000061035156,3.7790000438690186,5.1153998374938965,556.0
2021-07-20,104.75,126.1500015258789,6.190100193023682,116.9000015258789,1810.9000244140625,100.0999984741211,81.6500015258789,0.0479319989681243,67.76000213623047,3.875999927520752,5.250899791717529,571.75
2021-07-21,104.3000030517578,126.5,6.14739990234375,116.7300033569336,1802.9000244140625,100.19000244140624,81.6500015258789,0.0474880002439022,68.51000213623047,3.9590001106262207,5.219900131225586,571.75
2021-07-22,104.4000015258789,126.7699966430664,6.114299774169922,116.3000030517578,1805.0,99.8000030517578,81.52999877929688,0.0470370016992092,68.47000122070312,4.002999782562256,5.187300205230713,564.5
2021-07-23,103.6999969482422,125.7300033569336,6.11899995803833,115.52999877929688,1801.4000244140625,99.75,81.5199966430664,0.0472079999744892,68.12000274658203,4.059999942779541,5.1996002197265625,547.25
2021-07-26,103.8000030517578,126.6999969482422,6.093599796295166,116.5,1798.699951171875,99.9800033569336,81.30999755859375,0.0470159985125064,69.94999694824219,4.102000236511231,5.19789981842041,549.75
2021-07-27,102.8000030517578,125.27999877929688,6.107399940490723,115.9499969482422,1799.5,99.0,81.27999877929688,0.0468790009617805,68.31999969482422,3.970999956130981,5.1753997802734375,548.75
2021-07-28,103.1999969482422,126.9000015258789,6.106900215148926,116.5500030517578,1799.5,99.04000091552734,81.0,0.0470740012824535,68.73999786376953,4.044000148773193,5.169099807739258,549.25
2021-07-29,103.0999984741211,126.19000244140624,6.056600093841553,116.4499969482422,1831.199951171875,99.20999908447266,81.36000061035156,0.046544998884201,69.2300033569336,4.059000015258789,5.114799976348877,558.0
2021-07-30,102.0,122.45999908447266,6.038700103759766,113.5,1812.5999755859373,97.87000274658205,80.66000366210938,0.0464319996535778,67.08999633789062,3.9140000343322754,5.080399990081787,547.0
2021-08-02,102.5999984741211,123.0999984741211,6.184100151062012,114.55999755859376,1818.0999755859373,98.2300033569336,80.80999755859375,0.0474749989807605,66.95999908447266,3.934999942779541,5.208700180053711,558.75
2021-08-03,103.0,124.2699966430664,6.1417999267578125,115.7699966430664,1810.0999755859373,98.4499969482422,80.58999633789062,0.0473559983074665,67.87999725341797,4.026999950408936,5.174600124359131,550.5
2021-08-04,103.0,122.33000183105467,6.165999889373779,112.9000015258789,1810.5,97.83000183105467,81.16999816894531,0.0476789996027946,68.37000274658203,4.1579999923706055,5.196800231933594,545.75
2021-08-05,101.16999816894533,122.3499984741211,6.116000175476074,112.4000015258789,1805.0999755859373,97.43000030517578,80.0199966430664,0.0471960008144378,66.62999725341797,4.139999866485596,5.1682000160217285,555.75
2021-08-06,101.5999984741211,123.5199966430664,6.204699993133545,114.98999786376952,1760.0,97.1999969482422,80.22000122070312,0.0477860011160373,66.86000061035156,4.139999866485596,5.245200157165527,555.0
2021-08-09,100.8000030517578,123.5199966430664,6.168600082397461,115.45999908447266,1723.4000244140625,97.1999969482422,80.06999969482422,0.0474859997630119,67.45999908447266,4.059999942779541,5.23199987411499,550.25
2021-08-10,100.5999984741211,122.86000061035156,6.138800144195557,114.0,1728.800048828125,96.8000030517578,80.05000305175781,0.0474260002374649,67.83000183105469,4.089000225067139,5.231800079345703,549.25
2021-08-11,100.1999969482422,122.58999633789062,6.078499794006348,113.4499969482422,1750.4000244140625,96.5,80.05999755859375,0.046909999102354,68.0,4.059000015258789,5.188300132751465,556.25
2021-08-12,99.6999969482422,121.1500015258789,6.125100135803223,109.87999725341795,1749.0,96.0,79.93000030517578,0.0472819991409778,67.31999969482422,3.933000087738037,5.218200206756592,567.0
2021-08-13,98.6999969482422,121.81999969482422,6.161799907684326,110.75,1775.199951171875,94.81999969482422,79.30999755859375,0.0475709997117519,67.1500015258789,3.861000061035156,5.252200126647949,568.25
2021-08-16,97.9000015258789,119.88999938964844,6.183599948883057,108.68000030517578,1786.9000244140625,94.0,78.62999725341797,0.0478679984807968,66.44000244140625,3.946000099182129,5.247499942779541,564.75
2021-08-17,98.5999984741211,118.41999816894533,6.192800045013428,107.62000274658205,1785.0,93.66999816894533,79.0,0.0481170006096363,65.08000183105469,3.836999893188477,5.259699821472168,558.25
2021-08-18,98.5999984741211,117.3499984741211,6.196899890899658,107.62000274658205,1781.5999755859375,93.04000091552734,78.37000274658203,0.0483170002698898,63.66999816894531,3.8519999980926514,5.294300079345703,561.75
2021-08-19,97.5,117.75,6.294600009918213,108.41000366210938,1780.199951171875,93.0999984741211,78.45999908447266,0.0489679984748363,62.0,3.829999923706055,5.378600120544434,550.0
2021-08-20,98.3000030517578,118.70999908447266,6.3190999031066895,108.4000015258789,1781.0,94.1999969482422,79.30000305175781,0.0493220016360282,62.34000015258789,3.8510000705718994,5.414100170135498,538.75
2021-08-23,97.8000030517578,117.8499984741211,6.286600112915039,108.56999969482422,1803.199951171875,94.08999633789062,79.19999694824219,0.0489760003983974,62.400001525878906,3.944999933242798,5.379000186920166,538.0
2021-08-24,98.9000015258789,120.91999816894533,6.316299915313721,110.8000030517578,1805.5999755859373,95.23999786376952,79.4000015258789,0.0490510016679763,64.66999816894531,3.8959999084472656,5.379899978637695,544.5
2021-08-25,99.5999984741211,121.3000030517578,6.1631999015808105,110.16999816894533,1788.199951171875,95.8000030517578,80.19999694824219,0.0478059984743595,65.2699966430664,3.8970000743865967,5.245800018310547,551.25
2021-08-26,100.18000030517578,119.22000122070312,6.132900238037109,108.69000244140624,1792.199951171875,96.52999877929688,80.43000030517578,0.0473669990897178,64.41999816894531,4.184000015258789,5.210999965667725,552.75
2021-08-27,100.87999725341795,121.37999725341795,6.171999931335449,111.25,1816.5999755859373,96.6500015258789,80.69999694824219,0.0477170012891292,65.4000015258789,4.369999885559082,5.251599788665772,558.0
2021-08-30,100.6500015258789,120.3000030517578,6.130199909210205,109.5199966430664,1809.0,96.87999725341795,80.61000061035156,0.0473570004105567,65.12000274658203,4.304999828338623,5.2027997970581055,540.25
2021-08-31,99.62999725341795,119.2300033569336,6.1118998527526855,110.11000061035156,1815.0,95.5,79.75,0.0471340008080005,64.25,4.376999855041504,5.182899951934815,534.0
2021-09-01,99.62000274658205,119.88999938964844,6.079899787902832,110.93000030517578,1813.0999755859373,95.5,78.80000305175781,0.0467859990894794,64.33999633789062,4.614999771118164,5.1493000984191895,515.5
2021-09-02,99.1999969482422,117.1500015258789,6.137199878692627,107.31999969482422,1808.699951171875,95.0,79.80000305175781,0.047104999423027,63.7400016784668,4.640999794006348,5.184599876403809,516.25
2021-09-03,99.66999816894533,117.16999816894533,6.150000095367432,106.37000274658205,1830.9000244140625,94.5,79.80999755859375,0.04712999984622,63.70000076293945,4.711999893188477,5.18179988861084,508.0
2021-09-08,98.1999969482422,114.0500030517578,6.119800090789795,102.4000015258789,1790.699951171875,94.5,79.56999969482422,0.0468700006604194,62.40999984741211,4.914000034332275,5.169600009918213,498.25
2021-09-09,97.9499969482422,116.05999755859376,6.286099910736084,104.5,1797.4000244140625,94.0999984741211,79.58999633789062,0.0482629984617233,62.52999877929688,5.031000137329102,5.3206000328063965,496.0
2021-09-10,99.4499969482422,114.72000122070312,6.142600059509277,104.33999633789062,1789.5999755859375,95.19000244140624,80.0,0.0473360009491443,62.5,4.938000202178955,5.196499824523926,502.75
2021-09-13,99.8499984741211,117.1999969482422,6.1946001052856445,105.47000122070312,1792.0,95.52999877929688,80.0999984741211,0.0477319993078708,62.650001525878906,5.230999946594238,5.247000217437744,496.75
2021-09-14,100.0999984741211,116.83000183105467,6.154600143432617,105.29000091552734,1804.699951171875,95.43000030517578,80.5,0.0473949983716011,62.45000076293945,5.260000228881836,5.213200092315674,503.0
2021-09-15,99.8000030517578,115.83000183105467,6.180600166320801,104.52999877929688,1792.4000244140625,95.4000015258789,80.19000244140625,0.047749001532793,61.900001525878906,5.460000038146973,5.238900184631348,533.5
2021-09-16,100.75,114.4000015258789,6.16949987411499,104.4499969482422,1754.5999755859375,96.0,80.54000091552734,0.0477479994297027,59.13999938964844,5.335000038146973,5.221700191497803,529.5
2021-09-17,99.3499984741211,112.0,6.180399894714356,101.98999786376952,1749.4000244140625,95.8499984741211,80.30000305175781,0.0478839986026287,56.650001525878906,5.105000019073486,5.256800174713135,527.25
2021-09-20,99.4000015258789,109.48999786376952,6.198200225830078,98.8000030517578,1761.800048828125,94.8499984741211,80.05000305175781,0.0480949990451335,54.90999984741211,4.985000133514404,5.289700031280518,521.75
2021-09-21,99.9499969482422,110.6999969482422,6.240699768066406,99.75,1776.0,96.0199966430664,80.31999969482422,0.0486349985003471,54.83000183105469,4.804999828338623,5.323200225830078,517.0
2021-09-22,99.6500015258789,112.72000122070312,6.174799919128418,103.6999969482422,1776.699951171875,95.12000274658205,80.4000015258789,0.0482770018279552,56.720001220703125,4.804999828338623,5.268899917602539,525.5
2021-09-23,99.75,114.70999908447266,6.178299903869629,103.29000091552734,1747.699951171875,95.0199966430664,80.18000030517578,0.0481449998915195,58.31999969482422,4.97599983215332,5.287700176239014,529.25
2021-09-24,98.97000122070312,113.91999816894533,6.2230000495910645,102.7300033569336,1749.699951171875,95.30999755859376,79.93000030517578,0.0480539985001087,57.880001068115234,5.139999866485596,5.3018999099731445,526.75
2021-09-27,98.97000122070312,113.95999908447266,6.2469000816345215,103.5999984741211,1750.0,95.26000213623048,79.9000015258789,0.0481880009174346,58.31999969482422,5.705999851226807,5.336999893188477,539.5
2021-09-28,98.97000122070312,110.58999633789062,6.302199840545654,100.25,1735.800048828125,94.94000244140624,79.91999816894531,0.0485729984939098,55.619998931884766,5.841000080108643,5.390399932861328,532.5
2021-09-29,98.97000122070312,111.5999984741211,6.340499877929688,101.0,1721.5,94.29000091552734,80.05000305175781,0.0486630015075206,56.630001068115234,5.477000236511231,5.427599906921387,539.0
2021-09-30,98.97000122070312,111.4000015258789,6.278500080108643,100.75,1755.300048828125,94.81999969482422,80.13999938964844,0.0483600012958049,57.959999084472656,5.867000102996826,5.414299964904785,536.75
2021-10-01,98.73999786376952,113.31999969482422,6.296299934387207,103.16999816894533,1757.0,94.77999877929688,80.0999984741211,0.0488220006227493,57.720001220703125,5.61899995803833,5.441699981689453,541.5
2021-10-04,99.55999755859376,111.08000183105467,6.216000080108643,99.18000030517578,1766.199951171875,94.77999877929688,80.30999755859375,0.0483799986541271,56.75,5.765999794006348,5.367899894714356,540.75
2021-10-05,99.55999755859376,110.9000015258789,6.333399772644043,100.5500030517578,1759.5999755859375,94.77999877929688,79.80000305175781,0.0491360016167163,56.5,6.311999797821045,5.453199863433838,537.5
2021-10-06,99.55999755859376,111.18000030517578,6.347400188446045,100.4000015258789,1760.5,95.0,80.19999694824219,0.0491140000522136,56.09999847412109,5.675000190734863,5.475500106811523,532.25
2021-10-07,99.55999755859376,111.05999755859376,6.343400001525879,100.0,1757.9000244140625,94.8000030517578,79.87999725341797,0.049295999109745,56.2599983215332,5.677000045776367,5.491899967193604,534.0
2021-10-08,99.52999877929688,113.52999877929688,6.37529993057251,102.08000183105467,1756.300048828125,95.1999969482422,80.51000213623047,0.0494030006229877,57.0,5.565000057220459,5.517000198364258,530.5
2021-10-11,99.52999877929688,112.68000030517578,6.372799873352051,99.0500030517578,1754.5999755859375,94.6999969482422,80.23999786376953,0.0490369983017444,57.650001525878906,5.34499979019165,5.506899833679199,533.0
2021-10-13,99.52999877929688,114.0,6.376100063323975,101.0500030517578,1793.699951171875,94.0500030517578,80.12000274658203,0.0487190000712871,57.45000076293945,5.590000152587891,5.531499862670898,512.25
2021-10-14,99.52999877929688,113.8499984741211,6.390100002288818,100.6999969482422,1796.699951171875,94.06999969482422,79.98999786376953,0.0486599989235401,57.400001525878906,5.686999797821045,5.512499809265137,516.75
2021-10-15,98.7699966430664,115.11000061035156,6.387400150299072,104.12000274658205,1767.199951171875,94.29000091552734,79.91999816894531,0.0484229996800422,58.25,5.409999847412109,5.512199878692627,525.75
2021-10-18,98.0,114.95999908447266,6.332300186157227,104.48999786376952,1764.800048828125,93.98999786376952,79.54000091552734,0.0477430000901222,57.54999923706055,4.988999843597412,5.458399772644043,532.75
2021-10-19,96.62999725341795,111.6500015258789,6.3983001708984375,100.5,1769.699951171875,92.6500015258789,77.0,0.048225000500679,56.2599983215332,5.0879998207092285,5.511300086975098,530.25
2021-10-20,96.62999725341795,111.5999984741211,6.492899894714356,105.41999816894533,1784.0999755859375,93.0999984741211,79.0,0.0487429983913898,55.65999984741211,5.170000076293945,5.5833001136779785,539.25
2021-10-21,94.81999969482422,108.41999816894533,6.520400047302246,100.6500015258789,1781.199951171875,91.0,78.4000015258789,0.0489379987120628,54.5,5.114999771118164,5.59630012512207,532.25
2021-10-22,94.73999786376952,106.83000183105467,6.57420015335083,97.5,1795.5,93.08000183105467,78.19999694824219,0.0497040003538131,56.0,5.28000020980835,5.657800197601318,538.0
2021-10-25,94.73999786376952,109.29000091552734,6.5782999992370605,99.5999984741211,1806.0,91.7300033569336,78.33000183105469,0.0496979989111423,56.84000015258789,5.8979997634887695,5.649199962615967,538.0
2021-10-26,94.0,106.9000015258789,6.445300102233887,97.1500015258789,1792.699951171875,90.04000091552734,77.7699966430664,0.048820998519659,55.70000076293945,5.881999969482422,5.554399967193604,543.5
2021-10-27,94.83999633789062,107.04000091552734,6.451000213623047,97.1999969482422,1797.9000244140625,90.41999816894533,77.7699966430664,0.0487370006740093,54.79999923706055,6.202000141143799,5.564799785614014,557.25
2021-10-28,93.75,105.18000030517578,6.418399810791016,96.8000030517578,1801.5999755859373,90.33999633789062,77.76000213623047,0.0486479997634887,54.59999847412109,5.7820000648498535,5.534999847412109,562.75
2021-10-29,93.93000030517578,104.1999969482422,6.5929999351501465,95.3499984741211,1783.0,91.08000183105467,77.66000366210938,0.0496990010142326,52.79999923706055,5.426000118255615,5.644899845123291,568.25
2021-11-01,94.98999786376952,106.04000091552734,6.514900207519531,97.5500030517578,1795.0999755859375,90.94000244140624,77.76000213623047,0.0494280010461807,53.209999084472656,5.185999870300293,5.633699893951416,579.0
2021-11-03,95.63999938964844,107.0,6.572299957275391,98.5,1763.5999755859375,92.37000274658205,79.0,0.0498259998857975,51.68999862670898,5.670000076293945,5.678599834442139,564.0
2021-11-04,97.33999633789062,104.0500030517578,6.447500228881836,95.0999984741211,1793.0,92.91999816894533,78.4800033569336,0.0486809983849525,50.959999084472656,5.716000080108643,5.5524001121521,559.25
2021-11-05,97.33999633789062,105.23999786376952,6.469900131225586,96.88999938964844,1816.4000244140625,92.58000183105467,78.98999786376953,0.0492019988596439,50.400001525878906,5.515999794006348,5.6016998291015625,553.0
2021-11-08,97.33999633789062,105.20999908447266,6.408199787139893,95.66000366210938,1827.4000244140625,91.6999969482422,78.45999908447266,0.0488339997828006,51.88999938964844,5.427000045776367,5.541100025177002,551.5
2021-11-09,97.33999633789062,105.9499969482422,6.420700073242188,95.6500015258789,1830.199951171875,92.5,78.8499984741211,0.0489410012960433,51.40999984741211,4.979000091552734,5.543099880218506,554.75
2021-11-10,97.33999633789062,106.6500015258789,6.349899768829346,98.4499969482422,1847.5999755859373,93.68000030517578,78.48999786376953,0.0485300011932849,50.59999847412109,4.880000114440918,5.479100227355957,569.25
2021-11-11,97.33999633789062,108.04000091552734,6.303299903869629,99.4499969482422,1863.199951171875,93.66000366210938,78.9000015258789,0.0482110008597373,53.0,5.14900016784668,5.4899001121521,569.5
2021-11-12,97.0199966430664,106.7699966430664,6.176599979400635,98.5,1867.9000244140625,93.87000274658205,79.16000366210938,0.0473310016095638,53.5,4.790999889373779,5.3979997634887695,577.25
2021-11-16,97.0199966430664,104.83999633789062,6.198500156402588,97.0199966430664,1853.5999755859373,93.0,78.44999694824219,0.0477969981729984,52.90999984741211,5.177000045776367,5.456299781799316,571.0
2021-11-17,97.1999969482422,103.7699966430664,6.224100112915039,96.33999633789062,1869.699951171875,93.52999877929688,78.98999786376953,0.0478890016674995,52.150001525878906,4.815999984741211,5.502200126647949,575.25
2021-11-18,97.1999969482422,103.18000030517578,6.231599807739258,95.3000030517578,1861.0,93.6999969482422,79.08999633789062,0.0484459996223449,50.79999923706055,4.901999950408936,5.52869987487793,573.0
2021-11-19,97.1999969482422,103.44000244140624,6.315000057220459,94.86000061035156,1851.199951171875,93.0,78.97000122070312,0.0486220009624958,52.16999816894531,5.065000057220459,5.556399822235107,570.75
2021-11-22,97.1999969482422,102.68000030517578,6.333399772644043,92.69000244140624,1806.0,93.27999877929688,79.01000213623047,0.0491879992187023,53.040000915527344,4.789000034332275,5.611599922180176,576.75
2021-11-23,97.1999969482422,104.36000061035156,6.276599884033203,92.87000274658205,1783.5,93.1999969482422,78.97000122070312,0.0486549995839595,53.83000183105469,4.9670000076293945,5.585599899291992,580.5
2021-11-24,98.3499984741211,105.19000244140624,6.260799884796143,95.58999633789062,1784.0999755859375,94.1999969482422,79.3499984741211,0.048369001597166,54.959999084472656,5.067999839782715,5.570400238037109,579.75
2021-11-26,98.36000061035156,102.68000030517578,6.235400199890137,94.37000274658205,1785.300048828125,93.5,79.68000030517578,0.0483549982309341,54.29999923706055,5.447000026702881,5.565100193023682,586.75
2021-11-29,98.41000366210938,103.26000213623048,6.345699787139893,94.58000183105467,1782.300048828125,94.68000030517578,79.5999984741211,0.0494530014693737,55.0,4.854000091552734,5.607800006866455,581.0
2021-11-30,98.83999633789062,102.69000244140624,6.322299957275391,92.58999633789062,1773.5999755859375,94.94000244140624,79.73999786376953,0.0492140017449855,54.709999084472656,4.566999912261963,5.6006999015808105,567.0
2021-12-01,98.83999633789062,101.4499969482422,6.36870002746582,91.3499984741211,1781.5999755859375,94.68000030517578,80.02999877929688,0.0496309995651245,55.619998931884766,4.257999897003174,5.620871067047119,572.0
2021-12-02,98.83999633789062,104.91000366210938,6.443600177764893,94.3000030517578,1760.699951171875,94.9800033569336,80.2699966430664,0.0504320003092289,57.56999969482422,4.056000232696533,5.6915669441223145,577.0
2021-12-03,100.0,105.94000244140624,6.379799842834473,94.44000244140624,1782.0,95.4000015258789,80.68000030517578,0.0499139986932277,57.59999847412109,4.131999969482422,5.643321990966797,586.0
2021-12-06,100.0,107.6500015258789,6.367800235748291,96.27999877929688,1777.5,96.05999755859376,80.62000274658203,0.0501010008156299,59.70000076293945,3.6570000648498535,5.65009880065918,583.5
2021-12-07,99.8499984741211,108.08999633789062,6.415299892425537,95.9000015258789,1782.5999755859375,96.06999969482422,80.91999816894531,0.0501299984753131,60.08000183105469,3.7079999446868896,5.688000202178955,586.25
2021-12-08,99.8499984741211,108.87000274658205,6.323500156402588,96.27999877929688,1783.4000244140625,96.6999969482422,81.23999786376953,0.049430001527071,59.9900016784668,3.815000057220459,5.611800193786621,584.75
2021-12-09,99.8499984741211,107.02999877929688,6.273399829864502,93.0500030517578,1774.5999755859375,97.0,80.91000366210938,0.0486549995839595,59.34999847412109,3.813999891281128,5.531599998474121,588.5
2021-12-10,101.75,108.30999755859376,6.29040002822876,95.26000213623048,1782.9000244140625,97.0,81.5,0.0491070002317428,60.02000045776367,3.924999952316284,5.571100234985352,588.5
2021-12-13,101.30999755859376,108.16000366210938,6.346199989318848,93.9000015258789,1786.300048828125,97.1999969482422,81.44999694824219,0.0495220012962818,60.720001220703125,3.7939999103546143,5.60866117477417,584.25
2021-12-14,101.0,107.25,6.405300140380859,93.5,1770.4000244140625,97.1999969482422,81.3499984741211,0.0500059984624385,60.18000030517578,3.746999979019165,5.679699897766113,588.75
2021-12-15,100.4000015258789,108.20999908447266,6.3927998542785645,92.91999816894533,1762.5999755859375,96.81999969482422,81.0999984741211,0.0499439984560012,60.40999984741211,3.802000045776367,5.680600166320801,585.75
2021-12-16,100.08000183105467,108.86000061035156,6.409999847412109,93.93000030517578,1796.5999755859375,96.1999969482422,80.87999725341797,0.0497540012001991,61.900001525878906,3.766000032424927,5.679399967193604,591.25
2021-12-17,100.08000183105467,107.72000122070312,6.4440999031066895,92.3000030517578,1803.800048828125,95.33999633789062,80.3499984741211,0.0500329993665218,61.95000076293945,3.690000057220459,5.687399864196777,593.25
2021-12-20,100.08000183105467,105.5199966430664,6.413599967956543,89.83999633789062,1793.699951171875,94.33000183105467,80.12999725341797,0.0500629991292953,60.04999923706055,3.8340001106262207,5.693059921264648,591.0
2021-12-21,99.7300033569336,106.0500030517578,6.472400188446045,88.94999694824219,1787.9000244140625,95.66999816894533,80.44000244140625,0.050510998815298,60.880001068115234,3.86899995803833,5.741300106048584,598.25
2021-12-22,99.7300033569336,105.8000030517578,6.4807000160217285,89.75,1801.5999755859373,95.66000366210938,80.4000015258789,0.0503889992833137,60.369998931884766,3.9760000705718994,5.74399995803833,602.5
2021-12-23,99.7300033569336,105.41000366210938,6.435100078582764,89.68000030517578,1811.199951171875,95.66000366210938,80.54000091552734,0.0495299994945526,60.380001068115234,3.7309999465942383,5.652999877929688,605.75
2021-12-27,99.55999755859376,106.0999984741211,6.4197998046875,90.20999908447266,1808.0999755859373,95.43000030517578,80.25,0.049245998263359,60.66999816894531,4.059999942779541,5.67110013961792,614.75
2021-12-28,99.55999755859376,105.62999725341795,6.36929988861084,89.44999694824219,1810.199951171875,95.1500015258789,80.33000183105469,0.0489600002765655,59.650001525878906,4.054999828338623,5.624100208282471,604.75
2021-12-29,99.55999755859376,104.8499984741211,6.3643999099731445,88.93000030517578,1805.0999755859373,95.30999755859376,81.69999694824219,0.0490319989621639,60.060001373291016,4.02400016784668,5.627500057220459,605.5
2021-12-30,98.4800033569336,105.3499984741211,6.474500179290772,89.05000305175781,1812.699951171875,91.0,78.80000305175781,0.0496059991419315,60.97999954223633,3.561000108718872,5.702700138092041,596.0
2022-01-03,98.1999969482422,104.62999725341795,6.330599784851074,88.93000030517578,1799.4000244140625,93.11000061035156,80.16999816894531,0.0474409982562065,60.5,3.815000057220459,5.569300174713135,589.25
2022-01-04,98.1999969482422,104.04000091552734,6.416999816894531,89.33999633789062,1814.0,93.0999984741211,79.94000244140625,0.0492600016295909,60.66999816894531,3.7170000076293945,5.68120002746582,609.5
2022-01-05,98.1999969482422,101.45999908447266,6.402299880981445,87.69000244140625,1824.5999755859373,93.11000061035156,79.68000030517578,0.0488580018281936,59.52999877929688,3.881999969482422,5.676199913024902,602.25
2022-01-06,98.1999969482422,102.0999984741211,6.454500198364258,88.75,1788.699951171875,92.8000030517578,79.5,0.0491399988532066,59.630001068115234,3.812000036239624,5.705635070800781,603.75
2022-01-07,98.1999969482422,103.26000213623048,6.416500091552734,90.26000213623048,1797.0,92.04000091552734,79.33999633789062,0.0490359999239444,60.43000030517578,3.9159998893737793,5.682400226593018,606.75
2022-01-10,98.1999969482422,102.75,6.399099826812744,89.75,1798.4000244140625,92.04000091552734,79.33999633789062,0.048734001815319,60.5,4.078999996185303,5.632199764251709,599.75
2022-01-11,98.1999969482422,104.2699966430664,6.413400173187256,90.8000030517578,1818.5999755859373,90.75,79.0,0.0491180010139942,61.59000015258789,4.249000072479248,5.662199974060059,601.0
2022-01-12,98.1999969482422,106.5199966430664,6.326099872589111,91.0999984741211,1827.199951171875,90.75,78.98999786376953,0.0482739992439746,63.20000076293945,4.85699987411499,5.567299842834473,599.0
2022-01-13,98.1999969482422,105.98999786376952,6.327499866485596,92.1500015258789,1821.199951171875,91.38999938964844,79.30000305175781,0.0482469983398914,62.75,4.269999980926514,5.533199787139893,587.5
2022-01-14,98.1999969482422,107.4499969482422,6.329899787902832,93.5999984741211,1816.5,91.91000366210938,79.33999633789062,0.0484279990196228,62.34000015258789,4.26200008392334,5.526700019836426,596.25
2022-01-18,95.87000274658205,107.30999755859376,6.290900230407715,93.55999755859376,1812.300048828125,90.56999969482422,78.83000183105469,0.0481359995901584,62.47999954223633,4.2829999923706055,5.5157999992370605,599.5
2022-01-19,95.87000274658205,108.7699966430664,6.302599906921387,94.5,1843.0999755859373,91.5,79.19000244140625,0.0485819987952709,63.619998931884766,4.031000137329102,5.565700054168701,610.5
2022-01-20,96.9000015258789,109.62000274658205,6.165500164031982,96.44000244140624,1842.5,92.18000030517578,79.62000274658203,0.04755499958992,62.79999923706055,3.802000045776367,5.43720006942749,611.0
2022-01-21,96.9000015258789,109.61000061035156,6.12690019607544,95.6500015258789,1831.800048828125,91.87000274658205,79.44999694824219,0.0475310012698173,61.22999954223633,3.999000072479248,5.418099880218506,616.25
2022-01-24,96.9000015258789,108.80999755859376,6.187300205230713,95.5500030517578,1841.699951171875,92.0,79.9800033569336,0.0479860007762908,61.02999877929688,4.026999950408936,5.457099914550781,621.0
2022-01-25,96.9000015258789,110.94000244140624,6.209799766540527,98.91000366210938,1852.699951171875,92.0,79.6500015258789,0.0480980016291141,60.5,4.052999973297119,5.486100196838379,620.0
2022-01-26,96.9000015258789,111.87000274658205,6.149899959564209,100.4000015258789,1829.9000244140625,92.0,80.05000305175781,0.0477680005133152,60.709999084472656,4.276999950408936,5.440703868865967,627.0
2022-01-27,96.9000015258789,113.16999816894533,6.10260009765625,101.75,1793.300048828125,91.95999908447266,79.45999908447266,0.0473310016095638,61.20000076293945,6.264999866485596,5.429166793823242,625.25
2022-01-28,96.9000015258789,112.6999969482422,6.02239990234375,102.6500015258789,1784.9000244140625,92.16000366210938,79.41999816894531,0.0468339994549751,61.560001373291016,4.638999938964844,5.40348482131958,636.0
2022-01-31,96.9000015258789,112.87000274658205,5.9781999588012695,104.4000015258789,1795.0,92.1500015258789,79.62000274658203,0.0465530008077621,61.09999847412109,4.874000072479248,5.362599849700928,626.0
2022-02-01,97.5500030517578,114.1500015258789,5.963799953460693,104.1999969482422,1800.300048828125,92.0500030517578,79.62999725341797,0.0460570007562637,62.70000076293945,4.750999927520752,5.303100109100342,634.75
2022-02-02,97.5500030517578,112.41999816894533,5.93209981918335,101.8499984741211,1809.199951171875,92.4000015258789,79.95999908447266,0.0458829998970031,62.95000076293945,5.500999927520752,5.264500141143799,622.5
2022-02-03,98.9499969482422,112.30999755859376,5.9421000480651855,102.37000274658205,1803.0,93.81999969482422,80.45999908447266,0.0459990017116069,62.47999954223633,4.888000011444092,5.260900020599365,616.75
2022-02-04,98.6500015258789,113.2300033569336,6.039500236511231,102.37999725341795,1806.5999755859373,93.08999633789062,80.05000305175781,0.0459560006856918,63.47999954223633,4.572000026702881,5.282899856567383,620.5
2022-02-07,98.6500015258789,112.61000061035156,6.0960001945495605,101.66000366210938,1820.5999755859373,93.3000030517578,80.31999969482422,0.0462279990315437,64.47000122070312,4.23199987411499,5.326900005340576,635.25
2022-02-08,98.6500015258789,113.12000274658205,6.017600059509277,102.0999984741211,1826.5999755859373,92.5,80.04000091552734,0.0457350015640258,64.33000183105469,4.248000144958496,5.262599945068359,632.25
2022-02-09,97.5,113.0999984741211,6.002999782562256,100.5500030517578,1835.199951171875,92.01000213623048,79.77999877929688,0.0454810000956058,64.45999908447266,4.008999824523926,5.258399963378906,646.75
2022-02-10,97.5,114.16999816894533,5.977200031280518,100.8000030517578,1836.199951171875,92.4800033569336,79.70999908447266,0.0452859997749328,64.36000061035156,3.9590001106262207,5.234499931335449,641.75
2022-02-11,97.5,114.48999786376952,5.988699913024902,102.5999984741211,1840.800048828125,92.54000091552734,79.70999908447266,0.0452300012111663,62.93999862670898,3.940999984741211,5.248700141906738,651.0
2022-02-14,97.5,114.4800033569336,5.957399845123291,103.1999969482422,1868.0,92.47000122070312,79.75,0.0454879999160766,63.25,4.195000171661377,5.249956130981445,655.75
2022-02-15,97.5,115.62000274658205,5.892000198364258,105.4000015258789,1854.800048828125,92.47000122070312,79.75,0.0451270006597042,61.59999847412109,4.306000232696533,5.214000225067139,638.0
2022-02-16,97.5,116.13999938964844,5.885700225830078,105.6500015258789,1870.199951171875,91.58000183105467,79.94000244140625,0.0446050018072128,61.790000915527344,4.7170000076293945,5.157899856567383,647.0
2022-02-17,97.1999969482422,114.4000015258789,5.838600158691406,104.8000030517578,1900.699951171875,92.55999755859376,80.04000091552734,0.0445079989731311,60.25,4.486000061035156,5.135799884796143,650.0
2022-02-18,97.47000122070312,113.52999877929688,5.87559986114502,104.83000183105467,1898.5999755859373,92.48999786376952,80.02999877929688,0.0450030006468296,59.5099983215332,4.431000232696533,5.170599937438965,654.25
2022-02-22,97.58000183105467,113.8000030517578,5.76669979095459,103.6500015258789,1906.0999755859373,91.5999984741211,79.83999633789062,0.0445219986140728,59.900001525878906,4.498000144958496,5.102700233459473,674.75
2022-02-23,97.58000183105467,112.8499984741211,5.727799892425537,102.9000015258789,1909.199951171875,91.30999755859376,79.88999938964844,0.0439370013773441,59.0,4.623000144958496,5.05709981918335,683.75
2022-02-24,97.58000183105467,112.41000366210938,5.660299777984619,102.1999969482422,1925.0999755859373,91.9800033569336,79.80999755859375,0.0435919985175132,58.25,4.567999839782715,5.008699893951416,695.0
2022-02-25,97.4000015258789,114.08000183105467,5.729800224304199,102.61000061035156,1886.5,89.01000213623047,79.79000091552734,0.0443239994347095,59.900001525878906,4.46999979019165,5.122200012207031,659.5
2022-03-02,97.4000015258789,116.12000274658205,5.740200042724609,101.6999969482422,1920.9000244140625,92.0999984741211,79.97000122070312,0.0449209995567798,62.95000076293945,4.76200008392334,5.158999919891357,739.0
2022-03-03,97.2300033569336,115.77999877929688,5.664100170135498,102.3000030517578,1934.4000244140625,91.26000213623048,80.02999877929688,0.044124998152256,63.34999847412109,4.7220001220703125,5.096502780914307,751.25
2022-03-04,97.2300033569336,115.45999908447266,5.564899921417236,99.80999755859376,1965.0999755859373,91.2699966430664,79.83999633789062,0.0435589998960495,65.5,5.015999794006348,5.030900001525879,756.5
2022-03-07,97.2300033569336,112.0199966430664,5.4984002113342285,96.8499984741211,1993.9000244140625,90.18000030517578,79.88999938964844,0.0440689995884895,65.23999786376953,4.833000183105469,5.06056022644043,749.25
2022-03-08,97.2300033569336,112.12000274658205,5.550099849700928,96.75,2040.0999755859373,91.41000366210938,79.5,0.0442969985306263,63.79999923706055,4.526999950408936,5.110499858856201,754.5
2022-03-09,97.2300033569336,114.58000183105467,5.510000228881836,101.47000122070312,1985.9000244140625,90.5,79.5,0.0437140017747879,64.43000030517578,4.526000022888184,5.058800220489502,735.0
2022-03-10,97.2300033569336,114.29000091552734,5.547200202941895,99.98999786376952,1998.0999755859373,90.5999984741211,79.5,0.0432379990816116,66.25,4.63100004196167,5.011499881744385,757.75
2022-03-11,97.2300033569336,112.3499984741211,5.515200138092041,99.12999725341795,1982.699951171875,91.0999984741211,79.5,0.043113999068737,65.58000183105469,4.724999904632568,5.009699821472168,764.5
2022-03-14,97.2300033569336,110.9000015258789,5.533299922943115,99.73999786376952,1959.5999755859373,91.25,79.5,0.0432530008256435,62.900001525878906,4.6579999923706055,5.073500156402588,728.25
2022-03-15,97.2300033569336,109.54000091552734,5.602499961853027,99.5,1928.5,90.75,79.5,0.0433209985494613,61.5,4.567999839782715,5.121399879455566,758.0
2022-03-16,97.2300033569336,111.6999969482422,5.661600112915039,100.91999816894533,1908.0,90.83999633789062,79.5,0.0436469987034797,62.900001525878906,4.748000144958496,5.1631999015808105,730.0
2022-03-17,97.2300033569336,113.6999969482422,5.592400074005127,103.02999877929688,1942.0999755859373,90.6999969482422,79.5,0.0426819995045661,64.69999694824219,4.989999771118164,5.073874950408936,754.5
2022-03-18,97.2300033569336,115.9800033569336,5.590499877929688,103.8499984741211,1928.199951171875,91.23999786376952,79.5,0.0425160005688667,66.4000015258789,4.86299991607666,5.039400100708008,741.75
2022-03-21,97.2300033569336,117.12000274658205,5.55109977722168,105.25,1928.5999755859373,91.25,79.5,0.0420899987220764,66.4000015258789,4.900000095367432,5.0177998542785645,756.25
2022-03-22,97.2300033569336,118.29000091552734,5.4355998039245605,107.6999969482422,1920.699951171875,91.62000274658205,79.5,0.0412640012800693,65.95999908447266,5.186999797821045,4.935200214385986,753.0
2022-03-23,97.2300033569336,118.08000183105467,5.412099838256836,107.33999633789062,1936.5999755859373,92.16999816894533,79.5,0.0405200012028217,65.58999633789062,5.23199987411499,4.909999847412109,757.75
2022-03-24,97.2300033569336,119.76000213623048,5.307700157165527,108.5999984741211,1961.5999755859373,93.9800033569336,79.5,0.0398229993879795,66.0999984741211,5.401000022888184,4.82420015335083,748.25
2022-03-25,97.2300033569336,119.7300033569336,5.310400009155273,109.8499984741211,1953.800048828125,94.94000244140624,79.5,0.0394500009715557,64.4000015258789,5.571000099182129,4.826300144195557,754.0
2022-03-28,97.2300033569336,119.73999786376952,5.20550012588501,109.4499969482422,1939.5999755859373,95.1500015258789,79.5,0.0387459993362426,64.44999694824219,5.507999897003174,4.7368998527526855,748.5
2022-03-29,97.2300033569336,121.08000183105467,5.235799789428711,111.0500030517578,1912.0,94.5199966430664,79.5,0.0384850017726421,64.16000366210938,5.335999965667725,4.764100074768066,726.25
2022-03-30,97.2300033569336,121.33000183105467,5.27370023727417,110.83999633789062,1933.5,95.08000183105467,79.5,0.0386679992079734,64.73999786376953,5.605000019073486,4.756199836730957,738.0
2022-03-31,97.2300033569336,120.6999969482422,5.319799900054932,110.54000091552734,1949.199951171875,95.4499969482422,79.5,0.0390629991888999,63.84999847412109,5.642000198364258,4.769700050354004,748.75
2022-04-01,97.2300033569336,122.6500015258789,5.243599891662598,111.0999984741211,1919.0999755859373,95.4499969482422,79.5,0.0388800017535686,63.400001525878906,5.71999979019165,4.737800121307373,735.0
2022-04-04,97.2300033569336,122.33000183105467,5.146200180053711,110.6500015258789,1929.199951171875,96.0199966430664,79.5,0.0379890017211437,63.77999877929688,5.711999893188477,4.657199859619141,750.5
2022-04-05,97.2300033569336,119.5999984741211,5.039000034332275,107.75,1922.9000244140625,95.5,79.5,0.0374110005795955,62.61000061035156,6.0320000648498535,4.593800067901611,759.75
2022-04-06,97.2300033569336,118.9000015258789,5.070300102233887,106.87999725341795,1918.4000244140625,95.05999755859376,79.5,0.0375929996371269,63.04999923706055,6.02899980545044,4.650700092315674,756.5
2022-04-07,97.2300033569336,119.52999877929688,5.135700225830078,108.02999877929688,1933.800048828125,94.87999725341795,79.5,0.0380799993872642,62.45000076293945,6.359000205993652,4.715199947357178,757.75
2022-04-08,97.2300033569336,119.33999633789062,5.160600185394287,107.5999984741211,1941.5999755859373,96.0,79.5,0.0382740013301372,62.2599983215332,6.277999877929688,4.752099990844727,768.75
2022-04-11,97.2300033569336,117.91000366210938,5.104899883270264,106.5999984741211,1944.300048828125,94.27999877929688,79.5,0.037772998213768,61.5,6.64300012588501,4.698100090026856,764.5
2022-04-12,97.2300033569336,117.16000366210938,5.103499889373779,104.88999938964844,1972.0999755859373,93.63999938964844,79.5,0.0374130010604858,61.59999847412109,6.679999828338623,4.693600177764893,776.25
2022-04-13,97.2300033569336,117.81999969482422,5.056399822235107,105.3499984741211,1981.0,95.27999877929688,79.5,0.0372559987008571,61.869998931884766,6.997000217437744,4.673099994659424,783.5
2022-04-14,97.2300033569336,117.0,5.107399940490723,104.9499969482422,1970.9000244140625,94.9800033569336,79.5,0.0373970009386539,61.0,7.300000190734863,4.690199851989746,790.25
2022-04-18,97.2300033569336,116.62000274658205,5.091400146484375,106.4499969482422,1982.9000244140625,93.91000366210938,79.5,0.0371350012719631,60.25,7.820000171661377,4.7006001472473145,813.25
2022-04-19,97.2300033569336,116.02999877929688,5.086999893188477,105.5999984741211,1955.699951171875,95.2699966430664,79.5,0.0366309992969036,60.20000076293945,7.176000118255615,4.651999950408936,804.0
2022-04-20,97.2300033569336,115.3000030517578,5.033299922943115,105.87000274658205,1952.300048828125,95.2699966430664,79.5,0.0360790006816387,59.09999847412109,6.936999797821045,4.664999961853027,815.75
2022-04-22,97.2300033569336,112.0500030517578,5.004499912261963,103.75,1931.0,94.25,79.5,0.0359839983284473,57.09999847412109,6.533999919891357,4.620800018310547,793.0
2022-04-25,97.2300033569336,111.3499984741211,4.974599838256836,103.1999969482422,1893.199951171875,94.3499984741211,79.5,0.0372620001435279,56.5,6.669000148773193,4.795199871063232,800.25
2022-04-26,97.2300033569336,108.95999908447266,5.2210001945495605,99.9499969482422,1901.4000244140625,94.48999786376952,79.5,0.0381009988486766,55.20000076293945,6.849999904632568,4.876200199127197,803.25
2022-04-27,97.2300033569336,110.3499984741211,5.317599773406982,99.3499984741211,1885.9000244140625,94.05999755859376,79.5,0.0393030010163784,56.59000015258789,7.267000198364258,4.997799873352051,815.5
2022-04-28,97.2300033569336,110.8499984741211,5.2368998527526855,99.0500030517578,1888.699951171875,94.5,79.5,0.0386539995670318,57.84999847412109,6.888000011444092,4.963600158691406,816.0
2022-04-29,97.2300033569336,108.37999725341795,5.183700084686279,97.6500015258789,1909.300048828125,95.4499969482422,79.5,0.0377480015158653,56.900001525878906,7.24399995803833,4.93779993057251,818.25
2022-05-02,97.2300033569336,107.2300033569336,5.238100051879883,95.66000366210938,1861.800048828125,95.01000213623048,79.5,0.0382370017468929,56.45000076293945,7.474999904632568,4.97130012512207,813.0
2022-05-03,97.2300033569336,107.5500030517578,5.34089994430542,95.69000244140624,1868.800048828125,94.16000366210938,79.5,0.0390699990093708,56.959999084472656,7.953999996185303,5.084700107574463,800.75
2022-05-04,97.2300033569336,109.0199966430664,5.216100215911865,97.4000015258789,1867.0,94.41999816894533,79.5,0.038086999207735,57.70000076293945,8.414999961853027,4.958099842071533,798.5
2022-05-05,97.2300033569336,106.01000213623048,5.221099853515625,93.9000015258789,1874.0,95.0,79.5,0.0380689986050128,57.54999923706055,8.782999992370605,4.918799877166748,803.75
2022-05-06,97.2300033569336,106.04000091552734,5.297299861907959,94.31999969482422,1881.199951171875,94.5,79.5,0.0385779999196529,56.709999084472656,8.043000221252441,5.027999877929688,792.25
2022-05-09,97.2300033569336,104.25,5.355800151824951,94.30999755859376,1857.0999755859373,95.20999908447266,79.5,0.038867000490427,55.08000183105469,7.026000022888184,5.080399990081787,784.5
2022-05-10,97.2300033569336,104.02999877929688,5.44950008392334,94.01000213623048,1839.9000244140625,94.91999816894533,79.5,0.0395639985799789,53.650001525878906,7.385000228881836,5.160900115966797,786.5
2022-05-11,97.2300033569336,105.13999938964844,5.401400089263916,94.95999908447266,1852.5999755859373,94.8000030517578,79.5,0.0393700003623962,54.79999923706055,7.639999866485596,5.13129997253418,802.25
2022-05-12,97.2300033569336,106.6999969482422,5.39709997177124,97.3000030517578,1823.800048828125,94.0500030517578,79.5,0.0395449995994567,54.29999923706055,7.738999843597412,5.134252071380615,813.5
2022-05-13,97.2300033569336,107.5500030517578,5.325799942016602,97.6999969482422,1807.4000244140625,95.0,79.5,0.0399199984967708,55.900001525878906,7.663000106811523,5.133399963378906,794.5
2022-05-16,97.2300033569336,109.2300033569336,5.26609992980957,98.69000244140624,1813.5,95.43000030517578,79.5,0.0390850007534027,56.25,7.955999851226807,5.058300018310547,809.5
2022-05-17,97.2300033569336,109.45999908447266,5.278299808502197,100.3499984741211,1818.199951171875,96.0,79.5,0.0392520017921924,57.060001373291016,8.303999900817871,5.059700012207031,800.75
2022-05-18,97.2300033569336,106.86000061035156,5.205999851226807,98.01000213623048,1815.9000244140625,96.0,79.5,0.0381419993937015,55.209999084472656,8.368000030517578,4.93809986114502,781.5
2022-05-19,97.2300033569336,108.0199966430664,5.199999809265137,98.58999633789062,1841.199951171875,96.0,79.5,0.0388309992849826,56.27000045776367,8.307999610900879,4.96750020980835,783.25
2022-05-20,97.2300033569336,109.19000244140624,5.214000225067139,100.3000030517578,1841.800048828125,96.6500015258789,79.5,0.038561999797821,57.59999847412109,8.083000183105469,4.929999828338623,778.75
2022-05-23,97.2300033569336,111.22000122070312,5.149899959564209,101.75,1847.800048828125,95.80999755859376,79.5,0.0381500013172626,58.59000015258789,8.744000434875488,4.880199909210205,786.25
2022-05-24,97.2300033569336,111.2699966430664,5.140100002288818,102.26000213623048,1865.0999755859373,95.11000061035156,79.5,0.0376500003039836,58.59999847412109,8.795999526977539,4.813499927520752,771.75
2022-05-25,97.2300033569336,111.62000274658205,5.169400215148926,101.3000030517578,1846.199951171875,94.9000015258789,79.5,0.038001000881195,58.630001068115234,8.970999717712402,4.817800045013428,772.25
2022-05-26,97.2300033569336,112.62000274658205,5.151899814605713,102.5999984741211,1847.4000244140625,95.66000366210938,79.5,0.0379259996116161,59.18000030517578,8.907999992370605,4.822800159454346,765.0
2022-05-27,97.2300033569336,112.66999816894533,5.115600109100342,103.3499984741211,1851.300048828125,96.08000183105467,79.5,0.0375330001115798,59.720001220703125,8.72700023651123,4.768199920654297,777.25
2022-05-31,97.2300033569336,112.08000183105467,5.117599964141846,103.5,1842.699951171875,96.11000061035156,79.5,0.0371880009770393,59.70000076293945,8.145000457763672,4.752399921417236,753.5
2022-06-01,97.2300033569336,112.37000274658205,5.076600074768066,102.12999725341795,1843.300048828125,96.5,79.5,0.0367549993097782,60.88999938964844,8.696000099182129,4.730400085449219,731.25
2022-06-02,97.2300033569336,113.52999877929688,5.127399921417236,102.6999969482422,1866.5,96.13999938964844,79.5,0.0369979999959468,62.06999969482422,8.484999656677246,4.815499782562256,730.25
2022-06-03,97.2300033569336,112.2300033569336,5.14300012588501,101.1999969482422,1845.4000244140625,96.4000015258789,79.5,0.0369139984250068,61.2599983215332,8.52299976348877,4.795700073242188,727.0
2022-06-06,97.2300033569336,111.25,5.116399765014648,100.1500015258789,1839.199951171875,96.4000015258789,79.5,0.0364929996430873,61.06999969482422,9.321999549865724,4.775000095367432,742.5
2022-06-07,97.2300033569336,110.79000091552734,5.122700214385986,99.0,1847.5,95.8000030517578,79.5,0.0362539999186992,61.459999084472656,9.29300022125244,4.7941999435424805,757.0
2022-06-08,97.2300033569336,109.06999969482422,5.206500053405762,97.6999969482422,1851.9000244140625,95.41999816894533,79.5,0.0366390012204647,59.41999816894531,8.699000358581543,4.867526054382324,764.5
2022-06-09,97.2300033569336,108.04000091552734,5.247600078582764,97.5,1848.800048828125,95.41999816894533,79.5,0.0364359989762306,57.81999969482422,8.963000297546387,4.898099899291992,773.0
2022-06-10,97.2300033569336,106.4000015258789,5.205599784851074,95.4000015258789,1871.5,95.70999908447266,79.5,0.0364780016243457,57.720001220703125,8.850000381469727,4.903299808502197,773.25
2022-06-13,97.2300033569336,103.2699966430664,5.243000030517578,93.25,1828.0,95.8000030517578,79.5,0.0369930006563663,55.86000061035156,8.609000205993652,4.984000205993652,769.25
2022-06-14,97.2300033569336,103.12000274658205,5.32289981842041,93.0,1809.5,94.86000061035156,79.5,0.0380989983677864,54.310001373291016,7.189000129699707,5.113399982452393,768.25
2022-06-15,97.2300033569336,103.87999725341795,5.33650016784668,94.4000015258789,1815.300048828125,95.29000091552734,79.5,0.0377970002591609,54.400001525878906,7.420000076293945,5.116099834442139,774.0
2022-06-17,97.2300033569336,100.87000274658205,5.325900077819824,93.04000091552734,1835.5999755859373,96.0500030517578,79.5,0.0381520017981529,51.93999862670898,6.943999767303467,5.052199840545654,784.5
2022-06-21,97.2300033569336,100.33000183105467,5.454699993133545,94.06999969482422,1834.5999755859373,96.0,79.5,0.0384010002017021,51.65999984741211,6.808000087738037,5.18720006942749,760.75
2022-06-22,97.2300033569336,100.1500015258789,5.394199848175049,94.08999633789062,1834.300048828125,96.0,79.5,0.0375859998166561,50.470001220703125,6.857999801635742,5.122799873352051,768.0
2022-06-23,97.2300033569336,98.70999908447266,5.484000205993652,92.75,1825.699951171875,95.5,79.5,0.0381890013813972,49.27000045776367,6.238999843597412,5.193600177764893,746.75
2022-06-24,97.2300033569336,99.6500015258789,5.507199764251709,92.29000091552734,1826.5,95.4000015258789,79.5,0.0388460010290145,50.88999938964844,6.21999979019165,5.23799991607666,750.25
2022-06-27,97.2300033569336,101.44000244140624,5.530399799346924,93.23999786376952,1820.9000244140625,94.97000122070312,79.5,0.0387899987399578,52.15999984741211,6.500999927520752,5.241399765014648,744.25
2022-06-28,97.2300033569336,101.4000015258789,5.53849983215332,92.0500030517578,1817.5,94.6500015258789,79.5,0.0386789999902248,52.54999923706055,6.551000118255615,5.236800193786621,759.5
2022-06-29,97.2300033569336,100.62999725341795,5.539999961853027,90.91000366210938,1813.699951171875,94.6500015258789,79.5,0.0387110002338886,51.84000015258789,6.498000144958496,5.266600131988525,770.25
2022-06-30,97.2300033569336,99.16999816894533,5.409800052642822,90.08000183105467,1804.0999755859373,94.5,79.5,0.0379399992525577,50.86000061035156,5.423999786376953,5.180900096893311,743.75
2022-07-01,97.2300033569336,99.8000030517578,5.501500129699707,90.75,1798.9000244140625,94.48999786376952,79.5,0.0386769995093345,50.81999969482422,5.730000019073486,5.251999855041504,754.5
2022-07-05,97.2300033569336,99.04000091552734,5.556300163269043,90.30999755859376,1761.800048828125,94.30999755859376,79.5,0.0392140001058578,49.34000015258789,5.5229997634887695,5.3282999992370605,736.0
2022-07-06,97.2300033569336,99.43000030517578,5.521399974822998,89.87000274658203,1734.9000244140625,94.19000244140624,79.5,0.0397320017218589,49.84000015258789,5.510000228881836,5.385200023651123,744.25
2022-07-07,97.2300033569336,101.5199966430664,5.526599884033203,91.1500015258789,1737.9000244140625,93.1999969482422,79.5,0.0399140007793903,50.88999938964844,6.296999931335449,5.427999973297119,747.0
2022-07-08,97.2300033569336,100.97000122070312,5.425099849700928,91.3499984741211,1740.5999755859375,93.01000213623048,79.5,0.0392760001122951,49.970001220703125,6.033999919891357,5.338200092315674,778.25
2022-07-11,97.2300033569336,98.87000274658205,5.348299980163574,89.01000213623047,1730.0,92.0,79.5,0.0385529994964599,48.81999969482422,6.426000118255615,5.254000186920166,781.25
2022-07-12,97.2300033569336,99.31999969482422,5.399799823760986,88.79000091552734,1723.300048828125,91.62999725341795,79.5,0.0391330011188983,48.959999084472656,6.163000106811523,5.377200126647949,732.75
2022-07-13,97.2300033569336,98.54000091552734,5.4506001472473145,87.77999877929688,1734.199951171875,92.86000061035156,79.5,0.0397659987211227,48.400001525878906,6.689000129699707,5.436500072479248,740.0
2022-07-14,97.2300033569336,97.08000183105467,5.40749979019165,87.0,1704.5,92.79000091552734,79.5,0.0391670018434524,46.59000015258789,6.599999904632568,5.390900135040283,695.0
2022-07-15,97.2300033569336,97.4800033569336,5.432899951934815,88.0,1702.4000244140625,93.66999816894533,79.5,0.0390230007469654,47.08000183105469,7.015999794006348,5.422800064086914,604.25
2022-07-18,97.2300033569336,97.8000030517578,5.45359992980957,88.44999694824219,1709.199951171875,93.36000061035156,79.5,0.0390949994325637,47.29999923706055,7.479000091552734,5.410099983215332,612.25
2022-07-19,97.2300033569336,99.1500015258789,5.513999938964844,91.0,1710.0,91.58999633789062,79.5,0.0393229983747005,48.119998931884766,7.263999938964844,5.436800003051758,596.75
2022-07-20,97.2300033569336,99.25,5.5346999168396,90.9499969482422,1699.5,91.8000030517578,79.5,0.0391619987785816,48.09999847412109,8.006999969482422,5.413099765777588,592.25
2022-07-21,97.2300033569336,99.6999969482422,5.567999839782715,92.3499984741211,1712.699951171875,91.61000061035156,79.5,0.0395280010998249,48.29999923706055,7.932000160217285,5.470200061798096,575.75
2022-07-22,97.2300033569336,99.6500015258789,5.616799831390381,91.30999755859376,1727.0999755859375,93.20999908447266,79.5,0.0401009991765022,48.400001525878906,8.298999786376953,5.497799873352051,564.25
2022-07-25,97.2300033569336,101.0,5.568999767303467,92.1500015258789,1719.0,92.37000274658205,79.5,0.0403099991381168,48.43999862670898,8.72700023651123,5.496699810028076,580.0
2022-07-26,97.2300033569336,100.70999908447266,5.473100185394287,91.5999984741211,1717.699951171875,92.2300033569336,79.5,0.0392590016126632,48.04999923706055,8.993000030517578,5.356299877166748,597.0
2022-07-27,97.2300033569336,102.5,5.416999816894531,92.4499969482422,1719.0999755859375,92.2300033569336,79.5,0.0390609987080097,48.93999862670898,8.687000274658203,5.350100040435791,600.25
2022-07-28,97.2300033569336,103.36000061035156,5.347700119018555,93.8000030517578,1750.300048828125,92.98999786376952,79.5,0.0384979993104934,49.34999847412109,8.133999824523926,5.243000030517578,615.0
2022-07-29,97.2300033569336,103.9499969482422,5.279699802398682,93.26000213623048,1762.9000244140625,93.5999984741211,79.5,0.0385549999773502,49.84999847412109,8.229000091552734,5.182700157165527,616.25
2022-08-01,97.2300033569336,102.95999908447266,5.28249979019165,92.6500015258789,1769.0,92.5999984741211,79.5,0.0387430004775524,48.470001220703125,8.282999992370605,5.171199798583984,607.0
2022-08-02,97.2300033569336,104.08999633789062,5.316999912261963,93.48999786376952,1771.0999755859375,92.1500015258789,79.5,0.0393979996442794,49.09999847412109,7.705999851226807,5.184000015258789,591.25
2022-08-03,97.2300033569336,104.6500015258789,5.357200145721436,94.79000091552734,1758.0,92.70999908447266,79.5,0.0395569987595081,48.22999954223633,8.265999794006348,5.277699947357178,591.5
2022-08-04,97.2300033569336,106.81999969482422,5.3628997802734375,97.86000061035156,1788.5,94.31999969482422,79.5,0.0394180007278919,48.900001525878906,8.121999740600586,5.282700061798096,602.25
2022-08-05,97.2300033569336,107.1999969482422,5.337100028991699,98.9000015258789,1772.9000244140625,94.98999786376952,79.5,0.0392859987914562,49.75,8.064000129699707,5.211100101470947,610.25
2022-08-08,97.2300033569336,109.20999908447266,5.310500144958496,101.0199966430664,1786.800048828125,95.88999938964844,79.5,0.0382409989833831,50.25,7.589000225067139,5.164599895477295,608.5
2022-08-09,97.2300033569336,109.55999755859376,5.209199905395508,101.4499969482422,1794.0,95.43000030517578,79.5,0.0378899984061718,51.04999923706055,7.833000183105469,5.110099792480469,615.5
2022-08-10,97.2300033569336,111.11000061035156,5.228099822998047,103.25,1795.5999755859375,96.0,79.5,0.0379119999706745,51.20000076293945,8.20199966430664,5.123700141906738,621.25
2022-08-11,97.2300033569336,110.51000213623048,5.244400024414063,104.0,1789.699951171875,95.18000030517578,79.5,0.0383529998362064,51.75,8.87399959564209,5.093699932098389,629.25
2022-08-12,97.2300033569336,113.68000030517578,5.321300029754639,106.5,1798.5999755859375,96.08000183105467,79.5,0.0387759990990161,52.79999923706055,8.767999649047852,5.1570000648498535,639.75
2022-08-15,97.2300033569336,114.1500015258789,5.200200080871582,107.04000091552734,1781.4000244140625,97.63999938964844,79.5,0.0380630008876323,51.68999862670898,8.727999687194824,5.074900150299072,626.75
2022-08-16,97.2300033569336,114.75,5.17549991607666,107.1999969482422,1773.199951171875,97.48999786376952,79.5,0.0382709987461566,51.84999847412109,9.32900047302246,5.095600128173828,611.0
2022-08-17,97.2300033569336,114.77999877929688,5.2291998863220215,107.25,1760.300048828125,96.04000091552734,79.5,0.0382880009710788,52.220001220703125,9.244000434875488,5.1417388916015625,615.0
2022-08-18,97.2300033569336,114.5999984741211,5.253900051116943,106.4000015258789,1755.300048828125,96.41000366210938,79.5,0.0382639989256858,51.900001525878906,9.187999725341797,5.164999961853027,619.75
2022-08-19,97.2300033569336,112.7300033569336,5.21150016784668,105.25,1747.5999755859375,96.41000366210938,79.5,0.0380470007658004,50.70000076293945,9.336000442504885,5.166999816894531,626.0
2022-08-22,97.2300033569336,111.36000061035156,5.173299789428711,103.8000030517578,1734.0,96.41000366210938,79.5,0.037721998989582,50.0,9.68000030517578,5.168399810791016,633.5
2022-08-23,97.2300033569336,113.94000244140624,5.121600151062012,104.6500015258789,1746.800048828125,96.98999786376952,79.5,0.0374829992651939,52.29999923706055,9.192999839782717,5.156099796295166,660.0
2022-08-24,97.2300033569336,114.19000244140624,5.084199905395508,104.6500015258789,1747.800048828125,97.4000015258789,79.5,0.0373080000281333,51.34000015258789,9.329999923706056,5.103499889373779,665.75
2022-08-25,97.2300033569336,114.7699966430664,5.091000080108643,106.25,1757.699951171875,96.4499969482422,79.5,0.0372769981622695,51.5,9.375,5.110099792480469,657.5
2022-08-26,97.2300033569336,113.1500015258789,5.091400146484375,105.0500030517578,1736.0999755859375,95.13999938964844,79.5,0.0373839996755123,50.0,9.29599952697754,5.108699798583984,668.75
2022-08-29,97.2300033569336,113.16000366210938,5.041399955749512,105.5,1736.5999755859375,95.4499969482422,79.5,0.036651000380516,49.47999954223633,9.352999687194824,5.0625,683.75
2022-08-30,97.2300033569336,111.27999877929688,5.029799938201904,105.0999984741211,1723.199951171875,95.62000274658205,79.5,0.0362729988992214,48.75,9.041999816894531,5.027200222015381,679.75
2022-08-31,97.2300033569336,110.73999786376952,5.131800174713135,102.4000015258789,1712.800048828125,95.91000366210938,79.5,0.0369269996881485,48.0,9.126999855041504,5.1219000816345215,673.75
2022-09-01,97.2300033569336,111.23999786376952,5.198999881744385,104.0,1696.5999755859375,95.91000366210938,79.5,0.0371659994125366,48.0,9.26200008392334,5.181700229644775,658.25
2022-09-02,97.2300033569336,111.80999755859376,5.213600158691406,104.9000015258789,1709.800048828125,97.23999786376952,79.5,0.0374049991369247,48.0099983215332,8.78600025177002,5.2403998374938965,669.0
2022-09-06,97.2300033569336,110.62000274658205,5.124899864196777,103.8000030517578,1700.4000244140625,96.37000274658205,79.5,0.0367089994251728,48.400001525878906,8.145000457763672,5.153900146484375,680.75
2022-09-08,97.2300033569336,110.81999969482422,5.242700099945068,104.26000213623048,1708.0,96.73999786376952,79.5,0.0363890007138252,48.02000045776367,7.914999961853027,5.246699810028076,674.5
2022-09-09,97.2300033569336,113.52999877929688,5.215499877929688,105.6999969482422,1716.199951171875,97.48999786376952,79.5,0.0362389981746673,49.869998931884766,7.995999813079834,5.2133002281188965,698.5
2022-09-12,97.2300033569336,114.52999877929688,5.16480016708374,107.20999908447266,1728.0999755859375,96.9000015258789,79.5,0.0360790006816387,50.400001525878906,8.24899959564209,5.146299839019775,712.25
2022-09-13,97.2300033569336,111.70999908447266,5.155200004577637,104.86000061035156,1705.0,95.0,79.5,0.0357090011239051,48.900001525878906,8.284000396728516,5.0920000076293945,709.0
2022-09-14,97.2300033569336,111.4000015258789,5.1768999099731445,105.29000091552734,1696.5,95.6999969482422,79.5,0.0359379984438419,47.70000076293945,9.11400032043457,5.189799785614014,709.0
2022-09-15,97.2300033569336,111.1500015258789,5.151100158691406,104.25,1665.4000244140625,95.6500015258789,79.5,0.0361360013484954,48.09999847412109,8.324000358581543,5.162700176239014,677.5
2022-09-16,97.2300033569336,110.4800033569336,5.237199783325195,103.22000122070312,1671.699951171875,96.2300033569336,79.5,0.0365879982709884,47.95000076293945,7.763999938964844,5.246099948883057,677.25
2022-09-19,97.2300033569336,113.05999755859376,5.249000072479248,107.0999984741211,1666.199951171875,96.3499984741211,79.5,0.0367820002138614,49.400001525878906,7.751999855041504,5.250699996948242,678.25
2022-09-20,97.2300033569336,113.77999877929688,5.182600021362305,110.0,1659.699951171875,97.33000183105467,79.5,0.0361020006239414,48.5,7.717000007629394,5.170899868011475,692.0
2022-09-21,97.2300033569336,112.79000091552734,5.123799800872803,108.75,1664.5999755859375,96.98999786376952,79.5,0.035801000893116,48.20000076293945,7.778999805450439,5.141499996185303,685.5
2022-09-22,97.2300033569336,115.2699966430664,5.081200122833252,110.1999969482422,1670.800048828125,97.62000274658205,79.5,0.0358150005340576,49.29999923706055,7.089000225067139,5.170400142669678,688.25
2022-09-23,97.2300033569336,112.58000183105467,5.031199932098389,107.7300033569336,1645.300048828125,97.9000015258789,79.5,0.0359239988029003,47.900001525878906,6.828000068664551,5.115499973297119,676.75
2022-09-26,97.2300033569336,110.36000061035156,4.965000152587891,105.6999969482422,1623.300048828125,97.0,79.5,0.0366659983992576,47.0,6.902999877929688,5.258800029754639,666.25
2022-09-27,97.2300033569336,109.2300033569336,5.150400161743164,104.43000030517578,1626.699951171875,96.6999969482422,79.5,0.0372410006821155,47.34999847412109,6.651000022888184,5.389400005340576,667.5
2022-09-28,97.2300033569336,109.29000091552734,5.157899856567383,104.9000015258789,1660.4000244140625,97.08000183105467,79.5,0.0371659994125366,47.27000045776367,6.868000030517578,5.378099918365479,670.5
2022-09-29,97.2300033569336,108.81999969482422,5.215799808502197,104.6999969482422,1658.5,96.33000183105467,79.5,0.0372209995985031,47.38999938964844,6.874000072479248,5.374199867248535,669.5
2022-09-30,97.2300033569336,111.2699966430664,5.303100109100342,106.0999984741211,1662.4000244140625,97.5500030517578,79.5,0.0373600013554096,48.88999938964844,6.765999794006348,5.396200180053711,677.5
2022-10-03,97.2300033569336,117.4499969482422,5.303999900817871,112.47000122070312,1692.9000244140625,98.11000061035156,79.5,0.0373769998550415,50.119998931884766,6.46999979019165,5.414299964904785,680.75
2022-10-04,97.2300033569336,117.13999938964844,5.074699878692627,112.13999938964844,1721.0999755859375,98.3499984741211,79.5,0.0357309989631176,50.900001525878906,6.836999893188477,5.16349983215332,683.0
2022-10-05,97.2300033569336,118.44000244140624,5.163700103759766,113.33000183105467,1711.4000244140625,97.47000122070312,79.5,0.0359489992260932,51.41999816894531,6.929999828338623,5.17579984664917,684.0
2022-10-06,97.2300033569336,118.83999633789062,5.145299911499023,112.83000183105467,1711.699951171875,98.5,79.5,0.0359590016305446,51.22999954223633,6.9720001220703125,5.195199966430664,675.5
2022-10-07,97.2300033569336,117.76000213623048,5.1072998046875,111.97000122070312,1700.5,97.38999938964844,79.5,0.0359850004315376,51.0,6.748000144958496,5.220099925994873,683.25
2022-10-10,97.2300033569336,117.23999786376952,5.091000080108643,111.0,1667.300048828125,97.83000183105467,79.5,0.0357460007071495,51.54999923706055,6.434999942779541,5.198400020599365,698.25
2022-10-11,97.2300033569336,115.87000274658205,5.033999919891357,109.87999725341795,1678.699951171875,97.01000213623048,79.5,0.0356080010533332,51.400001525878906,6.5960001945495605,5.186800003051758,693.0
2022-10-13,97.2300033569336,115.22000122070312,5.135200023651123,108.80999755859376,1670.0,96.58000183105467,79.5,0.0360619984567165,51.630001068115234,6.741000175476074,5.291500091552734,697.75
2022-10-14,97.2300033569336,112.91999816894533,5.136000156402588,108.0999984741211,1641.699951171875,97.75,79.5,0.0357090011239051,51.0,6.453000068664551,5.259799957275391,689.75
2022-10-17,97.2300033569336,114.6999969482422,5.176199913024902,109.81999969482422,1657.0,97.75,79.5,0.0358689986169338,51.63999938964844,5.999000072479248,5.327400207519531,683.5
2022-10-18,97.2300033569336,116.76000213623048,5.194900035858154,111.55999755859376,1649.0,98.0999984741211,79.5,0.0354249998927116,52.29999923706055,5.744999885559082,5.277359008789063,681.0
2022-10-19,97.2300033569336,117.2300033569336,5.165299892425537,111.9000015258789,1627.5,98.0,79.5,0.0351140014827251,51.619998931884766,5.461999893188477,5.239799976348877,678.25
2022-10-20,97.2300033569336,118.0999984741211,5.142899990081787,113.41999816894533,1630.800048828125,98.0,79.5,0.0351749993860721,52.5,5.357999801635742,5.269199848175049,684.0
2022-10-21,97.2300033569336,121.12000274658205,5.098400115966797,116.1999969482422,1651.0,97.0999984741211,79.5,0.0347360000014305,53.09999847412109,4.959000110626221,5.216599941253662,684.25
2022-10-24,97.2300033569336,117.01000213623048,5.062600135803223,111.0,1648.699951171875,98.11000061035156,79.5,0.0344979986548423,52.70000076293945,5.198999881744385,5.163400173187256,681.5
2022-10-25,97.2300033569336,115.81999969482422,5.243500232696533,110.11000061035156,1652.800048828125,96.95999908447266,79.5,0.0356459990143775,52.45000076293945,5.61299991607666,5.30620002746582,686.25
2022-10-26,97.2300033569336,114.08000183105467,5.292399883270264,106.2699966430664,1664.0,96.81999969482422,79.5,0.0359189994633197,53.09000015258789,5.605999946594238,5.315199851989746,685.0
2022-10-27,97.2300033569336,115.66000366210938,5.430799961090088,109.0999984741211,1660.699951171875,96.9499969482422,79.5,0.0368480011820793,52.97999954223633,5.185999870300293,5.383900165557861,682.25
2022-10-28,97.2300033569336,115.97000122070312,5.320899963378906,110.16999816894533,1639.5999755859375,97.91999816894533,79.5,0.0364940017461776,52.150001525878906,5.684000015258789,5.339200019836426,680.75
2022-10-31,97.2300033569336,117.36000061035156,5.27370023727417,113.25,1635.9000244140625,97.7699966430664,79.5,0.0358770005404949,51.84999847412109,6.355000019073486,5.28849983215332,691.5
2022-11-01,97.2300033569336,117.9499969482422,5.117599964141846,113.9000015258789,1645.0,99.05999755859376,79.5,0.0348180010914802,52.68000030517578,5.714000225067139,5.178800106048584,697.75
2022-11-03,97.2300033569336,118.2300033569336,5.045300006866455,113.9499969482422,1627.300048828125,98.0999984741211,79.5,0.0347799994051456,52.56999969482422,5.974999904632568,5.142600059509277,679.25
2022-11-04,97.2300033569336,119.43000030517578,4.984600067138672,114.5500030517578,1672.5,97.94000244140624,79.5,0.0344760008156299,54.650001525878906,6.400000095367432,5.1149001121521,681.0
2022-11-07,97.2300033569336,116.58999633789062,5.03380012512207,111.9000015258789,1676.5,96.91000366210938,79.5,0.0344749987125396,54.150001525878906,6.943999767303467,5.078132152557373,675.75
2022-11-08,97.2300033569336,117.45999908447266,5.162499904632568,111.80999755859376,1712.0999755859375,97.75,79.5,0.0351429991424083,55.459999084472656,6.138000011444092,5.153326988220215,667.5
2022-11-09,97.2300033569336,114.88999938964844,5.181000232696533,106.3000030517578,1710.0999755859375,97.0,79.5,0.0353970006108284,55.400001525878906,5.864999771118164,5.14300012588501,664.5
2022-11-10,97.2300033569336,110.9499969482422,5.192200183868408,100.5500030517578,1750.300048828125,96.5999984741211,79.5,0.0354590006172657,55.209999084472656,6.238999843597412,5.185200214385986,653.25
2022-11-11,97.2300033569336,113.5,5.445099830627441,98.29000091552734,1766.0,95.25,79.5,0.0377099998295307,59.4900016784668,5.879000186920166,5.341579914093018,658.0
2022-11-14,97.2300033569336,114.43000030517578,5.509900093078613,99.1500015258789,1773.5999755859375,95.98999786376952,79.5,0.0383390001952648,59.59000015258789,5.933000087738037,5.279058933258057,657.25
2022-11-16,97.2300033569336,111.45999908447266,5.520500183105469,97.3499984741211,1773.0,95.47000122070312,79.5,0.0383850000798702,58.81999969482422,6.199999809265137,5.331699848175049,665.25
2022-11-17,97.2300033569336,110.58999633789062,5.608500003814697,96.5,1760.800048828125,95.0500030517578,79.5,0.038731999695301,58.04999923706055,6.36899995803833,5.39900016784668,667.5
2022-11-18,97.2300033569336,110.08000183105467,5.616499900817871,97.0999984741211,1751.9000244140625,95.0500030517578,79.5,0.0386269986629486,57.34999847412109,6.302999973297119,5.422100067138672,667.75
2022-11-21,97.2300033569336,111.0,5.553899765014648,97.8000030517578,1737.4000244140625,95.12000274658205,79.5,0.0383460000157356,56.709999084472656,6.776000022888184,5.38129997253418,659.5
2022-11-22,97.2300033569336,110.12999725341795,5.446599960327148,96.4000015258789,1738.300048828125,94.5,79.5,0.0374290011823177,57.20000076293945,6.77899980545044,5.318600177764893,656.75
2022-11-23,97.2300033569336,110.1500015258789,5.5218000411987305,96.9499969482422,1744.9000244140625,93.5999984741211,79.5,0.0379550009965896,57.59999847412109,7.308000087738037,5.357699871063232,663.25
2022-11-25,97.2300033569336,109.9000015258789,5.5346999168396,97.0,1753.300048828125,93.80999755859376,79.5,0.0383890010416507,57.40999984741211,7.02400016784668,5.320000171661377,668.0
2022-11-28,97.2300033569336,110.06999969482422,5.620800018310547,96.54000091552734,1740.0999755859375,93.95999908447266,79.5,0.0388760007917881,57.040000915527344,6.711999893188477,5.4085001945495605,668.75
2022-11-29,97.2300033569336,112.25,5.54640007019043,97.81999969482422,1748.4000244140625,94.66000366210938,79.5,0.0386670008301734,58.59000015258789,7.235000133514404,5.364699840545654,665.75
2022-11-30,97.2300033569336,113.76000213623048,5.436200141906738,97.75,1746.0,95.29000091552734,79.5,0.0379699990153312,58.75,6.929999828338623,5.268199920654297,662.0
2022-12-01,97.2300033569336,112.2699966430664,5.400899887084961,98.0999984741211,1801.0999755859375,96.33000183105467,79.5,0.0377039983868598,58.380001068115234,6.73799991607666,5.181589126586914,650.0
2022-12-02,97.2300033569336,112.97000122070312,5.45550012588501,99.47000122070312,1795.9000244140625,97.3000030517578,79.5,0.0383570007979869,58.47999954223633,6.281000137329102,5.183599948883057,635.0
2022-12-05,97.2300033569336,110.33999633789062,5.497200012207031,96.2300033569336,1767.4000244140625,95.7699966430664,79.5,0.0387840010225772,58.33000183105469,5.577000141143799,5.2179999351501465,628.75
2022-12-06,97.2300033569336,111.1500015258789,5.539899826049805,96.9000015258789,1769.300048828125,95.0,79.5,0.0386260002851486,59.59999847412109,5.468999862670898,5.28000020980835,625.5
2022-12-07,97.2300033569336,110.30999755859376,5.476200103759766,97.02999877929688,1785.5,95.47000122070312,79.5,0.038222998380661,58.20000076293945,5.7230000495910645,5.234000205993652,627.75
2022-12-08,97.2300033569336,108.56999969482422,5.469399929046631,93.9000015258789,1788.699951171875,95.5199966430664,79.5,0.0381609983742237,58.0,5.961999893188477,5.203999996185303,632.0
2022-12-09,97.2300033569336,108.81999969482422,5.5131001472473145,93.75,1798.0999755859375,95.16000366210938,79.5,0.0382459983229637,60.0,6.244999885559082,5.224299907684326,634.75
2022-12-12,97.2300033569336,106.62000274658205,5.515200138092041,91.3499984741211,1780.5,93.20999908447266,79.5,0.0383329987525939,58.70000076293945,6.586999893188477,5.235000133514404,641.25
2022-12-13,97.2300033569336,104.8499984741211,5.606800079345703,89.25,1813.9000244140625,93.44000244140624,79.5,0.0386959984898567,58.04999923706055,6.934999942779541,5.321300029754639,643.75
2022-12-14,97.2300033569336,105.08000183105467,5.622000217437744,90.0,1807.5,93.73999786376952,79.5,0.0390309989452362,58.70000076293945,6.429999828338623,5.292799949645996,639.0
2022-12-15,97.2300033569336,104.97000122070312,5.632599830627441,89.9000015258789,1777.199951171875,93.37999725341795,79.5,0.0390029996633529,57.79999923706055,6.96999979019165,5.277200222015381,653.5
2022-12-16,97.2300033569336,104.13999938964844,5.639699935913086,89.80000305175781,1790.0,93.55999755859376,79.5,0.0385310016572475,57.0,6.599999904632568,5.311800003051758,653.0
2022-12-19,97.2300033569336,105.7699966430664,5.6209001541137695,93.3499984741211,1787.699951171875,93.54000091552734,79.5,0.0388379991054534,55.9900016784668,5.85099983215332,5.306509017944336,647.25
2022-12-20,97.2300033569336,108.27999877929688,5.6128997802734375,95.88999938964844,1815.9000244140625,93.4000015258789,79.5,0.0386300012469291,57.0099983215332,5.326000213623047,5.291600227355957,652.0
2022-12-21,97.2300033569336,108.83999633789062,5.521100044250488,97.25,1815.9000244140625,92.9499969482422,79.5,0.0394130013883113,56.90999984741211,5.331999778747559,5.198400020599365,662.25
2022-12-22,97.2300033569336,108.93000030517578,5.513999938964844,96.22000122070312,1787.0,93.5,79.5,0.0392829999327659,56.29999923706055,4.999000072479248,5.199900150299072,660.5
2022-12-23,97.2300033569336,110.72000122070312,5.474100112915039,100.0,1795.9000244140625,94.0,79.5,0.0390250012278556,55.61000061035156,5.078999996185303,5.165599822998047,666.25
2022-12-27,97.2300033569336,109.91999816894533,5.459099769592285,97.3000030517578,1814.800048828125,94.05999755859376,79.5,0.0392590016126632,57.25,5.2820000648498535,5.21750020980835,674.75
2022-12-28,97.2300033569336,111.31999969482422,5.627099990844727,99.79000091552734,1807.9000244140625,96.0,79.5,0.0396430008113384,57.400001525878906,4.709000110626221,5.292300224304199,682.75
2022-12-29,97.2300033569336,111.0999984741211,5.587800025939941,99.44000244140624,1819.5,94.91999816894533,79.5,0.0392899997532367,57.560001373291016,4.559000015258789,5.2667999267578125,679.5
2023-01-03,97.2300033569336,105.0999984741211,5.723199844360352,93.0,1839.699951171875,94.0,79.5,0.0409800000488758,57.04999923706055,3.98799991607666,5.360130786895752,670.5
2023-01-04,97.2300033569336,106.73999786376952,5.776299953460693,93.12999725341795,1852.800048828125,93.0500030517578,79.5,0.0417519994080066,57.68999862670898,4.171999931335449,5.478499889373779,653.75
2023-01-05,97.2300033569336,108.83000183105467,5.758500099182129,96.33999633789062,1834.800048828125,92.11000061035156,79.5,0.0410789996385574,58.79999923706055,3.7200000286102295,5.430099964141846,652.75
2023-01-06,97.2300033569336,110.43000030517578,5.626200199127197,97.81999969482422,1864.199951171875,93.95999908447266,79.5,0.040132001042366,59.09999847412109,3.7100000381469727,5.349800109863281,654.0
2023-01-09,97.2300033569336,110.19000244140624,5.559199810028076,98.13999938964844,1872.699951171875,94.0999984741211,79.5,0.0395530015230178,59.7599983215332,3.910000085830689,5.224400043487549,652.75
2023-01-10,97.2300033569336,112.0500030517578,5.63730001449585,100.83999633789062,1871.5999755859373,95.58000183105467,79.5,0.0398829989135265,60.59999847412109,3.638999938964844,5.253699779510498,655.0
2023-01-11,97.2300033569336,114.05999755859376,5.579699993133545,102.9000015258789,1874.5999755859373,95.30999755859376,79.5,0.0393429994583129,60.5099983215332,3.671000003814697,5.198299884796143,656.0
2023-01-12,97.2300033569336,113.36000061035156,5.551499843597412,101.0,1895.5,96.0199966430664,79.5,0.0391089990735054,60.650001525878906,3.694999933242798,5.1585001945495605,671.0
2023-01-13,97.2300033569336,112.4000015258789,5.543499946594238,100.2699966430664,1918.4000244140625,97.0,79.5,0.0395440012216568,61.04999923706055,3.4189999103546143,5.107699871063232,675.0
2023-01-17,97.2300033569336,113.0,5.570700168609619,100.0500030517578,1907.199951171875,95.70999908447266,79.5,0.0401119999587535,60.5,3.5859999656677246,5.145999908447266,685.25
2023-01-18,97.2300033569336,113.47000122070312,5.499199867248535,101.91999816894533,1904.4000244140625,95.62000274658205,79.5,0.0397530011832714,61.16999816894531,3.311000108718872,5.099599838256836,681.25
2023-01-19,97.2300033569336,114.08000183105467,5.596199989318848,101.80999755859376,1922.0999755859373,95.62000274658205,79.5,0.0403149984776973,61.0,3.275000095367432,5.185299873352051,677.25
2023-01-20,97.2300033569336,113.4800033569336,5.602200031280518,100.93000030517578,1926.4000244140625,95.62000274658205,79.5,0.0402939990162849,60.709999084472656,3.174000024795532,5.172999858856201,676.25
2023-01-23,97.2300033569336,113.16999816894533,5.649199962615967,98.33000183105467,1927.0999755859373,94.8499984741211,79.5,0.0401870012283325,60.52000045776367,3.447000026702881,5.206299781799316,666.25
2023-01-24,97.2300033569336,114.58999633789062,5.658699989318848,99.61000061035156,1933.9000244140625,94.38999938964844,79.5,0.0398619994521141,61.0,3.257999897003174,5.205900192260742,677.0
2023-01-25,97.2300033569336,115.86000061035156,5.592100143432617,100.8000030517578,1941.199951171875,95.5,79.5,0.0394550003111362,60.380001068115234,3.066999912261963,5.138400077819824,674.75
2023-01-26,97.2300033569336,115.7300033569336,5.537399768829346,100.8499984741211,1929.0999755859373,95.4800033569336,79.5,0.0392360016703605,61.29999923706055,2.944000005722046,5.072199821472168,682.5
2023-01-27,97.2300033569336,113.5,5.514999866485596,98.8000030517578,1928.5999755859373,94.04000091552734,79.5,0.0389959998428821,60.220001220703125,3.108999967575073,5.062745094299316,683.0
2023-01-30,97.2300033569336,113.83000183105467,5.5493998527526855,99.79000091552734,1922.9000244140625,94.3000030517578,79.5,0.0393199995160102,60.40999984741211,2.677000045776367,5.107200145721436,683.75
2023-01-31,97.2300033569336,114.6500015258789,5.547100067138672,100.4000015258789,1929.5,95.12999725341795,79.5,0.0391979999840259,61.0,2.684000015258789,5.1149001121521,679.75
2023-02-01,97.2300033569336,113.31999969482422,5.506400108337402,98.87999725341795,1927.800048828125,95.0,79.5,0.0389810018241405,60.650001525878906,2.4679999351501465,5.072199821472168,681.0
2023-02-02,97.2300033569336,111.3000030517578,5.561299800872803,99.61000061035156,1916.300048828125,94.75,79.5,0.0392820015549659,57.79999923706055,2.4560000896453857,5.053500175476074,675.25
2023-02-03,97.2300033569336,109.63999938964844,5.504499912261963,96.93000030517578,1862.9000244140625,94.0,79.5,0.0392140001058578,58.52000045776367,2.4100000858306885,5.049200057983398,677.5
2023-02-06,97.2300033569336,109.95999908447266,5.495200157165527,97.3000030517578,1866.199951171875,94.0,79.5,0.0391290001571178,57.790000915527344,2.4570000171661377,5.149799823760986,679.0
2023-02-07,97.2300033569336,108.9499969482422,5.518099784851074,95.12999725341795,1871.699951171875,94.98999786376952,79.5,0.0388030000030994,58.18000030517578,2.5840001106262207,5.145699977874756,674.0
2023-02-08,97.2300033569336,111.0999984741211,5.585899829864502,100.26000213623048,1877.4000244140625,94.79000091552734,79.5,0.0397330000996589,58.13999938964844,2.3959999084472656,5.2093000411987305,678.5
2023-02-09,97.2300033569336,109.1999969482422,5.5690999031066895,97.83999633789062,1866.199951171875,94.54000091552734,79.5,0.0395760014653205,56.84000015258789,2.430000066757202,5.19950008392334,670.75
2023-02-10,97.2300033569336,109.26000213623048,5.678599834442139,97.1500015258789,1862.800048828125,94.88999938964844,79.5,0.040217000991106,56.380001068115234,2.513999938964844,5.289500236511231,680.5
2023-02-13,97.2300033569336,110.37000274658205,5.564700126647949,98.8000030517578,1851.9000244140625,94.88999938964844,79.5,0.0395659990608692,56.61000061035156,2.4049999713897705,5.213482856750488,685.0
2023-02-14,97.2300033569336,109.0,5.53249979019165,98.5,1854.0,94.88999938964844,79.5,0.0389799997210502,56.5,2.566999912261963,5.158400058746338,682.25
2023-02-15,97.2300033569336,110.75,5.569900035858154,100.18000030517578,1834.199951171875,95.75,79.5,0.0390340015292167,57.5,2.470999956130981,5.191500186920166,676.25
2023-02-16,97.2300033569336,111.41000366210938,5.576200008392334,100.1999969482422,1842.0,95.73999786376952,79.5,0.0389579981565475,57.43999862670898,2.388999938964844,5.2179999351501465,676.0
2023-02-17,97.2300033569336,110.31999969482422,5.561100006103516,99.5500030517578,1840.4000244140625,96.93000030517578,79.5,0.0389109998941421,56.77999877929688,2.275000095367432,5.216800212860107,677.75
2023-02-22,97.2300033569336,108.27999877929688,5.500999927520752,98.0,1832.0,96.9000015258789,79.5,0.0382979996502399,55.84999847412109,2.174000024795532,5.166500091552734,674.0
2023-02-23,97.2300033569336,108.72000122070312,5.460999965667725,97.83999633789062,1818.0,96.91999816894533,79.5,0.0381820015609264,56.220001220703125,2.313999891281128,5.151199817657471,660.25
2023-02-24,97.2300033569336,106.97000122070312,5.441599845886231,95.4800033569336,1808.800048828125,96.41000366210938,79.5,0.0381640009582042,55.25,2.450999975204468,5.136199951171875,650.0
2023-02-27,97.2300033569336,106.83000183105467,5.4105000495910645,95.18000030517578,1817.0,96.0,79.5,0.0380159988999366,55.369998931884766,2.7309999465942383,5.207799911499023,642.75
2023-02-28,97.2300033569336,105.9000015258789,5.513999938964844,95.2300033569336,1828.9000244140625,96.2300033569336,79.5,0.0381579995155334,56.27000045776367,2.746999979019165,5.199699878692627,629.5
2023-03-01,97.2300033569336,105.62000274658205,5.535600185394287,93.3499984741211,1837.699951171875,95.77999877929688,79.5,0.0384000018239021,57.5,2.811000108718872,5.235899925231934,640.5
2023-03-02,97.2300033569336,104.41999816894533,5.522200107574463,92.1500015258789,1833.5,95.9000015258789,79.5,0.0380350016057491,57.290000915527344,2.765000104904175,5.178299903869629,637.75
2023-03-03,97.2300033569336,104.9000015258789,5.509200096130371,92.04000091552734,1847.699951171875,95.75,79.5,0.038026001304388,57.77000045776367,3.009000062942505,5.1996002197265625,645.25
2023-03-06,97.2300033569336,105.8499984741211,5.521299839019775,94.76000213623048,1847.9000244140625,95.75,79.5,0.0382370017468929,56.70000076293945,2.572000026702881,5.194399833679199,644.5
2023-03-07,97.2300033569336,105.3499984741211,5.502900123596191,95.5,1813.9000244140625,95.52999877929688,79.5,0.0378799997270107,56.13999938964844,2.687000036239624,5.152200222015381,642.0
2023-03-08,97.2300033569336,108.04000091552734,5.472400188446045,97.7699966430664,1812.699951171875,95.66000366210938,79.5,0.0377769991755485,56.61000061035156,2.5510001182556152,5.190000057220459,634.5
2023-03-09,97.2300033569336,106.1500015258789,5.424300193786621,97.51000213623048,1829.300048828125,96.93000030517578,79.5,0.037491999566555,55.380001068115234,2.5429999828338623,5.144400119781494,618.5
2023-03-10,97.2300033569336,104.76000213623048,5.462600231170654,94.33999633789062,1862.0,96.93000030517578,79.5,0.0378829985857009,54.18000030517578,2.430000066757202,5.163700103759766,624.25
2023-03-13,97.2300033569336,104.25,5.444499969482422,94.06999969482422,1911.699951171875,97.88999938964844,79.5,0.0386100001633167,53.869998931884766,2.6059999465942383,5.21560001373291,624.5
2023-03-14,97.2300033569336,104.0500030517578,5.623600006103516,93.18000030517578,1906.199951171875,96.27999877929688,79.5,0.0394000001251697,53.93000030517578,2.572999954223633,5.245699882507324,627.5
2023-03-15,97.2300033569336,103.79000091552734,5.632400035858154,93.6999969482422,1926.5999755859373,97.2300033569336,79.5,0.039071999490261,52.400001525878906,2.438999891281128,5.251699924468994,626.5
2023-03-16,97.2300033569336,104.69000244140624,5.593299865722656,95.5500030517578,1919.0,97.3499984741211,79.5,0.0398100018501281,52.560001373291016,2.513999938964844,5.287099838256836,632.75
2023-03-17,97.2300033569336,103.19000244140624,5.548099994659424,92.5,1969.800048828125,97.98999786376952,79.5,0.0392049998044967,52.209999084472656,2.338000059127808,5.229599952697754,634.25
2023-03-20,97.2300033569336,102.25,5.535600185394287,92.1999969482422,1979.199951171875,98.4000015258789,79.5,0.0400100015103817,52.290000915527344,2.2230000495910645,5.2778000831604,633.0
2023-03-21,97.2300033569336,102.11000061035156,5.608799934387207,92.9000015258789,1938.0,97.01000213623048,79.5,0.0398450009524822,51.79999923706055,2.3480000495910645,5.235700130462647,630.0
2023-03-22,97.2300033569336,101.31999969482422,5.644400119781494,92.1999969482422,1946.800048828125,97.47000122070312,79.5,0.0395999997854232,52.0,2.1710000038146973,5.240900039672852,633.5
2023-03-23,97.2300033569336,99.0,5.689300060272217,89.62000274658203,1993.800048828125,98.4000015258789,79.5,0.0399090014398098,51.5,2.1540000438690186,5.236100196838379,631.75
2023-03-24,97.2300033569336,100.27999877929688,5.736599922180176,90.83999633789062,1982.0999755859373,98.3000030517578,79.5,0.040497001260519,51.29999923706055,2.2160000801086426,5.29670000076294,643.0
2023-03-27,97.2300033569336,100.8499984741211,5.6417999267578125,92.0199966430664,1952.4000244140625,98.5500030517578,79.5,0.0401110015809536,51.040000915527344,2.088000059127808,5.245100021362305,648.25
2023-03-28,97.2300033569336,102.38999938964844,5.614099979400635,91.94000244140624,1972.4000244140625,99.48999786376952,79.5,0.0396049991250038,52.0099983215332,2.0299999713897705,5.197100162506104,647.25
2023-03-29,97.2300033569336,103.12000274658205,5.59630012512207,92.41999816894533,1966.0999755859373,99.4800033569336,79.5,0.0394090004265308,52.59999847412109,1.991000056266785,5.164400100708008,650.5
2023-03-30,97.2300033569336,105.1500015258789,5.565000057220459,94.52999877929688,1980.300048828125,99.56999969482422,79.5,0.0387180000543594,53.18000030517578,2.1040000915527344,5.134200096130371,649.5
2023-03-31,97.2300033569336,103.0,5.551799774169922,93.91999816894533,1969.0,99.5500030517578,79.5,0.0382670015096664,52.459999084472656,2.2160000801086426,5.092700004577637,660.5
2023-04-03,97.2300033569336,102.75,5.485599994659424,92.4499969482422,1983.9000244140625,98.83999633789062,79.5,0.0380089990794658,52.52999877929688,2.0969998836517334,5.062300205230713,657.75
2023-04-04,97.2300033569336,103.0999984741211,5.520100116729736,94.3499984741211,2022.199951171875,99.76000213623048,79.5,0.0382939986884593,51.619998931884766,2.1059999465942383,5.06309986114502,653.75
2023-04-05,97.2300033569336,102.30999755859376,5.553800106048584,94.4000015258789,2020.9000244140625,99.6500015258789,79.5,0.0385660007596015,50.470001220703125,2.1549999713897705,5.070700168609619,652.75
2023-04-06,97.2300033569336,102.23999786376952,5.485599994659424,94.20999908447266,2011.9000244140625,99.76000213623048,79.5,0.0384639985859394,50.20000076293945,2.010999917984009,5.033199787139893,643.5
2023-04-10,97.2300033569336,103.27999877929688,5.52239990234375,94.93000030517578,1989.0999755859373,99.04000091552734,79.5,0.0382600016891956,51.36000061035156,2.171999931335449,5.054399967193604,654.0
2023-04-11,97.2300033569336,107.51000213623048,5.52239990234375,98.83000183105467,2004.800048828125,99.52999877929688,79.5,0.0379199981689453,53.70000076293945,2.186000108718872,5.065299987792969,651.0
2023-04-12,97.2300033569336,108.19000244140624,5.45989990234375,101.05999755859376,2010.9000244140625,100.5199966430664,79.5,0.0374559983611106,53.459999084472656,2.0929999351501465,5.004000186920166,656.0
2023-04-13,97.2300033569336,107.88999938964844,5.406400203704834,100.62999725341795,2041.300048828125,101.01000213623048,79.5,0.0369580015540123,52.84000015258789,2.006999969482422,4.916900157928467,652.25
2023-04-14,97.2300033569336,107.66999816894533,5.44189977645874,101.54000091552734,2002.199951171875,100.9000015258789,79.5,0.0371840000152587,52.22999954223633,2.114000082015991,4.926700115203857,666.25
2023-04-17,97.2300033569336,107.41999816894533,5.39769983291626,101.22000122070312,1994.199951171875,101.0,79.5,0.0366530008614063,51.81999969482422,2.275000095367432,4.908699989318848,676.5
2023-04-18,97.2300033569336,107.66000366210938,5.395100116729736,101.01000213623048,2007.4000244140625,101.29000091552734,79.5,0.0367479994893074,52.18000030517578,2.365999937057495,4.939799785614014,677.5
2023-04-19,97.2300033569336,105.20999908447266,5.468500137329102,99.5199966430664,1995.199951171875,100.94000244140624,79.5,0.0371840000152587,51.5,2.2219998836517334,4.984300136566162,672.25
2023-04-20,97.2300033569336,105.8000030517578,5.554599761962891,99.87000274658205,2007.5999755859373,101.0,79.5,0.0376649983227252,50.91999816894531,2.249000072479248,5.074299812316895,663.75
2023-04-24,97.2300033569336,105.2300033569336,5.544700145721436,99.73999786376952,1989.0999755859373,100.72000122070312,79.5,0.0376829989254474,49.72999954223633,2.2730000019073486,5.047900199890137,651.25
2023-04-25,97.2300033569336,104.4800033569336,5.563000202178955,100.37999725341795,1994.0,102.31999969482422,79.5,0.0375390015542507,48.54999923706055,2.306999921798706,5.033400058746338,646.5
2023-04-26,97.2300033569336,103.56999969482422,5.545100212097168,98.83999633789062,1985.699951171875,101.75,79.5,0.0377949997782707,48.63999938964844,2.117000102996826,5.053100109100342,641.5
2023-04-27,97.2300033569336,104.29000091552734,5.568399906158447,100.0999984741211,1989.9000244140625,103.0,79.5,0.0377959981560707,48.810001373291016,2.3550000190734863,5.043000221252441,627.0
2023-04-28,97.2300033569336,105.69000244140624,5.48829984664917,100.81999969482422,1990.0999755859373,102.83999633789062,79.5,0.0371900014579296,50.34999847412109,2.4100000858306885,4.976200103759766,636.0
2023-05-02,97.2300033569336,103.18000030517578,5.492300033569336,98.51000213623048,2014.300048828125,102.72000122070312,79.5,0.0363229997456073,49.5099983215332,2.21399998664856,4.9878997802734375,638.0
2023-05-03,97.2300033569336,103.08999633789062,5.544600009918213,98.66000366210938,2028.5999755859373,101.9800033569336,79.5,0.0369280017912387,49.59999847412109,2.1700000762939453,5.038400173187256,645.25
2023-05-04,97.2300033569336,103.6500015258789,5.526199817657471,100.1999969482422,2048.0,103.6999969482422,79.5,0.0371210016310215,48.52000045776367,2.1010000705718994,4.994400024414063,646.5
2023-05-05,97.2300033569336,106.6999969482422,5.4903998374938965,103.79000091552734,2017.4000244140625,103.0,79.5,0.0371310003101825,50.77999877929688,2.13700008392334,4.982600212097168,653.25
2023-05-08,97.2300033569336,107.3499984741211,5.45389986038208,104.91000366210938,2026.300048828125,103.7300033569336,79.5,0.036625999957323,51.630001068115234,2.23799991607666,4.951700210571289,656.5
2023-05-09,97.2300033569336,108.62999725341795,5.50540018081665,105.30999755859376,2036.199951171875,103.0500030517578,79.5,0.0370620004832744,51.90999984741211,2.2669999599456787,5.007999897003174,642.25
2023-05-10,97.2300033569336,108.8000030517578,5.464499950408936,106.33999633789062,2030.5,103.05999755859376,79.5,0.0368570014834404,51.15999984741211,2.190999984741211,4.985899925231934,645.5
2023-05-11,97.2300033569336,109.61000061035156,5.426599979400635,108.1500015258789,2014.699951171875,103.4000015258789,79.5,0.0368620008230209,50.58000183105469,2.190000057220459,4.94290018081665,632.5
2023-05-12,97.2300033569336,109.81999969482422,5.376200199127197,107.33999633789062,2014.5,104.20999908447266,79.5,0.0366499982774257,50.81999969482422,2.2660000324249268,4.929500102996826,633.25
2023-05-15,97.2300033569336,110.47000122070312,5.335999965667725,107.93000030517578,2018.0,105.33999633789062,79.5,0.0362280011177063,51.400001525878906,2.375,4.920199871063232,592.5
2023-05-16,97.2300033569336,109.44000244140624,5.312699794769287,106.80999755859376,1988.4000244140625,105.4800033569336,79.5,0.0359279997646808,50.90999984741211,2.375999927520752,4.887899875640869,581.25
2023-05-17,97.2300033569336,110.8499984741211,5.363999843597412,107.94000244140624,1980.699951171875,105.30999755859376,79.5,0.036200001835823,52.220001220703125,2.365000009536743,4.93940019607544,561.5
2023-05-18,97.2300033569336,111.69000244140624,5.348999977111816,108.16000366210938,1956.5,105.4000015258789,79.5,0.0358799993991851,52.63999938964844,2.5920000076293945,4.937699794769287,555.25
2023-05-19,97.2300033569336,112.16999816894533,5.34630012512207,108.79000091552734,1978.699951171875,105.3499984741211,79.5,0.0358130000531673,53.130001068115234,2.5850000381469727,4.964399814605713,554.5
2023-05-22,97.2300033569336,111.58999633789062,5.3358001708984375,107.58000183105467,1974.800048828125,105.3499984741211,79.5,0.036286000162363,53.43000030517578,2.400000095367432,4.996799945831299,571.0
2023-05-23,97.2300033569336,111.37999725341795,5.365300178527832,108.0999984741211,1972.4000244140625,105.3000030517578,79.5,0.0357920005917549,53.02999877929688,2.321000099182129,4.966100215911865,577.5
2023-05-24,97.2300033569336,110.1999969482422,5.351200103759766,106.91999816894533,1962.800048828125,105.3000030517578,79.5,0.0358720012009143,51.59999847412109,2.3980000019073486,4.971199989318848,587.25
2023-05-25,97.2300033569336,111.5,5.330599784851074,109.47000122070312,1943.0999755859373,105.0500030517578,79.5,0.0355999991297721,51.41999816894531,2.306999921798706,4.958600044250488,590.75
2023-05-26,97.2300033569336,112.44000244140624,5.396900177001953,109.4000015258789,1944.0999755859373,105.41999816894533,79.5,0.0359600000083446,51.970001220703125,2.180999994277954,5.035200119018555,604.0
2023-05-30,97.2300033569336,110.33999633789062,5.370800018310547,108.22000122070312,1958.0,106.66000366210938,79.5,0.0357309989631176,51.52999877929688,2.32699990272522,5.018099784851074,594.0
2023-05-31,97.2300033569336,109.6999969482422,5.401199817657471,107.36000061035156,1963.9000244140625,106.86000061035156,79.5,0.0360080003738403,51.15999984741211,2.2660000324249268,5.034800052642822,594.0
2023-06-01,97.2300033569336,112.18000030517578,5.402200222015381,109.16999816894533,1978.0,106.83000183105467,79.5,0.0363310016691684,51.40999984741211,2.157999992370605,5.054800033569336,592.5
2023-06-02,97.2300033569336,114.19000244140624,5.392000198364258,111.8000030517578,1952.4000244140625,106.83000183105467,79.5,0.0361320003867149,53.11000061035156,2.171999931335449,5.0131001472473145,609.0
2023-06-05,97.2300033569336,114.1999969482422,5.305099964141846,112.33999633789062,1958.0,107.52999877929688,79.5,0.0353530012071132,53.2400016784668,2.244999885559082,4.956600189208984,597.5
2023-06-06,97.2300033569336,116.1999969482422,5.274099826812744,112.83000183105467,1965.5,108.5500030517578,79.5,0.0353409983217716,53.5,2.26200008392334,4.925600051879883,608.0
2023-06-07,97.2300033569336,117.08999633789062,5.251299858093262,113.73999786376952,1942.699951171875,107.7699966430664,79.5,0.0351999998092651,53.36000061035156,2.3289999961853027,4.912000179290772,604.25
2023-06-09,97.2300033569336,118.58999633789062,5.305799961090088,115.38999938964844,1962.199951171875,108.1999969482422,79.5,0.035445999354124,53.2400016784668,2.253999948501587,4.922100067138672,604.25
2023-06-12,97.2300033569336,119.05999755859376,5.240799903869629,115.7300033569336,1955.300048828125,107.0999984741211,79.5,0.0350029990077018,53.61000061035156,2.2660000324249268,4.877900123596191,617.25
2023-06-13,97.2300033569336,118.29000091552734,5.229599952697754,115.19000244140624,1944.5999755859373,107.1500015258789,79.5,0.0348570011556148,53.58000183105469,2.3399999141693115,4.860599994659424,612.5
2023-06-14,97.2300033569336,120.73999786376952,5.242099761962891,116.76000213623048,1955.300048828125,107.69000244140624,79.5,0.0346749983727932,54.70000076293945,2.3420000076293945,4.861000061035156,607.75
2023-06-15,97.2300033569336,120.8499984741211,5.217599868774414,117.66000366210938,1957.800048828125,108.0199966430664,79.5,0.0343899987637996,55.5,2.532999992370605,4.815000057220459,623.25
2023-06-16,97.2300033569336,120.33999633789062,5.26200008392334,117.51000213623048,1958.4000244140625,108.0,79.5,0.0343110002577304,55.70000076293945,2.631999969482422,4.809199810028076,640.25
2023-06-20,97.2300033569336,121.30999755859376,5.215099811553955,119.0,1935.5,108.0199966430664,79.5,0.0336549989879131,55.130001068115234,2.492000102996826,4.776899814605713,643.75
2023-06-21,97.2300033569336,122.0500030517578,5.227000236511231,119.73999786376952,1933.300048828125,108.66000366210938,79.5,0.0338720008730888,54.369998931884766,2.5969998836517334,4.789299964904785,671.0
2023-06-22,97.2300033569336,120.72000122070312,5.2322998046875,118.02999877929688,1912.699951171875,108.87999725341795,79.5,0.033610999584198,53.70000076293945,2.6080000400543213,4.76230001449585,660.5
2023-06-23,97.2300033569336,120.6500015258789,5.2256999015808105,117.9800033569336,1919.0999755859373,109.0,79.5,0.0333469994366169,53.61000061035156,2.7290000915527344,4.7697367668151855,630.75
2023-06-26,97.2300033569336,119.81999969482422,5.162700176239014,117.12000274658205,1923.699951171875,109.13999938964844,79.5,0.0333440005779266,53.66999816894531,2.7909998893737797,4.7855000495910645,637.25
2023-06-27,97.2300033569336,119.20999908447266,5.198500156402588,116.8000030517578,1914.0,108.83000183105467,79.5,0.0332369990646839,53.45000076293945,2.763000011444092,4.767300128936768,623.0
2023-06-28,97.2300033569336,118.37999725341795,5.268099784851074,115.8000030517578,1912.300048828125,108.62999725341795,79.5,0.0334470011293888,52.650001525878906,2.6029999256134038,4.810500144958496,590.0
2023-06-29,97.2300033569336,120.30999755859376,5.293399810791016,118.1999969482422,1909.199951171875,111.0,79.5,0.0335920006036758,52.7599983215332,2.700999975204468,4.850500106811523,581.0
2023-06-30,97.2300033569336,119.5999984741211,5.273900032043457,118.98999786376952,1921.0999755859373,109.94000244140624,79.5,0.033534999936819,52.04999923706055,2.7980000972747803,4.855599880218506,554.5
2023-07-03,97.2300033569336,121.5,5.218200206756592,120.1999969482422,1921.699951171875,110.5199966430664,79.5,0.0331399999558925,52.97999954223633,2.7090001106262207,4.784200191497803,557.25
2023-07-05,97.2300033569336,121.30999755859376,5.264800071716309,120.11000061035156,1919.5999755859373,109.5500030517578,79.5,0.0335099995136261,52.959999084472656,2.657000064849853,4.839900016784668,548.25
2023-07-06,97.2300033569336,119.13999938964844,5.259399890899658,117.0,1908.699951171875,109.30999755859376,79.5,0.0335440002381801,52.400001525878906,2.608999967575073,4.8471999168396,566.75
2023-07-07,97.2300033569336,120.61000061035156,5.354599952697754,119.4800033569336,1926.199951171875,109.91000366210938,79.5,0.0341689996421337,53.540000915527344,2.5820000171661377,4.918700218200684,560.5
2023-07-10,97.2300033569336,119.5,5.3343000411987305,117.8499984741211,1925.0,109.1500015258789,79.5,0.0342390015721321,52.88999938964844,2.6689999103546143,4.8709001541137695,570.75
2023-07-11,97.2300033569336,119.13999938964844,5.388199806213379,117.06999969482422,1931.300048828125,109.62000274658205,79.5,0.0346649996936321,53.13999938964844,2.7309999465942383,4.898200035095215,571.75
2023-07-12,97.2300033569336,119.33999633789062,5.340799808502197,116.9000015258789,1956.199951171875,109.6999969482422,79.5,0.0346199981868267,53.58000183105469,2.631999969482422,4.851500034332275,549.75
2023-07-13,97.2300033569336,121.08999633789062,5.3643999099731445,118.70999908447266,1959.199951171875,108.36000061035156,79.5,0.0348230004310607,54.18000030517578,2.5450000762939453,4.81689977645874,593.5
2023-07-14,97.2300033569336,119.30999755859376,5.3796000480651855,117.16999816894533,1960.0999755859373,108.18000030517578,79.5,0.0347260013222694,53.70000076293945,2.5390000343322754,4.7947998046875,599.75
2023-07-17,97.2300033569336,120.08000183105467,5.35699987411499,117.9800033569336,1952.4000244140625,109.29000091552734,79.5,0.034520998597145,53.88999938964844,2.51200008392334,4.788099765777588,499.25
2023-07-18,97.2300033569336,119.5,5.39900016784668,118.80999755859376,1977.199951171875,110.12999725341795,79.5,0.0346340015530586,53.90999984741211,2.628999948501587,4.805799961090088,528.75
2023-07-19,97.2300033569336,119.33000183105467,5.396999835968018,117.54000091552734,1977.5,110.12999725341795,79.5,0.0345770008862018,53.0,2.6029999256134038,4.809299945831299,545.5
2023-07-20,97.2300033569336,119.94000244140624,5.364299774169922,118.36000061035156,1968.300048828125,110.13999938964844,79.5,0.0343110002577304,53.38999938964844,2.756999969482422,4.789899826049805,537.25
2023-07-21,97.2300033569336,122.1500015258789,5.338900089263916,121.12999725341795,1964.300048828125,110.9000015258789,79.5,0.0342950001358985,53.400001525878906,2.713000059127808,4.796899795532227,527.0
2023-07-24,97.2300033569336,123.04000091552734,5.313300132751465,119.56999969482422,1960.300048828125,110.9000015258789,79.5,0.0337090007960796,54.790000915527344,2.684999942779541,4.777400016784668,560.5
2023-07-25,97.2300033569336,123.91000366210938,5.225200176239014,119.29000091552734,1962.0999755859373,110.04000091552734,79.5,0.0333830006420612,56.08000183105469,2.7300000190734863,4.725500106811523,557.5
2023-07-26,97.2300033569336,124.30999755859376,5.244900226593018,119.54000091552734,1968.9000244140625,110.9000015258789,79.5,0.0337029993534088,56.41999816894531,2.664999961853028,4.748899936676025,540.25
2023-07-27,97.2300033569336,121.7300033569336,5.244999885559082,117.8000030517578,1945.4000244140625,111.04000091552734,79.5,0.0337410010397434,56.0,2.492000102996826,4.736199855804443,533.25
2023-07-28,97.2300033569336,121.95999908447266,5.204599857330322,118.0999984741211,1960.4000244140625,111.0500030517578,79.5,0.0341619998216629,55.34999847412109,2.638000011444092,4.741600036621094,521.0
2023-07-31,97.2300033569336,123.77999877929688,5.189499855041504,119.18000030517578,1970.5,111.6999969482422,79.5,0.0335379987955093,56.88999938964844,2.634000062942505,4.723299980163574,504.0
2023-08-01,97.2300033569336,123.0999984741211,5.195199966430664,118.81999969482422,1940.699951171875,111.81999969482422,79.5,0.0331990011036396,56.560001373291016,2.559999942779541,4.724699974060059,497.0
2023-08-02,97.2300033569336,122.63999938964844,5.2555999755859375,118.8000030517578,1937.4000244140625,112.33000183105467,79.5,0.0335550010204315,55.810001373291016,2.476999998092652,4.791999816894531,488.25
2023-08-03,97.2300033569336,122.43000030517578,5.252999782562256,118.76000213623048,1932.0,112.1500015258789,79.5,0.0335579998791217,56.38999938964844,2.565000057220459,4.810400009155273,480.75
2023-08-04,97.2300033569336,121.36000061035156,5.357100009918213,116.16000366210938,1939.5999755859373,112.1500015258789,79.5,0.0344699993729591,56.380001068115234,2.57699990272522,4.916399955749512,484.25
2023-08-07,97.2300033569336,121.1500015258789,5.357900142669678,116.13999938964844,1933.5,112.20999908447266,79.5,0.0344339981675148,56.2400016784668,2.7249999046325684,4.88539981842041,482.25
2023-08-08,97.2300033569336,120.9000015258789,5.382500171661377,115.87000274658205,1924.0999755859373,112.77999877929688,79.5,0.0343800000846385,55.369998931884766,2.7769999504089355,4.89900016784668,485.75
2023-08-09,97.2300033569336,120.2300033569336,5.361499786376953,114.31999969482422,1915.4000244140625,112.5999984741211,79.5,0.0342009998857975,54.38999938964844,2.9590001106262207,4.898600101470947,481.0
2023-08-10,97.2300033569336,119.9000015258789,5.378699779510498,114.76000213623048,1914.4000244140625,113.11000061035156,79.5,0.0341189987957477,54.29999923706055,2.763000011444092,4.901700019836426,483.25
2023-08-11,97.2300033569336,119.91000366210938,5.357100009918213,114.94000244140624,1912.9000244140625,113.38999938964844,79.5,0.0338030010461807,54.220001220703125,2.7699999809265137,4.891499996185303,474.5
2023-08-14,97.2300033569336,118.5199966430664,5.354100227355957,114.0999984741211,1910.5999755859373,112.27999877929688,79.5,0.033899001777172,53.95000076293945,2.7950000762939453,4.910999774932861,475.75
2023-08-15,97.2300033569336,117.75,5.410299777984619,113.69000244140624,1902.5,112.9499969482422,79.5,0.0340920016169548,53.5099983215332,2.6589999198913574,4.962100028991699,464.0
2023-08-16,97.2300033569336,117.4499969482422,5.434599876403809,112.7699966430664,1896.0999755859373,113.05999755859376,79.5,0.0342280007898807,53.630001068115234,2.5920000076293945,4.983200073242188,469.5
2023-08-17,97.2300033569336,116.8000030517578,5.420000076293945,111.5199966430664,1884.0999755859373,112.0,79.5,0.0340999998152256,53.47999954223633,2.621000051498413,4.9868998527526855,473.0
2023-08-18,97.2300033569336,117.27999877929688,5.420000076293945,112.37999725341795,1886.0999755859373,112.5,79.5,0.0341500006616115,53.45000076293945,2.5510001182556152,4.975500106811523,479.5
2023-08-21,97.2300033569336,116.1999969482422,5.3815999031066895,111.4499969482422,1893.300048828125,111.75,79.5,0.0341859981417655,52.83000183105469,2.631999969482422,4.966899871826172,469.25
2023-08-22,97.2300033569336,117.97000122070312,5.419899940490723,113.56999969482422,1896.4000244140625,110.6500015258789,79.5,0.0340490005910396,53.54999923706055,2.559999942779541,4.978700160980225,466.5
2023-08-23,97.2300033569336,119.95999908447266,5.350500106811523,115.1999969482422,1918.5,110.9499969482422,79.5,0.0338770002126693,53.66999816894531,2.496999979019165,4.937099933624268,476.25
2023-08-24,97.2300033569336,118.8000030517578,5.271500110626221,113.3000030517578,1918.199951171875,111.79000091552734,79.5,0.0335270017385482,53.08000183105469,2.5190000534057617,4.855100154876709,472.25
2023-08-25,97.2300033569336,117.6999969482422,5.267300128936768,112.16999816894533,1911.0999755859373,111.37999725341795,79.5,0.0334650017321109,53.150001525878906,2.539999961853028,4.880300045013428,470.75
2023-08-28,97.2300033569336,119.04000091552734,5.248499870300293,114.44000244140624,1917.9000244140625,111.2699966430664,79.5,0.0332249999046325,53.70000076293945,2.5789999961853027,4.870399951934815,478.5
2023-08-29,97.2300033569336,120.3000030517578,5.269899845123291,115.6500015258789,1936.5,111.0,79.5,0.0332709997892379,54.77999877929688,2.555999994277954,4.872600078582764,469.5
2023-08-30,97.2300033569336,119.37000274658205,5.2804999351501465,113.4000015258789,1944.300048828125,111.5500030517578,79.5,0.0332380011677742,54.77999877929688,2.7960000038146973,4.85129976272583,461.75
2023-08-31,97.2300033569336,117.6500015258789,5.313000202178955,112.18000030517578,1938.199951171875,110.5999984741211,79.5,0.0334590002894401,54.43000030517578,2.7679998874664307,4.888400077819824,461.0
2023-09-01,97.2300033569336,119.58000183105467,5.363699913024902,112.73999786376952,1939.800048828125,110.30999755859376,79.5,0.0340420007705688,55.61000061035156,2.765000104904175,4.953800201416016,464.75
2023-09-05,97.2300033569336,119.1999969482422,5.321300029754639,110.6999969482422,1926.199951171875,108.23999786376952,79.5,0.0336840003728866,55.43999862670898,2.5820000171661377,4.936200141906738,471.0
2023-09-06,97.2300033569336,117.8000030517578,5.331399917602539,109.38999938964844,1918.0999755859373,109.4000015258789,79.5,0.0336939990520477,54.709999084472656,2.509999990463257,4.966700077056885,471.5
2023-09-08,97.2300033569336,116.97000122070312,5.3206000328063965,108.97000122070312,1918.4000244140625,109.5199966430664,79.5,0.0337990000844001,53.869998931884766,2.6050000190734863,4.976099967956543,468.5
2023-09-11,97.2300033569336,118.8000030517578,5.301400184631348,110.41999816894533,1923.300048828125,109.83999633789062,79.5,0.0338499993085861,54.79999923706055,2.6080000400543213,4.982999801635742,471.25
2023-09-12,97.2300033569336,119.75,5.297900199890137,112.58000183105467,1911.300048828125,110.08999633789062,79.5,0.0336400009691715,55.0,2.743000030517578,4.929399967193604,463.25
2023-09-13,97.2300033569336,119.91000366210938,5.310200214385986,113.9000015258789,1909.0999755859373,110.0999984741211,79.5,0.0336299985647201,54.58000183105469,2.680000066757202,4.946599960327148,464.0
2023-09-14,97.2300033569336,121.1500015258789,5.271900177001953,113.6999969482422,1910.0,110.0,79.5,0.0333589985966682,55.880001068115234,2.7079999446868896,4.91540002822876,462.5
2023-09-15,97.2300033569336,120.58000183105467,5.181300163269043,113.6999969482422,1923.699951171875,109.9800033569336,79.5,0.0330159999430179,56.11000061035156,2.6440000534057617,4.868199825286865,476.25
2023-09-18,97.2300033569336,120.11000061035156,5.165299892425537,113.01000213623048,1931.5,109.66000366210938,79.5,0.0329210013151168,55.4900016784668,2.7279999256134038,4.867000102996826,471.5
2023-09-19,97.2300033569336,119.5,5.185200214385986,111.47000122070312,1932.0,109.48999786376952,79.5,0.0328850001096725,55.43000030517578,2.8480000495910645,4.853700160980225,476.25
2023-09-20,97.2300033569336,120.37000274658205,5.200399875640869,113.01000213623048,1945.5999755859373,109.69000244140624,79.5,0.0329309999942779,56.470001220703125,2.7330000400543213,4.865799903869629,482.25
2023-09-21,97.2300033569336,117.86000061035156,5.197299957275391,109.8499984741211,1919.199951171875,109.4000015258789,79.5,0.0328940004110336,55.79999923706055,2.609999895095825,4.878799915313721,475.25
2023-09-22,97.2300033569336,117.91999816894533,5.256400108337402,109.43000030517578,1925.4000244140625,109.5,79.5,0.0334209986031055,55.59000015258789,2.63700008392334,4.934899806976318,477.25
2023-09-25,97.2300033569336,117.87999725341795,5.225599765777588,109.33999633789062,1916.5999755859373,108.8000030517578,79.5,0.0332529991865158,55.2599983215332,2.638999938964844,4.933899879455566,481.25
2023-09-26,97.2300033569336,116.01000213623048,5.256700038909912,107.81999969482422,1900.4000244140625,107.18000030517578,79.5,0.0333859995007514,54.75,2.6559998989105225,4.968299865722656,479.75
2023-09-27,97.2300033569336,116.1999969482422,5.269800186157227,107.27999877929688,1871.5999755859373,106.23999786376952,79.5,0.0334650017321109,54.5,2.763999938964844,4.986199855804443,483.25
2023-09-28,97.2300033569336,117.72000122070312,5.297100067138672,109.72000122070312,1860.4000244140625,106.8499984741211,79.5,0.0337270013988018,54.58000183105469,2.944999933242798,5.042200088500977,488.5
2023-09-29,97.2300033569336,118.5500030517578,5.319699764251709,109.83999633789062,1848.0999755859373,108.19000244140624,79.5,0.0336989983916282,55.27999877929688,2.928999900817871,5.032800197601318,476.75
2023-10-02,97.2300033569336,116.9499969482422,5.315100193023682,108.73999786376952,1830.0,107.44000244140624,79.5,0.0337119996547699,54.66999816894531,2.8399999141693115,5.042799949645996,488.75
2023-10-03,97.2300033569336,115.2300033569336,5.306300163269043,106.88999938964844,1824.5999755859373,106.04000091552734,79.5,0.0337780006229877,54.380001068115234,2.9489998817443848,5.061500072479248,487.5
2023-10-04,97.2300033569336,115.5500030517578,5.394999980926514,108.8499984741211,1818.5,106.37000274658205,79.5,0.0346530005335807,54.060001373291016,2.961999893188477,5.166299819946289,486.0
2023-10-05,97.2300033569336,115.0500030517578,5.413400173187256,109.5199966430664,1816.5999755859373,106.70999908447266,79.5,0.0346020013093948,53.650001525878906,3.1659998893737797,5.154600143432617,497.5
2023-10-06,97.2300033569336,116.0,5.398099899291992,110.6999969482422,1830.199951171875,106.88999938964844,79.5,0.034790001809597,54.119998931884766,3.338000059127808,5.164999961853027,492.0
2023-10-09,97.2300033569336,117.16999816894533,5.428800106048584,109.87000274658205,1849.5,106.8000030517578,79.5,0.0344959981739521,53.709999084472656,3.375999927520752,5.145699977874756,488.25
2023-10-10,97.2300033569336,118.41999816894533,5.4191999435424805,111.0999984741211,1861.0,108.4000015258789,79.5,0.0345750004053115,54.220001220703125,3.381999969482422,5.135200023651123,485.5
2023-10-11,97.2300033569336,118.9800033569336,5.357800006866455,111.91000366210938,1872.800048828125,107.5500030517578,79.5,0.0339890010654926,54.22999954223633,3.377000093460083,5.051000118255615,488.0
2023-10-13,97.2300033569336,117.4499969482422,5.311299800872803,110.37000274658205,1927.4000244140625,107.73999786376952,79.5,0.0336869992315769,54.47999954223633,3.236000061035156,5.045899868011475,493.25
2023-10-16,97.2300033569336,118.4000015258789,5.283999919891357,111.20999908447266,1921.0999755859373,107.75,79.5,0.0337419994175434,54.5099983215332,3.108999967575073,5.048200130462647,490.0
2023-10-17,97.2300033569336,117.72000122070312,5.313499927520752,109.12999725341795,1922.699951171875,107.0,79.5,0.0336900018155574,54.41999816894531,3.0789999961853027,5.037600040435791,489.0
2023-10-18,97.2300033569336,115.8000030517578,5.320799827575684,108.5,1955.300048828125,107.70999908447266,79.5,0.0336350016295909,52.66999816894531,3.055999994277954,5.037399768829346,492.0
2023-10-19,97.2300033569336,115.86000061035156,5.321599960327148,108.72000122070312,1968.4000244140625,106.9000015258789,79.5,0.0337620005011558,52.59999847412109,2.9570000171661377,5.056099891662598,505.0
2023-10-20,97.2300033569336,114.8499984741211,5.3460001945495605,108.72000122070312,1982.5,106.8000030517578,79.5,0.0337960012257099,51.54999923706055,2.8989999294281006,5.062900066375732,495.5
2023-10-23,97.2300033569336,114.6500015258789,5.336299896240234,108.3000030517578,1976.300048828125,106.66000366210938,79.5,0.0335710011422634,51.84999847412109,2.9260001182556152,5.031300067901611,490.25
2023-10-24,97.2300033569336,115.54000091552734,5.346199989318848,108.9499969482422,1975.0,106.81999969482422,79.5,0.0334639996290206,51.970001220703125,2.970999956130981,5.01230001449585,484.0
2023-10-25,97.2300033569336,114.5999984741211,5.285200119018555,108.5999984741211,1984.0999755859373,106.77999877929688,79.5,0.0333030000329017,51.20000076293945,3.009999990463257,4.991000175476074,480.0
2023-10-26,97.2300033569336,116.75,5.281300067901611,111.0199966430664,1987.199951171875,106.80999755859376,79.5,0.0332689993083477,51.900001525878906,3.21399998664856,4.994699954986572,479.25
2023-10-27,97.2300033569336,115.1500015258789,5.263199806213379,108.25,1988.5999755859373,107.45999908447266,79.5,0.0331490002572536,52.59999847412109,3.1640000343322754,4.985300064086914,480.75
2023-10-30,97.2300033569336,114.30999755859376,5.238999843597412,107.13999938964844,1996.199951171875,106.2699966430664,79.5,0.0330890007317066,52.310001373291016,3.351999998092652,4.952030181884766,478.25
2023-10-31,97.2300033569336,115.0,5.353700160980225,106.81999969482422,1985.199951171875,106.95999908447266,79.5,0.0338389985263347,52.45000076293945,3.575000047683716,5.04610013961792,478.75
2023-11-01,97.2300033569336,116.93000030517578,5.328700065612793,108.0500030517578,1978.800048828125,107.4800033569336,79.5,0.0332669988274574,53.150001525878906,3.49399995803833,5.03410005569458,475.0
2023-11-03,97.2300033569336,120.08000183105467,5.258699893951416,112.41999816894533,1991.5,108.5,79.5,0.032915998250246,54.09000015258789,3.515000104904175,4.952899932861328,477.25
2023-11-06,97.2300033569336,120.4000015258789,5.251100063323975,112.95999908447266,1981.5999755859373,107.83000183105467,79.5,0.0327389985322952,54.75,3.263999938964844,4.899199962615967,477.25
2023-11-07,97.2300033569336,121.22000122070312,5.2368998527526855,115.3499984741211,1966.800048828125,107.93000030517578,79.5,0.0325630009174346,54.4900016784668,3.140000104904175,4.884099960327148,468.5
2023-11-08,97.2300033569336,121.11000061035156,5.208099842071533,116.3499984741211,1951.5,108.5,79.5,0.0324000008404254,55.0,3.1059999465942383,4.871500015258789,476.0
2023-11-09,97.2300033569336,120.88999938964844,5.247600078582764,115.70999908447266,1964.199951171875,108.5,79.5,0.0325420014560222,54.97999954223633,3.0409998893737797,4.909299850463867,468.0
2023-11-10,97.2300033569336,122.5999984741211,5.26639986038208,116.77999877929688,1932.5999755859373,108.58999633789062,79.5,0.0326110012829303,55.97999954223633,3.032999992370605,4.933899879455566,464.0
2023-11-13,97.2300033569336,122.44000244140624,5.243500232696533,115.3499984741211,1945.5,108.23999786376952,79.5,0.0322970002889633,55.619998931884766,3.197000026702881,4.893379211425781,477.25
2023-11-14,97.2300033569336,125.23999786376952,5.247399806976318,116.9800033569336,1961.800048828125,108.98999786376952,79.5,0.0323409996926784,57.040000915527344,3.1059999465942383,4.906199932098389,478.25
2023-11-16,97.2300033569336,126.69000244140624,5.270500183105469,119.0,1983.9000244140625,109.47000122070312,79.5,0.0321369990706443,57.900001525878906,3.062000036239624,4.860899925231934,474.75
2023-11-17,97.2300033569336,126.86000061035156,5.281400203704834,118.62999725341795,1981.5999755859373,110.11000061035156,79.5,0.0322559997439384,58.09999847412109,2.9600000381469727,4.862199783325195,467.0
2023-11-20,97.2300033569336,128.00999450683594,5.26230001449585,119.41999816894533,1977.699951171875,109.66000366210938,79.5,0.0322280004620552,58.29999923706055,2.881999969482422,4.819177150726318,469.5
2023-11-21,97.2300033569336,127.73999786376952,5.307300090789795,119.0,1999.300048828125,109.27999877929688,79.5,0.0327089987695217,58.869998931884766,2.845999956130981,4.851799964904785,470.0
2023-11-22,97.2300033569336,128.0500030517578,5.341400146484375,119.75,1991.4000244140625,108.38999938964844,79.5,0.0330710001289844,58.84999847412109,2.8970000743865967,4.8993000984191895,468.75
2023-11-24,97.2300033569336,127.58000183105467,5.3454999923706055,120.3000030517578,2002.199951171875,109.6500015258789,79.5,0.0327650010585784,57.65999984741211,2.8550000190734863,4.902500152587891,463.25
2023-11-27,97.2300033569336,127.8499984741211,5.332600116729736,120.8499984741211,2011.800048828125,109.8000030517578,79.5,0.0325849987566471,57.880001068115234,2.7939999103546143,4.900899887084961,455.5
2023-11-28,97.2300033569336,128.6199951171875,5.363699913024902,122.22000122070312,2039.699951171875,110.26000213623048,79.5,0.0329359993338584,57.900001525878906,2.7060000896453857,4.895500183105469,451.5
2023-11-29,97.2300033569336,128.25,5.349699974060059,122.1500015258789,2047.0999755859373,110.33999633789062,79.5,0.0331070013344287,58.290000915527344,2.803999900817871,4.869800090789795,449.75
2023-11-30,97.2300033569336,129.52999877929688,5.362800121307373,124.1999969482422,2038.0999755859373,110.52999877929688,79.5,0.0333539992570877,57.86000061035156,2.802000045776367,4.904099941253662,461.75
2023-12-01,97.2300033569336,130.17999267578125,5.349299907684326,124.0999984741211,2071.0,110.79000091552734,79.5,0.0332669988274574,57.75,2.813999891281128,4.923099994659424,464.5
2023-12-04,97.2300033569336,128.91000366210938,5.338500022888184,124.3499984741211,2024.0999755859373,110.38999938964844,79.5,0.033475000411272,57.02000045776367,2.694000005722046,4.902159214019775,460.25
2023-12-05,97.2300033569336,129.0,5.3531999588012695,125.0,2018.5,110.44000244140624,79.5,0.0335670001804828,56.869998931884766,2.7100000381469727,4.9430999755859375,468.5
2023-12-06,97.2300033569336,127.72000122070312,5.30679988861084,123.31999969482422,2030.5,110.5,79.5,0.0334820002317428,56.70000076293945,2.569000005722046,4.927700042724609,464.75
2023-12-07,97.2300033569336,128.07000732421875,5.290599822998047,123.5999984741211,2029.9000244140625,110.33999633789062,79.5,0.0332820005714893,56.40999984741211,2.5850000381469727,4.901199817657471,468.25
2023-12-08,97.2300033569336,129.1199951171875,5.297299861907959,125.72000122070312,1998.300048828125,110.26000213623048,79.5,0.0340539999306201,57.02000045776367,2.5810000896453857,4.910099983215332,465.75
2023-12-11,97.2300033569336,129.0800018310547,5.267499923706055,125.37999725341795,1978.0,110.0500030517578,79.5,0.033755000680685,57.09999847412109,2.430999994277954,4.893286228179932,460.5
2023-12-12,97.2300033569336,128.5399932861328,5.3084001541137695,124.73999786376952,1977.800048828125,110.75,79.5,0.0337829999625682,57.16999816894531,2.311000108718872,4.936699867248535,462.5
2023-12-13,97.2300033569336,132.10000610351562,5.3028998374938965,128.38999938964844,1982.300048828125,111.26000213623048,79.5,0.0341849997639656,58.06999969482422,2.3350000381469727,4.964499950408936,456.75
2023-12-14,97.2300033569336,133.1300048828125,5.353799819946289,130.39999389648438,2030.199951171875,112.5,79.5,0.0344410017132759,58.650001525878906,2.3919999599456787,4.918399810791016,456.75
2023-12-15,97.2300033569336,132.4600067138672,5.3968000411987305,130.3000030517578,2021.0999755859373,113.5199966430664,79.5,0.0345490016043186,58.790000915527344,2.490999937057495,4.914599895477295,483.0
2023-12-18,97.2300033569336,133.35000610351562,5.367099761962891,131.0,2026.300048828125,113.77999877929688,79.5,0.0346180014312267,59.04999923706055,2.503000020980835,4.919657230377197,477.0
2023-12-19,97.2300033569336,134.14999389648438,5.349800109863281,131.1999969482422,2038.4000244140625,113.04000091552734,79.5,0.0342819988727569,59.43000030517578,2.492000102996826,4.895899772644043,472.75
2023-12-20,97.2300033569336,132.89999389648438,5.335599899291992,129.60000610351562,2034.5,114.45999908447266,79.5,0.0338229984045028,59.31999969482422,2.447000026702881,4.866499900817871,469.75
2023-12-21,97.2300033569336,134.41000366210938,5.371500015258789,130.35000610351562,2039.0999755859373,114.51000213623048,79.5,0.0342420004308223,60.900001525878906,2.572000026702881,4.914599895477295,472.5
2023-12-22,97.2300033569336,135.1199951171875,5.371600151062012,131.39999389648438,2057.10009765625,114.81999969482422,79.5,0.0343369990587234,61.08000183105469,2.609999895095825,4.881800174713135,473.0
2023-12-26,97.2300033569336,135.6999969482422,5.363500118255615,132.39999389648438,2058.199951171875,114.80999755859376,79.5,0.0341480001807212,61.47999954223633,2.549999952316284,4.869743824005127,480.25
2023-12-27,97.2300033569336,136.61000061035156,5.363500118255615,132.8000030517578,2081.89990234375,115.0199966430664,79.5,0.0337859988212585,61.7599983215332,2.61899995803833,4.813499927520752,476.5
2023-12-28,97.2300033569336,136.60000610351562,5.357399940490723,133.5500030517578,2073.89990234375,115.05999755859376,79.5,0.034120000898838,61.900001525878906,2.556999921798706,4.826099872589111,474.25
2024-01-02,97.2300033569336,135.1699981689453,5.349699974060059,131.75,2064.39990234375,115.0,79.5,0.0344070009887218,61.20000076293945,2.568000078201294,4.852399826049805,463.75
2024-01-03,97.2300033569336,135.27000427246094,5.375899791717529,131.0,2034.199951171875,115.48999786376952,79.5,0.0346349999308586,61.400001525878906,2.6679999828338623,4.922500133514404,465.25
2024-01-04,97.2300033569336,133.57000732421875,5.3618998527526855,129.5399932861328,2042.300048828125,115.01000213623048,79.5,0.0343969985842704,60.54999923706055,2.821000099182129,4.9191999435424805,466.5
2024-01-05,97.2300033569336,134.4600067138672,5.367499828338623,131.52000427246094,2042.4000244140625,115.02999877929688,79.5,0.0338240005075931,60.13999938964844,2.8929998874664307,4.895599842071533,460.75
2024-01-08,97.2300033569336,134.8300018310547,5.320000171661377,132.19000244140625,2026.5999755859373,114.0999984741211,79.5,0.0335960015654563,60.58000183105469,2.9800000190734863,4.8606672286987305,455.0
2024-01-09,97.2300033569336,133.80999755859375,5.332600116729736,130.52999877929688,2026.4000244140625,113.5500030517578,79.5,0.0337539985775947,59.119998931884766,3.190000057220459,4.86899995803833,459.25
2024-01-10,97.2300033569336,133.24000549316406,5.356200218200684,129.6999969482422,2021.699951171875,112.95999908447266,79.5,0.0339680016040802,58.209999084472656,3.0390000343322754,4.905099868774414,459.5
2024-01-11,97.2300033569336,132.9499969482422,5.361599922180176,129.5,2014.300048828125,112.95999908447266,79.5,0.0335570015013217,58.09999847412109,3.0969998836517334,4.89139986038208,457.75
2024-01-12,97.2300033569336,133.25,5.348999977111816,130.1999969482422,2046.699951171875,112.9499969482422,79.5,0.0335090011358261,57.95000076293945,3.312999963760376,4.869699954986572,447.0
2024-01-16,97.2300033569336,131.5800018310547,5.322999954223633,129.60000610351562,2026.0,113.0199966430664,79.5,0.0333489999175071,56.79999923706055,2.900000095367432,4.862199783325195,443.5
2024-01-17,97.2300033569336,130.5500030517578,5.271399974822998,129.1999969482422,2002.5999755859373,112.87999725341795,79.5,0.0334389992058277,56.20000076293945,2.869999885559082,4.924900054931641,442.25
2024-01-18,97.2300033569336,129.5800018310547,5.356400012969971,129.14999389648438,2018.5999755859373,112.8000030517578,79.5,0.0333079993724823,55.970001220703125,2.697000026702881,4.934000015258789,444.0
2024-01-19,97.2300033569336,129.9499969482422,5.35260009765625,129.2100067138672,2026.5,111.9000015258789,79.5,0.0332529991865158,55.97999954223633,2.5190000534057617,4.92609977722168,445.5
2024-01-22,97.2300033569336,128.8000030517578,5.343999862670898,127.5500030517578,2019.800048828125,111.6999969482422,79.5,0.0331120006740093,55.4900016784668,2.4189999103546143,4.904642105102539,445.75
2024-01-23,97.2300033569336,130.64999389648438,5.423600196838379,128.8300018310547,2023.699951171875,111.86000061035156,79.5,0.033670999109745,56.27999877929688,2.450000047683716,4.98829984664917,446.5
2024-01-24,97.2300033569336,130.08999633789062,5.36929988861084,128.75,2013.9000244140625,112.0,79.5,0.0333819985389709,56.91999816894531,2.6410000324249268,4.952199935913086,452.25
2024-01-25,97.2300033569336,130.52999877929688,5.366499900817871,128.1699981689453,2016.9000244140625,113.1999969482422,79.5,0.0334270000457763,56.66999816894531,2.571000099182129,4.932499885559082,451.75
2024-01-26,97.2300033569336,131.1999969482422,5.329899787902832,128.16000366210938,2016.800048828125,113.1999969482422,79.5,0.0332820005714893,57.540000915527344,2.711999893188477,4.915800094604492,446.25
2024-01-29,97.2300033569336,130.74000549316406,5.322000026702881,127.6500015258789,2025.199951171875,113.18000030517578,79.5,0.0330579988658428,56.29999923706055,2.490000009536743,4.913599967956543,440.25
2024-01-30,97.2300033569336,129.5500030517578,5.352000236511231,126.58999633789062,2031.5,113.0,79.5,0.0335710011422634,56.47999954223633,2.07699990272522,4.950200080871582,447.75
2024-01-31,97.2300033569336,130.0500030517578,5.360400199890137,127.3499984741211,2048.39990234375,113.68000030517578,79.5,0.0335830003023147,56.04999923706055,2.0999999046325684,4.950300216674805,448.25
2024-02-01,97.2300033569336,130.89999389648438,5.348800182342529,128.3000030517578,2053.0,113.7300033569336,79.5,0.0337160006165504,55.54999923706055,2.049999952316284,4.951900005340576,447.25
2024-02-02,97.2300033569336,129.33999633789062,5.339099884033203,128.5,2036.0999755859373,113.5500030517578,79.5,0.0335579998791217,55.45000076293945,2.0789999961853027,4.914999961853027,442.75
2024-02-05,97.2300033569336,129.8000030517578,5.320099830627441,129.4199981689453,2025.699951171875,113.48999786376952,79.5,0.0332299992442131,55.45000076293945,2.0820000171661377,4.932938098907471,442.75
2024-02-06,97.2300033569336,132.91000366210938,5.317599773406982,133.5,2034.5,113.69000244140624,79.5,0.0333020016551017,56.630001068115234,2.009000062942505,4.949943065643311,438.75
2024-02-07,97.2300033569336,132.25999450683594,5.330599784851074,130.0500030517578,2035.199951171875,113.97000122070312,79.5,0.0335519984364509,56.93999862670898,1.9670000076293943,4.962299823760986,434.25
2024-02-08,97.2300033569336,130.47999572753906,5.347300052642822,126.9499969482422,2032.199951171875,113.8000030517578,79.5,0.033560000360012,56.380001068115234,1.9170000553131104,4.969299793243408,433.25
2024-02-09,97.2300033569336,130.14999389648438,5.377399921417236,126.9000015258789,2023.300048828125,113.83999633789062,79.5,0.0334409996867179,55.59999847412109,1.847000002861023,4.991899967193604,429.0
2024-02-14,97.2300033569336,129.32000732421875,5.297200202941895,126.1500015258789,1990.300048828125,113.86000061035156,79.5,0.0328209996223449,55.04999923706055,1.6089999675750732,4.952000141143799,424.25
2024-02-15,97.2300033569336,129.9499969482422,5.329100131988525,126.73999786376952,2002.0999755859373,113.93000030517578,79.5,0.0330040007829666,55.41999816894531,1.5809999704360962,4.968299865722656,417.75
2024-02-16,97.2300033569336,130.9499969482422,5.346399784088135,126.0,2011.5,113.72000122070312,79.5,0.0331670008599758,56.900001525878906,1.6089999675750732,4.972400188446045,416.5
2024-02-20,97.2300033569336,132.16000366210938,5.343800067901611,129.35000610351562,2027.5,113.66999816894533,79.5,0.0329790003597736,56.7400016784668,1.5759999752044678,4.956399917602539,418.75
2024-02-21,97.2300033569336,132.39999389648438,5.32480001449585,128.8000030517578,2022.300048828125,113.8000030517578,79.5,0.0328500010073185,57.0,1.7730000019073486,4.926400184631348,411.0
2024-02-22,97.2300033569336,132.5500030517578,5.337600231170654,128.5,2019.699951171875,113.8000030517578,79.5,0.0328180007636547,57.68999862670898,1.7319999933242798,4.934899806976318,406.0
2024-02-23,97.2300033569336,131.77000427246094,5.355500221252441,127.5,2038.5999755859373,113.1999969482422,79.5,0.0329779982566833,57.2400016784668,1.6030000448226929,4.962399959564209,399.75
2024-02-26,97.2300033569336,131.85000610351562,5.347400188446045,127.56999969482422,2028.5,113.41999816894533,79.5,0.0327909998595714,56.83000183105469,1.659000039100647,4.993500232696533,407.0
2024-02-27,97.2300033569336,134.16000366210938,5.398900032043457,129.0,2034.0,113.41999816894533,79.5,0.0330700017511844,57.880001068115234,1.6150000095367432,4.978899955749512,408.25
2024-02-28,97.2300033569336,132.47000122070312,5.3460001945495605,128.85000610351562,2033.0,113.4000015258789,79.5,0.0327740013599395,57.790000915527344,1.8849999904632568,4.932400226593018,413.25
2024-02-29,97.2300033569336,131.39999389648438,5.38100004196167,127.5999984741211,2045.699951171875,113.83999633789062,79.5,0.0329729989171028,57.43999862670898,1.8600000143051147,4.967299938201904,415.75
2024-03-01,97.2300033569336,131.39999389648438,5.368100166320801,127.1999969482422,2086.89990234375,113.77999877929688,79.5,0.033109001815319,58.060001373291016,1.8350000381469729,4.969799995422363,412.25
2024-03-04,97.2300033569336,130.6699981689453,5.3506999015808105,126.58999633789062,2117.699951171875,113.54000091552734,79.5,0.0328410007059574,57.91999816894531,1.9160000085830688,4.952700138092041,417.5
2024-03-05,97.2300033569336,130.2899932861328,5.368299961090088,126.3000030517578,2133.5,113.62000274658205,79.5,0.0328500010073185,57.54999923706055,1.9570000171661377,4.944900035858154,413.5
2024-03-06,97.2300033569336,131.22000122070312,5.373700141906738,127.5,2150.300048828125,113.66000366210938,79.5,0.0330329984426498,57.2599983215332,1.9290000200271609,4.957099914550781,418.0
2024-03-07,97.2300033569336,130.6199951171875,5.384399890899658,126.75,2158.0,114.33000183105467,79.5,0.0331160016357898,57.150001525878906,1.8179999589920044,4.943600177764893,426.0
2024-03-08,97.2300033569336,129.32000732421875,5.396999835968018,127.25,2178.60009765625,114.08000183105467,79.5,0.0333589985966682,57.09000015258789,1.8049999475479128,4.933800220489502,426.25
2024-03-11,97.2300033569336,128.41000366210938,5.371600151062012,127.4000015258789,2182.5,114.16000366210938,79.5,0.0333699993789196,56.630001068115234,1.758999943733215,4.977540016174316,428.25
2024-03-12,97.2300033569336,129.88999938964844,5.434800148010254,129.1999969482422,2160.39990234375,113.9499969482422,79.5,0.0339130014181137,56.900001525878906,1.7139999866485596,4.977399826049805,429.0
2024-03-13,97.2300033569336,130.33999633789062,5.430399894714356,130.14999389648438,2175.39990234375,114.2699966430664,79.5,0.0336529985070228,57.27999877929688,1.6579999923706057,4.968699932098389,426.5
2024-03-14,97.2300033569336,129.89999389648438,5.442299842834473,129.16000366210938,2163.0,113.8499984741211,79.5,0.0336490012705326,56.540000915527344,1.741000056266785,4.969200134277344,422.5
2024-03-15,97.2300033569336,128.85000610351562,5.427700042724609,128.5,2157.300048828125,113.37999725341795,79.5,0.0336779989302158,56.59999847412109,1.6549999713897705,4.992700099945068,436.75
2024-03-18,97.2300033569336,129.22999572753906,5.410699844360352,127.9000015258789,2160.699951171875,112.97000122070312,79.5,0.0333480015397071,57.380001068115234,1.7029999494552612,4.968047142028809,436.0
2024-03-19,97.2300033569336,129.86000061035156,5.421899795532227,127.6999969482422,2156.300048828125,113.08000183105467,79.5,0.0337160006165504,58.5099983215332,1.74399995803833,5.029399871826172,439.5
2024-03-20,97.2300033569336,131.30999755859375,5.461699962615967,128.97999572753906,2157.89990234375,113.54000091552734,79.5,0.0332989990711212,59.06999969482422,1.6990000009536743,5.03000020980835,439.0
2024-03-21,97.2300033569336,130.47999572753906,5.428699970245361,127.6999969482422,2182.39990234375,113.06999969482422,79.5,0.0328929983079433,59.34999847412109,1.6829999685287476,4.96619987487793,440.75
2024-03-22,97.2300033569336,129.16000366210938,5.401999950408936,125.8499984741211,2158.10009765625,112.9000015258789,79.5,0.0328029990196228,58.58000183105469,1.659000039100647,4.974500179290772,439.25
2024-03-25,97.2300033569336,129.30999755859375,5.355400085449219,125.62999725341795,2174.800048828125,113.16000366210938,79.5,0.0325569994747638,58.22999954223633,1.6150000095367432,5.000899791717529,437.75
2024-03-26,97.2300033569336,129.14999389648438,5.387400150299072,126.7699966430664,2175.60009765625,112.9499969482422,79.5,0.0328489989042282,58.0099983215332,1.5750000476837158,4.9721999168396,432.5
2024-03-27,97.2300033569336,129.97000122070312,5.391499996185303,127.80999755859376,2190.60009765625,112.62999725341795,79.5,0.0328390002250671,59.150001525878906,1.718000054359436,4.9756999015808105,426.75
2024-03-28,97.2300033569336,130.3000030517578,5.389599800109863,128.0,2217.39990234375,113.33000183105467,79.5,0.0329850018024444,59.20000076293945,1.7630000114440918,4.990300178527832,442.0
2024-04-01,97.2300033569336,129.27999877929688,5.359799861907959,125.5,2236.5,113.02999877929688,79.5,0.0331249982118606,59.54999923706055,1.837000012397766,5.013199806213379,435.5
2024-04-02,97.2300033569336,129.85000610351562,5.359799861907959,125.70999908447266,2261.0,112.83999633789062,79.5,0.0333320014178752,59.38999938964844,1.861999988555908,5.053599834442139,426.5
2024-04-03,97.2300033569336,129.61000061035156,5.443600177764893,125.9000015258789,2294.39990234375,112.91999816894533,79.5,0.0334179997444152,59.29999923706055,1.840999960899353,5.06440019607544,431.75
2024-04-04,97.2300033569336,129.7899932861328,5.457900047302246,126.25,2288.800048828125,112.83999633789062,79.5,0.0332349985837936,59.400001525878906,1.77400004863739,5.038599967956543,435.25
2024-04-05,97.2300033569336,128.9199981689453,5.469200134277344,126.8000030517578,2325.699951171875,112.61000061035156,79.5,0.0334290005266666,58.52999877929688,1.784999966621399,5.057400226593018,434.25
2024-04-08,97.2300033569336,131.25,5.456099987030029,128.3000030517578,2331.699951171875,112.63999938964844,79.5,0.0333280004560947,59.70000076293945,1.843999981880188,5.054900169372559,435.5
2024-04-09,97.2300033569336,132.3000030517578,5.466899871826172,129.25,2343.5,112.8000030517578,79.5,0.033085998147726,59.59000015258789,1.871999979019165,5.023900032043457,431.25
2024-04-10,97.2300033569336,130.2899932861328,5.431000232696533,126.3499984741211,2329.60009765625,112.41999816894533,79.5,0.0329979993402957,58.93999862670898,1.8849999904632568,5.007599830627441,434.25
2024-04-11,97.2300033569336,129.6699981689453,5.451300144195557,126.4000015258789,2354.800048828125,112.01000213623048,79.5,0.0331300012767314,58.75,1.7640000581741333,5.066199779510498,428.75
2024-04-12,97.2300033569336,128.22999572753906,5.456299781799316,125.0,2356.199951171875,112.1999969482422,79.5,0.0332330018281936,58.02000045776367,1.7699999809265137,5.090400218963623,435.5
2024-04-15,97.2300033569336,127.56999969482422,5.393499851226807,122.9000015258789,2365.800048828125,111.75,79.5,0.0333870016038417,58.470001220703125,1.690999984741211,5.117099761962891,431.5
2024-04-16,97.2300033569336,126.6999969482422,5.503699779510498,121.9499969482422,2390.800048828125,111.31999969482422,79.5,0.0336229987442493,57.79999923706055,1.7319999933242798,5.183700084686279,431.0
2024-04-17,97.2300033569336,126.3499984741211,5.590499877929688,121.4499969482422,2371.699951171875,111.20999908447266,79.5,0.0341629981994628,58.18000030517578,1.712000012397766,5.2855000495910645,430.25
2024-04-18,97.2300033569336,126.33000183105467,5.599699974060059,121.0999984741211,2382.300048828125,111.33000183105467,79.5,0.0339090004563331,57.79999923706055,1.756999969482422,5.232600212097168,426.75
2024-04-19,97.2300033569336,127.44000244140624,5.583099842071533,120.86000061035156,2398.39990234375,111.0,79.5,0.0339060015976429,58.83000183105469,1.7519999742507937,5.241700172424316,433.5
2024-04-22,97.2300033569336,127.7300033569336,5.556300163269043,120.9000015258789,2332.199951171875,111.54000091552734,79.5,0.0336840003728866,58.869998931884766,1.7910000085830688,5.206200122833252,439.75
2024-04-23,97.2300033569336,127.3000030517578,5.502699851989746,121.41999816894533,2327.699951171875,111.25,79.5,0.0333679988980293,57.900001525878906,1.812000036239624,5.1656999588012695,443.0
2024-04-24,97.2300033569336,126.87999725341795,5.486700057983398,120.9499969482422,2324.5,111.12000274658205,79.5,0.0331510007381439,57.31999969482422,1.652999997138977,5.130499839782715,437.75
2024-04-25,97.2300033569336,126.87000274658205,5.503600120544434,119.72000122070312,2329.800048828125,110.98999786376952,79.5,0.0331440009176731,56.4900016784668,1.6380000114440918,5.145500183105469,441.0
2024-04-26,97.2300033569336,128.77000427246094,5.536200046539307,122.5500030517578,2334.800048828125,111.06999969482422,79.5,0.0331550016999244,56.79999923706055,1.6139999628067017,5.158599853515625,440.0
2024-04-29,97.2300033569336,129.55999755859375,5.509900093078613,122.1999969482422,2345.39990234375,111.0,79.5,0.0323270000517368,56.90999984741211,2.0299999713897705,5.115499973297119,439.25
2024-04-30,97.2300033569336,128.1300048828125,5.479400157928467,121.0500030517578,2291.39990234375,110.2699966430664,79.5,0.0327370017766952,56.130001068115234,1.991000056266785,5.117000102996826,439.5
2024-05-02,97.2300033569336,129.32000732421875,5.516499996185303,122.1999969482422,2299.199951171875,110.66999816894533,79.5,0.0329600013792514,57.13999938964844,2.0350000858306885,5.194399833679199,452.0
2024-05-03,97.2300033569336,130.97000122070312,5.481299877166748,124.6999969482422,2299.0,110.91999816894533,79.5,0.0333940014243125,58.0,2.1419999599456787,5.110300064086914,447.0
2024-05-06,97.2300033569336,130.7100067138672,5.465799808502197,124.5,2321.60009765625,110.61000061035156,79.5,0.0330940000712871,57.7400016784668,2.194999933242798,5.070899963378906,457.0
2024-05-07,97.2300033569336,131.4499969482422,5.4608001708984375,125.0500030517578,2315.199951171875,109.63999938964844,79.5,0.0329039990901947,56.18000030517578,2.2070000171661377,5.074900150299072,453.75
2024-05-08,97.2300033569336,131.83999633789062,5.446100234985352,124.9000015258789,2313.60009765625,110.87999725341795,79.5,0.0328029990196228,56.369998931884766,2.187000036239624,5.073299884796143,445.5
2024-05-09,97.2300033569336,130.57000732421875,5.465400218963623,121.13999938964844,2332.10009765625,110.9000015258789,79.5,0.0327289998531341,56.52000045776367,2.3010001182556152,5.087900161743164,442.75
2024-05-10,97.2300033569336,129.85000610351562,5.54010009765625,121.3000030517578,2367.300048828125,111.23999786376952,79.5,0.0330969989299774,55.91999816894531,2.252000093460083,5.1407999992370605,455.75
2024-05-13,97.2300033569336,130.44000244140625,5.5177001953125,122.9000015258789,2336.10009765625,110.9800033569336,79.5,0.0329050011932849,56.27999877929688,2.38100004196167,5.123260021209717,458.5
2024-05-14,97.2300033569336,130.88999938964844,5.5528998374938965,123.6999969482422,2353.39990234375,110.98999786376952,79.5,0.0329930000007152,55.880001068115234,2.344000101089477,5.154200077056885,453.75
2024-05-15,97.2300033569336,130.33999633789062,5.547900199890137,123.5500030517578,2388.699951171875,111.26000213623048,79.5,0.0327630005776882,56.34000015258789,2.4159998893737797,5.127799987792969,462.5
2024-05-16,97.2300033569336,130.63999938964844,5.58489990234375,124.0,2380.0,111.62999725341795,79.5,0.0332779996097087,57.040000915527344,2.494999885559082,5.133600234985352,457.0
2024-05-17,97.2300033569336,130.38999938964844,5.571599960327148,123.5,2412.199951171875,111.86000061035156,79.5,0.0330060012638568,56.869998931884766,2.625999927520752,5.128600120544434,452.5
2024-05-20,97.2300033569336,130.02999877929688,5.53380012512207,123.25,2433.89990234375,111.83000183105467,79.5,0.032745998352766,57.02999877929688,2.750999927520752,5.102000236511231,460.5
2024-05-21,97.2300033569336,129.64999389648438,5.523900032043457,123.0,2421.699951171875,111.83999633789062,79.5,0.0326309986412525,56.630001068115234,2.6710000038146973,5.103099822998047,458.0
2024-05-22,97.2300033569336,127.75,5.548999786376953,120.8000030517578,2389.199951171875,111.16999816894533,79.5,0.0327869988977909,55.36000061035156,2.8420000076293945,5.1219000816345215,461.25
2024-05-23,97.2300033569336,126.95999908447266,5.573299884796143,119.1500015258789,2335.0,111.63999938964844,79.5,0.0328610017895698,54.900001525878906,2.657000064849853,5.151100158691406,464.0
2024-05-24,97.2300033569336,126.5500030517578,5.567699909210205,119.0,2332.5,111.66000366210938,79.5,0.0327600017189979,55.619998931884766,2.5199999809265137,5.143099784851074,464.75
2024-05-28,97.2300033569336,125.9000015258789,5.6118998527526855,118.9499969482422,2355.199951171875,111.0999984741211,79.5,0.0329639986157417,54.72999954223633,2.5899999141693115,5.17170000076294,462.5
2024-05-29,97.2300033569336,124.88999938964844,5.6031999588012695,117.9000015258789,2340.300048828125,111.1500015258789,79.5,0.0328169986605644,54.630001068115234,2.493000030517578,5.161300182342529,455.25
2024-05-31,97.2300033569336,124.29000091552734,5.631100177764893,116.94000244140624,2322.89990234375,111.47000122070312,79.5,0.0331679992377758,54.02999877929688,2.586999893188477,5.202099800109863,446.25
2024-06-03,97.2300033569336,124.20999908447266,5.620800018310547,117.8000030517578,2346.60009765625,111.0,79.5,0.0333580002188682,52.880001068115234,2.75600004196167,5.244400024414063,443.5
2024-06-04,97.2300033569336,123.9000015258789,5.701900005340576,117.75,2325.5,111.06999969482422,79.5,0.0336380004882812,52.36000061035156,2.5859999656677246,5.249000072479248,442.5
2024-06-05,97.2300033569336,123.61000061035156,5.747600078582764,118.0,2354.10009765625,111.27999877929688,79.5,0.0340920016169548,51.84999847412109,2.756999969482422,5.287700176239014,439.25
2024-06-06,97.2300033569336,125.11000061035156,5.75629997253418,120.0500030517578,2370.300048828125,111.11000061035156,79.5,0.0339890010654926,52.70000076293945,2.821000099182129,5.3003997802734375,452.0
2024-06-07,97.2300033569336,122.8499984741211,5.712699890136719,118.25,2305.199951171875,110.37000274658205,79.5,0.0337760001420974,51.97999954223633,2.9179999828338623,5.2571001052856445,448.75
2024-06-10,97.2300033569336,122.9000015258789,5.701300144195557,116.6999969482422,2307.699951171875,110.0500030517578,79.5,0.0337180010974407,52.290000915527344,2.9059998989105225,5.270441055297852,451.75
2024-06-11,97.2300033569336,123.77999877929688,5.760300159454346,117.8499984741211,2307.5,110.72000122070312,79.5,0.0340889990329742,52.52999877929688,3.128999948501587,5.352799892425537,449.5
2024-06-12,97.2300033569336,122.18000030517578,5.753300189971924,116.6999969482422,2336.0,109.04000091552734,79.5,0.034145001322031,52.220001220703125,3.0450000762939453,5.3649001121521,454.25
2024-06-13,97.2300033569336,121.79000091552734,5.835100173950195,115.6999969482422,2300.199951171875,109.3000030517578,79.5,0.0344399996101856,52.470001220703125,2.9590001106262207,5.401000022888184,458.5
2024-06-14,97.2300033569336,121.8000030517578,5.7621002197265625,116.4000015258789,2331.39990234375,109.9800033569336,79.5,0.0341270007193088,52.220001220703125,2.88100004196167,5.361599922180176,450.0
2024-06-17,97.2300033569336,121.30999755859376,5.712600231170654,117.6500015258789,2312.39990234375,109.45999908447266,79.5,0.0339910015463829,51.72999954223633,2.7880001068115234,5.357200145721436,443.75
2024-06-18,97.2300033569336,121.83000183105467,5.815999984741211,117.11000061035156,2330.39990234375,110.08999633789062,79.5,0.0343950018286705,52.31999969482422,2.9089999198913574,5.423999786376953,450.0
2024-06-20,97.2300033569336,122.77999877929688,5.842899799346924,117.0,2353.800048828125,110.1500015258789,79.5,0.0343340002000331,52.91999816894531,2.740999937057495,5.422399997711182,439.75
2024-06-21,97.2300033569336,123.62999725341795,5.843299865722656,117.83000183105467,2316.39990234375,110.08000183105467,79.5,0.0343119986355304,53.13999938964844,2.7049999237060547,5.452400207519531,435.0
2024-06-24,97.2300033569336,124.97000122070312,5.80079984664917,118.9499969482422,2330.0,111.04000091552734,79.5,0.0339439995586872,53.31999969482422,2.811000108718872,5.426126003265381,433.5
2024-06-25,97.2300033569336,124.62000274658205,5.78380012512207,118.8000030517578,2316.60009765625,110.3499984741211,79.5,0.0337579995393753,53.15999984741211,2.75600004196167,5.3892998695373535,425.5
2024-06-26,97.2300033569336,124.91999816894533,5.841700077056885,118.1999969482422,2299.199951171875,110.3000030517578,79.5,0.0341470018029212,53.900001525878906,2.628000020980835,5.450699806213379,420.0
2024-06-27,97.2300033569336,126.5999984741211,5.890699863433838,118.3000030517578,2324.5,110.16999816894533,79.5,0.0343829989433288,55.58000183105469,2.684999942779541,5.522500038146973,413.75
2024-06-28,97.2300033569336,126.22000122070312,5.890900135040283,117.5999984741211,2327.699951171875,109.5,79.5,0.0342230014503002,55.84999847412109,2.6010000705718994,5.500500202178955,397.25
2024-07-01,97.2300033569336,127.04000091552734,5.866700172424316,117.4499969482422,2327.60009765625,109.0,79.5,0.0347750000655651,56.20000076293945,2.4779999256134038,5.591899871826172,398.25
2024-07-02,97.2300033569336,127.1500015258789,6.067800045013428,118.0500030517578,2323.0,108.12000274658205,79.5,0.0350139997899532,56.18000030517578,2.434999942779541,5.65500020980835,402.0
2024-07-03,97.2300033569336,128.05999755859375,6.084700107574463,119.12000274658205,2359.800048828125,109.08000183105467,79.5,0.0351370014250278,56.630001068115234,2.4179999828338623,5.67549991607666,403.5
2024-07-05,97.2300033569336,128.60000610351562,5.927800178527832,119.51000213623048,2388.5,111.0,79.5,0.0339980013668537,55.77999877929688,2.319000005722046,5.486400127410889,411.25
2024-07-08,97.2300033569336,128.88999938964844,5.917200088500977,119.1500015258789,2355.199951171875,110.75,79.5,0.0339200012385845,54.91999816894531,2.365999937057495,5.471290111541748,395.75
2024-07-09,97.2300033569336,129.5500030517578,5.888199806213379,119.0999984741211,2360.10009765625,111.1999969482422,79.5,0.0340179987251758,55.060001373291016,2.344000101089477,5.470399856567383,400.25
2024-07-10,97.2300033569336,129.52000427246094,5.8968000411987305,120.5,2372.199951171875,111.9000015258789,79.5,0.0335769988596439,54.7599983215332,2.3289999961853027,5.417099952697754,403.25
2024-07-11,97.2300033569336,130.67999267578125,5.85860013961792,121.30999755859376,2415.0,112.3499984741211,79.5,0.033500000834465,55.20000076293945,2.2679998874664307,5.414700031280518,406.75
2024-07-12,97.2300033569336,131.39999389648438,5.907800197601318,122.6500015258789,2414.0,112.41000366210938,79.5,0.0342940017580986,55.54999923706055,2.3289999961853027,5.438000202178955,400.0
2024-07-15,97.2300033569336,131.89999389648438,5.899099826812744,122.1999969482422,2422.89990234375,112.0,79.5,0.0342350006103515,56.38999938964844,2.157999992370605,5.422800064086914,390.5
2024-07-16,97.2300033569336,131.4499969482422,5.929800033569336,123.0199966430664,2462.39990234375,112.1500015258789,79.5,0.0344449989497661,56.400001525878906,2.187999963760376,5.446800231933594,395.75
2024-07-17,97.2300033569336,131.85000610351562,5.913599967956543,123.8499984741211,2454.800048828125,112.25,79.5,0.0342510007321834,56.40999984741211,2.0350000858306885,5.424300193786621,398.0
2024-07-18,97.2300033569336,130.00999450683594,5.993500232696533,122.3000030517578,2451.800048828125,111.79000091552734,79.5,0.0352119989693164,55.52999877929688,2.125,5.48769998550415,391.25
2024-07-19,97.2300033569336,130.14999389648438,6.0854997634887695,122.47000122070312,2395.5,111.4499969482422,79.5,0.0352549999952316,55.59000015258789,2.128000020980835,5.5432000160217285,390.5
2024-07-22,97.2300033569336,130.16000366210938,6.009799957275391,123.16000366210938,2392.0,111.8000030517578,79.5,0.0350500009953975,55.83000183105469,2.250999927520752,5.520872116088867,400.25
2024-07-23,97.2300033569336,128.8000030517578,6.059299945831299,122.55999755859376,2404.60009765625,111.0500030517578,79.5,0.035471998155117,54.40999984741211,2.187000036239624,5.570700168609619,402.5
2024-07-24,97.2300033569336,128.8000030517578,6.058700084686279,122.01000213623048,2413.300048828125,110.95999908447266,79.5,0.0358680002391338,54.13999938964844,2.117000102996826,5.585299968719482,403.75
2024-07-25,97.2300033569336,128.25,6.127299785614014,121.04000091552734,2351.89990234375,110.86000061035156,79.5,0.0367560014128685,54.400001525878906,2.0409998893737797,5.653600215911865,406.0
2024-07-26,97.2300033569336,129.8300018310547,6.121500015258789,121.9499969482422,2380.0,111.3499984741211,79.5,0.0367420017719268,53.91999816894531,2.00600004196167,5.643099784851074,394.5
2024-07-29,97.2300033569336,129.4199981689453,6.1031999588012695,122.01000213623048,2377.300048828125,112.0,79.5,0.036506999284029,53.97999954223633,1.906999945640564,5.622840881347656,396.25
2024-07-30,97.2300033569336,128.52000427246094,6.084499835968018,121.68000030517578,2405.0,111.91999816894533,79.5,0.0364460013806819,53.91999816894531,2.125999927520752,5.614500045776367,388.75
2024-07-31,97.2300033569336,130.0399932861328,6.069499969482422,121.0999984741211,2426.5,111.98999786376952,79.5,0.0367849990725517,54.470001220703125,2.0360000133514404,5.611100196838379,382.75
2024-08-01,97.2300033569336,129.77999877929688,6.115799903869629,121.02999877929688,2435.0,112.7300033569336,79.5,0.0377230010926723,53.81999969482422,1.968000054359436,5.656599998474121,382.0
2024-08-02,97.2300033569336,128.24000549316406,6.184500217437744,120.75,2425.699951171875,113.9499969482422,79.5,0.0385049991309642,52.84999847412109,1.9670000076293943,5.75059986114502,386.5
2024-08-05,97.2300033569336,127.69000244140624,6.200500011444092,121.6999969482422,2401.699951171875,115.0,79.5,0.0392710007727146,52.04999923706055,1.9420000314712524,5.7266998291015625,390.75
2024-08-06,97.2300033569336,128.7100067138672,6.286799907684326,123.6999969482422,2389.10009765625,114.23999786376952,79.5,0.0392379984259605,51.9900016784668,2.009999990463257,5.720900058746338,388.75
2024-08-07,97.2300033569336,130.25999450683594,6.181900024414063,124.4000015258789,2390.5,113.9800033569336,79.5,0.0391389988362789,51.95000076293945,2.111999988555908,5.6554999351501465,383.25
2024-08-08,97.2300033569336,131.35000610351562,6.120800018310547,125.4000015258789,2422.199951171875,114.0999984741211,79.5,0.0384690016508102,52.59000015258789,2.127000093460083,5.635799884796143,379.25
2024-08-09,97.2300033569336,133.16000366210938,6.080599784851074,128.25,2432.10009765625,115.0,79.5,0.0375589989125728,52.90999984741211,2.1429998874664307,5.54610013961792,376.75
2024-08-12,97.2300033569336,133.67999267578125,6.033400058746338,129.89999389648438,2462.39990234375,115.4000015258789,79.5,0.0374439992010593,53.040000915527344,2.188999891281128,5.50629997253418,383.25
2024-08-13,97.2300033569336,135.14999389648438,6.006199836730957,132.4499969482422,2466.699951171875,116.1999969482422,79.5,0.0373070016503334,53.40999984741211,2.1480000019073486,5.491899967193604,377.75
2024-08-14,97.2300033569336,136.05999755859375,5.987599849700928,134.1999969482422,2439.39990234375,116.5199966430664,79.5,0.0371350012719631,52.70000076293945,2.219000101089477,5.455699920654297,381.0
2024-08-15,97.2300033569336,136.8699951171875,6.017899990081787,135.1999969482422,2453.10009765625,115.6500015258789,79.5,0.0371129997074604,53.119998931884766,2.197000026702881,5.468900203704834,375.0
2024-08-16,97.2300033569336,136.52999877929688,5.9969000816345215,135.0,2498.60009765625,115.75,79.5,0.036761999130249,52.86000061035156,2.122999906539917,5.484899997711182,370.5
2024-08-19,97.2300033569336,138.60000610351562,6.004799842834473,137.58999633789062,2501.800048828125,115.51000213623048,79.5,0.0368879996240139,54.220001220703125,2.234999895095825,5.47130012512207,378.0
2024-08-20,97.2300033569336,138.9199981689453,5.996500015258789,138.39999389648438,2511.300048828125,114.62000274658205,79.5,0.036871001124382,54.47999954223633,2.197999954223633,5.405600070953369,375.0
2024-08-21,97.2300033569336,139.30999755859375,6.098599910736084,138.3699951171875,2508.39990234375,114.47000122070312,79.5,0.0377699993550777,55.75,2.177000045776367,5.478099822998047,375.5
2024-08-22,97.2300033569336,137.77000427246094,6.108699798583984,136.3000030517578,2478.89990234375,114.06999969482422,79.5,0.0377889983355999,55.22999954223633,2.052999973297119,5.482500076293945,371.5
2024-08-23,97.2300033569336,138.13999938964844,6.20550012588501,137.35000610351562,2508.39990234375,114.9499969482422,79.5,0.038256999105215,55.09999847412109,2.0220000743865967,5.59089994430542,367.75
2024-08-26,97.2300033569336,139.75,6.189700126647949,137.4499969482422,2517.699951171875,114.70999908447266,79.5,0.0381439998745918,55.52000045776367,1.955999970436096,5.485400199890137,362.0
2024-08-27,97.2300033569336,139.47000122070312,6.125500202178955,136.89999389648438,2516.0,114.19000244140624,79.5,0.0380199998617172,55.7599983215332,1.9040000438690183,5.495699882507324,367.25
2024-08-28,97.2300033569336,140.1300048828125,6.149899959564209,138.24000549316406,2501.0,114.0,79.5,0.0382600016891956,54.97999954223633,1.9299999475479128,5.507900238037109,365.25
2024-08-29,97.2300033569336,138.69000244140625,6.170700073242188,137.3800048828125,2525.699951171875,113.6500015258789,79.5,0.0385189987719059,55.220001220703125,2.13700008392334,5.56220006942749,371.75
2024-08-30,97.2300033569336,138.6999969482422,6.222400188446045,137.02999877929688,2493.800048828125,113.29000091552734,79.5,0.0388350002467632,54.93000030517578,2.127000093460083,5.627699851989746,378.0
2024-09-03,97.2300033569336,137.07000732421875,6.213399887084961,137.25999450683594,2489.89990234375,112.5199966430664,79.5,0.0382179990410804,53.75,2.203000068664551,5.615099906921387,386.5
2024-09-04,97.2300033569336,139.0800018310547,6.227499961853027,138.64999389648438,2493.39990234375,113.0,79.5,0.0388710014522075,54.86000061035156,2.1449999809265137,5.647500038146973,390.5
2024-09-05,97.2300033569336,139.3699951171875,6.211400032043457,138.47999572753906,2511.39990234375,113.12999725341795,79.5,0.0392730012536048,54.75,2.253999948501587,5.642000198364258,390.0
2024-09-06,97.2300033569336,137.36000061035156,6.23859977722168,137.0399932861328,2493.5,113.8000030517578,79.5,0.0388259999454021,54.5,2.275000095367432,5.567500114440918,383.75
2024-09-09,97.2300033569336,137.4499969482422,6.162099838256836,138.0,2501.800048828125,113.8000030517578,79.5,0.039326999336481,54.43000030517578,2.1700000762939453,5.59660005569458,384.25
2024-09-10,97.2300033569336,137.10000610351562,6.156599998474121,137.8699951171875,2512.300048828125,113.25,79.5,0.0390210002660751,54.4900016784668,2.2320001125335693,5.5843000411987305,379.5
2024-09-11,97.2300033569336,137.50999450683594,6.230299949645996,136.39999389648438,2512.10009765625,113.5500030517578,79.5,0.0397499985992908,54.91999816894531,2.2699999809265137,5.662899971008301,380.5
2024-09-12,97.2300033569336,136.64999389648438,6.219600200653076,135.0,2551.199951171875,113.16999816894533,79.5,0.0398240014910697,54.97999954223633,2.3570001125335693,5.667399883270264,386.25
2024-09-13,97.2300033569336,137.67999267578125,6.214900016784668,136.02000427246094,2581.300048828125,112.76000213623048,79.5,0.0396640002727508,55.720001220703125,2.305000066757202,5.625699996948242,390.75
2024-09-16,97.2300033569336,137.9499969482422,6.215700149536133,136.5,2580.39990234375,112.7699966430664,79.5,0.0398380011320114,55.220001220703125,2.372999906539917,5.612370014190674,410.75
2024-09-17,97.2300033569336,137.61000061035156,6.129199981689453,135.80999755859375,2564.300048828125,112.9000015258789,79.5,0.0390809997916221,55.18999862670898,2.3239998817443848,5.503900051116943,412.5
2024-09-18,97.2300033569336,136.5800018310547,6.103700160980225,134.97999572753906,2570.699951171875,113.33999633789062,79.5,0.0385500006377697,54.68000030517578,2.2839999198913574,5.4816999435424805,412.75
2024-09-19,97.2300033569336,135.6999969482422,6.059599876403809,133.9499969482422,2588.0,112.0,79.5,0.0384010002017021,54.869998931884766,2.3480000495910645,5.460999965667725,405.75
2024-09-20,97.2300033569336,133.67999267578125,6.047200202941895,131.25999450683594,2619.89990234375,110.75,79.5,0.0379539988934993,53.56999969482422,2.434000015258789,5.423900127410889,401.75
2024-09-23,97.2300033569336,133.3300018310547,6.031199932098389,129.33999633789062,2626.5,110.97000122070312,79.5,0.0375370010733604,53.22999954223633,2.61299991607666,5.513599872589111,413.5
2024-09-24,97.2300033569336,134.94000244140625,6.147799968719482,129.1699981689453,2651.199951171875,111.9000015258789,79.5,0.0385680012404918,55.43000030517578,2.5510001182556152,5.536099910736084,411.75
2024-09-25,97.2300033569336,134.39999389648438,6.098999977111816,129.1199951171875,2659.199951171875,112.0,79.5,0.0381040014326572,55.2400016784668,2.63700008392334,5.449699878692627,415.25
2024-09-26,97.2300033569336,135.6199951171875,6.071899890899658,130.52999877929688,2669.89990234375,111.9499969482422,79.5,0.0378389991819858,57.619998931884766,2.5850000381469727,5.473800182342529,413.25
2024-09-27,97.2300033569336,135.36000061035156,6.082300186157227,130.86000061035156,2644.300048828125,111.11000061035156,79.5,0.0375129990279674,57.2599983215332,2.9019999504089355,5.436699867248535,418.0
2024-09-30,97.2300033569336,134.5,6.065199851989746,129.57000732421875,2636.10009765625,111.6500015258789,79.5,0.0380310006439685,57.29999923706055,2.9230000972747803,5.433199882507324,424.75
2024-10-01,97.2300033569336,135.2100067138672,6.061800003051758,129.0,2667.300048828125,111.55999755859376,79.5,0.0379550009965896,57.52000045776367,2.8959999084472656,5.448500156402588,429.0
2024-10-02,97.2300033569336,136.13999938964844,6.043399810791016,130.3000030517578,2647.10009765625,111.88999938964844,79.5,0.0377870015799999,58.02000045776367,2.885999917984009,5.423999786376953,432.5
2024-10-03,97.2300033569336,134.2899932861328,6.011499881744385,128.50999450683594,2657.10009765625,111.5,79.5,0.0371319986879825,57.02000045776367,2.970000028610229,5.440299987792969,428.25
2024-10-04,97.2300033569336,134.47999572753906,5.9807000160217285,128.75999450683594,2645.800048828125,111.48999786376952,79.5,0.0372850000858306,57.18000030517578,2.8540000915527344,5.47629976272583,424.75
2024-10-07,97.2300033569336,134.69000244140625,6.0157999992370605,128.9499969482422,2644.800048828125,111.5,79.5,0.0366210006177425,57.58000183105469,2.746000051498413,5.4542999267578125,426.0
2024-10-08,97.2300033569336,134.17999267578125,6.014100074768066,129.25,2615.0,112.45999908447266,79.5,0.0370969995856285,56.459999084472656,2.7330000400543213,5.494200229644775,420.75
2024-10-09,97.2300033569336,132.52000427246094,6.069200038909912,127.5,2606.0,111.38999938964844,79.5,0.0373449996113777,55.9900016784668,2.6600000858306885,5.5346999168396,421.0
2024-10-10,97.2300033569336,133.0500030517578,6.107500076293945,127.3499984741211,2620.60009765625,111.63999938964844,79.5,0.0374890007078647,55.75,2.674999952316284,5.596099853515625,418.5
2024-10-11,97.2300033569336,132.5500030517578,6.102799892425537,126.8499984741211,2657.60009765625,111.5500030517578,79.5,0.0375749990344047,55.54999923706055,2.631999969482422,5.581699848175049,415.75
2024-10-14,97.2300033569336,133.75999450683594,6.08050012588501,128.22000122070312,2647.800048828125,111.52999877929688,79.5,0.0375799983739852,55.619998931884766,2.49399995803833,5.610599994659424,408.25
2024-10-15,97.2300033569336,133.6199951171875,6.082200050354004,128.86000061035156,2661.39990234375,111.2699966430664,79.5,0.0373440012335777,55.119998931884766,2.497999906539917,5.594699859619141,401.25
2024-10-16,97.2300033569336,134.35000610351562,6.157100200653076,129.4499969482422,2674.0,110.7300033569336,79.5,0.0378720015287399,55.380001068115234,2.367000102996826,5.651999950408936,404.75
2024-10-17,97.2300033569336,133.52000427246094,6.1458001136779785,128.85000610351562,2691.0,110.41000366210938,79.5,0.0378779992461204,55.11000061035156,2.3469998836517334,5.668000221252441,406.75
2024-10-18,97.2300033569336,133.25,6.1234002113342285,128.77000427246094,2713.699951171875,110.19000244140624,79.5,0.0376319997012615,55.29999923706055,2.257999897003174,5.651800155639648,404.75
2024-10-21,97.2300033569336,133.1699981689453,6.106500148773193,129.0800018310547,2723.10009765625,110.77999877929688,79.5,0.0376849994063377,55.56999969482422,2.312000036239624,5.635900020599365,409.5
2024-10-22,97.2300033569336,132.6999969482422,6.152100086212158,127.80999755859376,2744.199951171875,109.91999816894533,79.5,0.0377289988100528,55.31999969482422,2.311000108718872,5.68809986114502,416.5
2024-10-23,97.2300033569336,132.02999877929688,6.145100116729736,127.62999725341795,2714.39990234375,109.45999908447266,79.5,0.0376570001244545,55.0099983215332,2.3420000076293945,5.689300060272217,419.0
2024-10-24,97.2300033569336,132.8699951171875,6.146299839019775,128.80999755859375,2734.89990234375,110.37999725341795,79.5,0.0372430011630058,54.970001220703125,2.5220000743865967,5.686500072479248,421.5
2024-10-25,97.2300033569336,132.52999877929688,6.129499912261963,128.3000030517578,2740.89990234375,109.76000213623048,79.5,0.0373179987072944,56.16999816894531,2.559999942779541,5.664000034332275,415.25
2024-10-28,97.2300033569336,133.88999938964844,6.142099857330322,129.3300018310547,2742.89990234375,109.91000366210938,79.5,0.0373359993100166,56.709999084472656,2.309000015258789,5.685812950134277,410.75
2024-10-29,97.2300033569336,133.30999755859375,6.169300079345703,128.25,2768.39990234375,108.9499969482422,79.5,0.0372509993612766,56.72999954223633,2.345999956130981,5.71019983291626,413.75
2024-10-30,97.2300033569336,133.17999267578125,6.22790002822876,128.27000427246094,2788.5,109.26000213623048,79.5,0.0375740006566047,56.81999969482422,2.845000028610229,5.760000228881836,411.5
2024-10-31,97.2300033569336,132.3300018310547,6.252200126647949,126.52999877929688,2738.300048828125,109.4800033569336,79.5,0.0375909991562366,56.54999923706055,2.7070000171661377,5.76230001449585,410.75
2024-11-01,97.2300033569336,130.8800048828125,6.295599937438965,124.8000030517578,2738.60009765625,109.4800033569336,79.5,0.0381250008940696,56.2599983215332,2.6630001068115234,5.789400100708008,414.5
2024-11-04,97.2300033569336,133.36000061035156,6.177999973297119,127.06999969482422,2736.10009765625,110.2300033569336,79.5,0.0371210016310215,57.290000915527344,2.7809998989105225,5.677525997161865,416.5
2024-11-05,97.2300033569336,133.42999267578125,6.295700073242188,128.02000427246094,2740.300048828125,110.4800033569336,79.5,0.0380540005862712,57.2599983215332,2.6700000762939453,5.790599822998047,418.5
2024-11-06,97.2300033569336,133.0500030517578,6.269591808319092,126.79000091552734,2667.60009765625,110.6999969482422,79.5,0.0379020012915134,58.0,2.746999979019165,5.739799976348877,426.25
2024-11-07,97.2300033569336,132.22000122070312,6.086427211761475,126.2300033569336,2698.39990234375,111.06999969482422,79.5,0.0367810018360614,58.70000076293945,2.693000078201294,5.674799919128418,427.5
2024-11-08,97.2300033569336,130.32000732421875,6.138734817504883,124.0,2687.5,111.0999984741211,79.5,0.0371540002524852,56.58000183105469,2.6689999103546143,5.690999984741211,431.0
2024-11-11,97.2300033569336,130.52000427246094,6.11359977722168,124.37000274658205,2611.199951171875,111.76000213623048,79.5,0.0375819988548755,56.20000076293945,2.9200000762939453,5.736400127410889,430.0
2024-11-12,97.2300033569336,130.22000122070312,6.131207942962647,124.0999984741211,2600.0,110.91999816894533,79.5,0.037491999566555,55.27999877929688,2.907000064849853,5.75540018081665,428.5
2024-11-13,97.2300033569336,130.36000061035156,6.097560882568359,123.9499969482422,2580.800048828125,109.94000244140624,79.5,0.0371709987521171,55.54999923706055,2.9830000400543213,5.748199939727783,426.5
2024-11-14,97.2300033569336,130.35000610351562,6.127450942993164,123.1500015258789,2568.199951171875,110.23999786376952,79.5,0.0373490005731582,55.77000045776367,2.7850000858306885,5.805900096893311,419.0
2024-11-18,97.2300033569336,130.3800048828125,6.105199813842773,123.25,2610.60009765625,110.05999755859376,79.5,0.0375499986112117,55.959999084472656,2.9730000495910645,5.794600009918213,429.25
2024-11-19,97.2300033569336,130.97000122070312,6.0827250480651855,123.93000030517578,2627.10009765625,110.3000030517578,79.5,0.0371650010347366,56.09999847412109,2.997999906539917,5.746399879455566,427.25
2024-11-21,97.2300033569336,129.42999267578125,6.07902717590332,122.12000274658205,2672.10009765625,111.47000122070312,79.5,0.0371560007333755,56.18999862670898,3.33899998664856,5.770699977874756,426.75
2024-11-22,97.2300033569336,131.94000244140625,6.0827250480651855,122.4800033569336,2709.89990234375,112.9000015258789,79.5,0.0377120003104209,56.68000030517578,3.128999948501587,5.814099788665772,425.5
2024-11-25,97.2300033569336,131.82000732421875,6.030700206756592,123.08000183105467,2616.800048828125,111.30999755859376,79.5,0.0374700017273426,56.84999847412109,3.36899995803833,5.799300193786621,424.75
2024-11-26,97.2300033569336,132.75999450683594,6.049606800079346,124.81999969482422,2620.300048828125,111.01000213623048,79.5,0.0375499986112117,56.34000015258789,3.430999994277954,5.797200202941895,420.0
2024-11-27,97.2300033569336,130.22000122070312,6.090134143829346,121.0500030517578,2639.89990234375,109.73999786376952,79.5,0.037966001778841,56.93000030517578,3.2039999961853027,5.809599876403809,415.75
2024-11-29,97.2300033569336,128.10000610351562,6.345178127288818,116.2300033569336,2657.0,109.04000091552734,79.5,0.0398080013692379,57.470001220703125,3.36299991607666,6.013899803161621,423.0
2024-12-02,97.2300033569336,127.75,6.316500186920166,115.68000030517578,2634.89990234375,109.44000244140624,79.5,0.039877999573946,58.150001525878906,3.213000059127808,5.973199844360352,424.5
2024-12-03,97.2300033569336,128.82000732421875,6.353240013122559,116.93000030517578,2644.699951171875,108.9800033569336,79.5,0.0404819995164871,58.34000015258789,3.0420000553131104,6.05679988861084,423.25
2024-12-04,97.2300033569336,128.60000610351562,6.345178127288818,118.51000213623048,2653.800048828125,108.33999633789062,79.5,0.0403960011899471,58.43000030517578,3.0429999828338623,6.043099880218506,422.0
2024-12-05,97.2300033569336,130.4600067138672,6.341154098510742,119.81999969482422,2626.60009765625,109.12999725341795,79.5,0.0400950014591217,58.790000915527344,3.0789999961853027,6.03879976272583,426.5
2024-12-06,97.2300033569336,128.4499969482422,6.357278823852539,118.47000122070312,2638.60009765625,108.0,79.5,0.0400170013308525,58.16999816894531,3.075999975204468,6.010300159454346,430.75
2024-12-09,97.2300033569336,129.77999877929688,6.3368000984191895,118.22000122070312,2664.89990234375,108.31999969482422,79.5,0.0406010001897811,59.66999816894531,3.181999921798706,6.0883002281188965,434.0
2024-12-10,97.2300033569336,130.86000061035156,6.406149864196777,119.79000091552734,2697.60009765625,109.02999877929688,79.5,0.040132001042366,59.400001525878906,3.1630001068115234,6.076600074768066,440.5
2024-12-11,97.2300033569336,132.2899932861328,6.36132287979126,122.2300033569336,2733.800048828125,110.3499984741211,79.5,0.0398229993879795,59.52999877929688,3.378000020980835,6.045300006866455,438.0
2024-12-12,97.2300033569336,128.60000610351562,6.25,119.4499969482422,2687.5,110.22000122070312,79.5,0.039096999913454,58.18000030517578,3.4549999237060547,5.952700138092041,431.75
2024-12-13,97.2300033569336,127.18000030517578,6.273526191711426,118.01000213623048,2656.0,108.80999755859376,79.5,0.0392990000545978,57.02000045776367,3.2799999713897705,5.996099948883057,430.0
2024-12-16,97.2300033569336,126.12999725341795,6.265900135040283,116.3499984741211,2651.39990234375,106.9000015258789,79.5,0.0392990000545978,57.13999938964844,3.21399998664856,6.040900230407715,445.0
2024-12-17,97.2300033569336,127.33000183105467,6.4599480628967285,117.33999633789062,2644.39990234375,105.9499969482422,79.5,0.0398890003561973,57.83000183105469,3.308000087738037,6.147299766540527,443.5
2024-12-18,97.2300033569336,123.4000015258789,6.397953033447266,113.6500015258789,2636.5,104.8000030517578,79.5,0.0397629998624324,55.95000076293945,3.374000072479248,6.1031999588012695,437.25
2024-12-19,97.2300033569336,123.93000030517578,6.501951217651367,114.30999755859376,2592.199951171875,106.4000015258789,79.5,0.0406779982149601,55.27999877929688,3.5840001106262207,6.288899898529053,440.75
2024-12-20,97.2300033569336,124.7300033569336,6.36942720413208,116.06999969482422,2628.699951171875,107.16999816894533,79.5,0.0390180014073848,55.20000076293945,3.747999906539917,6.151599884033203,446.25
2024-12-23,97.2300033569336,123.33999633789062,6.359899997711182,114.4499969482422,2612.300048828125,105.91999816894533,79.5,0.0388909988105297,55.130001068115234,3.6559998989105225,6.084199905395508,447.75
2024-12-26,97.2300033569336,123.61000061035156,6.414368152618408,115.4000015258789,2638.800048828125,105.87000274658205,79.5,0.0428260006010532,55.220001220703125,3.714999914169312,6.182799816131592,453.75
2024-12-27,97.2300033569336,122.9000015258789,6.410200119018555,114.9000015258789,2617.199951171875,105.77999877929688,79.5,0.0391580015420913,54.52000045776367,3.513999938964844,6.148499965667725,454.0
2024-12-30,97.2300033569336,122.91000366210938,6.428800106048584,114.6500015258789,2606.10009765625,104.83000183105467,79.5,0.0392520017921924,54.52999877929688,3.936000108718872,6.193699836730957,452.25
2025-01-02,97.2300033569336,122.8000030517578,6.514657974243164,114.1999969482422,2658.89990234375,105.3000030517578,79.5,0.0399749986827373,54.09000015258789,3.660000085830689,6.300000190734863,459.5
2025-01-03,97.2300033569336,121.0,6.309147834777832,112.58999633789062,2645.0,105.20999908447266,79.5,0.0390500016510486,53.16999816894531,3.3540000915527344,6.151000022888184,450.75
2025-01-06,97.2300033569336,122.7699966430664,6.310200214385986,115.37000274658205,2638.39990234375,105.8499984741211,79.5,0.0393120013177394,53.880001068115234,3.671999931335449,6.180699825286865,457.75
2025-01-07,97.2300033569336,123.83000183105467,6.345178127288818,116.23999786376952,2656.699951171875,105.3000030517578,79.5,0.0387730002403259,53.060001373291016,3.4489998817443848,6.115499973297119,458.0
2025-01-08,97.2300033569336,122.16000366210938,6.305170059204102,115.16999816894533,2664.5,105.58000183105467,79.5,0.0385590009391307,52.29999923706055,3.651000022888184,6.100900173187256,454.0
2025-01-09,97.2300033569336,122.3000030517578,6.2932658195495605,115.19000244140624,2683.800048828125,105.41999816894533,79.5,0.0385899990797042,51.7599983215332,3.700999975204468,6.105800151824951,456.0
2025-01-10,97.2300033569336,121.47000122070312,6.207324981689453,113.75,2708.5,105.48999786376952,79.5,0.0381800010800361,51.790000915527344,3.989000082015991,6.034599781036377,470.5
2025-01-13,97.2300033569336,121.58999633789062,6.193600177764893,114.25,2673.5,105.33999633789062,79.5,0.0387240014970302,51.95000076293945,3.934000015258789,6.105899810791016,476.5
2025-01-14,97.2300033569336,121.97000122070312,6.25,115.72000122070312,2677.5,105.4000015258789,79.5,0.0387279987335205,51.77999877929688,3.9679999351501465,6.093400001525879,474.5
2025-01-15,97.2300033569336,125.4499969482422,6.234414100646973,120.37000274658205,2712.5,105.9000015258789,79.5,0.0383119992911815,52.209999084472656,4.083000183105469,6.054800033569336,478.75
2025-01-16,97.2300033569336,124.02999877929688,6.184291839599609,119.47000122070312,2746.39990234375,104.81999969482422,79.5,0.0384729988873004,52.22999954223633,4.257999897003174,6.012199878692627,474.5
2025-01-17,97.2300033569336,124.9499969482422,6.226650238037109,119.30999755859376,2744.300048828125,104.62999725341795,79.5,0.0389409996569156,53.400001525878906,3.947999954223633,6.049900054931641,484.25
2025-01-21,97.2300033569336,126.01000213623048,6.277463912963867,120.6999969482422,2755.0,103.75,79.5,0.0388530008494854,54.29999923706055,3.75600004196167,6.029799938201904,490.0
2025-01-22,97.2300033569336,125.7300033569336,6.257822036743164,120.68000030517578,2767.60009765625,103.76000213623048,79.5,0.0386499986052513,53.5099983215332,3.9600000381469727,6.020500183105469,484.25
2025-01-23,97.2300033569336,125.1999969482422,6.176651954650879,120.6999969482422,2763.10009765625,103.5199966430664,79.5,0.0379739999771118,53.43999862670898,3.944999933242798,5.940299987792969,489.75
2025-01-24,97.2300033569336,125.08000183105467,6.165227890014648,120.58999633789062,2777.300048828125,103.72000122070312,79.5,0.0379340015351772,53.83000183105469,4.026999950408936,5.923999786376953,486.5
2025-01-27,97.2300033569336,127.68000030517578,6.187600135803223,123.41999816894533,2737.5,103.5999984741211,79.5,0.0378890000283718,54.59999847412109,3.697000026702881,5.90910005569458,482.0
2025-01-28,97.2300033569336,126.75,6.150062084197998,123.44000244140624,2766.800048828125,103.9800033569336,79.5,0.0380330011248588,54.25,3.470999956130981,5.892600059509277,485.25
2025-01-29,97.2300033569336,126.1999969482422,6.10128116607666,123.0999984741211,2769.10009765625,103.7300033569336,79.5,0.0376430004835128,54.02000045776367,3.5350000858306885,5.856100082397461,497.0
2025-01-30,97.2300033569336,129.77000427246094,6.10128116607666,126.4499969482422,2823.0,105.2699966430664,79.5,0.0377440005540847,55.290000915527344,3.046999931335449,5.8566999435424805,490.25
2025-01-31,97.2300033569336,128.8699951171875,6.10128116607666,126.5,2812.5,105.29000091552734,79.5,0.0381079986691474,54.5,3.0439999103546143,5.874499797821045,482.0
2025-02-03,97.2300033569336,128.67999267578125,6.070799827575684,126.3000030517578,2833.89990234375,105.47000122070312,79.5,0.0376279987394809,54.33000183105469,3.351999998092652,5.84060001373291,488.75
2025-02-04,97.2300033569336,127.91999816894533,5.991611957550049,125.75,2853.300048828125,104.83000183105467,79.5,0.0373939983546733,53.47999954223633,3.253000020980835,5.80620002746582,494.5
2025-02-05,97.2300033569336,128.32000732421875,5.966587066650391,127.19000244140624,2871.60009765625,105.0,79.5,0.0373539999127388,53.06999969482422,3.359999895095825,5.7571001052856445,493.25
2025-02-06,97.2300033569336,129.0500030517578,6.031363010406494,128.27000427246094,2856.0,104.98999786376952,79.5,0.0380190014839172,53.97999954223633,3.407999992370605,5.8028998374938965,495.25
2025-02-07,97.2300033569336,127.4000015258789,5.977285861968994,126.0199966430664,2867.300048828125,105.2300033569336,79.5,0.0381009988486766,53.04999923706055,3.309000015258789,5.760499954223633,487.5
2025-02-10,97.2300033569336,128.30999755859375,5.958499908447266,126.6500015258789,2914.300048828125,104.70999908447266,79.5,0.0383439995348453,53.9900016784668,3.444000005722046,5.803199768066406,491.5
2025-02-11,97.2300033569336,129.35000610351562,5.955925941467285,127.8499984741211,2912.5,105.18000030517578,79.5,0.0381149984896183,53.7599983215332,3.5190000534057617,5.786900043487549,484.0
2025-02-12,97.2300033569336,127.0999984741211,5.970149040222168,124.95999908447266,2909.0,104.80999755859376,79.5,0.0377499982714653,53.040000915527344,3.565000057220459,5.764500141143799,490.25
2025-02-13,97.2300033569336,127.7300033569336,5.986100196838379,125.66999816894533,2925.89990234375,105.37999725341795,79.5,0.0373760014772415,53.34999847412109,3.628000020980835,5.764400005340576,493.5
2025-02-14,97.2300033569336,130.9600067138672,6.027728080749512,129.52000427246094,2883.60009765625,106.37999725341795,79.5,0.0376840010285377,53.9900016784668,3.724999904632568,5.766900062561035,496.25
2025-02-18,97.2300033569336,131.3300018310547,5.984439849853516,130.5,2931.60009765625,107.08999633789062,79.5,0.0377230010926723,53.79999923706055,4.006999969482422,5.712100028991699,502.0
2025-02-19,97.2300033569336,130.10000610351562,5.938241958618164,128.6199951171875,2919.39990234375,107.1500015258789,79.5,0.037441000342369,53.65999984741211,4.28000020980835,5.688600063323975,497.5
2025-02-20,97.2300033569336,130.4199981689453,5.958799839019775,128.0500030517578,2940.0,107.18000030517578,79.5,0.0378270000219345,53.459999084472656,4.151999950408936,5.720300197601318,498.0
2025-02-21,97.2300033569336,129.94000244140625,5.984000205993652,126.77999877929688,2937.60009765625,107.3499984741211,79.5,0.0381449982523918,53.08000183105469,4.234000205993652,5.701300144195557,491.25
2025-02-24,97.2300033569336,128.3000030517578,5.948800086975098,125.75,2947.89990234375,107.08000183105467,79.5,0.0384019985795021,52.810001373291016,3.99399995803833,5.730999946594238,482.5
2025-02-25,97.2300033569336,128.85000610351562,6.038647174835205,126.81999969482422,2904.5,106.58000183105467,79.5,0.0385559983551502,52.83000183105469,4.173999786376953,5.7778000831604,479.75
2025-02-26,97.2300033569336,127.69000244140624,6.035003185272217,125.43000030517578,2916.800048828125,106.7699966430664,79.5,0.0385069996118545,52.81999969482422,3.9059998989105225,5.740300178527832,478.25
2025-02-27,97.2300033569336,127.6500015258789,6.0827250480651855,125.70999908447266,2883.199951171875,106.0999984741211,79.5,0.0389790013432502,53.09999847412109,3.934000015258789,5.801700115203857,464.75
2025-02-28,97.2300033569336,125.75,6.064280986785889,122.58000183105467,2836.800048828125,105.41000366210938,79.5,0.0389409996569156,51.810001373291016,3.8340001106262207,5.839000225067139,453.5
2025-03-05,97.2300033569336,125.8499984741211,6.248000144958496,124.58999633789062,2915.300048828125,106.25,79.5,0.0392800010740757,51.83000183105469,4.449999809265137,5.885700225830078,440.25
2025-03-06,97.2300033569336,126.12000274658205,6.191949844360352,124.62000274658205,2916.60009765625,106.48999786376952,79.5,0.0385459996759891,52.45000076293945,4.302000045776367,5.740099906921387,449.5
2025-03-07,97.2300033569336,127.87999725341795,6.211180210113525,125.8499984741211,2904.699951171875,106.97000122070312,79.5,0.038927000015974,52.810001373291016,4.39900016784668,5.763000011444092,455.25
2025-03-10,97.2300033569336,127.37999725341795,6.261741161346436,124.6999969482422,2891.0,106.75,79.5,0.0390589982271194,51.970001220703125,4.491000175476074,5.782899856567383,458.75
2025-03-11,97.2300033569336,126.44000244140624,6.3371357917785645,124.1500015258789,2912.89990234375,107.56999969482422,79.5,0.039802998304367,51.41999816894531,4.453000068664551,5.85290002822876,456.5
2025-03-12,97.2300033569336,126.7699966430664,6.3331217765808105,124.4000015258789,2939.10009765625,107.12999725341795,79.5,0.0392349995672702,51.18000030517578,4.084000110626221,5.808599948883057,448.75
2025-03-13,97.2300033569336,128.4499969482422,6.305170059204102,128.22000122070312,2984.300048828125,108.0,79.5,0.0391280017793178,52.150001525878906,4.111000061035156,5.797800064086914,453.5
2025-03-14,97.2300033569336,132.0,6.289308071136475,133.30999755859375,2994.5,107.27999877929688,79.5,0.0391979999840259,53.58000183105469,4.104000091552734,5.798500061035156,445.5
2025-03-17,97.2300033569336,133.9199981689453,6.265664100646973,135.0,3000.0,107.68000030517578,79.5,0.038621999323368,54.08000183105469,4.01800012588501,5.740600109100342,461.0
2025-03-18,97.2300033569336,134.5,6.199627876281738,134.5399932861328,3035.10009765625,107.73999786376952,79.5,0.0380100011825561,54.45000076293945,4.052000045776367,5.678069114685059,458.75
2025-03-19,97.2300033569336,135.63999938964844,6.199627876281738,135.77999877929688,3035.89990234375,108.3000030517578,79.5,0.0379550009965896,54.650001525878906,4.247000217437744,5.672100067138672,462.0
2025-03-20,97.2300033569336,134.92999267578125,6.15763521194458,134.89999389648438,3040.0,107.62000274658205,79.5,0.0380319990217685,54.650001525878906,3.974999904632568,5.648099899291992,469.0
2025-03-21,97.2300033569336,135.3000030517578,6.15384578704834,135.77999877929688,3018.199951171875,107.72000122070312,79.5,0.038171999156475,54.16999816894531,3.9800000190734863,5.673900127410889,464.25
2025-03-24,97.2300033569336,134.3699951171875,6.23052978515625,135.72999572753906,3013.10009765625,107.87999725341795,79.5,0.0383110009133815,54.150001525878906,3.9140000343322754,5.729599952697754,464.5
2025-03-25,97.2300033569336,135.14999389648438,6.218904972076416,136.57000732421875,3023.699951171875,107.75,79.5,0.0382129997014999,53.84000015258789,3.839999914169312,5.760799884796143,457.75
2025-03-26,97.2300033569336,135.61000061035156,6.142506122589111,136.8699951171875,3020.89990234375,107.9000015258789,79.5,0.0379969999194145,54.29999923706055,3.861000061035156,5.698400020599365,451.25
2025-03-27,97.2300033569336,136.27999877929688,6.15384578704834,136.47000122070312,3060.199951171875,107.63999938964844,79.5,0.0381169989705085,54.380001068115234,3.950000047683716,5.733500003814697,450.0
2025-03-28,97.2300033569336,135.10000610351562,6.191949844360352,135.9199981689453,3086.5,107.97000122070312,79.5,0.0380350016057491,53.52999877929688,4.065000057220459,5.739299774169922,453.25
2025-03-31,97.2300033569336,133.3000030517578,6.226650238037109,133.4600067138672,3122.800048828125,108.06999969482422,79.5,0.0385060012340545,52.72999954223633,4.11899995803833,5.7581000328063965,457.25
2025-04-01,97.2300033569336,134.17999267578125,6.15763521194458,134.6199951171875,3118.89990234375,108.0,79.5,0.0379879996180534,53.06999969482422,3.950999975204468,5.698400020599365,461.75
2025-04-02,97.2300033569336,134.5500030517578,6.127450942993164,135.02999877929688,3139.89990234375,108.0199966430664,79.5,0.0379329994320869,52.540000915527344,4.054999828338623,5.681300163269043,457.75
2025-04-03,97.2300033569336,134.24000549316406,6.169031143188477,137.27999877929688,3097.0,109.58000183105467,79.5,0.0383230000734329,51.06999969482422,4.138000011444092,5.663700103759766,457.5
2025-04-04,97.2300033569336,130.19000244140625,6.211180210113525,132.88999938964844,3012.0,109.5199966430664,79.5,0.0384999997913837,49.40999984741211,3.836999893188477,5.6305999755859375,460.25
2025-04-07,97.2300033569336,128.47999572753906,6.414368152618408,132.16000366210938,2951.300048828125,109.1999969482422,79.5,0.0401550009846687,48.59999847412109,3.6549999713897705,5.840030193328857,464.5
2025-04-08,97.2300033569336,126.80999755859376,6.447453022003174,131.35000610351562,2968.39990234375,108.9499969482422,79.5,0.040022000670433,46.959999084472656,3.4649999141693115,5.913599967956543,469.0
2025-04-09,97.2300033569336,130.8000030517578,6.596305847167969,134.10000610351562,3056.5,108.4800033569336,79.5,0.0412419997155666,49.34000015258789,3.815999984741211,6.013299942016602,474.0
2025-04-10,97.2300033569336,129.3000030517578,6.365372180938721,132.25999450683594,3155.199951171875,108.1999969482422,79.5,0.0394669994711875,49.209999084472656,3.556999921798706,5.8180999755859375,483.0
2025-04-11,97.2300033569336,130.6999969482422,6.618134021759033,133.14999389648438,3222.199951171875,109.0999984741211,79.5,0.0409360006451606,49.70000076293945,3.5269999504089355,5.884300231933594,490.25
2025-04-14,97.2300033569336,132.5800018310547,6.64451789855957,135.4499969482422,3204.800048828125,109.98999786376952,79.5,0.0407989993691444,50.880001068115234,3.325000047683716,5.864200115203857,485.0
2025-04-15,97.2300033569336,132.3300018310547,6.63129997253418,135.74000549316406,3218.699951171875,109.3000030517578,79.5,0.0408710017800331,49.77000045776367,3.3289999961853027,5.8541998863220215,481.25
2025-04-16,97.2300033569336,131.4199981689453,6.640106201171875,134.5500030517578,3326.60009765625,110.04000091552734,79.5,0.041117001324892,49.34000015258789,3.246999979019165,5.884600162506104,484.25
2025-04-17,97.2300033569336,132.77999877929688,6.680027008056641,135.3000030517578,3308.699951171875,109.5500030517578,79.5,0.0413619987666606,49.63999938964844,3.244999885559082,5.8653998374938965,482.25
2025-04-22,97.2300033569336,133.55999755859375,6.680027008056641,136.9600067138672,3400.800048828125,108.36000061035156,79.5,0.0412149988114833,49.810001373291016,3.006999969482422,5.80709981918335,475.75
2025-04-23,97.2300033569336,135.35000610351562,6.485084056854248,139.27000427246094,3276.300048828125,108.9800033569336,79.5,0.0400560013949871,50.880001068115234,3.0220000743865967,5.719900131225586,472.0
2025-04-24,97.2300033569336,137.8000030517578,6.455778121948242,141.82000732421875,3332.0,109.5,79.5,0.0398419983685016,51.65999984741211,2.930000066757202,5.703400135040283,477.25
2025-04-25,97.2300033569336,137.94000244140625,6.451612949371338,142.3800048828125,3282.39990234375,110.01000213623048,79.5,0.0397650003433227,51.0099983215332,2.937000036239624,5.678699970245361,478.75
2025-04-28,97.2300033569336,138.27000427246094,6.443298816680908,143.25,3332.5,110.56999969482422,79.5,0.0395359992980957,50.959999084472656,3.1700000762939453,5.684700012207031,475.5
2025-04-29,97.2300033569336,138.36000061035156,6.443298816680908,144.10000610351562,3318.800048828125,111.0,79.5,0.0397370010614395,51.0,3.385999917984009,5.652900218963623,460.5
2025-04-30,97.2300033569336,138.25,6.393861770629883,145.89999389648438,3305.0,111.0,79.5,0.0394899994134902,50.02999877929688,3.325999975204468,5.619999885559082,467.25
2025-05-02,97.2300033569336,138.41000366210938,6.406149864196777,144.4199981689453,3231.89990234375,111.27999877929688,79.5,0.0390050001442432,50.20000076293945,3.630000114440918,5.67710018157959,461.25
2025-05-05,97.2300033569336,136.67999267578125,6.4102559089660645,143.55999755859375,3311.300048828125,110.6500015258789,79.5,0.0391930006444454,49.959999084472656,3.549999952316284,5.666900157928467,446.5
2025-05-06,97.2300033569336,136.8800048828125,6.426734924316406,142.14999389648438,3411.39990234375,111.1999969482422,79.5,0.0395880006253719,50.060001373291016,3.463000059127808,5.686299800872803,447.5
2025-05-07,97.2300033569336,136.61000061035156,6.472492218017578,142.77000427246094,3381.39990234375,111.6500015258789,79.5,0.0399449989199638,50.27000045776367,3.621000051498413,5.712800025939941,441.0
2025-05-08,97.2300033569336,139.5,6.489293098449707,150.07000732421875,3296.60009765625,112.6999969482422,79.5,0.0399309992790222,50.95000076293945,3.5920000076293945,5.74459981918335,439.0
2025-05-09,97.2300033569336,139.83999633789062,6.34920597076416,153.0800018310547,3335.39990234375,113.0,79.5,0.0387680009007453,49.7599983215332,3.795000076293945,5.661600112915039,441.5
2025-05-12,97.2300033569336,139.9199981689453,6.3371357917785645,150.13999938964844,3220.0,113.0,79.5,0.0387349985539913,51.16999816894531,3.6459999084472656,5.648200035095215,440.25
2025-05-13,97.2300033569336,142.25999450683594,6.285355091094971,153.5800018310547,3240.300048828125,113.08000183105467,79.5,0.038221001625061,51.81999969482422,3.6470000743865967,5.6697998046875,436.0
2025-05-14,97.2300033569336,141.75,6.265664100646973,153.6199951171875,3181.39990234375,112.88999938964844,79.5,0.0379699990153312,51.95000076293945,3.492000102996826,5.60046911239624,438.5
2025-05-15,97.2300033569336,142.75,6.297228813171387,154.32000732421875,3220.699951171875,113.16000366210938,79.5,0.0384479984641075,52.369998931884766,3.361999988555908,5.636499881744385,448.5
2025-05-16,97.2300033569336,142.6300048828125,6.353240013122559,150.42999267578125,3182.0,113.27999877929688,79.5,0.0390219986438751,52.220001220703125,3.3340001106262207,5.681300163269043,443.5
2025-05-19,97.2300033569336,143.10000610351562,6.329113960266113,151.10000610351562,3228.89990234375,113.62999725341795,79.5,0.0389319993555545,52.119998931884766,3.11299991607666,5.6586737632751465,447.5
2025-05-20,97.2300033569336,143.49000549316406,6.3331217765808105,152.05999755859375,3280.300048828125,113.5500030517578,79.5,0.0389349982142448,51.970001220703125,3.427000045776367,5.644499778747559,454.5
2025-05-21,97.2300033569336,141.27000427246094,6.389776229858398,149.00999450683594,3309.300048828125,113.06999969482422,79.5,0.0392579995095729,51.43999862670898,3.368000030517578,5.667300224304199,461.0
2025-05-22,97.2300033569336,140.67999267578125,6.389776229858398,148.3800048828125,3292.300048828125,112.87999725341795,79.5,0.0392620004713535,51.29999923706055,3.253000020980835,5.644700050354004,463.0
2025-05-23,97.2300033569336,141.22000122070312,6.443298816680908,148.80999755859375,3363.60009765625,113.61000061035156,79.5,0.0397339984774589,51.34999847412109,3.3340001106262207,5.71619987487793,459.5
2025-05-27,97.2300033569336,142.99000549316406,6.447453022003174,151.35000610351562,3299.10009765625,114.36000061035156,79.5,0.0397239997982978,51.36000061035156,3.3980000019073486,5.666600227355957,459.5
2025-05-28,97.2300033569336,142.3000030517578,6.385695934295654,150.6999969482422,3293.60009765625,114.0999984741211,79.5,0.0391050018370151,50.88999938964844,3.2039999961853027,5.637400150299072,451.0
2025-05-29,97.2300033569336,141.99000549316406,6.385695934295654,148.8800048828125,3317.10009765625,114.0500030517578,79.5,0.0390349999070167,50.75,3.5220000743865967,5.688700199127197,447.0
2025-05-30,97.2300033569336,140.35000610351562,6.439149856567383,148.13999938964844,3288.89990234375,113.73999786376952,79.5,0.0393880009651184,49.16999816894531,3.447000026702881,5.66510009765625,444.0
2025-06-02,97.2300033569336,140.17999267578125,6.489293098449707,147.3000030517578,3370.60009765625,113.3499984741211,79.5,0.0397900007665157,49.560001373291016,3.694000005722046,5.720799922943115,438.25
2025-06-03,97.2300033569336,140.97000122070312,6.489293098449707,148.92999267578125,3350.199951171875,113.25,79.5,0.0398130007088184,50.02000045776367,3.721999883651733,5.672399997711182,438.5
2025-06-04,97.2300033569336,140.47999572753906,6.4102559089660645,147.47000122070312,3373.5,113.4000015258789,79.5,0.0391910001635551,50.0,3.7160000801086426,5.637800216674805,438.75
2025-06-05,97.2300033569336,139.6999969482422,6.426734924316406,145.2100067138672,3350.699951171875,113.9000015258789,79.5,0.0394500009715557,51.02000045776367,3.677000045776367,5.6321001052856445,439.5
2025-06-06,97.2300033569336,139.4600067138672,6.389776229858398,144.83999633789062,3322.699951171875,113.4499969482422,79.5,0.0388940013945102,50.9900016784668,3.783999919891357,5.58459997177124,442.5
2025-06-09,97.2300033569336,139.14999389648438,6.341154098510742,143.55999755859375,3332.10009765625,113.5999984741211,79.5,0.0384460017085075,51.93000030517578,3.634999990463257,5.562699794769287,433.5
2025-06-10,97.2300033569336,139.88999938964844,6.345178127288818,143.25,3320.89990234375,112.5999984741211,79.5,0.0384470000863075,52.09000015258789,3.532999992370605,5.557000160217285,438.75
2025-06-11,97.2300033569336,140.5399932861328,6.365372180938721,144.82000732421875,3321.300048828125,112.80999755859376,79.5,0.0384659990668296,51.20000076293945,3.506999969482422,5.572100162506104,437.0
2025-06-12,97.2300033569336,141.2899932861328,6.365372180938721,145.80999755859375,3380.89990234375,113.3499984741211,79.5,0.0383809991180896,50.900001525878906,3.492000102996826,5.535799980163574,438.5
2025-06-13,97.2300033569336,140.60000610351562,6.418485164642334,144.80999755859375,3431.199951171875,113.16000366210938,79.5,0.0386679992079734,50.7599983215332,3.5810000896453857,5.537300109863281,444.5
2025-06-16,97.2300033569336,142.6999969482422,6.397953033447266,147.9199981689453,3396.39990234375,113.9000015258789,79.5,0.0384449996054172,51.630001068115234,3.747999906539917,5.538899898529053,434.75
2025-06-17,97.2300033569336,142.25,6.339600086212158,148.49000549316406,3386.60009765625,113.9000015258789,79.5,0.0379440002143383,50.130001068115234,3.8510000705718994,5.490799903869629,431.5
2025-06-18,97.2300033569336,142.17999267578125,6.301197052001953,148.3000030517578,3389.800048828125,114.0,79.5,0.0377920009195804,50.33000183105469,3.989000082015991,5.493000030517578,433.5
2025-06-20,97.2300033569336,140.5800018310547,6.313130855560303,146.83999633789062,3368.10009765625,114.47000122070312,79.5,0.0378049984574317,49.02000045776367,3.846999883651733,5.489999771118164,428.75
2025-06-23,97.2300033569336,139.9600067138672,6.341154098510742,145.85000610351562,3377.699951171875,114.29000091552734,79.5,0.0377309992909431,48.7599983215332,3.697999954223633,5.518400192260742,419.25
2025-06-24,97.2300033569336,140.63999938964844,6.365372180938721,147.72000122070312,3317.39990234375,114.41999816894533,79.5,0.0376540012657642,49.16999816894531,3.5369999408721924,5.493800163269043,416.25
2025-06-25,97.2300033569336,139.17999267578125,6.393861770629883,146.55999755859375,3327.10009765625,113.94000244140624,79.5,0.0380389988422393,48.40999984741211,3.4059998989105225,5.510300159454346,410.25
2025-06-26,97.2300033569336,140.52999877929688,6.489293098449707,147.67999267578125,3333.5,114.41999816894533,79.5,0.0383570007979869,49.16999816894531,3.260999917984009,5.557899951934815,409.5
2025-06-27,97.2300033569336,140.27999877929688,6.397953033447266,147.82000732421875,3273.699951171875,114.70999908447266,79.5,0.0378650017082691,49.060001373291016,3.739000082015991,5.477099895477295,417.5
2025-06-30,97.2300033569336,142.3300018310547,6.418485164642334,150.60000610351562,3294.39990234375,115.4000015258789,79.5,0.0379090011119842,49.5,3.4560000896453857,5.478400230407715,420.5
2025-07-01,97.2300033569336,143.10000610351562,6.393861770629883,151.13999938964844,3336.699951171875,115.43000030517578,79.5,0.0377289988100528,49.58000183105469,3.414999961853028,5.430200099945068,420.0
2025-07-02,97.2300033569336,142.58999633789062,6.439149856567383,149.3000030517578,3348.0,115.41000366210938,79.5,0.0380589999258518,50.9900016784668,3.48799991607666,5.458799839019775,429.25
2025-07-03,97.2300033569336,144.49000549316406,6.397953033447266,152.30999755859375,3331.60009765625,115.63999938964844,79.5,0.0377999991178512,51.619998931884766,3.4089999198913574,5.426400184631348,431.5
2025-07-07,97.2300033569336,143.0500030517578,6.377551078796387,150.5399932861328,3332.199951171875,115.33000183105467,79.5,0.0375030003488063,51.20000076293945,3.4119999408721924,5.419400215148926,418.0
2025-07-08,97.2300033569336,142.82000732421875,6.435006141662598,149.42999267578125,3307.0,114.86000061035156,79.5,0.0376130007207393,50.869998931884766,3.3399999141693115,5.48769998550415,411.0
2025-07-09,97.2300033569336,140.9499969482422,6.377551078796387,147.9199981689453,3311.60009765625,114.54000091552734,79.5,0.0370850004255771,50.5,3.21399998664856,5.446100234985352,412.5
2025-07-10,97.2300033569336,140.1999969482422,6.54022216796875,145.25999450683594,3317.39990234375,114.20999908447266,79.5,0.0381949990987777,50.93999862670898,3.336999893188477,5.581799983978272,407.25
2025-07-11,97.2300033569336,139.67999267578125,6.464124202728272,144.3300018310547,3356.0,114.47000122070312,79.5,0.0378089994192123,50.59999847412109,3.313999891281128,5.531099796295166,403.0
2025-07-14,97.2300033569336,138.6999969482422,6.501951217651367,143.69000244140625,3351.5,114.47000122070312,79.5,0.0378220006823539,50.7599983215332,3.4660000801086426,5.571899890899658,412.75
2025-07-15,97.2300033569336,138.75,6.5104169845581055,144.0,3329.800048828125,113.3499984741211,79.5,0.0377999991178512,50.310001373291016,3.5230000019073486,5.586999893188477,401.25
2025-07-16,97.2300033569336,138.85000610351562,6.443298816680908,144.11000061035156,3352.5,113.55999755859376,79.5,0.0373170003294944,50.45000076293945,3.5510001182556152,5.5510029792785645,405.25
2025-07-17,97.2300033569336,139.0800018310547,6.4683051109313965,144.6199951171875,3340.10009765625,113.79000091552734,79.5,0.037601999938488,50.310001373291016,3.5420000553131104,5.566599845886231,402.0
2025-07-18,97.2300033569336,136.8000030517578,6.435006141662598,141.02000427246094,3353.0,113.23999786376952,79.5,0.0373650006949901,49.77000045776367,3.565000057220459,5.546599864959717,408.5
2025-07-21,97.2300033569336,137.60000610351562,6.480881214141846,140.85000610351562,3401.89990234375,113.33000183105467,79.5,0.0375819988548755,50.93000030517578,3.325000047683716,5.578100204467773,403.75
2025-07-22,97.2300033569336,137.47999572753906,6.501951217651367,140.02999877929688,3439.199951171875,113.38999938964844,79.5,0.0377489998936653,51.65999984741211,3.252000093460083,5.565499782562256,399.25
2025-07-23,97.2300033569336,138.8000030517578,6.523157119750977,142.22000122070312,3394.10009765625,113.1999969482422,79.5,0.0378880016505718,52.220001220703125,3.07699990272522,5.563899993896484,398.5
2025-07-24,97.2300033569336,137.2100067138672,6.489293098449707,140.17999267578125,3371.0,113.5199966430664,79.5,0.037686001509428,51.75,3.094000101089477,5.51639986038208,401.75
2025-07-25,97.2300033569336,136.89999389648438,6.480881214141846,140.27000427246094,3334.0,113.51000213623048,79.5,0.0375480018556118,51.66999816894531,3.109999895095825,5.519999980926514,399.5
2025-07-28,97.2300033569336,135.50999450683594,6.535947799682617,137.80999755859375,3309.10009765625,113.36000061035156,79.5,0.0376419983804225,50.869998931884766,2.98799991607666,5.565199851989746,393.75
2025-07-29,97.2300033569336,136.16000366210938,6.472492218017578,138.0,3323.39990234375,113.91999816894533,79.5,0.037611000239849,50.77000045776367,3.0810000896453857,5.5868000984191895,389.25
2025-07-30,97.2300033569336,137.4499969482422,6.430868148803711,139.50999450683594,3295.800048828125,114.19000244140624,79.5,0.0375409983098506,50.650001525878906,3.0450000762939453,5.573200225830078,391.75
2025-07-31,97.2300033569336,136.50999450683594,6.365372180938721,138.88999938964844,3293.199951171875,113.58999633789062,79.5,0.0373470000922679,50.25,3.1059999465942383,5.575399875640869,394.0
2025-08-01,97.2300033569336,135.80999755859375,6.389776229858398,137.25999450683594,3347.699951171875,114.33999633789062,79.5,0.0371359996497631,49.7400016784668,3.0829999446868896,5.598800182342529,389.5
2025-08-04,97.2300033569336,136.3300018310547,6.4102559089660645,138.5500030517578,3374.39990234375,114.2699966430664,79.5,0.0375880002975463,49.459999084472656,2.931999921798706,5.537899971008301,387.0
2025-08-05,97.2300033569336,136.52000427246094,6.36132287979126,138.6699981689453,3381.89990234375,113.98999786376952,79.5,0.0374340005218982,49.41999816894531,3.009999990463257,5.496099948883057,381.5
2025-08-06,97.2300033569336,137.94000244140625,6.365372180938721,140.1300048828125,3380.0,114.0500030517578,79.5,0.0372940003871917,49.40999984741211,3.07699990272522,5.502999782562256,379.75
2025-08-07,97.2300033569336,140.0500030517578,6.36132287979126,141.1199951171875,3400.300048828125,114.63999938964844,79.5,0.0370829999446868,50.33000183105469,3.066999912261963,5.458899974822998,384.5
2025-08-08,97.2300033569336,139.4199981689453,6.317119121551514,142.1300048828125,3439.10009765625,115.33000183105467,79.5,0.0368730016052722,51.18999862670898,2.990000009536743,5.414299964904785,382.75
2025-08-11,97.2300033569336,139.0800018310547,6.321113109588623,142.22000122070312,3353.10009765625,115.27999877929688,79.5,0.036786999553442,50.72999954223633,2.9539999961853027,5.432300090789795,385.0
2025-08-12,97.2300033569336,141.42999267578125,6.317119121551514,146.10000610351562,3348.89990234375,115.23999786376952,79.5,0.036736998707056,51.34000015258789,2.808000087738037,5.442299842834473,371.5
2025-08-13,97.2300033569336,140.1699981689453,6.301197052001953,144.94000244140625,3358.699951171875,115.19000244140624,79.5,0.0365540012717247,50.880001068115234,2.828000068664551,5.401199817657471,374.0
2025-08-14,97.2300033569336,139.89999389648438,6.309147834777832,145.77000427246094,3335.199951171875,115.4800033569336,79.5,0.0366359986364841,50.130001068115234,2.8410000801086426,5.391200065612793,375.0
2025-08-15,97.2300033569336,140.0,6.297228813171387,146.7100067138672,3336.0,115.41999816894533,79.5,0.0366230010986328,49.95000076293945,2.9159998893737797,5.40910005569458,383.75
2025-08-18,97.2300033569336,140.94000244140625,6.317119121551514,148.39999389648438,3331.699951171875,114.4000015258789,79.5,0.0366670005023479,50.150001525878906,2.890000104904175,5.400400161743164,383.0
2025-08-19,97.2300033569336,137.89999389648438,6.3371357917785645,142.42999267578125,3313.39990234375,113.83000183105467,79.5,0.0367459990084171,49.7599983215332,2.7660000324249268,5.435699939727783,379.5
2025-08-20,97.2300033569336,138.27999877929688,6.393861770629883,142.2100067138672,3343.39990234375,113.18000030517578,79.5,0.0372149981558322,49.59000015258789,2.752000093460083,5.497600078582764,380.0
2025-08-21,97.2300033569336,138.02000427246094,6.373486042022705,141.47999572753906,3336.89990234375,112.88999938964844,79.5,0.0371299982070922,49.59000015258789,2.825999975204468,5.469161033630371,387.25
2025-08-22,97.2300033569336,141.60000610351562,6.341154098510742,145.22999572753906,3374.39990234375,113.8000030517578,79.5,0.0368280000984668,50.93999862670898,2.697999954223633,5.464799880981445,388.25
2025-08-25,97.2300033569336,141.74000549316406,6.341154098510742,145.14999389648438,3373.800048828125,114.02999877929688,79.5,0.0368119999766349,51.27000045776367,2.696000099182129,5.421299934387207,389.25
2025-08-26,97.2300033569336,141.55999755859375,6.277463912963867,144.24000549316406,3388.60009765625,114.41000366210938,79.5,0.0365899987518787,51.02999877929688,2.7170000076293945,5.4096999168396,387.5
2025-08-27,97.2300033569336,142.89999389648438,6.317119121551514,146.5800018310547,3404.60009765625,114.19000244140624,79.5,0.0368320010602474,51.54999923706055,2.867000102996826,5.43120002746582,382.5
2025-08-28,97.2300033569336,144.85000610351562,6.305170059204102,149.6999969482422,3431.800048828125,115.01000213623048,79.5,0.0367770008742809,51.869998931884766,2.944000005722046,5.417699813842773,385.5
2025-08-29,97.2300033569336,145.19000244140625,6.317119121551514,150.07000732421875,3473.699951171875,114.51000213623048,79.5,0.036846000701189,51.93000030517578,2.996999979019165,5.413000106811523,398.0
2025-09-02,97.2300033569336,144.02999877929688,6.365372180938721,147.27999877929688,3549.39990234375,113.0199966430664,79.5,0.0369790010154247,51.540000915527344,3.009000062942505,5.438399791717529,403.0
2025-09-03,97.2300033569336,143.5500030517578,6.353240013122559,147.30999755859375,3593.199951171875,113.22000122070312,79.5,0.0368029996752738,51.310001373291016,3.063999891281128,5.4670000076293945,397.75
2025-09-04,97.2300033569336,144.75,6.345178127288818,148.88999938964844,3565.800048828125,113.04000091552734,79.5,0.0368149988353252,51.88999938964844,3.0739998817443848,5.448100090026856,399.75
2025-09-05,97.2300033569336,146.35000610351562,6.341154098510742,151.77999877929688,3613.199951171875,113.4800033569336,79.5,0.0366959981620311,52.45000076293945,3.0480000972747803,5.443999767303467,399.0
2025-09-08,97.2300033569336,145.5399932861328,6.3331217765808105,150.55999755859375,3638.10009765625,113.56999969482422,79.5,0.0364799983799457,52.2599983215332,3.0899999141693115,5.412199974060059,403.0
2025-09-09,97.2300033569336,145.3699951171875,6.373486042022705,150.0500030517578,3643.300048828125,113.86000061035156,79.5,0.0368020012974739,52.25,3.117000102996826,5.420300006866455,401.25
2025-09-10,97.2300033569336,146.11000061035156,6.353240013122559,150.49000549316406,3643.60009765625,114.3499984741211,79.5,0.0368559993803501,51.75,3.0290000438690186,5.433599948883057,397.25
2025-09-11,97.2300033569336,147.0800018310547,6.317119121551514,152.02999877929688,3636.89990234375,114.80999755859376,79.5,0.0366650000214576,52.2599983215332,2.934000015258789,5.401999950408936,399.0
2025-09-12,97.2300033569336,146.14999389648438,6.317119121551514,150.4600067138672,3649.39990234375,114.79000091552734,79.5,0.0365960001945495,51.54999923706055,2.940999984741211,5.388199806213379,399.0
2025-09-15,97.2300033569336,147.3800048828125,6.269591808319092,151.7899932861328,3682.199951171875,115.2300033569336,79.5,0.0362359993159771,51.9900016784668,3.0429999828338623,5.35099983215332,423.25
2025-09-16,97.2300033569336,147.8800048828125,6.246096134185791,151.8800048828125,3688.89990234375,115.2300033569336,79.5,0.036056999117136,52.15999984741211,3.1029999256134038,5.315199851989746,429.5
2025-09-17,97.2300033569336,149.47999572753906,6.281406879425049,154.27999877929688,3681.800048828125,115.88999938964844,79.5,0.0361789986491203,52.40999984741211,3.0999999046325684,5.29580020904541,426.75
2025-09-18,97.2300033569336,149.3300018310547,6.273526191711426,154.61000061035156,3643.699951171875,115.5,79.5,0.0361529998481273,52.119998931884766,2.938999891281128,5.310100078582764,423.75
2025-09-19,97.2300033569336,149.80999755859375,6.246096134185791,155.14999389648438,3671.5,115.4000015258789,79.5,0.0358520001173019,52.310001373291016,2.888000011444092,5.304299831390381,424.0
2025-09-22,97.2300033569336,148.97000122070312,6.238303184509277,154.00999450683594,3740.699951171875,114.63999938964844,79.5,0.0359239988029003,52.060001373291016,2.805999994277954,5.320499897003174,421.75
2025-09-23,97.2300033569336,150.25999450683594,6.289308071136475,155.57000732421875,3780.60009765625,115.27999877929688,79.5,0.0361099988222122,52.119998931884766,2.8529999256134038,5.3343000411987305,426.25
2025-09-24,97.2300033569336,150.39999389648438,6.234414100646973,155.05999755859375,3732.10009765625,115.08999633789062,79.5,0.0357780009508132,52.20000076293945,2.8580000400543213,5.281599998474121,424.25
2025-09-25,97.2300033569336,149.25,6.253909111022949,153.3000030517578,3736.89990234375,115.19000244140624,79.5,0.0358209982514381,52.02999877929688,2.9040000438690186,5.329899787902832,425.75
2025-09-26,97.2300033569336,149.3699951171875,6.25,154.89999389648438,3775.300048828125,115.31999969482422,79.5,0.0357909984886646,51.59000015258789,2.8350000381469727,5.363699913024902,422.0
2025-09-29,97.2300033569336,150.2899932861328,6.253909111022949,156.3000030517578,3820.89990234375,115.2300033569336,79.5,0.0357589982450008,51.70000076293945,3.2669999599456787,5.3422532081604,421.5
2025-09-30,97.2300033569336,150.19000244140625,6.238303184509277,156.44000244140625,3840.800048828125,115.27999877929688,79.5,0.0358330011367797,51.68999862670898,3.302999973297119,5.321700096130371,415.5
2025-10-01,97.2300033569336,149.5,6.238303184509277,154.24000549316406,3867.5,115.22000122070312,79.5,0.0359449982643127,52.43999862670898,3.4760000705718994,5.319499969482422,416.5
2025-10-02,97.2300033569336,147.89999389648438,6.246096134185791,152.32000732421875,3839.699951171875,114.69000244140624,79.5,0.0362330004572868,52.560001373291016,3.441999912261963,5.328800201416016,421.75
2025-10-03,97.2300033569336,148.1300048828125,6.25,152.72999572753906,3880.800048828125,114.77999877929688,79.5,0.0362650007009506,52.93999862670898,3.3239998817443848,5.336599826812744,419.0
2025-10-06,97.2300033569336,147.39999389648438,6.242197036743164,151.60000610351562,3948.5,114.81999969482422,79.5,0.0356579981744289,53.09999847412109,3.3570001125335693,5.33459997177124,421.75
2025-10-07,97.2300033569336,145.17999267578125,6.21504020690918,148.74000549316406,3976.60009765625,114.3000030517578,79.5,0.0353309996426105,52.31999969482422,3.497999906539917,5.311200141906738,419.75
2025-10-08,97.2300033569336,146.00999450683594,6.234414100646973,150.1999969482422,4043.300048828125,114.2699966430664,79.5,0.0352220013737678,52.709999084472656,3.3329999446868896,5.353799819946289,422.0
2025-10-09,97.2300033569336,145.5500030517578,6.199627876281738,150.75,3946.300048828125,114.47000122070312,79.5,0.034961998462677,52.61000061035156,3.2690000534057617,5.33519983291626,418.25
2025-10-10,97.2300033569336,144.52999877929688,6.21504020690918,149.0,3975.89990234375,113.8499984741211,79.5,0.0351530015468597,51.91999816894531,3.1059999465942383,5.377200126647949,413.0
2025-10-13,97.2300033569336,145.5500030517578,6.402049064636231,149.7899932861328,4108.60009765625,113.9800033569336,79.5,0.0363489985466003,52.77000045776367,3.118000030517578,5.5229997634887695,410.75
2025-10-14,97.2300033569336,145.5500030517578,6.313130855560303,149.82000732421875,4138.7001953125,113.91000366210938,79.5,0.0358529984951019,52.79999923706055,3.0280001163482666,5.464099884033203,413.0
2025-10-15,97.2300033569336,146.4600067138672,6.358099937438965,150.4499969482422,4176.89990234375,114.18000030517578,79.5,0.036116000264883,53.09999847412109,3.0160000324249268,5.481500148773193,416.75
2025-10-16,97.2300033569336,145.85000610351562,6.341154098510742,149.77999877929688,4280.2001953125,114.25,79.5,0.0360939987003803,52.66999816894531,2.937999963760376,5.449299812316895,421.75
2025-10-17,97.2300033569336,147.1999969482422,6.365372180938721,150.67999267578125,4189.89990234375,113.56999969482422,79.5,0.0362420007586479,52.869998931884766,3.007999897003174,5.440814971923828,422.5
2025-10-20,97.2300033569336,148.32000732421875,6.297228813171387,152.55999755859375,4336.39990234375,113.56999969482422,79.5,0.0358229987323284,53.650001525878906,3.3970000743865967,5.406099796295166,423.25
2025-10-21,97.2300033569336,148.0500030517578,6.25,150.9499969482422,4087.699951171875,114.4800033569336,79.5,0.0356310009956359,53.25,3.4739999771118164,5.36870002746582,419.75
2025-10-22,97.2300033569336,148.8000030517578,6.242197036743164,152.02999877929688,4044.39990234375,115.0999984741211,79.5,0.0354549996554851,53.63999938964844,3.450000047683716,5.38670015335083,423.0
2025-10-23,97.2300033569336,149.67999267578125,6.261741161346436,152.5399932861328,4125.5,115.5199966430664,79.5,0.0355339981615543,54.0,3.344000101089477,5.399400234222412,428.0
2025-10-24,122.79663848876952,150.17059326171875,6.246096134185791,152.56436157226562,4118.39990234375,116.62000274658205,105.96595764160156,0.0352710001170635,54.20056915283203,3.303999900817871,5.382900238037109,423.25
2025-10-27,97.2300033569336,150.97999572753906,6.257822036743164,153.67999267578125,4001.89990234375,116.63999938964844,79.5,0.0352629981935024,54.380001068115234,3.441999912261963,5.388299942016602,428.75
2025-10-28,97.2300033569336,151.38999938964844,6.253909111022949,154.5,3966.199951171875,116.1500015258789,79.5,0.0351880006492137,55.02000045776367,3.345000028610229,5.373300075531006,432.0
2025-10-29,97.2300033569336,152.6999969482422,6.238303184509277,157.36000061035156,3983.699951171875,116.0999984741211,79.5,0.0352840013802051,55.59999847412109,3.375999927520752,5.357399940490723,434.0
2025-10-30,97.2300033569336,152.77000427246094,6.211180210113525,156.1300048828125,4001.300048828125,115.8000030517578,79.5,0.0350769981741905,55.41999816894531,3.9560000896453857,5.357800006866455,430.25
2025-10-31,97.2300033569336,153.5500030517578,6.222774982452393,156.92999267578125,3982.199951171875,115.5,79.5,0.0349790006875991,56.06999969482422,4.124000072479248,5.381999969482422,431.5
2025-11-03,97.2300033569336,154.47000122070312,6.226650238037109,158.0,4000.300048828125,116.0,79.5,0.0349030010402202,55.75,4.265999794006348,5.374599933624268,434.25
2025-11-04,97.2300033569336,154.75999450683594,6.161428928375244,158.4499969482422,3947.699951171875,115.9000015258789,79.5,0.0347240008413791,55.58000183105469,4.3429999351501465,5.354899883270264,431.5
2025-11-05,97.2300033569336,157.55999755859375,6.191949844360352,161.5,3980.300048828125,115.88999938964844,79.5,0.0351449996232986,56.34000015258789,4.23199987411499,5.395899772644043,435.25
2025-11-06,97.2300033569336,157.5500030517578,6.15384578704834,161.77999877929688,3979.89990234375,116.18000030517578,79.5,0.0347810015082359,55.79999923706055,4.35699987411499,5.35860013961792,428.75
2025-11-07,97.2300033569336,158.27000427246094,6.172840118408203,161.52999877929688,3999.39990234375,116.75,79.5,0.0349790006875991,55.400001525878906,4.315000057220459,5.349500179290772,427.25
2025-11-10,97.2300033569336,159.5,6.161428928375244,163.1199951171875,4111.7998046875,117.12000274658205,79.5,0.0347470007836818,55.02999877929688,4.3379998207092285,5.330900192260742,429.75
2025-11-11,97.2300033569336,162.05999755859375,6.108735084533691,166.2100067138672,4106.7998046875,117.6500015258789,79.5,0.034325998276472,55.34000015258789,4.565000057220459,5.289700031280518,432.0
2025-11-12,97.2300033569336,161.9499969482422,6.10128116607666,166.6199951171875,4204.39990234375,118.33999633789062,79.5,0.034205999225378,56.02999877929688,4.5329999923706055,5.270699977874756,435.25
2025-11-13,97.2300033569336,161.44000244140625,6.127450942993164,167.10000610351562,4186.89990234375,118.44000244140624,79.5,0.0342039987444877,56.29999923706055,4.645999908447266,5.291299819946289,441.5
2025-11-14,97.2300033569336,162.07000732421875,6.15384578704834,167.14999389648438,4087.60009765625,118.37000274658205,79.5,0.0342499986290931,55.650001525878906,4.565999984741211,5.296500205993652,430.25
2025-11-17,97.2300033569336,161.25999450683594,6.131999969482422,165.4499969482422,4068.300048828125,117.79000091552734,79.5,0.034265998750925,55.38999938964844,4.361000061035156,5.295599937438965,434.75
2025-11-18,97.2300033569336,160.82000732421875,6.172840118408203,163.8699951171875,4061.300048828125,118.08000183105467,79.5,0.0343209989368915,55.08000183105469,4.370999813079834,5.329500198364258,436.75
2025-11-19,97.2300033569336,159.67999267578125,6.15763521194458,162.4600067138672,4077.699951171875,118.70999908447266,79.5,0.0342109985649585,54.90999984741211,4.550000190734863,5.321499824523926,429.75
2025-11-21,97.2300033569336,158.9600067138672,6.146280765533447,162.58999633789062,4076.699951171875,118.66000366210938,79.5,0.0338889993727207,55.2400016784668,4.579999923706055,5.332300186157227,425.5
2025-11-24,97.2300033569336,159.50999450683594,6.112500190734863,162.75,4091.89990234375,118.79000091552734,79.5,0.0345330014824867,54.560001373291016,4.548999786376953,5.402100086212158,423.75
2025-11-25,97.2300033569336,160.19000244140625,6.199627876281738,164.0800018310547,4139.2001953125,118.88999938964844,79.5,0.0343270003795623,55.0,4.423999786376953,5.386799812316895,423.5
2025-11-26,97.2300033569336,162.83999633789062,6.21504020690918,168.08999633789062,4165.2001953125,119.5,79.5,0.0344410017132759,55.880001068115234,4.558000087738037,5.37939977645874,431.75
2025-11-28,97.2300033569336,163.32000732421875,6.207324981689453,170.3000030517578,4218.2998046875,119.47000122070312,79.5,0.0342769995331764,55.93000030517578,4.849999904632568,5.355400085449219,435.5
2025-12-01,97.2300033569336,162.94000244140625,6.168000221252441,168.8699951171875,4239.2998046875,119.2699966430664,79.5,0.0341590009629726,55.93999862670898,4.921000003814697,5.335400104522705,432.75
2025-12-02,97.2300033569336,165.49000549316406,6.211180210113525,171.8300018310547,4186.60009765625,119.8499984741211,79.5,0.0344469994306564,56.25,4.840000152587891,5.355800151824951,438.0
2025-12-03,97.2300033569336,166.14999389648438,6.188118934631348,171.8800048828125,4199.2998046875,120.23999786376952,79.5,0.0341890007257461,57.47999954223633,4.994999885559082,5.326300144195557,431.5
2025-12-04,97.2300033569336,169.00999450683594,6.184291839599609,173.10000610351562,4211.7998046875,120.45999908447266,79.5,0.0342100001871585,58.52000045776367,5.063000202178955,5.306099891662598,437.75
2025-12-05,97.2300033569336,161.72000122070312,6.176651954650879,163.10000610351562,4212.89990234375,119.47000122070312,79.5,0.0342219993472099,57.58000183105469,5.289000034332275,5.309299945831299,436.75
2025-12-08,97.2300033569336,162.49000549316406,6.161499977111816,165.4199981689453,4187.2001953125,119.08999633789062,79.5,0.0350000001490116,57.4900016784668,4.912000179290772,5.43809986114502,436.25
2025-12-09,97.2300033569336,162.27999877929688,6.313130855560303,163.75,4206.7001953125,118.29000091552734,79.5,0.0348410010337829,57.619998931884766,4.573999881744385,5.429999828338623,440.75
2025-12-10,97.2300033569336,163.57000732421875,6.309147834777832,165.14999389648438,4196.39990234375,118.02999877929688,79.5,0.0346340015530586,59.310001373291016,4.59499979019165,5.43149995803833,434.75
2025-12-11,97.2300033569336,163.69000244140625,6.393861770629883,166.6999969482422,4285.5,118.02999877929688,79.5,0.0351269990205764,59.119998931884766,4.230999946594238,5.469799995422363,435.25
2025-12-12,97.2300033569336,165.10000610351562,6.341154098510742,167.49000549316406,4300.10009765625,119.5500030517578,79.5,0.0347490012645721,59.06999969482422,4.11299991607666,5.4054999351501465,431.5
2025-12-15,97.2300033569336,167.0,6.315000057220459,170.27999877929688,4306.7001953125,119.75,79.5,0.0347869992256164,59.7400016784668,4.01200008392334,5.4182000160217285,439.75
2025-12-16,97.2300033569336,162.97999572753906,6.357278823852539,164.86000061035156,4304.5,119.1500015258789,79.5,0.0348969995975494,59.720001220703125,3.885999917984009,5.413400173187256,436.5
2025-12-17,97.2300033569336,161.67999267578125,6.464124202728272,161.8800048828125,4347.5,117.7699966430664,79.5,0.03558100014925,59.84000015258789,4.02400016784668,5.507500171661377,440.5
2025-12-18,97.2300033569336,162.27999877929688,6.472492218017578,163.0399932861328,4339.5,117.51000213623048,79.5,0.0354879982769489,60.65999984741211,3.9079999923706055,5.518499851226807,444.5
2025-12-19,97.2300033569336,163.0399932861328,6.4683051109313965,163.6699981689453,4361.39990234375,118.0999984741211,79.5,0.0354849994182586,60.20000076293945,3.983999967575073,5.521299839019775,443.75
2025-12-22,97.2300033569336,162.61000061035156,6.442999839782715,162.52000427246094,4444.60009765625,117.98999786376952,79.5,0.0351159982383251,61.20000076293945,3.964999914169312,5.53980016708374,447.0
2025-12-23,97.2300033569336,164.9499969482422,6.57030200958252,165.24000549316406,4482.7998046875,117.8499984741211,79.5,0.0356330014765262,61.040000915527344,4.4079999923706055,5.590000152587891,447.5
2025-12-26,97.2300033569336,165.49000549316406,6.497725963592529,165.82000732421875,4529.10009765625,118.5999984741211,79.5,0.0353510007262229,61.540000915527344,4.366000175476074,5.519499778747559,450.0
2025-12-29,97.2300033569336,165.02999877929688,6.518905162811279,165.97000122070312,4325.10009765625,118.7300033569336,79.5,0.0353979989886283,61.02999877929688,4.686999797821045,5.542500019073486,442.25
2025-12-30,97.2300033569336,165.77999877929688,6.548788070678711,167.67999267578125,4370.10009765625,119.05999755859376,79.5,0.0356880016624927,60.810001373291016,3.971999883651733,5.5690999031066895,440.5
2026-01-02,97.2300033569336,165.13999938964844,6.476684093475342,166.14999389648438,4314.39990234375,119.41999816894533,79.5,0.0351810008287429,61.06999969482422,3.618000030517578,5.517000198364258,437.5
2026-01-05,97.2300033569336,166.39999389648438,6.406000137329102,170.13999938964844,4436.89990234375,118.93000030517578,79.5,0.0345799997448921,61.18999862670898,3.5230000019073486,5.421599864959717,444.5
2026-01-06,97.2300033569336,168.3000030517578,6.329113960266113,172.5399932861328,4482.2001953125,118.38999938964844,79.5,0.0345229990780353,62.2400016784668,3.3499999046325684,5.40749979019165,444.0
2026-01-07,97.2300033569336,166.64999389648438,6.273526191711426,169.64999389648438,4449.2998046875,118.1999969482422,79.5,0.0342859998345375,62.58000183105469,3.525000095367432,5.372000217437744,446.75
2026-01-08,125.04000091552734,167.57000732421875,6.281406879425049,170.3000030517578,4449.7001953125,118.37999725341795,108.25,0.0343520008027553,62.18999862670898,3.407000064849853,5.383900165557861,446.0
2026-01-09,124.9000015258789,168.0,6.273526191711426,170.41000366210938,4490.2998046875,118.20999908447266,108.1500015258789,0.0343349985778331,62.54999923706055,3.1689999103546143,5.386600017547607,445.75
2026-01-12,124.70999908447266,167.88999938964844,6.248499870300293,169.61000061035156,4604.2998046875,118.31999969482422,108.06999969482422,0.0340140014886856,63.09000015258789,3.4089999198913574,5.370299816131592,421.5
2026-01-13,124.86000061035156,166.77000427246094,6.261741161346436,167.6300048828125,4589.2001953125,118.27999877929688,108.08000183105467,0.034010998904705,63.43000030517578,3.4189999103546143,5.373700141906738,419.75
2026-01-14,124.2300033569336,169.97000122070312,6.246096134185791,170.0800018310547,4626.2998046875,117.6500015258789,107.91000366210938,0.0337399989366531,65.05000305175781,3.119999885559082,5.371300220489502,422.0
2026-01-15,123.98999786376952,170.3000030517578,6.277463912963867,172.33999633789062,4616.2998046875,117.31999969482422,107.55999755859376,0.0340630002319812,64.88999938964844,3.128000020980835,5.396100044250488,420.25
2026-01-16,124.01000213623048,169.52000427246094,6.226650238037109,171.9199981689453,4588.39990234375,117.2699966430664,107.52999877929688,0.0338429994881153,64.01000213623047,3.1029999256134038,5.367899894714356,424.75
2026-01-20,123.54000091552734,171.08999633789062,6.242197036743164,172.4199981689453,4759.60009765625,117.06999969482422,107.5500030517578,0.0339349992573261,64.0199966430664,3.9070000648498535,5.36870002746582,423.75
2026-01-21,124.0,176.67999267578125,6.297228813171387,179.44000244140625,4831.7998046875,117.5500030517578,107.8499984741211,0.0339940004050731,65.69999694824219,4.875,5.374300003051758,421.75
2026-01-22,124.33999633789062,180.72999572753903,6.203474044799805,183.9900054931641,4908.7998046875,117.8000030517578,107.8499984741211,0.0335679985582828,66.51000213623047,5.045000076293945,5.31879997253418,424.0
2026-01-23,125.44000244140624,184.00999450683597,6.203474044799805,186.83999633789065,4976.2001953125,118.56999969482422,108.58999633789062,0.0333339981734752,67.72000122070312,5.275000095367432,5.283699989318848,430.5
2026-01-26,125.72000122070312,183.82000732421875,6.178999900817871,187.7100067138672,5079.7001953125,119.0500030517578,108.76000213623048,0.0339699983596801,66.68000030517578,6.800000190734863,5.288899898529053,428.25
2026-01-27,126.12999725341795,187.1499938964844,6.261741161346436,192.33999633789065,5079.89990234375,119.36000061035156,109.20999908447266,0.0342039987444877,68.0199966430664,6.953999996185303,5.279099941253662,426.5
2026-01-28,126.52999877929688,190.0,6.222774982452393,195.91000366210935,5301.60009765625,119.6500015258789,109.0999984741211,0.0339960008859634,69.0999984741211,7.460000038146973,5.183599948883057,430.0
2026-01-29,126.41999816894533,188.57000732421875,6.218904972076416,194.33999633789065,5318.39990234375,120.16000366210938,109.55999755859376,0.0339390002191066,67.37999725341797,3.9179999828338623,5.197100162506104,430.75
2026-01-30,127.11000061035156,186.55999755859372,6.203474044799805,191.3800048828125,4713.89990234375,120.06999969482422,109.68000030517578,0.0338810011744499,67.16999816894531,4.354000091552734,5.189199924468994,428.25
2026-02-02,126.37000274658205,187.9499969482422,6.175000190734863,194.5,4622.5,119.9000015258789,109.41999816894533,0.0339610017836093,66.41999816894531,3.236999988555908,5.255000114440918,425.75
2026-02-03,126.37000274658205,191.0,6.199627876281738,195.07000732421875,4903.7001953125,119.76000213623048,109.47000122070312,0.033814001828432,68.12000274658203,3.311000108718872,5.259399890899658,428.5
2026-02-04,126.08000183105467,187.1000061035156,6.184291839599609,188.7899932861328,4920.39990234375,119.30999755859376,109.22000122070312,0.033620998263359,67.6500015258789,3.4649999141693115,5.237500190734863,429.5
2026-02-05,126.05999755859376,187.3999938964844,6.176651954650879,190.5399932861328,4861.39990234375,119.31999969482422,109.47000122070312,0.0333789996802806,66.58000183105469,3.509000062942505,5.23799991607666,435.0
2026-02-06,125.7300033569336,188.17999267578125,6.203474044799805,192.3800048828125,4951.2001953125,119.1500015258789,109.0999984741211,0.0336159989237785,66.25,3.421999931335449,5.270500183105469,430.25
2026-02-09,126.19000244140624,191.6000061035156,6.191500186920166,196.6199951171875,5050.89990234375,119.41000366210938,109.22000122070312,0.0331790000200271,67.5199966430664,3.138000011444092,5.21589994430542,428.75
2026-02-10,125.94000244140624,191.3500061035156,6.172840118408203,195.6100006103516,5003.7998046875,119.47000122070312,109.27999877929688,0.0332500003278255,67.08000183105469,3.115000009536743,5.191599845886231,428.75
2026-02-11,126.16000366210938,195.13999938964844,6.174600124359131,198.08999633789065,5071.60009765625,119.3499984741211,109.2300033569336,0.0336350016295909,70.19999694824219,3.1589999198913574,5.196199893951416,427.5
2026-02-12,126.83000183105467,193.1199951171875,6.169031143188477,197.1000061035156,4923.7001953125,119.9499969482422,109.7699966430664,0.0339169986546039,68.97000122070312,3.2170000076293945,5.198699951171875,431.25
2026-02-13,127.33000183105467,191.8000030517578,6.180469989776611,195.2899932861328,5022.0,120.3000030517578,110.04000091552734,0.0341150015592575,68.08000183105469,3.243000030517578,5.213900089263916,431.75
2026-02-18,127.6999969482422,191.32000732421875,6.180469989776611,196.38999938964844,4986.5,120.76000213623048,109.9800033569336,0.0340729989111423,66.88999938964844,3.010999917984009,5.2204999923706055,427.0
2026-02-19,127.41999816894533,194.08999633789065,6.165227890014648,199.58999633789065,4975.89990234375,120.56999969482422,109.75,0.0338229984045028,66.87000274658203,2.996000051498413,5.234399795532227,425.75
2026-02-20,127.83999633789062,196.0800018310547,6.123699188232422,203.02999877929688,5059.2998046875,121.0,110.33999633789062,0.0335690006613731,67.31999969482422,3.046999931335449,5.208799839019775,427.5
2026-02-23,128.1999969482422,194.33999633789065,6.112500190734863,198.44000244140625,5204.7001953125,121.0999984741211,110.47000122070312,0.0333940014243125,67.5,2.984999895095825,5.176499843597412,427.5
2026-02-24,128.38999938964844,197.02999877929688,6.093844890594482,201.83999633789065,5155.7998046875,121.87000274658205,110.7300033569336,0.0334409996867179,67.87000274658203,2.914999961853028,5.170899868011475,427.75
2026-02-25,129.1199951171875,196.7700042724609,6.060606002807617,201.6499938964844,5206.39990234375,122.4000015258789,110.91999816894533,0.0330570004880428,68.88999938964844,2.969000101089477,5.151999950408936,430.5
2026-02-26,129.9499969482422,196.47999572753903,6.049606800079346,200.88999938964844,5176.5,122.9800033569336,111.48999786376952,0.0328110009431839,68.69999694824219,2.82699990272522,5.124199867248535,433.25
2026-02-27,129.74000549316406,194.1999969482422,6.056934833526611,198.58999633789065,5230.5,123.0500030517578,111.58000183105467,0.0329580008983612,67.9800033569336,2.858999967575073,5.136600017547607,438.75
2026-03-02,129.97000122070312,194.75999450683597,6.038000106811523,198.9600067138672,5294.39990234375,122.83999633789062,111.1500015258789,0.0328699983656406,67.63999938964844,2.9600000381469727,5.1296000480651855,433.25
2026-03-03,128.86000061035156,188.1999969482422,6.042295932769775,190.4499969482422,5107.39990234375,122.02999877929688,111.20999908447266,0.0328850001096725,65.2300033569336,3.053999900817871,5.170300006866455,434.25
2026-03-04,128.7899932861328,190.75,6.123699188232422,194.3500061035156,5120.2001953125,122.12000274658205,111.08000183105467,0.0334520004689693,65.62000274658203,2.9170000553131104,5.277299880981445,431.75
2026-03-05,127.48999786376952,185.6199951171875,6.07902717590332,187.66000366210935,5065.2998046875,120.7699966430664,110.36000061035156,0.0332950018346309,64.2300033569336,3.003000020980835,5.230100154876709,441.5
2026-03-06,127.06999969482422,184.5399932861328,6.105006217956543,185.52999877929688,5146.10009765625,120.08000183105467,110.4000015258789,0.0334060005843639,62.63999938964844,3.186000108718872,5.263400077819824,447.0
2026-03-09,127.52999877929688,186.02999877929688,6.059999942779541,186.3999938964844,5091.5,120.7300033569336,110.52999877929688,0.0332319997251033,63.06999969482422,3.119999885559082,5.243500232696533,437.5
2026-03-10,128.1199951171875,188.6699981689453,6.042295932769775,190.27999877929688,5229.7001953125,121.27999877929688,110.87000274658205,0.0329639986157417,63.47999954223633,3.0199999809265137,5.2052998542785645,436.25
2026-03-11,128.47999572753906,189.4499969482422,5.9880242347717285,190.6999969482422,5167.39990234375,121.58999633789062,110.93000030517578,0.0326550006866455,63.13999938964844,3.2090001106262207,5.162399768829346,444.25
2026-03-12,127.8000030517578,184.44000244140625,5.9880242347717285,184.3500061035156,5115.7998046875,120.93000030517578,110.5999984741211,0.0326379984617233,61.40999984741211,3.2330000400543213,5.151400089263916,448.25
2026-03-13,125.87999725341795,182.8699951171875,6.035003185272217,182.0500030517578,5052.5,119.1999969482422,109.4800033569336,0.0329289995133876,60.56999969482422,3.13100004196167,5.243899822235107,452.5
2026-03-16,127.56999969482422,185.0399932861328,6.02899980545044,183.63999938964844,4994.0,120.62000274658205,110.33999633789062,0.0333600006997585,60.9900016784668,3.0230000019073486,5.329100131988525,454.0
2026-03-17,127.83999633789062,185.7700042724609,6.013228893280029,183.4900054931641,5001.0,121.2699966430664,111.0199966430664,0.032889001071453,61.150001525878906,3.032999992370605,5.233399868011475,454.0
2026-03-18,127.9800033569336,184.8999938964844,5.9880242347717285,180.7700042724609,4889.89990234375,121.48999786376952,110.6999969482422,0.0326829999685287,59.97999954223633,3.065000057220459,5.19290018081665,463.25
2026-03-19,128.47000122070312,185.6499938964844,6.027728080749512,180.75,4600.7001953125,122.08000183105467,111.01000213623048,0.0329309999942779,59.45000076293945,3.1659998893737797,5.2621002197265625,469.75
2026-03-20,127.93000030517578,181.5800018310547,6.038647174835205,176.08999633789062,4570.39990234375,120.91999816894533,110.76000213623048,0.0330520011484622,58.38999938964844,3.095000028610229,5.219900131225586,465.5
2026-03-23,128.0500030517578,187.25,6.034999847412109,183.25,4404.10009765625,121.61000061035156,111.0500030517578,0.0333589985966682,60.34999847412109,2.8910000324249268,5.3119001388549805,459.5
2026-03-24,127.6500015258789,187.8600006103516,6.0679612159729,183.2400054931641,4399.2998046875,120.72000122070312,110.63999938964844,0.0330169983208179,60.72999954223633,2.943000078201294,5.232900142669678,462.5
2026-03-25,127.4499969482422,191.00999450683597,6.07164478302002,186.6999969482422,4549.7998046875,120.9000015258789,110.9499969482422,0.0329639986157417,61.2400016784668,2.95199990272522,5.232600212097168,467.25
2026-03-26,127.25,188.1699981689453,6.049606800079346,182.5,4375.5,120.58000183105467,110.55999755859376,0.032855000346899,60.72999954223633,2.999000072479248,5.236800193786621,467.0
2026-03-27,127.66999816894533,186.8500061035156,6.035003185272217,178.8800048828125,4492.0,120.62999725341795,110.9800033569336,0.0327779985964298,60.0099983215332,3.095000028610229,5.235099792480469,462.0
2026-03-30,127.6500015258789,188.00999450683597,6.013228893280029,178.33999633789062,4526.0,120.68000030517578,110.93000030517578,0.0326780006289482,60.43000030517578,2.88700008392334,5.23799991607666,455.75
2026-03-31,128.22000122070312,193.1100006103516,6.027728080749512,186.7700042724609,4647.60009765625,121.87999725341795,111.5500030517578,0.0329309999942779,62.22999954223633,2.884000062942505,5.263999938964844,457.75
2026-04-01,129.17999267578125,193.41000366210935,6.006005764007568,189.50999450683597,4783.2001953125,121.98999786376952,111.91000366210938,0.032745998352766,62.90999984741211,2.819000005722046,5.192800045013428,454.25
2026-04-02,129.13999938964844,193.72000122070312,5.970149040222168,188.3000030517578,4651.5,122.05999755859376,111.87999725341795,0.0324870012700557,62.75,2.799999952316284,5.1545000076293945,452.25
2026-04-06,129.3000030517578,193.67999267578125,5.931198120117188,188.4600067138672,4656.7998046875,122.41000366210938,112.0,0.0322789996862411,62.040000915527344,2.811000108718872,5.157899856567383,454.0
2026-04-07,129.4499969482422,193.9499969482422,5.924170970916748,188.5500030517578,4657.10009765625,122.43000030517578,112.12000274658205,0.0321759991347789,61.369998931884766,2.869999885559082,5.138299942016602,449.0
2026-04-08,130.05999755859375,198.0399932861328,6.013228893280029,196.25,4749.5,123.11000061035156,112.58000183105467,0.0324500016868114,62.95000076293945,2.7239999771118164,5.150599956512451,447.25
2026-04-09,130.74000549316406,200.8999938964844,5.941771030426025,199.44000244140625,4792.2001953125,123.66000366210938,112.93000030517578,0.0321459993720054,63.93000030517578,2.6700000762939453,5.100200176239014,444.0
2026-04-10,131.2899932861328,203.0500030517578,5.952381134033203,200.30999755859372,4761.89990234375,124.45999908447266,113.30999755859376,0.0320260003209114,63.79999923706055,2.6480000019073486,5.095799922943115,441.0
2026-04-13,132.0500030517578,203.8300018310547,5.837711811065674,200.50999450683597,4742.39990234375,124.72000122070312,113.58999633789062,0.0313410013914108,64.2300033569336,2.627000093460083,5.005000114440918,440.25
2026-04-14,131.9600067138672,204.47999572753903,5.871991157531738,202.3500061035156,4825.0,124.9000015258789,113.8000030517578,0.0313670001924037,65.05999755859375,2.5989999771118164,4.994400024414063,443.0
2026-04-15,132.1300048828125,203.7400054931641,5.875441074371338,202.75,4800.0,125.08000183105467,113.83999633789062,0.0313900001347065,64.66999816894531,2.609999895095825,4.984799861907959,451.25
2026-04-16,132.0500030517578,202.6000061035156,5.8892822265625,202.5500030517578,4785.39990234375,125.19000244140624,114.05999755859376,0.0314369983971118,64.16000366210938,2.6470000743865967,4.992400169372559,448.5
2026-04-17,132.52999877929688,201.5,5.875441074371338,202.17999267578125,4857.60009765625,125.5999984741211,114.3499984741211,0.0313239991664886,64.75,2.674000024795532,4.987090110778809,448.75
2026-04-20,132.72000122070312,201.8000030517578,5.871991157531738,201.19000244140625,4806.60009765625,125.68000030517578,114.2699966430664,0.031454998999834,64.4000015258789,2.688999891281128,5.00629997253418,452.0
2026-04-22,132.33999633789062,198.6699981689453,5.875441074371338,196.05999755859372,4732.5,125.3499984741211,114.12999725341795,0.0314229987561702,63.959999084472656,2.7219998836517334,5.007999897003174,454.25
2026-04-23,131.38999938964844,197.22000122070312,5.830904006958008,192.9600067138672,4705.10009765625,124.80999755859376,113.86000061035156,0.0312650017440319,63.13999938964844,2.614000082015991,4.984899997711182,455.5
2026-04-24,131.85000610351562,196.47000122070312,5.871991157531738,192.5500030517578,4722.2998046875,124.68000030517578,113.7300033569336,0.0314880013465881,62.77000045776367,2.5230000019073486,5.030799865722656,455.0
2026-04-27,131.7100067138672,195.25999450683597,5.8241119384765625,190.3699951171875,4675.39990234375,124.8499984741211,113.9000015258789,0.0312019996345043,62.790000915527344,2.549999952316284,4.979100227355957,460.75
2026-04-28,131.58999633789062,194.3999938964844,5.858231067657471,190.0200042724609,4591.5,124.6999969482422,113.6999969482422,0.0313710011541843,63.060001373291016,2.559000015258789,4.999599933624268,465.25
2026-04-29,130.75999450683594,190.3999938964844,5.847952842712402,184.77999877929688,4545.2001953125,123.9000015258789,113.38999938964844,0.0312980003654956,61.63999938964844,2.6470000743865967,4.99429988861084,466.5
2026-04-30,131.19000244140625,193.0,5.858231067657471,186.8999938964844,4614.7001953125,124.63999938964844,113.86000061035156,0.0313270017504692,62.25,2.7669999599456787,5.017499923706055,464.75
2026-05-04,130.75,191.25,5.807200908660889,183.9199981689453,4519.5,123.47000122070312,113.4499969482422,0.0315679982304573,61.209999084472656,2.867000102996826,4.951929092407227,473.75
2026-05-05,131.4199981689453,192.38999938964844,5.8241119384765625,184.44000244140625,4555.7998046875,124.08000183105467,113.6500015258789,0.0317079983651638,61.959999084472656,2.7880001068115234,4.984799861907959,465.5
2026-05-06,131.5399932861328,193.4199981689453,5.767013072967529,186.1699981689453,4681.89990234375,124.76000213623048,114.04000091552734,0.0312440004199743,63.47999954223633,2.7300000190734863,4.927299976348877,452.75
2026-05-07,131.4499969482422,188.75,5.793743133544922,180.25,4699.7998046875,124.5,114.11000061035156,0.0315169990062713,62.7599983215332,2.7690000534057617,4.932271957397461,452.75
2026-05-08,131.9199981689453,189.75,5.793743133544922,182.63999938964844,4720.39990234375,124.73999786376952,114.2300033569336,0.0315279997885227,63.29999923706055,2.756999969482422,4.944900035858154,456.25
2026-05-11,131.47000122070312,187.32000732421875,5.777008056640625,178.8300018310547,4718.7001953125,124.73999786376952,113.97000122070312,0.0313199982047081,63.709999084472656,2.9100000858306885,4.913300037384033,460.75
2026-05-12,131.42999267578125,185.88999938964844,5.773672103881836,177.17999267578125,4677.60009765625,124.20999908447266,114.01000213623048,0.0312029998749494,63.459999084472656,2.8429999351501465,4.906400203704834,467.25
2026-05-13,130.41000366210938,182.5500030517578,5.760368824005127,173.6300048828125,4697.7001953125,123.5,113.44000244140624,0.0311440005898475,63.18999862670898,2.864000082015991,4.9096999168396,466.5
2026-05-14,130.88999938964844,183.8600006103516,5.882352828979492,175.7100067138672,4678.10009765625,123.88999938964844,113.61000061035156,0.0318420007824897,63.38999938964844,2.8940000534057617,5.024899959564209,451.5
2026-05-15,129.86000061035156,182.72999572753903,5.830904006958008,173.6199951171875,4555.7998046875,123.0999984741211,113.2300033569336,0.0316059999167919,62.709999084472656,2.9600000381469727,5.004099845886231,455.75
2026-05-18,130.4199981689453,182.4199981689453,5.871991157531738,172.8300018310547,4552.5,123.38999938964844,113.27999877929688,0.0318530015647411,61.88999938964844,3.0239999294281006,5.060400009155273,477.0
2026-05-19,129.72999572753906,179.4499969482422,5.834305763244629,169.02000427246094,4506.2998046875,122.81999969482422,112.86000061035156,0.0315090008080005,60.959999084472656,3.114000082015991,5.005624771118164,475.25
2026-05-20,130.1199951171875,182.82000732421875,5.865102767944336,174.57000732421875,4531.2998046875,123.12000274658205,113.33999633789062,0.0318030007183551,62.650001525878906,3.003999948501587,5.058199882507324,465.75
2026-05-21,130.10000610351562,182.8500061035156,5.8207221031188965,175.58999633789062,4539.7998046875,123.13999938964844,113.3000030517578,0.0315439999103546,62.720001220703125,3.0179998874664307,5.01170015335083,462.25
2026-05-22,130.39999389648438,181.6499938964844,5.8241119384765625,173.44000244140625,4521.0,123.41000366210938,113.36000061035156,0.0315500013530254,63.119998931884766,2.907000064849853,5.017099857330322,463.25
2026-05-26,130.52999877929688,181.92999267578125,5.8241119384765625,175.55999755859375,4500.39990234375,123.70999908447266,113.4800033569336,0.0315209999680519,62.630001068115234,2.8940000534057617,5.01039981842041,457.5
2026-05-27,130.75999450683594,181.16000366210935,5.865102767944336,175.3800048828125,4447.5,123.73999786376952,113.7300033569336,0.0316760018467903,63.18999862670898,3.039999961853028,5.04449987411499,452.5
2026-05-28,131.2100067138672,180.3000030517578,5.8892822265625,173.97000122070312,4499.2998046875,124.19000244140624,114.16999816894533,0.0317919999361038,63.27999877929688,3.2850000858306885,5.07289981842041,455.75
2026-05-29,131.0,179.0,5.882352828979492,172.8000030517578,4560.5,124.02999877929688,113.88999938964844,0.0317180007696151,62.540000915527344,3.289999961853028,5.051700115203857,446.75
2026-06-01,130.69000244140625,177.3699951171875,5.865102767944336,170.77999877929688,4475.2001953125,123.51000213623048,113.70999908447266,0.0316210016608238,62.08000183105469,3.178999900817871,5.0391998291015625,444.0
2026-06-02,130.52999877929688,179.5800018310547,5.858231067657471,171.83999633789062,4489.10009765625,123.25,113.63999938964844,0.031564000993967,64.23999786376953,3.1670000553131104,5.038599967956543,440.5
2026-06-03,128.58999633789062,175.3800048828125,5.830904006958008,167.0500030517578,4436.7001953125,121.69000244140624,112.63999938964844,0.0313830003142356,62.880001068115234,3.21399998664856,5.020699977874756,431.5
2026-06-05,127.29000091552734,174.25,5.871991157531738,166.47000122070312,4337.10009765625,120.63999938964844,111.83000183105467,0.0316319987177848,61.58000183105469,3.2290000915527344,5.060699939727783,417.5
2026-06-08,127.0500030517578,173.72999572753906,5.963028907775879,165.64999389648438,4335.89990234375,120.02999877929688,111.45999908447266,0.0323040001094341,61.619998931884766,3.1470000743865967,5.177000045776367,418.75
2026-06-09,126.37999725341795,175.1199951171875,5.991611957550049,167.22000122070312,4260.0,119.61000061035156,111.26000213623048,0.0324819982051849,61.7400016784668,3.140000104904175,5.203100204467773,419.5
2026-06-10,126.73999786376952,173.82000732421875,5.980861186981201,165.69000244140625,4108.2001953125,120.1999969482422,111.52999877929688,0.0323590002954006,61.2599983215332,3.184999942779541,5.190100193023682,419.0
2026-06-11,129.91000366210938,177.0500030517578,5.984439849853516,170.11000061035156,4090.300048828125,122.7300033569336,113.0,0.0323430001735687,61.880001068115234,3.086999893188477,5.1921000480651855,411.75
2026-06-12,130.5399932861328,176.47999572753906,5.913661003112793,170.02999877929688,4215.0,123.80999755859376,113.91999816894533,0.0319329984486103,62.060001373291016,3.119999885559082,5.113800048828125,412.75
2026-06-15,130.63999938964844,175.74000549316406,5.868545055389404,169.49000549316406,4328.0,123.66000366210938,113.5999984741211,0.0316370017826557,63.20000076293945,3.1470000743865967,5.0609002113342285,415.5
2026-06-16,129.9600067138672,174.8000030517578,5.878894805908203,169.52000427246094,4330.89990234375,123.25,113.4000015258789,0.0316729992628097,62.22999954223633,3.239000082015991,5.075099945068359,413.75
2026-06-17,129.13999938964844,173.5,5.917160034179688,168.5800018310547,4358.89990234375,121.98999786376952,112.63999938964844,0.0318019986152648,60.869998931884766,3.1449999809265137,5.101900100708008,421.0
2026-06-18,128.94000244140625,173.33999633789062,5.8892822265625,168.44000244140625,4224.10009765625,121.91000366210938,112.52999877929688,0.0318889990448951,60.11000061035156,3.2330000400543213,5.122099876403809,417.5
2026-06-22,129.1300048828125,175.42999267578125,5.896225929260254,170.85000610351562,4181.89990234375,121.86000061035156,112.63999938964844,0.0319090001285076,60.18999862670898,3.253000020980835,5.151400089263916,411.5
2026-06-23,128.17999267578125,176.4499969482422,5.8892822265625,171.72000122070312,4129.89990234375,121.56999969482422,112.56999969482422,0.0319150015711784,59.459999084472656,3.1470000743865967,5.156499862670898,409.75
2026-06-24,128.67999267578125,175.97999572753906,5.910164833068848,171.72000122070312,3990.300048828125,121.73999786376952,112.7699966430664,0.0321639999747276,58.9900016784668,3.220999956130981,5.197700023651123,407.0
2026-06-25,128.75999450683594,177.19000244140625,5.906674861907959,173.00999450683594,4030.5,121.87999725341795,112.66999816894533,0.0321879982948303,58.9900016784668,3.3429999351501465,5.207499980926514,414.75
2026-06-26,128.86000061035156,178.58999633789062,5.896225929260254,175.47000122070312,4078.699951171875,121.87999725341795,112.8499984741211,0.0320999994874,58.310001373291016,3.2309999465942383,5.1940999031066895,412.75
2026-06-29,128.3699951171875,178.49000549316406,5.882352828979492,175.6199951171875,4022.300048828125,121.48999786376952,112.63999938964844,0.0319579988718032,57.91999816894531,3.180999994277954,5.170700073242188,402.0
2026-06-30,128.22000122070312,177.39999389648438,5.917160034179688,174.27999877929688,4022.89990234375,121.36000061035156,112.7699966430664,0.0319989994168281,57.56999969482422,3.275000095367432,5.181787014007568,412.75
2026-07-01,127.41999816894533,176.9199981689453,5.899704933166504,173.80999755859375,4068.300048828125,120.97000122070312,112.58999633789062,0.0318179987370967,58.0,3.220000028610229,5.174699783325195,421.0
2026-07-02,127.02999877929688,178.0399932861328,5.934718132019043,175.2100067138672,4112.7001953125,120.47000122070312,112.12000274658205,0.0321159996092319,58.2400016784668,3.196000099182129,5.220600128173828,425.0
2026-07-06,129.39999389648438,177.72000122070312,5.924170970916748,175.14999389648438,4155.10009765625,122.1999969482422,113.19000244140624,0.0321099981665611,58.84999847412109,3.244999885559082,5.1844000816345215,440.75
2026-07-07,129.5,177.5500030517578,5.878894805908203,174.63999938964844,4145.2998046875,122.3499984741211,113.4000015258789,0.0317309983074665,58.65999984741211,3.265000104904175,5.143599987030029,442.5
2026-07-08,129.69000244140625,176.05999755859375,5.8892822265625,172.6300048828125,4070.89990234375,122.45999908447266,113.37999725341795,0.0318479984998703,58.27000045776367,3.211999893188477,5.170899868011475,434.75
2026-07-09,129.6300048828125,178.0,5.892752170562744,176.69000244140625,4130.60009765625,122.75,113.58000183105467,0.0317649990320205,59.04999923706055,3.01200008392334,5.16349983215332,427.75
2026-07-10,130.08999633789062,183.75,5.865102767944336,183.94000244140625,4104.10009765625,123.13999938964844,113.98999786376952,0.0316229984164238,60.380001068115234,2.940000057220459,5.133900165557861,438.0
2026-07-13,129.9600067138672,181.1000061035156,5.8207221031188965,181.00999450683597,3997.0,122.98999786376952,113.81999969482422,0.0315509997308254,60.27000045776367,2.8970000743865967,5.107800006866455,437.75
2026-07-14,130.1199951171875,182.2700042724609,5.854801177978516,182.19000244140625,4061.10009765625,123.4000015258789,113.93000030517578,0.031699001789093,60.20000076293945,2.9040000438690186,5.147900104522705,433.75
2026-07-15,130.22000122070312,181.6499938964844,5.807200908660889,182.0800018310547,4044.0,123.29000091552734,114.3000030517578,0.0313649997115135,61.11000061035156,2.924000024795532,5.087900161743164,447.5
2026-07-16,129.94000244140625,179.0,5.834305763244629,181.0200042724609,3985.60009765625,123.22000122070312,114.3499984741211,0.0314150005578994,60.79999923706055,2.8580000400543213,5.09089994430542,441.5
2026-07-17,129.8000030517578,179.08999633789062,5.847952842712402,178.91000366210938,4012.699951171875,122.9000015258789,113.81999969482422,0.0314959995448589,60.959999084472656,2.9110000133514404,5.11359977722168,444.75
2026-07-20,129.41000366210938,178.5800018310547,5.854801177978516,179.10000610351562,4010.300048828125,122.80999755859376,113.75,0.0315439999103546,60.27000045776367,2.859999895095825,5.126999855041504,449.5
2026-07-21,129.0800018310547,178.89999389648438,5.8207221031188965,180.02999877929688,4071.10009765625,122.0999984741211,113.6500015258789,0.0314100012183189,60.4900016784668,2.865000009536743,5.104400157928467,452.75
2026-07-22,128.50999450683594,182.97000122070312,5.797101020812988,180.02999877929688,4146.89990234375,121.33999633789062,113.13999938964844,0.0311760008335113,60.7400016784668,2.924999952316284,5.087500095367432,462.0
2026-07-23,128.35000610351562,182.2899932861328,5.777008056640625,182.50999450683597,4046.60009765625,121.80999755859376,113.06999969482422,0.0310410000383853,62.02000045776367,2.9159998893737797,5.062488079071045,464.0
2026-07-24,128.97999572753906,179.3000030517578,5.793743133544922,179.22000122070312,4067.60009765625,121.63999938964844,113.5,0.0311050005257129,61.79999923706055,2.871000051498413,5.09689998626709,464.25
2026-07-27,129.16000366210938,180.7899932861328,5.783689975738525,181.32000732421875,4074.5,121.87999725341795,113.51000213623048,0.0310629997402429,62.220001220703125,2.7669999599456787,5.082499980926514,451.75
2026-07-28,128.74000549316406,181.7100067138672,5.8241119384765625,182.27999877929688,4036.300048828125,121.83999633789062,113.4800033569336,0.0312779992818832,63.4900016784668,2.6619999408721924,5.123025894165039,458.5
2026-07-29,128.0,179.39999389648438,5.844534873962402,178.38999938964844,4034.699951171875,120.61000061035156,112.88999938964844,0.0313500016927719,62.5,2.7249999046325684,5.1371002197265625,449.0
2026-07-30,128.35000610351562,183.05999755859372,5.875441074371338,181.25,4100.10009765625,121.22000122070312,113.23999786376952,0.0313909985125064,62.59000015258789,2.757999897003174,5.127099990844727,445.75
2026-07-31,128.9600067138672,183.7400054931641,5.847952842712402,182.7899932861328,4049.10009765625,122.48999786376952,113.6999969482422,0.0317009985446929,62.900001525878906,2.746999979019165,5.078100204467773,440.75
2026-08-04,129.8800048828125,184.58999633789065,5.886300086975098,183.5500030517578,4139.5,122.80999755859376,114.04000091552734,0.032320000231266,63.95000076293945,2.6670000553131104,5.111599922180176,465.0
