candidato,meses_confirmacao,quantidade_mudancas_regime_treino,peso_cdi_expansao_desinflacionaria,peso_cdi_expansao_inflacionaria,peso_cdi_estagflacao,peso_cdi_recessao_desinflacionaria,peso_cdi_medio,peso_cdi_maximo,excesso_retorno_anualizado_vs_benchmark,quantidade_meses,retorno_total_bruto,retorno_total_liquido,retorno_anualizado_liquido,volatilidade_anualizada_liquida,retorno_volatilidade_liquido,maximo_drawdown_liquido,meses_positivos,melhor_mes,pior_mes,turnover_total,turnover_medio_mensal,custo_acumulado_simples,indice_final_liquido,quantidade_janelas_12m,proporcao_janelas_12m_positivas,media_excesso_12m,mediana_excesso_12m,pior_excesso_12m,melhor_excesso_12m,respeita_limite_turnover
conf_1m_cdi_00_00_00_00,1,8,0.00%,0.00%,0.00%,0.00%,0.00%,0.00%,-0.06%,48,34.52%,34.22%,7.64%,8.51%,0.90,-8.93%,58.33%,0.051505551784493786,-0.06362152684987821,2.20,4.58%,0.22%,134.22,37,37.84%,0.06%,-0.39%,-1.46%,3.05%,True
conf_1m_cdi_00_00_00_10,1,8,0.00%,0.00%,0.00%,10.00%,2.50%,10.00%,-0.46%,48,32.56%,32.25%,7.24%,8.34%,0.87,-8.93%,58.33%,0.04976842754776656,-0.06362152684987821,2.36,4.92%,0.24%,132.25,37,32.43%,-0.34%,-0.39%,-1.46%,1.02%,False
conf_1m_cdi_00_00_00_20,1,8,0.00%,0.00%,0.00%,20.00%,5.00%,20.00%,-0.86%,48,30.62%,30.29%,6.84%,8.18%,0.84,-8.93%,58.33%,0.04976842754776656,-0.06362152684987821,2.54,5.30%,0.25%,130.29,37,16.22%,-0.74%,-0.79%,-2.04%,0.62%,False
conf_1m_cdi_00_00_00_30,1,8,0.00%,0.00%,0.00%,30.00%,7.50%,30.00%,-1.26%,48,28.70%,28.35%,6.44%,8.04%,0.80,-8.93%,58.33%,0.04976842754776656,-0.06362152684987821,2.73,5.69%,0.27%,128.35,37,10.81%,-1.14%,-0.98%,-3.80%,0.61%,False
conf_1m_cdi_00_00_00_40,1,8,0.00%,0.00%,0.00%,40.00%,10.00%,40.00%,-1.66%,48,26.81%,26.44%,6.04%,7.92%,0.76,-8.93%,58.33%,0.04976842754776656,-0.06362152684987821,2.92,6.09%,0.29%,126.44,37,10.81%,-1.53%,-0.98%,-5.54%,0.60%,False
conf_1m_cdi_00_00_00_50,1,8,0.00%,0.00%,0.00%,50.00%,12.50%,50.00%,-2.06%,48,24.93%,24.54%,5.64%,7.82%,0.72,-8.93%,58.33%,0.04976842754776656,-0.06362152684987821,3.11,6.49%,0.31%,124.54,37,10.81%,-1.92%,-1.02%,-7.26%,0.59%,False
conf_1m_cdi_00_00_10_00,1,8,0.00%,0.00%,10.00%,0.00%,2.50%,10.00%,0.03%,48,34.98%,34.67%,7.72%,8.48%,0.91,-8.93%,58.33%,0.051505551784493786,-0.06362152684987821,2.35,4.89%,0.23%,134.67,37,48.65%,0.17%,-0.29%,-1.46%,3.05%,False
conf_1m_cdi_00_00_10_10,1,8,0.00%,0.00%,10.00%,10.00%,5.00%,10.00%,-0.37%,48,33.02%,32.68%,7.33%,8.31%,0.88,-8.93%,58.33%,0.04976842754776656,-0.06362152684987821,2.51,5.23%,0.25%,132.68,37,43.24%,-0.23%,-0.29%,-1.46%,1.02%,False
conf_1m_cdi_00_00_10_20,1,8,0.00%,0.00%,10.00%,20.00%,7.50%,20.00%,-0.77%,48,31.07%,30.72%,6.93%,8.16%,0.85,-8.93%,58.33%,0.04976842754776656,-0.06362152684987821,2.69,5.61%,0.27%,130.72,37,27.03%,-0.63%,-0.82%,-2.04%,1.00%,False
conf_1m_cdi_00_00_10_30,1,8,0.00%,0.00%,10.00%,30.00%,10.00%,30.00%,-1.17%,48,29.15%,28.78%,6.53%,8.02%,0.81,-8.93%,58.33%,0.04976842754776656,-0.06362152684987821,2.88,6.01%,0.29%,128.78,37,24.32%,-1.03%,-0.98%,-3.80%,0.99%,False
conf_1m_cdi_00_00_10_40,1,8,0.00%,0.00%,10.00%,40.00%,12.50%,40.00%,-1.57%,48,27.24%,26.85%,6.13%,7.89%,0.78,-8.93%,58.33%,0.04976842754776656,-0.06362152684987821,3.08,6.41%,0.31%,126.85,37,21.62%,-1.42%,-0.98%,-5.54%,0.98%,False
conf_1m_cdi_00_00_10_50,1,8,0.00%,0.00%,10.00%,50.00%,15.00%,50.00%,-1.97%,48,25.36%,24.95%,5.73%,7.79%,0.74,-8.93%,58.33%,0.04976842754776656,-0.06362152684987821,3.27,6.80%,0.33%,124.95,37,21.62%,-1.81%,-1.02%,-7.26%,0.96%,False
conf_1m_cdi_00_00_20_00,1,8,0.00%,0.00%,20.00%,0.00%,5.00%,20.00%,0.12%,48,35.45%,35.11%,7.81%,8.46%,0.92,-8.93%,58.33%,0.051505551784493786,-0.06362152684987821,2.54,5.29%,0.25%,135.11,37,48.65%,0.29%,-0.08%,-1.46%,3.05%,False
conf_1m_cdi_00_00_20_10,1,8,0.00%,0.00%,20.00%,10.00%,7.50%,20.00%,-0.28%,48,33.48%,33.12%,7.41%,8.29%,0.89,-8.93%,58.33%,0.04976842754776656,-0.06362152684987821,2.70,5.63%,0.27%,133.12,37,43.24%,-0.12%,-0.14%,-1.46%,1.38%,False
conf_1m_cdi_00_00_20_20,1,8,0.00%,0.00%,20.00%,20.00%,10.00%,20.00%,-0.68%,48,31.53%,31.15%,7.01%,8.13%,0.86,-8.93%,58.33%,0.04976842754776656,-0.06362152684987821,2.89,6.01%,0.29%,131.15,37,27.03%,-0.52%,-0.86%,-2.04%,1.37%,False
conf_1m_cdi_00_00_20_30,1,8,0.00%,0.00%,20.00%,30.00%,12.50%,30.00%,-1.08%,48,29.59%,29.20%,6.61%,7.99%,0.83,-8.93%,58.33%,0.04976842754776656,-0.06362152684987821,3.08,6.41%,0.31%,129.20,37,27.03%,-0.91%,-0.98%,-3.80%,1.36%,False
conf_1m_cdi_00_00_20_40,1,8,0.00%,0.00%,20.00%,40.00%,15.00%,40.00%,-1.48%,48,27.68%,27.27%,6.21%,7.87%,0.79,-8.93%,58.33%,0.04976842754776656,-0.06362152684987821,3.27,6.81%,0.33%,127.27,37,21.62%,-1.31%,-0.98%,-5.54%,1.35%,False
conf_1m_cdi_00_00_20_50,1,8,0.00%,0.00%,20.00%,50.00%,17.50%,50.00%,-1.88%,48,25.79%,25.36%,5.81%,7.77%,0.75,-8.93%,58.33%,0.04976842754776656,-0.06362152684987821,3.46,7.20%,0.35%,125.36,37,21.62%,-1.70%,-0.98%,-7.26%,1.34%,False
conf_1m_cdi_00_00_30_00,1,8,0.00%,0.00%,30.00%,0.00%,7.50%,30.00%,0.20%,48,35.91%,35.54%,7.90%,8.44%,0.94,-8.93%,60.42%,0.051505551784493786,-0.06362152684987821,2.73,5.69%,0.27%,135.54,37,56.76%,0.40%,0.27%,-1.46%,3.05%,False
conf_1m_cdi_00_00_30_10,1,8,0.00%,0.00%,30.00%,10.00%,10.00%,30.00%,-0.20%,48,33.94%,33.55%,7.50%,8.27%,0.91,-8.93%,60.42%,0.04976842754776656,-0.06362152684987821,2.90,6.03%,0.29%,133.55,37,51.35%,-0.00%,0.03%,-1.46%,1.76%,False
conf_1m_cdi_00_00_30_20,1,8,0.00%,0.00%,30.00%,20.00%,12.50%,30.00%,-0.60%,48,31.98%,31.57%,7.10%,8.11%,0.88,-8.93%,60.42%,0.04976842754776656,-0.06362152684987821,3.08,6.41%,0.31%,131.57,37,37.84%,-0.40%,-0.90%,-2.04%,1.75%,False
conf_1m_cdi_00_00_30_30,1,8,0.00%,0.00%,30.00%,30.00%,15.00%,30.00%,-1.00%,48,30.04%,29.62%,6.70%,7.97%,0.84,-8.93%,60.42%,0.04976842754776656,-0.06362152684987821,3.27,6.81%,0.33%,129.62,37,35.14%,-0.80%,-0.96%,-3.80%,1.74%,False
conf_1m_cdi_00_00_30_40,1,8,0.00%,0.00%,30.00%,40.00%,17.50%,40.00%,-1.40%,48,28.12%,27.68%,6.30%,7.85%,0.80,-8.93%,60.42%,0.04976842754776656,-0.06362152684987821,3.46,7.21%,0.35%,127.68,37,32.43%,-1.20%,-0.98%,-5.54%,1.73%,False
conf_1m_cdi_00_00_30_50,1,8,0.00%,0.00%,30.00%,50.00%,20.00%,50.00%,-1.80%,48,26.22%,25.76%,5.90%,7.74%,0.76,-8.93%,60.42%,0.04976842754776656,-0.06362152684987821,3.65,7.60%,0.36%,125.76,37,29.73%,-1.58%,-0.98%,-7.26%,1.72%,False
conf_1m_cdi_00_00_40_00,1,8,0.00%,0.00%,40.00%,0.00%,10.00%,40.00%,0.29%,48,36.38%,35.98%,7.99%,8.42%,0.95,-8.93%,60.42%,0.051505551784493786,-0.06362152684987821,2.92,6.09%,0.29%,135.98,37,59.46%,0.51%,0.62%,-1.46%,3.05%,False
conf_1m_cdi_00_00_40_10,1,8,0.00%,0.00%,40.00%,10.00%,12.50%,40.00%,-0.11%,48,34.39%,33.98%,7.59%,8.25%,0.92,-8.93%,60.42%,0.04976842754776656,-0.06362152684987821,3.09,6.43%,0.31%,133.98,37,54.05%,0.11%,0.16%,-1.46%,2.13%,False
conf_1m_cdi_00_00_40_20,1,8,0.00%,0.00%,40.00%,20.00%,15.00%,40.00%,-0.51%,48,32.43%,32.00%,7.19%,8.09%,0.89,-8.93%,60.42%,0.04976842754776656,-0.06362152684987821,3.27,6.81%,0.33%,132.00,37,40.54%,-0.29%,-0.94%,-2.04%,2.12%,False
conf_1m_cdi_00_00_40_30,1,8,0.00%,0.00%,40.00%,30.00%,17.50%,40.00%,-0.91%,48,30.49%,30.03%,6.79%,7.95%,0.85,-8.93%,60.42%,0.04976842754776656,-0.06362152684987821,3.46,7.21%,0.35%,130.03,37,37.84%,-0.69%,-0.96%,-3.80%,2.11%,False
conf_1m_cdi_00_00_40_40,1,8,0.00%,0.00%,40.00%,40.00%,20.00%,40.00%,-1.31%,48,28.56%,28.09%,6.39%,7.83%,0.82,-8.93%,60.42%,0.04976842754776656,-0.06362152684987821,3.65,7.60%,0.37%,128.09,37,35.14%,-1.08%,-0.98%,-5.54%,2.10%,False
conf_1m_cdi_00_00_40_50,1,8,0.00%,0.00%,40.00%,50.00%,22.50%,50.00%,-1.71%,48,26.66%,26.17%,5.98%,7.73%,0.77,-8.93%,60.42%,0.04976842754776656,-0.06362152684987821,3.84,8.00%,0.38%,126.17,37,32.43%,-1.47%,-0.98%,-7.26%,2.09%,False
conf_1m_cdi_00_00_50_00,1,8,0.00%,0.00%,50.00%,0.00%,12.50%,50.00%,0.38%,48,36.85%,36.42%,8.07%,8.40%,0.96,-8.93%,60.42%,0.051505551784493786,-0.06362152684987821,3.11,6.49%,0.31%,136.42,37,59.46%,0.63%,0.98%,-1.46%,3.05%,False
conf_1m_cdi_00_00_50_10,1,8,0.00%,0.00%,50.00%,10.00%,15.00%,50.00%,-0.02%,48,34.85%,34.41%,7.67%,8.23%,0.93,-8.93%,60.42%,0.04976842754776656,-0.06362152684987821,3.28,6.83%,0.33%,134.41,37,54.05%,0.22%,0.27%,-1.46%,2.51%,False
conf_1m_cdi_00_00_50_20,1,8,0.00%,0.00%,50.00%,20.00%,17.50%,50.00%,-0.42%,48,32.88%,32.42%,7.27%,8.07%,0.90,-8.93%,60.42%,0.04976842754776656,-0.06362152684987821,3.46,7.21%,0.35%,132.42,37,40.54%,-0.18%,-0.96%,-2.04%,2.50%,False
conf_1m_cdi_00_00_50_30,1,8,0.00%,0.00%,50.00%,30.00%,20.00%,50.00%,-0.82%,48,30.93%,30.45%,6.87%,7.93%,0.87,-8.93%,60.42%,0.04976842754776656,-0.06362152684987821,3.65,7.60%,0.36%,130.45,37,37.84%,-0.58%,-0.96%,-3.80%,2.49%,False
conf_1m_cdi_00_00_50_40,1,8,0.00%,0.00%,50.00%,40.00%,22.50%,50.00%,-1.22%,48,29.00%,28.51%,6.47%,7.81%,0.83,-8.93%,60.42%,0.04976842754776656,-0.06362152684987821,3.84,8.00%,0.38%,128.51,37,35.14%,-0.97%,-0.98%,-5.54%,2.48%,False
conf_1m_cdi_00_00_50_50,1,8,0.00%,0.00%,50.00%,50.00%,25.00%,50.00%,-1.63%,48,27.09%,26.58%,6.07%,7.71%,0.79,-8.93%,60.42%,0.04976842754776656,-0.06362152684987821,4.03,8.40%,0.40%,126.58,37,35.14%,-1.36%,-0.98%,-7.26%,2.47%,False
conf_1m_cdi_00_10_00_00,1,8,0.00%,10.00%,0.00%,0.00%,2.50%,10.00%,-0.35%,48,33.17%,32.80%,7.35%,8.13%,0.90,-8.29%,58.33%,0.051505551784493786,-0.05699505428457319,2.80,5.83%,0.28%,132.80,37,21.62%,-0.39%,-0.51%,-1.55%,1.20%,False
conf_1m_cdi_00_10_00_10,1,8,0.00%,10.00%,0.00%,10.00%,5.00%,10.00%,-0.73%,48,31.23%,30.89%,6.96%,7.95%,0.88,-8.29%,58.33%,0.046512900945293145,-0.05699505428457319,2.63,5.48%,0.26%,130.89,37,0.00%,-0.78%,-0.68%,-1.55%,-0.11%,False
conf_1m_cdi_00_10_00_20,1,8,0.00%,10.00%,0.00%,20.00%,7.50%,20.00%,-1.13%,48,29.31%,28.95%,6.56%,7.79%,0.84,-8.29%,58.33%,0.045073387682071475,-0.05699505428457319,2.79,5.82%,0.28%,128.95,37,0.00%,-1.17%,-1.01%,-2.88%,-0.11%,False
conf_1m_cdi_00_10_00_30,1,8,0.00%,10.00%,0.00%,30.00%,10.00%,30.00%,-1.53%,48,27.41%,27.04%,6.16%,7.64%,0.81,-8.29%,58.33%,0.045073387682071475,-0.05699505428457319,2.98,6.20%,0.30%,127.04,37,0.00%,-1.56%,-1.09%,-4.83%,-0.11%,False
conf_1m_cdi_00_10_00_40,1,8,0.00%,10.00%,0.00%,40.00%,12.50%,40.00%,-1.93%,48,25.53%,25.14%,5.77%,7.51%,0.77,-8.29%,58.33%,0.045073387682071475,-0.05699505428457319,3.17,6.60%,0.32%,125.14,37,0.00%,-1.95%,-1.09%,-6.77%,-0.11%,False
conf_1m_cdi_00_10_00_50,1,8,0.00%,10.00%,0.00%,50.00%,15.00%,50.00%,-2.33%,48,23.68%,23.26%,5.37%,7.40%,0.73,-8.29%,58.33%,0.045073387682071475,-0.05699505428457319,3.36,7.00%,0.34%,123.26,37,0.00%,-2.34%,-1.09%,-8.68%,-0.11%,False
conf_1m_cdi_00_10_10_00,1,8,0.00%,10.00%,10.00%,0.00%,5.00%,10.00%,-0.25%,48,33.63%,33.28%,7.45%,8.10%,0.92,-8.29%,58.33%,0.051505551784493786,-0.05699505428457319,2.63,5.48%,0.26%,133.28,37,40.54%,-0.26%,-0.25%,-1.55%,1.20%,False
conf_1m_cdi_00_10_10_10,1,8,0.00%,10.00%,10.00%,10.00%,7.50%,10.00%,-0.64%,48,31.69%,31.36%,7.06%,7.92%,0.89,-8.29%,58.33%,0.046512900945293145,-0.05699505428457319,2.46,5.13%,0.25%,131.36,37,13.51%,-0.65%,-0.67%,-1.55%,0.27%,False
conf_1m_cdi_00_10_10_20,1,8,0.00%,10.00%,10.00%,20.00%,10.00%,20.00%,-1.04%,48,29.76%,29.42%,6.66%,7.76%,0.86,-8.29%,58.33%,0.045073387682071475,-0.05699505428457319,2.63,5.47%,0.26%,129.42,37,13.51%,-1.05%,-0.96%,-2.88%,0.27%,False
conf_1m_cdi_00_10_10_30,1,8,0.00%,10.00%,10.00%,30.00%,12.50%,30.00%,-1.43%,48,27.85%,27.50%,6.26%,7.61%,0.82,-8.29%,58.33%,0.045073387682071475,-0.05699505428457319,2.81,5.85%,0.28%,127.50,37,13.51%,-1.44%,-1.09%,-4.83%,0.27%,False
conf_1m_cdi_00_10_10_40,1,8,0.00%,10.00%,10.00%,40.00%,15.00%,40.00%,-1.83%,48,25.97%,25.59%,5.86%,7.48%,0.78,-8.29%,58.33%,0.045073387682071475,-0.05699505428457319,3.00,6.25%,0.30%,125.59,37,13.51%,-1.83%,-1.09%,-6.77%,0.27%,False
conf_1m_cdi_00_10_10_50,1,8,0.00%,10.00%,10.00%,50.00%,17.50%,50.00%,-2.23%,48,24.10%,23.71%,5.46%,7.37%,0.74,-8.29%,58.33%,0.045073387682071475,-0.05699505428457319,3.19,6.65%,0.32%,123.71,37,13.51%,-2.21%,-1.09%,-8.68%,0.27%,False
conf_1m_cdi_00_10_20_00,1,8,0.00%,10.00%,20.00%,0.00%,7.50%,20.00%,-0.16%,48,34.09%,33.72%,7.53%,8.08%,0.93,-8.29%,58.33%,0.051505551784493786,-0.05699505428457319,2.78,5.80%,0.28%,133.72,37,51.35%,-0.15%,0.11%,-1.55%,1.20%,False
conf_1m_cdi_00_10_20_10,1,8,0.00%,10.00%,20.00%,10.00%,10.00%,20.00%,-0.55%,48,32.14%,31.79%,7.15%,7.90%,0.90,-8.29%,58.33%,0.046512900945293145,-0.05699505428457319,2.62,5.45%,0.26%,131.79,37,24.32%,-0.54%,-0.71%,-1.55%,0.61%,False
conf_1m_cdi_00_10_20_20,1,8,0.00%,10.00%,20.00%,20.00%,12.50%,20.00%,-0.95%,48,30.21%,29.84%,6.75%,7.73%,0.87,-8.29%,58.33%,0.045073387682071475,-0.05699505428457319,2.78,5.79%,0.28%,129.84,37,24.32%,-0.93%,-0.96%,-2.88%,0.61%,False
conf_1m_cdi_00_10_20_30,1,8,0.00%,10.00%,20.00%,30.00%,15.00%,30.00%,-1.35%,48,28.29%,27.92%,6.35%,7.58%,0.84,-8.29%,58.33%,0.045073387682071475,-0.05699505428457319,2.96,6.17%,0.30%,127.92,37,24.32%,-1.33%,-1.08%,-4.83%,0.61%,False
conf_1m_cdi_00_10_20_40,1,8,0.00%,10.00%,20.00%,40.00%,17.50%,40.00%,-1.75%,48,26.40%,26.00%,5.95%,7.45%,0.80,-8.29%,58.33%,0.045073387682071475,-0.05699505428457319,3.15,6.57%,0.32%,126.00,37,24.32%,-1.72%,-1.09%,-6.77%,0.61%,False
conf_1m_cdi_00_10_20_50,1,8,0.00%,10.00%,20.00%,50.00%,20.00%,50.00%,-2.15%,48,24.53%,24.12%,5.55%,7.34%,0.76,-8.29%,58.33%,0.045073387682071475,-0.05699505428457319,3.34,6.97%,0.33%,124.12,37,24.32%,-2.10%,-1.09%,-8.68%,0.61%,False
conf_1m_cdi_00_10_30_00,1,8,0.00%,10.00%,30.00%,0.00%,10.00%,30.00%,-0.07%,48,34.55%,34.15%,7.62%,8.05%,0.95,-8.29%,60.42%,0.051505551784493786,-0.05699505428457319,2.97,6.20%,0.30%,134.15,37,56.76%,-0.03%,0.36%,-1.55%,1.20%,False
conf_1m_cdi_00_10_30_10,1,8,0.00%,10.00%,30.00%,10.00%,12.50%,30.00%,-0.46%,48,32.59%,32.22%,7.23%,7.87%,0.92,-8.29%,60.42%,0.046512900945293145,-0.05699505428457319,2.81,5.85%,0.28%,132.22,37,32.43%,-0.42%,-0.75%,-1.55%,0.96%,False
conf_1m_cdi_00_10_30_20,1,8,0.00%,10.00%,30.00%,20.00%,15.00%,30.00%,-0.86%,48,30.65%,30.27%,6.83%,7.71%,0.89,-8.29%,60.42%,0.045073387682071475,-0.05699505428457319,2.97,6.19%,0.30%,130.27,37,29.73%,-0.82%,-0.96%,-2.88%,0.96%,False
conf_1m_cdi_00_10_30_30,1,8,0.00%,10.00%,30.00%,30.00%,17.50%,30.00%,-1.26%,48,28.74%,28.33%,6.43%,7.56%,0.85,-8.29%,60.42%,0.045073387682071475,-0.05699505428457319,3.15,6.57%,0.32%,128.33,37,29.73%,-1.21%,-1.08%,-4.83%,0.96%,False
conf_1m_cdi_00_10_30_40,1,8,0.00%,10.00%,30.00%,40.00%,20.00%,40.00%,-1.66%,48,26.84%,26.41%,6.03%,7.43%,0.81,-8.29%,60.42%,0.045073387682071475,-0.05699505428457319,3.35,6.97%,0.33%,126.41,37,29.73%,-1.60%,-1.09%,-6.77%,0.96%,False
conf_1m_cdi_00_10_30_50,1,8,0.00%,10.00%,30.00%,50.00%,22.50%,50.00%,-2.06%,48,24.96%,24.52%,5.64%,7.32%,0.77,-8.29%,60.42%,0.045073387682071475,-0.05699505428457319,3.54,7.37%,0.35%,124.52,37,29.73%,-1.99%,-1.09%,-8.68%,0.96%,False
conf_1m_cdi_00_10_40_00,1,8,0.00%,10.00%,40.00%,0.00%,12.50%,40.00%,0.01%,48,35.01%,34.59%,7.71%,8.03%,0.96,-8.29%,60.42%,0.051505551784493786,-0.05699505428457319,3.17,6.60%,0.32%,134.59,37,59.46%,0.08%,0.48%,-1.55%,1.31%,False
conf_1m_cdi_00_10_40_10,1,8,0.00%,10.00%,40.00%,10.00%,15.00%,40.00%,-0.38%,48,33.05%,32.65%,7.32%,7.85%,0.93,-8.29%,60.42%,0.046512900945293145,-0.05699505428457319,3.00,6.25%,0.30%,132.65,37,40.54%,-0.31%,-0.75%,-1.55%,1.31%,False
conf_1m_cdi_00_10_40_20,1,8,0.00%,10.00%,40.00%,20.00%,17.50%,40.00%,-0.78%,48,31.10%,30.69%,6.92%,7.69%,0.90,-8.29%,60.42%,0.045073387682071475,-0.05699505428457319,3.16,6.59%,0.32%,130.69,37,32.43%,-0.71%,-0.96%,-2.88%,1.31%,False
conf_1m_cdi_00_10_40_30,1,8,0.00%,10.00%,40.00%,30.00%,20.00%,40.00%,-1.18%,48,29.18%,28.75%,6.52%,7.54%,0.86,-8.29%,60.42%,0.045073387682071475,-0.05699505428457319,3.35,6.97%,0.33%,128.75,37,32.43%,-1.10%,-0.98%,-4.83%,1.31%,False
conf_1m_cdi_00_10_40_40,1,8,0.00%,10.00%,40.00%,40.00%,22.50%,40.00%,-1.58%,48,27.27%,26.82%,6.12%,7.41%,0.83,-8.29%,60.42%,0.045073387682071475,-0.05699505428457319,3.54,7.37%,0.35%,126.82,37,32.43%,-1.49%,-1.08%,-6.77%,1.31%,False
conf_1m_cdi_00_10_40_50,1,8,0.00%,10.00%,40.00%,50.00%,25.00%,50.00%,-1.98%,48,25.39%,24.92%,5.72%,7.30%,0.78,-8.29%,60.42%,0.045073387682071475,-0.05699505428457319,3.73,7.77%,0.37%,124.92,37,32.43%,-1.88%,-1.09%,-8.68%,1.31%,False
conf_1m_cdi_00_10_50_00,1,8,0.00%,10.00%,50.00%,0.00%,15.00%,50.00%,0.10%,48,35.48%,35.02%,7.80%,8.02%,0.97,-8.29%,60.42%,0.051505551784493786,-0.05699505428457319,3.36,6.99%,0.34%,135.02,37,59.46%,0.19%,0.61%,-1.55%,1.66%,False
conf_1m_cdi_00_10_50_10,1,8,0.00%,10.00%,50.00%,10.00%,17.50%,50.00%,-0.29%,48,33.50%,33.08%,7.41%,7.84%,0.94,-8.29%,60.42%,0.046512900945293145,-0.05699505428457319,3.19,6.65%,0.32%,133.08,37,40.54%,-0.20%,-0.75%,-1.55%,1.66%,False
conf_1m_cdi_00_10_50_20,1,8,0.00%,10.00%,50.00%,20.00%,20.00%,50.00%,-0.69%,48,31.55%,31.11%,7.01%,7.67%,0.91,-8.29%,60.42%,0.045073387682071475,-0.05699505428457319,3.36,6.99%,0.34%,131.11,37,35.14%,-0.60%,-0.91%,-2.88%,1.66%,False
conf_1m_cdi_00_10_50_30,1,8,0.00%,10.00%,50.00%,30.00%,22.50%,50.00%,-1.09%,48,29.62%,29.16%,6.61%,7.52%,0.88,-8.29%,60.42%,0.045073387682071475,-0.05699505428457319,3.54,7.37%,0.35%,129.16,37,32.43%,-0.99%,-0.96%,-4.83%,1.66%,False
conf_1m_cdi_00_10_50_40,1,8,0.00%,10.00%,50.00%,40.00%,25.00%,50.00%,-1.49%,48,27.71%,27.23%,6.21%,7.39%,0.84,-8.29%,60.42%,0.045073387682071475,-0.05699505428457319,3.73,7.77%,0.37%,127.23,37,32.43%,-1.38%,-1.08%,-6.77%,1.66%,False
conf_1m_cdi_00_10_50_50,1,8,0.00%,10.00%,50.00%,50.00%,27.50%,50.00%,-1.89%,48,25.82%,25.32%,5.81%,7.28%,0.80,-8.29%,60.42%,0.045073387682071475,-0.05699505428457319,3.92,8.16%,0.39%,125.32,37,32.43%,-1.76%,-1.08%,-8.68%,1.66%,False
conf_1m_cdi_00_20_00_00,1,8,0.00%,20.00%,0.00%,0.00%,5.00%,20.00%,-0.64%,48,31.82%,31.35%,7.06%,7.78%,0.91,-8.03%,58.33%,0.051505551784493786,-0.050864032842775075,3.56,7.41%,0.36%,131.35,37,13.51%,-0.83%,-0.93%,-1.82%,0.36%,False
conf_1m_cdi_00_20_00_10,1,8,0.00%,20.00%,0.00%,10.00%,7.50%,20.00%,-1.03%,48,29.90%,29.46%,6.67%,7.59%,0.88,-8.03%,58.33%,0.046512900945293145,-0.050864032842775075,3.36,7.00%,0.34%,129.46,37,5.41%,-1.22%,-1.22%,-2.85%,0.04%,False
conf_1m_cdi_00_20_00_20,1,8,0.00%,20.00%,0.00%,20.00%,10.00%,20.00%,-1.41%,48,28.00%,27.59%,6.28%,7.41%,0.85,-8.03%,58.33%,0.04152069542759018,-0.050864032842775075,3.19,6.64%,0.32%,127.59,37,5.41%,-1.60%,-1.22%,-4.75%,0.04%,False
conf_1m_cdi_00_20_00_30,1,8,0.00%,20.00%,0.00%,30.00%,12.50%,30.00%,-1.81%,48,26.12%,25.70%,5.88%,7.26%,0.81,-8.03%,58.33%,0.04037911167132746,-0.050864032842775075,3.35,6.98%,0.34%,125.70,37,5.41%,-1.99%,-1.22%,-6.68%,0.04%,False
conf_1m_cdi_00_20_00_40,1,8,0.00%,20.00%,0.00%,40.00%,15.00%,40.00%,-2.21%,48,24.26%,23.82%,5.49%,7.12%,0.77,-8.03%,58.33%,0.04037911167132746,-0.050864032842775075,3.53,7.36%,0.35%,123.82,37,5.41%,-2.37%,-1.22%,-8.59%,0.04%,False
conf_1m_cdi_00_20_00_50,1,8,0.00%,20.00%,0.00%,50.00%,17.50%,50.00%,-2.61%,48,22.42%,21.96%,5.09%,7.00%,0.73,-8.03%,58.33%,0.04037911167132746,-0.050864032842775075,3.72,7.76%,0.37%,121.96,37,5.41%,-2.76%,-1.22%,-10.47%,0.04%,False
conf_1m_cdi_00_20_10_00,1,8,0.00%,20.00%,10.00%,0.00%,7.50%,20.00%,-0.54%,48,32.27%,31.83%,7.15%,7.75%,0.92,-8.03%,58.33%,0.051505551784493786,-0.050864032842775075,3.35,6.98%,0.33%,131.83,37,16.22%,-0.71%,-0.81%,-1.65%,0.42%,False
conf_1m_cdi_00_20_10_10,1,8,0.00%,20.00%,10.00%,10.00%,10.00%,20.00%,-0.93%,48,30.35%,29.94%,6.77%,7.56%,0.90,-8.03%,58.33%,0.046512900945293145,-0.050864032842775075,3.15,6.56%,0.31%,129.94,37,8.11%,-1.09%,-1.19%,-2.85%,0.42%,False
conf_1m_cdi_00_20_10_20,1,8,0.00%,20.00%,10.00%,20.00%,12.50%,20.00%,-1.32%,48,28.44%,28.06%,6.38%,7.38%,0.86,-8.03%,58.33%,0.04152069542759018,-0.050864032842775075,2.98,6.20%,0.30%,128.06,37,8.11%,-1.48%,-1.19%,-4.75%,0.42%,False
conf_1m_cdi_00_20_10_30,1,8,0.00%,20.00%,10.00%,30.00%,15.00%,30.00%,-1.71%,48,26.55%,26.16%,5.98%,7.23%,0.83,-8.03%,58.33%,0.04037911167132746,-0.050864032842775075,3.14,6.54%,0.31%,126.16,37,8.11%,-1.86%,-1.19%,-6.68%,0.42%,False
conf_1m_cdi_00_20_10_40,1,8,0.00%,20.00%,10.00%,40.00%,17.50%,40.00%,-2.11%,48,24.69%,24.28%,5.58%,7.09%,0.79,-8.03%,58.33%,0.04037911167132746,-0.050864032842775075,3.32,6.92%,0.33%,124.28,37,8.11%,-2.25%,-1.19%,-8.59%,0.42%,False
conf_1m_cdi_00_20_10_50,1,8,0.00%,20.00%,10.00%,50.00%,20.00%,50.00%,-2.51%,48,22.84%,22.41%,5.19%,6.97%,0.74,-8.03%,58.33%,0.04037911167132746,-0.050864032842775075,3.51,7.32%,0.35%,122.41,37,8.11%,-2.63%,-1.19%,-10.47%,0.42%,False
conf_1m_cdi_00_20_20_00,1,8,0.00%,20.00%,20.00%,0.00%,10.00%,20.00%,-0.45%,48,32.73%,32.31%,7.25%,7.72%,0.94,-8.03%,58.33%,0.051505551784493786,-0.050864032842775075,3.18,6.62%,0.32%,132.31,37,24.32%,-0.58%,-0.67%,-1.65%,0.80%,False
conf_1m_cdi_00_20_20_10,1,8,0.00%,20.00%,20.00%,10.00%,12.50%,20.00%,-0.83%,48,30.80%,30.41%,6.86%,7.53%,0.91,-8.03%,58.33%,0.046512900945293145,-0.050864032842775075,2.98,6.20%,0.30%,130.41,37,16.22%,-0.97%,-1.04%,-2.85%,0.80%,False
conf_1m_cdi_00_20_20_20,1,8,0.00%,20.00%,20.00%,20.00%,15.00%,20.00%,-1.22%,48,28.88%,28.52%,6.47%,7.36%,0.88,-8.03%,58.33%,0.04152069542759018,-0.050864032842775075,2.81,5.85%,0.28%,128.52,37,16.22%,-1.35%,-1.04%,-4.75%,0.80%,False
conf_1m_cdi_00_20_20_30,1,8,0.00%,20.00%,20.00%,30.00%,17.50%,30.00%,-1.62%,48,26.99%,26.61%,6.08%,7.20%,0.84,-8.03%,58.33%,0.04037911167132746,-0.050864032842775075,2.97,6.19%,0.30%,126.61,37,16.22%,-1.74%,-1.04%,-6.68%,0.80%,False
conf_1m_cdi_00_20_20_40,1,8,0.00%,20.00%,20.00%,40.00%,20.00%,40.00%,-2.02%,48,25.12%,24.72%,5.68%,7.06%,0.80,-8.03%,58.33%,0.04037911167132746,-0.050864032842775075,3.15,6.57%,0.32%,124.72,37,16.22%,-2.12%,-1.04%,-8.59%,0.80%,False
conf_1m_cdi_00_20_20_50,1,8,0.00%,20.00%,20.00%,50.00%,22.50%,50.00%,-2.42%,48,23.27%,22.85%,5.28%,6.94%,0.76,-8.03%,58.33%,0.04037911167132746,-0.050864032842775075,3.34,6.97%,0.33%,122.85,37,16.22%,-2.51%,-1.05%,-10.47%,0.80%,False
conf_1m_cdi_00_20_30_00,1,8,0.00%,20.00%,30.00%,0.00%,12.50%,30.00%,-0.36%,48,33.19%,32.74%,7.34%,7.70%,0.95,-8.03%,60.42%,0.051505551784493786,-0.050864032842775075,3.34,6.95%,0.33%,132.74,37,32.43%,-0.47%,-0.65%,-1.65%,1.15%,False
conf_1m_cdi_00_20_30_10,1,8,0.00%,20.00%,30.00%,10.00%,15.00%,30.00%,-0.75%,48,31.25%,30.83%,6.95%,7.51%,0.93,-8.03%,60.42%,0.046512900945293145,-0.050864032842775075,3.14,6.53%,0.31%,130.83,37,24.32%,-0.85%,-1.04%,-2.85%,1.15%,False
conf_1m_cdi_00_20_30_20,1,8,0.00%,20.00%,30.00%,20.00%,17.50%,30.00%,-1.13%,48,29.33%,28.94%,6.56%,7.33%,0.89,-8.03%,60.42%,0.04152069542759018,-0.050864032842775075,2.97,6.18%,0.30%,128.94,37,24.32%,-1.24%,-1.04%,-4.75%,1.15%,False
conf_1m_cdi_00_20_30_30,1,8,0.00%,20.00%,30.00%,30.00%,20.00%,30.00%,-1.53%,48,27.43%,27.03%,6.16%,7.17%,0.86,-8.03%,60.42%,0.04037911167132746,-0.050864032842775075,3.13,6.52%,0.31%,127.03,37,24.32%,-1.63%,-1.04%,-6.68%,1.15%,False
conf_1m_cdi_00_20_30_40,1,8,0.00%,20.00%,30.00%,40.00%,22.50%,40.00%,-1.93%,48,25.55%,25.13%,5.77%,7.04%,0.82,-8.03%,60.42%,0.04037911167132746,-0.050864032842775075,3.31,6.90%,0.33%,125.13,37,24.32%,-2.01%,-1.04%,-8.59%,1.15%,False
conf_1m_cdi_00_20_30_50,1,8,0.00%,20.00%,30.00%,50.00%,25.00%,50.00%,-2.33%,48,23.69%,23.26%,5.37%,6.92%,0.78,-8.03%,60.42%,0.04037911167132746,-0.050864032842775075,3.50,7.30%,0.35%,123.26,37,24.32%,-2.39%,-1.04%,-10.47%,1.15%,False
conf_1m_cdi_00_20_40_00,1,8,0.00%,20.00%,40.00%,0.00%,15.00%,40.00%,-0.27%,48,33.64%,33.17%,7.42%,7.68%,0.97,-8.03%,60.42%,0.051505551784493786,-0.050864032842775075,3.53,7.35%,0.35%,133.17,37,35.14%,-0.36%,-0.55%,-1.65%,1.49%,False
conf_1m_cdi_00_20_40_10,1,8,0.00%,20.00%,40.00%,10.00%,17.50%,40.00%,-0.66%,48,31.70%,31.26%,7.04%,7.48%,0.94,-8.03%,60.42%,0.046512900945293145,-0.050864032842775075,3.33,6.93%,0.33%,131.26,37,27.03%,-0.74%,-0.99%,-2.85%,1.49%,False
conf_1m_cdi_00_20_40_20,1,8,0.00%,20.00%,40.00%,20.00%,20.00%,40.00%,-1.05%,48,29.77%,29.36%,6.65%,7.31%,0.91,-8.03%,60.42%,0.04152069542759018,-0.050864032842775075,3.16,6.58%,0.32%,129.36,37,27.03%,-1.13%,-1.04%,-4.75%,1.49%,False
conf_1m_cdi_00_20_40_30,1,8,0.00%,20.00%,40.00%,30.00%,22.50%,40.00%,-1.45%,48,27.86%,27.44%,6.25%,7.15%,0.87,-8.03%,60.42%,0.04037911167132746,-0.050864032842775075,3.32,6.92%,0.33%,127.44,37,27.03%,-1.51%,-1.04%,-6.68%,1.49%,False
conf_1m_cdi_00_20_40_40,1,8,0.00%,20.00%,40.00%,40.00%,25.00%,40.00%,-1.84%,48,25.98%,25.54%,5.85%,7.01%,0.83,-8.03%,60.42%,0.04037911167132746,-0.050864032842775075,3.50,7.30%,0.35%,125.54,37,27.03%,-1.90%,-1.04%,-8.59%,1.49%,False
conf_1m_cdi_00_20_40_50,1,8,0.00%,20.00%,40.00%,50.00%,27.50%,50.00%,-2.24%,48,24.11%,23.66%,5.45%,6.90%,0.79,-8.03%,60.42%,0.04037911167132746,-0.050864032842775075,3.69,7.70%,0.37%,123.66,37,27.03%,-2.28%,-1.04%,-10.47%,1.49%,False
conf_1m_cdi_00_20_50_00,1,8,0.00%,20.00%,50.00%,0.00%,17.50%,50.00%,-0.18%,48,34.10%,33.60%,7.51%,7.66%,0.98,-8.03%,60.42%,0.051505551784493786,-0.050864032842775075,3.72,7.75%,0.37%,133.60,37,40.54%,-0.25%,-0.38%,-1.65%,1.83%,False
conf_1m_cdi_00_20_50_10,1,8,0.00%,20.00%,50.00%,10.00%,20.00%,50.00%,-0.57%,48,32.15%,31.68%,7.12%,7.47%,0.95,-8.03%,60.42%,0.046512900945293145,-0.050864032842775075,3.52,7.33%,0.35%,131.68,37,32.43%,-0.63%,-0.99%,-2.85%,1.83%,False
conf_1m_cdi_00_20_50_20,1,8,0.00%,20.00%,50.00%,20.00%,22.50%,50.00%,-0.96%,48,30.21%,29.78%,6.73%,7.29%,0.92,-8.03%,60.42%,0.04152069542759018,-0.050864032842775075,3.35,6.98%,0.33%,129.78,37,32.43%,-1.01%,-1.04%,-4.75%,1.83%,False
conf_1m_cdi_00_20_50_30,1,8,0.00%,20.00%,50.00%,30.00%,25.00%,50.00%,-1.36%,48,28.30%,27.85%,6.34%,7.14%,0.89,-8.03%,60.42%,0.04037911167132746,-0.050864032842775075,3.51,7.32%,0.35%,127.85,37,32.43%,-1.40%,-1.04%,-6.68%,1.83%,False
conf_1m_cdi_00_20_50_40,1,8,0.00%,20.00%,50.00%,40.00%,27.50%,50.00%,-1.76%,48,26.41%,25.94%,5.94%,7.00%,0.85,-8.03%,60.42%,0.04037911167132746,-0.050864032842775075,3.69,7.70%,0.37%,125.94,37,32.43%,-1.79%,-1.04%,-8.59%,1.83%,False
conf_1m_cdi_00_20_50_50,1,8,0.00%,20.00%,50.00%,50.00%,30.00%,50.00%,-2.16%,48,24.54%,24.05%,5.54%,6.88%,0.80,-8.03%,60.42%,0.04037911167132746,-0.050864032842775075,3.89,8.09%,0.39%,124.05,37,32.43%,-2.17%,-1.04%,-10.47%,1.83%,False
conf_1m_cdi_00_30_00_00,1,8,0.00%,30.00%,0.00%,0.00%,7.50%,30.00%,-0.94%,48,30.46%,29.90%,6.76%,7.45%,0.91,-8.03%,58.33%,0.051505551784493786,-0.050864032842775075,4.32,9.00%,0.43%,129.90,37,5.41%,-1.28%,-1.17%,-3.03%,0.20%,False
conf_1m_cdi_00_30_00_10,1,8,0.00%,30.00%,0.00%,10.00%,10.00%,30.00%,-1.32%,48,28.56%,28.03%,6.37%,7.25%,0.88,-8.03%,58.33%,0.046512900945293145,-0.050864032842775075,4.12,8.58%,0.41%,128.03,37,5.41%,-1.66%,-1.29%,-4.78%,0.20%,False
conf_1m_cdi_00_30_00_20,1,8,0.00%,30.00%,0.00%,20.00%,12.50%,30.00%,-1.71%,48,26.68%,26.19%,5.99%,7.07%,0.85,-8.03%,58.33%,0.04152069542759018,-0.050864032842775075,3.92,8.16%,0.39%,126.19,37,5.41%,-2.04%,-1.29%,-6.65%,0.20%,False
conf_1m_cdi_00_30_00_30,1,8,0.00%,30.00%,0.00%,30.00%,15.00%,30.00%,-2.10%,48,24.82%,24.35%,5.60%,6.90%,0.81,-8.03%,58.33%,0.03652893371422139,-0.050864032842775075,3.74,7.80%,0.37%,124.35,37,5.41%,-2.41%,-1.29%,-8.51%,0.20%,False
conf_1m_cdi_00_30_00_40,1,8,0.00%,30.00%,0.00%,40.00%,17.50%,40.00%,-2.49%,48,22.98%,22.50%,5.20%,6.76%,0.77,-8.03%,58.33%,0.03634410070713967,-0.050864032842775075,3.90,8.13%,0.39%,122.50,37,5.41%,-2.79%,-1.29%,-10.38%,0.20%,False
conf_1m_cdi_00_30_00_50,1,8,0.00%,30.00%,0.00%,50.00%,20.00%,50.00%,-2.89%,48,21.16%,20.66%,4.81%,6.63%,0.73,-8.03%,58.33%,0.03634410070713967,-0.050864032842775075,4.09,8.52%,0.41%,120.66,37,5.41%,-3.17%,-1.29%,-12.24%,0.20%,False
conf_1m_cdi_00_30_10_00,1,8,0.00%,30.00%,10.00%,0.00%,10.00%,30.00%,-0.84%,48,30.91%,30.37%,6.86%,7.42%,0.92,-8.03%,58.33%,0.051505551784493786,-0.050864032842775075,4.11,8.56%,0.41%,130.37,37,8.11%,-1.15%,-1.11%,-2.89%,0.58%,False
conf_1m_cdi_00_30_10_10,1,8,0.00%,30.00%,10.00%,10.00%,12.50%,30.00%,-1.23%,48,29.01%,28.50%,6.47%,7.22%,0.90,-8.03%,58.33%,0.046512900945293145,-0.050864032842775075,3.91,8.14%,0.39%,128.50,37,8.11%,-1.54%,-1.24%,-4.78%,0.58%,False
conf_1m_cdi_00_30_10_20,1,8,0.00%,30.00%,10.00%,20.00%,15.00%,30.00%,-1.61%,48,27.12%,26.65%,6.08%,7.04%,0.86,-8.03%,58.33%,0.04152069542759018,-0.050864032842775075,3.70,7.72%,0.37%,126.65,37,8.11%,-1.91%,-1.24%,-6.65%,0.58%,False
conf_1m_cdi_00_30_10_30,1,8,0.00%,30.00%,10.00%,30.00%,17.50%,30.00%,-2.00%,48,25.25%,24.81%,5.70%,6.87%,0.83,-8.03%,58.33%,0.03652893371422139,-0.050864032842775075,3.53,7.36%,0.35%,124.81,37,8.11%,-2.29%,-1.24%,-8.51%,0.58%,False
conf_1m_cdi_00_30_10_40,1,8,0.00%,30.00%,10.00%,40.00%,20.00%,40.00%,-2.39%,48,23.41%,22.95%,5.30%,6.72%,0.79,-8.03%,58.33%,0.03634410070713967,-0.050864032842775075,3.69,7.69%,0.37%,122.95,37,8.11%,-2.67%,-1.24%,-10.38%,0.58%,False
conf_1m_cdi_00_30_10_50,1,8,0.00%,30.00%,10.00%,50.00%,22.50%,50.00%,-2.79%,48,21.58%,21.11%,4.90%,6.60%,0.74,-8.03%,58.33%,0.03634410070713967,-0.050864032842775075,3.88,8.08%,0.39%,121.11,37,8.11%,-3.05%,-1.24%,-12.24%,0.58%,False
conf_1m_cdi_00_30_20_00,1,8,0.00%,30.00%,20.00%,0.00%,12.50%,30.00%,-0.74%,48,31.36%,30.85%,6.95%,7.39%,0.94,-8.03%,58.33%,0.051505551784493786,-0.050864032842775075,3.90,8.12%,0.39%,130.85,37,13.51%,-1.03%,-0.96%,-2.89%,0.96%,False
conf_1m_cdi_00_30_20_10,1,8,0.00%,30.00%,20.00%,10.00%,15.00%,30.00%,-1.13%,48,29.45%,28.97%,6.57%,7.19%,0.91,-8.03%,58.33%,0.046512900945293145,-0.050864032842775075,3.70,7.70%,0.37%,128.97,37,13.51%,-1.41%,-1.24%,-4.78%,0.96%,False
conf_1m_cdi_00_30_20_20,1,8,0.00%,30.00%,20.00%,20.00%,17.50%,30.00%,-1.51%,48,27.56%,27.11%,6.18%,7.01%,0.88,-8.03%,58.33%,0.04152069542759018,-0.050864032842775075,3.49,7.28%,0.35%,127.11,37,13.51%,-1.79%,-1.24%,-6.65%,0.96%,False
conf_1m_cdi_00_30_20_30,1,8,0.00%,30.00%,20.00%,30.00%,20.00%,30.00%,-1.90%,48,25.68%,25.27%,5.79%,6.84%,0.85,-8.03%,58.33%,0.03652893371422139,-0.050864032842775075,3.32,6.92%,0.33%,125.27,37,13.51%,-2.16%,-1.24%,-8.51%,0.96%,False
conf_1m_cdi_00_30_20_40,1,8,0.00%,30.00%,20.00%,40.00%,22.50%,40.00%,-2.30%,48,23.83%,23.40%,5.40%,6.69%,0.81,-8.03%,58.33%,0.03634410070713967,-0.050864032842775075,3.48,7.26%,0.35%,123.40,37,13.51%,-2.54%,-1.24%,-10.38%,0.96%,False
conf_1m_cdi_00_30_20_50,1,8,0.00%,30.00%,20.00%,50.00%,25.00%,50.00%,-2.70%,48,22.00%,21.55%,5.00%,6.57%,0.76,-8.03%,58.33%,0.03634410070713967,-0.050864032842775075,3.67,7.64%,0.37%,121.55,37,13.51%,-2.92%,-1.24%,-12.24%,0.96%,False
conf_1m_cdi_00_30_30_00,1,8,0.00%,30.00%,30.00%,0.00%,15.00%,30.00%,-0.65%,48,31.81%,31.32%,7.05%,7.37%,0.96,-8.03%,60.42%,0.051505551784493786,-0.050864032842775075,3.73,7.76%,0.37%,131.32,37,18.92%,-0.90%,-0.96%,-2.89%,1.34%,False
conf_1m_cdi_00_30_30_10,1,8,0.00%,30.00%,30.00%,10.00%,17.50%,30.00%,-1.03%,48,29.89%,29.44%,6.66%,7.17%,0.93,-8.03%,60.42%,0.046512900945293145,-0.050864032842775075,3.52,7.34%,0.35%,129.44,37,18.92%,-1.29%,-1.22%,-4.78%,1.34%,False
conf_1m_cdi_00_30_30_20,1,8,0.00%,30.00%,30.00%,20.00%,20.00%,30.00%,-1.42%,48,28.00%,27.57%,6.28%,6.98%,0.90,-8.03%,60.42%,0.04152069542759018,-0.050864032842775075,3.32,6.92%,0.33%,127.57,37,18.92%,-1.66%,-1.22%,-6.65%,1.34%,False
conf_1m_cdi_00_30_30_30,1,8,0.00%,30.00%,30.00%,30.00%,22.50%,30.00%,-1.81%,48,26.12%,25.72%,5.89%,6.82%,0.86,-8.03%,60.42%,0.03652893371422139,-0.050864032842775075,3.15,6.56%,0.31%,125.72,37,18.92%,-2.04%,-1.22%,-8.51%,1.34%,False
conf_1m_cdi_00_30_30_40,1,8,0.00%,30.00%,30.00%,40.00%,25.00%,40.00%,-2.20%,48,24.26%,23.85%,5.49%,6.67%,0.82,-8.03%,60.42%,0.03634410070713967,-0.050864032842775075,3.31,6.90%,0.33%,123.85,37,18.92%,-2.42%,-1.22%,-10.38%,1.34%,False
conf_1m_cdi_00_30_30_50,1,8,0.00%,30.00%,30.00%,50.00%,27.50%,50.00%,-2.60%,48,22.42%,21.99%,5.09%,6.54%,0.78,-8.03%,60.42%,0.03634410070713967,-0.050864032842775075,3.49,7.28%,0.35%,121.99,37,18.92%,-2.80%,-1.22%,-12.24%,1.34%,False
conf_1m_cdi_00_30_40_00,1,8,0.00%,30.00%,40.00%,0.00%,17.50%,40.00%,-0.56%,48,32.27%,31.75%,7.14%,7.34%,0.97,-8.03%,60.42%,0.051505551784493786,-0.050864032842775075,3.89,8.10%,0.39%,131.75,37,24.32%,-0.79%,-0.89%,-2.89%,1.69%,False
conf_1m_cdi_00_30_40_10,1,8,0.00%,30.00%,40.00%,10.00%,20.00%,40.00%,-0.95%,48,30.34%,29.86%,6.75%,7.14%,0.94,-8.03%,60.42%,0.046512900945293145,-0.050864032842775075,3.69,7.68%,0.37%,129.86,37,24.32%,-1.17%,-1.22%,-4.78%,1.69%,False
conf_1m_cdi_00_30_40_20,1,8,0.00%,30.00%,40.00%,20.00%,22.50%,40.00%,-1.33%,48,28.43%,27.99%,6.36%,6.96%,0.91,-8.03%,60.42%,0.04152069542759018,-0.050864032842775075,3.49,7.26%,0.35%,127.99,37,24.32%,-1.55%,-1.22%,-6.65%,1.69%,False
conf_1m_cdi_00_30_40_30,1,8,0.00%,30.00%,40.00%,30.00%,25.00%,40.00%,-1.72%,48,26.55%,26.13%,5.98%,6.79%,0.88,-8.03%,60.42%,0.03652893371422139,-0.050864032842775075,3.31,6.90%,0.33%,126.13,37,24.32%,-1.93%,-1.22%,-8.51%,1.69%,False
conf_1m_cdi_00_30_40_40,1,8,0.00%,30.00%,40.00%,40.00%,27.50%,40.00%,-2.12%,48,24.68%,24.25%,5.58%,6.65%,0.84,-8.03%,60.42%,0.03634410070713967,-0.050864032842775075,3.47,7.24%,0.35%,124.25,37,24.32%,-2.31%,-1.22%,-10.38%,1.69%,False
conf_1m_cdi_00_30_40_50,1,8,0.00%,30.00%,40.00%,50.00%,30.00%,50.00%,-2.52%,48,22.84%,22.39%,5.18%,6.52%,0.79,-8.03%,60.42%,0.03634410070713967,-0.050864032842775075,3.66,7.62%,0.37%,122.39,37,24.32%,-2.69%,-1.22%,-12.24%,1.69%,False
conf_1m_cdi_00_30_50_00,1,8,0.00%,30.00%,50.00%,0.00%,20.00%,50.00%,-0.47%,48,32.72%,32.18%,7.22%,7.33%,0.99,-8.03%,60.42%,0.051505551784493786,-0.050864032842775075,4.08,8.50%,0.41%,132.18,37,24.32%,-0.68%,-0.89%,-2.89%,2.03%,False
conf_1m_cdi_00_30_50_10,1,8,0.00%,30.00%,50.00%,10.00%,22.50%,50.00%,-0.86%,48,30.79%,30.28%,6.84%,7.13%,0.96,-8.03%,60.42%,0.046512900945293145,-0.050864032842775075,3.88,8.08%,0.39%,130.28,37,24.32%,-1.06%,-1.17%,-4.78%,2.03%,False
conf_1m_cdi_00_30_50_20,1,8,0.00%,30.00%,50.00%,20.00%,25.00%,50.00%,-1.25%,48,28.87%,28.40%,6.45%,6.94%,0.93,-8.03%,60.42%,0.04152069542759018,-0.050864032842775075,3.68,7.66%,0.37%,128.40,37,24.32%,-1.44%,-1.17%,-6.65%,2.03%,False
conf_1m_cdi_00_30_50_30,1,8,0.00%,30.00%,50.00%,30.00%,27.50%,50.00%,-1.63%,48,26.98%,26.54%,6.06%,6.78%,0.89,-8.03%,60.42%,0.03652893371422139,-0.050864032842775075,3.50,7.30%,0.35%,126.54,37,24.32%,-1.81%,-1.17%,-8.51%,2.03%,False
conf_1m_cdi_00_30_50_40,1,8,0.00%,30.00%,50.00%,40.00%,30.00%,50.00%,-2.03%,48,25.11%,24.65%,5.66%,6.63%,0.85,-8.03%,60.42%,0.03634410070713967,-0.050864032842775075,3.66,7.63%,0.37%,124.65,37,24.32%,-2.20%,-1.17%,-10.38%,2.03%,False
conf_1m_cdi_00_30_50_50,1,8,0.00%,30.00%,50.00%,50.00%,32.50%,50.00%,-2.43%,48,23.26%,22.78%,5.26%,6.50%,0.81,-8.03%,60.42%,0.03634410070713967,-0.050864032842775075,3.85,8.02%,0.38%,122.78,37,24.32%,-2.57%,-1.17%,-12.24%,2.03%,False
conf_1m_cdi_00_40_00_00,1,8,0.00%,40.00%,0.00%,0.00%,10.00%,40.00%,-1.24%,48,29.10%,28.44%,6.46%,7.15%,0.90,-8.03%,62.50%,0.051505551784493786,-0.050864032842775075,5.08,10.59%,0.51%,128.44,37,5.41%,-1.72%,-1.36%,-4.83%,0.35%,False
conf_1m_cdi_00_40_00_10,1,8,0.00%,40.00%,0.00%,10.00%,12.50%,40.00%,-1.62%,48,27.22%,26.60%,6.07%,6.95%,0.87,-8.03%,62.50%,0.046512900945293145,-0.050864032842775075,4.88,10.17%,0.49%,126.60,37,5.41%,-2.10%,-1.40%,-6.69%,0.35%,False
conf_1m_cdi_00_40_00_20,1,8,0.00%,40.00%,0.00%,20.00%,15.00%,40.00%,-2.01%,48,25.36%,24.77%,5.69%,6.75%,0.84,-8.03%,62.50%,0.04152069542759018,-0.050864032842775075,4.68,9.75%,0.47%,124.77,37,5.41%,-2.48%,-1.40%,-8.53%,0.35%,False
conf_1m_cdi_00_40_00_30,1,8,0.00%,40.00%,0.00%,30.00%,17.50%,40.00%,-2.39%,48,23.52%,22.97%,5.30%,6.58%,0.81,-8.03%,62.50%,0.03652893371422139,-0.050864032842775075,4.48,9.33%,0.45%,122.97,37,5.41%,-2.85%,-1.40%,-10.36%,0.35%,False
conf_1m_cdi_00_40_00_40,1,8,0.00%,40.00%,0.00%,40.00%,20.00%,40.00%,-2.78%,48,21.70%,21.18%,4.92%,6.43%,0.77,-8.03%,62.50%,0.03623977751744234,-0.050864032842775075,4.30,8.95%,0.43%,121.18,37,5.41%,-3.21%,-1.40%,-12.16%,0.35%,False
conf_1m_cdi_00_40_00_50,1,8,0.00%,40.00%,0.00%,50.00%,22.50%,50.00%,-3.17%,48,19.90%,19.36%,4.52%,6.29%,0.72,-8.03%,62.50%,0.03623977751744234,-0.050864032842775075,4.46,9.29%,0.45%,119.36,37,5.41%,-3.59%,-1.40%,-13.99%,0.35%,False
conf_1m_cdi_00_40_10_00,1,8,0.00%,40.00%,10.00%,0.00%,12.50%,40.00%,-1.14%,48,29.55%,28.92%,6.56%,7.12%,0.92,-8.03%,62.50%,0.051505551784493786,-0.050864032842775075,4.87,10.15%,0.49%,128.92,37,8.11%,-1.60%,-1.34%,-4.83%,0.73%,False
conf_1m_cdi_00_40_10_10,1,8,0.00%,40.00%,10.00%,10.00%,15.00%,40.00%,-1.52%,48,27.66%,27.06%,6.17%,6.91%,0.89,-8.03%,62.50%,0.046512900945293145,-0.050864032842775075,4.67,9.73%,0.47%,127.06,37,8.11%,-1.98%,-1.39%,-6.69%,0.73%,False
conf_1m_cdi_00_40_10_20,1,8,0.00%,40.00%,10.00%,20.00%,17.50%,40.00%,-1.91%,48,25.79%,25.23%,5.79%,6.72%,0.86,-8.03%,62.50%,0.04152069542759018,-0.050864032842775075,4.47,9.31%,0.45%,125.23,37,8.11%,-2.35%,-1.39%,-8.53%,0.73%,False
conf_1m_cdi_00_40_10_30,1,8,0.00%,40.00%,10.00%,30.00%,20.00%,40.00%,-2.29%,48,23.95%,23.42%,5.40%,6.55%,0.83,-8.03%,62.50%,0.03652893371422139,-0.050864032842775075,4.27,8.89%,0.43%,123.42,37,8.11%,-2.72%,-1.39%,-10.36%,0.73%,False
conf_1m_cdi_00_40_10_40,1,8,0.00%,40.00%,10.00%,40.00%,22.50%,40.00%,-2.68%,48,22.12%,21.62%,5.01%,6.39%,0.78,-8.03%,62.50%,0.03623977751744234,-0.050864032842775075,4.09,8.52%,0.41%,121.62,37,8.11%,-3.09%,-1.39%,-12.16%,0.73%,False
conf_1m_cdi_00_40_10_50,1,8,0.00%,40.00%,10.00%,50.00%,25.00%,50.00%,-3.08%,48,20.31%,19.80%,4.62%,6.26%,0.74,-8.03%,62.50%,0.03623977751744234,-0.050864032842775075,4.25,8.85%,0.42%,119.80,37,8.11%,-3.46%,-1.39%,-13.99%,0.73%,False
conf_1m_cdi_00_40_20_00,1,8,0.00%,40.00%,20.00%,0.00%,15.00%,40.00%,-1.04%,48,29.99%,29.39%,6.65%,7.09%,0.94,-8.03%,62.50%,0.051505551784493786,-0.050864032842775075,4.66,9.72%,0.47%,129.39,37,10.81%,-1.47%,-1.26%,-4.83%,1.12%,False
conf_1m_cdi_00_40_20_10,1,8,0.00%,40.00%,20.00%,10.00%,17.50%,40.00%,-1.43%,48,28.10%,27.53%,6.27%,6.88%,0.91,-8.03%,62.50%,0.046512900945293145,-0.050864032842775075,4.46,9.30%,0.45%,127.53,37,10.81%,-1.85%,-1.34%,-6.69%,1.12%,False
conf_1m_cdi_00_40_20_20,1,8,0.00%,40.00%,20.00%,20.00%,20.00%,40.00%,-1.81%,48,26.23%,25.69%,5.88%,6.69%,0.88,-8.03%,62.50%,0.04152069542759018,-0.050864032842775075,4.26,8.87%,0.43%,125.69,37,10.81%,-2.23%,-1.34%,-8.53%,1.12%,False
conf_1m_cdi_00_40_20_30,1,8,0.00%,40.00%,20.00%,30.00%,22.50%,40.00%,-2.20%,48,24.37%,23.87%,5.50%,6.52%,0.84,-8.03%,62.50%,0.03652893371422139,-0.050864032842775075,4.06,8.45%,0.41%,123.87,37,10.81%,-2.60%,-1.34%,-10.36%,1.12%,False
conf_1m_cdi_00_40_20_40,1,8,0.00%,40.00%,20.00%,40.00%,25.00%,40.00%,-2.58%,48,22.54%,22.06%,5.11%,6.36%,0.80,-8.03%,62.50%,0.03623977751744234,-0.050864032842775075,3.88,8.08%,0.39%,122.06,37,10.81%,-2.96%,-1.34%,-12.16%,1.12%,False
conf_1m_cdi_00_40_20_50,1,8,0.00%,40.00%,20.00%,50.00%,27.50%,50.00%,-2.98%,48,20.72%,20.24%,4.72%,6.23%,0.76,-8.03%,62.50%,0.03623977751744234,-0.050864032842775075,4.04,8.41%,0.40%,120.24,37,10.81%,-3.34%,-1.34%,-13.99%,1.12%,False
conf_1m_cdi_00_40_30_00,1,8,0.00%,40.00%,30.00%,0.00%,17.50%,40.00%,-0.95%,48,30.44%,29.86%,6.75%,7.07%,0.95,-8.03%,64.58%,0.051505551784493786,-0.050864032842775075,4.45,9.28%,0.45%,129.86,37,13.51%,-1.35%,-1.24%,-4.83%,1.50%,False
conf_1m_cdi_00_40_30_10,1,8,0.00%,40.00%,30.00%,10.00%,20.00%,40.00%,-1.33%,48,28.54%,27.99%,6.36%,6.86%,0.93,-8.03%,64.58%,0.046512900945293145,-0.050864032842775075,4.25,8.86%,0.43%,127.99,37,13.51%,-1.73%,-1.34%,-6.69%,1.50%,False
conf_1m_cdi_00_40_30_20,1,8,0.00%,40.00%,30.00%,20.00%,22.50%,40.00%,-1.72%,48,26.66%,26.15%,5.98%,6.67%,0.90,-8.03%,64.58%,0.04152069542759018,-0.050864032842775075,4.05,8.44%,0.40%,126.15,37,13.51%,-2.10%,-1.34%,-8.53%,1.50%,False
conf_1m_cdi_00_40_30_30,1,8,0.00%,40.00%,30.00%,30.00%,25.00%,40.00%,-2.10%,48,24.80%,24.32%,5.59%,6.49%,0.86,-8.03%,64.58%,0.03652893371422139,-0.050864032842775075,3.85,8.01%,0.38%,124.32,37,13.51%,-2.47%,-1.34%,-10.36%,1.50%,False
conf_1m_cdi_00_40_30_40,1,8,0.00%,40.00%,30.00%,40.00%,27.50%,40.00%,-2.49%,48,22.96%,22.51%,5.21%,6.34%,0.82,-8.03%,64.58%,0.03623977751744234,-0.050864032842775075,3.67,7.64%,0.37%,122.51,37,13.51%,-2.84%,-1.34%,-12.16%,1.50%,False
conf_1m_cdi_00_40_30_50,1,8,0.00%,40.00%,30.00%,50.00%,30.00%,50.00%,-2.88%,48,21.14%,20.68%,4.81%,6.20%,0.78,-8.03%,64.58%,0.03623977751744234,-0.050864032842775075,3.83,7.97%,0.38%,120.68,37,13.51%,-3.21%,-1.34%,-13.99%,1.50%,False
conf_1m_cdi_00_40_40_00,1,8,0.00%,40.00%,40.00%,0.00%,20.00%,40.00%,-0.85%,48,30.89%,30.33%,6.85%,7.05%,0.97,-8.03%,64.58%,0.051505551784493786,-0.050864032842775075,4.28,8.91%,0.43%,130.33,37,21.62%,-1.23%,-1.24%,-4.83%,1.89%,False
conf_1m_cdi_00_40_40_10,1,8,0.00%,40.00%,40.00%,10.00%,22.50%,40.00%,-1.24%,48,28.98%,28.46%,6.46%,6.84%,0.95,-8.03%,64.58%,0.046512900945293145,-0.050864032842775075,4.08,8.49%,0.41%,128.46,37,21.62%,-1.60%,-1.34%,-6.69%,1.89%,False
conf_1m_cdi_00_40_40_20,1,8,0.00%,40.00%,40.00%,20.00%,25.00%,40.00%,-1.62%,48,27.09%,26.60%,6.07%,6.64%,0.91,-8.03%,64.58%,0.04152069542759018,-0.050864032842775075,3.87,8.07%,0.39%,126.60,37,21.62%,-1.98%,-1.34%,-8.53%,1.89%,False
conf_1m_cdi_00_40_40_30,1,8,0.00%,40.00%,40.00%,30.00%,27.50%,40.00%,-2.01%,48,25.23%,24.77%,5.69%,6.47%,0.88,-8.03%,64.58%,0.03652893371422139,-0.050864032842775075,3.67,7.65%,0.37%,124.77,37,21.62%,-2.35%,-1.34%,-10.36%,1.89%,False
conf_1m_cdi_00_40_40_40,1,8,0.00%,40.00%,40.00%,40.00%,30.00%,40.00%,-2.39%,48,23.38%,22.95%,5.30%,6.31%,0.84,-8.03%,64.58%,0.03623977751744234,-0.050864032842775075,3.49,7.27%,0.35%,122.95,37,21.62%,-2.72%,-1.34%,-12.16%,1.89%,False
conf_1m_cdi_00_40_40_50,1,8,0.00%,40.00%,40.00%,50.00%,32.50%,50.00%,-2.79%,48,21.55%,21.11%,4.90%,6.18%,0.79,-8.03%,64.58%,0.03623977751744234,-0.050864032842775075,3.65,7.61%,0.37%,121.11,37,21.62%,-3.09%,-1.34%,-13.99%,1.89%,False
conf_1m_cdi_00_40_50_00,1,8,0.00%,40.00%,50.00%,0.00%,22.50%,50.00%,-0.76%,48,31.33%,30.75%,6.93%,7.03%,0.99,-8.03%,64.58%,0.051505551784493786,-0.050864032842775075,4.45,9.26%,0.44%,130.75,37,21.62%,-1.11%,-1.24%,-4.83%,2.23%,False
conf_1m_cdi_00_40_50_10,1,8,0.00%,40.00%,50.00%,10.00%,25.00%,50.00%,-1.15%,48,29.42%,28.87%,6.55%,6.82%,0.96,-8.03%,64.58%,0.046512900945293145,-0.050864032842775075,4.24,8.84%,0.42%,128.87,37,21.62%,-1.49%,-1.31%,-6.69%,2.23%,False
conf_1m_cdi_00_40_50_20,1,8,0.00%,40.00%,50.00%,20.00%,27.50%,50.00%,-1.53%,48,27.53%,27.01%,6.16%,6.62%,0.93,-8.03%,64.58%,0.04152069542759018,-0.050864032842775075,4.04,8.42%,0.40%,127.01,37,21.62%,-1.86%,-1.31%,-8.53%,2.23%,False
conf_1m_cdi_00_40_50_30,1,8,0.00%,40.00%,50.00%,30.00%,30.00%,50.00%,-1.92%,48,25.66%,25.17%,5.77%,6.45%,0.90,-8.03%,64.58%,0.03652893371422139,-0.050864032842775075,3.84,7.99%,0.38%,125.17,37,21.62%,-2.24%,-1.31%,-10.36%,2.23%,False
conf_1m_cdi_00_40_50_40,1,8,0.00%,40.00%,50.00%,40.00%,32.50%,50.00%,-2.31%,48,23.80%,23.35%,5.39%,6.29%,0.86,-8.03%,64.58%,0.03623977751744234,-0.050864032842775075,3.66,7.62%,0.37%,123.35,37,21.62%,-2.60%,-1.31%,-12.16%,2.23%,False
conf_1m_cdi_00_40_50_50,1,8,0.00%,40.00%,50.00%,50.00%,35.00%,50.00%,-2.71%,48,21.97%,21.50%,4.99%,6.16%,0.81,-8.03%,64.58%,0.03623977751744234,-0.050864032842775075,3.82,7.96%,0.38%,121.50,37,21.62%,-2.98%,-1.31%,-13.99%,2.23%,False
conf_1m_cdi_00_50_00_00,1,8,0.00%,50.00%,0.00%,0.00%,12.50%,50.00%,-1.54%,48,27.74%,26.99%,6.16%,6.90%,0.89,-8.03%,64.58%,0.051505551784493786,-0.050864032842775075,5.85,12.18%,0.58%,126.99,37,8.11%,-2.17%,-1.67%,-6.74%,0.51%,False
conf_1m_cdi_00_50_00_10,1,8,0.00%,50.00%,0.00%,10.00%,15.00%,50.00%,-1.92%,48,25.88%,25.17%,5.77%,6.68%,0.86,-8.03%,64.58%,0.046512900945293145,-0.050864032842775075,5.65,11.76%,0.56%,125.17,37,8.11%,-2.54%,-1.67%,-8.58%,0.51%,False
conf_1m_cdi_00_50_00_20,1,8,0.00%,50.00%,0.00%,20.00%,17.50%,50.00%,-2.31%,48,24.04%,23.36%,5.39%,6.48%,0.83,-8.03%,64.58%,0.04152069542759018,-0.050864032842775075,5.44,11.34%,0.54%,123.36,37,8.11%,-2.91%,-1.67%,-10.39%,0.51%,False
conf_1m_cdi_00_50_00_30,1,8,0.00%,50.00%,0.00%,30.00%,20.00%,50.00%,-2.69%,48,22.21%,21.58%,5.01%,6.29%,0.80,-8.03%,64.58%,0.03652893371422139,-0.050864032842775075,5.24,10.91%,0.52%,121.58,37,8.11%,-3.28%,-1.67%,-12.19%,0.51%,False
conf_1m_cdi_00_50_00_40,1,8,0.00%,50.00%,0.00%,40.00%,22.50%,50.00%,-3.07%,48,20.41%,19.81%,4.62%,6.13%,0.75,-8.03%,64.58%,0.03613590102586617,-0.050864032842775075,5.03,10.48%,0.50%,119.81,37,8.11%,-3.64%,-1.67%,-13.97%,0.51%,False
conf_1m_cdi_00_50_00_50,1,8,0.00%,50.00%,0.00%,50.00%,25.00%,50.00%,-3.46%,48,18.63%,18.05%,4.24%,5.99%,0.71,-8.03%,64.58%,0.03613590102586617,-0.050864032842775075,4.85,10.10%,0.48%,118.05,37,8.11%,-4.00%,-1.67%,-15.73%,0.51%,False
conf_1m_cdi_00_50_10_00,1,8,0.00%,50.00%,10.00%,0.00%,15.00%,50.00%,-1.44%,48,28.18%,27.46%,6.25%,6.86%,0.91,-8.03%,64.58%,0.051505551784493786,-0.050864032842775075,5.64,11.74%,0.56%,127.46,37,8.11%,-2.04%,-1.50%,-6.74%,0.89%,False
conf_1m_cdi_00_50_10_10,1,8,0.00%,50.00%,10.00%,10.00%,17.50%,50.00%,-1.83%,48,26.31%,25.63%,5.87%,6.64%,0.88,-8.03%,64.58%,0.046512900945293145,-0.050864032842775075,5.43,11.32%,0.54%,125.63,37,8.11%,-2.42%,-1.50%,-8.58%,0.89%,False
conf_1m_cdi_00_50_10_20,1,8,0.00%,50.00%,10.00%,20.00%,20.00%,50.00%,-2.21%,48,24.46%,23.81%,5.49%,6.44%,0.85,-8.03%,64.58%,0.04152069542759018,-0.050864032842775075,5.23,10.90%,0.52%,123.81,37,8.11%,-2.79%,-1.50%,-10.39%,0.89%,False
conf_1m_cdi_00_50_10_30,1,8,0.00%,50.00%,10.00%,30.00%,22.50%,50.00%,-2.59%,48,22.64%,22.02%,5.10%,6.26%,0.81,-8.03%,64.58%,0.03652893371422139,-0.050864032842775075,5.03,10.48%,0.50%,122.02,37,8.11%,-3.15%,-1.50%,-12.19%,0.89%,False
conf_1m_cdi_00_50_10_40,1,8,0.00%,50.00%,10.00%,40.00%,25.00%,50.00%,-2.98%,48,20.83%,20.25%,4.72%,6.10%,0.77,-8.03%,64.58%,0.03613590102586617,-0.050864032842775075,4.82,10.05%,0.48%,120.25,37,8.11%,-3.52%,-1.50%,-13.97%,0.89%,False
conf_1m_cdi_00_50_10_50,1,8,0.00%,50.00%,10.00%,50.00%,27.50%,50.00%,-3.36%,48,19.04%,18.49%,4.33%,5.95%,0.73,-8.03%,64.58%,0.03613590102586617,-0.050864032842775075,4.64,9.66%,0.46%,118.49,37,8.11%,-3.88%,-1.50%,-15.73%,0.89%,False
conf_1m_cdi_00_50_20_00,1,8,0.00%,50.00%,20.00%,0.00%,17.50%,50.00%,-1.35%,48,28.62%,27.92%,6.35%,6.83%,0.93,-8.03%,64.58%,0.051505551784493786,-0.050864032842775075,5.43,11.30%,0.54%,127.92,37,10.81%,-1.92%,-1.50%,-6.74%,1.28%,False
conf_1m_cdi_00_50_20_10,1,8,0.00%,50.00%,20.00%,10.00%,20.00%,50.00%,-1.73%,48,26.75%,26.09%,5.97%,6.62%,0.90,-8.03%,64.58%,0.046512900945293145,-0.050864032842775075,5.22,10.88%,0.52%,126.09,37,10.81%,-2.29%,-1.50%,-8.58%,1.28%,False
conf_1m_cdi_00_50_20_20,1,8,0.00%,50.00%,20.00%,20.00%,22.50%,50.00%,-2.11%,48,24.89%,24.27%,5.58%,6.41%,0.87,-8.03%,64.58%,0.04152069542759018,-0.050864032842775075,5.02,10.46%,0.50%,124.27,37,10.81%,-2.66%,-1.50%,-10.39%,1.28%,False
conf_1m_cdi_00_50_20_30,1,8,0.00%,50.00%,20.00%,30.00%,25.00%,50.00%,-2.50%,48,23.06%,22.47%,5.20%,6.23%,0.83,-8.03%,64.58%,0.03652893371422139,-0.050864032842775075,4.82,10.04%,0.48%,122.47,37,10.81%,-3.03%,-1.50%,-12.19%,1.28%,False
conf_1m_cdi_00_50_20_40,1,8,0.00%,50.00%,20.00%,40.00%,27.50%,50.00%,-2.88%,48,21.24%,20.69%,4.81%,6.07%,0.79,-8.03%,64.58%,0.03613590102586617,-0.050864032842775075,4.61,9.61%,0.46%,120.69,37,10.81%,-3.39%,-1.50%,-13.97%,1.28%,False
conf_1m_cdi_00_50_20_50,1,8,0.00%,50.00%,20.00%,50.00%,30.00%,50.00%,-3.27%,48,19.45%,18.92%,4.43%,5.92%,0.75,-8.03%,64.58%,0.03613590102586617,-0.050864032842775075,4.43,9.22%,0.44%,118.92,37,10.81%,-3.75%,-1.50%,-15.73%,1.28%,False
conf_1m_cdi_00_50_30_00,1,8,0.00%,50.00%,30.00%,0.00%,20.00%,50.00%,-1.25%,48,29.06%,28.39%,6.45%,6.81%,0.95,-8.03%,66.67%,0.051505551784493786,-0.050864032842775075,5.22,10.87%,0.52%,128.39,37,13.51%,-1.79%,-1.42%,-6.74%,1.66%,False
conf_1m_cdi_00_50_30_10,1,8,0.00%,50.00%,30.00%,10.00%,22.50%,50.00%,-1.63%,48,27.18%,26.55%,6.06%,6.59%,0.92,-8.03%,66.67%,0.046512900945293145,-0.050864032842775075,5.01,10.45%,0.50%,126.55,37,13.51%,-2.17%,-1.42%,-8.58%,1.66%,False
conf_1m_cdi_00_50_30_20,1,8,0.00%,50.00%,30.00%,20.00%,25.00%,50.00%,-2.02%,48,25.32%,24.72%,5.68%,6.39%,0.89,-8.03%,66.67%,0.04152069542759018,-0.050864032842775075,4.81,10.02%,0.48%,124.72,37,13.51%,-2.54%,-1.42%,-10.39%,1.66%,False
conf_1m_cdi_00_50_30_30,1,8,0.00%,50.00%,30.00%,30.00%,27.50%,50.00%,-2.40%,48,23.48%,22.91%,5.29%,6.20%,0.85,-8.03%,66.67%,0.03652893371422139,-0.050864032842775075,4.61,9.60%,0.46%,122.91,37,13.51%,-2.90%,-1.42%,-12.19%,1.66%,False
conf_1m_cdi_00_50_30_40,1,8,0.00%,50.00%,30.00%,40.00%,30.00%,50.00%,-2.79%,48,21.66%,21.13%,4.91%,6.04%,0.81,-8.03%,66.67%,0.03613590102586617,-0.050864032842775075,4.40,9.17%,0.44%,121.13,37,13.51%,-3.27%,-1.42%,-13.97%,1.66%,False
conf_1m_cdi_00_50_30_50,1,8,0.00%,50.00%,30.00%,50.00%,32.50%,50.00%,-3.17%,48,19.86%,19.35%,4.52%,5.90%,0.77,-8.03%,66.67%,0.03613590102586617,-0.050864032842775075,4.22,8.79%,0.42%,119.35,37,13.51%,-3.63%,-1.42%,-15.73%,1.66%,False
conf_1m_cdi_00_50_40_00,1,8,0.00%,50.00%,40.00%,0.00%,22.50%,50.00%,-1.15%,48,29.50%,28.86%,6.54%,6.79%,0.96,-8.03%,66.67%,0.051505551784493786,-0.050864032842775075,5.01,10.43%,0.50%,128.86,37,16.22%,-1.67%,-1.35%,-6.74%,2.05%,False
conf_1m_cdi_00_50_40_10,1,8,0.00%,50.00%,40.00%,10.00%,25.00%,50.00%,-1.54%,48,27.62%,27.01%,6.16%,6.57%,0.94,-8.03%,66.67%,0.046512900945293145,-0.050864032842775075,4.80,10.01%,0.48%,127.01,37,16.22%,-2.04%,-1.35%,-8.58%,2.05%,False
conf_1m_cdi_00_50_40_20,1,8,0.00%,50.00%,40.00%,20.00%,27.50%,50.00%,-1.92%,48,25.75%,25.17%,5.77%,6.36%,0.91,-8.03%,66.67%,0.04152069542759018,-0.050864032842775075,4.60,9.59%,0.46%,125.17,37,16.22%,-2.41%,-1.35%,-10.39%,2.05%,False
conf_1m_cdi_00_50_40_30,1,8,0.00%,50.00%,40.00%,30.00%,30.00%,50.00%,-2.31%,48,23.90%,23.36%,5.39%,6.18%,0.87,-8.03%,66.67%,0.03652893371422139,-0.050864032842775075,4.40,9.16%,0.44%,123.36,37,16.22%,-2.78%,-1.35%,-12.19%,2.05%,False
conf_1m_cdi_00_50_40_40,1,8,0.00%,50.00%,40.00%,40.00%,32.50%,50.00%,-2.69%,48,22.08%,21.57%,5.00%,6.01%,0.83,-8.03%,66.67%,0.03613590102586617,-0.050864032842775075,4.19,8.73%,0.42%,121.57,37,16.22%,-3.14%,-1.35%,-13.97%,2.05%,False
conf_1m_cdi_00_50_40_50,1,8,0.00%,50.00%,40.00%,50.00%,35.00%,50.00%,-3.08%,48,20.27%,19.79%,4.62%,5.87%,0.79,-8.03%,66.67%,0.03613590102586617,-0.050864032842775075,4.01,8.35%,0.40%,119.79,37,16.22%,-3.50%,-1.35%,-15.73%,2.05%,False
conf_1m_cdi_00_50_50_00,1,8,0.00%,50.00%,50.00%,0.00%,25.00%,50.00%,-1.06%,48,29.95%,29.32%,6.64%,6.77%,0.98,-8.03%,66.67%,0.051505551784493786,-0.050864032842775075,4.83,10.06%,0.48%,129.32,37,21.62%,-1.54%,-1.35%,-6.74%,2.43%,False
conf_1m_cdi_00_50_50_10,1,8,0.00%,50.00%,50.00%,10.00%,27.50%,50.00%,-1.44%,48,28.05%,27.46%,6.25%,6.54%,0.96,-8.03%,66.67%,0.046512900945293145,-0.050864032842775075,4.63,9.64%,0.46%,127.46,37,21.62%,-1.92%,-1.35%,-8.58%,2.43%,False
conf_1m_cdi_00_50_50_20,1,8,0.00%,50.00%,50.00%,20.00%,30.00%,50.00%,-1.83%,48,26.18%,25.62%,5.87%,6.34%,0.93,-8.03%,66.67%,0.04152069542759018,-0.050864032842775075,4.42,9.21%,0.44%,125.62,37,21.62%,-2.29%,-1.35%,-10.39%,2.43%,False
conf_1m_cdi_00_50_50_30,1,8,0.00%,50.00%,50.00%,30.00%,32.50%,50.00%,-2.21%,48,24.33%,23.81%,5.48%,6.16%,0.89,-8.03%,66.67%,0.03652893371422139,-0.050864032842775075,4.22,8.79%,0.42%,123.81,37,21.62%,-2.66%,-1.35%,-12.19%,2.43%,False
conf_1m_cdi_00_50_50_40,1,8,0.00%,50.00%,50.00%,40.00%,35.00%,50.00%,-2.60%,48,22.50%,22.00%,5.10%,5.99%,0.85,-8.03%,66.67%,0.03613590102586617,-0.050864032842775075,4.01,8.36%,0.40%,122.00,37,21.62%,-3.02%,-1.35%,-13.97%,2.43%,False
conf_1m_cdi_00_50_50_50,1,8,0.00%,50.00%,50.00%,50.00%,37.50%,50.00%,-2.98%,48,20.68%,20.22%,4.71%,5.85%,0.81,-8.03%,66.67%,0.03613590102586617,-0.050864032842775075,3.83,7.98%,0.38%,120.22,37,21.62%,-3.38%,-1.35%,-15.73%,2.43%,False
conf_1m_cdi_10_00_00_00,1,8,10.00%,0.00%,0.00%,0.00%,2.50%,10.00%,0.58%,48,37.79%,37.45%,8.28%,8.23%,1.01,-8.63%,58.33%,0.051505551784493786,-0.06369469746724521,2.48,5.16%,0.25%,137.45,37,78.38%,0.68%,0.37%,-0.47%,3.05%,False
conf_1m_cdi_10_00_00_10,1,8,10.00%,0.00%,0.00%,10.00%,5.00%,10.00%,0.18%,48,35.79%,35.43%,7.88%,8.05%,0.98,-8.63%,58.33%,0.04976842754776656,-0.06369469746724521,2.64,5.51%,0.26%,135.43,37,78.38%,0.27%,0.29%,-0.47%,1.02%,False
conf_1m_cdi_10_00_00_20,1,8,10.00%,0.00%,0.00%,20.00%,7.50%,20.00%,-0.22%,48,33.80%,33.42%,7.48%,7.89%,0.95,-8.63%,58.33%,0.04976842754776656,-0.06369469746724521,2.82,5.88%,0.28%,133.42,37,56.76%,-0.13%,0.11%,-1.70%,0.62%,False
conf_1m_cdi_10_00_00_30,1,8,10.00%,0.00%,0.00%,30.00%,10.00%,30.00%,-0.62%,48,31.84%,31.44%,7.07%,7.75%,0.91,-8.63%,58.33%,0.04976842754776656,-0.06369469746724521,3.01,6.28%,0.30%,131.44,37,51.35%,-0.52%,0.02%,-3.54%,0.61%,False
conf_1m_cdi_10_00_00_40,1,8,10.00%,0.00%,0.00%,40.00%,12.50%,40.00%,-1.02%,48,29.89%,29.48%,6.67%,7.63%,0.87,-8.63%,58.33%,0.04976842754776656,-0.06369469746724521,3.21,6.68%,0.32%,129.48,37,51.35%,-0.92%,0.02%,-5.35%,0.60%,False
conf_1m_cdi_10_00_00_50,1,8,10.00%,0.00%,0.00%,50.00%,15.00%,50.00%,-1.43%,48,27.97%,27.54%,6.27%,7.52%,0.83,-8.63%,58.33%,0.04976842754776656,-0.06369469746724521,3.40,7.08%,0.34%,127.54,37,51.35%,-1.31%,0.02%,-7.15%,0.59%,False
conf_1m_cdi_10_00_10_00,1,8,10.00%,0.00%,10.00%,0.00%,5.00%,10.00%,0.67%,48,38.27%,37.91%,8.37%,8.20%,1.02,-8.63%,58.33%,0.051505551784493786,-0.06369469746724521,2.63,5.48%,0.26%,137.91,37,94.59%,0.79%,0.37%,-0.13%,3.05%,False
conf_1m_cdi_10_00_10_10,1,8,10.00%,0.00%,10.00%,10.00%,7.50%,10.00%,0.27%,48,36.26%,35.88%,7.97%,8.03%,0.99,-8.63%,58.33%,0.04976842754776656,-0.06369469746724521,2.79,5.82%,0.28%,135.88,37,94.59%,0.39%,0.32%,-0.13%,1.02%,False
conf_1m_cdi_10_00_10_20,1,8,10.00%,0.00%,10.00%,20.00%,10.00%,20.00%,-0.13%,48,34.26%,33.86%,7.56%,7.87%,0.96,-8.63%,58.33%,0.04976842754776656,-0.06369469746724521,2.98,6.20%,0.30%,133.86,37,72.97%,-0.01%,0.23%,-1.70%,1.00%,False
conf_1m_cdi_10_00_10_30,1,8,10.00%,0.00%,10.00%,30.00%,12.50%,30.00%,-0.53%,48,32.29%,31.87%,7.16%,7.72%,0.93,-8.63%,58.33%,0.04976842754776656,-0.06369469746724521,3.17,6.59%,0.32%,131.87,37,70.27%,-0.41%,0.15%,-3.54%,0.99%,False
conf_1m_cdi_10_00_10_40,1,8,10.00%,0.00%,10.00%,40.00%,15.00%,40.00%,-0.94%,48,30.34%,29.90%,6.76%,7.60%,0.89,-8.63%,58.33%,0.04976842754776656,-0.06369469746724521,3.36,6.99%,0.34%,129.90,37,67.57%,-0.80%,0.15%,-5.35%,0.98%,False
conf_1m_cdi_10_00_10_50,1,8,10.00%,0.00%,10.00%,50.00%,17.50%,50.00%,-1.34%,48,28.41%,27.96%,6.36%,7.49%,0.85,-8.63%,58.33%,0.04976842754776656,-0.06369469746724521,3.55,7.39%,0.35%,127.96,37,67.57%,-1.19%,0.15%,-7.15%,0.96%,False
conf_1m_cdi_10_00_20_00,1,8,10.00%,0.00%,20.00%,0.00%,7.50%,20.00%,0.76%,48,38.75%,38.36%,8.45%,8.18%,1.03,-8.63%,58.33%,0.051505551784493786,-0.06369469746724521,2.82,5.88%,0.28%,138.36,37,100.00%,0.90%,0.49%,0.00%,3.05%,False
conf_1m_cdi_10_00_20_10,1,8,10.00%,0.00%,20.00%,10.00%,10.00%,20.00%,0.36%,48,36.73%,36.32%,8.05%,8.00%,1.01,-8.63%,58.33%,0.04976842754776656,-0.06369469746724521,2.99,6.22%,0.30%,136.32,37,100.00%,0.50%,0.39%,0.00%,1.38%,False
conf_1m_cdi_10_00_20_20,1,8,10.00%,0.00%,20.00%,20.00%,12.50%,20.00%,-0.04%,48,34.73%,34.30%,7.65%,7.84%,0.98,-8.63%,58.33%,0.04976842754776656,-0.06369469746724521,3.17,6.60%,0.32%,134.30,37,78.38%,0.10%,0.34%,-1.70%,1.37%,False
conf_1m_cdi_10_00_20_30,1,8,10.00%,0.00%,20.00%,30.00%,15.00%,30.00%,-0.45%,48,32.75%,32.30%,7.25%,7.70%,0.94,-8.63%,58.33%,0.04976842754776656,-0.06369469746724521,3.36,6.99%,0.34%,132.30,37,78.38%,-0.30%,0.32%,-3.54%,1.36%,False
conf_1m_cdi_10_00_20_40,1,8,10.00%,0.00%,20.00%,40.00%,17.50%,40.00%,-0.85%,48,30.79%,30.33%,6.85%,7.57%,0.90,-8.63%,58.33%,0.04976842754776656,-0.06369469746724521,3.55,7.39%,0.35%,130.33,37,72.97%,-0.69%,0.29%,-5.35%,1.35%,False
conf_1m_cdi_10_00_20_50,1,8,10.00%,0.00%,20.00%,50.00%,20.00%,50.00%,-1.25%,48,28.85%,28.37%,6.44%,7.47%,0.86,-8.63%,58.33%,0.04976842754776656,-0.06369469746724521,3.74,7.79%,0.37%,128.37,37,72.97%,-1.08%,0.29%,-7.15%,1.34%,False
conf_1m_cdi_10_00_30_00,1,8,10.00%,0.00%,30.00%,0.00%,10.00%,30.00%,0.85%,48,39.22%,38.80%,8.54%,8.15%,1.05,-8.63%,60.42%,0.051505551784493786,-0.06369469746724521,3.01,6.28%,0.30%,138.80,37,97.30%,1.02%,0.54%,-0.01%,3.05%,False
conf_1m_cdi_10_00_30_10,1,8,10.00%,0.00%,30.00%,10.00%,12.50%,30.00%,0.45%,48,37.20%,36.76%,8.14%,7.98%,1.02,-8.63%,60.42%,0.04976842754776656,-0.06369469746724521,3.18,6.62%,0.32%,136.76,37,97.30%,0.61%,0.51%,-0.01%,1.76%,False
conf_1m_cdi_10_00_30_20,1,8,10.00%,0.00%,30.00%,20.00%,15.00%,30.00%,0.04%,48,35.19%,34.74%,7.74%,7.82%,0.99,-8.63%,60.42%,0.04976842754776656,-0.06369469746724521,3.36,7.00%,0.34%,134.74,37,78.38%,0.21%,0.39%,-1.70%,1.75%,False
conf_1m_cdi_10_00_30_30,1,8,10.00%,0.00%,30.00%,30.00%,17.50%,30.00%,-0.36%,48,33.20%,32.73%,7.34%,7.67%,0.96,-8.63%,60.42%,0.04976842754776656,-0.06369469746724521,3.55,7.39%,0.35%,132.73,37,75.68%,-0.18%,0.37%,-3.54%,1.74%,False
conf_1m_cdi_10_00_30_40,1,8,10.00%,0.00%,30.00%,40.00%,20.00%,40.00%,-0.76%,48,31.24%,30.75%,6.93%,7.55%,0.92,-8.63%,60.42%,0.04976842754776656,-0.06369469746724521,3.74,7.79%,0.37%,130.75,37,72.97%,-0.58%,0.37%,-5.35%,1.73%,False
conf_1m_cdi_10_00_30_50,1,8,10.00%,0.00%,30.00%,50.00%,22.50%,50.00%,-1.17%,48,29.30%,28.79%,6.53%,7.45%,0.88,-8.63%,60.42%,0.04976842754776656,-0.06369469746724521,3.93,8.19%,0.39%,128.79,37,70.27%,-0.97%,0.37%,-7.15%,1.72%,False
conf_1m_cdi_10_00_40_00,1,8,10.00%,0.00%,40.00%,0.00%,12.50%,40.00%,0.93%,48,39.70%,39.25%,8.63%,8.13%,1.06,-8.63%,60.42%,0.051505551784493786,-0.06369469746724521,3.21,6.68%,0.32%,139.25,37,97.30%,1.13%,0.88%,-0.02%,3.05%,False
conf_1m_cdi_10_00_40_10,1,8,10.00%,0.00%,40.00%,10.00%,15.00%,40.00%,0.53%,48,37.67%,37.20%,8.23%,7.96%,1.03,-8.63%,60.42%,0.04976842754776656,-0.06369469746724521,3.37,7.02%,0.34%,137.20,37,97.30%,0.73%,0.58%,-0.02%,2.13%,False
conf_1m_cdi_10_00_40_20,1,8,10.00%,0.00%,40.00%,20.00%,17.50%,40.00%,0.13%,48,35.65%,35.17%,7.83%,7.80%,1.00,-8.63%,60.42%,0.04976842754776656,-0.06369469746724521,3.55,7.40%,0.36%,135.17,37,78.38%,0.33%,0.39%,-1.70%,2.12%,False
conf_1m_cdi_10_00_40_30,1,8,10.00%,0.00%,40.00%,30.00%,20.00%,40.00%,-0.27%,48,33.66%,33.16%,7.42%,7.65%,0.97,-8.63%,60.42%,0.04976842754776656,-0.06369469746724521,3.74,7.79%,0.37%,133.16,37,75.68%,-0.07%,0.37%,-3.54%,2.11%,False
conf_1m_cdi_10_00_40_40,1,8,10.00%,0.00%,40.00%,40.00%,22.50%,40.00%,-0.68%,48,31.69%,31.17%,7.02%,7.53%,0.93,-8.63%,60.42%,0.04976842754776656,-0.06369469746724521,3.93,8.19%,0.39%,131.17,37,72.97%,-0.47%,0.37%,-5.35%,2.10%,False
conf_1m_cdi_10_00_40_50,1,8,10.00%,0.00%,40.00%,50.00%,25.00%,50.00%,-1.08%,48,29.74%,29.21%,6.62%,7.43%,0.89,-8.63%,60.42%,0.04976842754776656,-0.06369469746724521,4.12,8.59%,0.41%,129.21,37,70.27%,-0.86%,0.37%,-7.15%,2.09%,False
conf_1m_cdi_10_00_50_00,1,8,10.00%,0.00%,50.00%,0.00%,15.00%,50.00%,1.02%,48,40.18%,39.70%,8.72%,8.12%,1.07,-8.63%,60.42%,0.051505551784493786,-0.06369469746724521,3.40,7.07%,0.34%,139.70,37,97.30%,1.24%,1.22%,-0.03%,3.05%,False
conf_1m_cdi_10_00_50_10,1,8,10.00%,0.00%,50.00%,10.00%,17.50%,50.00%,0.62%,48,38.14%,37.65%,8.32%,7.94%,1.05,-8.63%,60.42%,0.04976842754776656,-0.06369469746724521,3.56,7.42%,0.36%,137.65,37,97.30%,0.84%,0.54%,-0.03%,2.51%,False
conf_1m_cdi_10_00_50_20,1,8,10.00%,0.00%,50.00%,20.00%,20.00%,50.00%,0.22%,48,36.12%,35.61%,7.91%,7.78%,1.02,-8.63%,60.42%,0.04976842754776656,-0.06369469746724521,3.74,7.79%,0.37%,135.61,37,78.38%,0.44%,0.39%,-1.70%,2.50%,False
conf_1m_cdi_10_00_50_30,1,8,10.00%,0.00%,50.00%,30.00%,22.50%,50.00%,-0.19%,48,34.12%,33.59%,7.51%,7.64%,0.98,-8.63%,60.42%,0.04976842754776656,-0.06369469746724521,3.93,8.19%,0.39%,133.59,37,75.68%,0.04%,0.39%,-3.54%,2.49%,False
conf_1m_cdi_10_00_50_40,1,8,10.00%,0.00%,50.00%,40.00%,25.00%,50.00%,-0.59%,48,32.14%,31.60%,7.11%,7.51%,0.95,-8.63%,60.42%,0.04976842754776656,-0.06369469746724521,4.12,8.59%,0.41%,131.60,37,72.97%,-0.35%,0.37%,-5.35%,2.48%,False
conf_1m_cdi_10_00_50_50,1,8,10.00%,0.00%,50.00%,50.00%,27.50%,50.00%,-0.99%,48,30.18%,29.62%,6.70%,7.41%,0.90,-8.63%,60.42%,0.04976842754776656,-0.06369469746724521,4.31,8.99%,0.43%,129.62,37,72.97%,-0.74%,0.37%,-7.15%,2.47%,False
conf_1m_cdi_10_10_00_00,1,8,10.00%,10.00%,0.00%,0.00%,5.00%,10.00%,0.31%,48,36.41%,36.08%,8.01%,7.84%,1.02,-7.97%,58.33%,0.051505551784493786,-0.056922128978817765,2.45,5.10%,0.24%,136.08,37,62.16%,0.25%,0.30%,-0.59%,1.29%,False
conf_1m_cdi_10_10_00_10,1,8,10.00%,10.00%,0.00%,10.00%,7.50%,10.00%,-0.08%,48,34.43%,34.12%,7.62%,7.65%,1.00,-7.97%,58.33%,0.046512900945293145,-0.056922128978817765,2.28,4.75%,0.23%,134.12,37,40.54%,-0.14%,-0.14%,-0.90%,0.44%,False
conf_1m_cdi_10_10_00_20,1,8,10.00%,10.00%,0.00%,20.00%,10.00%,20.00%,-0.48%,48,32.46%,32.14%,7.22%,7.48%,0.96,-7.97%,58.33%,0.045073387682071475,-0.056922128978817765,2.44,5.09%,0.24%,132.14,37,40.54%,-0.54%,-0.14%,-2.88%,0.44%,False
conf_1m_cdi_10_10_00_30,1,8,10.00%,10.00%,0.00%,30.00%,12.50%,30.00%,-0.88%,48,30.52%,30.17%,6.81%,7.33%,0.93,-7.97%,58.33%,0.045073387682071475,-0.056922128978817765,2.63,5.47%,0.26%,130.17,37,40.54%,-0.93%,-0.14%,-4.83%,0.44%,False
conf_1m_cdi_10_10_00_40,1,8,10.00%,10.00%,0.00%,40.00%,15.00%,40.00%,-1.28%,48,28.59%,28.23%,6.41%,7.20%,0.89,-7.97%,58.33%,0.045073387682071475,-0.056922128978817765,2.82,5.87%,0.28%,128.23,37,40.54%,-1.32%,-0.14%,-6.77%,0.44%,False
conf_1m_cdi_10_10_00_50,1,8,10.00%,10.00%,0.00%,50.00%,17.50%,50.00%,-1.68%,48,26.69%,26.31%,6.01%,7.09%,0.85,-7.97%,58.33%,0.045073387682071475,-0.056922128978817765,3.01,6.27%,0.30%,126.31,37,40.54%,-1.71%,-0.14%,-8.68%,0.44%,False
conf_1m_cdi_10_10_10_00,1,8,10.00%,10.00%,10.00%,0.00%,7.50%,10.00%,0.41%,48,36.88%,36.57%,8.10%,7.81%,1.04,-7.97%,58.33%,0.051505551784493786,-0.056922128978817765,2.28,4.74%,0.23%,136.57,37,89.19%,0.37%,0.30%,-0.20%,1.29%,False
conf_1m_cdi_10_10_10_10,1,8,10.00%,10.00%,10.00%,10.00%,10.00%,10.00%,0.02%,48,34.89%,34.61%,7.71%,7.62%,1.01,-7.97%,58.33%,0.046512900945293145,-0.056922128978817765,2.11,4.40%,0.21%,134.61,37,62.16%,-0.02%,0.11%,-0.90%,0.44%,True
conf_1m_cdi_10_10_10_20,1,8,10.00%,10.00%,10.00%,20.00%,12.50%,20.00%,-0.38%,48,32.92%,32.62%,7.31%,7.45%,0.98,-7.97%,58.33%,0.045073387682071475,-0.056922128978817765,2.28,4.74%,0.23%,132.62,37,62.16%,-0.41%,0.11%,-2.88%,0.44%,False
conf_1m_cdi_10_10_10_30,1,8,10.00%,10.00%,10.00%,30.00%,15.00%,30.00%,-0.78%,48,30.97%,30.64%,6.91%,7.30%,0.95,-7.97%,58.33%,0.045073387682071475,-0.056922128978817765,2.46,5.12%,0.25%,130.64,37,62.16%,-0.81%,0.11%,-4.83%,0.44%,False
conf_1m_cdi_10_10_10_40,1,8,10.00%,10.00%,10.00%,40.00%,17.50%,40.00%,-1.19%,48,29.03%,28.69%,6.51%,7.17%,0.91,-7.97%,58.33%,0.045073387682071475,-0.056922128978817765,2.65,5.52%,0.26%,128.69,37,62.16%,-1.19%,0.11%,-6.77%,0.44%,False
conf_1m_cdi_10_10_10_50,1,8,10.00%,10.00%,10.00%,50.00%,20.00%,50.00%,-1.59%,48,27.12%,26.76%,6.11%,7.06%,0.87,-7.97%,58.33%,0.045073387682071475,-0.056922128978817765,2.84,5.91%,0.28%,126.76,37,62.16%,-1.58%,0.11%,-8.68%,0.44%,False
conf_1m_cdi_10_10_20_00,1,8,10.00%,10.00%,20.00%,0.00%,10.00%,20.00%,0.50%,48,37.36%,37.02%,8.19%,7.78%,1.05,-7.97%,58.33%,0.051505551784493786,-0.056922128978817765,2.43,5.07%,0.24%,137.02,37,100.00%,0.49%,0.37%,0.11%,1.29%,False
conf_1m_cdi_10_10_20_10,1,8,10.00%,10.00%,20.00%,10.00%,12.50%,20.00%,0.11%,48,35.36%,35.05%,7.80%,7.60%,1.03,-7.97%,58.33%,0.046512900945293145,-0.056922128978817765,2.27,4.72%,0.23%,135.05,37,72.97%,0.10%,0.31%,-0.90%,0.59%,False
conf_1m_cdi_10_10_20_20,1,8,10.00%,10.00%,20.00%,20.00%,15.00%,20.00%,-0.30%,48,33.38%,33.05%,7.40%,7.43%,1.00,-7.97%,58.33%,0.045073387682071475,-0.056922128978817765,2.43,5.06%,0.24%,133.05,37,72.97%,-0.30%,0.31%,-2.88%,0.59%,False
conf_1m_cdi_10_10_20_30,1,8,10.00%,10.00%,20.00%,30.00%,17.50%,30.00%,-0.70%,48,31.42%,31.07%,7.00%,7.27%,0.96,-7.97%,58.33%,0.045073387682071475,-0.056922128978817765,2.61,5.44%,0.26%,131.07,37,72.97%,-0.69%,0.31%,-4.83%,0.59%,False
conf_1m_cdi_10_10_20_40,1,8,10.00%,10.00%,20.00%,40.00%,20.00%,40.00%,-1.10%,48,29.48%,29.12%,6.60%,7.14%,0.92,-7.97%,58.33%,0.045073387682071475,-0.056922128978817765,2.80,5.84%,0.28%,129.12,37,72.97%,-1.08%,0.31%,-6.77%,0.59%,False
conf_1m_cdi_10_10_20_50,1,8,10.00%,10.00%,20.00%,50.00%,22.50%,50.00%,-1.50%,48,27.56%,27.18%,6.20%,7.03%,0.88,-7.97%,58.33%,0.045073387682071475,-0.056922128978817765,2.99,6.24%,0.30%,127.18,37,72.97%,-1.47%,0.31%,-8.68%,0.59%,False
conf_1m_cdi_10_10_30_00,1,8,10.00%,10.00%,30.00%,0.00%,12.50%,30.00%,0.58%,48,37.83%,37.47%,8.28%,7.76%,1.07,-7.97%,60.42%,0.051505551784493786,-0.056922128978817765,2.62,5.47%,0.26%,137.47,37,100.00%,0.60%,0.55%,0.11%,1.29%,False
conf_1m_cdi_10_10_30_10,1,8,10.00%,10.00%,30.00%,10.00%,15.00%,30.00%,0.19%,48,35.82%,35.49%,7.89%,7.57%,1.04,-7.97%,60.42%,0.046512900945293145,-0.056922128978817765,2.46,5.12%,0.25%,135.49,37,75.68%,0.21%,0.37%,-0.90%,0.95%,False
conf_1m_cdi_10_10_30_20,1,8,10.00%,10.00%,30.00%,20.00%,17.50%,30.00%,-0.21%,48,33.83%,33.48%,7.49%,7.40%,1.01,-7.97%,60.42%,0.045073387682071475,-0.056922128978817765,2.62,5.46%,0.26%,133.48,37,72.97%,-0.19%,0.37%,-2.88%,0.95%,False
conf_1m_cdi_10_10_30_30,1,8,10.00%,10.00%,30.00%,30.00%,20.00%,30.00%,-0.61%,48,31.87%,31.50%,7.09%,7.25%,0.98,-7.97%,60.42%,0.045073387682071475,-0.056922128978817765,2.80,5.84%,0.28%,131.50,37,72.97%,-0.58%,0.37%,-4.83%,0.95%,False
conf_1m_cdi_10_10_30_40,1,8,10.00%,10.00%,30.00%,40.00%,22.50%,40.00%,-1.01%,48,29.92%,29.54%,6.68%,7.12%,0.94,-7.97%,60.42%,0.045073387682071475,-0.056922128978817765,3.00,6.24%,0.30%,129.54,37,72.97%,-0.97%,0.37%,-6.77%,0.95%,False
conf_1m_cdi_10_10_30_50,1,8,10.00%,10.00%,30.00%,50.00%,25.00%,50.00%,-1.41%,48,28.00%,27.59%,6.28%,7.00%,0.90,-7.97%,60.42%,0.045073387682071475,-0.056922128978817765,3.19,6.64%,0.32%,127.59,37,72.97%,-1.36%,0.37%,-8.68%,0.95%,False
conf_1m_cdi_10_10_40_00,1,8,10.00%,10.00%,40.00%,0.00%,15.00%,40.00%,0.67%,48,38.30%,37.91%,8.37%,7.74%,1.08,-7.97%,60.42%,0.051505551784493786,-0.056922128978817765,2.82,5.87%,0.28%,137.91,37,100.00%,0.71%,0.72%,0.11%,1.30%,False
conf_1m_cdi_10_10_40_10,1,8,10.00%,10.00%,40.00%,10.00%,17.50%,40.00%,0.28%,48,36.29%,35.93%,7.98%,7.55%,1.06,-7.97%,60.42%,0.046512900945293145,-0.056922128978817765,2.65,5.52%,0.27%,135.93,37,81.08%,0.32%,0.37%,-0.90%,1.30%,False
conf_1m_cdi_10_10_40_20,1,8,10.00%,10.00%,40.00%,20.00%,20.00%,40.00%,-0.12%,48,34.29%,33.92%,7.57%,7.38%,1.03,-7.97%,60.42%,0.045073387682071475,-0.056922128978817765,2.81,5.86%,0.28%,133.92,37,72.97%,-0.07%,0.37%,-2.88%,1.30%,False
conf_1m_cdi_10_10_40_30,1,8,10.00%,10.00%,40.00%,30.00%,22.50%,40.00%,-0.52%,48,32.32%,31.93%,7.17%,7.23%,0.99,-7.97%,60.42%,0.045073387682071475,-0.056922128978817765,3.00,6.24%,0.30%,131.93,37,72.97%,-0.47%,0.37%,-4.83%,1.30%,False
conf_1m_cdi_10_10_40_40,1,8,10.00%,10.00%,40.00%,40.00%,25.00%,40.00%,-0.93%,48,30.37%,29.96%,6.77%,7.10%,0.95,-7.97%,60.42%,0.045073387682071475,-0.056922128978817765,3.19,6.64%,0.32%,129.96,37,72.97%,-0.86%,0.37%,-6.77%,1.30%,False
conf_1m_cdi_10_10_40_50,1,8,10.00%,10.00%,40.00%,50.00%,27.50%,50.00%,-1.33%,48,28.44%,28.01%,6.37%,6.98%,0.91,-7.97%,60.42%,0.045073387682071475,-0.056922128978817765,3.38,7.04%,0.34%,128.01,37,72.97%,-1.24%,0.37%,-8.68%,1.30%,False
conf_1m_cdi_10_10_50_00,1,8,10.00%,10.00%,50.00%,0.00%,17.50%,50.00%,0.76%,48,38.77%,38.36%,8.45%,7.72%,1.10,-7.97%,60.42%,0.051505551784493786,-0.056922128978817765,3.01,6.26%,0.30%,138.36,37,100.00%,0.83%,0.94%,0.11%,1.66%,False
conf_1m_cdi_10_10_50_10,1,8,10.00%,10.00%,50.00%,10.00%,20.00%,50.00%,0.37%,48,36.75%,36.36%,8.06%,7.53%,1.07,-7.97%,60.42%,0.046512900945293145,-0.056922128978817765,2.84,5.92%,0.28%,136.36,37,81.08%,0.44%,0.37%,-0.90%,1.66%,False
conf_1m_cdi_10_10_50_20,1,8,10.00%,10.00%,50.00%,20.00%,22.50%,50.00%,-0.03%,48,34.75%,34.35%,7.66%,7.36%,1.04,-7.97%,60.42%,0.045073387682071475,-0.056922128978817765,3.00,6.26%,0.30%,134.35,37,75.68%,0.04%,0.37%,-2.88%,1.66%,False
conf_1m_cdi_10_10_50_30,1,8,10.00%,10.00%,50.00%,30.00%,25.00%,50.00%,-0.44%,48,32.77%,32.35%,7.26%,7.21%,1.01,-7.97%,60.42%,0.045073387682071475,-0.056922128978817765,3.19,6.64%,0.32%,132.35,37,72.97%,-0.35%,0.37%,-4.83%,1.66%,False
conf_1m_cdi_10_10_50_40,1,8,10.00%,10.00%,50.00%,40.00%,27.50%,50.00%,-0.84%,48,30.82%,30.37%,6.86%,7.08%,0.97,-7.97%,60.42%,0.045073387682071475,-0.056922128978817765,3.38,7.04%,0.34%,130.37,37,72.97%,-0.74%,0.37%,-6.77%,1.66%,False
conf_1m_cdi_10_10_50_50,1,8,10.00%,10.00%,50.00%,50.00%,30.00%,50.00%,-1.24%,48,28.88%,28.42%,6.45%,6.96%,0.93,-7.97%,60.42%,0.045073387682071475,-0.056922128978817765,3.57,7.43%,0.36%,128.42,37,72.97%,-1.13%,0.37%,-8.68%,1.66%,False
conf_1m_cdi_10_20_00_00,1,8,10.00%,20.00%,0.00%,0.00%,7.50%,20.00%,0.02%,48,35.03%,34.60%,7.71%,7.47%,1.03,-7.32%,58.33%,0.051505551784493786,-0.05029538188304461,3.13,6.51%,0.31%,134.60,37,51.35%,-0.20%,0.03%,-1.82%,0.63%,False
conf_1m_cdi_10_20_00_10,1,8,10.00%,20.00%,0.00%,10.00%,10.00%,20.00%,-0.37%,48,33.06%,32.67%,7.32%,7.28%,1.01,-7.32%,58.33%,0.046512900945293145,-0.05029538188304461,2.92,6.09%,0.29%,132.67,37,43.24%,-0.58%,-0.13%,-2.85%,0.61%,False
conf_1m_cdi_10_20_00_20,1,8,10.00%,20.00%,0.00%,20.00%,12.50%,20.00%,-0.76%,48,31.11%,30.75%,6.93%,7.10%,0.98,-7.32%,58.33%,0.04152069542759018,-0.05029538188304461,2.75,5.74%,0.28%,130.75,37,43.24%,-0.96%,-0.13%,-4.75%,0.61%,False
conf_1m_cdi_10_20_00_30,1,8,10.00%,20.00%,0.00%,30.00%,15.00%,30.00%,-1.16%,48,29.19%,28.81%,6.53%,6.94%,0.94,-7.32%,58.33%,0.04037911167132746,-0.05029538188304461,2.92,6.08%,0.29%,128.81,37,43.24%,-1.35%,-0.13%,-6.68%,0.61%,False
conf_1m_cdi_10_20_00_40,1,8,10.00%,20.00%,0.00%,40.00%,17.50%,40.00%,-1.56%,48,27.28%,26.89%,6.13%,6.79%,0.90,-7.32%,58.33%,0.04037911167132746,-0.05029538188304461,3.10,6.46%,0.31%,126.89,37,43.24%,-1.74%,-0.13%,-8.59%,0.61%,False
conf_1m_cdi_10_20_00_50,1,8,10.00%,20.00%,0.00%,50.00%,20.00%,50.00%,-1.96%,48,25.40%,24.99%,5.73%,6.67%,0.86,-7.32%,58.33%,0.04037911167132746,-0.05029538188304461,3.29,6.86%,0.33%,124.99,37,43.24%,-2.12%,-0.13%,-10.47%,0.61%,False
conf_1m_cdi_10_20_10_00,1,8,10.00%,20.00%,10.00%,0.00%,10.00%,20.00%,0.12%,48,35.49%,35.10%,7.81%,7.44%,1.05,-7.32%,58.33%,0.051505551784493786,-0.05029538188304461,2.91,6.07%,0.29%,135.10,37,62.16%,-0.07%,0.23%,-1.43%,0.63%,False
conf_1m_cdi_10_20_10_10,1,8,10.00%,20.00%,10.00%,10.00%,12.50%,20.00%,-0.27%,48,33.52%,33.16%,7.42%,7.24%,1.02,-7.32%,58.33%,0.046512900945293145,-0.05029538188304461,2.71,5.65%,0.27%,133.16,37,54.05%,-0.46%,0.03%,-2.85%,0.61%,False
conf_1m_cdi_10_20_10_20,1,8,10.00%,20.00%,10.00%,20.00%,15.00%,20.00%,-0.66%,48,31.57%,31.23%,7.03%,7.07%,1.00,-7.32%,58.33%,0.04152069542759018,-0.05029538188304461,2.54,5.30%,0.25%,131.23,37,54.05%,-0.84%,0.03%,-4.75%,0.61%,False
conf_1m_cdi_10_20_10_30,1,8,10.00%,20.00%,10.00%,30.00%,17.50%,30.00%,-1.06%,48,29.64%,29.28%,6.63%,6.90%,0.96,-7.32%,58.33%,0.04037911167132746,-0.05029538188304461,2.71,5.64%,0.27%,129.28,37,54.05%,-1.23%,0.03%,-6.68%,0.61%,False
conf_1m_cdi_10_20_10_40,1,8,10.00%,20.00%,10.00%,40.00%,20.00%,40.00%,-1.46%,48,27.72%,27.36%,6.23%,6.76%,0.92,-7.32%,58.33%,0.04037911167132746,-0.05029538188304461,2.89,6.02%,0.29%,127.36,37,54.05%,-1.61%,0.03%,-8.59%,0.61%,False
conf_1m_cdi_10_20_10_50,1,8,10.00%,20.00%,10.00%,50.00%,22.50%,50.00%,-1.86%,48,25.83%,25.45%,5.83%,6.64%,0.88,-7.32%,58.33%,0.04037911167132746,-0.05029538188304461,3.08,6.42%,0.31%,125.45,37,54.05%,-2.00%,0.03%,-10.47%,0.61%,False
conf_1m_cdi_10_20_20_00,1,8,10.00%,20.00%,20.00%,0.00%,12.50%,20.00%,0.21%,48,35.96%,35.59%,7.91%,7.41%,1.07,-7.32%,58.33%,0.051505551784493786,-0.05029538188304461,2.74,5.72%,0.27%,135.59,37,70.27%,0.05%,0.23%,-1.06%,0.78%,False
conf_1m_cdi_10_20_20_10,1,8,10.00%,20.00%,20.00%,10.00%,15.00%,20.00%,-0.18%,48,33.98%,33.64%,7.52%,7.21%,1.04,-7.32%,58.33%,0.046512900945293145,-0.05029538188304461,2.54,5.30%,0.25%,133.64,37,62.16%,-0.33%,0.16%,-2.85%,0.78%,False
conf_1m_cdi_10_20_20_20,1,8,10.00%,20.00%,20.00%,20.00%,17.50%,20.00%,-0.57%,48,32.02%,31.71%,7.13%,7.04%,1.01,-7.32%,58.33%,0.04152069542759018,-0.05029538188304461,2.37,4.95%,0.24%,131.71,37,62.16%,-0.71%,0.16%,-4.75%,0.78%,False
conf_1m_cdi_10_20_20_30,1,8,10.00%,20.00%,20.00%,30.00%,20.00%,30.00%,-0.97%,48,30.08%,29.75%,6.73%,6.87%,0.98,-7.32%,58.33%,0.04037911167132746,-0.05029538188304461,2.54,5.28%,0.25%,129.75,37,62.16%,-1.10%,0.16%,-6.68%,0.78%,False
conf_1m_cdi_10_20_20_40,1,8,10.00%,20.00%,20.00%,40.00%,22.50%,40.00%,-1.37%,48,28.16%,27.82%,6.33%,6.73%,0.94,-7.32%,58.33%,0.04037911167132746,-0.05029538188304461,2.72,5.67%,0.27%,127.82,37,62.16%,-1.49%,0.16%,-8.59%,0.78%,False
conf_1m_cdi_10_20_20_50,1,8,10.00%,20.00%,20.00%,50.00%,25.00%,50.00%,-1.77%,48,26.27%,25.90%,5.93%,6.61%,0.90,-7.32%,58.33%,0.04037911167132746,-0.05029538188304461,2.91,6.06%,0.29%,125.90,37,62.16%,-1.87%,0.16%,-10.47%,0.78%,False
conf_1m_cdi_10_20_30_00,1,8,10.00%,20.00%,30.00%,0.00%,15.00%,30.00%,0.30%,48,36.43%,36.03%,8.00%,7.39%,1.08,-7.32%,60.42%,0.051505551784493786,-0.05029538188304461,2.90,6.05%,0.29%,136.03,37,72.97%,0.17%,0.34%,-0.93%,1.13%,False
conf_1m_cdi_10_20_30_10,1,8,10.00%,20.00%,30.00%,10.00%,17.50%,30.00%,-0.09%,48,34.44%,34.08%,7.61%,7.19%,1.06,-7.32%,60.42%,0.046512900945293145,-0.05029538188304461,2.70,5.63%,0.27%,134.08,37,64.86%,-0.22%,0.29%,-2.85%,1.13%,False
conf_1m_cdi_10_20_30_20,1,8,10.00%,20.00%,30.00%,20.00%,20.00%,30.00%,-0.48%,48,32.47%,32.14%,7.22%,7.01%,1.03,-7.32%,60.42%,0.04152069542759018,-0.05029538188304461,2.53,5.28%,0.25%,132.14,37,64.86%,-0.60%,0.29%,-4.75%,1.13%,False
conf_1m_cdi_10_20_30_30,1,8,10.00%,20.00%,30.00%,30.00%,22.50%,30.00%,-0.88%,48,30.53%,30.18%,6.82%,6.85%,1.00,-7.32%,60.42%,0.04037911167132746,-0.05029538188304461,2.70,5.62%,0.27%,130.18,37,64.86%,-0.99%,0.29%,-6.68%,1.13%,False
conf_1m_cdi_10_20_30_40,1,8,10.00%,20.00%,30.00%,40.00%,25.00%,40.00%,-1.28%,48,28.60%,28.23%,6.41%,6.71%,0.96,-7.32%,60.42%,0.04037911167132746,-0.05029538188304461,2.88,6.00%,0.29%,128.23,37,64.86%,-1.38%,0.29%,-8.59%,1.13%,False
conf_1m_cdi_10_20_30_50,1,8,10.00%,20.00%,30.00%,50.00%,27.50%,50.00%,-1.68%,48,26.70%,26.31%,6.01%,6.59%,0.91,-7.32%,60.42%,0.04037911167132746,-0.05029538188304461,3.07,6.39%,0.31%,126.31,37,64.86%,-1.76%,0.29%,-10.47%,1.13%,False
conf_1m_cdi_10_20_40_00,1,8,10.00%,20.00%,40.00%,0.00%,17.50%,40.00%,0.39%,48,36.89%,36.47%,8.08%,7.36%,1.10,-7.32%,60.42%,0.051505551784493786,-0.05029538188304461,3.10,6.45%,0.31%,136.47,37,75.68%,0.28%,0.37%,-0.93%,1.49%,False
conf_1m_cdi_10_20_40_10,1,8,10.00%,20.00%,40.00%,10.00%,20.00%,40.00%,-0.00%,48,34.90%,34.51%,7.69%,7.17%,1.07,-7.32%,60.42%,0.046512900945293145,-0.05029538188304461,2.89,6.03%,0.29%,134.51,37,67.57%,-0.11%,0.33%,-2.85%,1.49%,False
conf_1m_cdi_10_20_40_20,1,8,10.00%,20.00%,40.00%,20.00%,22.50%,40.00%,-0.39%,48,32.93%,32.57%,7.30%,6.99%,1.04,-7.32%,60.42%,0.04152069542759018,-0.05029538188304461,2.72,5.68%,0.27%,132.57,37,67.57%,-0.49%,0.33%,-4.75%,1.49%,False
conf_1m_cdi_10_20_40_30,1,8,10.00%,20.00%,40.00%,30.00%,25.00%,40.00%,-0.79%,48,30.98%,30.60%,6.90%,6.83%,1.01,-7.32%,60.42%,0.04037911167132746,-0.05029538188304461,2.89,6.01%,0.29%,130.60,37,67.57%,-0.88%,0.33%,-6.68%,1.49%,False
conf_1m_cdi_10_20_40_40,1,8,10.00%,20.00%,40.00%,40.00%,27.50%,40.00%,-1.19%,48,29.05%,28.65%,6.50%,6.68%,0.97,-7.32%,60.42%,0.04037911167132746,-0.05029538188304461,3.07,6.40%,0.31%,128.65,37,67.57%,-1.26%,0.33%,-8.59%,1.49%,False
conf_1m_cdi_10_20_40_50,1,8,10.00%,20.00%,40.00%,50.00%,30.00%,50.00%,-1.60%,48,27.13%,26.72%,6.10%,6.56%,0.93,-7.32%,60.42%,0.04037911167132746,-0.05029538188304461,3.26,6.79%,0.33%,126.72,37,67.57%,-1.65%,0.33%,-10.47%,1.49%,False
conf_1m_cdi_10_20_50_00,1,8,10.00%,20.00%,50.00%,0.00%,20.00%,50.00%,0.48%,48,37.36%,36.91%,8.17%,7.34%,1.11,-7.32%,60.42%,0.051505551784493786,-0.05029538188304461,3.29,6.85%,0.33%,136.91,37,78.38%,0.39%,0.37%,-0.93%,1.84%,False
conf_1m_cdi_10_20_50_10,1,8,10.00%,20.00%,50.00%,10.00%,22.50%,50.00%,0.08%,48,35.36%,34.95%,7.78%,7.15%,1.09,-7.32%,60.42%,0.046512900945293145,-0.05029538188304461,3.08,6.43%,0.31%,134.95,37,70.27%,0.01%,0.34%,-2.85%,1.84%,False
conf_1m_cdi_10_20_50_20,1,8,10.00%,20.00%,50.00%,20.00%,25.00%,50.00%,-0.31%,48,33.38%,32.99%,7.39%,6.97%,1.06,-7.32%,60.42%,0.04152069542759018,-0.05029538188304461,2.92,6.07%,0.29%,132.99,37,70.27%,-0.38%,0.34%,-4.75%,1.84%,False
conf_1m_cdi_10_20_50_30,1,8,10.00%,20.00%,50.00%,30.00%,27.50%,50.00%,-0.71%,48,31.42%,31.02%,6.99%,6.81%,1.03,-7.32%,60.42%,0.04037911167132746,-0.05029538188304461,3.08,6.41%,0.31%,131.02,37,70.27%,-0.77%,0.34%,-6.68%,1.84%,False
conf_1m_cdi_10_20_50_40,1,8,10.00%,20.00%,50.00%,40.00%,30.00%,50.00%,-1.11%,48,29.49%,29.06%,6.59%,6.66%,0.99,-7.32%,60.42%,0.04037911167132746,-0.05029538188304461,3.26,6.79%,0.33%,129.06,37,70.27%,-1.15%,0.34%,-8.59%,1.84%,False
conf_1m_cdi_10_20_50_50,1,8,10.00%,20.00%,50.00%,50.00%,32.50%,50.00%,-1.51%,48,27.57%,27.13%,6.18%,6.54%,0.95,-7.32%,60.42%,0.04037911167132746,-0.05029538188304461,3.45,7.19%,0.35%,127.13,37,70.27%,-1.53%,0.34%,-10.47%,1.84%,False
conf_1m_cdi_10_30_00_00,1,8,10.00%,30.00%,0.00%,0.00%,10.00%,30.00%,-0.28%,48,33.64%,33.12%,7.41%,7.13%,1.04,-6.84%,58.33%,0.051505551784493786,-0.044762553207214006,3.89,8.09%,0.39%,133.12,37,45.95%,-0.64%,-0.05%,-3.03%,0.79%,False
conf_1m_cdi_10_30_00_10,1,8,10.00%,30.00%,0.00%,10.00%,12.50%,30.00%,-0.67%,48,31.69%,31.21%,7.03%,6.93%,1.01,-6.84%,58.33%,0.046512900945293145,-0.044762553207214006,3.68,7.67%,0.37%,131.21,37,45.95%,-1.02%,-0.14%,-4.78%,0.79%,False
conf_1m_cdi_10_30_00_20,1,8,10.00%,30.00%,0.00%,20.00%,15.00%,30.00%,-1.06%,48,29.76%,29.31%,6.64%,6.74%,0.99,-6.84%,58.33%,0.04152069542759018,-0.044762553207214006,3.48,7.25%,0.35%,129.31,37,45.95%,-1.40%,-0.14%,-6.65%,0.79%,False
conf_1m_cdi_10_30_00_30,1,8,10.00%,30.00%,0.00%,30.00%,17.50%,30.00%,-1.45%,48,27.86%,27.44%,6.25%,6.57%,0.95,-6.84%,58.33%,0.03652893371422139,-0.044762553207214006,3.31,6.89%,0.33%,127.44,37,45.95%,-1.78%,-0.14%,-8.51%,0.79%,False
conf_1m_cdi_10_30_00_40,1,8,10.00%,30.00%,0.00%,40.00%,20.00%,40.00%,-1.84%,48,25.97%,25.54%,5.85%,6.42%,0.91,-6.84%,58.33%,0.035685571949586326,-0.044762553207214006,3.47,7.23%,0.35%,125.54,37,45.95%,-2.16%,-0.14%,-10.38%,0.79%,False
conf_1m_cdi_10_30_00_50,1,8,10.00%,30.00%,0.00%,50.00%,22.50%,50.00%,-2.24%,48,24.11%,23.66%,5.45%,6.29%,0.87,-6.84%,58.33%,0.035685571949586326,-0.044762553207214006,3.65,7.61%,0.37%,123.66,37,45.95%,-2.54%,-0.14%,-12.24%,0.79%,False
conf_1m_cdi_10_30_10_00,1,8,10.00%,30.00%,10.00%,0.00%,12.50%,30.00%,-0.18%,48,34.10%,33.61%,7.51%,7.10%,1.06,-6.84%,58.33%,0.051505551784493786,-0.044762553207214006,3.67,7.66%,0.37%,133.61,37,48.65%,-0.52%,-0.05%,-2.89%,0.79%,False
conf_1m_cdi_10_30_10_10,1,8,10.00%,30.00%,10.00%,10.00%,15.00%,30.00%,-0.57%,48,32.14%,31.69%,7.12%,6.89%,1.03,-6.84%,58.33%,0.046512900945293145,-0.044762553207214006,3.47,7.24%,0.35%,131.69,37,48.65%,-0.90%,-0.05%,-4.78%,0.79%,False
conf_1m_cdi_10_30_10_20,1,8,10.00%,30.00%,10.00%,20.00%,17.50%,30.00%,-0.96%,48,30.21%,29.79%,6.74%,6.70%,1.00,-6.84%,58.33%,0.04152069542759018,-0.044762553207214006,3.27,6.81%,0.33%,129.79,37,48.65%,-1.28%,-0.05%,-6.65%,0.79%,False
conf_1m_cdi_10_30_10_30,1,8,10.00%,30.00%,10.00%,30.00%,20.00%,30.00%,-1.35%,48,28.30%,27.90%,6.35%,6.53%,0.97,-6.84%,58.33%,0.03652893371422139,-0.044762553207214006,3.10,6.45%,0.31%,127.90,37,48.65%,-1.65%,-0.05%,-8.51%,0.79%,False
conf_1m_cdi_10_30_10_40,1,8,10.00%,30.00%,10.00%,40.00%,22.50%,40.00%,-1.75%,48,26.41%,26.00%,5.95%,6.38%,0.93,-6.84%,58.33%,0.035685571949586326,-0.044762553207214006,3.26,6.79%,0.33%,126.00,37,48.65%,-2.03%,-0.05%,-10.38%,0.79%,False
conf_1m_cdi_10_30_10_50,1,8,10.00%,30.00%,10.00%,50.00%,25.00%,50.00%,-2.15%,48,24.54%,24.11%,5.55%,6.25%,0.89,-6.84%,58.33%,0.035685571949586326,-0.044762553207214006,3.44,7.17%,0.34%,124.11,37,48.65%,-2.41%,-0.05%,-12.24%,0.79%,False
conf_1m_cdi_10_30_20_00,1,8,10.00%,30.00%,20.00%,0.00%,15.00%,30.00%,-0.09%,48,34.56%,34.09%,7.61%,7.07%,1.08,-6.84%,58.33%,0.051505551784493786,-0.044762553207214006,3.46,7.22%,0.35%,134.09,37,51.35%,-0.39%,0.03%,-2.89%,0.94%,False
conf_1m_cdi_10_30_20_10,1,8,10.00%,30.00%,20.00%,10.00%,17.50%,30.00%,-0.47%,48,32.60%,32.17%,7.22%,6.86%,1.05,-6.84%,58.33%,0.046512900945293145,-0.044762553207214006,3.26,6.80%,0.33%,132.17,37,51.35%,-0.77%,0.03%,-4.78%,0.94%,False
conf_1m_cdi_10_30_20_20,1,8,10.00%,30.00%,20.00%,20.00%,20.00%,30.00%,-0.86%,48,30.66%,30.26%,6.83%,6.67%,1.02,-6.84%,58.33%,0.04152069542759018,-0.044762553207214006,3.06,6.38%,0.31%,130.26,37,51.35%,-1.15%,0.03%,-6.65%,0.94%,False
conf_1m_cdi_10_30_20_30,1,8,10.00%,30.00%,20.00%,30.00%,22.50%,30.00%,-1.25%,48,28.74%,28.37%,6.44%,6.50%,0.99,-6.84%,58.33%,0.03652893371422139,-0.044762553207214006,2.89,6.01%,0.29%,128.37,37,51.35%,-1.53%,0.03%,-8.51%,0.94%,False
conf_1m_cdi_10_30_20_40,1,8,10.00%,30.00%,20.00%,40.00%,25.00%,40.00%,-1.65%,48,26.84%,26.46%,6.04%,6.35%,0.95,-6.84%,58.33%,0.035685571949586326,-0.044762553207214006,3.05,6.35%,0.30%,126.46,37,51.35%,-1.91%,0.03%,-10.38%,0.94%,False
conf_1m_cdi_10_30_20_50,1,8,10.00%,30.00%,20.00%,50.00%,27.50%,50.00%,-2.05%,48,24.97%,24.56%,5.64%,6.22%,0.91,-6.84%,58.33%,0.035685571949586326,-0.044762553207214006,3.23,6.74%,0.32%,124.56,37,51.35%,-2.29%,0.03%,-12.24%,0.94%,False
conf_1m_cdi_10_30_30_00,1,8,10.00%,30.00%,30.00%,0.00%,17.50%,30.00%,0.01%,48,35.02%,34.58%,7.71%,7.04%,1.09,-6.84%,60.42%,0.051505551784493786,-0.044762553207214006,3.29,6.86%,0.33%,134.58,37,59.46%,-0.27%,0.12%,-2.89%,1.32%,False
conf_1m_cdi_10_30_30_10,1,8,10.00%,30.00%,30.00%,10.00%,20.00%,30.00%,-0.38%,48,33.06%,32.65%,7.32%,6.84%,1.07,-6.84%,60.42%,0.046512900945293145,-0.044762553207214006,3.09,6.44%,0.31%,132.65,37,59.46%,-0.65%,0.12%,-4.78%,1.32%,False
conf_1m_cdi_10_30_30_20,1,8,10.00%,30.00%,30.00%,20.00%,22.50%,30.00%,-0.77%,48,31.11%,30.73%,6.93%,6.65%,1.04,-6.84%,60.42%,0.04152069542759018,-0.044762553207214006,2.89,6.02%,0.29%,130.73,37,59.46%,-1.03%,0.12%,-6.65%,1.32%,False
conf_1m_cdi_10_30_30_30,1,8,10.00%,30.00%,30.00%,30.00%,25.00%,30.00%,-1.16%,48,29.19%,28.83%,6.54%,6.48%,1.01,-6.84%,60.42%,0.03652893371422139,-0.044762553207214006,2.71,5.66%,0.27%,128.83,37,59.46%,-1.40%,0.12%,-8.51%,1.32%,False
conf_1m_cdi_10_30_30_40,1,8,10.00%,30.00%,30.00%,40.00%,27.50%,40.00%,-1.56%,48,27.28%,26.91%,6.14%,6.32%,0.97,-6.84%,60.42%,0.035685571949586326,-0.044762553207214006,2.88,5.99%,0.29%,126.91,37,59.46%,-1.78%,0.12%,-10.38%,1.32%,False
conf_1m_cdi_10_30_30_50,1,8,10.00%,30.00%,30.00%,50.00%,30.00%,50.00%,-1.96%,48,25.40%,25.01%,5.74%,6.19%,0.93,-6.84%,60.42%,0.035685571949586326,-0.044762553207214006,3.06,6.38%,0.31%,125.01,37,59.46%,-2.16%,0.12%,-12.24%,1.32%,False
conf_1m_cdi_10_30_40_00,1,8,10.00%,30.00%,40.00%,0.00%,20.00%,40.00%,0.10%,48,35.49%,35.02%,7.79%,7.02%,1.11,-6.84%,60.42%,0.051505551784493786,-0.044762553207214006,3.46,7.20%,0.35%,135.02,37,62.16%,-0.15%,0.24%,-2.89%,1.67%,False
conf_1m_cdi_10_30_40_10,1,8,10.00%,30.00%,40.00%,10.00%,22.50%,40.00%,-0.29%,48,33.51%,33.08%,7.41%,6.81%,1.09,-6.84%,60.42%,0.046512900945293145,-0.044762553207214006,3.25,6.78%,0.33%,133.08,37,62.16%,-0.54%,0.24%,-4.78%,1.67%,False
conf_1m_cdi_10_30_40_20,1,8,10.00%,30.00%,40.00%,20.00%,25.00%,40.00%,-0.68%,48,31.56%,31.16%,7.02%,6.62%,1.06,-6.84%,60.42%,0.04152069542759018,-0.044762553207214006,3.05,6.36%,0.31%,131.16,37,62.16%,-0.91%,0.24%,-6.65%,1.67%,False
conf_1m_cdi_10_30_40_30,1,8,10.00%,30.00%,40.00%,30.00%,27.50%,40.00%,-1.07%,48,29.63%,29.26%,6.63%,6.45%,1.03,-6.84%,60.42%,0.03652893371422139,-0.044762553207214006,2.88,6.00%,0.29%,129.26,37,62.16%,-1.29%,0.24%,-8.51%,1.67%,False
conf_1m_cdi_10_30_40_40,1,8,10.00%,30.00%,40.00%,40.00%,30.00%,40.00%,-1.47%,48,27.72%,27.33%,6.23%,6.30%,0.99,-6.84%,60.42%,0.035685571949586326,-0.044762553207214006,3.04,6.33%,0.30%,127.33,37,62.16%,-1.67%,0.24%,-10.38%,1.67%,False
conf_1m_cdi_10_30_40_50,1,8,10.00%,30.00%,40.00%,50.00%,32.50%,50.00%,-1.87%,48,25.83%,25.42%,5.83%,6.17%,0.94,-6.84%,60.42%,0.035685571949586326,-0.044762553207214006,3.22,6.72%,0.32%,125.42,37,62.16%,-2.05%,0.24%,-12.24%,1.67%,False
conf_1m_cdi_10_30_50_00,1,8,10.00%,30.00%,50.00%,0.00%,22.50%,50.00%,0.19%,48,35.95%,35.45%,7.88%,7.00%,1.13,-6.84%,60.42%,0.051505551784493786,-0.044762553207214006,3.65,7.60%,0.36%,135.45,37,62.16%,-0.04%,0.25%,-2.89%,2.03%,False
conf_1m_cdi_10_30_50_10,1,8,10.00%,30.00%,50.00%,10.00%,25.00%,50.00%,-0.20%,48,33.97%,33.51%,7.49%,6.79%,1.10,-6.84%,60.42%,0.046512900945293145,-0.044762553207214006,3.44,7.18%,0.34%,133.51,37,62.16%,-0.42%,0.25%,-4.78%,2.03%,False
conf_1m_cdi_10_30_50_20,1,8,10.00%,30.00%,50.00%,20.00%,27.50%,50.00%,-0.59%,48,32.01%,31.58%,7.10%,6.60%,1.08,-6.84%,60.42%,0.04152069542759018,-0.044762553207214006,3.24,6.75%,0.32%,131.58,37,62.16%,-0.80%,0.25%,-6.65%,2.03%,False
conf_1m_cdi_10_30_50_30,1,8,10.00%,30.00%,50.00%,30.00%,30.00%,50.00%,-0.98%,48,30.07%,29.67%,6.71%,6.43%,1.04,-6.84%,60.42%,0.03652893371422139,-0.044762553207214006,3.07,6.39%,0.31%,129.67,37,62.16%,-1.18%,0.25%,-8.51%,2.03%,False
conf_1m_cdi_10_30_50_40,1,8,10.00%,30.00%,50.00%,40.00%,32.50%,50.00%,-1.38%,48,28.15%,27.74%,6.31%,6.28%,1.01,-6.84%,60.42%,0.035685571949586326,-0.044762553207214006,3.23,6.73%,0.32%,127.74,37,62.16%,-1.56%,0.25%,-10.38%,2.03%,False
conf_1m_cdi_10_30_50_50,1,8,10.00%,30.00%,50.00%,50.00%,35.00%,50.00%,-1.78%,48,26.26%,25.83%,5.91%,6.15%,0.96,-6.84%,60.42%,0.035685571949586326,-0.044762553207214006,3.41,7.11%,0.34%,125.83,37,62.16%,-1.94%,0.25%,-12.24%,2.03%,False
conf_1m_cdi_10_40_00_00,1,8,10.00%,40.00%,0.00%,0.00%,12.50%,40.00%,-0.58%,48,32.24%,31.63%,7.11%,6.83%,1.04,-6.84%,62.50%,0.051505551784493786,-0.044762553207214006,4.64,9.68%,0.46%,131.63,37,43.24%,-1.09%,-0.19%,-4.83%,0.97%,False
conf_1m_cdi_10_40_00_10,1,8,10.00%,40.00%,0.00%,10.00%,15.00%,40.00%,-0.97%,48,30.32%,29.74%,6.73%,6.61%,1.02,-6.84%,62.50%,0.046512900945293145,-0.044762553207214006,4.44,9.26%,0.44%,129.74,37,43.24%,-1.47%,-0.19%,-6.69%,0.97%,False
conf_1m_cdi_10_40_00_20,1,8,10.00%,40.00%,0.00%,20.00%,17.50%,40.00%,-1.36%,48,28.41%,27.87%,6.34%,6.41%,0.99,-6.84%,62.50%,0.04152069542759018,-0.044762553207214006,4.24,8.83%,0.42%,127.87,37,43.24%,-1.84%,-0.19%,-8.53%,0.97%,False
conf_1m_cdi_10_40_00_30,1,8,10.00%,40.00%,0.00%,30.00%,20.00%,40.00%,-1.74%,48,26.53%,26.02%,5.95%,6.23%,0.96,-6.84%,62.50%,0.03652893371422139,-0.044762553207214006,4.04,8.41%,0.40%,126.02,37,43.24%,-2.21%,-0.19%,-10.36%,0.97%,False
conf_1m_cdi_10_40_00_40,1,8,10.00%,40.00%,0.00%,40.00%,22.50%,40.00%,-2.13%,48,24.66%,24.18%,5.56%,6.07%,0.92,-6.84%,62.50%,0.033605355192360964,-0.044762553207214006,3.86,8.04%,0.39%,124.18,37,43.24%,-2.58%,-0.19%,-12.16%,0.97%,False
conf_1m_cdi_10_40_00_50,1,8,10.00%,40.00%,0.00%,50.00%,25.00%,50.00%,-2.53%,48,22.81%,22.32%,5.17%,5.93%,0.87,-6.84%,62.50%,0.033605355192360964,-0.044762553207214006,4.02,8.37%,0.40%,122.32,37,43.24%,-2.95%,-0.19%,-13.99%,0.97%,False
conf_1m_cdi_10_40_10_00,1,8,10.00%,40.00%,10.00%,0.00%,15.00%,40.00%,-0.49%,48,32.70%,32.11%,7.21%,6.79%,1.06,-6.84%,62.50%,0.051505551784493786,-0.044762553207214006,4.43,9.24%,0.44%,132.11,37,45.95%,-0.96%,-0.15%,-4.83%,0.97%,False
conf_1m_cdi_10_40_10_10,1,8,10.00%,40.00%,10.00%,10.00%,17.50%,40.00%,-0.87%,48,30.77%,30.21%,6.82%,6.58%,1.04,-6.84%,62.50%,0.046512900945293145,-0.044762553207214006,4.23,8.82%,0.42%,130.21,37,45.95%,-1.34%,-0.15%,-6.69%,0.97%,False
conf_1m_cdi_10_40_10_20,1,8,10.00%,40.00%,10.00%,20.00%,20.00%,40.00%,-1.26%,48,28.85%,28.34%,6.44%,6.38%,1.01,-6.84%,62.50%,0.04152069542759018,-0.044762553207214006,4.03,8.40%,0.40%,128.34,37,45.95%,-1.71%,-0.15%,-8.53%,0.97%,False
conf_1m_cdi_10_40_10_30,1,8,10.00%,40.00%,10.00%,30.00%,22.50%,40.00%,-1.65%,48,26.96%,26.48%,6.05%,6.19%,0.98,-6.84%,62.50%,0.03652893371422139,-0.044762553207214006,3.83,7.97%,0.38%,126.48,37,45.95%,-2.09%,-0.15%,-10.36%,0.97%,False
conf_1m_cdi_10_40_10_40,1,8,10.00%,40.00%,10.00%,40.00%,25.00%,40.00%,-2.04%,48,25.09%,24.63%,5.66%,6.03%,0.94,-6.84%,62.50%,0.033605355192360964,-0.044762553207214006,3.65,7.60%,0.36%,124.63,37,45.95%,-2.45%,-0.15%,-12.16%,0.97%,False
conf_1m_cdi_10_40_10_50,1,8,10.00%,40.00%,10.00%,50.00%,27.50%,50.00%,-2.43%,48,23.24%,22.77%,5.26%,5.90%,0.89,-6.84%,62.50%,0.033605355192360964,-0.044762553207214006,3.81,7.93%,0.38%,122.77,37,45.95%,-2.83%,-0.15%,-13.99%,0.97%,False
conf_1m_cdi_10_40_20_00,1,8,10.00%,40.00%,20.00%,0.00%,17.50%,40.00%,-0.39%,48,33.16%,32.59%,7.31%,6.76%,1.08,-6.84%,62.50%,0.051505551784493786,-0.044762553207214006,4.22,8.80%,0.42%,132.59,37,45.95%,-0.84%,-0.11%,-4.83%,1.10%,False
conf_1m_cdi_10_40_20_10,1,8,10.00%,40.00%,20.00%,10.00%,20.00%,40.00%,-0.78%,48,31.22%,30.69%,6.92%,6.54%,1.06,-6.84%,62.50%,0.046512900945293145,-0.044762553207214006,4.02,8.38%,0.40%,130.69,37,45.95%,-1.22%,-0.11%,-6.69%,1.10%,False
conf_1m_cdi_10_40_20_20,1,8,10.00%,40.00%,20.00%,20.00%,22.50%,40.00%,-1.16%,48,29.30%,28.81%,6.53%,6.34%,1.03,-6.84%,62.50%,0.04152069542759018,-0.044762553207214006,3.82,7.96%,0.38%,128.81,37,45.95%,-1.59%,-0.11%,-8.53%,1.10%,False
conf_1m_cdi_10_40_20_30,1,8,10.00%,40.00%,20.00%,30.00%,25.00%,40.00%,-1.55%,48,27.40%,26.94%,6.15%,6.16%,1.00,-6.84%,62.50%,0.03652893371422139,-0.044762553207214006,3.62,7.53%,0.36%,126.94,37,45.95%,-1.96%,-0.11%,-10.36%,1.10%,False
conf_1m_cdi_10_40_20_40,1,8,10.00%,40.00%,20.00%,40.00%,27.50%,40.00%,-1.94%,48,25.52%,25.09%,5.76%,6.00%,0.96,-6.84%,62.50%,0.033605355192360964,-0.044762553207214006,3.44,7.16%,0.34%,125.09,37,45.95%,-2.33%,-0.11%,-12.16%,1.10%,False
conf_1m_cdi_10_40_20_50,1,8,10.00%,40.00%,20.00%,50.00%,30.00%,50.00%,-2.34%,48,23.66%,23.22%,5.36%,5.86%,0.91,-6.84%,62.50%,0.033605355192360964,-0.044762553207214006,3.60,7.50%,0.36%,123.22,37,45.95%,-2.70%,-0.11%,-13.99%,1.10%,False
conf_1m_cdi_10_40_30_00,1,8,10.00%,40.00%,30.00%,0.00%,20.00%,40.00%,-0.29%,48,33.61%,33.08%,7.41%,6.73%,1.10,-6.84%,64.58%,0.051505551784493786,-0.044762553207214006,4.01,8.36%,0.40%,133.08,37,51.35%,-0.71%,0.00%,-4.83%,1.48%,False
conf_1m_cdi_10_40_30_10,1,8,10.00%,40.00%,30.00%,10.00%,22.50%,40.00%,-0.68%,48,31.67%,31.17%,7.02%,6.52%,1.08,-6.84%,64.58%,0.046512900945293145,-0.044762553207214006,3.81,7.94%,0.38%,131.17,37,51.35%,-1.09%,0.00%,-6.69%,1.48%,False
conf_1m_cdi_10_40_30_20,1,8,10.00%,40.00%,30.00%,20.00%,25.00%,40.00%,-1.07%,48,29.74%,29.28%,6.63%,6.32%,1.05,-6.84%,64.58%,0.04152069542759018,-0.044762553207214006,3.61,7.52%,0.36%,129.28,37,51.35%,-1.46%,0.00%,-8.53%,1.48%,False
conf_1m_cdi_10_40_30_30,1,8,10.00%,40.00%,30.00%,30.00%,27.50%,40.00%,-1.45%,48,27.84%,27.40%,6.24%,6.13%,1.02,-6.84%,64.58%,0.03652893371422139,-0.044762553207214006,3.41,7.09%,0.34%,127.40,37,51.35%,-1.84%,0.00%,-10.36%,1.48%,False
conf_1m_cdi_10_40_30_40,1,8,10.00%,40.00%,30.00%,40.00%,30.00%,40.00%,-1.84%,48,25.95%,25.55%,5.85%,5.97%,0.98,-6.84%,64.58%,0.033605355192360964,-0.044762553207214006,3.23,6.72%,0.32%,125.55,37,51.35%,-2.20%,0.00%,-12.16%,1.48%,False
conf_1m_cdi_10_40_30_50,1,8,10.00%,40.00%,30.00%,50.00%,32.50%,50.00%,-2.24%,48,24.09%,23.67%,5.45%,5.83%,0.94,-6.84%,64.58%,0.033605355192360964,-0.044762553207214006,3.39,7.06%,0.34%,123.67,37,51.35%,-2.58%,0.00%,-13.99%,1.48%,False
conf_1m_cdi_10_40_40_00,1,8,10.00%,40.00%,40.00%,0.00%,22.50%,40.00%,-0.19%,48,34.07%,33.56%,7.50%,6.71%,1.12,-6.84%,64.58%,0.051505551784493786,-0.044762553207214006,3.84,8.00%,0.38%,133.56,37,56.76%,-0.59%,0.13%,-4.83%,1.85%,False
conf_1m_cdi_10_40_40_10,1,8,10.00%,40.00%,40.00%,10.00%,25.00%,40.00%,-0.58%,48,32.12%,31.64%,7.11%,6.49%,1.10,-6.84%,64.58%,0.046512900945293145,-0.044762553207214006,3.64,7.58%,0.36%,131.64,37,56.76%,-0.97%,0.13%,-6.69%,1.85%,False
conf_1m_cdi_10_40_40_20,1,8,10.00%,40.00%,40.00%,20.00%,27.50%,40.00%,-0.97%,48,30.19%,29.74%,6.73%,6.29%,1.07,-6.84%,64.58%,0.04152069542759018,-0.044762553207214006,3.43,7.15%,0.34%,129.74,37,56.76%,-1.34%,0.13%,-8.53%,1.85%,False
conf_1m_cdi_10_40_40_30,1,8,10.00%,40.00%,40.00%,30.00%,30.00%,40.00%,-1.36%,48,28.28%,27.86%,6.34%,6.11%,1.04,-6.84%,64.58%,0.03652893371422139,-0.044762553207214006,3.23,6.73%,0.32%,127.86,37,56.76%,-1.71%,0.13%,-10.36%,1.85%,False
conf_1m_cdi_10_40_40_40,1,8,10.00%,40.00%,40.00%,40.00%,32.50%,40.00%,-1.75%,48,26.38%,26.00%,5.95%,5.95%,1.00,-6.84%,64.58%,0.033605355192360964,-0.044762553207214006,3.05,6.36%,0.31%,126.00,37,56.76%,-2.08%,0.13%,-12.16%,1.85%,False
conf_1m_cdi_10_40_40_50,1,8,10.00%,40.00%,40.00%,50.00%,35.00%,50.00%,-2.15%,48,24.51%,24.11%,5.55%,5.81%,0.96,-6.84%,64.58%,0.033605355192360964,-0.044762553207214006,3.21,6.69%,0.32%,124.11,37,56.76%,-2.45%,0.13%,-13.99%,1.85%,False
conf_1m_cdi_10_40_50_00,1,8,10.00%,40.00%,50.00%,0.00%,25.00%,50.00%,-0.11%,48,34.53%,33.99%,7.59%,6.69%,1.13,-6.84%,64.58%,0.051505551784493786,-0.044762553207214006,4.01,8.34%,0.40%,133.99,37,56.76%,-0.48%,0.14%,-4.83%,2.21%,False
conf_1m_cdi_10_40_50_10,1,8,10.00%,40.00%,50.00%,10.00%,27.50%,50.00%,-0.49%,48,32.57%,32.07%,7.20%,6.47%,1.11,-6.84%,64.58%,0.046512900945293145,-0.044762553207214006,3.80,7.93%,0.38%,132.07,37,56.76%,-0.85%,0.14%,-6.69%,2.21%,False
conf_1m_cdi_10_40_50_20,1,8,10.00%,40.00%,50.00%,20.00%,30.00%,50.00%,-0.88%,48,30.63%,30.16%,6.81%,6.27%,1.09,-6.84%,64.58%,0.04152069542759018,-0.044762553207214006,3.60,7.50%,0.36%,130.16,37,56.76%,-1.23%,0.14%,-8.53%,2.21%,False
conf_1m_cdi_10_40_50_30,1,8,10.00%,40.00%,50.00%,30.00%,32.50%,50.00%,-1.27%,48,28.71%,28.28%,6.42%,6.09%,1.06,-6.84%,64.58%,0.03652893371422139,-0.044762553207214006,3.40,7.08%,0.34%,128.28,37,56.76%,-1.60%,0.14%,-10.36%,2.21%,False
conf_1m_cdi_10_40_50_40,1,8,10.00%,40.00%,50.00%,40.00%,35.00%,50.00%,-1.66%,48,26.82%,26.41%,6.03%,5.93%,1.02,-6.84%,64.58%,0.033605355192360964,-0.044762553207214006,3.22,6.71%,0.32%,126.41,37,56.76%,-1.97%,0.14%,-12.16%,2.21%,False
conf_1m_cdi_10_40_50_50,1,8,10.00%,40.00%,50.00%,50.00%,37.50%,50.00%,-2.06%,48,24.94%,24.52%,5.63%,5.79%,0.97,-6.84%,64.58%,0.033605355192360964,-0.044762553207214006,3.38,7.04%,0.34%,124.52,37,56.76%,-2.34%,0.14%,-13.99%,2.21%,False
conf_1m_cdi_10_50_00_00,1,8,10.00%,50.00%,0.00%,0.00%,15.00%,50.00%,-0.89%,48,30.84%,30.14%,6.81%,6.56%,1.04,-6.84%,64.58%,0.051505551784493786,-0.044762553207214006,5.41,11.26%,0.54%,130.14,37,40.54%,-1.53%,-0.24%,-6.74%,1.15%,False
conf_1m_cdi_10_50_00_10,1,8,10.00%,50.00%,0.00%,10.00%,17.50%,50.00%,-1.27%,48,28.94%,28.27%,6.42%,6.33%,1.01,-6.84%,64.58%,0.046512900945293145,-0.044762553207214006,5.21,10.84%,0.52%,128.27,37,40.54%,-1.90%,-0.24%,-8.58%,1.15%,False
conf_1m_cdi_10_50_00_20,1,8,10.00%,50.00%,0.00%,20.00%,20.00%,50.00%,-1.66%,48,27.05%,26.42%,6.04%,6.12%,0.99,-6.84%,64.58%,0.04152069542759018,-0.044762553207214006,5.00,10.42%,0.50%,126.42,37,40.54%,-2.28%,-0.24%,-10.39%,1.15%,False
conf_1m_cdi_10_50_00_30,1,8,10.00%,50.00%,0.00%,30.00%,22.50%,50.00%,-2.05%,48,25.19%,24.59%,5.65%,5.93%,0.95,-6.84%,64.58%,0.03652893371422139,-0.044762553207214006,4.80,10.00%,0.48%,124.59,37,40.54%,-2.64%,-0.24%,-12.19%,1.15%,False
conf_1m_cdi_10_50_00_40,1,8,10.00%,50.00%,0.00%,40.00%,25.00%,50.00%,-2.43%,48,23.34%,22.78%,5.26%,5.76%,0.91,-6.84%,64.58%,0.03350175314938442,-0.044762553207214006,4.59,9.57%,0.46%,122.78,37,40.54%,-3.01%,-0.24%,-13.97%,1.15%,False
conf_1m_cdi_10_50_00_50,1,8,10.00%,50.00%,0.00%,50.00%,27.50%,50.00%,-2.82%,48,21.52%,20.98%,4.88%,5.61%,0.87,-6.84%,64.58%,0.03350175314938442,-0.044762553207214006,4.41,9.18%,0.44%,120.98,37,40.54%,-3.37%,-0.24%,-15.73%,1.15%,False
conf_1m_cdi_10_50_10_00,1,8,10.00%,50.00%,10.00%,0.00%,17.50%,50.00%,-0.79%,48,31.30%,30.62%,6.91%,6.52%,1.06,-6.84%,64.58%,0.051505551784493786,-0.044762553207214006,5.20,10.83%,0.52%,130.62,37,40.54%,-1.41%,-0.24%,-6.74%,1.15%,False
conf_1m_cdi_10_50_10_10,1,8,10.00%,50.00%,10.00%,10.00%,20.00%,50.00%,-1.18%,48,29.39%,28.74%,6.52%,6.30%,1.04,-6.84%,64.58%,0.046512900945293145,-0.044762553207214006,4.99,10.41%,0.50%,128.74,37,40.54%,-1.78%,-0.24%,-8.58%,1.15%,False
conf_1m_cdi_10_50_10_20,1,8,10.00%,50.00%,10.00%,20.00%,22.50%,50.00%,-1.56%,48,27.49%,26.88%,6.13%,6.08%,1.01,-6.84%,64.58%,0.04152069542759018,-0.044762553207214006,4.79,9.98%,0.48%,126.88,37,40.54%,-2.15%,-0.24%,-10.39%,1.15%,False
conf_1m_cdi_10_50_10_30,1,8,10.00%,50.00%,10.00%,30.00%,25.00%,50.00%,-1.95%,48,25.62%,25.05%,5.75%,5.89%,0.98,-6.84%,64.58%,0.03652893371422139,-0.044762553207214006,4.59,9.56%,0.46%,125.05,37,40.54%,-2.52%,-0.24%,-12.19%,1.15%,False
conf_1m_cdi_10_50_10_40,1,8,10.00%,50.00%,10.00%,40.00%,27.50%,50.00%,-2.34%,48,23.77%,23.23%,5.36%,5.72%,0.94,-6.84%,64.58%,0.03350175314938442,-0.044762553207214006,4.38,9.13%,0.44%,123.23,37,40.54%,-2.88%,-0.24%,-13.97%,1.15%,False
conf_1m_cdi_10_50_10_50,1,8,10.00%,50.00%,10.00%,50.00%,30.00%,50.00%,-2.72%,48,21.94%,21.42%,4.97%,5.58%,0.89,-6.84%,64.58%,0.03350175314938442,-0.044762553207214006,4.20,8.75%,0.42%,121.42,37,40.54%,-3.24%,-0.24%,-15.73%,1.15%,False
conf_1m_cdi_10_50_20_00,1,8,10.00%,50.00%,20.00%,0.00%,20.00%,50.00%,-0.69%,48,31.75%,31.09%,7.00%,6.49%,1.08,-6.84%,64.58%,0.051505551784493786,-0.044762553207214006,4.99,10.39%,0.50%,131.09,37,43.24%,-1.28%,-0.24%,-6.74%,1.26%,False
conf_1m_cdi_10_50_20_10,1,8,10.00%,50.00%,20.00%,10.00%,22.50%,50.00%,-1.08%,48,29.83%,29.21%,6.62%,6.26%,1.06,-6.84%,64.58%,0.046512900945293145,-0.044762553207214006,4.78,9.97%,0.48%,129.21,37,43.24%,-1.66%,-0.24%,-8.58%,1.26%,False
conf_1m_cdi_10_50_20_20,1,8,10.00%,50.00%,20.00%,20.00%,25.00%,50.00%,-1.47%,48,27.93%,27.35%,6.23%,6.05%,1.03,-6.84%,64.58%,0.04152069542759018,-0.044762553207214006,4.58,9.55%,0.46%,127.35,37,43.24%,-2.03%,-0.24%,-10.39%,1.26%,False
conf_1m_cdi_10_50_20_30,1,8,10.00%,50.00%,20.00%,30.00%,27.50%,50.00%,-1.85%,48,26.05%,25.50%,5.84%,5.86%,1.00,-6.84%,64.58%,0.03652893371422139,-0.044762553207214006,4.38,9.12%,0.44%,125.50,37,43.24%,-2.39%,-0.24%,-12.19%,1.26%,False
conf_1m_cdi_10_50_20_40,1,8,10.00%,50.00%,20.00%,40.00%,30.00%,50.00%,-2.24%,48,24.20%,23.68%,5.46%,5.69%,0.96,-6.84%,64.58%,0.03350175314938442,-0.044762553207214006,4.17,8.69%,0.42%,123.68,37,43.24%,-2.76%,-0.24%,-13.97%,1.26%,False
conf_1m_cdi_10_50_20_50,1,8,10.00%,50.00%,20.00%,50.00%,32.50%,50.00%,-2.63%,48,22.36%,21.87%,5.07%,5.54%,0.91,-6.84%,64.58%,0.03350175314938442,-0.044762553207214006,3.99,8.31%,0.40%,121.87,37,43.24%,-3.12%,-0.24%,-15.73%,1.26%,False
conf_1m_cdi_10_50_30_00,1,8,10.00%,50.00%,30.00%,0.00%,22.50%,50.00%,-0.60%,48,32.20%,31.57%,7.10%,6.46%,1.10,-6.84%,66.67%,0.051505551784493786,-0.044762553207214006,4.78,9.95%,0.48%,131.57,37,43.24%,-1.16%,-0.13%,-6.74%,1.64%,False
conf_1m_cdi_10_50_30_10,1,8,10.00%,50.00%,30.00%,10.00%,25.00%,50.00%,-0.98%,48,30.28%,29.68%,6.71%,6.23%,1.08,-6.84%,66.67%,0.046512900945293145,-0.044762553207214006,4.57,9.53%,0.46%,129.68,37,43.24%,-1.53%,-0.13%,-8.58%,1.64%,False
conf_1m_cdi_10_50_30_20,1,8,10.00%,50.00%,30.00%,20.00%,27.50%,50.00%,-1.37%,48,28.37%,27.81%,6.33%,6.02%,1.05,-6.84%,66.67%,0.04152069542759018,-0.044762553207214006,4.37,9.11%,0.44%,127.81,37,43.24%,-1.90%,-0.13%,-10.39%,1.64%,False
conf_1m_cdi_10_50_30_30,1,8,10.00%,50.00%,30.00%,30.00%,30.00%,50.00%,-1.76%,48,26.49%,25.96%,5.94%,5.83%,1.02,-6.84%,66.67%,0.03652893371422139,-0.044762553207214006,4.17,8.68%,0.42%,125.96,37,43.24%,-2.27%,-0.13%,-12.19%,1.64%,False
conf_1m_cdi_10_50_30_40,1,8,10.00%,50.00%,30.00%,40.00%,32.50%,50.00%,-2.14%,48,24.62%,24.13%,5.55%,5.66%,0.98,-6.84%,66.67%,0.03350175314938442,-0.044762553207214006,3.96,8.25%,0.40%,124.13,37,43.24%,-2.63%,-0.13%,-13.97%,1.64%,False
conf_1m_cdi_10_50_30_50,1,8,10.00%,50.00%,30.00%,50.00%,35.00%,50.00%,-2.53%,48,22.78%,22.31%,5.16%,5.51%,0.94,-6.84%,66.67%,0.03350175314938442,-0.044762553207214006,3.78,7.87%,0.38%,122.31,37,43.24%,-2.99%,-0.13%,-15.73%,1.64%,False
conf_1m_cdi_10_50_40_00,1,8,10.00%,50.00%,40.00%,0.00%,25.00%,50.00%,-0.50%,48,32.66%,32.05%,7.20%,6.44%,1.12,-6.84%,66.67%,0.051505551784493786,-0.044762553207214006,4.57,9.51%,0.46%,132.05,37,48.65%,-1.03%,-0.12%,-6.74%,2.02%,False
conf_1m_cdi_10_50_40_10,1,8,10.00%,50.00%,40.00%,10.00%,27.50%,50.00%,-0.88%,48,30.72%,30.15%,6.81%,6.21%,1.10,-6.84%,66.67%,0.046512900945293145,-0.044762553207214006,4.36,9.09%,0.44%,130.15,37,48.65%,-1.41%,-0.12%,-8.58%,2.02%,False
conf_1m_cdi_10_50_40_20,1,8,10.00%,50.00%,40.00%,20.00%,30.00%,50.00%,-1.27%,48,28.81%,28.28%,6.42%,6.00%,1.07,-6.84%,66.67%,0.04152069542759018,-0.044762553207214006,4.16,8.67%,0.42%,128.28,37,48.65%,-1.78%,-0.12%,-10.39%,2.02%,False
conf_1m_cdi_10_50_40_30,1,8,10.00%,50.00%,40.00%,30.00%,32.50%,50.00%,-1.66%,48,26.92%,26.42%,6.04%,5.80%,1.04,-6.84%,66.67%,0.03652893371422139,-0.044762553207214006,3.96,8.24%,0.40%,126.42,37,48.65%,-2.14%,-0.12%,-12.19%,2.02%,False
conf_1m_cdi_10_50_40_40,1,8,10.00%,50.00%,40.00%,40.00%,35.00%,50.00%,-2.05%,48,25.05%,24.58%,5.65%,5.63%,1.00,-6.84%,66.67%,0.03350175314938442,-0.044762553207214006,3.75,7.82%,0.38%,124.58,37,48.65%,-2.51%,-0.12%,-13.97%,2.02%,False
conf_1m_cdi_10_50_40_50,1,8,10.00%,50.00%,40.00%,50.00%,37.50%,50.00%,-2.44%,48,23.20%,22.76%,5.26%,5.48%,0.96,-6.84%,66.67%,0.03350175314938442,-0.044762553207214006,3.57,7.43%,0.36%,122.76,37,48.65%,-2.87%,-0.12%,-15.73%,2.02%,False
conf_1m_cdi_10_50_50_00,1,8,10.00%,50.00%,50.00%,0.00%,27.50%,50.00%,-0.40%,48,33.11%,32.53%,7.29%,6.42%,1.14,-6.84%,66.67%,0.051505551784493786,-0.044762553207214006,4.39,9.14%,0.44%,132.53,37,54.05%,-0.91%,0.04%,-6.74%,2.39%,False
conf_1m_cdi_10_50_50_10,1,8,10.00%,50.00%,50.00%,10.00%,30.00%,50.00%,-0.79%,48,31.17%,30.62%,6.91%,6.19%,1.12,-6.84%,66.67%,0.046512900945293145,-0.044762553207214006,4.19,8.72%,0.42%,130.62,37,54.05%,-1.28%,0.04%,-8.58%,2.39%,False
conf_1m_cdi_10_50_50_20,1,8,10.00%,50.00%,50.00%,20.00%,32.50%,50.00%,-1.18%,48,29.25%,28.74%,6.52%,5.97%,1.09,-6.84%,66.67%,0.04152069542759018,-0.044762553207214006,3.98,8.30%,0.40%,128.74,37,54.05%,-1.65%,0.04%,-10.39%,2.39%,False
conf_1m_cdi_10_50_50_30,1,8,10.00%,50.00%,50.00%,30.00%,35.00%,50.00%,-1.56%,48,27.35%,26.87%,6.13%,5.78%,1.06,-6.84%,66.67%,0.03652893371422139,-0.044762553207214006,3.78,7.87%,0.38%,126.87,37,54.05%,-2.02%,0.04%,-12.19%,2.39%,False
conf_1m_cdi_10_50_50_40,1,8,10.00%,50.00%,50.00%,40.00%,37.50%,50.00%,-1.95%,48,25.48%,25.03%,5.74%,5.61%,1.02,-6.84%,66.67%,0.03350175314938442,-0.044762553207214006,3.57,7.44%,0.36%,125.03,37,54.05%,-2.38%,0.04%,-13.97%,2.39%,False
conf_1m_cdi_10_50_50_50,1,8,10.00%,50.00%,50.00%,50.00%,40.00%,50.00%,-2.34%,48,23.62%,23.20%,5.35%,5.46%,0.98,-6.84%,66.67%,0.03350175314938442,-0.044762553207214006,3.39,7.06%,0.34%,123.20,37,54.05%,-2.75%,0.04%,-15.73%,2.39%,False
conf_1m_cdi_20_00_00_00,1,8,20.00%,0.00%,0.00%,0.00%,5.00%,20.00%,1.22%,48,41.13%,40.73%,8.92%,7.97%,1.12,-8.33%,62.50%,0.051505551784493786,-0.06378991729048877,2.84,5.92%,0.28%,140.73,37,86.49%,1.30%,1.54%,-0.68%,3.05%,False
conf_1m_cdi_20_00_00_10,1,8,20.00%,0.00%,0.00%,10.00%,7.50%,20.00%,0.82%,48,39.08%,38.66%,8.51%,7.79%,1.09,-8.33%,62.50%,0.04976842754776656,-0.06378991729048877,3.00,6.26%,0.30%,138.66,37,86.49%,0.90%,0.66%,-0.68%,2.50%,False
conf_1m_cdi_20_00_00_20,1,8,20.00%,0.00%,0.00%,20.00%,10.00%,20.00%,0.42%,48,37.04%,36.61%,8.11%,7.63%,1.06,-8.33%,62.50%,0.04976842754776656,-0.06378991729048877,3.19,6.64%,0.32%,136.61,37,64.86%,0.49%,0.39%,-1.71%,2.50%,False
conf_1m_cdi_20_00_00_30,1,8,20.00%,0.00%,0.00%,30.00%,12.50%,30.00%,0.01%,48,35.03%,34.58%,7.71%,7.48%,1.03,-8.33%,62.50%,0.04976842754776656,-0.06378991729048877,3.38,7.03%,0.34%,134.58,37,59.46%,0.10%,0.39%,-3.55%,2.50%,False
conf_1m_cdi_20_00_00_40,1,8,20.00%,0.00%,0.00%,40.00%,15.00%,40.00%,-0.39%,48,33.04%,32.57%,7.30%,7.36%,0.99,-8.33%,62.50%,0.04976842754776656,-0.06378991729048877,3.57,7.43%,0.36%,132.57,37,59.46%,-0.30%,0.39%,-5.36%,2.50%,False
conf_1m_cdi_20_00_00_50,1,8,20.00%,0.00%,0.00%,50.00%,17.50%,50.00%,-0.80%,48,31.07%,30.58%,6.90%,7.25%,0.95,-8.33%,62.50%,0.04976842754776656,-0.06378991729048877,3.76,7.83%,0.38%,130.58,37,59.46%,-0.69%,0.39%,-7.16%,2.50%,False
conf_1m_cdi_20_00_10_00,1,8,20.00%,0.00%,10.00%,0.00%,7.50%,20.00%,1.31%,48,41.62%,41.20%,9.01%,7.94%,1.13,-8.33%,62.50%,0.051505551784493786,-0.06378991729048877,2.99,6.23%,0.30%,141.20,37,91.89%,1.41%,1.54%,-0.33%,3.05%,False
conf_1m_cdi_20_00_10_10,1,8,20.00%,0.00%,10.00%,10.00%,10.00%,20.00%,0.91%,48,39.56%,39.12%,8.60%,7.76%,1.11,-8.33%,62.50%,0.04976842754776656,-0.06378991729048877,3.16,6.58%,0.32%,139.12,37,91.89%,1.01%,0.81%,-0.33%,2.50%,False
conf_1m_cdi_20_00_10_20,1,8,20.00%,0.00%,10.00%,20.00%,12.50%,20.00%,0.50%,48,37.52%,37.06%,8.20%,7.60%,1.08,-8.33%,62.50%,0.04976842754776656,-0.06378991729048877,3.34,6.95%,0.33%,137.06,37,70.27%,0.61%,0.53%,-1.71%,2.50%,False
conf_1m_cdi_20_00_10_30,1,8,20.00%,0.00%,10.00%,30.00%,15.00%,30.00%,0.10%,48,35.50%,35.02%,7.80%,7.45%,1.05,-8.33%,62.50%,0.04976842754776656,-0.06378991729048877,3.53,7.35%,0.35%,135.02,37,67.57%,0.21%,0.53%,-3.55%,2.50%,False
conf_1m_cdi_20_00_10_40,1,8,20.00%,0.00%,10.00%,40.00%,17.50%,40.00%,-0.30%,48,33.50%,33.00%,7.39%,7.33%,1.01,-8.33%,62.50%,0.04976842754776656,-0.06378991729048877,3.72,7.75%,0.37%,133.00,37,64.86%,-0.18%,0.53%,-5.36%,2.50%,False
conf_1m_cdi_20_00_10_50,1,8,20.00%,0.00%,10.00%,50.00%,20.00%,50.00%,-0.71%,48,31.52%,31.01%,6.99%,7.22%,0.97,-8.33%,62.50%,0.04976842754776656,-0.06378991729048877,3.91,8.14%,0.39%,131.01,37,64.86%,-0.57%,0.53%,-7.16%,2.50%,False
conf_1m_cdi_20_00_20_00,1,8,20.00%,0.00%,20.00%,0.00%,10.00%,20.00%,1.40%,48,42.11%,41.66%,9.10%,7.91%,1.15,-8.33%,62.50%,0.051505551784493786,-0.06378991729048877,3.18,6.63%,0.32%,141.66,37,100.00%,1.53%,1.55%,0.00%,3.05%,False
conf_1m_cdi_20_00_20_10,1,8,20.00%,0.00%,20.00%,10.00%,12.50%,20.00%,1.00%,48,40.04%,39.57%,8.69%,7.73%,1.12,-8.33%,62.50%,0.04976842754776656,-0.06378991729048877,3.35,6.97%,0.33%,139.57,37,100.00%,1.12%,0.98%,0.00%,2.50%,False
conf_1m_cdi_20_00_20_20,1,8,20.00%,0.00%,20.00%,20.00%,15.00%,20.00%,0.59%,48,37.99%,37.50%,8.29%,7.57%,1.09,-8.33%,62.50%,0.04976842754776656,-0.06378991729048877,3.53,7.35%,0.35%,137.50,37,78.38%,0.72%,0.81%,-1.71%,2.50%,False
conf_1m_cdi_20_00_20_30,1,8,20.00%,0.00%,20.00%,30.00%,17.50%,30.00%,0.19%,48,35.96%,35.46%,7.88%,7.42%,1.06,-8.33%,62.50%,0.04976842754776656,-0.06378991729048877,3.72,7.75%,0.37%,135.46,37,78.38%,0.32%,0.81%,-3.55%,2.50%,False
conf_1m_cdi_20_00_20_40,1,8,20.00%,0.00%,20.00%,40.00%,20.00%,40.00%,-0.22%,48,33.96%,33.44%,7.48%,7.30%,1.02,-8.33%,62.50%,0.04976842754776656,-0.06378991729048877,3.91,8.15%,0.39%,133.44,37,72.97%,-0.07%,0.81%,-5.36%,2.50%,False
conf_1m_cdi_20_00_20_50,1,8,20.00%,0.00%,20.00%,50.00%,22.50%,50.00%,-0.62%,48,31.98%,31.44%,7.07%,7.19%,0.98,-8.33%,62.50%,0.04976842754776656,-0.06378991729048877,4.10,8.54%,0.41%,131.44,37,72.97%,-0.46%,0.81%,-7.16%,2.50%,False
conf_1m_cdi_20_00_30_00,1,8,20.00%,0.00%,30.00%,0.00%,12.50%,30.00%,1.49%,48,42.60%,42.12%,9.18%,7.89%,1.16,-8.33%,64.58%,0.051505551784493786,-0.06378991729048877,3.38,7.03%,0.34%,142.12,37,100.00%,1.64%,1.72%,0.34%,3.05%,False
conf_1m_cdi_20_00_30_10,1,8,20.00%,0.00%,30.00%,10.00%,15.00%,30.00%,1.08%,48,40.52%,40.02%,8.78%,7.71%,1.14,-8.33%,64.58%,0.04976842754776656,-0.06378991729048877,3.54,7.37%,0.35%,140.02,37,100.00%,1.24%,1.15%,0.14%,2.50%,False
conf_1m_cdi_20_00_30_20,1,8,20.00%,0.00%,30.00%,20.00%,17.50%,30.00%,0.68%,48,38.46%,37.95%,8.38%,7.55%,1.11,-8.33%,64.58%,0.04976842754776656,-0.06378991729048877,3.72,7.75%,0.37%,137.95,37,81.08%,0.83%,1.01%,-1.71%,2.50%,False
conf_1m_cdi_20_00_30_30,1,8,20.00%,0.00%,30.00%,30.00%,20.00%,30.00%,0.27%,48,36.43%,35.90%,7.97%,7.40%,1.08,-8.33%,64.58%,0.04976842754776656,-0.06378991729048877,3.91,8.15%,0.39%,135.90,37,78.38%,0.44%,1.01%,-3.55%,2.50%,False
conf_1m_cdi_20_00_30_40,1,8,20.00%,0.00%,30.00%,40.00%,22.50%,40.00%,-0.13%,48,34.42%,33.87%,7.56%,7.27%,1.04,-8.33%,64.58%,0.04976842754776656,-0.06378991729048877,4.10,8.55%,0.41%,133.87,37,75.68%,0.04%,1.01%,-5.36%,2.50%,False
conf_1m_cdi_20_00_30_50,1,8,20.00%,0.00%,30.00%,50.00%,25.00%,50.00%,-0.54%,48,32.43%,31.86%,7.16%,7.17%,1.00,-8.33%,64.58%,0.04976842754776656,-0.06378991729048877,4.29,8.94%,0.43%,131.86,37,72.97%,-0.35%,1.01%,-7.16%,2.50%,False
conf_1m_cdi_20_00_40_00,1,8,20.00%,0.00%,40.00%,0.00%,15.00%,40.00%,1.58%,48,43.08%,42.58%,9.27%,7.87%,1.18,-8.33%,64.58%,0.051505551784493786,-0.06378991729048877,3.57,7.43%,0.36%,142.58,37,100.00%,1.75%,1.82%,0.50%,3.05%,False
conf_1m_cdi_20_00_40_10,1,8,20.00%,0.00%,40.00%,10.00%,17.50%,40.00%,1.17%,48,41.00%,40.48%,8.87%,7.69%,1.15,-8.33%,64.58%,0.04976842754776656,-0.06378991729048877,3.73,7.77%,0.37%,140.48,37,100.00%,1.35%,1.31%,0.14%,2.50%,False
conf_1m_cdi_20_00_40_20,1,8,20.00%,0.00%,40.00%,20.00%,20.00%,40.00%,0.77%,48,38.94%,38.40%,8.46%,7.52%,1.12,-8.33%,64.58%,0.04976842754776656,-0.06378991729048877,3.91,8.15%,0.39%,138.40,37,81.08%,0.95%,1.21%,-1.71%,2.50%,False
conf_1m_cdi_20_00_40_30,1,8,20.00%,0.00%,40.00%,30.00%,22.50%,40.00%,0.36%,48,36.90%,36.34%,8.06%,7.38%,1.09,-8.33%,64.58%,0.04976842754776656,-0.06378991729048877,4.10,8.55%,0.41%,136.34,37,78.38%,0.55%,1.21%,-3.55%,2.50%,False
conf_1m_cdi_20_00_40_40,1,8,20.00%,0.00%,40.00%,40.00%,25.00%,40.00%,-0.04%,48,34.88%,34.30%,7.65%,7.25%,1.06,-8.33%,64.58%,0.04976842754776656,-0.06378991729048877,4.29,8.95%,0.43%,134.30,37,75.68%,0.16%,1.21%,-5.36%,2.50%,False
conf_1m_cdi_20_00_40_50,1,8,20.00%,0.00%,40.00%,50.00%,27.50%,50.00%,-0.45%,48,32.88%,32.29%,7.25%,7.15%,1.01,-8.33%,64.58%,0.04976842754776656,-0.06378991729048877,4.48,9.34%,0.45%,132.29,37,72.97%,-0.24%,1.21%,-7.16%,2.50%,False
conf_1m_cdi_20_00_50_00,1,8,20.00%,0.00%,50.00%,0.00%,17.50%,50.00%,1.67%,48,43.57%,43.04%,9.36%,7.85%,1.19,-8.33%,64.58%,0.051505551784493786,-0.06378991729048877,3.76,7.83%,0.38%,143.04,37,100.00%,1.87%,1.91%,0.49%,3.05%,False
conf_1m_cdi_20_00_50_10,1,8,20.00%,0.00%,50.00%,10.00%,20.00%,50.00%,1.26%,48,41.48%,40.93%,8.96%,7.67%,1.17,-8.33%,64.58%,0.04976842754776656,-0.06378991729048877,3.92,8.17%,0.39%,140.93,37,100.00%,1.46%,1.48%,0.14%,2.51%,False
conf_1m_cdi_20_00_50_20,1,8,20.00%,0.00%,50.00%,20.00%,22.50%,50.00%,0.85%,48,39.41%,38.84%,8.55%,7.51%,1.14,-8.33%,64.58%,0.04976842754776656,-0.06378991729048877,4.10,8.55%,0.41%,138.84,37,81.08%,1.06%,1.40%,-1.71%,2.50%,False
conf_1m_cdi_20_00_50_30,1,8,20.00%,0.00%,50.00%,30.00%,25.00%,50.00%,0.45%,48,37.37%,36.78%,8.14%,7.36%,1.11,-8.33%,64.58%,0.04976842754776656,-0.06378991729048877,4.29,8.94%,0.43%,136.78,37,78.38%,0.66%,1.40%,-3.55%,2.50%,False
conf_1m_cdi_20_00_50_40,1,8,20.00%,0.00%,50.00%,40.00%,27.50%,50.00%,0.04%,48,35.34%,34.74%,7.74%,7.23%,1.07,-8.33%,64.58%,0.04976842754776656,-0.06378991729048877,4.48,9.34%,0.45%,134.74,37,75.68%,0.27%,1.40%,-5.36%,2.50%,False
conf_1m_cdi_20_00_50_50,1,8,20.00%,0.00%,50.00%,50.00%,30.00%,50.00%,-0.36%,48,33.34%,32.72%,7.33%,7.13%,1.03,-8.33%,64.58%,0.04976842754776656,-0.06378991729048877,4.68,9.74%,0.47%,132.72,37,75.68%,-0.12%,1.40%,-7.16%,2.50%,False
conf_1m_cdi_20_10_00_00,1,8,20.00%,10.00%,0.00%,0.00%,7.50%,20.00%,0.95%,48,39.72%,39.34%,8.65%,7.56%,1.14,-7.67%,62.50%,0.051505551784493786,-0.05699870227928483,2.73,5.69%,0.27%,139.34,37,72.97%,0.87%,1.02%,-0.71%,2.44%,False
conf_1m_cdi_20_10_00_10,1,8,20.00%,10.00%,0.00%,10.00%,10.00%,20.00%,0.56%,48,37.68%,37.33%,8.25%,7.38%,1.12,-7.67%,62.50%,0.046512900945293145,-0.05699870227928483,2.57,5.35%,0.26%,137.33,37,51.35%,0.48%,0.33%,-0.90%,2.44%,False
conf_1m_cdi_20_10_00_20,1,8,20.00%,10.00%,0.00%,20.00%,12.50%,20.00%,0.16%,48,35.67%,35.30%,7.85%,7.20%,1.09,-7.67%,62.50%,0.045073387682071475,-0.05699870227928483,2.73,5.69%,0.27%,135.30,37,51.35%,0.09%,0.33%,-2.88%,2.44%,False
conf_1m_cdi_20_10_00_30,1,8,20.00%,10.00%,0.00%,30.00%,15.00%,30.00%,-0.25%,48,33.68%,33.29%,7.45%,7.05%,1.06,-7.67%,62.50%,0.045073387682071475,-0.05699870227928483,2.91,6.06%,0.29%,133.29,37,51.35%,-0.31%,0.33%,-4.83%,2.44%,False
conf_1m_cdi_20_10_00_40,1,8,20.00%,10.00%,0.00%,40.00%,17.50%,40.00%,-0.65%,48,31.71%,31.30%,7.04%,6.91%,1.02,-7.67%,62.50%,0.045073387682071475,-0.05699870227928483,3.10,6.46%,0.31%,131.30,37,51.35%,-0.70%,0.33%,-6.77%,2.44%,False
conf_1m_cdi_20_10_00_50,1,8,20.00%,10.00%,0.00%,50.00%,20.00%,50.00%,-1.05%,48,29.76%,29.33%,6.64%,6.80%,0.98,-7.67%,62.50%,0.045073387682071475,-0.05699870227928483,3.29,6.86%,0.33%,129.33,37,51.35%,-1.08%,0.33%,-8.68%,2.44%,False
conf_1m_cdi_20_10_10_00,1,8,20.00%,10.00%,10.00%,0.00%,10.00%,20.00%,1.05%,48,40.20%,39.84%,8.74%,7.53%,1.16,-7.67%,62.50%,0.051505551784493786,-0.05699870227928483,2.56,5.34%,0.26%,139.84,37,83.78%,1.00%,1.02%,-0.32%,2.44%,False
conf_1m_cdi_20_10_10_10,1,8,20.00%,10.00%,10.00%,10.00%,12.50%,20.00%,0.66%,48,38.16%,37.83%,8.35%,7.34%,1.14,-7.67%,62.50%,0.046512900945293145,-0.05699870227928483,2.40,5.00%,0.24%,137.83,37,56.76%,0.61%,0.61%,-0.90%,2.44%,False
conf_1m_cdi_20_10_10_20,1,8,20.00%,10.00%,10.00%,20.00%,15.00%,20.00%,0.25%,48,36.14%,35.79%,7.95%,7.17%,1.11,-7.67%,62.50%,0.045073387682071475,-0.05699870227928483,2.56,5.34%,0.26%,135.79,37,56.76%,0.21%,0.61%,-2.88%,2.44%,False
conf_1m_cdi_20_10_10_30,1,8,20.00%,10.00%,10.00%,30.00%,17.50%,30.00%,-0.15%,48,34.14%,33.77%,7.55%,7.02%,1.08,-7.67%,62.50%,0.045073387682071475,-0.05699870227928483,2.74,5.71%,0.27%,133.77,37,56.76%,-0.18%,0.61%,-4.83%,2.44%,False
conf_1m_cdi_20_10_10_40,1,8,20.00%,10.00%,10.00%,40.00%,20.00%,40.00%,-0.55%,48,32.16%,31.77%,7.14%,6.88%,1.04,-7.67%,62.50%,0.045073387682071475,-0.05699870227928483,2.93,6.11%,0.29%,131.77,37,56.76%,-0.57%,0.61%,-6.77%,2.44%,False
conf_1m_cdi_20_10_10_50,1,8,20.00%,10.00%,10.00%,50.00%,22.50%,50.00%,-0.96%,48,30.20%,29.80%,6.74%,6.77%,1.00,-7.67%,62.50%,0.045073387682071475,-0.05699870227928483,3.12,6.51%,0.31%,129.80,37,56.76%,-0.96%,0.61%,-8.68%,2.44%,False
conf_1m_cdi_20_10_20_00,1,8,20.00%,10.00%,20.00%,0.00%,12.50%,20.00%,1.14%,48,40.68%,40.30%,8.83%,7.50%,1.18,-7.67%,62.50%,0.051505551784493786,-0.05699870227928483,2.72,5.66%,0.27%,140.30,37,100.00%,1.11%,1.05%,0.03%,2.44%,False
conf_1m_cdi_20_10_20_10,1,8,20.00%,10.00%,20.00%,10.00%,15.00%,20.00%,0.74%,48,38.63%,38.28%,8.44%,7.32%,1.15,-7.67%,62.50%,0.046512900945293145,-0.05699870227928483,2.55,5.32%,0.26%,138.28,37,72.97%,0.72%,0.64%,-0.90%,2.44%,False
conf_1m_cdi_20_10_20_20,1,8,20.00%,10.00%,20.00%,20.00%,17.50%,20.00%,0.34%,48,36.61%,36.24%,8.04%,7.14%,1.13,-7.67%,62.50%,0.045073387682071475,-0.05699870227928483,2.72,5.66%,0.27%,136.24,37,72.97%,0.32%,0.64%,-2.88%,2.44%,False
conf_1m_cdi_20_10_20_30,1,8,20.00%,10.00%,20.00%,30.00%,20.00%,30.00%,-0.06%,48,34.60%,34.21%,7.63%,6.99%,1.09,-7.67%,62.50%,0.045073387682071475,-0.05699870227928483,2.90,6.04%,0.29%,134.21,37,72.97%,-0.07%,0.64%,-4.83%,2.44%,False
conf_1m_cdi_20_10_20_40,1,8,20.00%,10.00%,20.00%,40.00%,22.50%,40.00%,-0.47%,48,32.62%,32.21%,7.23%,6.85%,1.06,-7.67%,62.50%,0.045073387682071475,-0.05699870227928483,3.09,6.44%,0.31%,132.21,37,72.97%,-0.46%,0.64%,-6.77%,2.44%,False
conf_1m_cdi_20_10_20_50,1,8,20.00%,10.00%,20.00%,50.00%,25.00%,50.00%,-0.87%,48,30.65%,30.22%,6.83%,6.74%,1.01,-7.67%,62.50%,0.045073387682071475,-0.05699870227928483,3.28,6.83%,0.33%,130.22,37,72.97%,-0.84%,0.64%,-8.68%,2.44%,False
conf_1m_cdi_20_10_30_00,1,8,20.00%,10.00%,30.00%,0.00%,15.00%,30.00%,1.23%,48,41.17%,40.76%,8.92%,7.48%,1.19,-7.67%,64.58%,0.051505551784493786,-0.05699870227928483,2.91,6.06%,0.29%,140.76,37,100.00%,1.22%,1.06%,0.36%,2.44%,False
conf_1m_cdi_20_10_30_10,1,8,20.00%,10.00%,30.00%,10.00%,17.50%,30.00%,0.83%,48,39.11%,38.73%,8.53%,7.29%,1.17,-7.67%,64.58%,0.046512900945293145,-0.05699870227928483,2.75,5.72%,0.27%,138.73,37,75.68%,0.83%,0.69%,-0.90%,2.44%,False
conf_1m_cdi_20_10_30_20,1,8,20.00%,10.00%,30.00%,20.00%,20.00%,30.00%,0.43%,48,37.08%,36.68%,8.12%,7.12%,1.14,-7.67%,64.58%,0.045073387682071475,-0.05699870227928483,2.91,6.06%,0.29%,136.68,37,72.97%,0.44%,0.69%,-2.88%,2.44%,False
conf_1m_cdi_20_10_30_30,1,8,20.00%,10.00%,30.00%,30.00%,22.50%,30.00%,0.03%,48,35.06%,34.65%,7.72%,6.96%,1.11,-7.67%,64.58%,0.045073387682071475,-0.05699870227928483,3.09,6.44%,0.31%,134.65,37,72.97%,0.04%,0.69%,-4.83%,2.44%,False
conf_1m_cdi_20_10_30_40,1,8,20.00%,10.00%,30.00%,40.00%,25.00%,40.00%,-0.38%,48,33.07%,32.64%,7.32%,6.82%,1.07,-7.67%,64.58%,0.045073387682071475,-0.05699870227928483,3.28,6.84%,0.33%,132.64,37,72.97%,-0.35%,0.69%,-6.77%,2.44%,False
conf_1m_cdi_20_10_30_50,1,8,20.00%,10.00%,30.00%,50.00%,27.50%,50.00%,-0.78%,48,31.10%,30.65%,6.91%,6.71%,1.03,-7.67%,64.58%,0.045073387682071475,-0.05699870227928483,3.47,7.23%,0.35%,130.65,37,72.97%,-0.73%,0.69%,-8.68%,2.44%,False
conf_1m_cdi_20_10_40_00,1,8,20.00%,10.00%,40.00%,0.00%,17.50%,40.00%,1.31%,48,41.65%,41.21%,9.01%,7.46%,1.21,-7.67%,64.58%,0.051505551784493786,-0.05699870227928483,3.10,6.46%,0.31%,141.21,37,100.00%,1.34%,1.12%,0.48%,2.44%,False
conf_1m_cdi_20_10_40_10,1,8,20.00%,10.00%,40.00%,10.00%,20.00%,40.00%,0.92%,48,39.59%,39.18%,8.62%,7.27%,1.19,-7.67%,64.58%,0.046512900945293145,-0.05699870227928483,2.94,6.12%,0.29%,139.18,37,81.08%,0.95%,1.02%,-0.90%,2.44%,False
conf_1m_cdi_20_10_40_20,1,8,20.00%,10.00%,40.00%,20.00%,22.50%,40.00%,0.52%,48,37.55%,37.12%,8.21%,7.09%,1.16,-7.67%,64.58%,0.045073387682071475,-0.05699870227928483,3.10,6.46%,0.31%,137.12,37,72.97%,0.55%,1.02%,-2.88%,2.44%,False
conf_1m_cdi_20_10_40_30,1,8,20.00%,10.00%,40.00%,30.00%,25.00%,40.00%,0.11%,48,35.53%,35.08%,7.81%,6.94%,1.13,-7.67%,64.58%,0.045073387682071475,-0.05699870227928483,3.28,6.84%,0.33%,135.08,37,72.97%,0.16%,1.02%,-4.83%,2.44%,False
conf_1m_cdi_20_10_40_40,1,8,20.00%,10.00%,40.00%,40.00%,27.50%,40.00%,-0.29%,48,33.53%,33.07%,7.40%,6.80%,1.09,-7.67%,64.58%,0.045073387682071475,-0.05699870227928483,3.47,7.23%,0.35%,133.07,37,72.97%,-0.23%,1.02%,-6.77%,2.44%,False
conf_1m_cdi_20_10_40_50,1,8,20.00%,10.00%,40.00%,50.00%,30.00%,50.00%,-0.70%,48,31.55%,31.07%,7.00%,6.69%,1.05,-7.67%,64.58%,0.045073387682071475,-0.05699870227928483,3.66,7.63%,0.37%,131.07,37,72.97%,-0.62%,1.02%,-8.68%,2.44%,False
conf_1m_cdi_20_10_50_00,1,8,20.00%,10.00%,50.00%,0.00%,20.00%,50.00%,1.40%,48,42.13%,41.67%,9.10%,7.44%,1.22,-7.67%,64.58%,0.051505551784493786,-0.05699870227928483,3.29,6.86%,0.33%,141.67,37,100.00%,1.45%,1.37%,0.61%,2.44%,False
conf_1m_cdi_20_10_50_10,1,8,20.00%,10.00%,50.00%,10.00%,22.50%,50.00%,1.01%,48,40.07%,39.63%,8.70%,7.25%,1.20,-7.67%,64.58%,0.046512900945293145,-0.05699870227928483,3.13,6.52%,0.31%,139.63,37,81.08%,1.06%,1.30%,-0.90%,2.44%,False
conf_1m_cdi_20_10_50_20,1,8,20.00%,10.00%,50.00%,20.00%,25.00%,50.00%,0.60%,48,38.02%,37.56%,8.30%,7.07%,1.17,-7.67%,64.58%,0.045073387682071475,-0.05699870227928483,3.29,6.86%,0.33%,137.56,37,75.68%,0.66%,1.30%,-2.88%,2.44%,False
conf_1m_cdi_20_10_50_30,1,8,20.00%,10.00%,50.00%,30.00%,27.50%,50.00%,0.20%,48,35.99%,35.52%,7.89%,6.92%,1.14,-7.67%,64.58%,0.045073387682071475,-0.05699870227928483,3.47,7.23%,0.35%,135.52,37,72.97%,0.27%,1.30%,-4.83%,2.44%,False
conf_1m_cdi_20_10_50_40,1,8,20.00%,10.00%,50.00%,40.00%,30.00%,50.00%,-0.21%,48,33.98%,33.49%,7.49%,6.78%,1.10,-7.67%,64.58%,0.045073387682071475,-0.05699870227928483,3.66,7.63%,0.37%,133.49,37,72.97%,-0.12%,1.30%,-6.77%,2.44%,False
conf_1m_cdi_20_10_50_50,1,8,20.00%,10.00%,50.00%,50.00%,32.50%,50.00%,-0.61%,48,32.00%,31.49%,7.08%,6.67%,1.06,-7.67%,64.58%,0.045073387682071475,-0.05699870227928483,3.85,8.03%,0.39%,131.49,37,72.97%,-0.51%,1.30%,-8.68%,2.44%,False
conf_1m_cdi_20_20_00_00,1,8,20.00%,20.00%,0.00%,0.00%,10.00%,20.00%,0.67%,48,38.30%,37.91%,8.37%,7.19%,1.16,-7.00%,62.50%,0.051505551784493786,-0.050222489462444564,2.77,5.78%,0.28%,137.91,37,59.46%,0.44%,0.51%,-1.82%,2.37%,False
conf_1m_cdi_20_20_00_10,1,8,20.00%,20.00%,0.00%,10.00%,12.50%,20.00%,0.28%,48,36.28%,35.93%,7.98%,6.99%,1.14,-7.00%,62.50%,0.046512900945293145,-0.050222489462444564,2.57,5.36%,0.26%,135.93,37,51.35%,0.06%,0.36%,-2.85%,2.37%,False
conf_1m_cdi_20_20_00_20,1,8,20.00%,20.00%,0.00%,20.00%,15.00%,20.00%,-0.11%,48,34.29%,33.97%,7.58%,6.80%,1.11,-7.00%,62.50%,0.04152069542759018,-0.050222489462444564,2.40,5.01%,0.24%,133.97,37,51.35%,-0.32%,0.36%,-4.75%,2.37%,False
conf_1m_cdi_20_20_00_30,1,8,20.00%,20.00%,0.00%,30.00%,17.50%,30.00%,-0.51%,48,32.32%,31.98%,7.18%,6.64%,1.08,-7.00%,62.50%,0.04037911167132746,-0.050222489462444564,2.56,5.34%,0.26%,131.98,37,51.35%,-0.71%,0.36%,-6.68%,2.37%,False
conf_1m_cdi_20_20_00_40,1,8,20.00%,20.00%,0.00%,40.00%,20.00%,40.00%,-0.91%,48,30.37%,30.01%,6.78%,6.49%,1.04,-7.00%,62.50%,0.04037911167132746,-0.050222489462444564,2.75,5.72%,0.27%,130.01,37,51.35%,-1.10%,0.36%,-8.59%,2.37%,False
conf_1m_cdi_20_20_00_50,1,8,20.00%,20.00%,0.00%,50.00%,22.50%,50.00%,-1.32%,48,28.44%,28.06%,6.38%,6.37%,1.00,-7.00%,62.50%,0.04037911167132746,-0.050222489462444564,2.94,6.12%,0.29%,128.06,37,51.35%,-1.48%,0.36%,-10.47%,2.37%,False
conf_1m_cdi_20_20_10_00,1,8,20.00%,20.00%,10.00%,0.00%,12.50%,20.00%,0.77%,48,38.78%,38.42%,8.47%,7.15%,1.18,-7.00%,62.50%,0.051505551784493786,-0.050222489462444564,2.56,5.34%,0.26%,138.42,37,64.86%,0.57%,0.63%,-1.43%,2.37%,False
conf_1m_cdi_20_20_10_10,1,8,20.00%,20.00%,10.00%,10.00%,15.00%,20.00%,0.38%,48,36.75%,36.43%,8.08%,6.95%,1.16,-7.00%,62.50%,0.046512900945293145,-0.050222489462444564,2.36,4.92%,0.24%,136.43,37,56.76%,0.18%,0.52%,-2.85%,2.37%,False
conf_1m_cdi_20_20_10_20,1,8,20.00%,20.00%,10.00%,20.00%,17.50%,20.00%,-0.01%,48,34.75%,34.46%,7.68%,6.77%,1.14,-7.00%,62.50%,0.04152069542759018,-0.050222489462444564,2.19,4.57%,0.22%,134.46,37,56.76%,-0.20%,0.52%,-4.75%,2.37%,True
conf_1m_cdi_20_20_10_30,1,8,20.00%,20.00%,10.00%,30.00%,20.00%,30.00%,-0.41%,48,32.78%,32.46%,7.28%,6.60%,1.10,-7.00%,62.50%,0.04037911167132746,-0.050222489462444564,2.35,4.90%,0.24%,132.46,37,56.76%,-0.59%,0.52%,-6.68%,2.37%,False
conf_1m_cdi_20_20_10_40,1,8,20.00%,20.00%,10.00%,40.00%,22.50%,40.00%,-0.82%,48,30.82%,30.49%,6.88%,6.46%,1.07,-7.00%,62.50%,0.04037911167132746,-0.050222489462444564,2.54,5.29%,0.25%,130.49,37,56.76%,-0.97%,0.52%,-8.59%,2.37%,False
conf_1m_cdi_20_20_10_50,1,8,20.00%,20.00%,10.00%,50.00%,25.00%,50.00%,-1.22%,48,28.88%,28.53%,6.48%,6.33%,1.02,-7.00%,62.50%,0.04037911167132746,-0.050222489462444564,2.73,5.68%,0.27%,128.53,37,56.76%,-1.36%,0.52%,-10.47%,2.37%,False
conf_1m_cdi_20_20_20_00,1,8,20.00%,20.00%,20.00%,0.00%,15.00%,20.00%,0.87%,48,39.25%,38.92%,8.57%,7.12%,1.20,-7.00%,62.50%,0.051505551784493786,-0.050222489462444564,2.39,4.98%,0.24%,138.92,37,70.27%,0.70%,0.71%,-1.06%,2.37%,False
conf_1m_cdi_20_20_20_10,1,8,20.00%,20.00%,20.00%,10.00%,17.50%,20.00%,0.48%,48,37.23%,36.93%,8.17%,6.92%,1.18,-7.00%,62.50%,0.046512900945293145,-0.050222489462444564,2.19,4.56%,0.22%,136.93,37,62.16%,0.31%,0.61%,-2.85%,2.37%,True
conf_1m_cdi_20_20_20_20,1,8,20.00%,20.00%,20.00%,20.00%,20.00%,20.00%,0.08%,48,35.22%,34.95%,7.78%,6.74%,1.15,-7.00%,62.50%,0.04152069542759018,-0.050222489462444564,2.02,4.21%,0.20%,134.95,37,62.16%,-0.07%,0.61%,-4.75%,2.37%,True
conf_1m_cdi_20_20_20_30,1,8,20.00%,20.00%,20.00%,30.00%,22.50%,30.00%,-0.32%,48,33.23%,32.94%,7.38%,6.57%,1.12,-7.00%,62.50%,0.04037911167132746,-0.050222489462444564,2.18,4.55%,0.22%,132.94,37,62.16%,-0.46%,0.61%,-6.68%,2.37%,True
conf_1m_cdi_20_20_20_40,1,8,20.00%,20.00%,20.00%,40.00%,25.00%,40.00%,-0.72%,48,31.27%,30.96%,6.98%,6.42%,1.09,-7.00%,62.50%,0.04037911167132746,-0.050222489462444564,2.37,4.93%,0.24%,130.96,37,62.16%,-0.85%,0.61%,-8.59%,2.37%,False
conf_1m_cdi_20_20_20_50,1,8,20.00%,20.00%,20.00%,50.00%,27.50%,50.00%,-1.12%,48,29.33%,28.99%,6.57%,6.30%,1.04,-7.00%,62.50%,0.04037911167132746,-0.050222489462444564,2.56,5.33%,0.26%,128.99,37,62.16%,-1.23%,0.61%,-10.47%,2.37%,False
conf_1m_cdi_20_20_30_00,1,8,20.00%,20.00%,30.00%,0.00%,17.50%,30.00%,0.96%,48,39.73%,39.38%,8.65%,7.10%,1.22,-7.00%,64.58%,0.051505551784493786,-0.050222489462444564,2.55,5.32%,0.26%,139.38,37,75.68%,0.81%,0.82%,-0.93%,2.37%,False
conf_1m_cdi_20_20_30_10,1,8,20.00%,20.00%,30.00%,10.00%,20.00%,30.00%,0.57%,48,37.70%,37.37%,8.26%,6.89%,1.20,-7.00%,64.58%,0.046512900945293145,-0.050222489462444564,2.35,4.90%,0.23%,137.37,37,67.57%,0.42%,0.81%,-2.85%,2.37%,False
conf_1m_cdi_20_20_30_20,1,8,20.00%,20.00%,30.00%,20.00%,22.50%,30.00%,0.17%,48,35.68%,35.39%,7.87%,6.71%,1.17,-7.00%,64.58%,0.04152069542759018,-0.050222489462444564,2.18,4.54%,0.22%,135.39,37,67.57%,0.04%,0.81%,-4.75%,2.37%,True
conf_1m_cdi_20_20_30_30,1,8,20.00%,20.00%,30.00%,30.00%,25.00%,30.00%,-0.23%,48,33.69%,33.38%,7.47%,6.54%,1.14,-7.00%,64.58%,0.04037911167132746,-0.050222489462444564,2.34,4.88%,0.23%,133.38,37,67.57%,-0.35%,0.81%,-6.68%,2.37%,False
conf_1m_cdi_20_20_30_40,1,8,20.00%,20.00%,30.00%,40.00%,27.50%,40.00%,-0.63%,48,31.72%,31.39%,7.06%,6.40%,1.10,-7.00%,64.58%,0.04037911167132746,-0.050222489462444564,2.53,5.26%,0.25%,131.39,37,67.57%,-0.74%,0.81%,-8.59%,2.37%,False
conf_1m_cdi_20_20_30_50,1,8,20.00%,20.00%,30.00%,50.00%,30.00%,50.00%,-1.04%,48,29.77%,29.42%,6.66%,6.27%,1.06,-7.00%,64.58%,0.04037911167132746,-0.050222489462444564,2.72,5.66%,0.27%,129.42,37,67.57%,-1.12%,0.81%,-10.47%,2.37%,False
conf_1m_cdi_20_20_40_00,1,8,20.00%,20.00%,40.00%,0.00%,20.00%,40.00%,1.05%,48,40.21%,39.83%,8.74%,7.07%,1.24,-7.00%,64.58%,0.051505551784493786,-0.050222489462444564,2.74,5.71%,0.27%,139.83,37,78.38%,0.92%,0.96%,-0.93%,2.37%,False
conf_1m_cdi_20_20_40_10,1,8,20.00%,20.00%,40.00%,10.00%,22.50%,40.00%,0.65%,48,38.17%,37.82%,8.35%,6.87%,1.22,-7.00%,64.58%,0.046512900945293145,-0.050222489462444564,2.54,5.29%,0.25%,137.82,37,70.27%,0.53%,0.86%,-2.85%,2.37%,False
conf_1m_cdi_20_20_40_20,1,8,20.00%,20.00%,40.00%,20.00%,25.00%,40.00%,0.26%,48,36.15%,35.83%,7.96%,6.69%,1.19,-7.00%,64.58%,0.04152069542759018,-0.050222489462444564,2.37,4.94%,0.24%,135.83,37,70.27%,0.15%,0.86%,-4.75%,2.37%,False
conf_1m_cdi_20_20_40_30,1,8,20.00%,20.00%,40.00%,30.00%,27.50%,40.00%,-0.14%,48,34.15%,33.81%,7.55%,6.52%,1.16,-7.00%,64.58%,0.04037911167132746,-0.050222489462444564,2.53,5.28%,0.25%,133.81,37,70.27%,-0.24%,0.86%,-6.68%,2.37%,False
conf_1m_cdi_20_20_40_40,1,8,20.00%,20.00%,40.00%,40.00%,30.00%,40.00%,-0.55%,48,32.17%,31.81%,7.15%,6.37%,1.12,-7.00%,64.58%,0.04037911167132746,-0.050222489462444564,2.72,5.66%,0.27%,131.81,37,70.27%,-0.62%,0.86%,-8.59%,2.37%,False
conf_1m_cdi_20_20_40_50,1,8,20.00%,20.00%,40.00%,50.00%,32.50%,50.00%,-0.95%,48,30.21%,29.84%,6.75%,6.25%,1.08,-7.00%,64.58%,0.04037911167132746,-0.050222489462444564,2.91,6.06%,0.29%,129.84,37,70.27%,-1.01%,0.86%,-10.47%,2.37%,False
conf_1m_cdi_20_20_50_00,1,8,20.00%,20.00%,50.00%,0.00%,22.50%,50.00%,1.13%,48,40.69%,40.28%,8.83%,7.05%,1.25,-7.00%,64.58%,0.051505551784493786,-0.050222489462444564,2.93,6.11%,0.29%,140.28,37,81.08%,1.03%,1.10%,-0.93%,2.37%,False
conf_1m_cdi_20_20_50_10,1,8,20.00%,20.00%,50.00%,10.00%,25.00%,50.00%,0.74%,48,38.64%,38.26%,8.44%,6.85%,1.23,-7.00%,64.58%,0.046512900945293145,-0.050222489462444564,2.73,5.69%,0.27%,138.26,37,72.97%,0.65%,1.10%,-2.85%,2.37%,False
conf_1m_cdi_20_20_50_20,1,8,20.00%,20.00%,50.00%,20.00%,27.50%,50.00%,0.35%,48,36.61%,36.26%,8.04%,6.67%,1.21,-7.00%,64.58%,0.04152069542759018,-0.050222489462444564,2.56,5.34%,0.26%,136.26,37,72.97%,0.26%,1.10%,-4.75%,2.37%,False
conf_1m_cdi_20_20_50_30,1,8,20.00%,20.00%,50.00%,30.00%,30.00%,50.00%,-0.06%,48,34.61%,34.24%,7.64%,6.50%,1.18,-7.00%,64.58%,0.04037911167132746,-0.050222489462444564,2.73,5.68%,0.27%,134.24,37,72.97%,-0.13%,1.10%,-6.68%,2.37%,False
conf_1m_cdi_20_20_50_40,1,8,20.00%,20.00%,50.00%,40.00%,32.50%,50.00%,-0.46%,48,32.62%,32.24%,7.24%,6.35%,1.14,-7.00%,64.58%,0.04037911167132746,-0.050222489462444564,2.91,6.06%,0.29%,132.24,37,72.97%,-0.51%,1.10%,-8.59%,2.37%,False
conf_1m_cdi_20_20_50_50,1,8,20.00%,20.00%,50.00%,50.00%,35.00%,50.00%,-0.86%,48,30.66%,30.26%,6.83%,6.23%,1.10,-7.00%,64.58%,0.04037911167132746,-0.050222489462444564,3.10,6.46%,0.31%,130.26,37,72.97%,-0.89%,1.10%,-10.47%,2.37%,False
conf_1m_cdi_20_30_00_00,1,8,20.00%,30.00%,0.00%,0.00%,12.50%,30.00%,0.37%,48,36.87%,36.40%,8.07%,6.83%,1.18,-6.35%,62.50%,0.051505551784493786,-0.04359615282634288,3.45,7.19%,0.35%,136.40,37,54.05%,-0.00%,0.37%,-3.03%,2.46%,False
conf_1m_cdi_20_30_00_10,1,8,20.00%,30.00%,0.00%,10.00%,15.00%,30.00%,-0.02%,48,34.88%,34.44%,7.68%,6.62%,1.16,-6.35%,62.50%,0.046512900945293145,-0.04359615282634288,3.25,6.77%,0.33%,134.44,37,51.35%,-0.38%,0.22%,-4.78%,2.46%,False
conf_1m_cdi_20_30_00_20,1,8,20.00%,30.00%,0.00%,20.00%,17.50%,30.00%,-0.41%,48,32.91%,32.50%,7.29%,6.43%,1.13,-6.35%,62.50%,0.04152069542759018,-0.04359615282634288,3.05,6.35%,0.30%,132.50,37,51.35%,-0.76%,0.22%,-6.65%,2.46%,False
conf_1m_cdi_20_30_00_30,1,8,20.00%,30.00%,0.00%,30.00%,20.00%,30.00%,-0.80%,48,30.96%,30.58%,6.90%,6.25%,1.10,-6.35%,62.50%,0.03652893371422139,-0.04359615282634288,2.87,5.99%,0.29%,130.58,37,51.35%,-1.14%,0.22%,-8.51%,2.46%,False
conf_1m_cdi_20_30_00_40,1,8,20.00%,30.00%,0.00%,40.00%,22.50%,40.00%,-1.20%,48,29.03%,28.63%,6.50%,6.10%,1.07,-6.35%,62.50%,0.035685571949586326,-0.04359615282634288,3.04,6.32%,0.30%,128.63,37,51.35%,-1.52%,0.22%,-10.38%,2.46%,False
conf_1m_cdi_20_30_00_50,1,8,20.00%,30.00%,0.00%,50.00%,25.00%,50.00%,-1.60%,48,27.11%,26.71%,6.10%,5.96%,1.02,-6.35%,62.50%,0.035685571949586326,-0.04359615282634288,3.22,6.71%,0.32%,126.71,37,51.35%,-1.90%,0.22%,-12.24%,2.46%,False
conf_1m_cdi_20_30_10_00,1,8,20.00%,30.00%,10.00%,0.00%,15.00%,30.00%,0.47%,48,37.35%,36.90%,8.17%,6.80%,1.20,-6.35%,62.50%,0.051505551784493786,-0.04359615282634288,3.24,6.75%,0.32%,136.90,37,59.46%,0.13%,0.39%,-2.89%,2.46%,False
conf_1m_cdi_20_30_10_10,1,8,20.00%,30.00%,10.00%,10.00%,17.50%,30.00%,0.08%,48,35.35%,34.94%,7.78%,6.59%,1.18,-6.35%,62.50%,0.046512900945293145,-0.04359615282634288,3.04,6.33%,0.30%,134.94,37,56.76%,-0.26%,0.39%,-4.78%,2.46%,False
conf_1m_cdi_20_30_10_20,1,8,20.00%,30.00%,10.00%,20.00%,20.00%,30.00%,-0.31%,48,33.37%,32.99%,7.39%,6.39%,1.16,-6.35%,62.50%,0.04152069542759018,-0.04359615282634288,2.84,5.91%,0.28%,132.99,37,56.76%,-0.63%,0.39%,-6.65%,2.46%,False
conf_1m_cdi_20_30_10_30,1,8,20.00%,30.00%,10.00%,30.00%,22.50%,30.00%,-0.70%,48,31.41%,31.06%,7.00%,6.22%,1.13,-6.35%,62.50%,0.03652893371422139,-0.04359615282634288,2.66,5.55%,0.27%,131.06,37,56.76%,-1.01%,0.39%,-8.51%,2.46%,False
conf_1m_cdi_20_30_10_40,1,8,20.00%,30.00%,10.00%,40.00%,25.00%,40.00%,-1.10%,48,29.47%,29.11%,6.59%,6.06%,1.09,-6.35%,62.50%,0.035685571949586326,-0.04359615282634288,2.83,5.89%,0.28%,129.11,37,56.76%,-1.39%,0.39%,-10.38%,2.46%,False
conf_1m_cdi_20_30_10_50,1,8,20.00%,30.00%,10.00%,50.00%,27.50%,50.00%,-1.50%,48,27.55%,27.17%,6.19%,5.93%,1.04,-6.35%,62.50%,0.035685571949586326,-0.04359615282634288,3.01,6.27%,0.30%,127.17,37,56.76%,-1.77%,0.39%,-12.24%,2.46%,False
conf_1m_cdi_20_30_20_00,1,8,20.00%,30.00%,20.00%,0.00%,17.50%,30.00%,0.57%,48,37.82%,37.40%,8.27%,6.77%,1.22,-6.35%,62.50%,0.051505551784493786,-0.04359615282634288,3.03,6.31%,0.30%,137.40,37,59.46%,0.25%,0.59%,-2.89%,2.46%,False
conf_1m_cdi_20_30_20_10,1,8,20.00%,30.00%,20.00%,10.00%,20.00%,30.00%,0.18%,48,35.81%,35.43%,7.88%,6.56%,1.20,-6.35%,62.50%,0.046512900945293145,-0.04359615282634288,2.83,5.89%,0.28%,135.43,37,56.76%,-0.13%,0.59%,-4.78%,2.46%,False
conf_1m_cdi_20_30_20_20,1,8,20.00%,30.00%,20.00%,20.00%,22.50%,30.00%,-0.21%,48,33.83%,33.48%,7.49%,6.36%,1.18,-6.35%,62.50%,0.04152069542759018,-0.04359615282634288,2.63,5.47%,0.26%,133.48,37,56.76%,-0.51%,0.59%,-6.65%,2.46%,False
conf_1m_cdi_20_30_20_30,1,8,20.00%,30.00%,20.00%,30.00%,25.00%,30.00%,-0.60%,48,31.86%,31.54%,7.09%,6.18%,1.15,-6.35%,62.50%,0.03652893371422139,-0.04359615282634288,2.45,5.11%,0.25%,131.54,37,56.76%,-0.89%,0.59%,-8.51%,2.46%,False
conf_1m_cdi_20_30_20_40,1,8,20.00%,30.00%,20.00%,40.00%,27.50%,40.00%,-1.00%,48,29.92%,29.58%,6.69%,6.03%,1.11,-6.35%,62.50%,0.035685571949586326,-0.04359615282634288,2.61,5.45%,0.26%,129.58,37,56.76%,-1.27%,0.59%,-10.38%,2.46%,False
conf_1m_cdi_20_30_20_50,1,8,20.00%,30.00%,20.00%,50.00%,30.00%,50.00%,-1.41%,48,27.99%,27.64%,6.29%,5.89%,1.07,-6.35%,62.50%,0.035685571949586326,-0.04359615282634288,2.80,5.83%,0.28%,127.64,37,56.76%,-1.65%,0.59%,-12.24%,2.46%,False
conf_1m_cdi_20_30_30_00,1,8,20.00%,30.00%,30.00%,0.00%,20.00%,30.00%,0.67%,48,38.29%,37.90%,8.37%,6.74%,1.24,-6.35%,64.58%,0.051505551784493786,-0.04359615282634288,2.86,5.96%,0.29%,137.90,37,67.57%,0.38%,0.71%,-2.89%,2.46%,False
conf_1m_cdi_20_30_30_10,1,8,20.00%,30.00%,30.00%,10.00%,22.50%,30.00%,0.28%,48,36.28%,35.92%,7.97%,6.53%,1.22,-6.35%,64.58%,0.046512900945293145,-0.04359615282634288,2.66,5.54%,0.27%,135.92,37,64.86%,-0.01%,0.71%,-4.78%,2.46%,False
conf_1m_cdi_20_30_30_20,1,8,20.00%,30.00%,30.00%,20.00%,25.00%,30.00%,-0.11%,48,34.29%,33.96%,7.58%,6.33%,1.20,-6.35%,64.58%,0.04152069542759018,-0.04359615282634288,2.45,5.11%,0.25%,133.96,37,64.86%,-0.38%,0.71%,-6.65%,2.46%,False
conf_1m_cdi_20_30_30_30,1,8,20.00%,30.00%,30.00%,30.00%,27.50%,30.00%,-0.51%,48,32.32%,32.01%,7.19%,6.15%,1.17,-6.35%,64.58%,0.03652893371422139,-0.04359615282634288,2.28,4.75%,0.23%,132.01,37,64.86%,-0.76%,0.71%,-8.51%,2.46%,False
conf_1m_cdi_20_30_30_40,1,8,20.00%,30.00%,30.00%,40.00%,30.00%,40.00%,-0.91%,48,30.36%,30.05%,6.79%,6.00%,1.13,-6.35%,64.58%,0.035685571949586326,-0.04359615282634288,2.44,5.09%,0.24%,130.05,37,64.86%,-1.14%,0.71%,-10.38%,2.46%,False
conf_1m_cdi_20_30_30_50,1,8,20.00%,30.00%,30.00%,50.00%,32.50%,50.00%,-1.31%,48,28.43%,28.10%,6.39%,5.86%,1.09,-6.35%,64.58%,0.035685571949586326,-0.04359615282634288,2.63,5.47%,0.26%,128.10,37,64.86%,-1.52%,0.71%,-12.24%,2.46%,False
conf_1m_cdi_20_30_40_00,1,8,20.00%,30.00%,40.00%,0.00%,22.50%,40.00%,0.76%,48,38.77%,38.35%,8.45%,6.72%,1.26,-6.35%,64.58%,0.051505551784493786,-0.04359615282634288,3.02,6.30%,0.30%,138.35,37,70.27%,0.49%,0.85%,-2.89%,2.46%,False
conf_1m_cdi_20_30_40_10,1,8,20.00%,30.00%,40.00%,10.00%,25.00%,40.00%,0.37%,48,36.75%,36.36%,8.06%,6.50%,1.24,-6.35%,64.58%,0.046512900945293145,-0.04359615282634288,2.82,5.88%,0.28%,136.36,37,67.57%,0.11%,0.85%,-4.78%,2.46%,False
conf_1m_cdi_20_30_40_20,1,8,20.00%,30.00%,40.00%,20.00%,27.50%,40.00%,-0.03%,48,34.75%,34.39%,7.67%,6.31%,1.22,-6.35%,64.58%,0.04152069542759018,-0.04359615282634288,2.62,5.45%,0.26%,134.39,37,67.57%,-0.27%,0.85%,-6.65%,2.46%,False
conf_1m_cdi_20_30_40_30,1,8,20.00%,30.00%,40.00%,30.00%,30.00%,40.00%,-0.42%,48,32.77%,32.44%,7.28%,6.13%,1.19,-6.35%,64.58%,0.03652893371422139,-0.04359615282634288,2.44,5.09%,0.24%,132.44,37,67.57%,-0.65%,0.85%,-8.51%,2.46%,False
conf_1m_cdi_20_30_40_40,1,8,20.00%,30.00%,40.00%,40.00%,32.50%,40.00%,-0.82%,48,30.81%,30.47%,6.88%,5.97%,1.15,-6.35%,64.58%,0.035685571949586326,-0.04359615282634288,2.61,5.43%,0.26%,130.47,37,67.57%,-1.03%,0.85%,-10.38%,2.46%,False
conf_1m_cdi_20_30_40_50,1,8,20.00%,30.00%,40.00%,50.00%,35.00%,50.00%,-1.22%,48,28.87%,28.51%,6.47%,5.84%,1.11,-6.35%,64.58%,0.035685571949586326,-0.04359615282634288,2.79,5.81%,0.28%,128.51,37,67.57%,-1.41%,0.85%,-12.24%,2.46%,False
conf_1m_cdi_20_30_50_00,1,8,20.00%,30.00%,50.00%,0.00%,25.00%,50.00%,0.85%,48,39.24%,38.80%,8.54%,6.69%,1.28,-6.35%,64.58%,0.051505551784493786,-0.04359615282634288,3.21,6.69%,0.32%,138.80,37,70.27%,0.60%,0.88%,-2.89%,2.52%,False
conf_1m_cdi_20_30_50_10,1,8,20.00%,30.00%,50.00%,10.00%,27.50%,50.00%,0.45%,48,37.21%,36.80%,8.15%,6.48%,1.26,-6.35%,64.58%,0.046512900945293145,-0.04359615282634288,3.01,6.27%,0.30%,136.80,37,67.57%,0.22%,0.88%,-4.78%,2.52%,False
conf_1m_cdi_20_30_50_20,1,8,20.00%,30.00%,50.00%,20.00%,30.00%,50.00%,0.06%,48,35.21%,34.83%,7.76%,6.28%,1.23,-6.35%,64.58%,0.04152069542759018,-0.04359615282634288,2.81,5.85%,0.28%,134.83,37,67.57%,-0.16%,0.88%,-6.65%,2.52%,False
conf_1m_cdi_20_30_50_30,1,8,20.00%,30.00%,50.00%,30.00%,32.50%,50.00%,-0.33%,48,33.22%,32.87%,7.36%,6.11%,1.21,-6.35%,64.58%,0.03652893371422139,-0.04359615282634288,2.64,5.49%,0.26%,132.87,37,67.57%,-0.54%,0.88%,-8.51%,2.52%,False
conf_1m_cdi_20_30_50_40,1,8,20.00%,30.00%,50.00%,40.00%,35.00%,50.00%,-0.73%,48,31.26%,30.89%,6.96%,5.95%,1.17,-6.35%,64.58%,0.035685571949586326,-0.04359615282634288,2.80,5.83%,0.28%,130.89,37,67.57%,-0.92%,0.88%,-10.38%,2.52%,False
conf_1m_cdi_20_30_50_50,1,8,20.00%,30.00%,50.00%,50.00%,37.50%,50.00%,-1.14%,48,29.31%,28.93%,6.56%,5.81%,1.13,-6.35%,64.58%,0.035685571949586326,-0.04359615282634288,2.98,6.21%,0.30%,128.93,37,67.57%,-1.30%,0.88%,-12.24%,2.52%,False
conf_1m_cdi_20_40_00_00,1,8,20.00%,40.00%,0.00%,0.00%,15.00%,40.00%,0.07%,48,35.45%,34.88%,7.77%,6.52%,1.19,-5.71%,66.67%,0.051505551784493786,-0.03866102184803277,4.21,8.77%,0.42%,134.88,37,54.05%,-0.45%,0.09%,-4.83%,2.65%,False
conf_1m_cdi_20_40_00_10,1,8,20.00%,40.00%,0.00%,10.00%,17.50%,40.00%,-0.32%,48,33.47%,32.94%,7.38%,6.29%,1.17,-5.71%,66.67%,0.046512900945293145,-0.03866102184803277,4.01,8.35%,0.40%,132.94,37,54.05%,-0.82%,0.09%,-6.69%,2.65%,False
conf_1m_cdi_20_40_00_20,1,8,20.00%,40.00%,0.00%,20.00%,20.00%,40.00%,-0.71%,48,31.52%,31.02%,6.99%,6.09%,1.15,-5.71%,66.67%,0.04152069542759018,-0.03866102184803277,3.80,7.93%,0.38%,131.02,37,54.05%,-1.20%,0.09%,-8.53%,2.65%,False
conf_1m_cdi_20_40_00_30,1,8,20.00%,40.00%,0.00%,30.00%,22.50%,40.00%,-1.10%,48,29.59%,29.12%,6.60%,5.90%,1.12,-5.71%,66.67%,0.03652893371422139,-0.03866102184803277,3.60,7.50%,0.36%,129.12,37,54.05%,-1.57%,0.09%,-10.36%,2.65%,False
conf_1m_cdi_20_40_00_40,1,8,20.00%,40.00%,0.00%,40.00%,25.00%,40.00%,-1.49%,48,27.68%,27.24%,6.21%,5.74%,1.08,-5.71%,66.67%,0.03153747705339782,-0.03866102184803277,3.42,7.13%,0.34%,127.24,37,54.05%,-1.94%,0.09%,-12.16%,2.65%,False
conf_1m_cdi_20_40_00_50,1,8,20.00%,40.00%,0.00%,50.00%,27.50%,50.00%,-1.89%,48,25.79%,25.34%,5.81%,5.59%,1.04,-5.71%,66.67%,0.030992741717698502,-0.03866102184803277,3.58,7.46%,0.36%,125.34,37,54.05%,-2.31%,0.09%,-13.99%,2.65%,False
conf_1m_cdi_20_40_10_00,1,8,20.00%,40.00%,10.00%,0.00%,17.50%,40.00%,0.17%,48,35.91%,35.37%,7.87%,6.48%,1.21,-5.71%,66.67%,0.051505551784493786,-0.03866102184803277,4.00,8.33%,0.40%,135.37,37,56.76%,-0.32%,0.42%,-4.83%,2.65%,False
conf_1m_cdi_20_40_10_10,1,8,20.00%,40.00%,10.00%,10.00%,20.00%,40.00%,-0.22%,48,33.93%,33.43%,7.48%,6.26%,1.19,-5.71%,66.67%,0.046512900945293145,-0.03866102184803277,3.80,7.91%,0.38%,133.43,37,56.76%,-0.70%,0.42%,-6.69%,2.65%,False
conf_1m_cdi_20_40_10_20,1,8,20.00%,40.00%,10.00%,20.00%,22.50%,40.00%,-0.61%,48,31.98%,31.50%,7.09%,6.05%,1.17,-5.71%,66.67%,0.04152069542759018,-0.03866102184803277,3.59,7.49%,0.36%,131.50,37,56.76%,-1.07%,0.42%,-8.53%,2.65%,False
conf_1m_cdi_20_40_10_30,1,8,20.00%,40.00%,10.00%,30.00%,25.00%,40.00%,-1.00%,48,30.04%,29.60%,6.70%,5.86%,1.14,-5.71%,66.67%,0.03652893371422139,-0.03866102184803277,3.39,7.06%,0.34%,129.60,37,56.76%,-1.44%,0.42%,-10.36%,2.65%,False
conf_1m_cdi_20_40_10_40,1,8,20.00%,40.00%,10.00%,40.00%,27.50%,40.00%,-1.39%,48,28.12%,27.71%,6.31%,5.70%,1.11,-5.71%,66.67%,0.03153747705339782,-0.03866102184803277,3.21,6.69%,0.32%,127.71,37,56.76%,-1.81%,0.42%,-12.16%,2.65%,False
conf_1m_cdi_20_40_10_50,1,8,20.00%,40.00%,10.00%,50.00%,30.00%,50.00%,-1.79%,48,26.22%,25.80%,5.91%,5.55%,1.06,-5.71%,66.67%,0.030992741717698502,-0.03866102184803277,3.37,7.03%,0.34%,125.80,37,56.76%,-2.19%,0.42%,-13.99%,2.65%,False
conf_1m_cdi_20_40_20_00,1,8,20.00%,40.00%,20.00%,0.00%,20.00%,40.00%,0.27%,48,36.38%,35.87%,7.96%,6.45%,1.23,-5.71%,66.67%,0.051505551784493786,-0.03866102184803277,3.79,7.89%,0.38%,135.87,37,56.76%,-0.19%,0.43%,-4.83%,2.65%,False
conf_1m_cdi_20_40_20_10,1,8,20.00%,40.00%,20.00%,10.00%,22.50%,40.00%,-0.12%,48,34.40%,33.92%,7.57%,6.22%,1.22,-5.71%,66.67%,0.046512900945293145,-0.03866102184803277,3.59,7.47%,0.36%,133.92,37,56.76%,-0.57%,0.43%,-6.69%,2.65%,False
conf_1m_cdi_20_40_20_20,1,8,20.00%,40.00%,20.00%,20.00%,25.00%,40.00%,-0.51%,48,32.43%,31.98%,7.18%,6.02%,1.19,-5.71%,66.67%,0.04152069542759018,-0.03866102184803277,3.38,7.05%,0.34%,131.98,37,56.76%,-0.95%,0.43%,-8.53%,2.65%,False
conf_1m_cdi_20_40_20_30,1,8,20.00%,40.00%,20.00%,30.00%,27.50%,40.00%,-0.90%,48,30.49%,30.07%,6.79%,5.83%,1.17,-5.71%,66.67%,0.03652893371422139,-0.03866102184803277,3.18,6.62%,0.32%,130.07,37,56.76%,-1.32%,0.43%,-10.36%,2.65%,False
conf_1m_cdi_20_40_20_40,1,8,20.00%,40.00%,20.00%,40.00%,30.00%,40.00%,-1.29%,48,28.56%,28.18%,6.40%,5.66%,1.13,-5.71%,66.67%,0.03153747705339782,-0.03866102184803277,3.00,6.25%,0.30%,128.18,37,56.76%,-1.69%,0.43%,-12.16%,2.65%,False
conf_1m_cdi_20_40_20_50,1,8,20.00%,40.00%,20.00%,50.00%,32.50%,50.00%,-1.69%,48,26.66%,26.26%,6.00%,5.52%,1.09,-5.71%,66.67%,0.030992741717698502,-0.03866102184803277,3.16,6.59%,0.32%,126.26,37,56.76%,-2.06%,0.43%,-13.99%,2.65%,False
conf_1m_cdi_20_40_30_00,1,8,20.00%,40.00%,30.00%,0.00%,22.50%,40.00%,0.37%,48,36.85%,36.36%,8.06%,6.42%,1.26,-5.71%,68.75%,0.051505551784493786,-0.03866102184803277,3.58,7.45%,0.36%,136.36,37,56.76%,-0.07%,0.57%,-4.83%,2.65%,False
conf_1m_cdi_20_40_30_10,1,8,20.00%,40.00%,30.00%,10.00%,25.00%,40.00%,-0.02%,48,34.86%,34.40%,7.67%,6.19%,1.24,-5.71%,68.75%,0.046512900945293145,-0.03866102184803277,3.38,7.03%,0.34%,134.40,37,56.76%,-0.45%,0.57%,-6.69%,2.65%,False
conf_1m_cdi_20_40_30_20,1,8,20.00%,40.00%,30.00%,20.00%,27.50%,40.00%,-0.41%,48,32.89%,32.47%,7.28%,5.99%,1.22,-5.71%,68.75%,0.04152069542759018,-0.03866102184803277,3.17,6.61%,0.32%,132.47,37,56.76%,-0.82%,0.57%,-8.53%,2.65%,False
conf_1m_cdi_20_40_30_30,1,8,20.00%,40.00%,30.00%,30.00%,30.00%,40.00%,-0.80%,48,30.93%,30.55%,6.89%,5.80%,1.19,-5.71%,68.75%,0.03652893371422139,-0.03866102184803277,2.97,6.19%,0.30%,130.55,37,56.76%,-1.19%,0.57%,-10.36%,2.65%,False
conf_1m_cdi_20_40_30_40,1,8,20.00%,40.00%,30.00%,40.00%,32.50%,40.00%,-1.20%,48,29.00%,28.64%,6.50%,5.63%,1.15,-5.71%,68.75%,0.03153747705339782,-0.03866102184803277,2.79,5.81%,0.28%,128.64,37,56.76%,-1.56%,0.57%,-12.16%,2.65%,False
conf_1m_cdi_20_40_30_50,1,8,20.00%,40.00%,30.00%,50.00%,35.00%,50.00%,-1.60%,48,27.09%,26.72%,6.10%,5.48%,1.11,-5.71%,68.75%,0.030992741717698502,-0.03866102184803277,2.95,6.15%,0.30%,126.72,37,56.76%,-1.94%,0.57%,-13.99%,2.65%,False
conf_1m_cdi_20_40_40_00,1,8,20.00%,40.00%,40.00%,0.00%,25.00%,40.00%,0.46%,48,37.32%,36.85%,8.16%,6.39%,1.28,-5.71%,68.75%,0.051505551784493786,-0.03866102184803277,3.40,7.09%,0.34%,136.85,37,64.86%,0.05%,0.73%,-4.83%,2.65%,False
conf_1m_cdi_20_40_40_10,1,8,20.00%,40.00%,40.00%,10.00%,27.50%,40.00%,0.07%,48,35.32%,34.89%,7.77%,6.17%,1.26,-5.71%,68.75%,0.046512900945293145,-0.03866102184803277,3.20,6.67%,0.32%,134.89,37,64.86%,-0.32%,0.73%,-6.69%,2.65%,False
conf_1m_cdi_20_40_40_20,1,8,20.00%,40.00%,40.00%,20.00%,30.00%,40.00%,-0.32%,48,33.34%,32.94%,7.38%,5.96%,1.24,-5.71%,68.75%,0.04152069542759018,-0.03866102184803277,3.00,6.25%,0.30%,132.94,37,64.86%,-0.70%,0.73%,-8.53%,2.65%,False
conf_1m_cdi_20_40_40_30,1,8,20.00%,40.00%,40.00%,30.00%,32.50%,40.00%,-0.71%,48,31.38%,31.02%,6.99%,5.77%,1.21,-5.71%,68.75%,0.03652893371422139,-0.03866102184803277,2.79,5.82%,0.28%,131.02,37,64.86%,-1.07%,0.73%,-10.36%,2.65%,False
conf_1m_cdi_20_40_40_40,1,8,20.00%,40.00%,40.00%,40.00%,35.00%,40.00%,-1.10%,48,29.45%,29.11%,6.60%,5.60%,1.18,-5.71%,68.75%,0.03153747705339782,-0.03866102184803277,2.62,5.45%,0.26%,129.11,37,64.86%,-1.44%,0.73%,-12.16%,2.65%,False
conf_1m_cdi_20_40_40_50,1,8,20.00%,40.00%,40.00%,50.00%,37.50%,50.00%,-1.50%,48,27.53%,27.18%,6.19%,5.46%,1.14,-5.71%,68.75%,0.030992741717698502,-0.03866102184803277,2.78,5.78%,0.28%,127.18,37,64.86%,-1.81%,0.73%,-13.99%,2.65%,False
conf_1m_cdi_20_40_50_00,1,8,20.00%,40.00%,50.00%,0.00%,27.50%,50.00%,0.55%,48,37.79%,37.30%,8.25%,6.37%,1.29,-5.71%,68.75%,0.051505551784493786,-0.03866102184803277,3.57,7.44%,0.36%,137.30,37,64.86%,0.17%,0.87%,-4.83%,2.71%,False
conf_1m_cdi_20_40_50_10,1,8,20.00%,40.00%,50.00%,10.00%,30.00%,50.00%,0.16%,48,35.78%,35.33%,7.86%,6.14%,1.28,-5.71%,68.75%,0.046512900945293145,-0.03866102184803277,3.37,7.02%,0.34%,135.33,37,64.86%,-0.21%,0.87%,-6.69%,2.71%,False
conf_1m_cdi_20_40_50_20,1,8,20.00%,40.00%,50.00%,20.00%,32.50%,50.00%,-0.23%,48,33.80%,33.37%,7.47%,5.94%,1.26,-5.71%,68.75%,0.04152069542759018,-0.03866102184803277,3.17,6.59%,0.32%,133.37,37,64.86%,-0.59%,0.87%,-8.53%,2.71%,False
conf_1m_cdi_20_40_50_30,1,8,20.00%,40.00%,50.00%,30.00%,35.00%,50.00%,-0.62%,48,31.83%,31.44%,7.07%,5.75%,1.23,-5.71%,68.75%,0.03652893371422139,-0.03866102184803277,2.96,6.17%,0.30%,131.44,37,64.86%,-0.96%,0.87%,-10.36%,2.71%,False
conf_1m_cdi_20_40_50_40,1,8,20.00%,40.00%,50.00%,40.00%,37.50%,50.00%,-1.01%,48,29.89%,29.53%,6.68%,5.58%,1.20,-5.71%,68.75%,0.03153747705339782,-0.03866102184803277,2.78,5.80%,0.28%,129.53,37,64.86%,-1.33%,0.87%,-12.16%,2.71%,False
conf_1m_cdi_20_40_50_50,1,8,20.00%,40.00%,50.00%,50.00%,40.00%,50.00%,-1.41%,48,27.97%,27.59%,6.28%,5.43%,1.16,-5.71%,68.75%,0.030992741717698502,-0.03866102184803277,2.94,6.13%,0.29%,127.59,37,64.86%,-1.70%,0.87%,-13.99%,2.71%,False
conf_1m_cdi_20_50_00_00,1,8,20.00%,50.00%,0.00%,0.00%,17.50%,50.00%,-0.23%,48,34.01%,33.35%,7.46%,6.24%,1.20,-5.63%,68.75%,0.051505551784493786,-0.03866102184803277,4.97,10.35%,0.50%,133.35,37,54.05%,-0.89%,0.19%,-6.74%,2.83%,False
conf_1m_cdi_20_50_00_10,1,8,20.00%,50.00%,0.00%,10.00%,20.00%,50.00%,-0.62%,48,32.06%,31.44%,7.07%,6.00%,1.18,-5.63%,68.75%,0.046512900945293145,-0.03866102184803277,4.77,9.93%,0.48%,131.44,37,54.05%,-1.26%,0.19%,-8.58%,2.83%,False
conf_1m_cdi_20_50_00_20,1,8,20.00%,50.00%,0.00%,20.00%,22.50%,50.00%,-1.01%,48,30.13%,29.54%,6.68%,5.78%,1.16,-5.63%,68.75%,0.04152069542759018,-0.03866102184803277,4.56,9.51%,0.46%,129.54,37,54.05%,-1.63%,0.19%,-10.39%,2.83%,False
conf_1m_cdi_20_50_00_30,1,8,20.00%,50.00%,0.00%,30.00%,25.00%,50.00%,-1.40%,48,28.22%,27.66%,6.30%,5.59%,1.13,-5.63%,68.75%,0.03652893371422139,-0.03866102184803277,4.36,9.08%,0.44%,127.66,37,54.05%,-2.00%,0.19%,-12.19%,2.83%,False
conf_1m_cdi_20_50_00_40,1,8,20.00%,50.00%,0.00%,40.00%,27.50%,50.00%,-1.79%,48,26.33%,25.81%,5.91%,5.41%,1.09,-5.63%,68.75%,0.03153747705339782,-0.03866102184803277,4.15,8.65%,0.42%,125.81,37,54.05%,-2.36%,0.19%,-13.97%,2.83%,False
conf_1m_cdi_20_50_00_50,1,8,20.00%,50.00%,0.00%,50.00%,30.00%,50.00%,-2.18%,48,24.46%,23.97%,5.52%,5.26%,1.05,-5.63%,68.75%,0.030867057488085825,-0.03866102184803277,3.97,8.27%,0.40%,123.97,37,54.05%,-2.73%,0.19%,-15.73%,2.83%,False
conf_1m_cdi_20_50_10_00,1,8,20.00%,50.00%,10.00%,0.00%,20.00%,50.00%,-0.14%,48,34.48%,33.84%,7.56%,6.20%,1.22,-5.63%,68.75%,0.051505551784493786,-0.03866102184803277,4.76,9.91%,0.48%,133.84,37,56.76%,-0.76%,0.34%,-6.74%,2.83%,False
conf_1m_cdi_20_50_10_10,1,8,20.00%,50.00%,10.00%,10.00%,22.50%,50.00%,-0.52%,48,32.52%,31.92%,7.17%,5.97%,1.20,-5.63%,68.75%,0.046512900945293145,-0.03866102184803277,4.55,9.49%,0.46%,131.92,37,56.76%,-1.14%,0.34%,-8.58%,2.83%,False
conf_1m_cdi_20_50_10_20,1,8,20.00%,50.00%,10.00%,20.00%,25.00%,50.00%,-0.91%,48,30.58%,30.01%,6.78%,5.75%,1.18,-5.63%,68.75%,0.04152069542759018,-0.03866102184803277,4.35,9.07%,0.44%,130.01,37,56.76%,-1.51%,0.34%,-10.39%,2.83%,False
conf_1m_cdi_20_50_10_30,1,8,20.00%,50.00%,10.00%,30.00%,27.50%,50.00%,-1.30%,48,28.66%,28.13%,6.39%,5.55%,1.15,-5.63%,68.75%,0.03652893371422139,-0.03866102184803277,4.15,8.64%,0.41%,128.13,37,56.76%,-1.88%,0.34%,-12.19%,2.83%,False
conf_1m_cdi_20_50_10_40,1,8,20.00%,50.00%,10.00%,40.00%,30.00%,50.00%,-1.69%,48,26.77%,26.27%,6.00%,5.37%,1.12,-5.63%,68.75%,0.03153747705339782,-0.03866102184803277,3.94,8.21%,0.39%,126.27,37,56.76%,-2.24%,0.34%,-13.97%,2.83%,False
conf_1m_cdi_20_50_10_50,1,8,20.00%,50.00%,10.00%,50.00%,32.50%,50.00%,-2.08%,48,24.89%,24.42%,5.61%,5.21%,1.08,-5.63%,68.75%,0.030867057488085825,-0.03866102184803277,3.76,7.83%,0.38%,124.42,37,56.76%,-2.60%,0.34%,-15.73%,2.83%,False
conf_1m_cdi_20_50_20_00,1,8,20.00%,50.00%,20.00%,0.00%,22.50%,50.00%,-0.04%,48,34.94%,34.33%,7.66%,6.17%,1.24,-5.63%,68.75%,0.051505551784493786,-0.03866102184803277,4.55,9.47%,0.45%,134.33,37,56.76%,-0.64%,0.34%,-6.74%,2.83%,False
conf_1m_cdi_20_50_20_10,1,8,20.00%,50.00%,20.00%,10.00%,25.00%,50.00%,-0.43%,48,32.98%,32.40%,7.27%,5.93%,1.23,-5.63%,68.75%,0.046512900945293145,-0.03866102184803277,4.34,9.05%,0.43%,132.40,37,56.76%,-1.01%,0.34%,-8.58%,2.83%,False
conf_1m_cdi_20_50_20_20,1,8,20.00%,50.00%,20.00%,20.00%,27.50%,50.00%,-0.82%,48,31.03%,30.49%,6.88%,5.71%,1.20,-5.63%,68.75%,0.04152069542759018,-0.03866102184803277,4.14,8.63%,0.41%,130.49,37,56.76%,-1.38%,0.34%,-10.39%,2.83%,False
conf_1m_cdi_20_50_20_30,1,8,20.00%,50.00%,20.00%,30.00%,30.00%,50.00%,-1.21%,48,29.11%,28.60%,6.49%,5.51%,1.18,-5.63%,68.75%,0.03652893371422139,-0.03866102184803277,3.94,8.20%,0.39%,128.60,37,56.76%,-1.75%,0.34%,-12.19%,2.83%,False
conf_1m_cdi_20_50_20_40,1,8,20.00%,50.00%,20.00%,40.00%,32.50%,50.00%,-1.59%,48,27.20%,26.73%,6.10%,5.33%,1.14,-5.63%,68.75%,0.03153747705339782,-0.03866102184803277,3.73,7.77%,0.37%,126.73,37,56.76%,-2.12%,0.34%,-13.97%,2.83%,False
conf_1m_cdi_20_50_20_50,1,8,20.00%,50.00%,20.00%,50.00%,35.00%,50.00%,-1.98%,48,25.32%,24.88%,5.71%,5.18%,1.10,-5.63%,68.75%,0.030867057488085825,-0.03866102184803277,3.55,7.39%,0.35%,124.88,37,56.76%,-2.48%,0.34%,-15.73%,2.83%,False
conf_1m_cdi_20_50_30_00,1,8,20.00%,50.00%,30.00%,0.00%,25.00%,50.00%,0.06%,48,35.41%,34.82%,7.76%,6.14%,1.26,-5.63%,70.83%,0.051505551784493786,-0.03866102184803277,4.34,9.03%,0.43%,134.82,37,56.76%,-0.51%,0.43%,-6.74%,2.83%,False
conf_1m_cdi_20_50_30_10,1,8,20.00%,50.00%,30.00%,10.00%,27.50%,50.00%,-0.33%,48,33.43%,32.88%,7.37%,5.90%,1.25,-5.63%,70.83%,0.046512900945293145,-0.03866102184803277,4.13,8.61%,0.41%,132.88,37,56.76%,-0.89%,0.43%,-8.58%,2.83%,False
conf_1m_cdi_20_50_30_20,1,8,20.00%,50.00%,30.00%,20.00%,30.00%,50.00%,-0.72%,48,31.48%,30.97%,6.98%,5.68%,1.23,-5.63%,70.83%,0.04152069542759018,-0.03866102184803277,3.93,8.19%,0.39%,130.97,37,56.76%,-1.26%,0.43%,-10.39%,2.83%,False
conf_1m_cdi_20_50_30_30,1,8,20.00%,50.00%,30.00%,30.00%,32.50%,50.00%,-1.11%,48,29.55%,29.07%,6.59%,5.48%,1.20,-5.63%,70.83%,0.03652893371422139,-0.03866102184803277,3.73,7.77%,0.37%,129.07,37,56.76%,-1.63%,0.43%,-12.19%,2.83%,False
conf_1m_cdi_20_50_30_40,1,8,20.00%,50.00%,30.00%,40.00%,35.00%,50.00%,-1.50%,48,27.64%,27.19%,6.20%,5.30%,1.17,-5.63%,70.83%,0.03153747705339782,-0.03866102184803277,3.52,7.34%,0.35%,127.19,37,56.76%,-1.99%,0.43%,-13.97%,2.83%,False
conf_1m_cdi_20_50_30_50,1,8,20.00%,50.00%,30.00%,50.00%,37.50%,50.00%,-1.89%,48,25.75%,25.33%,5.81%,5.14%,1.13,-5.63%,70.83%,0.030867057488085825,-0.03866102184803277,3.34,6.95%,0.33%,125.33,37,56.76%,-2.35%,0.43%,-15.73%,2.83%,False
conf_1m_cdi_20_50_40_00,1,8,20.00%,50.00%,40.00%,0.00%,27.50%,50.00%,0.16%,48,35.87%,35.31%,7.85%,6.11%,1.29,-5.63%,70.83%,0.051505551784493786,-0.03866102184803277,4.13,8.60%,0.41%,135.31,37,56.76%,-0.39%,0.59%,-6.74%,2.83%,False
conf_1m_cdi_20_50_40_10,1,8,20.00%,50.00%,40.00%,10.00%,30.00%,50.00%,-0.23%,48,33.89%,33.37%,7.46%,5.87%,1.27,-5.63%,70.83%,0.046512900945293145,-0.03866102184803277,3.92,8.18%,0.39%,133.37,37,56.76%,-0.76%,0.59%,-8.58%,2.83%,False
conf_1m_cdi_20_50_40_20,1,8,20.00%,50.00%,40.00%,20.00%,32.50%,50.00%,-0.62%,48,31.93%,31.44%,7.07%,5.65%,1.25,-5.63%,70.83%,0.04152069542759018,-0.03866102184803277,3.72,7.75%,0.37%,131.44,37,56.76%,-1.13%,0.59%,-10.39%,2.83%,False
conf_1m_cdi_20_50_40_30,1,8,20.00%,50.00%,40.00%,30.00%,35.00%,50.00%,-1.01%,48,30.00%,29.54%,6.68%,5.45%,1.23,-5.63%,70.83%,0.03652893371422139,-0.03866102184803277,3.52,7.33%,0.35%,129.54,37,56.76%,-1.50%,0.59%,-12.19%,2.83%,False
conf_1m_cdi_20_50_40_40,1,8,20.00%,50.00%,40.00%,40.00%,37.50%,50.00%,-1.40%,48,28.08%,27.66%,6.29%,5.27%,1.19,-5.63%,70.83%,0.03153747705339782,-0.03866102184803277,3.31,6.90%,0.33%,127.66,37,56.76%,-1.87%,0.59%,-13.97%,2.83%,False
conf_1m_cdi_20_50_40_50,1,8,20.00%,50.00%,40.00%,50.00%,40.00%,50.00%,-1.79%,48,26.18%,25.79%,5.90%,5.11%,1.15,-5.63%,70.83%,0.030867057488085825,-0.03866102184803277,3.13,6.52%,0.31%,125.79,37,56.76%,-2.23%,0.59%,-15.73%,2.83%,False
conf_1m_cdi_20_50_50_00,1,8,20.00%,50.00%,50.00%,0.00%,30.00%,50.00%,0.25%,48,36.33%,35.80%,7.95%,6.09%,1.31,-5.63%,70.83%,0.051505551784493786,-0.03866102184803277,3.95,8.22%,0.39%,135.80,37,64.86%,-0.27%,0.75%,-6.74%,2.89%,False
conf_1m_cdi_20_50_50_10,1,8,20.00%,50.00%,50.00%,10.00%,32.50%,50.00%,-0.14%,48,34.35%,33.85%,7.56%,5.85%,1.29,-5.63%,70.83%,0.046512900945293145,-0.03866102184803277,3.75,7.80%,0.37%,133.85,37,64.86%,-0.64%,0.75%,-8.58%,2.89%,False
conf_1m_cdi_20_50_50_20,1,8,20.00%,50.00%,50.00%,20.00%,35.00%,50.00%,-0.53%,48,32.38%,31.92%,7.17%,5.63%,1.27,-5.63%,70.83%,0.04152069542759018,-0.03866102184803277,3.54,7.38%,0.35%,131.92,37,64.86%,-1.01%,0.75%,-10.39%,2.89%,False
conf_1m_cdi_20_50_50_30,1,8,20.00%,50.00%,50.00%,30.00%,37.50%,50.00%,-0.92%,48,30.44%,30.01%,6.78%,5.42%,1.25,-5.63%,70.83%,0.03652893371422139,-0.03866102184803277,3.34,6.96%,0.33%,130.01,37,64.86%,-1.38%,0.75%,-12.19%,2.89%,False
conf_1m_cdi_20_50_50_40,1,8,20.00%,50.00%,50.00%,40.00%,40.00%,50.00%,-1.31%,48,28.52%,28.11%,6.39%,5.24%,1.22,-5.63%,70.83%,0.03153747705339782,-0.03866102184803277,3.13,6.53%,0.31%,128.11,37,64.86%,-1.74%,0.75%,-13.97%,2.89%,False
conf_1m_cdi_20_50_50_50,1,8,20.00%,50.00%,50.00%,50.00%,42.50%,50.00%,-1.70%,48,26.61%,26.24%,6.00%,5.09%,1.18,-5.63%,70.83%,0.030867057488085825,-0.03866102184803277,2.95,6.14%,0.29%,126.24,37,64.86%,-2.10%,0.75%,-15.73%,2.89%,False
conf_1m_cdi_30_00_00_00,1,8,30.00%,0.00%,0.00%,0.00%,7.50%,30.00%,1.86%,48,44.54%,44.07%,9.56%,7.73%,1.24,-8.03%,62.50%,0.051505551784493786,-0.06388467782528962,3.20,6.68%,0.32%,144.07,37,86.49%,1.93%,2.02%,-0.88%,4.53%,False
conf_1m_cdi_30_00_00_10,1,8,30.00%,0.00%,0.00%,10.00%,10.00%,30.00%,1.46%,48,42.43%,41.95%,9.15%,7.55%,1.21,-8.03%,62.50%,0.04976842754776656,-0.06388467782528962,3.37,7.02%,0.34%,141.95,37,86.49%,1.52%,0.92%,-0.88%,4.53%,False
conf_1m_cdi_30_00_00_20,1,8,30.00%,0.00%,0.00%,20.00%,12.50%,30.00%,1.05%,48,40.35%,39.85%,8.75%,7.38%,1.18,-8.03%,62.50%,0.04976842754776656,-0.06388467782528962,3.55,7.40%,0.36%,139.85,37,64.86%,1.12%,0.62%,-1.73%,4.53%,False
conf_1m_cdi_30_00_00_30,1,8,30.00%,0.00%,0.00%,30.00%,15.00%,30.00%,0.64%,48,38.29%,37.77%,8.34%,7.24%,1.15,-8.03%,62.50%,0.04976842754776656,-0.06388467782528962,3.74,7.79%,0.37%,137.77,37,59.46%,0.72%,0.61%,-3.56%,4.53%,False
conf_1m_cdi_30_00_00_40,1,8,30.00%,0.00%,0.00%,40.00%,17.50%,40.00%,0.24%,48,36.25%,35.71%,7.93%,7.11%,1.12,-8.03%,62.50%,0.04976842754776656,-0.06388467782528962,3.93,8.19%,0.39%,135.71,37,59.46%,0.33%,0.60%,-5.38%,4.53%,False
conf_1m_cdi_30_00_00_50,1,8,30.00%,0.00%,0.00%,50.00%,20.00%,50.00%,-0.17%,48,34.23%,33.68%,7.53%,7.00%,1.07,-8.03%,62.50%,0.04976842754776656,-0.06388467782528962,4.12,8.59%,0.41%,133.68,37,59.46%,-0.06%,0.60%,-7.17%,4.53%,False
conf_1m_cdi_30_00_10_00,1,8,30.00%,0.00%,10.00%,0.00%,10.00%,30.00%,1.95%,48,45.03%,44.55%,9.65%,7.70%,1.25,-8.03%,62.50%,0.051505551784493786,-0.06388467782528962,3.36,6.99%,0.34%,144.55,37,91.89%,2.04%,2.02%,-0.54%,4.53%,False
conf_1m_cdi_30_00_10_10,1,8,30.00%,0.00%,10.00%,10.00%,12.50%,30.00%,1.55%,48,42.92%,42.42%,9.24%,7.52%,1.23,-8.03%,62.50%,0.04976842754776656,-0.06388467782528962,3.52,7.33%,0.35%,142.42,37,91.89%,1.64%,1.01%,-0.54%,4.53%,False
conf_1m_cdi_30_00_10_20,1,8,30.00%,0.00%,10.00%,20.00%,15.00%,30.00%,1.14%,48,40.83%,40.31%,8.84%,7.35%,1.20,-8.03%,62.50%,0.04976842754776656,-0.06388467782528962,3.70,7.71%,0.37%,140.31,37,70.27%,1.24%,1.00%,-1.73%,4.53%,False
conf_1m_cdi_30_00_10_30,1,8,30.00%,0.00%,10.00%,30.00%,17.50%,30.00%,0.73%,48,38.77%,38.23%,8.43%,7.20%,1.17,-8.03%,62.50%,0.04976842754776656,-0.06388467782528962,3.89,8.11%,0.39%,138.23,37,67.57%,0.84%,0.99%,-3.56%,4.53%,False
conf_1m_cdi_30_00_10_40,1,8,30.00%,0.00%,10.00%,40.00%,20.00%,40.00%,0.33%,48,36.72%,36.16%,8.02%,7.08%,1.13,-8.03%,62.50%,0.04976842754776656,-0.06388467782528962,4.08,8.51%,0.41%,136.16,37,64.86%,0.44%,0.98%,-5.38%,4.53%,False
conf_1m_cdi_30_00_10_50,1,8,30.00%,0.00%,10.00%,50.00%,22.50%,50.00%,-0.08%,48,34.69%,34.12%,7.62%,6.97%,1.09,-8.03%,62.50%,0.04976842754776656,-0.06388467782528962,4.27,8.90%,0.43%,134.12,37,64.86%,0.05%,0.96%,-7.17%,4.53%,False
conf_1m_cdi_30_00_20_00,1,8,30.00%,0.00%,20.00%,0.00%,12.50%,30.00%,2.04%,48,45.53%,45.02%,9.74%,7.67%,1.27,-8.03%,62.50%,0.051505551784493786,-0.06388467782528962,3.55,7.39%,0.35%,145.02,37,91.89%,2.15%,2.02%,-0.20%,4.53%,False
conf_1m_cdi_30_00_20_10,1,8,30.00%,0.00%,20.00%,10.00%,15.00%,30.00%,1.64%,48,43.42%,42.88%,9.33%,7.49%,1.25,-8.03%,62.50%,0.04976842754776656,-0.06388467782528962,3.71,7.73%,0.37%,142.88,37,91.89%,1.75%,1.17%,-0.20%,4.53%,False
conf_1m_cdi_30_00_20_20,1,8,30.00%,0.00%,20.00%,20.00%,17.50%,30.00%,1.23%,48,41.32%,40.77%,8.92%,7.32%,1.22,-8.03%,62.50%,0.04976842754776656,-0.06388467782528962,3.89,8.11%,0.39%,140.77,37,70.27%,1.35%,1.17%,-1.73%,4.53%,False
conf_1m_cdi_30_00_20_30,1,8,30.00%,0.00%,20.00%,30.00%,20.00%,30.00%,0.82%,48,39.24%,38.68%,8.52%,7.18%,1.19,-8.03%,62.50%,0.04976842754776656,-0.06388467782528962,4.08,8.51%,0.41%,138.68,37,70.27%,0.95%,1.17%,-3.56%,4.53%,False
conf_1m_cdi_30_00_20_40,1,8,30.00%,0.00%,20.00%,40.00%,22.50%,40.00%,0.41%,48,37.19%,36.60%,8.11%,7.05%,1.15,-8.03%,62.50%,0.04976842754776656,-0.06388467782528962,4.27,8.91%,0.43%,136.60,37,64.86%,0.56%,1.17%,-5.38%,4.53%,False
conf_1m_cdi_30_00_20_50,1,8,30.00%,0.00%,20.00%,50.00%,25.00%,50.00%,0.01%,48,35.16%,34.56%,7.70%,6.94%,1.11,-8.03%,62.50%,0.04976842754776656,-0.06388467782528962,4.47,9.30%,0.45%,134.56,37,64.86%,0.17%,1.17%,-7.17%,4.53%,False
conf_1m_cdi_30_00_30_00,1,8,30.00%,0.00%,30.00%,0.00%,15.00%,30.00%,2.13%,48,46.04%,45.49%,9.83%,7.65%,1.29,-8.03%,64.58%,0.051505551784493786,-0.06388467782528962,3.74,7.79%,0.37%,145.49,37,100.00%,2.27%,2.14%,0.14%,4.53%,False
conf_1m_cdi_30_00_30_10,1,8,30.00%,0.00%,30.00%,10.00%,17.50%,30.00%,1.72%,48,43.91%,43.35%,9.42%,7.46%,1.26,-8.03%,64.58%,0.04976842754776656,-0.06388467782528962,3.90,8.13%,0.39%,143.35,37,100.00%,1.86%,1.45%,0.13%,4.53%,False
conf_1m_cdi_30_00_30_20,1,8,30.00%,0.00%,30.00%,20.00%,20.00%,30.00%,1.32%,48,41.80%,41.23%,9.01%,7.30%,1.24,-8.03%,64.58%,0.04976842754776656,-0.06388467782528962,4.09,8.51%,0.41%,141.23,37,81.08%,1.46%,1.45%,-1.73%,4.53%,False
conf_1m_cdi_30_00_30_30,1,8,30.00%,0.00%,30.00%,30.00%,22.50%,30.00%,0.91%,48,39.72%,39.13%,8.61%,7.15%,1.20,-8.03%,64.58%,0.04976842754776656,-0.06388467782528962,4.28,8.91%,0.43%,139.13,37,78.38%,1.06%,1.45%,-3.56%,4.53%,False
conf_1m_cdi_30_00_30_40,1,8,30.00%,0.00%,30.00%,40.00%,25.00%,40.00%,0.50%,48,37.66%,37.05%,8.20%,7.02%,1.17,-8.03%,64.58%,0.04976842754776656,-0.06388467782528962,4.47,9.31%,0.45%,137.05,37,75.68%,0.67%,1.45%,-5.38%,4.53%,False
conf_1m_cdi_30_00_30_50,1,8,30.00%,0.00%,30.00%,50.00%,27.50%,50.00%,0.09%,48,35.62%,34.99%,7.79%,6.91%,1.13,-8.03%,64.58%,0.04976842754776656,-0.06388467782528962,4.66,9.70%,0.47%,134.99,37,72.97%,0.28%,1.45%,-7.17%,4.53%,False
conf_1m_cdi_30_00_40_00,1,8,30.00%,0.00%,40.00%,0.00%,17.50%,40.00%,2.22%,48,46.54%,45.96%,9.92%,7.62%,1.30,-8.03%,64.58%,0.051505551784493786,-0.06388467782528962,3.93,8.19%,0.39%,145.96,37,100.00%,2.38%,2.14%,0.47%,4.53%,False
conf_1m_cdi_30_00_40_10,1,8,30.00%,0.00%,40.00%,10.00%,20.00%,40.00%,1.81%,48,44.40%,43.81%,9.51%,7.44%,1.28,-8.03%,64.58%,0.04976842754776656,-0.06388467782528962,4.10,8.53%,0.41%,143.81,37,100.00%,1.98%,1.59%,0.13%,4.53%,False
conf_1m_cdi_30_00_40_20,1,8,30.00%,0.00%,40.00%,20.00%,22.50%,40.00%,1.41%,48,42.29%,41.68%,9.10%,7.27%,1.25,-8.03%,64.58%,0.04976842754776656,-0.06388467782528962,4.28,8.91%,0.43%,141.68,37,81.08%,1.57%,1.59%,-1.73%,4.53%,False
conf_1m_cdi_30_00_40_30,1,8,30.00%,0.00%,40.00%,30.00%,25.00%,40.00%,1.00%,48,40.20%,39.58%,8.69%,7.13%,1.22,-8.03%,64.58%,0.04976842754776656,-0.06388467782528962,4.47,9.31%,0.45%,139.58,37,78.38%,1.18%,1.59%,-3.56%,4.53%,False
conf_1m_cdi_30_00_40_40,1,8,30.00%,0.00%,40.00%,40.00%,27.50%,40.00%,0.59%,48,38.13%,37.49%,8.29%,7.00%,1.18,-8.03%,64.58%,0.04976842754776656,-0.06388467782528962,4.66,9.70%,0.47%,137.49,37,75.68%,0.78%,1.59%,-5.38%,4.53%,False
conf_1m_cdi_30_00_40_50,1,8,30.00%,0.00%,40.00%,50.00%,30.00%,50.00%,0.18%,48,36.09%,35.43%,7.88%,6.89%,1.14,-8.03%,64.58%,0.04976842754776656,-0.06388467782528962,4.85,10.10%,0.48%,135.43,37,72.97%,0.39%,1.59%,-7.17%,4.53%,False
conf_1m_cdi_30_00_50_00,1,8,30.00%,0.00%,50.00%,0.00%,20.00%,50.00%,2.31%,48,47.04%,46.43%,10.00%,7.60%,1.32,-8.03%,64.58%,0.051505551784493786,-0.06388467782528962,4.12,8.59%,0.41%,146.43,37,100.00%,2.49%,2.49%,0.81%,4.53%,False
conf_1m_cdi_30_00_50_10,1,8,30.00%,0.00%,50.00%,10.00%,22.50%,50.00%,1.90%,48,44.90%,44.28%,9.60%,7.42%,1.29,-8.03%,64.58%,0.04976842754776656,-0.06388467782528962,4.29,8.93%,0.43%,144.28,37,100.00%,2.09%,1.86%,0.13%,4.53%,False
conf_1m_cdi_30_00_50_20,1,8,30.00%,0.00%,50.00%,20.00%,25.00%,50.00%,1.49%,48,42.78%,42.14%,9.19%,7.25%,1.27,-8.03%,64.58%,0.04976842754776656,-0.06388467782528962,4.47,9.31%,0.45%,142.14,37,81.08%,1.69%,1.86%,-1.73%,4.53%,False
conf_1m_cdi_30_00_50_30,1,8,30.00%,0.00%,50.00%,30.00%,27.50%,50.00%,1.09%,48,40.68%,40.03%,8.78%,7.11%,1.24,-8.03%,64.58%,0.04976842754776656,-0.06388467782528962,4.66,9.70%,0.47%,140.03,37,78.38%,1.29%,1.86%,-3.56%,4.53%,False
conf_1m_cdi_30_00_50_40,1,8,30.00%,0.00%,50.00%,40.00%,30.00%,50.00%,0.68%,48,38.61%,37.94%,8.37%,6.98%,1.20,-8.03%,64.58%,0.04976842754776656,-0.06388467782528962,4.85,10.10%,0.48%,137.94,37,75.68%,0.90%,1.86%,-5.38%,4.53%,False
conf_1m_cdi_30_00_50_50,1,8,30.00%,0.00%,50.00%,50.00%,32.50%,50.00%,0.27%,48,36.55%,35.87%,7.96%,6.87%,1.16,-8.03%,64.58%,0.04976842754776656,-0.06388467782528962,5.04,10.50%,0.50%,135.87,37,75.68%,0.50%,1.86%,-7.17%,4.53%,False
conf_1m_cdi_30_10_00_00,1,8,30.00%,10.00%,0.00%,0.00%,10.00%,30.00%,1.59%,48,43.09%,42.64%,9.29%,7.31%,1.27,-7.36%,62.50%,0.051505551784493786,-0.057094140655864156,3.09,6.44%,0.31%,142.64,37,72.97%,1.50%,1.12%,-1.00%,4.46%,False
conf_1m_cdi_30_10_00_10,1,8,30.00%,10.00%,0.00%,10.00%,12.50%,30.00%,1.19%,48,41.00%,40.59%,8.89%,7.12%,1.25,-7.36%,62.50%,0.046512900945293145,-0.057094140655864156,2.93,6.10%,0.29%,140.59,37,56.76%,1.11%,0.79%,-1.00%,4.46%,False
conf_1m_cdi_30_10_00_20,1,8,30.00%,10.00%,0.00%,20.00%,15.00%,30.00%,0.79%,48,38.94%,38.51%,8.49%,6.95%,1.22,-7.36%,62.50%,0.045073387682071475,-0.057094140655864156,3.09,6.44%,0.31%,138.51,37,51.35%,0.71%,0.79%,-2.88%,4.46%,False
conf_1m_cdi_30_10_00_30,1,8,30.00%,10.00%,0.00%,30.00%,17.50%,30.00%,0.38%,48,36.90%,36.45%,8.08%,6.79%,1.19,-7.36%,62.50%,0.045073387682071475,-0.057094140655864156,3.27,6.81%,0.33%,136.45,37,51.35%,0.32%,0.79%,-4.83%,4.46%,False
conf_1m_cdi_30_10_00_40,1,8,30.00%,10.00%,0.00%,40.00%,20.00%,40.00%,-0.02%,48,34.88%,34.42%,7.67%,6.65%,1.15,-7.36%,62.50%,0.045073387682071475,-0.057094140655864156,3.46,7.21%,0.35%,134.42,37,51.35%,-0.07%,0.79%,-6.77%,4.46%,False
conf_1m_cdi_30_10_00_50,1,8,30.00%,10.00%,0.00%,50.00%,22.50%,50.00%,-0.43%,48,32.88%,32.40%,7.27%,6.53%,1.11,-7.36%,62.50%,0.045073387682071475,-0.057094140655864156,3.65,7.61%,0.37%,132.40,37,51.35%,-0.46%,0.79%,-8.68%,4.46%,False
conf_1m_cdi_30_10_10_00,1,8,30.00%,10.00%,10.00%,0.00%,12.50%,30.00%,1.69%,48,43.58%,43.16%,9.38%,7.28%,1.29,-7.36%,62.50%,0.051505551784493786,-0.057094140655864156,2.92,6.09%,0.29%,143.16,37,83.78%,1.63%,1.15%,-0.62%,4.46%,False
conf_1m_cdi_30_10_10_10,1,8,30.00%,10.00%,10.00%,10.00%,15.00%,30.00%,1.29%,48,41.49%,41.10%,8.99%,7.09%,1.27,-7.36%,62.50%,0.046512900945293145,-0.057094140655864156,2.76,5.75%,0.28%,141.10,37,62.16%,1.24%,1.09%,-0.90%,4.46%,False
conf_1m_cdi_30_10_10_20,1,8,30.00%,10.00%,10.00%,20.00%,17.50%,30.00%,0.89%,48,39.42%,39.01%,8.58%,6.91%,1.24,-7.36%,62.50%,0.045073387682071475,-0.057094140655864156,2.92,6.09%,0.29%,139.01,37,56.76%,0.84%,1.09%,-2.88%,4.46%,False
conf_1m_cdi_30_10_10_30,1,8,30.00%,10.00%,10.00%,30.00%,20.00%,30.00%,0.48%,48,37.37%,36.95%,8.18%,6.75%,1.21,-7.36%,62.50%,0.045073387682071475,-0.057094140655864156,3.10,6.46%,0.31%,136.95,37,56.76%,0.45%,1.09%,-4.83%,4.46%,False
conf_1m_cdi_30_10_10_40,1,8,30.00%,10.00%,10.00%,40.00%,22.50%,40.00%,0.08%,48,35.35%,34.90%,7.77%,6.61%,1.17,-7.36%,62.50%,0.045073387682071475,-0.057094140655864156,3.29,6.86%,0.33%,134.90,37,56.76%,0.05%,1.09%,-6.77%,4.46%,False
conf_1m_cdi_30_10_10_50,1,8,30.00%,10.00%,10.00%,50.00%,25.00%,50.00%,-0.33%,48,33.34%,32.88%,7.37%,6.50%,1.13,-7.36%,62.50%,0.045073387682071475,-0.057094140655864156,3.48,7.26%,0.35%,132.88,37,56.76%,-0.33%,1.09%,-8.68%,4.46%,False
conf_1m_cdi_30_10_20_00,1,8,30.00%,10.00%,20.00%,0.00%,15.00%,30.00%,1.78%,48,44.08%,43.63%,9.47%,7.25%,1.31,-7.36%,62.50%,0.051505551784493786,-0.057094140655864156,3.08,6.41%,0.31%,143.63,37,97.30%,1.74%,1.24%,-0.26%,4.46%,False
conf_1m_cdi_30_10_20_10,1,8,30.00%,10.00%,20.00%,10.00%,17.50%,30.00%,1.38%,48,41.98%,41.56%,9.08%,7.06%,1.29,-7.36%,62.50%,0.046512900945293145,-0.057094140655864156,2.91,6.07%,0.29%,141.56,37,75.68%,1.35%,1.15%,-0.90%,4.46%,False
conf_1m_cdi_30_10_20_20,1,8,30.00%,10.00%,20.00%,20.00%,20.00%,30.00%,0.98%,48,39.90%,39.47%,8.67%,6.88%,1.26,-7.36%,62.50%,0.045073387682071475,-0.057094140655864156,3.08,6.41%,0.31%,139.47,37,70.27%,0.95%,1.15%,-2.88%,4.46%,False
conf_1m_cdi_30_10_20_30,1,8,30.00%,10.00%,20.00%,30.00%,22.50%,30.00%,0.57%,48,37.85%,37.40%,8.27%,6.72%,1.23,-7.36%,62.50%,0.045073387682071475,-0.057094140655864156,3.26,6.79%,0.33%,137.40,37,70.27%,0.56%,1.15%,-4.83%,4.46%,False
conf_1m_cdi_30_10_20_40,1,8,30.00%,10.00%,20.00%,40.00%,25.00%,40.00%,0.16%,48,35.81%,35.35%,7.86%,6.58%,1.19,-7.36%,62.50%,0.045073387682071475,-0.057094140655864156,3.45,7.19%,0.34%,135.35,37,70.27%,0.17%,1.15%,-6.77%,4.46%,False
conf_1m_cdi_30_10_20_50,1,8,30.00%,10.00%,20.00%,50.00%,27.50%,50.00%,-0.24%,48,33.80%,33.32%,7.45%,6.47%,1.15,-7.36%,62.50%,0.045073387682071475,-0.057094140655864156,3.64,7.58%,0.36%,133.32,37,70.27%,-0.22%,1.15%,-8.68%,4.46%,False
conf_1m_cdi_30_10_30_00,1,8,30.00%,10.00%,30.00%,0.00%,17.50%,30.00%,1.87%,48,44.57%,44.10%,9.56%,7.23%,1.32,-7.36%,64.58%,0.051505551784493786,-0.057094140655864156,3.27,6.81%,0.33%,144.10,37,100.00%,1.85%,1.38%,0.08%,4.46%,False
conf_1m_cdi_30_10_30_10,1,8,30.00%,10.00%,30.00%,10.00%,20.00%,30.00%,1.47%,48,42.47%,42.02%,9.17%,7.03%,1.30,-7.36%,64.58%,0.046512900945293145,-0.057094140655864156,3.11,6.47%,0.31%,142.02,37,81.08%,1.46%,1.15%,-0.90%,4.46%,False
conf_1m_cdi_30_10_30_20,1,8,30.00%,10.00%,30.00%,20.00%,22.50%,30.00%,1.07%,48,40.38%,39.92%,8.76%,6.85%,1.28,-7.36%,64.58%,0.045073387682071475,-0.057094140655864156,3.27,6.81%,0.33%,139.92,37,72.97%,1.06%,1.15%,-2.88%,4.46%,False
conf_1m_cdi_30_10_30_30,1,8,30.00%,10.00%,30.00%,30.00%,25.00%,30.00%,0.66%,48,38.32%,37.84%,8.35%,6.69%,1.25,-7.36%,64.58%,0.045073387682071475,-0.057094140655864156,3.45,7.19%,0.34%,137.84,37,72.97%,0.67%,1.15%,-4.83%,4.46%,False
conf_1m_cdi_30_10_30_40,1,8,30.00%,10.00%,30.00%,40.00%,27.50%,40.00%,0.25%,48,36.28%,35.79%,7.95%,6.56%,1.21,-7.36%,64.58%,0.045073387682071475,-0.057094140655864156,3.64,7.59%,0.36%,135.79,37,72.97%,0.28%,1.15%,-6.77%,4.46%,False
conf_1m_cdi_30_10_30_50,1,8,30.00%,10.00%,30.00%,50.00%,30.00%,50.00%,-0.15%,48,34.26%,33.75%,7.54%,6.44%,1.17,-7.36%,64.58%,0.045073387682071475,-0.057094140655864156,3.83,7.98%,0.38%,133.75,37,72.97%,-0.11%,1.15%,-8.68%,4.46%,False
conf_1m_cdi_30_10_40_00,1,8,30.00%,10.00%,40.00%,0.00%,20.00%,40.00%,1.96%,48,45.07%,44.57%,9.65%,7.20%,1.34,-7.36%,64.58%,0.051505551784493786,-0.057094140655864156,3.46,7.21%,0.35%,144.57,37,100.00%,1.97%,1.52%,0.43%,4.46%,False
conf_1m_cdi_30_10_40_10,1,8,30.00%,10.00%,40.00%,10.00%,22.50%,40.00%,1.56%,48,42.95%,42.48%,9.25%,7.01%,1.32,-7.36%,64.58%,0.046512900945293145,-0.057094140655864156,3.30,6.87%,0.33%,142.48,37,86.49%,1.57%,1.15%,-0.90%,4.46%,False
conf_1m_cdi_30_10_40_20,1,8,30.00%,10.00%,40.00%,20.00%,25.00%,40.00%,1.15%,48,40.86%,40.38%,8.85%,6.83%,1.30,-7.36%,64.58%,0.045073387682071475,-0.057094140655864156,3.46,7.21%,0.35%,140.38,37,72.97%,1.18%,1.15%,-2.88%,4.46%,False
conf_1m_cdi_30_10_40_30,1,8,30.00%,10.00%,40.00%,30.00%,27.50%,40.00%,0.75%,48,38.80%,38.29%,8.44%,6.67%,1.27,-7.36%,64.58%,0.045073387682071475,-0.057094140655864156,3.64,7.59%,0.36%,138.29,37,72.97%,0.78%,1.15%,-4.83%,4.46%,False
conf_1m_cdi_30_10_40_40,1,8,30.00%,10.00%,40.00%,40.00%,30.00%,40.00%,0.34%,48,36.75%,36.23%,8.04%,6.53%,1.23,-7.36%,64.58%,0.045073387682071475,-0.057094140655864156,3.83,7.98%,0.38%,136.23,37,72.97%,0.39%,1.15%,-6.77%,4.46%,False
conf_1m_cdi_30_10_40_50,1,8,30.00%,10.00%,40.00%,50.00%,32.50%,50.00%,-0.07%,48,34.72%,34.18%,7.63%,6.41%,1.19,-7.36%,64.58%,0.045073387682071475,-0.057094140655864156,4.02,8.38%,0.40%,134.18,37,72.97%,0.01%,1.15%,-8.68%,4.46%,False
conf_1m_cdi_30_10_50_00,1,8,30.00%,10.00%,50.00%,0.00%,22.50%,50.00%,2.04%,48,45.56%,45.03%,9.74%,7.18%,1.36,-7.36%,64.58%,0.051505551784493786,-0.057094140655864156,3.65,7.61%,0.37%,145.03,37,100.00%,2.08%,1.66%,0.61%,4.46%,False
conf_1m_cdi_30_10_50_10,1,8,30.00%,10.00%,50.00%,10.00%,25.00%,50.00%,1.65%,48,43.44%,42.94%,9.34%,6.99%,1.34,-7.36%,64.58%,0.046512900945293145,-0.057094140655864156,3.49,7.27%,0.35%,142.94,37,86.49%,1.69%,1.37%,-0.90%,4.46%,False
conf_1m_cdi_30_10_50_20,1,8,30.00%,10.00%,50.00%,20.00%,27.50%,50.00%,1.24%,48,41.35%,40.83%,8.94%,6.81%,1.31,-7.36%,64.58%,0.045073387682071475,-0.057094140655864156,3.65,7.60%,0.37%,140.83,37,75.68%,1.29%,1.37%,-2.88%,4.46%,False
conf_1m_cdi_30_10_50_30,1,8,30.00%,10.00%,50.00%,30.00%,30.00%,50.00%,0.83%,48,39.27%,38.74%,8.53%,6.65%,1.28,-7.36%,64.58%,0.045073387682071475,-0.057094140655864156,3.83,7.98%,0.38%,138.74,37,72.97%,0.90%,1.37%,-4.83%,4.46%,False
conf_1m_cdi_30_10_50_40,1,8,30.00%,10.00%,50.00%,40.00%,32.50%,50.00%,0.43%,48,37.22%,36.67%,8.12%,6.51%,1.25,-7.36%,64.58%,0.045073387682071475,-0.057094140655864156,4.02,8.38%,0.40%,136.67,37,72.97%,0.51%,1.37%,-6.77%,4.46%,False
conf_1m_cdi_30_10_50_50,1,8,30.00%,10.00%,50.00%,50.00%,35.00%,50.00%,0.02%,48,35.18%,34.62%,7.71%,6.39%,1.21,-7.36%,64.58%,0.045073387682071475,-0.057094140655864156,4.21,8.78%,0.42%,134.62,37,72.97%,0.12%,1.37%,-8.68%,4.46%,False
conf_1m_cdi_30_20_00_00,1,8,30.00%,20.00%,0.00%,0.00%,12.50%,30.00%,1.31%,48,41.63%,41.20%,9.01%,6.92%,1.30,-6.70%,62.50%,0.051505551784493786,-0.05030226383230885,3.06,6.38%,0.31%,141.20,37,59.46%,1.07%,0.97%,-1.82%,4.40%,False
conf_1m_cdi_30_20_00_10,1,8,30.00%,20.00%,0.00%,10.00%,15.00%,30.00%,0.92%,48,39.57%,39.17%,8.61%,6.72%,1.28,-6.70%,62.50%,0.046512900945293145,-0.05030226383230885,2.86,5.96%,0.29%,139.17,37,51.35%,0.69%,0.84%,-2.85%,4.40%,False
conf_1m_cdi_30_20_00_20,1,8,30.00%,20.00%,0.00%,20.00%,17.50%,30.00%,0.52%,48,37.53%,37.16%,8.22%,6.53%,1.26,-6.70%,62.50%,0.04152069542759018,-0.05030226383230885,2.69,5.61%,0.27%,137.16,37,51.35%,0.31%,0.84%,-4.75%,4.40%,False
conf_1m_cdi_30_20_00_30,1,8,30.00%,20.00%,0.00%,30.00%,20.00%,30.00%,0.12%,48,35.51%,35.12%,7.82%,6.36%,1.23,-6.70%,62.50%,0.04037911167132746,-0.05030226383230885,2.85,5.95%,0.29%,135.12,37,51.35%,-0.08%,0.84%,-6.68%,4.40%,False
conf_1m_cdi_30_20_00_40,1,8,30.00%,20.00%,0.00%,40.00%,22.50%,40.00%,-0.28%,48,33.51%,33.11%,7.41%,6.21%,1.19,-6.70%,62.50%,0.04037911167132746,-0.05030226383230885,3.04,6.33%,0.30%,133.11,37,51.35%,-0.47%,0.84%,-8.59%,4.40%,False
conf_1m_cdi_30_20_00_50,1,8,30.00%,20.00%,0.00%,50.00%,25.00%,50.00%,-0.69%,48,31.53%,31.11%,7.01%,6.09%,1.15,-6.70%,62.50%,0.04037911167132746,-0.05030226383230885,3.23,6.73%,0.32%,131.11,37,51.35%,-0.85%,0.84%,-10.47%,4.40%,False
conf_1m_cdi_30_20_10_00,1,8,30.00%,20.00%,10.00%,0.00%,15.00%,30.00%,1.41%,48,42.12%,41.72%,9.11%,6.89%,1.32,-6.70%,62.50%,0.051505551784493786,-0.05030226383230885,2.85,5.94%,0.29%,141.72,37,59.46%,1.20%,1.10%,-1.43%,4.40%,False
conf_1m_cdi_30_20_10_10,1,8,30.00%,20.00%,10.00%,10.00%,17.50%,30.00%,1.02%,48,40.05%,39.68%,8.71%,6.68%,1.30,-6.70%,62.50%,0.046512900945293145,-0.05030226383230885,2.65,5.52%,0.27%,139.68,37,51.35%,0.81%,1.00%,-2.85%,4.40%,False
conf_1m_cdi_30_20_10_20,1,8,30.00%,20.00%,10.00%,20.00%,20.00%,30.00%,0.62%,48,38.00%,37.66%,8.32%,6.49%,1.28,-6.70%,62.50%,0.04152069542759018,-0.05030226383230885,2.48,5.17%,0.25%,137.66,37,51.35%,0.43%,1.00%,-4.75%,4.40%,False
conf_1m_cdi_30_20_10_30,1,8,30.00%,20.00%,10.00%,30.00%,22.50%,30.00%,0.22%,48,35.98%,35.62%,7.91%,6.32%,1.25,-6.70%,62.50%,0.04037911167132746,-0.05030226383230885,2.64,5.51%,0.26%,135.62,37,51.35%,0.04%,1.00%,-6.68%,4.40%,False
conf_1m_cdi_30_20_10_40,1,8,30.00%,20.00%,10.00%,40.00%,25.00%,40.00%,-0.19%,48,33.97%,33.59%,7.51%,6.18%,1.22,-6.70%,62.50%,0.04037911167132746,-0.05030226383230885,2.83,5.89%,0.28%,133.59,37,51.35%,-0.34%,1.00%,-8.59%,4.40%,False
conf_1m_cdi_30_20_10_50,1,8,30.00%,20.00%,10.00%,50.00%,27.50%,50.00%,-0.59%,48,31.99%,31.59%,7.10%,6.05%,1.17,-6.70%,62.50%,0.04037911167132746,-0.05030226383230885,3.02,6.29%,0.30%,131.59,37,51.35%,-0.73%,1.00%,-10.47%,4.40%,False
conf_1m_cdi_30_20_20_00,1,8,30.00%,20.00%,20.00%,0.00%,17.50%,30.00%,1.51%,48,42.61%,42.23%,9.21%,6.86%,1.34,-6.70%,62.50%,0.051505551784493786,-0.05030226383230885,2.68,5.59%,0.27%,142.23,37,70.27%,1.33%,1.16%,-1.06%,4.40%,False
conf_1m_cdi_30_20_20_10,1,8,30.00%,20.00%,20.00%,10.00%,20.00%,30.00%,1.12%,48,40.54%,40.19%,8.81%,6.65%,1.33,-6.70%,62.50%,0.046512900945293145,-0.05030226383230885,2.48,5.17%,0.25%,140.19,37,62.16%,0.94%,1.13%,-2.85%,4.40%,False
conf_1m_cdi_30_20_20_20,1,8,30.00%,20.00%,20.00%,20.00%,22.50%,30.00%,0.72%,48,38.48%,38.16%,8.42%,6.46%,1.30,-6.70%,62.50%,0.04152069542759018,-0.05030226383230885,2.31,4.82%,0.23%,138.16,37,62.16%,0.56%,1.13%,-4.75%,4.40%,False
conf_1m_cdi_30_20_20_30,1,8,30.00%,20.00%,20.00%,30.00%,25.00%,30.00%,0.32%,48,36.45%,36.11%,8.01%,6.29%,1.27,-6.70%,62.50%,0.04037911167132746,-0.05030226383230885,2.47,5.16%,0.25%,136.11,37,62.16%,0.17%,1.13%,-6.68%,4.40%,False
conf_1m_cdi_30_20_20_40,1,8,30.00%,20.00%,20.00%,40.00%,27.50%,40.00%,-0.09%,48,34.43%,34.08%,7.61%,6.14%,1.24,-6.70%,62.50%,0.04037911167132746,-0.05030226383230885,2.66,5.54%,0.27%,134.08,37,62.16%,-0.22%,1.13%,-8.59%,4.40%,False
conf_1m_cdi_30_20_20_50,1,8,30.00%,20.00%,20.00%,50.00%,30.00%,50.00%,-0.49%,48,32.44%,32.07%,7.20%,6.01%,1.20,-6.70%,62.50%,0.04037911167132746,-0.05030226383230885,2.85,5.93%,0.28%,132.07,37,62.16%,-0.60%,1.13%,-10.47%,4.40%,False
conf_1m_cdi_30_20_30_00,1,8,30.00%,20.00%,30.00%,0.00%,20.00%,30.00%,1.60%,48,43.10%,42.70%,9.30%,6.83%,1.36,-6.70%,64.58%,0.051505551784493786,-0.05030226383230885,2.84,5.92%,0.28%,142.70,37,72.97%,1.44%,1.31%,-0.93%,4.40%,False
conf_1m_cdi_30_20_30_10,1,8,30.00%,20.00%,30.00%,10.00%,22.50%,30.00%,1.21%,48,41.02%,40.65%,8.90%,6.62%,1.34,-6.70%,64.58%,0.046512900945293145,-0.05030226383230885,2.64,5.50%,0.26%,140.65,37,64.86%,1.05%,1.13%,-2.85%,4.40%,False
conf_1m_cdi_30_20_30_20,1,8,30.00%,20.00%,30.00%,20.00%,25.00%,30.00%,0.81%,48,38.96%,38.61%,8.51%,6.43%,1.32,-6.70%,64.58%,0.04152069542759018,-0.05030226383230885,2.47,5.15%,0.25%,138.61,37,64.86%,0.67%,1.13%,-4.75%,4.40%,False
conf_1m_cdi_30_20_30_30,1,8,30.00%,20.00%,30.00%,30.00%,27.50%,30.00%,0.40%,48,36.92%,36.56%,8.10%,6.26%,1.29,-6.70%,64.58%,0.04037911167132746,-0.05030226383230885,2.63,5.49%,0.26%,136.56,37,64.86%,0.28%,1.13%,-6.68%,4.40%,False
conf_1m_cdi_30_20_30_40,1,8,30.00%,20.00%,30.00%,40.00%,30.00%,40.00%,-0.00%,48,34.90%,34.52%,7.69%,6.11%,1.26,-6.70%,64.58%,0.04037911167132746,-0.05030226383230885,2.82,5.87%,0.28%,134.52,37,64.86%,-0.11%,1.13%,-8.59%,4.40%,False
conf_1m_cdi_30_20_30_50,1,8,30.00%,20.00%,30.00%,50.00%,32.50%,50.00%,-0.41%,48,32.90%,32.50%,7.29%,5.99%,1.22,-6.70%,64.58%,0.04037911167132746,-0.05030226383230885,3.01,6.27%,0.30%,132.50,37,64.86%,-0.49%,1.13%,-10.47%,4.40%,False
conf_1m_cdi_30_20_40_00,1,8,30.00%,20.00%,40.00%,0.00%,22.50%,40.00%,1.69%,48,43.59%,43.16%,9.38%,6.80%,1.38,-6.70%,64.58%,0.051505551784493786,-0.05030226383230885,3.03,6.32%,0.30%,143.16,37,78.38%,1.55%,1.32%,-0.93%,4.40%,False
conf_1m_cdi_30_20_40_10,1,8,30.00%,20.00%,40.00%,10.00%,25.00%,40.00%,1.29%,48,41.50%,41.10%,8.99%,6.60%,1.36,-6.70%,64.58%,0.046512900945293145,-0.05030226383230885,2.83,5.90%,0.28%,141.10,37,70.27%,1.16%,1.13%,-2.85%,4.40%,False
conf_1m_cdi_30_20_40_20,1,8,30.00%,20.00%,40.00%,20.00%,27.50%,40.00%,0.90%,48,39.43%,39.06%,8.59%,6.41%,1.34,-6.70%,64.58%,0.04152069542759018,-0.05030226383230885,2.66,5.55%,0.27%,139.06,37,70.27%,0.78%,1.13%,-4.75%,4.40%,False
conf_1m_cdi_30_20_40_30,1,8,30.00%,20.00%,40.00%,30.00%,30.00%,40.00%,0.49%,48,37.39%,37.00%,8.19%,6.24%,1.31,-6.70%,64.58%,0.04037911167132746,-0.05030226383230885,2.82,5.89%,0.28%,137.00,37,70.27%,0.39%,1.13%,-6.68%,4.40%,False
conf_1m_cdi_30_20_40_40,1,8,30.00%,20.00%,40.00%,40.00%,32.50%,40.00%,0.09%,48,35.36%,34.95%,7.78%,6.09%,1.28,-6.70%,64.58%,0.04037911167132746,-0.05030226383230885,3.01,6.27%,0.30%,134.95,37,70.27%,0.01%,1.13%,-8.59%,4.40%,False
conf_1m_cdi_30_20_40_50,1,8,30.00%,20.00%,40.00%,50.00%,35.00%,50.00%,-0.32%,48,33.35%,32.93%,7.38%,5.96%,1.24,-6.70%,64.58%,0.04037911167132746,-0.05030226383230885,3.20,6.66%,0.32%,132.93,37,70.27%,-0.38%,1.13%,-10.47%,4.40%,False
conf_1m_cdi_30_20_50_00,1,8,30.00%,20.00%,50.00%,0.00%,25.00%,50.00%,1.78%,48,44.08%,43.62%,9.47%,6.78%,1.40,-6.70%,64.58%,0.051505551784493786,-0.05030226383230885,3.22,6.72%,0.32%,143.62,37,81.08%,1.66%,1.32%,-0.93%,4.40%,False
conf_1m_cdi_30_20_50_10,1,8,30.00%,20.00%,50.00%,10.00%,27.50%,50.00%,1.38%,48,41.99%,41.56%,9.08%,6.57%,1.38,-6.70%,64.58%,0.046512900945293145,-0.05030226383230885,3.02,6.30%,0.30%,141.56,37,72.97%,1.28%,1.31%,-2.85%,4.40%,False
conf_1m_cdi_30_20_50_20,1,8,30.00%,20.00%,50.00%,20.00%,30.00%,50.00%,0.99%,48,39.91%,39.51%,8.68%,6.38%,1.36,-6.70%,64.58%,0.04152069542759018,-0.05030226383230885,2.85,5.95%,0.29%,139.51,37,72.97%,0.89%,1.31%,-4.75%,4.40%,False
conf_1m_cdi_30_20_50_30,1,8,30.00%,20.00%,50.00%,30.00%,32.50%,50.00%,0.58%,48,37.85%,37.44%,8.27%,6.21%,1.33,-6.70%,64.58%,0.04037911167132746,-0.05030226383230885,3.02,6.28%,0.30%,137.44,37,72.97%,0.50%,1.31%,-6.68%,4.40%,False
conf_1m_cdi_30_20_50_40,1,8,30.00%,20.00%,50.00%,40.00%,35.00%,50.00%,0.17%,48,35.82%,35.39%,7.87%,6.06%,1.30,-6.70%,64.58%,0.04037911167132746,-0.05030226383230885,3.20,6.66%,0.32%,135.39,37,72.97%,0.12%,1.31%,-8.59%,4.40%,False
conf_1m_cdi_30_20_50_50,1,8,30.00%,20.00%,50.00%,50.00%,37.50%,50.00%,-0.23%,48,33.81%,33.36%,7.46%,5.94%,1.26,-6.70%,64.58%,0.04037911167132746,-0.05030226383230885,3.39,7.06%,0.34%,133.36,37,72.97%,-0.27%,1.31%,-10.47%,4.40%,False
conf_1m_cdi_30_30_00_00,1,8,30.00%,30.00%,0.00%,0.00%,15.00%,30.00%,1.03%,48,40.17%,39.74%,8.73%,6.56%,1.33,-6.03%,62.50%,0.051505551784493786,-0.04352260520278617,3.10,6.45%,0.31%,139.74,37,56.76%,0.65%,0.78%,-3.03%,4.33%,False
conf_1m_cdi_30_30_00_10,1,8,30.00%,30.00%,0.00%,10.00%,17.50%,30.00%,0.64%,48,38.13%,37.73%,8.33%,6.34%,1.31,-6.03%,62.50%,0.046512900945293145,-0.04352260520278617,2.89,6.03%,0.29%,137.73,37,51.35%,0.27%,0.74%,-4.78%,4.33%,False
conf_1m_cdi_30_30_00_20,1,8,30.00%,30.00%,0.00%,20.00%,20.00%,30.00%,0.24%,48,36.11%,35.75%,7.94%,6.14%,1.29,-6.03%,62.50%,0.04152069542759018,-0.04352260520278617,2.69,5.61%,0.27%,135.75,37,51.35%,-0.11%,0.74%,-6.65%,4.33%,False
conf_1m_cdi_30_30_00_30,1,8,30.00%,30.00%,0.00%,30.00%,22.50%,30.00%,-0.15%,48,34.11%,33.78%,7.55%,5.96%,1.27,-6.03%,62.50%,0.03652893371422139,-0.04352260520278617,2.52,5.25%,0.25%,133.78,37,51.35%,-0.49%,0.74%,-8.51%,4.33%,False
conf_1m_cdi_30_30_00_40,1,8,30.00%,30.00%,0.00%,40.00%,25.00%,40.00%,-0.55%,48,32.14%,31.78%,7.14%,5.80%,1.23,-6.03%,62.50%,0.035685571949586326,-0.04352260520278617,2.68,5.58%,0.27%,131.78,37,51.35%,-0.87%,0.74%,-10.38%,4.33%,False
conf_1m_cdi_30_30_00_50,1,8,30.00%,30.00%,0.00%,50.00%,27.50%,50.00%,-0.96%,48,30.18%,29.81%,6.74%,5.66%,1.19,-6.03%,62.50%,0.035685571949586326,-0.04352260520278617,2.86,5.97%,0.29%,129.81,37,51.35%,-1.25%,0.74%,-12.24%,4.33%,False
conf_1m_cdi_30_30_10_00,1,8,30.00%,30.00%,10.00%,0.00%,17.50%,30.00%,1.13%,48,40.66%,40.25%,8.82%,6.52%,1.35,-6.03%,62.50%,0.051505551784493786,-0.04352260520278617,2.88,6.01%,0.29%,140.25,37,62.16%,0.77%,0.90%,-2.89%,4.33%,False
conf_1m_cdi_30_30_10_10,1,8,30.00%,30.00%,10.00%,10.00%,20.00%,30.00%,0.74%,48,38.61%,38.24%,8.43%,6.31%,1.34,-6.03%,62.50%,0.046512900945293145,-0.04352260520278617,2.68,5.59%,0.27%,138.24,37,56.76%,0.39%,0.90%,-4.78%,4.33%,False
conf_1m_cdi_30_30_10_20,1,8,30.00%,30.00%,10.00%,20.00%,22.50%,30.00%,0.34%,48,36.58%,36.25%,8.04%,6.10%,1.32,-6.03%,62.50%,0.04152069542759018,-0.04352260520278617,2.48,5.17%,0.25%,136.25,37,56.76%,0.01%,0.90%,-6.65%,4.33%,False
conf_1m_cdi_30_30_10_30,1,8,30.00%,30.00%,10.00%,30.00%,25.00%,30.00%,-0.05%,48,34.58%,34.27%,7.64%,5.92%,1.29,-6.03%,62.50%,0.03652893371422139,-0.04352260520278617,2.31,4.81%,0.23%,134.27,37,56.76%,-0.36%,0.90%,-8.51%,4.33%,False
conf_1m_cdi_30_30_10_40,1,8,30.00%,30.00%,10.00%,40.00%,27.50%,40.00%,-0.45%,48,32.59%,32.27%,7.24%,5.76%,1.26,-6.03%,62.50%,0.035685571949586326,-0.04352260520278617,2.47,5.14%,0.25%,132.27,37,56.76%,-0.75%,0.90%,-10.38%,4.33%,False
conf_1m_cdi_30_30_10_50,1,8,30.00%,30.00%,10.00%,50.00%,30.00%,50.00%,-0.86%,48,30.63%,30.28%,6.84%,5.62%,1.22,-6.03%,62.50%,0.035685571949586326,-0.04352260520278617,2.65,5.53%,0.27%,130.28,37,56.76%,-1.12%,0.90%,-12.24%,4.33%,False
conf_1m_cdi_30_30_20_00,1,8,30.00%,30.00%,20.00%,0.00%,20.00%,30.00%,1.23%,48,41.14%,40.77%,8.92%,6.49%,1.38,-6.03%,62.50%,0.051505551784493786,-0.04352260520278617,2.67,5.57%,0.27%,140.77,37,62.16%,0.90%,1.07%,-2.89%,4.33%,False
conf_1m_cdi_30_30_20_10,1,8,30.00%,30.00%,20.00%,10.00%,22.50%,30.00%,0.84%,48,39.09%,38.74%,8.53%,6.27%,1.36,-6.03%,62.50%,0.046512900945293145,-0.04352260520278617,2.47,5.15%,0.25%,138.74,37,56.76%,0.52%,1.07%,-4.78%,4.33%,False
conf_1m_cdi_30_30_20_20,1,8,30.00%,30.00%,20.00%,20.00%,25.00%,30.00%,0.44%,48,37.05%,36.74%,8.14%,6.07%,1.34,-6.03%,62.50%,0.04152069542759018,-0.04352260520278617,2.27,4.73%,0.23%,136.74,37,56.76%,0.14%,1.07%,-6.65%,4.33%,False
conf_1m_cdi_30_30_20_30,1,8,30.00%,30.00%,20.00%,30.00%,27.50%,30.00%,0.05%,48,35.04%,34.76%,7.74%,5.89%,1.32,-6.03%,62.50%,0.03652893371422139,-0.04352260520278617,2.10,4.37%,0.21%,134.76,37,56.76%,-0.24%,1.07%,-8.51%,4.33%,True
conf_1m_cdi_30_30_20_40,1,8,30.00%,30.00%,20.00%,40.00%,30.00%,40.00%,-0.36%,48,33.05%,32.75%,7.34%,5.73%,1.28,-6.03%,62.50%,0.035685571949586326,-0.04352260520278617,2.26,4.70%,0.23%,132.75,37,56.76%,-0.62%,1.07%,-10.38%,4.33%,False
conf_1m_cdi_30_30_20_50,1,8,30.00%,30.00%,20.00%,50.00%,32.50%,50.00%,-0.76%,48,31.08%,30.76%,6.93%,5.59%,1.24,-6.03%,62.50%,0.035685571949586326,-0.04352260520278617,2.44,5.09%,0.24%,130.76,37,56.76%,-1.00%,1.07%,-12.24%,4.33%,False
conf_1m_cdi_30_30_30_00,1,8,30.00%,30.00%,30.00%,0.00%,22.50%,30.00%,1.33%,48,41.63%,41.27%,9.02%,6.46%,1.40,-6.03%,64.58%,0.051505551784493786,-0.04352260520278617,2.50,5.21%,0.25%,141.27,37,67.57%,1.02%,1.10%,-2.89%,4.33%,False
conf_1m_cdi_30_30_30_10,1,8,30.00%,30.00%,30.00%,10.00%,25.00%,30.00%,0.93%,48,39.57%,39.25%,8.63%,6.24%,1.38,-6.03%,64.58%,0.046512900945293145,-0.04352260520278617,2.30,4.79%,0.23%,139.25,37,62.16%,0.64%,1.10%,-4.78%,4.33%,False
conf_1m_cdi_30_30_30_20,1,8,30.00%,30.00%,30.00%,20.00%,27.50%,30.00%,0.54%,48,37.53%,37.24%,8.24%,6.04%,1.36,-6.03%,64.58%,0.04152069542759018,-0.04352260520278617,2.10,4.37%,0.21%,137.24,37,62.16%,0.26%,1.10%,-6.65%,4.33%,True
conf_1m_cdi_30_30_30_30,1,8,30.00%,30.00%,30.00%,30.00%,30.00%,30.00%,0.14%,48,35.51%,35.25%,7.84%,5.86%,1.34,-6.03%,64.58%,0.03652893371422139,-0.04352260520278617,1.92,4.01%,0.19%,135.25,37,62.16%,-0.11%,1.10%,-8.51%,4.33%,True
conf_1m_cdi_30_30_30_40,1,8,30.00%,30.00%,30.00%,40.00%,32.50%,40.00%,-0.26%,48,33.51%,33.23%,7.44%,5.69%,1.31,-6.03%,64.58%,0.035685571949586326,-0.04352260520278617,2.09,4.35%,0.21%,133.23,37,62.16%,-0.50%,1.10%,-10.38%,4.33%,True
conf_1m_cdi_30_30_30_50,1,8,30.00%,30.00%,30.00%,50.00%,35.00%,50.00%,-0.66%,48,31.53%,31.23%,7.03%,5.56%,1.27,-6.03%,64.58%,0.035685571949586326,-0.04352260520278617,2.27,4.73%,0.23%,131.23,37,62.16%,-0.87%,1.10%,-12.24%,4.33%,False
conf_1m_cdi_30_30_40_00,1,8,30.00%,30.00%,40.00%,0.00%,25.00%,40.00%,1.42%,48,42.11%,41.74%,9.11%,6.43%,1.42,-6.03%,64.58%,0.051505551784493786,-0.04352260520278617,2.67,5.55%,0.27%,141.74,37,72.97%,1.14%,1.20%,-2.89%,4.33%,False
conf_1m_cdi_30_30_40_10,1,8,30.00%,30.00%,40.00%,10.00%,27.50%,40.00%,1.02%,48,40.04%,39.70%,8.72%,6.21%,1.40,-6.03%,64.58%,0.046512900945293145,-0.04352260520278617,2.46,5.13%,0.25%,139.70,37,67.57%,0.75%,1.20%,-4.78%,4.33%,False
conf_1m_cdi_30_30_40_20,1,8,30.00%,30.00%,40.00%,20.00%,30.00%,40.00%,0.63%,48,38.00%,37.69%,8.32%,6.01%,1.38,-6.03%,64.58%,0.04152069542759018,-0.04352260520278617,2.26,4.71%,0.23%,137.69,37,67.57%,0.38%,1.20%,-6.65%,4.33%,False
conf_1m_cdi_30_30_40_30,1,8,30.00%,30.00%,40.00%,30.00%,32.50%,40.00%,0.23%,48,35.97%,35.69%,7.93%,5.83%,1.36,-6.03%,64.58%,0.03652893371422139,-0.04352260520278617,2.09,4.35%,0.21%,135.69,37,67.57%,-0.00%,1.20%,-8.51%,4.33%,True
conf_1m_cdi_30_30_40_40,1,8,30.00%,30.00%,40.00%,40.00%,35.00%,40.00%,-0.17%,48,33.97%,33.66%,7.52%,5.67%,1.33,-6.03%,64.58%,0.035685571949586326,-0.04352260520278617,2.25,4.69%,0.22%,133.66,37,67.57%,-0.38%,1.20%,-10.38%,4.33%,False
conf_1m_cdi_30_30_40_50,1,8,30.00%,30.00%,40.00%,50.00%,37.50%,50.00%,-0.58%,48,31.98%,31.66%,7.12%,5.53%,1.29,-6.03%,64.58%,0.035685571949586326,-0.04352260520278617,2.43,5.07%,0.24%,131.66,37,67.57%,-0.76%,1.20%,-12.24%,4.33%,False
conf_1m_cdi_30_30_50_00,1,8,30.00%,30.00%,50.00%,0.00%,27.50%,50.00%,1.50%,48,42.60%,42.19%,9.20%,6.41%,1.43,-6.03%,64.58%,0.051505551784493786,-0.04352260520278617,2.86,5.95%,0.29%,142.19,37,72.97%,1.25%,1.47%,-2.89%,4.33%,False
conf_1m_cdi_30_30_50_10,1,8,30.00%,30.00%,50.00%,10.00%,30.00%,50.00%,1.11%,48,40.52%,40.15%,8.81%,6.19%,1.42,-6.03%,64.58%,0.046512900945293145,-0.04352260520278617,2.65,5.53%,0.27%,140.15,37,67.57%,0.87%,1.47%,-4.78%,4.33%,False
conf_1m_cdi_30_30_50_20,1,8,30.00%,30.00%,50.00%,20.00%,32.50%,50.00%,0.72%,48,38.47%,38.13%,8.41%,5.99%,1.40,-6.03%,64.58%,0.04152069542759018,-0.04352260520278617,2.45,5.11%,0.25%,138.13,37,67.57%,0.49%,1.47%,-6.65%,4.33%,False
conf_1m_cdi_30_30_50_30,1,8,30.00%,30.00%,50.00%,30.00%,35.00%,50.00%,0.32%,48,36.44%,36.12%,8.02%,5.80%,1.38,-6.03%,64.58%,0.03652893371422139,-0.04352260520278617,2.28,4.75%,0.23%,136.12,37,67.57%,0.11%,1.47%,-8.51%,4.33%,False
conf_1m_cdi_30_30_50_40,1,8,30.00%,30.00%,50.00%,40.00%,37.50%,50.00%,-0.09%,48,34.42%,34.10%,7.61%,5.64%,1.35,-6.03%,64.58%,0.035685571949586326,-0.04352260520278617,2.44,5.08%,0.24%,134.10,37,67.57%,-0.27%,1.47%,-10.38%,4.33%,False
conf_1m_cdi_30_30_50_50,1,8,30.00%,30.00%,50.00%,50.00%,40.00%,50.00%,-0.49%,48,32.43%,32.09%,7.20%,5.50%,1.31,-6.03%,64.58%,0.035685571949586326,-0.04352260520278617,2.62,5.47%,0.26%,132.09,37,67.57%,-0.65%,1.47%,-12.24%,4.33%,False
conf_1m_cdi_30_40_00_00,1,8,30.00%,40.00%,0.00%,0.00%,17.50%,40.00%,0.73%,48,38.71%,38.19%,8.42%,6.23%,1.35,-5.38%,66.67%,0.051505551784493786,-0.03689737359942813,3.77,7.86%,0.38%,138.19,37,54.05%,0.20%,0.60%,-4.83%,4.35%,False
conf_1m_cdi_30_40_00_10,1,8,30.00%,40.00%,0.00%,10.00%,20.00%,40.00%,0.34%,48,36.69%,36.20%,8.03%,6.00%,1.34,-5.38%,66.67%,0.046512900945293145,-0.03689737359942813,3.57,7.44%,0.36%,136.20,37,51.35%,-0.17%,0.60%,-6.69%,4.35%,False
conf_1m_cdi_30_40_00_20,1,8,30.00%,40.00%,0.00%,20.00%,22.50%,40.00%,-0.06%,48,34.69%,34.24%,7.64%,5.79%,1.32,-5.38%,66.67%,0.04152069542759018,-0.03689737359942813,3.37,7.02%,0.34%,134.24,37,51.35%,-0.55%,0.60%,-8.53%,4.35%,False
conf_1m_cdi_30_40_00_30,1,8,30.00%,40.00%,0.00%,30.00%,25.00%,40.00%,-0.45%,48,32.72%,32.30%,7.25%,5.59%,1.30,-5.38%,66.67%,0.03652893371422139,-0.03689737359942813,3.17,6.60%,0.32%,132.30,37,51.35%,-0.92%,0.60%,-10.36%,4.35%,False
conf_1m_cdi_30_40_00_40,1,8,30.00%,40.00%,0.00%,40.00%,27.50%,40.00%,-0.84%,48,30.76%,30.37%,6.85%,5.42%,1.26,-5.38%,66.67%,0.03153747705339782,-0.03689737359942813,2.99,6.23%,0.30%,130.37,37,51.35%,-1.29%,0.60%,-12.16%,4.35%,False
conf_1m_cdi_30_40_00_50,1,8,30.00%,40.00%,0.00%,50.00%,30.00%,50.00%,-1.24%,48,28.82%,28.42%,6.45%,5.27%,1.22,-5.38%,66.67%,0.030992741717698502,-0.03689737359942813,3.15,6.56%,0.31%,128.42,37,51.35%,-1.66%,0.60%,-13.99%,4.35%,False
conf_1m_cdi_30_40_10_00,1,8,30.00%,40.00%,10.00%,0.00%,20.00%,40.00%,0.83%,48,39.19%,38.70%,8.52%,6.19%,1.38,-5.38%,66.67%,0.051505551784493786,-0.03689737359942813,3.56,7.43%,0.36%,138.70,37,59.46%,0.33%,0.77%,-4.83%,4.35%,False
conf_1m_cdi_30_40_10_10,1,8,30.00%,40.00%,10.00%,10.00%,22.50%,40.00%,0.43%,48,37.16%,36.70%,8.13%,5.96%,1.36,-5.38%,66.67%,0.046512900945293145,-0.03689737359942813,3.36,7.01%,0.34%,136.70,37,56.76%,-0.05%,0.77%,-6.69%,4.35%,False
conf_1m_cdi_30_40_10_20,1,8,30.00%,40.00%,10.00%,20.00%,25.00%,40.00%,0.04%,48,35.16%,34.73%,7.74%,5.75%,1.35,-5.38%,66.67%,0.04152069542759018,-0.03689737359942813,3.16,6.58%,0.32%,134.73,37,56.76%,-0.42%,0.77%,-8.53%,4.35%,False
conf_1m_cdi_30_40_10_30,1,8,30.00%,40.00%,10.00%,30.00%,27.50%,40.00%,-0.35%,48,33.17%,32.78%,7.35%,5.55%,1.32,-5.38%,66.67%,0.03652893371422139,-0.03689737359942813,2.96,6.16%,0.30%,132.78,37,56.76%,-0.80%,0.77%,-10.36%,4.35%,False
conf_1m_cdi_30_40_10_40,1,8,30.00%,40.00%,10.00%,40.00%,30.00%,40.00%,-0.74%,48,31.21%,30.85%,6.95%,5.38%,1.29,-5.38%,66.67%,0.03153747705339782,-0.03689737359942813,2.78,5.79%,0.28%,130.85,37,56.76%,-1.16%,0.77%,-12.16%,4.35%,False
conf_1m_cdi_30_40_10_50,1,8,30.00%,40.00%,10.00%,50.00%,32.50%,50.00%,-1.15%,48,29.27%,28.89%,6.55%,5.23%,1.25,-5.38%,66.67%,0.030992741717698502,-0.03689737359942813,2.94,6.12%,0.29%,128.89,37,56.76%,-1.54%,0.77%,-13.99%,4.35%,False
conf_1m_cdi_30_40_20_00,1,8,30.00%,40.00%,20.00%,0.00%,22.50%,40.00%,0.93%,48,39.67%,39.20%,8.62%,6.16%,1.40,-5.38%,66.67%,0.051505551784493786,-0.03689737359942813,3.35,6.99%,0.34%,139.20,37,59.46%,0.45%,0.93%,-4.83%,4.35%,False
conf_1m_cdi_30_40_20_10,1,8,30.00%,40.00%,20.00%,10.00%,25.00%,40.00%,0.53%,48,37.64%,37.20%,8.23%,5.93%,1.39,-5.38%,66.67%,0.046512900945293145,-0.03689737359942813,3.15,6.57%,0.32%,137.20,37,56.76%,0.08%,0.93%,-6.69%,4.35%,False
conf_1m_cdi_30_40_20_20,1,8,30.00%,40.00%,20.00%,20.00%,27.50%,40.00%,0.14%,48,35.62%,35.23%,7.84%,5.71%,1.37,-5.38%,66.67%,0.04152069542759018,-0.03689737359942813,2.95,6.15%,0.30%,135.23,37,56.76%,-0.30%,0.93%,-8.53%,4.35%,False
conf_1m_cdi_30_40_20_30,1,8,30.00%,40.00%,20.00%,30.00%,30.00%,40.00%,-0.25%,48,33.63%,33.27%,7.44%,5.52%,1.35,-5.38%,66.67%,0.03652893371422139,-0.03689737359942813,2.75,5.72%,0.27%,133.27,37,56.76%,-0.67%,0.93%,-10.36%,4.35%,False
conf_1m_cdi_30_40_20_40,1,8,30.00%,40.00%,20.00%,40.00%,32.50%,40.00%,-0.65%,48,31.66%,31.33%,7.05%,5.34%,1.32,-5.38%,66.67%,0.03153747705339782,-0.03689737359942813,2.57,5.35%,0.26%,131.33,37,56.76%,-1.04%,0.93%,-12.16%,4.35%,False
conf_1m_cdi_30_40_20_50,1,8,30.00%,40.00%,20.00%,50.00%,35.00%,50.00%,-1.05%,48,29.71%,29.36%,6.65%,5.19%,1.28,-5.38%,66.67%,0.030992741717698502,-0.03689737359942813,2.73,5.68%,0.27%,129.36,37,56.76%,-1.41%,0.93%,-13.99%,4.35%,False
conf_1m_cdi_30_40_30_00,1,8,30.00%,40.00%,30.00%,0.00%,25.00%,40.00%,1.02%,48,40.15%,39.71%,8.72%,6.13%,1.42,-5.38%,68.75%,0.051505551784493786,-0.03689737359942813,3.14,6.55%,0.31%,139.71,37,59.46%,0.58%,1.02%,-4.83%,4.35%,False
conf_1m_cdi_30_40_30_10,1,8,30.00%,40.00%,30.00%,10.00%,27.50%,40.00%,0.63%,48,38.11%,37.70%,8.33%,5.89%,1.41,-5.38%,68.75%,0.046512900945293145,-0.03689737359942813,2.94,6.13%,0.29%,137.70,37,56.76%,0.20%,1.02%,-6.69%,4.35%,False
conf_1m_cdi_30_40_30_20,1,8,30.00%,40.00%,30.00%,20.00%,30.00%,40.00%,0.24%,48,36.09%,35.72%,7.93%,5.68%,1.40,-5.38%,68.75%,0.04152069542759018,-0.03689737359942813,2.74,5.71%,0.27%,135.72,37,56.76%,-0.17%,1.02%,-8.53%,4.35%,False
conf_1m_cdi_30_40_30_30,1,8,30.00%,40.00%,30.00%,30.00%,32.50%,40.00%,-0.15%,48,34.09%,33.75%,7.54%,5.48%,1.38,-5.38%,68.75%,0.03652893371422139,-0.03689737359942813,2.54,5.28%,0.25%,133.75,37,56.76%,-0.54%,1.02%,-10.36%,4.35%,False
conf_1m_cdi_30_40_30_40,1,8,30.00%,40.00%,30.00%,40.00%,35.00%,40.00%,-0.55%,48,32.12%,31.80%,7.15%,5.31%,1.35,-5.38%,68.75%,0.03153747705339782,-0.03689737359942813,2.36,4.91%,0.24%,131.80,37,56.76%,-0.91%,1.02%,-12.16%,4.35%,False
conf_1m_cdi_30_40_30_50,1,8,30.00%,40.00%,30.00%,50.00%,37.50%,50.00%,-0.95%,48,30.16%,29.83%,6.74%,5.16%,1.31,-5.38%,68.75%,0.030992741717698502,-0.03689737359942813,2.52,5.25%,0.25%,129.83,37,56.76%,-1.29%,1.02%,-13.99%,4.35%,False
conf_1m_cdi_30_40_40_00,1,8,30.00%,40.00%,40.00%,0.00%,27.50%,40.00%,1.12%,48,40.63%,40.21%,8.82%,6.10%,1.45,-5.38%,68.75%,0.051505551784493786,-0.03689737359942813,2.97,6.18%,0.30%,140.21,37,64.86%,0.70%,1.32%,-4.83%,4.35%,False
conf_1m_cdi_30_40_40_10,1,8,30.00%,40.00%,40.00%,10.00%,30.00%,40.00%,0.73%,48,38.58%,38.20%,8.42%,5.86%,1.44,-5.38%,68.75%,0.046512900945293145,-0.03689737359942813,2.77,5.76%,0.28%,138.20,37,62.16%,0.33%,1.32%,-6.69%,4.35%,False
conf_1m_cdi_30_40_40_20,1,8,30.00%,40.00%,40.00%,20.00%,32.50%,40.00%,0.34%,48,36.56%,36.21%,8.03%,5.65%,1.42,-5.38%,68.75%,0.04152069542759018,-0.03689737359942813,2.56,5.34%,0.26%,136.21,37,62.16%,-0.05%,1.32%,-8.53%,4.35%,False
conf_1m_cdi_30_40_40_30,1,8,30.00%,40.00%,40.00%,30.00%,35.00%,40.00%,-0.06%,48,34.55%,34.24%,7.64%,5.45%,1.40,-5.38%,68.75%,0.03652893371422139,-0.03689737359942813,2.36,4.92%,0.24%,134.24,37,62.16%,-0.42%,1.32%,-10.36%,4.35%,False
conf_1m_cdi_30_40_40_40,1,8,30.00%,40.00%,40.00%,40.00%,37.50%,40.00%,-0.45%,48,32.57%,32.28%,7.24%,5.28%,1.37,-5.38%,68.75%,0.03153747705339782,-0.03689737359942813,2.18,4.55%,0.22%,132.28,37,62.16%,-0.79%,1.32%,-12.16%,4.35%,True
conf_1m_cdi_30_40_40_50,1,8,30.00%,40.00%,40.00%,50.00%,40.00%,50.00%,-0.86%,48,30.61%,30.30%,6.84%,5.13%,1.33,-5.38%,68.75%,0.030992741717698502,-0.03689737359942813,2.34,4.88%,0.23%,130.30,37,62.16%,-1.16%,1.32%,-13.99%,4.35%,False
conf_1m_cdi_30_40_50_00,1,8,30.00%,40.00%,50.00%,0.00%,30.00%,50.00%,1.21%,48,41.11%,40.67%,8.91%,6.08%,1.47,-5.38%,68.75%,0.051505551784493786,-0.03689737359942813,3.14,6.53%,0.31%,140.67,37,67.57%,0.82%,1.40%,-4.83%,4.35%,False
conf_1m_cdi_30_40_50_10,1,8,30.00%,40.00%,50.00%,10.00%,32.50%,50.00%,0.82%,48,39.06%,38.65%,8.51%,5.84%,1.46,-5.38%,68.75%,0.046512900945293145,-0.03689737359942813,2.93,6.11%,0.29%,138.65,37,64.86%,0.44%,1.40%,-6.69%,4.35%,False
conf_1m_cdi_30_40_50_20,1,8,30.00%,40.00%,50.00%,20.00%,35.00%,50.00%,0.42%,48,37.02%,36.65%,8.12%,5.62%,1.44,-5.38%,68.75%,0.04152069542759018,-0.03689737359942813,2.73,5.69%,0.27%,136.65,37,64.86%,0.06%,1.40%,-8.53%,4.35%,False
conf_1m_cdi_30_40_50_30,1,8,30.00%,40.00%,50.00%,30.00%,37.50%,50.00%,0.03%,48,35.01%,34.67%,7.73%,5.43%,1.42,-5.38%,68.75%,0.03652893371422139,-0.03689737359942813,2.53,5.27%,0.25%,134.67,37,64.86%,-0.31%,1.40%,-10.36%,4.35%,False
conf_1m_cdi_30_40_50_40,1,8,30.00%,40.00%,50.00%,40.00%,40.00%,50.00%,-0.36%,48,33.02%,32.71%,7.33%,5.25%,1.40,-5.38%,68.75%,0.03153747705339782,-0.03689737359942813,2.35,4.89%,0.23%,132.71,37,64.86%,-0.68%,1.40%,-12.16%,4.35%,False
conf_1m_cdi_30_40_50_50,1,8,30.00%,40.00%,50.00%,50.00%,42.50%,50.00%,-0.77%,48,31.05%,30.72%,6.93%,5.10%,1.36,-5.38%,68.75%,0.030992741717698502,-0.03689737359942813,2.51,5.23%,0.25%,130.72,37,64.86%,-1.05%,1.40%,-13.99%,4.35%,False
conf_1m_cdi_30_50_00_00,1,8,30.00%,50.00%,0.00%,0.00%,20.00%,50.00%,0.42%,48,37.25%,36.63%,8.11%,5.94%,1.37,-4.73%,68.75%,0.051505551784493786,-0.03255943822255003,4.53,9.43%,0.45%,136.63,37,54.05%,-0.24%,0.46%,-6.74%,4.54%,False
conf_1m_cdi_30_50_00_10,1,8,30.00%,50.00%,0.00%,10.00%,22.50%,50.00%,0.03%,48,35.25%,34.66%,7.72%,5.70%,1.36,-4.73%,68.75%,0.046512900945293145,-0.03255943822255003,4.33,9.01%,0.43%,134.66,37,54.05%,-0.61%,0.46%,-8.58%,4.54%,False
conf_1m_cdi_30_50_00_20,1,8,30.00%,50.00%,0.00%,20.00%,25.00%,50.00%,-0.36%,48,33.27%,32.72%,7.33%,5.47%,1.34,-4.73%,68.75%,0.04152069542759018,-0.03255943822255003,4.12,8.59%,0.41%,132.72,37,54.05%,-0.98%,0.46%,-10.39%,4.54%,False
conf_1m_cdi_30_50_00_30,1,8,30.00%,50.00%,0.00%,30.00%,27.50%,50.00%,-0.75%,48,31.31%,30.80%,6.94%,5.26%,1.32,-4.73%,68.75%,0.03652893371422139,-0.03255943822255003,3.92,8.17%,0.39%,130.80,37,54.05%,-1.35%,0.46%,-12.19%,4.54%,False
conf_1m_cdi_30_50_00_40,1,8,30.00%,50.00%,0.00%,40.00%,30.00%,50.00%,-1.14%,48,29.38%,28.90%,6.55%,5.08%,1.29,-4.73%,68.75%,0.03153747705339782,-0.03255943822255003,3.71,7.74%,0.37%,128.90,37,54.05%,-1.72%,0.46%,-13.97%,4.54%,False
conf_1m_cdi_30_50_00_50,1,8,30.00%,50.00%,0.00%,50.00%,32.50%,50.00%,-1.54%,48,27.46%,27.01%,6.16%,4.92%,1.25,-4.73%,68.75%,0.028231814041970615,-0.03255943822255003,3.53,7.35%,0.35%,127.01,37,54.05%,-2.08%,0.46%,-15.73%,4.54%,False
conf_1m_cdi_30_50_10_00,1,8,30.00%,50.00%,10.00%,0.00%,22.50%,50.00%,0.52%,48,37.72%,37.13%,8.21%,5.90%,1.39,-4.73%,68.75%,0.051505551784493786,-0.03255943822255003,4.32,9.00%,0.43%,137.13,37,56.76%,-0.11%,0.63%,-6.74%,4.54%,False
conf_1m_cdi_30_50_10_10,1,8,30.00%,50.00%,10.00%,10.00%,25.00%,50.00%,0.13%,48,35.72%,35.16%,7.82%,5.66%,1.38,-4.73%,68.75%,0.046512900945293145,-0.03255943822255003,4.12,8.58%,0.41%,135.16,37,56.76%,-0.49%,0.63%,-8.58%,4.54%,False
conf_1m_cdi_30_50_10_20,1,8,30.00%,50.00%,10.00%,20.00%,27.50%,50.00%,-0.26%,48,33.73%,33.21%,7.43%,5.43%,1.37,-4.73%,68.75%,0.04152069542759018,-0.03255943822255003,3.91,8.15%,0.39%,133.21,37,56.76%,-0.86%,0.63%,-10.39%,4.54%,False
conf_1m_cdi_30_50_10_30,1,8,30.00%,50.00%,10.00%,30.00%,30.00%,50.00%,-0.65%,48,31.77%,31.28%,7.04%,5.22%,1.35,-4.73%,68.75%,0.03652893371422139,-0.03255943822255003,3.71,7.73%,0.37%,131.28,37,56.76%,-1.23%,0.63%,-12.19%,4.54%,False
conf_1m_cdi_30_50_10_40,1,8,30.00%,50.00%,10.00%,40.00%,32.50%,50.00%,-1.05%,48,29.82%,29.37%,6.65%,5.04%,1.32,-4.73%,68.75%,0.03153747705339782,-0.03255943822255003,3.50,7.30%,0.35%,129.37,37,56.76%,-1.59%,0.63%,-13.97%,4.54%,False
conf_1m_cdi_30_50_10_50,1,8,30.00%,50.00%,10.00%,50.00%,35.00%,50.00%,-1.44%,48,27.90%,27.48%,6.26%,4.88%,1.28,-4.73%,68.75%,0.028231814041970615,-0.03255943822255003,3.32,6.92%,0.33%,127.48,37,56.76%,-1.95%,0.63%,-15.73%,4.54%,False
conf_1m_cdi_30_50_20_00,1,8,30.00%,50.00%,20.00%,0.00%,25.00%,50.00%,0.62%,48,38.20%,37.63%,8.31%,5.87%,1.42,-4.73%,68.75%,0.051505551784493786,-0.03255943822255003,4.11,8.56%,0.41%,137.63,37,56.76%,0.01%,0.80%,-6.74%,4.54%,False
conf_1m_cdi_30_50_20_10,1,8,30.00%,50.00%,20.00%,10.00%,27.50%,50.00%,0.23%,48,36.18%,35.65%,7.92%,5.62%,1.41,-4.73%,68.75%,0.046512900945293145,-0.03255943822255003,3.91,8.14%,0.39%,135.65,37,56.76%,-0.36%,0.80%,-8.58%,4.54%,False
conf_1m_cdi_30_50_20_20,1,8,30.00%,50.00%,20.00%,20.00%,30.00%,50.00%,-0.17%,48,34.19%,33.70%,7.53%,5.39%,1.40,-4.73%,68.75%,0.04152069542759018,-0.03255943822255003,3.70,7.72%,0.37%,133.70,37,56.76%,-0.74%,0.80%,-10.39%,4.54%,False
conf_1m_cdi_30_50_20_30,1,8,30.00%,50.00%,20.00%,30.00%,32.50%,50.00%,-0.56%,48,32.22%,31.76%,7.14%,5.18%,1.38,-4.73%,68.75%,0.03652893371422139,-0.03255943822255003,3.50,7.29%,0.35%,131.76,37,56.76%,-1.10%,0.80%,-12.19%,4.54%,False
conf_1m_cdi_30_50_20_40,1,8,30.00%,50.00%,20.00%,40.00%,35.00%,50.00%,-0.95%,48,30.27%,29.84%,6.75%,5.00%,1.35,-4.73%,68.75%,0.03153747705339782,-0.03255943822255003,3.29,6.86%,0.33%,129.84,37,56.76%,-1.47%,0.80%,-13.97%,4.54%,False
conf_1m_cdi_30_50_20_50,1,8,30.00%,50.00%,20.00%,50.00%,37.50%,50.00%,-1.34%,48,28.34%,27.94%,6.35%,4.83%,1.31,-4.73%,68.75%,0.028231814041970615,-0.03255943822255003,3.11,6.48%,0.31%,127.94,37,56.76%,-1.83%,0.80%,-15.73%,4.54%,False
conf_1m_cdi_30_50_30_00,1,8,30.00%,50.00%,30.00%,0.00%,27.50%,50.00%,0.72%,48,38.67%,38.13%,8.41%,5.83%,1.44,-4.73%,70.83%,0.051505551784493786,-0.03255943822255003,3.90,8.12%,0.39%,138.13,37,56.76%,0.14%,1.09%,-6.74%,4.54%,False
conf_1m_cdi_30_50_30_10,1,8,30.00%,50.00%,30.00%,10.00%,30.00%,50.00%,0.32%,48,36.65%,36.15%,8.02%,5.59%,1.44,-4.73%,70.83%,0.046512900945293145,-0.03255943822255003,3.70,7.70%,0.37%,136.15,37,56.76%,-0.24%,1.09%,-8.58%,4.54%,False
conf_1m_cdi_30_50_30_20,1,8,30.00%,50.00%,30.00%,20.00%,32.50%,50.00%,-0.07%,48,34.65%,34.18%,7.63%,5.36%,1.42,-4.73%,70.83%,0.04152069542759018,-0.03255943822255003,3.49,7.28%,0.35%,134.18,37,56.76%,-0.61%,1.09%,-10.39%,4.54%,False
conf_1m_cdi_30_50_30_30,1,8,30.00%,50.00%,30.00%,30.00%,35.00%,50.00%,-0.46%,48,32.68%,32.24%,7.24%,5.15%,1.41,-4.73%,70.83%,0.03652893371422139,-0.03255943822255003,3.29,6.85%,0.33%,132.24,37,56.76%,-0.98%,1.09%,-12.19%,4.54%,False
conf_1m_cdi_30_50_30_40,1,8,30.00%,50.00%,30.00%,40.00%,37.50%,50.00%,-0.85%,48,30.72%,30.32%,6.84%,4.96%,1.38,-4.73%,70.83%,0.03153747705339782,-0.03255943822255003,3.08,6.42%,0.31%,130.32,37,56.76%,-1.34%,1.09%,-13.97%,4.54%,False
conf_1m_cdi_30_50_30_50,1,8,30.00%,50.00%,30.00%,50.00%,40.00%,50.00%,-1.24%,48,28.78%,28.41%,6.45%,4.80%,1.34,-4.73%,70.83%,0.028231814041970615,-0.03255943822255003,2.90,6.04%,0.29%,128.41,37,56.76%,-1.70%,1.09%,-15.73%,4.54%,False
conf_1m_cdi_30_50_40_00,1,8,30.00%,50.00%,40.00%,0.00%,30.00%,50.00%,0.81%,48,39.15%,38.63%,8.51%,5.80%,1.47,-4.73%,70.83%,0.051505551784493786,-0.03255943822255003,3.69,7.68%,0.37%,138.63,37,56.76%,0.26%,1.12%,-6.74%,4.54%,False
conf_1m_cdi_30_50_40_10,1,8,30.00%,50.00%,40.00%,10.00%,32.50%,50.00%,0.42%,48,37.12%,36.64%,8.12%,5.56%,1.46,-4.73%,70.83%,0.046512900945293145,-0.03255943822255003,3.49,7.26%,0.35%,136.64,37,56.76%,-0.11%,1.12%,-8.58%,4.54%,False
conf_1m_cdi_30_50_40_20,1,8,30.00%,50.00%,40.00%,20.00%,35.00%,50.00%,0.03%,48,35.11%,34.67%,7.73%,5.33%,1.45,-4.73%,70.83%,0.04152069542759018,-0.03255943822255003,3.28,6.84%,0.33%,134.67,37,56.76%,-0.49%,1.12%,-10.39%,4.54%,False
conf_1m_cdi_30_50_40_30,1,8,30.00%,50.00%,40.00%,30.00%,37.50%,50.00%,-0.36%,48,33.13%,32.72%,7.33%,5.11%,1.43,-4.73%,70.83%,0.03652893371422139,-0.03255943822255003,3.08,6.42%,0.31%,132.72,37,56.76%,-0.85%,1.12%,-12.19%,4.54%,False
conf_1m_cdi_30_50_40_40,1,8,30.00%,50.00%,40.00%,40.00%,40.00%,50.00%,-0.75%,48,31.17%,30.79%,6.94%,4.93%,1.41,-4.73%,70.83%,0.03153747705339782,-0.03255943822255003,2.87,5.99%,0.29%,130.79,37,56.76%,-1.22%,1.12%,-13.97%,4.54%,False
conf_1m_cdi_30_50_40_50,1,8,30.00%,50.00%,40.00%,50.00%,42.50%,50.00%,-1.15%,48,29.23%,28.88%,6.55%,4.76%,1.37,-4.73%,70.83%,0.028231814041970615,-0.03255943822255003,2.69,5.60%,0.27%,128.88,37,56.76%,-1.58%,1.12%,-15.73%,4.54%,False
conf_1m_cdi_30_50_50_00,1,8,30.00%,50.00%,50.00%,0.00%,32.50%,50.00%,0.91%,48,39.62%,39.13%,8.61%,5.78%,1.49,-4.73%,70.83%,0.051505551784493786,-0.03255943822255003,3.51,7.31%,0.35%,139.13,37,64.86%,0.38%,1.27%,-6.74%,4.54%,False
conf_1m_cdi_30_50_50_10,1,8,30.00%,50.00%,50.00%,10.00%,35.00%,50.00%,0.52%,48,37.59%,37.13%,8.21%,5.53%,1.49,-4.73%,70.83%,0.046512900945293145,-0.03255943822255003,3.31,6.89%,0.33%,137.13,37,64.86%,0.01%,1.27%,-8.58%,4.54%,False
conf_1m_cdi_30_50_50_20,1,8,30.00%,50.00%,50.00%,20.00%,37.50%,50.00%,0.13%,48,35.58%,35.16%,7.82%,5.30%,1.48,-4.73%,70.83%,0.04152069542759018,-0.03255943822255003,3.10,6.47%,0.31%,135.16,37,64.86%,-0.36%,1.27%,-10.39%,4.54%,False
conf_1m_cdi_30_50_50_30,1,8,30.00%,50.00%,50.00%,30.00%,40.00%,50.00%,-0.27%,48,33.59%,33.20%,7.43%,5.09%,1.46,-4.73%,70.83%,0.03652893371422139,-0.03255943822255003,2.90,6.04%,0.29%,133.20,37,64.86%,-0.73%,1.27%,-12.19%,4.54%,False
conf_1m_cdi_30_50_50_40,1,8,30.00%,50.00%,50.00%,40.00%,42.50%,50.00%,-0.66%,48,31.62%,31.26%,7.04%,4.90%,1.44,-4.73%,70.83%,0.03153747705339782,-0.03255943822255003,2.69,5.61%,0.27%,131.26,37,64.86%,-1.09%,1.27%,-13.97%,4.54%,False
conf_1m_cdi_30_50_50_50,1,8,30.00%,50.00%,50.00%,50.00%,45.00%,50.00%,-1.05%,48,29.67%,29.34%,6.64%,4.74%,1.40,-4.73%,70.83%,0.028231814041970615,-0.03255943822255003,2.51,5.23%,0.25%,129.34,37,64.86%,-1.46%,1.27%,-15.73%,4.54%,False
conf_1m_cdi_40_00_00_00,1,8,40.00%,0.00%,0.00%,0.00%,10.00%,40.00%,2.50%,48,48.01%,47.48%,10.20%,7.52%,1.36,-7.73%,62.50%,0.051505551784493786,-0.06397898238668787,3.57,7.44%,0.36%,147.48,37,86.49%,2.56%,2.26%,-1.09%,6.59%,False
conf_1m_cdi_40_00_00_10,1,8,40.00%,0.00%,0.00%,10.00%,12.50%,40.00%,2.10%,48,45.85%,45.31%,9.79%,7.33%,1.34,-7.73%,62.50%,0.04976842754776656,-0.06397898238668787,3.73,7.78%,0.37%,145.31,37,86.49%,2.16%,1.24%,-1.09%,6.59%,False
conf_1m_cdi_40_00_00_20,1,8,40.00%,0.00%,0.00%,20.00%,15.00%,40.00%,1.69%,48,43.72%,43.16%,9.38%,7.16%,1.31,-7.73%,62.50%,0.04976842754776656,-0.06397898238668787,3.92,8.16%,0.39%,143.16,37,64.86%,1.76%,1.05%,-1.74%,6.59%,False
conf_1m_cdi_40_00_00_30,1,8,40.00%,0.00%,0.00%,30.00%,17.50%,40.00%,1.28%,48,41.61%,41.03%,8.97%,7.02%,1.28,-7.73%,62.50%,0.04976842754776656,-0.06397898238668787,4.11,8.55%,0.41%,141.03,37,59.46%,1.36%,1.05%,-3.57%,6.59%,False
conf_1m_cdi_40_00_00_40,1,8,40.00%,0.00%,0.00%,40.00%,20.00%,40.00%,0.87%,48,39.52%,38.92%,8.57%,6.89%,1.24,-7.73%,62.50%,0.04976842754776656,-0.06397898238668787,4.30,8.95%,0.43%,138.92,37,59.46%,0.96%,1.05%,-5.39%,6.59%,False
conf_1m_cdi_40_00_00_50,1,8,40.00%,0.00%,0.00%,50.00%,22.50%,50.00%,0.46%,48,37.45%,36.84%,8.16%,6.78%,1.20,-7.73%,62.50%,0.04976842754776656,-0.06397898238668787,4.49,9.35%,0.45%,136.84,37,59.46%,0.57%,1.05%,-7.18%,6.59%,False
conf_1m_cdi_40_00_10_00,1,8,40.00%,0.00%,10.00%,0.00%,12.50%,40.00%,2.60%,48,48.52%,47.96%,10.29%,7.48%,1.37,-7.73%,62.50%,0.051505551784493786,-0.06397898238668787,3.72,7.75%,0.37%,147.96,37,91.89%,2.68%,2.22%,-0.74%,6.59%,False
conf_1m_cdi_40_00_10_10,1,8,40.00%,0.00%,10.00%,10.00%,15.00%,40.00%,2.19%,48,46.35%,45.79%,9.88%,7.30%,1.35,-7.73%,62.50%,0.04976842754776656,-0.06397898238668787,3.89,8.10%,0.39%,145.79,37,91.89%,2.27%,1.41%,-0.74%,6.59%,False
conf_1m_cdi_40_00_10_20,1,8,40.00%,0.00%,10.00%,20.00%,17.50%,40.00%,1.78%,48,44.21%,43.63%,9.47%,7.13%,1.33,-7.73%,62.50%,0.04976842754776656,-0.06397898238668787,4.07,8.47%,0.41%,143.63,37,70.27%,1.87%,1.41%,-1.74%,6.59%,False
conf_1m_cdi_40_00_10_30,1,8,40.00%,0.00%,10.00%,30.00%,20.00%,40.00%,1.37%,48,42.10%,41.49%,9.06%,6.98%,1.30,-7.73%,62.50%,0.04976842754776656,-0.06397898238668787,4.26,8.87%,0.43%,141.49,37,67.57%,1.47%,1.41%,-3.57%,6.59%,False
conf_1m_cdi_40_00_10_40,1,8,40.00%,0.00%,10.00%,40.00%,22.50%,40.00%,0.96%,48,40.00%,39.38%,8.65%,6.85%,1.26,-7.73%,62.50%,0.04976842754776656,-0.06397898238668787,4.45,9.27%,0.44%,139.38,37,64.86%,1.08%,1.41%,-5.39%,6.59%,False
conf_1m_cdi_40_00_10_50,1,8,40.00%,0.00%,10.00%,50.00%,25.00%,50.00%,0.55%,48,37.93%,37.29%,8.25%,6.74%,1.22,-7.73%,62.50%,0.04976842754776656,-0.06397898238668787,4.64,9.66%,0.46%,137.29,37,64.86%,0.69%,1.41%,-7.18%,6.59%,False
conf_1m_cdi_40_00_20_00,1,8,40.00%,0.00%,20.00%,0.00%,15.00%,40.00%,2.69%,48,49.03%,48.45%,10.38%,7.46%,1.39,-7.73%,62.50%,0.051505551784493786,-0.06397898238668787,3.91,8.15%,0.39%,148.45,37,91.89%,2.79%,2.18%,-0.41%,6.59%,False
conf_1m_cdi_40_00_20_10,1,8,40.00%,0.00%,20.00%,10.00%,17.50%,40.00%,2.28%,48,46.86%,46.26%,9.97%,7.27%,1.37,-7.73%,62.50%,0.04976842754776656,-0.06397898238668787,4.08,8.49%,0.41%,146.26,37,91.89%,2.38%,1.56%,-0.41%,6.59%,False
conf_1m_cdi_40_00_20_20,1,8,40.00%,0.00%,20.00%,20.00%,20.00%,40.00%,1.87%,48,44.71%,44.10%,9.56%,7.10%,1.35,-7.73%,62.50%,0.04976842754776656,-0.06397898238668787,4.26,8.87%,0.43%,144.10,37,70.27%,1.98%,1.56%,-1.74%,6.59%,False
conf_1m_cdi_40_00_20_30,1,8,40.00%,0.00%,20.00%,30.00%,22.50%,40.00%,1.46%,48,42.59%,41.95%,9.15%,6.95%,1.32,-7.73%,62.50%,0.04976842754776656,-0.06397898238668787,4.45,9.27%,0.44%,141.95,37,70.27%,1.58%,1.56%,-3.57%,6.59%,False
conf_1m_cdi_40_00_20_40,1,8,40.00%,0.00%,20.00%,40.00%,25.00%,40.00%,1.05%,48,40.48%,39.83%,8.74%,6.82%,1.28,-7.73%,62.50%,0.04976842754776656,-0.06397898238668787,4.64,9.67%,0.46%,139.83,37,64.86%,1.19%,1.56%,-5.39%,6.59%,False
conf_1m_cdi_40_00_20_50,1,8,40.00%,0.00%,20.00%,50.00%,27.50%,50.00%,0.64%,48,38.40%,37.74%,8.33%,6.71%,1.24,-7.73%,62.50%,0.04976842754776656,-0.06397898238668787,4.83,10.06%,0.48%,137.74,37,64.86%,0.80%,1.56%,-7.18%,6.59%,False
conf_1m_cdi_40_00_30_00,1,8,40.00%,0.00%,30.00%,0.00%,17.50%,40.00%,2.77%,48,49.54%,48.93%,10.47%,7.43%,1.41,-7.73%,64.58%,0.051505551784493786,-0.06397898238668787,4.10,8.55%,0.41%,148.93,37,94.59%,2.90%,2.16%,-0.07%,6.59%,False
conf_1m_cdi_40_00_30_10,1,8,40.00%,0.00%,30.00%,10.00%,20.00%,40.00%,2.37%,48,47.36%,46.74%,10.06%,7.24%,1.39,-7.73%,64.58%,0.04976842754776656,-0.06397898238668787,4.27,8.89%,0.43%,146.74,37,94.59%,2.50%,1.69%,-0.07%,6.59%,False
conf_1m_cdi_40_00_30_20,1,8,40.00%,0.00%,30.00%,20.00%,22.50%,40.00%,1.96%,48,45.21%,44.56%,9.65%,7.07%,1.36,-7.73%,64.58%,0.04976842754776656,-0.06397898238668787,4.45,9.27%,0.45%,144.56,37,75.68%,2.10%,1.69%,-1.74%,6.59%,False
conf_1m_cdi_40_00_30_30,1,8,40.00%,0.00%,30.00%,30.00%,25.00%,40.00%,1.55%,48,43.08%,42.41%,9.24%,6.92%,1.33,-7.73%,64.58%,0.04976842754776656,-0.06397898238668787,4.64,9.67%,0.46%,142.41,37,72.97%,1.70%,1.69%,-3.57%,6.59%,False
conf_1m_cdi_40_00_30_40,1,8,40.00%,0.00%,30.00%,40.00%,27.50%,40.00%,1.14%,48,40.97%,40.29%,8.83%,6.79%,1.30,-7.73%,64.58%,0.04976842754776656,-0.06397898238668787,4.83,10.07%,0.48%,140.29,37,70.27%,1.30%,1.69%,-5.39%,6.59%,False
conf_1m_cdi_40_00_30_50,1,8,40.00%,0.00%,30.00%,50.00%,30.00%,50.00%,0.73%,48,38.88%,38.18%,8.42%,6.69%,1.26,-7.73%,64.58%,0.04976842754776656,-0.06397898238668787,5.02,10.46%,0.50%,138.18,37,67.57%,0.91%,1.69%,-7.18%,6.59%,False
conf_1m_cdi_40_00_40_00,1,8,40.00%,0.00%,40.00%,0.00%,20.00%,40.00%,2.86%,48,50.05%,49.41%,10.56%,7.41%,1.43,-7.73%,64.58%,0.051505551784493786,-0.06397898238668787,4.30,8.95%,0.43%,149.41,37,100.00%,3.01%,2.49%,0.27%,6.59%,False
conf_1m_cdi_40_00_40_10,1,8,40.00%,0.00%,40.00%,10.00%,22.50%,40.00%,2.45%,48,47.87%,47.21%,10.15%,7.22%,1.41,-7.73%,64.58%,0.04976842754776656,-0.06397898238668787,4.46,9.29%,0.45%,147.21,37,100.00%,2.61%,1.82%,0.12%,6.59%,False
conf_1m_cdi_40_00_40_20,1,8,40.00%,0.00%,40.00%,20.00%,25.00%,40.00%,2.04%,48,45.71%,45.03%,9.74%,7.05%,1.38,-7.73%,64.58%,0.04976842754776656,-0.06397898238668787,4.64,9.67%,0.46%,145.03,37,81.08%,2.21%,1.82%,-1.74%,6.59%,False
conf_1m_cdi_40_00_40_30,1,8,40.00%,0.00%,40.00%,30.00%,27.50%,40.00%,1.63%,48,43.57%,42.87%,9.33%,6.90%,1.35,-7.73%,64.58%,0.04976842754776656,-0.06397898238668787,4.83,10.07%,0.48%,142.87,37,78.38%,1.81%,1.82%,-3.57%,6.59%,False
conf_1m_cdi_40_00_40_40,1,8,40.00%,0.00%,40.00%,40.00%,30.00%,40.00%,1.22%,48,41.45%,40.74%,8.92%,6.77%,1.32,-7.73%,64.58%,0.04976842754776656,-0.06397898238668787,5.02,10.46%,0.50%,140.74,37,75.68%,1.42%,1.82%,-5.39%,6.59%,False
conf_1m_cdi_40_00_40_50,1,8,40.00%,0.00%,40.00%,50.00%,32.50%,50.00%,0.81%,48,39.35%,38.63%,8.51%,6.66%,1.28,-7.73%,64.58%,0.04976842754776656,-0.06397898238668787,5.21,10.86%,0.52%,138.63,37,72.97%,1.02%,1.82%,-7.18%,6.59%,False
conf_1m_cdi_40_00_50_00,1,8,40.00%,0.00%,50.00%,0.00%,22.50%,50.00%,2.95%,48,50.57%,49.89%,10.65%,7.38%,1.44,-7.73%,64.58%,0.051505551784493786,-0.06397898238668787,4.49,9.35%,0.45%,149.89,37,100.00%,3.13%,2.58%,0.60%,6.59%,False
conf_1m_cdi_40_00_50_10,1,8,40.00%,0.00%,50.00%,10.00%,25.00%,50.00%,2.54%,48,48.37%,47.69%,10.24%,7.20%,1.42,-7.73%,64.58%,0.04976842754776656,-0.06397898238668787,4.65,9.69%,0.47%,147.69,37,100.00%,2.72%,2.18%,0.12%,6.59%,False
conf_1m_cdi_40_00_50_20,1,8,40.00%,0.00%,50.00%,20.00%,27.50%,50.00%,2.13%,48,46.20%,45.50%,9.83%,7.03%,1.40,-7.73%,64.58%,0.04976842754776656,-0.06397898238668787,4.83,10.07%,0.48%,145.50,37,81.08%,2.32%,2.18%,-1.74%,6.59%,False
conf_1m_cdi_40_00_50_30,1,8,40.00%,0.00%,50.00%,30.00%,30.00%,50.00%,1.72%,48,44.06%,43.34%,9.42%,6.88%,1.37,-7.73%,64.58%,0.04976842754776656,-0.06397898238668787,5.02,10.46%,0.50%,143.34,37,78.38%,1.92%,2.18%,-3.57%,6.59%,False
conf_1m_cdi_40_00_50_40,1,8,40.00%,0.00%,50.00%,40.00%,32.50%,50.00%,1.31%,48,41.93%,41.19%,9.01%,6.75%,1.33,-7.73%,64.58%,0.04976842754776656,-0.06397898238668787,5.21,10.86%,0.52%,141.19,37,75.68%,1.53%,2.18%,-5.39%,6.59%,False
conf_1m_cdi_40_00_50_50,1,8,40.00%,0.00%,50.00%,50.00%,35.00%,50.00%,0.90%,48,39.83%,39.08%,8.60%,6.64%,1.29,-7.73%,64.58%,0.04976842754776656,-0.06397898238668787,5.40,11.26%,0.54%,139.08,37,75.68%,1.14%,2.18%,-7.18%,6.59%,False
conf_1m_cdi_40_10_00_00,1,8,40.00%,10.00%,0.00%,0.00%,12.50%,40.00%,2.23%,48,46.52%,46.02%,9.93%,7.09%,1.40,-7.06%,62.50%,0.051505551784493786,-0.057189119797368404,3.45,7.20%,0.35%,146.02,37,72.97%,2.14%,1.36%,-1.30%,6.52%,False
conf_1m_cdi_40_10_00_10,1,8,40.00%,10.00%,0.00%,10.00%,15.00%,40.00%,1.83%,48,44.39%,43.91%,9.53%,6.89%,1.38,-7.06%,62.50%,0.046512900945293145,-0.057189119797368404,3.29,6.85%,0.33%,143.91,37,56.76%,1.74%,1.24%,-1.30%,6.52%,False
conf_1m_cdi_40_10_00_20,1,8,40.00%,10.00%,0.00%,20.00%,17.50%,40.00%,1.43%,48,42.28%,41.79%,9.12%,6.71%,1.36,-7.06%,62.50%,0.045073387682071475,-0.057189119797368404,3.45,7.19%,0.35%,141.79,37,51.35%,1.35%,1.24%,-2.88%,6.52%,False
conf_1m_cdi_40_10_00_30,1,8,40.00%,10.00%,0.00%,30.00%,20.00%,40.00%,1.02%,48,40.19%,39.68%,8.71%,6.55%,1.33,-7.06%,62.50%,0.045073387682071475,-0.057189119797368404,3.63,7.57%,0.36%,139.68,37,51.35%,0.95%,1.24%,-4.83%,6.52%,False
conf_1m_cdi_40_10_00_40,1,8,40.00%,10.00%,0.00%,40.00%,22.50%,40.00%,0.61%,48,38.12%,37.59%,8.31%,6.41%,1.29,-7.06%,62.50%,0.045073387682071475,-0.057189119797368404,3.82,7.97%,0.38%,137.59,37,51.35%,0.56%,1.24%,-6.77%,6.52%,False
conf_1m_cdi_40_10_00_50,1,8,40.00%,10.00%,0.00%,50.00%,25.00%,50.00%,0.20%,48,36.07%,35.53%,7.90%,6.30%,1.25,-7.06%,62.50%,0.045073387682071475,-0.057189119797368404,4.02,8.37%,0.40%,135.53,37,51.35%,0.18%,1.24%,-8.68%,6.52%,False
conf_1m_cdi_40_10_10_00,1,8,40.00%,10.00%,10.00%,0.00%,15.00%,40.00%,2.33%,48,47.03%,46.55%,10.03%,7.06%,1.42,-7.06%,62.50%,0.051505551784493786,-0.057189119797368404,3.29,6.85%,0.33%,146.55,37,83.78%,2.26%,1.60%,-0.91%,6.52%,False
conf_1m_cdi_40_10_10_10,1,8,40.00%,10.00%,10.00%,10.00%,17.50%,40.00%,1.93%,48,44.89%,44.44%,9.63%,6.86%,1.40,-7.06%,62.50%,0.046512900945293145,-0.057189119797368404,3.12,6.50%,0.31%,144.44,37,62.16%,1.87%,1.57%,-0.91%,6.52%,False
conf_1m_cdi_40_10_10_20,1,8,40.00%,10.00%,10.00%,20.00%,20.00%,40.00%,1.52%,48,42.77%,42.30%,9.22%,6.68%,1.38,-7.06%,62.50%,0.045073387682071475,-0.057189119797368404,3.28,6.84%,0.33%,142.30,37,56.76%,1.47%,1.57%,-2.88%,6.52%,False
conf_1m_cdi_40_10_10_30,1,8,40.00%,10.00%,10.00%,30.00%,22.50%,40.00%,1.12%,48,40.67%,40.18%,8.81%,6.52%,1.35,-7.06%,62.50%,0.045073387682071475,-0.057189119797368404,3.47,7.22%,0.35%,140.18,37,56.76%,1.08%,1.57%,-4.83%,6.52%,False
conf_1m_cdi_40_10_10_40,1,8,40.00%,10.00%,10.00%,40.00%,25.00%,40.00%,0.71%,48,38.60%,38.09%,8.40%,6.38%,1.32,-7.06%,62.50%,0.045073387682071475,-0.057189119797368404,3.66,7.62%,0.37%,138.09,37,56.76%,0.69%,1.57%,-6.77%,6.52%,False
conf_1m_cdi_40_10_10_50,1,8,40.00%,10.00%,10.00%,50.00%,27.50%,50.00%,0.30%,48,36.54%,36.02%,7.99%,6.26%,1.28,-7.06%,62.50%,0.045073387682071475,-0.057189119797368404,3.85,8.02%,0.38%,136.02,37,56.76%,0.30%,1.57%,-8.68%,6.52%,False
conf_1m_cdi_40_10_20_00,1,8,40.00%,10.00%,20.00%,0.00%,17.50%,40.00%,2.42%,48,47.53%,47.03%,10.12%,7.02%,1.44,-7.06%,62.50%,0.051505551784493786,-0.057189119797368404,3.44,7.17%,0.34%,147.03,37,91.89%,2.37%,1.71%,-0.56%,6.52%,False
conf_1m_cdi_40_10_20_10,1,8,40.00%,10.00%,20.00%,10.00%,20.00%,40.00%,2.02%,48,45.39%,44.91%,9.72%,6.83%,1.42,-7.06%,62.50%,0.046512900945293145,-0.057189119797368404,3.28,6.83%,0.33%,144.91,37,70.27%,1.98%,1.67%,-0.90%,6.52%,False
conf_1m_cdi_40_10_20_20,1,8,40.00%,10.00%,20.00%,20.00%,22.50%,40.00%,1.61%,48,43.26%,42.77%,9.31%,6.65%,1.40,-7.06%,62.50%,0.045073387682071475,-0.057189119797368404,3.44,7.16%,0.34%,142.77,37,64.86%,1.59%,1.67%,-2.88%,6.52%,False
conf_1m_cdi_40_10_20_30,1,8,40.00%,10.00%,20.00%,30.00%,25.00%,40.00%,1.21%,48,41.16%,40.65%,8.90%,6.48%,1.37,-7.06%,62.50%,0.045073387682071475,-0.057189119797368404,3.62,7.54%,0.36%,140.65,37,64.86%,1.19%,1.67%,-4.83%,6.52%,False
conf_1m_cdi_40_10_20_40,1,8,40.00%,10.00%,20.00%,40.00%,27.50%,40.00%,0.80%,48,39.07%,38.55%,8.49%,6.34%,1.34,-7.06%,62.50%,0.045073387682071475,-0.057189119797368404,3.81,7.94%,0.38%,138.55,37,64.86%,0.80%,1.67%,-6.77%,6.52%,False
conf_1m_cdi_40_10_20_50,1,8,40.00%,10.00%,20.00%,50.00%,30.00%,50.00%,0.39%,48,37.02%,36.47%,8.08%,6.23%,1.30,-7.06%,62.50%,0.045073387682071475,-0.057189119797368404,4.00,8.34%,0.40%,136.47,37,64.86%,0.41%,1.67%,-8.68%,6.52%,False
conf_1m_cdi_40_10_30_00,1,8,40.00%,10.00%,30.00%,0.00%,20.00%,40.00%,2.51%,48,48.04%,47.50%,10.21%,7.00%,1.46,-7.06%,64.58%,0.051505551784493786,-0.057189119797368404,3.63,7.57%,0.36%,147.50,37,97.30%,2.49%,1.86%,-0.21%,6.52%,False
conf_1m_cdi_40_10_30_10,1,8,40.00%,10.00%,30.00%,10.00%,22.50%,40.00%,2.11%,48,45.89%,45.38%,9.81%,6.80%,1.44,-7.06%,64.58%,0.046512900945293145,-0.057189119797368404,3.47,7.22%,0.35%,145.38,37,78.38%,2.10%,1.67%,-0.90%,6.52%,False
conf_1m_cdi_40_10_30_20,1,8,40.00%,10.00%,30.00%,20.00%,25.00%,40.00%,1.70%,48,43.75%,43.23%,9.40%,6.62%,1.42,-7.06%,64.58%,0.045073387682071475,-0.057189119797368404,3.63,7.56%,0.36%,143.23,37,70.27%,1.70%,1.67%,-2.88%,6.52%,False
conf_1m_cdi_40_10_30_30,1,8,40.00%,10.00%,30.00%,30.00%,27.50%,40.00%,1.29%,48,41.64%,41.10%,8.99%,6.46%,1.39,-7.06%,64.58%,0.045073387682071475,-0.057189119797368404,3.81,7.94%,0.38%,141.10,37,70.27%,1.30%,1.67%,-4.83%,6.52%,False
conf_1m_cdi_40_10_30_40,1,8,40.00%,10.00%,30.00%,40.00%,30.00%,40.00%,0.88%,48,39.55%,39.00%,8.58%,6.31%,1.36,-7.06%,64.58%,0.045073387682071475,-0.057189119797368404,4.00,8.34%,0.40%,139.00,37,70.27%,0.91%,1.67%,-6.77%,6.52%,False
conf_1m_cdi_40_10_30_50,1,8,40.00%,10.00%,30.00%,50.00%,32.50%,50.00%,0.48%,48,37.49%,36.91%,8.17%,6.20%,1.32,-7.06%,64.58%,0.045073387682071475,-0.057189119797368404,4.19,8.74%,0.42%,136.91,37,70.27%,0.53%,1.67%,-8.68%,6.52%,False
conf_1m_cdi_40_10_40_00,1,8,40.00%,10.00%,40.00%,0.00%,22.50%,40.00%,2.60%,48,48.55%,47.98%,10.29%,6.97%,1.48,-7.06%,64.58%,0.051505551784493786,-0.057189119797368404,3.82,7.97%,0.38%,147.98,37,100.00%,2.60%,2.00%,0.13%,6.52%,False
conf_1m_cdi_40_10_40_10,1,8,40.00%,10.00%,40.00%,10.00%,25.00%,40.00%,2.20%,48,46.39%,45.85%,9.89%,6.77%,1.46,-7.06%,64.58%,0.046512900945293145,-0.057189119797368404,3.66,7.62%,0.37%,145.85,37,86.49%,2.21%,1.67%,-0.90%,6.52%,False
conf_1m_cdi_40_10_40_20,1,8,40.00%,10.00%,40.00%,20.00%,27.50%,40.00%,1.79%,48,44.25%,43.69%,9.49%,6.59%,1.44,-7.06%,64.58%,0.045073387682071475,-0.057189119797368404,3.82,7.96%,0.38%,143.69,37,72.97%,1.81%,1.67%,-2.88%,6.52%,False
conf_1m_cdi_40_10_40_30,1,8,40.00%,10.00%,40.00%,30.00%,30.00%,40.00%,1.38%,48,42.13%,41.56%,9.08%,6.43%,1.41,-7.06%,64.58%,0.045073387682071475,-0.057189119797368404,4.00,8.34%,0.40%,141.56,37,72.97%,1.42%,1.67%,-4.83%,6.52%,False
conf_1m_cdi_40_10_40_40,1,8,40.00%,10.00%,40.00%,40.00%,32.50%,40.00%,0.97%,48,40.03%,39.45%,8.67%,6.29%,1.38,-7.06%,64.58%,0.045073387682071475,-0.057189119797368404,4.19,8.74%,0.42%,139.45,37,72.97%,1.03%,1.67%,-6.77%,6.52%,False
conf_1m_cdi_40_10_40_50,1,8,40.00%,10.00%,40.00%,50.00%,35.00%,50.00%,0.56%,48,37.96%,37.35%,8.26%,6.17%,1.34,-7.06%,64.58%,0.045073387682071475,-0.057189119797368404,4.39,9.14%,0.44%,137.35,37,72.97%,0.64%,1.67%,-8.68%,6.52%,False
conf_1m_cdi_40_10_50_00,1,8,40.00%,10.00%,50.00%,0.00%,25.00%,50.00%,2.69%,48,49.06%,48.46%,10.38%,6.95%,1.49,-7.06%,64.58%,0.051505551784493786,-0.057189119797368404,4.01,8.36%,0.40%,148.46,37,100.00%,2.71%,2.12%,0.48%,6.52%,False
conf_1m_cdi_40_10_50_10,1,8,40.00%,10.00%,50.00%,10.00%,27.50%,50.00%,2.29%,48,46.89%,46.32%,9.98%,6.75%,1.48,-7.06%,64.58%,0.046512900945293145,-0.057189119797368404,3.85,8.02%,0.38%,146.32,37,86.49%,2.32%,1.67%,-0.90%,6.52%,False
conf_1m_cdi_40_10_50_20,1,8,40.00%,10.00%,50.00%,20.00%,30.00%,50.00%,1.88%,48,44.74%,44.16%,9.57%,6.57%,1.46,-7.06%,64.58%,0.045073387682071475,-0.057189119797368404,4.01,8.36%,0.40%,144.16,37,75.68%,1.92%,1.67%,-2.88%,6.52%,False
conf_1m_cdi_40_10_50_30,1,8,40.00%,10.00%,50.00%,30.00%,32.50%,50.00%,1.47%,48,42.61%,42.02%,9.17%,6.41%,1.43,-7.06%,64.58%,0.045073387682071475,-0.057189119797368404,4.19,8.74%,0.42%,142.02,37,72.97%,1.53%,1.67%,-4.83%,6.52%,False
conf_1m_cdi_40_10_50_40,1,8,40.00%,10.00%,50.00%,40.00%,35.00%,50.00%,1.06%,48,40.51%,39.90%,8.76%,6.27%,1.40,-7.06%,64.58%,0.045073387682071475,-0.057189119797368404,4.39,9.14%,0.44%,139.90,37,72.97%,1.14%,1.67%,-6.77%,6.52%,False
conf_1m_cdi_40_10_50_50,1,8,40.00%,10.00%,50.00%,50.00%,37.50%,50.00%,0.65%,48,38.43%,37.80%,8.35%,6.15%,1.36,-7.06%,64.58%,0.045073387682071475,-0.057189119797368404,4.58,9.53%,0.46%,137.80,37,72.97%,0.75%,1.67%,-8.68%,6.52%,False
conf_1m_cdi_40_20_00_00,1,8,40.00%,20.00%,0.00%,0.00%,15.00%,40.00%,1.95%,48,45.03%,44.54%,9.65%,6.69%,1.44,-6.39%,62.50%,0.051505551784493786,-0.05039791755391909,3.42,7.12%,0.34%,144.54,37,59.46%,1.71%,1.35%,-1.82%,6.46%,False
conf_1m_cdi_40_20_00_10,1,8,40.00%,20.00%,0.00%,10.00%,17.50%,40.00%,1.56%,48,42.92%,42.46%,9.25%,6.48%,1.43,-6.39%,62.50%,0.046512900945293145,-0.05039791755391909,3.22,6.71%,0.32%,142.46,37,54.05%,1.32%,1.31%,-2.85%,6.46%,False
conf_1m_cdi_40_20_00_20,1,8,40.00%,20.00%,0.00%,20.00%,20.00%,40.00%,1.16%,48,40.83%,40.40%,8.85%,6.29%,1.41,-6.39%,62.50%,0.04152069542759018,-0.05039791755391909,3.05,6.35%,0.30%,140.40,37,51.35%,0.94%,1.31%,-4.75%,6.46%,False
conf_1m_cdi_40_20_00_30,1,8,40.00%,20.00%,0.00%,30.00%,22.50%,40.00%,0.75%,48,38.76%,38.32%,8.45%,6.11%,1.38,-6.39%,62.50%,0.04037911167132746,-0.05039791755391909,3.21,6.69%,0.32%,138.32,37,51.35%,0.55%,1.31%,-6.68%,6.46%,False
conf_1m_cdi_40_20_00_40,1,8,40.00%,20.00%,0.00%,40.00%,25.00%,40.00%,0.35%,48,36.72%,36.25%,8.04%,5.96%,1.35,-6.39%,62.50%,0.04037911167132746,-0.05039791755391909,3.39,7.07%,0.34%,136.25,37,51.35%,0.16%,1.31%,-8.59%,6.46%,False
conf_1m_cdi_40_20_00_50,1,8,40.00%,20.00%,0.00%,50.00%,27.50%,50.00%,-0.06%,48,34.69%,34.21%,7.63%,5.83%,1.31,-6.39%,62.50%,0.04037911167132746,-0.05039791755391909,3.59,7.47%,0.36%,134.21,37,51.35%,-0.22%,1.31%,-10.47%,6.46%,False
conf_1m_cdi_40_20_10_00,1,8,40.00%,20.00%,10.00%,0.00%,17.50%,40.00%,2.05%,48,45.53%,45.07%,9.75%,6.65%,1.47,-6.39%,62.50%,0.051505551784493786,-0.05039791755391909,3.21,6.69%,0.32%,145.07,37,59.46%,1.84%,1.57%,-1.43%,6.46%,False
conf_1m_cdi_40_20_10_10,1,8,40.00%,20.00%,10.00%,10.00%,20.00%,40.00%,1.66%,48,43.41%,42.98%,9.35%,6.44%,1.45,-6.39%,62.50%,0.046512900945293145,-0.05039791755391909,3.01,6.27%,0.30%,142.98,37,54.05%,1.45%,1.48%,-2.85%,6.46%,False
conf_1m_cdi_40_20_10_20,1,8,40.00%,20.00%,10.00%,20.00%,22.50%,40.00%,1.26%,48,41.32%,40.92%,8.95%,6.25%,1.43,-6.39%,62.50%,0.04152069542759018,-0.05039791755391909,2.84,5.91%,0.28%,140.92,37,51.35%,1.07%,1.48%,-4.75%,6.46%,False
conf_1m_cdi_40_20_10_30,1,8,40.00%,20.00%,10.00%,30.00%,25.00%,40.00%,0.85%,48,39.24%,38.83%,8.55%,6.07%,1.41,-6.39%,62.50%,0.04037911167132746,-0.05039791755391909,3.00,6.25%,0.30%,138.83,37,51.35%,0.68%,1.48%,-6.68%,6.46%,False
conf_1m_cdi_40_20_10_40,1,8,40.00%,20.00%,10.00%,40.00%,27.50%,40.00%,0.44%,48,37.19%,36.75%,8.14%,5.92%,1.37,-6.39%,62.50%,0.04037911167132746,-0.05039791755391909,3.18,6.63%,0.32%,136.75,37,51.35%,0.29%,1.48%,-8.59%,6.46%,False
conf_1m_cdi_40_20_10_50,1,8,40.00%,20.00%,10.00%,50.00%,30.00%,50.00%,0.04%,48,35.16%,34.70%,7.73%,5.79%,1.33,-6.39%,62.50%,0.04037911167132746,-0.05039791755391909,3.37,7.03%,0.34%,134.70,37,51.35%,-0.09%,1.48%,-10.47%,6.46%,False
conf_1m_cdi_40_20_20_00,1,8,40.00%,20.00%,20.00%,0.00%,20.00%,40.00%,2.15%,48,46.04%,45.59%,9.85%,6.62%,1.49,-6.39%,62.50%,0.051505551784493786,-0.05039791755391909,3.04,6.33%,0.30%,145.59,37,70.27%,1.96%,1.64%,-1.06%,6.46%,False
conf_1m_cdi_40_20_20_10,1,8,40.00%,20.00%,20.00%,10.00%,22.50%,40.00%,1.75%,48,43.91%,43.50%,9.45%,6.41%,1.48,-6.39%,62.50%,0.046512900945293145,-0.05039791755391909,2.84,5.91%,0.28%,143.50,37,64.86%,1.57%,1.64%,-2.85%,6.46%,False
conf_1m_cdi_40_20_20_20,1,8,40.00%,20.00%,20.00%,20.00%,25.00%,40.00%,1.36%,48,41.80%,41.43%,9.05%,6.21%,1.46,-6.39%,62.50%,0.04152069542759018,-0.05039791755391909,2.67,5.56%,0.27%,141.43,37,62.16%,1.19%,1.64%,-4.75%,6.46%,False
conf_1m_cdi_40_20_20_30,1,8,40.00%,20.00%,20.00%,30.00%,27.50%,40.00%,0.95%,48,39.72%,39.33%,8.64%,6.04%,1.43,-6.39%,62.50%,0.04037911167132746,-0.05039791755391909,2.83,5.90%,0.28%,139.33,37,62.16%,0.80%,1.64%,-6.68%,6.46%,False
conf_1m_cdi_40_20_20_40,1,8,40.00%,20.00%,20.00%,40.00%,30.00%,40.00%,0.54%,48,37.66%,37.25%,8.24%,5.89%,1.40,-6.39%,62.50%,0.04037911167132746,-0.05039791755391909,3.01,6.28%,0.30%,137.25,37,62.16%,0.41%,1.64%,-8.59%,6.46%,False
conf_1m_cdi_40_20_20_50,1,8,40.00%,20.00%,20.00%,50.00%,32.50%,50.00%,0.13%,48,35.62%,35.19%,7.83%,5.76%,1.36,-6.39%,62.50%,0.04037911167132746,-0.05039791755391909,3.20,6.68%,0.32%,135.19,37,62.16%,0.03%,1.64%,-10.47%,6.46%,False
conf_1m_cdi_40_20_30_00,1,8,40.00%,20.00%,30.00%,0.00%,22.50%,40.00%,2.24%,48,46.54%,46.07%,9.94%,6.59%,1.51,-6.39%,64.58%,0.051505551784493786,-0.05039791755391909,3.20,6.66%,0.32%,146.07,37,72.97%,2.07%,1.78%,-0.93%,6.46%,False
conf_1m_cdi_40_20_30_10,1,8,40.00%,20.00%,30.00%,10.00%,25.00%,40.00%,1.84%,48,44.40%,43.97%,9.54%,6.38%,1.50,-6.39%,64.58%,0.046512900945293145,-0.05039791755391909,3.00,6.24%,0.30%,143.97,37,67.57%,1.69%,1.64%,-2.85%,6.46%,False
conf_1m_cdi_40_20_30_20,1,8,40.00%,20.00%,30.00%,20.00%,27.50%,40.00%,1.45%,48,42.29%,41.89%,9.14%,6.18%,1.48,-6.39%,64.58%,0.04152069542759018,-0.05039791755391909,2.83,5.89%,0.28%,141.89,37,64.86%,1.30%,1.64%,-4.75%,6.46%,False
conf_1m_cdi_40_20_30_30,1,8,40.00%,20.00%,30.00%,30.00%,30.00%,40.00%,1.04%,48,40.20%,39.78%,8.73%,6.01%,1.45,-6.39%,64.58%,0.04037911167132746,-0.05039791755391909,2.99,6.23%,0.30%,139.78,37,64.86%,0.91%,1.64%,-6.68%,6.46%,False
conf_1m_cdi_40_20_30_40,1,8,40.00%,20.00%,30.00%,40.00%,32.50%,40.00%,0.63%,48,38.14%,37.70%,8.33%,5.85%,1.42,-6.39%,64.58%,0.04037911167132746,-0.05039791755391909,3.17,6.61%,0.32%,137.70,37,64.86%,0.53%,1.64%,-8.59%,6.46%,False
conf_1m_cdi_40_20_30_50,1,8,40.00%,20.00%,30.00%,50.00%,35.00%,50.00%,0.22%,48,36.09%,35.63%,7.92%,5.72%,1.38,-6.39%,64.58%,0.04037911167132746,-0.05039791755391909,3.36,7.01%,0.34%,135.63,37,64.86%,0.14%,1.64%,-10.47%,6.46%,False
conf_1m_cdi_40_20_40_00,1,8,40.00%,20.00%,40.00%,0.00%,25.00%,40.00%,2.33%,48,47.04%,46.54%,10.02%,6.56%,1.53,-6.39%,64.58%,0.051505551784493786,-0.05039791755391909,3.39,7.06%,0.34%,146.54,37,75.68%,2.19%,1.84%,-0.93%,6.46%,False
conf_1m_cdi_40_20_40_10,1,8,40.00%,20.00%,40.00%,10.00%,27.50%,40.00%,1.93%,48,44.90%,44.44%,9.63%,6.35%,1.52,-6.39%,64.58%,0.046512900945293145,-0.05039791755391909,3.19,6.64%,0.32%,144.44,37,70.27%,1.80%,1.64%,-2.85%,6.46%,False
conf_1m_cdi_40_20_40_20,1,8,40.00%,20.00%,40.00%,20.00%,30.00%,40.00%,1.53%,48,42.78%,42.35%,9.23%,6.15%,1.50,-6.39%,64.58%,0.04152069542759018,-0.05039791755391909,3.02,6.29%,0.30%,142.35,37,67.57%,1.42%,1.64%,-4.75%,6.46%,False
conf_1m_cdi_40_20_40_30,1,8,40.00%,20.00%,40.00%,30.00%,32.50%,40.00%,1.13%,48,40.68%,40.24%,8.82%,5.98%,1.48,-6.39%,64.58%,0.04037911167132746,-0.05039791755391909,3.18,6.63%,0.32%,140.24,37,67.57%,1.03%,1.64%,-6.68%,6.46%,False
conf_1m_cdi_40_20_40_40,1,8,40.00%,20.00%,40.00%,40.00%,35.00%,40.00%,0.72%,48,38.61%,38.14%,8.41%,5.83%,1.44,-6.39%,64.58%,0.04037911167132746,-0.05039791755391909,3.36,7.01%,0.34%,138.14,37,67.57%,0.64%,1.64%,-8.59%,6.46%,False
conf_1m_cdi_40_20_40_50,1,8,40.00%,20.00%,40.00%,50.00%,37.50%,50.00%,0.31%,48,36.56%,36.07%,8.00%,5.70%,1.41,-6.39%,64.58%,0.04037911167132746,-0.05039791755391909,3.56,7.41%,0.36%,136.07,37,67.57%,0.26%,1.64%,-10.47%,6.46%,False
conf_1m_cdi_40_20_50_00,1,8,40.00%,20.00%,50.00%,0.00%,27.50%,50.00%,2.42%,48,47.54%,47.02%,10.11%,6.54%,1.55,-6.39%,64.58%,0.051505551784493786,-0.05039791755391909,3.58,7.46%,0.36%,147.02,37,81.08%,2.30%,1.83%,-0.93%,6.46%,False
conf_1m_cdi_40_20_50_10,1,8,40.00%,20.00%,50.00%,10.00%,30.00%,50.00%,2.02%,48,45.39%,44.90%,9.72%,6.32%,1.54,-6.39%,64.58%,0.046512900945293145,-0.05039791755391909,3.38,7.04%,0.34%,144.90,37,75.68%,1.91%,1.64%,-2.85%,6.46%,False
conf_1m_cdi_40_20_50_20,1,8,40.00%,20.00%,50.00%,20.00%,32.50%,50.00%,1.62%,48,43.27%,42.81%,9.32%,6.13%,1.52,-6.39%,64.58%,0.04152069542759018,-0.05039791755391909,3.21,6.69%,0.32%,142.81,37,72.97%,1.53%,1.64%,-4.75%,6.46%,False
conf_1m_cdi_40_20_50_30,1,8,40.00%,20.00%,50.00%,30.00%,35.00%,50.00%,1.21%,48,41.16%,40.69%,8.91%,5.96%,1.50,-6.39%,64.58%,0.04037911167132746,-0.05039791755391909,3.37,7.03%,0.34%,140.69,37,72.97%,1.14%,1.64%,-6.68%,6.46%,False
conf_1m_cdi_40_20_50_40,1,8,40.00%,20.00%,50.00%,40.00%,37.50%,50.00%,0.81%,48,39.08%,38.59%,8.50%,5.80%,1.47,-6.39%,64.58%,0.04037911167132746,-0.05039791755391909,3.56,7.41%,0.36%,138.59,37,72.97%,0.75%,1.64%,-8.59%,6.46%,False
conf_1m_cdi_40_20_50_50,1,8,40.00%,20.00%,50.00%,50.00%,40.00%,50.00%,0.40%,48,37.02%,36.51%,8.09%,5.67%,1.43,-6.39%,64.58%,0.04037911167132746,-0.05039791755391909,3.75,7.80%,0.37%,136.51,37,72.97%,0.37%,1.64%,-10.47%,6.46%,False
conf_1m_cdi_40_30_00_00,1,8,40.00%,30.00%,0.00%,0.00%,17.50%,40.00%,1.67%,48,43.54%,43.05%,9.36%,6.31%,1.48,-5.72%,62.50%,0.051505551784493786,-0.04360537565633982,3.39,7.06%,0.34%,143.05,37,56.76%,1.28%,1.22%,-3.03%,6.39%,False
conf_1m_cdi_40_30_00_10,1,8,40.00%,30.00%,0.00%,10.00%,20.00%,40.00%,1.27%,48,41.45%,41.00%,8.97%,6.09%,1.47,-5.72%,62.50%,0.046512900945293145,-0.04360537565633982,3.19,6.64%,0.32%,141.00,37,51.35%,0.90%,1.22%,-4.78%,6.39%,False
conf_1m_cdi_40_30_00_20,1,8,40.00%,30.00%,0.00%,20.00%,22.50%,40.00%,0.88%,48,39.38%,38.97%,8.57%,5.88%,1.46,-5.72%,62.50%,0.04152069542759018,-0.04360537565633982,2.99,6.22%,0.30%,138.97,37,51.35%,0.52%,1.22%,-6.65%,6.39%,False
conf_1m_cdi_40_30_00_30,1,8,40.00%,30.00%,0.00%,30.00%,25.00%,40.00%,0.48%,48,37.33%,36.95%,8.18%,5.70%,1.44,-5.72%,62.50%,0.03652893371422139,-0.04360537565633982,2.81,5.86%,0.28%,136.95,37,51.35%,0.15%,1.22%,-8.51%,6.39%,False
conf_1m_cdi_40_30_00_40,1,8,40.00%,30.00%,0.00%,40.00%,27.50%,40.00%,0.08%,48,35.31%,34.91%,7.77%,5.53%,1.40,-5.72%,62.50%,0.035685571949586326,-0.04360537565633982,2.97,6.20%,0.30%,134.91,37,51.35%,-0.24%,1.22%,-10.38%,6.39%,False
conf_1m_cdi_40_30_00_50,1,8,40.00%,30.00%,0.00%,50.00%,30.00%,50.00%,-0.33%,48,33.31%,32.88%,7.37%,5.39%,1.37,-5.72%,62.50%,0.035685571949586326,-0.04360537565633982,3.16,6.58%,0.32%,132.88,37,51.35%,-0.61%,1.22%,-12.24%,6.39%,False
conf_1m_cdi_40_30_10_00,1,8,40.00%,30.00%,10.00%,0.00%,20.00%,40.00%,1.77%,48,44.04%,43.58%,9.46%,6.27%,1.51,-5.72%,62.50%,0.051505551784493786,-0.04360537565633982,3.18,6.63%,0.32%,143.58,37,56.76%,1.41%,1.38%,-2.89%,6.39%,False
conf_1m_cdi_40_30_10_10,1,8,40.00%,30.00%,10.00%,10.00%,22.50%,40.00%,1.37%,48,41.94%,41.52%,9.07%,6.05%,1.50,-5.72%,62.50%,0.046512900945293145,-0.04360537565633982,2.98,6.21%,0.30%,141.52,37,51.35%,1.03%,1.38%,-4.78%,6.39%,False
conf_1m_cdi_40_30_10_20,1,8,40.00%,30.00%,10.00%,20.00%,25.00%,40.00%,0.98%,48,39.86%,39.47%,8.67%,5.84%,1.48,-5.72%,62.50%,0.04152069542759018,-0.04360537565633982,2.78,5.78%,0.28%,139.47,37,51.35%,0.65%,1.38%,-6.65%,6.39%,False
conf_1m_cdi_40_30_10_30,1,8,40.00%,30.00%,10.00%,30.00%,27.50%,40.00%,0.58%,48,37.81%,37.45%,8.28%,5.66%,1.46,-5.72%,62.50%,0.03652893371422139,-0.04360537565633982,2.60,5.42%,0.26%,137.45,37,51.35%,0.27%,1.38%,-8.51%,6.39%,False
conf_1m_cdi_40_30_10_40,1,8,40.00%,30.00%,10.00%,40.00%,30.00%,40.00%,0.18%,48,35.78%,35.40%,7.87%,5.49%,1.43,-5.72%,62.50%,0.035685571949586326,-0.04360537565633982,2.76,5.76%,0.28%,135.40,37,51.35%,-0.11%,1.38%,-10.38%,6.39%,False
conf_1m_cdi_40_30_10_50,1,8,40.00%,30.00%,10.00%,50.00%,32.50%,50.00%,-0.23%,48,33.77%,33.37%,7.46%,5.35%,1.40,-5.72%,62.50%,0.035685571949586326,-0.04360537565633982,2.95,6.14%,0.29%,133.37,37,51.35%,-0.49%,1.38%,-12.24%,6.39%,False
conf_1m_cdi_40_30_20_00,1,8,40.00%,30.00%,20.00%,0.00%,22.50%,40.00%,1.87%,48,44.53%,44.10%,9.56%,6.24%,1.53,-5.72%,62.50%,0.051505551784493786,-0.04360537565633982,2.97,6.19%,0.30%,144.10,37,62.16%,1.54%,1.55%,-2.89%,6.39%,False
conf_1m_cdi_40_30_20_10,1,8,40.00%,30.00%,20.00%,10.00%,25.00%,40.00%,1.47%,48,42.43%,42.03%,9.17%,6.01%,1.52,-5.72%,62.50%,0.046512900945293145,-0.04360537565633982,2.77,5.77%,0.28%,142.03,37,56.76%,1.15%,1.55%,-4.78%,6.39%,False
conf_1m_cdi_40_30_20_20,1,8,40.00%,30.00%,20.00%,20.00%,27.50%,40.00%,1.08%,48,40.34%,39.98%,8.77%,5.81%,1.51,-5.72%,62.50%,0.04152069542759018,-0.04360537565633982,2.57,5.35%,0.26%,139.98,37,56.76%,0.77%,1.55%,-6.65%,6.39%,False
conf_1m_cdi_40_30_20_30,1,8,40.00%,30.00%,20.00%,30.00%,30.00%,40.00%,0.68%,48,38.28%,37.95%,8.38%,5.62%,1.49,-5.72%,62.50%,0.03652893371422139,-0.04360537565633982,2.39,4.98%,0.24%,137.95,37,56.76%,0.40%,1.55%,-8.51%,6.39%,False
conf_1m_cdi_40_30_20_40,1,8,40.00%,30.00%,20.00%,40.00%,32.50%,40.00%,0.27%,48,36.24%,35.90%,7.97%,5.45%,1.46,-5.72%,62.50%,0.035685571949586326,-0.04360537565633982,2.55,5.32%,0.26%,135.90,37,56.76%,0.02%,1.55%,-10.38%,6.39%,False
conf_1m_cdi_40_30_20_50,1,8,40.00%,30.00%,20.00%,50.00%,35.00%,50.00%,-0.13%,48,34.23%,33.86%,7.56%,5.31%,1.42,-5.72%,62.50%,0.035685571949586326,-0.04360537565633982,2.74,5.70%,0.27%,133.86,37,56.76%,-0.36%,1.55%,-12.24%,6.39%,False
conf_1m_cdi_40_30_30_00,1,8,40.00%,30.00%,30.00%,0.00%,25.00%,40.00%,1.97%,48,45.03%,44.62%,9.66%,6.21%,1.56,-5.72%,64.58%,0.051505551784493786,-0.04360537565633982,2.80,5.83%,0.28%,144.62,37,67.57%,1.66%,1.62%,-2.89%,6.39%,False
conf_1m_cdi_40_30_30_10,1,8,40.00%,30.00%,30.00%,10.00%,27.50%,40.00%,1.57%,48,42.92%,42.55%,9.27%,5.98%,1.55,-5.72%,64.58%,0.046512900945293145,-0.04360537565633982,2.60,5.41%,0.26%,142.55,37,62.16%,1.28%,1.62%,-4.78%,6.39%,False
conf_1m_cdi_40_30_30_20,1,8,40.00%,30.00%,30.00%,20.00%,30.00%,40.00%,1.18%,48,40.83%,40.49%,8.87%,5.77%,1.54,-5.72%,64.58%,0.04152069542759018,-0.04360537565633982,2.39,4.99%,0.24%,140.49,37,62.16%,0.90%,1.62%,-6.65%,6.39%,False
conf_1m_cdi_40_30_30_30,1,8,40.00%,30.00%,30.00%,30.00%,32.50%,40.00%,0.78%,48,38.76%,38.45%,8.47%,5.58%,1.52,-5.72%,64.58%,0.03652893371422139,-0.04360537565633982,2.22,4.63%,0.22%,138.45,37,62.16%,0.52%,1.62%,-8.51%,6.39%,False
conf_1m_cdi_40_30_30_40,1,8,40.00%,30.00%,30.00%,40.00%,35.00%,40.00%,0.37%,48,36.71%,36.39%,8.07%,5.42%,1.49,-5.72%,64.58%,0.035685571949586326,-0.04360537565633982,2.38,4.96%,0.24%,136.39,37,62.16%,0.14%,1.62%,-10.38%,6.39%,False
conf_1m_cdi_40_30_30_50,1,8,40.00%,30.00%,30.00%,50.00%,37.50%,50.00%,-0.04%,48,34.69%,34.34%,7.66%,5.28%,1.45,-5.72%,64.58%,0.035685571949586326,-0.04360537565633982,2.57,5.35%,0.26%,134.34,37,62.16%,-0.24%,1.62%,-12.24%,6.39%,False
conf_1m_cdi_40_30_40_00,1,8,40.00%,30.00%,40.00%,0.00%,27.50%,40.00%,2.06%,48,45.53%,45.10%,9.75%,6.18%,1.58,-5.72%,64.58%,0.051505551784493786,-0.04360537565633982,2.96,6.17%,0.30%,145.10,37,70.27%,1.77%,1.62%,-2.89%,6.39%,False
conf_1m_cdi_40_30_40_10,1,8,40.00%,30.00%,40.00%,10.00%,30.00%,40.00%,1.66%,48,43.41%,43.01%,9.36%,5.95%,1.57,-5.72%,64.58%,0.046512900945293145,-0.04360537565633982,2.76,5.75%,0.28%,143.01,37,64.86%,1.39%,1.62%,-4.78%,6.39%,False
conf_1m_cdi_40_30_40_20,1,8,40.00%,30.00%,40.00%,20.00%,32.50%,40.00%,1.26%,48,41.31%,40.95%,8.96%,5.74%,1.56,-5.72%,64.58%,0.04152069542759018,-0.04360537565633982,2.56,5.33%,0.26%,140.95,37,64.86%,1.01%,1.62%,-6.65%,6.39%,False
conf_1m_cdi_40_30_40_30,1,8,40.00%,30.00%,40.00%,30.00%,35.00%,40.00%,0.87%,48,39.23%,38.90%,8.56%,5.55%,1.54,-5.72%,64.58%,0.03652893371422139,-0.04360537565633982,2.38,4.97%,0.24%,138.90,37,64.86%,0.63%,1.62%,-8.51%,6.39%,False
conf_1m_cdi_40_30_40_40,1,8,40.00%,30.00%,40.00%,40.00%,37.50%,40.00%,0.46%,48,37.18%,36.83%,8.16%,5.39%,1.51,-5.72%,64.58%,0.035685571949586326,-0.04360537565633982,2.54,5.30%,0.25%,136.83,37,64.86%,0.25%,1.62%,-10.38%,6.39%,False
conf_1m_cdi_40_30_40_50,1,8,40.00%,30.00%,40.00%,50.00%,40.00%,50.00%,0.05%,48,35.15%,34.78%,7.75%,5.25%,1.48,-5.72%,64.58%,0.035685571949586326,-0.04360537565633982,2.73,5.69%,0.27%,134.78,37,64.86%,-0.13%,1.62%,-12.24%,6.39%,False
conf_1m_cdi_40_30_50_00,1,8,40.00%,30.00%,50.00%,0.00%,30.00%,50.00%,2.15%,48,46.02%,45.56%,9.84%,6.15%,1.60,-5.72%,64.58%,0.051505551784493786,-0.04360537565633982,3.15,6.57%,0.32%,145.56,37,72.97%,1.88%,1.62%,-2.89%,6.39%,False
conf_1m_cdi_40_30_50_10,1,8,40.00%,30.00%,50.00%,10.00%,32.50%,50.00%,1.75%,48,43.90%,43.47%,9.44%,5.93%,1.59,-5.72%,64.58%,0.046512900945293145,-0.04360537565633982,2.95,6.15%,0.29%,143.47,37,67.57%,1.50%,1.62%,-4.78%,6.39%,False
conf_1m_cdi_40_30_50_20,1,8,40.00%,30.00%,50.00%,20.00%,35.00%,50.00%,1.35%,48,41.79%,41.40%,9.05%,5.72%,1.58,-5.72%,64.58%,0.04152069542759018,-0.04360537565633982,2.75,5.72%,0.27%,141.40,37,67.57%,1.12%,1.62%,-6.65%,6.39%,False
conf_1m_cdi_40_30_50_30,1,8,40.00%,30.00%,50.00%,30.00%,37.50%,50.00%,0.95%,48,39.71%,39.35%,8.65%,5.53%,1.56,-5.72%,64.58%,0.03652893371422139,-0.04360537565633982,2.57,5.36%,0.26%,139.35,37,67.57%,0.75%,1.62%,-8.51%,6.39%,False
conf_1m_cdi_40_30_50_40,1,8,40.00%,30.00%,50.00%,40.00%,40.00%,50.00%,0.55%,48,37.65%,37.27%,8.24%,5.36%,1.54,-5.72%,64.58%,0.035685571949586326,-0.04360537565633982,2.74,5.70%,0.27%,137.27,37,67.57%,0.36%,1.62%,-10.38%,6.39%,False
conf_1m_cdi_40_30_50_50,1,8,40.00%,30.00%,50.00%,50.00%,42.50%,50.00%,0.14%,48,35.61%,35.22%,7.83%,5.22%,1.50,-5.72%,64.58%,0.035685571949586326,-0.04360537565633982,2.92,6.08%,0.29%,135.22,37,67.57%,-0.02%,1.62%,-12.24%,6.39%,False
conf_1m_cdi_40_40_00_00,1,8,40.00%,40.00%,0.00%,0.00%,20.00%,40.00%,1.38%,48,42.04%,41.56%,9.08%,5.97%,1.52,-5.05%,66.67%,0.051505551784493786,-0.036822499549372445,3.41,7.11%,0.34%,141.56,37,54.05%,0.86%,1.11%,-4.83%,6.32%,False
conf_1m_cdi_40_40_00_10,1,8,40.00%,40.00%,0.00%,10.00%,22.50%,40.00%,0.99%,48,39.97%,39.53%,8.68%,5.73%,1.51,-5.05%,66.67%,0.046512900945293145,-0.036822499549372445,3.21,6.69%,0.32%,139.53,37,51.35%,0.48%,1.11%,-6.69%,6.32%,False
conf_1m_cdi_40_40_00_20,1,8,40.00%,40.00%,0.00%,20.00%,25.00%,40.00%,0.59%,48,37.93%,37.51%,8.29%,5.51%,1.50,-5.05%,66.67%,0.04152069542759018,-0.036822499549372445,3.01,6.27%,0.30%,137.51,37,51.35%,0.11%,1.11%,-8.53%,6.32%,False
conf_1m_cdi_40_40_00_30,1,8,40.00%,40.00%,0.00%,30.00%,27.50%,40.00%,0.20%,48,35.90%,35.52%,7.90%,5.31%,1.49,-5.05%,66.67%,0.03652893371422139,-0.036822499549372445,2.80,5.84%,0.28%,135.52,37,51.35%,-0.27%,1.11%,-10.36%,6.32%,False
conf_1m_cdi_40_40_00_40,1,8,40.00%,40.00%,0.00%,40.00%,30.00%,40.00%,-0.20%,48,33.90%,33.55%,7.50%,5.14%,1.46,-5.05%,66.67%,0.03153747705339782,-0.036822499549372445,2.63,5.47%,0.26%,133.55,37,51.35%,-0.64%,1.11%,-12.16%,6.32%,False
conf_1m_cdi_40_40_00_50,1,8,40.00%,40.00%,0.00%,50.00%,32.50%,50.00%,-0.60%,48,31.92%,31.55%,7.10%,4.98%,1.42,-5.05%,66.67%,0.030992741717698502,-0.036822499549372445,2.79,5.80%,0.28%,131.55,37,51.35%,-1.01%,1.11%,-13.99%,6.32%,False
conf_1m_cdi_40_40_10_00,1,8,40.00%,40.00%,10.00%,0.00%,22.50%,40.00%,1.48%,48,42.53%,42.08%,9.18%,5.93%,1.55,-5.05%,66.67%,0.051505551784493786,-0.036822499549372445,3.20,6.67%,0.32%,142.08,37,56.76%,0.98%,1.28%,-4.83%,6.32%,False
conf_1m_cdi_40_40_10_10,1,8,40.00%,40.00%,10.00%,10.00%,25.00%,40.00%,1.09%,48,40.46%,40.04%,8.78%,5.69%,1.54,-5.05%,66.67%,0.046512900945293145,-0.036822499549372445,3.00,6.25%,0.30%,140.04,37,54.05%,0.61%,1.28%,-6.69%,6.32%,False
conf_1m_cdi_40_40_10_20,1,8,40.00%,40.00%,10.00%,20.00%,27.50%,40.00%,0.69%,48,38.40%,38.02%,8.39%,5.47%,1.53,-5.05%,66.67%,0.04152069542759018,-0.036822499549372445,2.80,5.83%,0.28%,138.02,37,54.05%,0.23%,1.28%,-8.53%,6.32%,False
conf_1m_cdi_40_40_10_30,1,8,40.00%,40.00%,10.00%,30.00%,30.00%,40.00%,0.30%,48,36.37%,36.02%,7.99%,5.27%,1.52,-5.05%,66.67%,0.03652893371422139,-0.036822499549372445,2.59,5.40%,0.26%,136.02,37,54.05%,-0.14%,1.28%,-10.36%,6.32%,False
conf_1m_cdi_40_40_10_40,1,8,40.00%,40.00%,10.00%,40.00%,32.50%,40.00%,-0.10%,48,34.36%,34.04%,7.60%,5.09%,1.49,-5.05%,66.67%,0.03153747705339782,-0.036822499549372445,2.41,5.03%,0.24%,134.04,37,54.05%,-0.51%,1.28%,-12.16%,6.32%,False
conf_1m_cdi_40_40_10_50,1,8,40.00%,40.00%,10.00%,50.00%,35.00%,50.00%,-0.50%,48,32.37%,32.03%,7.19%,4.94%,1.46,-5.05%,66.67%,0.030992741717698502,-0.036822499549372445,2.58,5.37%,0.26%,132.03,37,54.05%,-0.89%,1.28%,-13.99%,6.32%,False
conf_1m_cdi_40_40_20_00,1,8,40.00%,40.00%,20.00%,0.00%,25.00%,40.00%,1.58%,48,43.02%,42.60%,9.28%,5.89%,1.57,-5.05%,66.67%,0.051505551784493786,-0.036822499549372445,2.99,6.23%,0.30%,142.60,37,59.46%,1.11%,1.44%,-4.83%,6.32%,False
conf_1m_cdi_40_40_20_10,1,8,40.00%,40.00%,20.00%,10.00%,27.50%,40.00%,1.19%,48,40.94%,40.55%,8.88%,5.65%,1.57,-5.05%,66.67%,0.046512900945293145,-0.036822499549372445,2.79,5.81%,0.28%,140.55,37,56.76%,0.73%,1.44%,-6.69%,6.32%,False
conf_1m_cdi_40_40_20_20,1,8,40.00%,40.00%,20.00%,20.00%,30.00%,40.00%,0.79%,48,38.88%,38.52%,8.49%,5.43%,1.56,-5.05%,66.67%,0.04152069542759018,-0.036822499549372445,2.59,5.39%,0.26%,138.52,37,56.76%,0.36%,1.44%,-8.53%,6.32%,False
conf_1m_cdi_40_40_20_30,1,8,40.00%,40.00%,20.00%,30.00%,32.50%,40.00%,0.40%,48,36.84%,36.52%,8.09%,5.23%,1.55,-5.05%,66.67%,0.03652893371422139,-0.036822499549372445,2.38,4.96%,0.24%,136.52,37,56.76%,-0.02%,1.44%,-10.36%,6.32%,False
conf_1m_cdi_40_40_20_40,1,8,40.00%,40.00%,20.00%,40.00%,35.00%,40.00%,0.00%,48,34.82%,34.53%,7.70%,5.05%,1.52,-5.05%,66.67%,0.03153747705339782,-0.036822499549372445,2.20,4.59%,0.22%,134.53,37,56.76%,-0.39%,1.44%,-12.16%,6.32%,False
conf_1m_cdi_40_40_20_50,1,8,40.00%,40.00%,20.00%,50.00%,37.50%,50.00%,-0.40%,48,32.83%,32.51%,7.29%,4.90%,1.49,-5.05%,66.67%,0.030992741717698502,-0.036822499549372445,2.37,4.93%,0.24%,132.51,37,56.76%,-0.76%,1.44%,-13.99%,6.32%,False
conf_1m_cdi_40_40_30_00,1,8,40.00%,40.00%,30.00%,0.00%,27.50%,40.00%,1.68%,48,43.52%,43.12%,9.38%,5.86%,1.60,-5.05%,68.75%,0.051505551784493786,-0.036822499549372445,2.78,5.79%,0.28%,143.12,37,59.46%,1.23%,1.58%,-4.83%,6.32%,False
conf_1m_cdi_40_40_30_10,1,8,40.00%,40.00%,30.00%,10.00%,30.00%,40.00%,1.29%,48,41.43%,41.06%,8.98%,5.62%,1.60,-5.05%,68.75%,0.046512900945293145,-0.036822499549372445,2.58,5.37%,0.26%,141.06,37,56.76%,0.86%,1.58%,-6.69%,6.32%,False
conf_1m_cdi_40_40_30_20,1,8,40.00%,40.00%,30.00%,20.00%,32.50%,40.00%,0.89%,48,39.36%,39.03%,8.59%,5.40%,1.59,-5.05%,68.75%,0.04152069542759018,-0.036822499549372445,2.38,4.95%,0.24%,139.03,37,56.76%,0.48%,1.58%,-8.53%,6.32%,False
conf_1m_cdi_40_40_30_30,1,8,40.00%,40.00%,30.00%,30.00%,35.00%,40.00%,0.50%,48,37.31%,37.01%,8.19%,5.19%,1.58,-5.05%,68.75%,0.03652893371422139,-0.036822499549372445,2.17,4.53%,0.22%,137.01,37,56.76%,0.11%,1.58%,-10.36%,6.32%,True
conf_1m_cdi_40_40_30_40,1,8,40.00%,40.00%,30.00%,40.00%,37.50%,40.00%,0.10%,48,35.29%,35.02%,7.79%,5.01%,1.55,-5.05%,68.75%,0.03153747705339782,-0.036822499549372445,1.99,4.15%,0.20%,135.02,37,56.76%,-0.26%,1.58%,-12.16%,6.32%,True
conf_1m_cdi_40_40_30_50,1,8,40.00%,40.00%,30.00%,50.00%,40.00%,50.00%,-0.31%,48,33.28%,33.00%,7.39%,4.86%,1.52,-5.05%,68.75%,0.030992741717698502,-0.036822499549372445,2.16,4.49%,0.22%,133.00,37,56.76%,-0.64%,1.58%,-13.99%,6.32%,True
conf_1m_cdi_40_40_40_00,1,8,40.00%,40.00%,40.00%,0.00%,30.00%,40.00%,1.78%,48,44.01%,43.63%,9.47%,5.83%,1.62,-5.05%,68.75%,0.051505551784493786,-0.036822499549372445,2.61,5.43%,0.26%,143.63,37,64.86%,1.36%,1.58%,-4.83%,6.32%,False
conf_1m_cdi_40_40_40_10,1,8,40.00%,40.00%,40.00%,10.00%,32.50%,40.00%,1.38%,48,41.91%,41.57%,9.08%,5.59%,1.62,-5.05%,68.75%,0.046512900945293145,-0.036822499549372445,2.40,5.01%,0.24%,141.57,37,62.16%,0.98%,1.58%,-6.69%,6.32%,False
conf_1m_cdi_40_40_40_20,1,8,40.00%,40.00%,40.00%,20.00%,35.00%,40.00%,0.99%,48,39.84%,39.53%,8.68%,5.36%,1.62,-5.05%,68.75%,0.04152069542759018,-0.036822499549372445,2.20,4.59%,0.22%,139.53,37,62.16%,0.60%,1.58%,-8.53%,6.32%,False
conf_1m_cdi_40_40_40_30,1,8,40.00%,40.00%,40.00%,30.00%,37.50%,40.00%,0.59%,48,37.78%,37.51%,8.29%,5.16%,1.61,-5.05%,68.75%,0.03652893371422139,-0.036822499549372445,2.00,4.16%,0.20%,137.51,37,62.16%,0.23%,1.58%,-10.36%,6.32%,True
conf_1m_cdi_40_40_40_40,1,8,40.00%,40.00%,40.00%,40.00%,40.00%,40.00%,0.20%,48,35.75%,35.50%,7.89%,4.98%,1.58,-5.05%,68.75%,0.03153747705339782,-0.036822499549372445,1.82,3.79%,0.18%,135.50,37,62.16%,-0.14%,1.58%,-12.16%,6.32%,True
conf_1m_cdi_40_40_40_50,1,8,40.00%,40.00%,40.00%,50.00%,42.50%,50.00%,-0.21%,48,33.74%,33.48%,7.49%,4.82%,1.55,-5.05%,68.75%,0.030992741717698502,-0.036822499549372445,1.98,4.12%,0.20%,133.48,37,62.16%,-0.51%,1.58%,-13.99%,6.32%,True
conf_1m_cdi_40_40_50_00,1,8,40.00%,40.00%,50.00%,0.00%,32.50%,50.00%,1.87%,48,44.50%,44.10%,9.56%,5.81%,1.65,-5.05%,68.75%,0.051505551784493786,-0.036822499549372445,2.77,5.78%,0.28%,144.10,37,64.86%,1.47%,1.58%,-4.83%,6.32%,False
conf_1m_cdi_40_40_50_10,1,8,40.00%,40.00%,50.00%,10.00%,35.00%,50.00%,1.47%,48,42.40%,42.03%,9.17%,5.56%,1.65,-5.05%,68.75%,0.046512900945293145,-0.036822499549372445,2.57,5.36%,0.26%,142.03,37,62.16%,1.09%,1.58%,-6.69%,6.32%,False
conf_1m_cdi_40_40_50_20,1,8,40.00%,40.00%,50.00%,20.00%,37.50%,50.00%,1.08%,48,40.31%,39.98%,8.77%,5.34%,1.64,-5.05%,68.75%,0.04152069542759018,-0.036822499549372445,2.37,4.94%,0.24%,139.98,37,62.16%,0.72%,1.58%,-8.53%,6.32%,False
conf_1m_cdi_40_40_50_30,1,8,40.00%,40.00%,50.00%,30.00%,40.00%,50.00%,0.68%,48,38.25%,37.95%,8.38%,5.13%,1.63,-5.05%,68.75%,0.03652893371422139,-0.036822499549372445,2.16,4.51%,0.22%,137.95,37,62.16%,0.35%,1.58%,-10.36%,6.32%,True
conf_1m_cdi_40_40_50_40,1,8,40.00%,40.00%,50.00%,40.00%,42.50%,50.00%,0.28%,48,36.21%,35.94%,7.98%,4.95%,1.61,-5.05%,68.75%,0.03153747705339782,-0.036822499549372445,1.99,4.14%,0.20%,135.94,37,62.16%,-0.02%,1.58%,-12.16%,6.32%,True
conf_1m_cdi_40_40_50_50,1,8,40.00%,40.00%,50.00%,50.00%,45.00%,50.00%,-0.12%,48,34.20%,33.91%,7.57%,4.80%,1.58,-5.05%,68.75%,0.030992741717698502,-0.036822499549372445,2.15,4.47%,0.21%,133.91,37,62.16%,-0.40%,1.58%,-13.99%,6.32%,True
conf_1m_cdi_40_50_00_00,1,8,40.00%,50.00%,0.00%,0.00%,22.50%,50.00%,1.07%,48,40.54%,39.97%,8.77%,5.67%,1.55,-4.40%,68.75%,0.051505551784493786,-0.030199050624851065,4.09,8.53%,0.41%,139.97,37,51.35%,0.42%,0.98%,-6.74%,6.27%,False
conf_1m_cdi_40_50_00_10,1,8,40.00%,50.00%,0.00%,10.00%,25.00%,50.00%,0.68%,48,38.50%,37.96%,8.38%,5.42%,1.55,-4.40%,68.75%,0.046512900945293145,-0.030199050624851065,3.89,8.11%,0.39%,137.96,37,51.35%,0.04%,0.98%,-8.58%,6.27%,False
conf_1m_cdi_40_50_00_20,1,8,40.00%,50.00%,0.00%,20.00%,27.50%,50.00%,0.29%,48,36.47%,35.97%,7.98%,5.18%,1.54,-4.40%,68.75%,0.04152069542759018,-0.030199050624851065,3.69,7.69%,0.37%,135.97,37,51.35%,-0.33%,0.98%,-10.39%,6.27%,False
conf_1m_cdi_40_50_00_30,1,8,40.00%,50.00%,0.00%,30.00%,30.00%,50.00%,-0.10%,48,34.47%,34.00%,7.59%,4.97%,1.53,-4.40%,68.75%,0.03652893371422139,-0.030199050624851065,3.49,7.26%,0.35%,134.00,37,51.35%,-0.70%,0.98%,-12.19%,6.27%,False
conf_1m_cdi_40_50_00_40,1,8,40.00%,50.00%,0.00%,40.00%,32.50%,50.00%,-0.50%,48,32.48%,32.05%,7.20%,4.78%,1.51,-4.40%,68.75%,0.03153747705339782,-0.030199050624851065,3.28,6.83%,0.33%,132.05,37,51.35%,-1.06%,0.98%,-13.97%,6.27%,False
conf_1m_cdi_40_50_00_50,1,8,40.00%,50.00%,0.00%,50.00%,35.00%,50.00%,-0.89%,48,30.52%,30.12%,6.80%,4.61%,1.48,-4.40%,68.75%,0.02654646248898973,-0.030199050624851065,3.10,6.45%,0.31%,130.12,37,51.35%,-1.42%,0.98%,-15.73%,6.27%,False
conf_1m_cdi_40_50_10_00,1,8,40.00%,50.00%,10.00%,0.00%,25.00%,50.00%,1.17%,48,41.03%,40.48%,8.87%,5.63%,1.58,-4.40%,68.75%,0.051505551784493786,-0.030199050624851065,3.88,8.09%,0.39%,140.48,37,56.76%,0.54%,1.14%,-6.74%,6.27%,False
conf_1m_cdi_40_50_10_10,1,8,40.00%,50.00%,10.00%,10.00%,27.50%,50.00%,0.78%,48,38.97%,38.46%,8.48%,5.38%,1.58,-4.40%,68.75%,0.046512900945293145,-0.030199050624851065,3.68,7.67%,0.37%,138.46,37,56.76%,0.17%,1.14%,-8.58%,6.27%,False
conf_1m_cdi_40_50_10_20,1,8,40.00%,50.00%,10.00%,20.00%,30.00%,50.00%,0.39%,48,36.94%,36.47%,8.08%,5.14%,1.57,-4.40%,68.75%,0.04152069542759018,-0.030199050624851065,3.48,7.25%,0.35%,136.47,37,56.76%,-0.20%,1.14%,-10.39%,6.27%,False
conf_1m_cdi_40_50_10_30,1,8,40.00%,50.00%,10.00%,30.00%,32.50%,50.00%,-0.01%,48,34.93%,34.49%,7.69%,4.92%,1.56,-4.40%,68.75%,0.03652893371422139,-0.030199050624851065,3.28,6.82%,0.33%,134.49,37,56.76%,-0.57%,1.14%,-12.19%,6.27%,False
conf_1m_cdi_40_50_10_40,1,8,40.00%,50.00%,10.00%,40.00%,35.00%,50.00%,-0.40%,48,32.94%,32.53%,7.30%,4.73%,1.54,-4.40%,68.75%,0.03153747705339782,-0.030199050624851065,3.07,6.40%,0.31%,132.53,37,56.76%,-0.94%,1.14%,-13.97%,6.27%,False
conf_1m_cdi_40_50_10_50,1,8,40.00%,50.00%,10.00%,50.00%,37.50%,50.00%,-0.79%,48,30.97%,30.59%,6.90%,4.56%,1.51,-4.40%,68.75%,0.02654646248898973,-0.030199050624851065,2.89,6.01%,0.29%,130.59,37,56.76%,-1.30%,1.14%,-15.73%,6.27%,False
conf_1m_cdi_40_50_20_00,1,8,40.00%,50.00%,20.00%,0.00%,27.50%,50.00%,1.27%,48,41.51%,40.99%,8.97%,5.59%,1.60,-4.40%,68.75%,0.051505551784493786,-0.030199050624851065,3.67,7.65%,0.37%,140.99,37,56.76%,0.67%,1.31%,-6.74%,6.27%,False
conf_1m_cdi_40_50_20_10,1,8,40.00%,50.00%,20.00%,10.00%,30.00%,50.00%,0.88%,48,39.45%,38.97%,8.57%,5.34%,1.61,-4.40%,68.75%,0.046512900945293145,-0.030199050624851065,3.47,7.23%,0.35%,138.97,37,56.76%,0.29%,1.31%,-8.58%,6.27%,False
conf_1m_cdi_40_50_20_20,1,8,40.00%,50.00%,20.00%,20.00%,32.50%,50.00%,0.49%,48,37.41%,36.96%,8.18%,5.10%,1.60,-4.40%,68.75%,0.04152069542759018,-0.030199050624851065,3.27,6.81%,0.33%,136.96,37,56.76%,-0.08%,1.31%,-10.39%,6.27%,False
conf_1m_cdi_40_50_20_30,1,8,40.00%,50.00%,20.00%,30.00%,35.00%,50.00%,0.09%,48,35.40%,34.98%,7.79%,4.88%,1.60,-4.40%,68.75%,0.03652893371422139,-0.030199050624851065,3.07,6.39%,0.31%,134.98,37,56.76%,-0.45%,1.31%,-12.19%,6.27%,False
conf_1m_cdi_40_50_20_40,1,8,40.00%,50.00%,20.00%,40.00%,37.50%,50.00%,-0.30%,48,33.40%,33.02%,7.39%,4.69%,1.58,-4.40%,68.75%,0.03153747705339782,-0.030199050624851065,2.86,5.96%,0.29%,133.02,37,56.76%,-0.81%,1.31%,-13.97%,6.27%,False
conf_1m_cdi_40_50_20_50,1,8,40.00%,50.00%,20.00%,50.00%,40.00%,50.00%,-0.70%,48,31.42%,31.07%,7.00%,4.52%,1.55,-4.40%,68.75%,0.02654646248898973,-0.030199050624851065,2.68,5.57%,0.27%,131.07,37,56.76%,-1.17%,1.31%,-15.73%,6.27%,False
conf_1m_cdi_40_50_30_00,1,8,40.00%,50.00%,30.00%,0.00%,30.00%,50.00%,1.37%,48,42.00%,41.51%,9.07%,5.56%,1.63,-4.40%,70.83%,0.051505551784493786,-0.030199050624851065,3.46,7.22%,0.35%,141.51,37,56.76%,0.79%,1.47%,-6.74%,6.27%,False
conf_1m_cdi_40_50_30_10,1,8,40.00%,50.00%,30.00%,10.00%,32.50%,50.00%,0.98%,48,39.93%,39.48%,8.67%,5.30%,1.64,-4.40%,70.83%,0.046512900945293145,-0.030199050624851065,3.26,6.80%,0.33%,139.48,37,56.76%,0.42%,1.47%,-8.58%,6.27%,False
conf_1m_cdi_40_50_30_20,1,8,40.00%,50.00%,30.00%,20.00%,35.00%,50.00%,0.58%,48,37.89%,37.46%,8.28%,5.06%,1.64,-4.40%,70.83%,0.04152069542759018,-0.030199050624851065,3.06,6.37%,0.31%,137.46,37,56.76%,0.05%,1.47%,-10.39%,6.27%,False
conf_1m_cdi_40_50_30_30,1,8,40.00%,50.00%,30.00%,30.00%,37.50%,50.00%,0.19%,48,35.86%,35.47%,7.89%,4.84%,1.63,-4.40%,70.83%,0.03652893371422139,-0.030199050624851065,2.86,5.95%,0.29%,135.47,37,56.76%,-0.32%,1.47%,-12.19%,6.27%,False
conf_1m_cdi_40_50_30_40,1,8,40.00%,50.00%,30.00%,40.00%,40.00%,50.00%,-0.20%,48,33.86%,33.50%,7.49%,4.65%,1.61,-4.40%,70.83%,0.03153747705339782,-0.030199050624851065,2.65,5.52%,0.26%,133.50,37,56.76%,-0.69%,1.47%,-13.97%,6.27%,False
conf_1m_cdi_40_50_30_50,1,8,40.00%,50.00%,30.00%,50.00%,42.50%,50.00%,-0.60%,48,31.88%,31.55%,7.10%,4.48%,1.58,-4.40%,70.83%,0.02654646248898973,-0.030199050624851065,2.47,5.14%,0.25%,131.55,37,56.76%,-1.05%,1.47%,-15.73%,6.27%,False
conf_1m_cdi_40_50_40_00,1,8,40.00%,50.00%,40.00%,0.00%,32.50%,50.00%,1.47%,48,42.49%,42.02%,9.17%,5.52%,1.66,-4.40%,70.83%,0.051505551784493786,-0.030199050624851065,3.25,6.78%,0.33%,142.02,37,56.76%,0.92%,1.49%,-6.74%,6.27%,False
conf_1m_cdi_40_50_40_10,1,8,40.00%,50.00%,40.00%,10.00%,35.00%,50.00%,1.08%,48,40.41%,39.98%,8.77%,5.27%,1.67,-4.40%,70.83%,0.046512900945293145,-0.030199050624851065,3.05,6.36%,0.31%,139.98,37,56.76%,0.54%,1.49%,-8.58%,6.27%,False
conf_1m_cdi_40_50_40_20,1,8,40.00%,50.00%,40.00%,20.00%,37.50%,50.00%,0.68%,48,38.36%,37.96%,8.38%,5.03%,1.67,-4.40%,70.83%,0.04152069542759018,-0.030199050624851065,2.85,5.94%,0.28%,137.96,37,56.76%,0.17%,1.49%,-10.39%,6.27%,False
conf_1m_cdi_40_50_40_30,1,8,40.00%,50.00%,40.00%,30.00%,40.00%,50.00%,0.29%,48,36.33%,35.97%,7.98%,4.81%,1.66,-4.40%,70.83%,0.03652893371422139,-0.030199050624851065,2.65,5.51%,0.26%,135.97,37,56.76%,-0.20%,1.49%,-12.19%,6.27%,False
conf_1m_cdi_40_50_40_40,1,8,40.00%,50.00%,40.00%,40.00%,42.50%,50.00%,-0.11%,48,34.32%,33.99%,7.59%,4.61%,1.65,-4.40%,70.83%,0.03153747705339782,-0.030199050624851065,2.44,5.08%,0.24%,133.99,37,56.76%,-0.56%,1.49%,-13.97%,6.27%,False
conf_1m_cdi_40_50_40_50,1,8,40.00%,50.00%,40.00%,50.00%,45.00%,50.00%,-0.50%,48,32.33%,32.03%,7.19%,4.44%,1.62,-4.40%,70.83%,0.02654646248898973,-0.030199050624851065,2.26,4.70%,0.23%,132.03,37,56.76%,-0.92%,1.49%,-15.73%,6.27%,False
conf_1m_cdi_40_50_50_00,1,8,40.00%,50.00%,50.00%,0.00%,35.00%,50.00%,1.57%,48,42.97%,42.53%,9.26%,5.50%,1.69,-4.40%,70.83%,0.051505551784493786,-0.030199050624851065,3.07,6.40%,0.31%,142.53,37,62.16%,1.04%,1.78%,-6.74%,6.27%,False
conf_1m_cdi_40_50_50_10,1,8,40.00%,50.00%,50.00%,10.00%,37.50%,50.00%,1.17%,48,40.89%,40.49%,8.87%,5.24%,1.69,-4.40%,70.83%,0.046512900945293145,-0.030199050624851065,2.87,5.99%,0.29%,140.49,37,62.16%,0.67%,1.78%,-8.58%,6.27%,False
conf_1m_cdi_40_50_50_20,1,8,40.00%,50.00%,50.00%,20.00%,40.00%,50.00%,0.78%,48,38.83%,38.46%,8.48%,5.00%,1.70,-4.40%,70.83%,0.04152069542759018,-0.030199050624851065,2.67,5.56%,0.27%,138.46,37,62.16%,0.29%,1.78%,-10.39%,6.27%,False
conf_1m_cdi_40_50_50_30,1,8,40.00%,50.00%,50.00%,30.00%,42.50%,50.00%,0.39%,48,36.79%,36.46%,8.08%,4.78%,1.69,-4.40%,70.83%,0.03652893371422139,-0.030199050624851065,2.47,5.14%,0.25%,136.46,37,62.16%,-0.07%,1.78%,-12.19%,6.27%,False
conf_1m_cdi_40_50_50_40,1,8,40.00%,50.00%,50.00%,40.00%,45.00%,50.00%,-0.01%,48,34.78%,34.47%,7.69%,4.58%,1.68,-4.40%,70.83%,0.03153747705339782,-0.030199050624851065,2.26,4.71%,0.23%,134.47,37,62.16%,-0.44%,1.78%,-13.97%,6.27%,False
conf_1m_cdi_40_50_50_50,1,8,40.00%,50.00%,50.00%,50.00%,47.50%,50.00%,-0.41%,48,32.78%,32.50%,7.29%,4.41%,1.65,-4.40%,70.83%,0.02654646248898973,-0.030199050624851065,2.08,4.33%,0.21%,132.50,37,62.16%,-0.80%,1.78%,-15.73%,6.27%,True
conf_1m_cdi_50_00_00_00,1,8,50.00%,0.00%,0.00%,0.00%,12.50%,50.00%,3.15%,48,51.54%,50.95%,10.84%,7.33%,1.48,-7.43%,62.50%,0.051505551784493786,-0.06407283425789712,3.93,8.19%,0.39%,150.95,37,86.49%,3.20%,2.26%,-1.39%,8.68%,False
conf_1m_cdi_50_00_00_10,1,8,50.00%,0.00%,0.00%,10.00%,15.00%,50.00%,2.74%,48,49.34%,48.72%,10.43%,7.14%,1.46,-7.43%,62.50%,0.04976842754776656,-0.06407283425789712,4.10,8.53%,0.41%,148.72,37,86.49%,2.80%,1.70%,-1.39%,8.68%,False
conf_1m_cdi_50_00_00_20,1,8,50.00%,0.00%,0.00%,20.00%,17.50%,50.00%,2.33%,48,47.15%,46.52%,10.02%,6.97%,1.44,-7.43%,62.50%,0.04976842754776656,-0.06407283425789712,4.28,8.91%,0.43%,146.52,37,64.86%,2.40%,1.51%,-1.75%,8.68%,False
conf_1m_cdi_50_00_00_30,1,8,50.00%,0.00%,0.00%,30.00%,20.00%,50.00%,1.91%,48,44.99%,44.34%,9.61%,6.82%,1.41,-7.43%,62.50%,0.04976842754776656,-0.06407283425789712,4.47,9.30%,0.45%,144.34,37,59.46%,2.00%,1.51%,-3.59%,8.68%,False
conf_1m_cdi_50_00_00_40,1,8,50.00%,0.00%,0.00%,40.00%,22.50%,50.00%,1.50%,48,42.85%,42.19%,9.20%,6.69%,1.37,-7.43%,62.50%,0.04976842754776656,-0.06407283425789712,4.66,9.70%,0.47%,142.19,37,59.46%,1.60%,1.51%,-5.40%,8.68%,False
conf_1m_cdi_50_00_00_50,1,8,50.00%,0.00%,0.00%,50.00%,25.00%,50.00%,1.09%,48,40.74%,40.06%,8.79%,6.58%,1.33,-7.43%,62.50%,0.04976842754776656,-0.06407283425789712,4.85,10.10%,0.48%,140.06,37,59.46%,1.21%,1.51%,-7.20%,8.68%,False
conf_1m_cdi_50_00_10_00,1,8,50.00%,0.00%,10.00%,0.00%,15.00%,50.00%,3.24%,48,52.07%,51.45%,10.93%,7.30%,1.50,-7.43%,62.50%,0.051505551784493786,-0.06407283425789712,4.08,8.51%,0.41%,151.45,37,91.89%,3.32%,2.22%,-1.04%,8.68%,False
conf_1m_cdi_50_00_10_10,1,8,50.00%,0.00%,10.00%,10.00%,17.50%,50.00%,2.83%,48,49.85%,49.22%,10.52%,7.11%,1.48,-7.43%,62.50%,0.04976842754776656,-0.06407283425789712,4.25,8.85%,0.42%,149.22,37,91.89%,2.91%,1.87%,-1.04%,8.68%,False
conf_1m_cdi_50_00_10_20,1,8,50.00%,0.00%,10.00%,20.00%,20.00%,50.00%,2.42%,48,47.66%,47.01%,10.11%,6.94%,1.46,-7.43%,62.50%,0.04976842754776656,-0.06407283425789712,4.43,9.23%,0.44%,147.01,37,70.27%,2.51%,1.87%,-1.75%,8.68%,False
conf_1m_cdi_50_00_10_30,1,8,50.00%,0.00%,10.00%,30.00%,22.50%,50.00%,2.00%,48,45.49%,44.82%,9.70%,6.79%,1.43,-7.43%,62.50%,0.04976842754776656,-0.06407283425789712,4.62,9.62%,0.46%,144.82,37,67.57%,2.11%,1.87%,-3.59%,8.68%,False
conf_1m_cdi_50_00_10_40,1,8,50.00%,0.00%,10.00%,40.00%,25.00%,50.00%,1.59%,48,43.35%,42.66%,9.29%,6.66%,1.40,-7.43%,62.50%,0.04976842754776656,-0.06407283425789712,4.81,10.02%,0.48%,142.66,37,64.86%,1.72%,1.87%,-5.40%,8.68%,False
conf_1m_cdi_50_00_10_50,1,8,50.00%,0.00%,10.00%,50.00%,27.50%,50.00%,1.18%,48,41.22%,40.52%,8.88%,6.55%,1.36,-7.43%,62.50%,0.04976842754776656,-0.06407283425789712,5.00,10.42%,0.50%,140.52,37,64.86%,1.33%,1.87%,-7.20%,8.68%,False
conf_1m_cdi_50_00_20_00,1,8,50.00%,0.00%,20.00%,0.00%,17.50%,50.00%,3.33%,48,52.59%,51.94%,11.02%,7.27%,1.52,-7.43%,62.50%,0.051505551784493786,-0.06407283425789712,4.27,8.90%,0.43%,151.94,37,91.89%,3.43%,2.26%,-0.69%,8.68%,False
conf_1m_cdi_50_00_20_10,1,8,50.00%,0.00%,20.00%,10.00%,20.00%,50.00%,2.92%,48,50.37%,49.70%,10.61%,7.08%,1.50,-7.43%,62.50%,0.04976842754776656,-0.06407283425789712,4.44,9.25%,0.44%,149.70,37,91.89%,3.02%,2.08%,-0.69%,8.68%,False
conf_1m_cdi_50_00_20_20,1,8,50.00%,0.00%,20.00%,20.00%,22.50%,50.00%,2.51%,48,48.17%,47.49%,10.20%,6.91%,1.48,-7.43%,62.50%,0.04976842754776656,-0.06407283425789712,4.62,9.62%,0.46%,147.49,37,70.27%,2.62%,2.08%,-1.75%,8.68%,False
conf_1m_cdi_50_00_20_30,1,8,50.00%,0.00%,20.00%,30.00%,25.00%,50.00%,2.09%,48,45.99%,45.29%,9.79%,6.76%,1.45,-7.43%,62.50%,0.04976842754776656,-0.06407283425789712,4.81,10.02%,0.48%,145.29,37,70.27%,2.22%,2.08%,-3.59%,8.68%,False
conf_1m_cdi_50_00_20_40,1,8,50.00%,0.00%,20.00%,40.00%,27.50%,50.00%,1.68%,48,43.84%,43.12%,9.38%,6.63%,1.42,-7.43%,62.50%,0.04976842754776656,-0.06407283425789712,5.00,10.42%,0.50%,143.12,37,64.86%,1.83%,2.08%,-5.40%,8.68%,False
conf_1m_cdi_50_00_20_50,1,8,50.00%,0.00%,20.00%,50.00%,30.00%,50.00%,1.27%,48,41.71%,40.98%,8.96%,6.52%,1.38,-7.43%,62.50%,0.04976842754776656,-0.06407283425789712,5.19,10.82%,0.52%,140.98,37,64.86%,1.44%,2.08%,-7.20%,8.68%,False
conf_1m_cdi_50_00_30_00,1,8,50.00%,0.00%,30.00%,0.00%,20.00%,50.00%,3.42%,48,53.11%,52.43%,11.11%,7.24%,1.54,-7.43%,64.58%,0.051505551784493786,-0.06407283425789712,4.47,9.30%,0.45%,152.43,37,91.89%,3.54%,2.58%,-0.34%,8.68%,False
conf_1m_cdi_50_00_30_10,1,8,50.00%,0.00%,30.00%,10.00%,22.50%,50.00%,3.01%,48,50.88%,50.19%,10.70%,7.05%,1.52,-7.43%,64.58%,0.04976842754776656,-0.06407283425789712,4.63,9.65%,0.46%,150.19,37,91.89%,3.14%,2.06%,-0.34%,8.68%,False
conf_1m_cdi_50_00_30_20,1,8,50.00%,0.00%,30.00%,20.00%,25.00%,50.00%,2.60%,48,48.68%,47.96%,10.29%,6.88%,1.50,-7.43%,64.58%,0.04976842754776656,-0.06407283425789712,4.81,10.02%,0.48%,147.96,37,72.97%,2.74%,2.06%,-1.75%,8.68%,False
conf_1m_cdi_50_00_30_30,1,8,50.00%,0.00%,30.00%,30.00%,27.50%,50.00%,2.18%,48,46.50%,45.76%,9.88%,6.73%,1.47,-7.43%,64.58%,0.04976842754776656,-0.06407283425789712,5.00,10.42%,0.50%,145.76,37,70.27%,2.34%,2.06%,-3.59%,8.68%,False
conf_1m_cdi_50_00_30_40,1,8,50.00%,0.00%,30.00%,40.00%,30.00%,50.00%,1.77%,48,44.33%,43.59%,9.47%,6.60%,1.44,-7.43%,64.58%,0.04976842754776656,-0.06407283425789712,5.19,10.82%,0.52%,143.59,37,67.57%,1.94%,2.06%,-5.40%,8.68%,False
conf_1m_cdi_50_00_30_50,1,8,50.00%,0.00%,30.00%,50.00%,32.50%,50.00%,1.36%,48,42.20%,41.43%,9.05%,6.49%,1.40,-7.43%,64.58%,0.04976842754776656,-0.06407283425789712,5.38,11.22%,0.54%,141.43,37,64.86%,1.55%,2.06%,-7.20%,8.68%,False
conf_1m_cdi_50_00_40_00,1,8,50.00%,0.00%,40.00%,0.00%,22.50%,50.00%,3.51%,48,53.64%,52.93%,11.20%,7.21%,1.55,-7.43%,64.58%,0.051505551784493786,-0.06407283425789712,4.66,9.70%,0.47%,152.93,37,100.00%,3.66%,2.61%,0.00%,8.68%,False
conf_1m_cdi_50_00_40_10,1,8,50.00%,0.00%,40.00%,10.00%,25.00%,50.00%,3.10%,48,51.40%,50.67%,10.79%,7.02%,1.54,-7.43%,64.58%,0.04976842754776656,-0.06407283425789712,4.82,10.05%,0.48%,150.67,37,100.00%,3.25%,2.13%,0.00%,8.68%,False
conf_1m_cdi_50_00_40_20,1,8,50.00%,0.00%,40.00%,20.00%,27.50%,50.00%,2.68%,48,49.19%,48.44%,10.38%,6.85%,1.51,-7.43%,64.58%,0.04976842754776656,-0.06407283425789712,5.00,10.42%,0.50%,148.44,37,81.08%,2.85%,2.12%,-1.75%,8.68%,False
conf_1m_cdi_50_00_40_30,1,8,50.00%,0.00%,40.00%,30.00%,30.00%,50.00%,2.27%,48,47.00%,46.24%,9.97%,6.70%,1.49,-7.43%,64.58%,0.04976842754776656,-0.06407283425789712,5.19,10.82%,0.52%,146.24,37,78.38%,2.45%,2.11%,-3.59%,8.68%,False
conf_1m_cdi_50_00_40_40,1,8,50.00%,0.00%,40.00%,40.00%,32.50%,50.00%,1.86%,48,44.83%,44.05%,9.55%,6.57%,1.45,-7.43%,64.58%,0.04976842754776656,-0.06407283425789712,5.38,11.22%,0.54%,144.05,37,75.68%,2.06%,2.10%,-5.40%,8.68%,False
conf_1m_cdi_50_00_40_50,1,8,50.00%,0.00%,40.00%,50.00%,35.00%,50.00%,1.45%,48,42.68%,41.89%,9.14%,6.46%,1.41,-7.43%,64.58%,0.04976842754776656,-0.06407283425789712,5.58,11.61%,0.56%,141.89,37,72.97%,1.66%,2.09%,-7.20%,8.68%,False
conf_1m_cdi_50_00_50_00,1,8,50.00%,0.00%,50.00%,0.00%,25.00%,50.00%,3.60%,48,54.16%,53.42%,11.29%,7.19%,1.57,-7.43%,64.58%,0.051505551784493786,-0.06407283425789712,4.85,10.10%,0.48%,153.42,37,100.00%,3.77%,2.84%,0.35%,8.68%,False
conf_1m_cdi_50_00_50_10,1,8,50.00%,0.00%,50.00%,10.00%,27.50%,50.00%,3.19%,48,51.92%,51.16%,10.88%,7.00%,1.55,-7.43%,64.58%,0.04976842754776656,-0.06407283425789712,5.01,10.44%,0.50%,151.16,37,100.00%,3.36%,2.20%,0.10%,8.68%,False
conf_1m_cdi_50_00_50_20,1,8,50.00%,0.00%,50.00%,20.00%,30.00%,50.00%,2.77%,48,49.70%,48.92%,10.47%,6.83%,1.53,-7.43%,64.58%,0.04976842754776656,-0.06407283425789712,5.19,10.82%,0.52%,148.92,37,81.08%,2.96%,2.20%,-1.75%,8.68%,False
conf_1m_cdi_50_00_50_30,1,8,50.00%,0.00%,50.00%,30.00%,32.50%,50.00%,2.36%,48,47.50%,46.71%,10.06%,6.68%,1.51,-7.43%,64.58%,0.04976842754776656,-0.06407283425789712,5.38,11.22%,0.54%,146.71,37,78.38%,2.56%,2.20%,-3.59%,8.68%,False
conf_1m_cdi_50_00_50_40,1,8,50.00%,0.00%,50.00%,40.00%,35.00%,50.00%,1.95%,48,45.32%,44.52%,9.64%,6.55%,1.47,-7.43%,64.58%,0.04976842754776656,-0.06407283425789712,5.57,11.61%,0.56%,144.52,37,75.68%,2.17%,2.20%,-5.40%,8.68%,False
conf_1m_cdi_50_00_50_50,1,8,50.00%,0.00%,50.00%,50.00%,37.50%,50.00%,1.53%,48,43.17%,42.35%,9.23%,6.44%,1.43,-7.43%,64.58%,0.04976842754776656,-0.06407283425789712,5.77,12.01%,0.58%,142.35,37,75.68%,1.78%,2.20%,-7.20%,8.68%,False
conf_1m_cdi_50_10_00_00,1,8,50.00%,10.00%,0.00%,0.00%,15.00%,50.00%,2.87%,48,50.02%,49.45%,10.57%,6.89%,1.53,-6.76%,62.50%,0.051505551784493786,-0.05728364301049671,3.82,7.95%,0.38%,149.45,37,72.97%,2.78%,1.82%,-1.59%,8.62%,False
conf_1m_cdi_50_10_00_10,1,8,50.00%,10.00%,0.00%,10.00%,17.50%,50.00%,2.47%,48,47.84%,47.30%,10.17%,6.69%,1.52,-6.76%,62.50%,0.046512900945293145,-0.05728364301049671,3.65,7.61%,0.37%,147.30,37,56.76%,2.38%,1.70%,-1.59%,8.62%,False
conf_1m_cdi_50_10_00_20,1,8,50.00%,10.00%,0.00%,20.00%,20.00%,50.00%,2.06%,48,45.68%,45.12%,9.76%,6.51%,1.50,-6.76%,62.50%,0.045073387682071475,-0.05728364301049671,3.81,7.94%,0.38%,145.12,37,51.35%,1.99%,1.70%,-2.88%,8.62%,False
conf_1m_cdi_50_10_00_30,1,8,50.00%,10.00%,0.00%,30.00%,22.50%,50.00%,1.65%,48,43.54%,42.96%,9.35%,6.35%,1.47,-6.76%,62.50%,0.045073387682071475,-0.05728364301049671,3.99,8.32%,0.40%,142.96,37,51.35%,1.59%,1.70%,-4.83%,8.62%,False
conf_1m_cdi_50_10_00_40,1,8,50.00%,10.00%,0.00%,40.00%,25.00%,50.00%,1.24%,48,41.42%,40.83%,8.94%,6.21%,1.44,-6.76%,62.50%,0.045073387682071475,-0.05728364301049671,4.19,8.72%,0.42%,140.83,37,51.35%,1.20%,1.70%,-6.77%,8.62%,False
conf_1m_cdi_50_10_00_50,1,8,50.00%,10.00%,0.00%,50.00%,27.50%,50.00%,0.83%,48,39.33%,38.72%,8.53%,6.09%,1.40,-6.76%,62.50%,0.045073387682071475,-0.05728364301049671,4.38,9.12%,0.44%,138.72,37,51.35%,0.82%,1.70%,-8.68%,8.62%,False
conf_1m_cdi_50_10_10_00,1,8,50.00%,10.00%,10.00%,0.00%,17.50%,50.00%,2.97%,48,50.54%,49.99%,10.67%,6.86%,1.56,-6.76%,62.50%,0.051505551784493786,-0.05728364301049671,3.65,7.60%,0.36%,149.99,37,83.78%,2.90%,2.07%,-1.21%,8.62%,False
conf_1m_cdi_50_10_10_10,1,8,50.00%,10.00%,10.00%,10.00%,20.00%,50.00%,2.57%,48,48.35%,47.83%,10.27%,6.66%,1.54,-6.76%,62.50%,0.046512900945293145,-0.05728364301049671,3.48,7.25%,0.35%,147.83,37,62.16%,2.51%,2.03%,-1.21%,8.62%,False
conf_1m_cdi_50_10_10_20,1,8,50.00%,10.00%,10.00%,20.00%,22.50%,50.00%,2.16%,48,46.18%,45.65%,9.86%,6.47%,1.52,-6.76%,62.50%,0.045073387682071475,-0.05728364301049671,3.65,7.59%,0.36%,145.65,37,56.76%,2.11%,2.03%,-2.88%,8.62%,False
conf_1m_cdi_50_10_10_30,1,8,50.00%,10.00%,10.00%,30.00%,25.00%,50.00%,1.75%,48,44.03%,43.48%,9.45%,6.31%,1.50,-6.76%,62.50%,0.045073387682071475,-0.05728364301049671,3.83,7.97%,0.38%,143.48,37,56.76%,1.72%,2.03%,-4.83%,8.62%,False
conf_1m_cdi_50_10_10_40,1,8,50.00%,10.00%,10.00%,40.00%,27.50%,50.00%,1.34%,48,41.91%,41.34%,9.04%,6.17%,1.46,-6.76%,62.50%,0.045073387682071475,-0.05728364301049671,4.02,8.37%,0.40%,141.34,37,56.76%,1.33%,2.03%,-6.77%,8.62%,False
conf_1m_cdi_50_10_10_50,1,8,50.00%,10.00%,10.00%,50.00%,30.00%,50.00%,0.93%,48,39.81%,39.22%,8.62%,6.05%,1.43,-6.76%,62.50%,0.045073387682071475,-0.05728364301049671,4.21,8.77%,0.42%,139.22,37,56.76%,0.94%,2.03%,-8.68%,8.62%,False
conf_1m_cdi_50_10_20_00,1,8,50.00%,10.00%,20.00%,0.00%,20.00%,50.00%,3.06%,48,51.06%,50.49%,10.76%,6.82%,1.58,-6.76%,62.50%,0.051505551784493786,-0.05728364301049671,3.80,7.92%,0.38%,150.49,37,91.89%,3.02%,2.23%,-0.86%,8.62%,False
conf_1m_cdi_50_10_20_10,1,8,50.00%,10.00%,20.00%,10.00%,22.50%,50.00%,2.66%,48,48.86%,48.32%,10.36%,6.62%,1.56,-6.76%,62.50%,0.046512900945293145,-0.05728364301049671,3.64,7.58%,0.36%,148.32,37,70.27%,2.62%,2.18%,-0.90%,8.62%,False
conf_1m_cdi_50_10_20_20,1,8,50.00%,10.00%,20.00%,20.00%,25.00%,50.00%,2.25%,48,46.68%,46.13%,9.95%,6.44%,1.54,-6.76%,62.50%,0.045073387682071475,-0.05728364301049671,3.80,7.92%,0.38%,146.13,37,64.86%,2.23%,2.18%,-2.88%,8.62%,False
conf_1m_cdi_50_10_20_30,1,8,50.00%,10.00%,20.00%,30.00%,27.50%,50.00%,1.84%,48,44.53%,43.96%,9.54%,6.28%,1.52,-6.76%,62.50%,0.045073387682071475,-0.05728364301049671,3.98,8.29%,0.40%,143.96,37,64.86%,1.83%,2.18%,-4.83%,8.62%,False
conf_1m_cdi_50_10_20_40,1,8,50.00%,10.00%,20.00%,40.00%,30.00%,50.00%,1.43%,48,42.40%,41.81%,9.12%,6.13%,1.49,-6.76%,62.50%,0.045073387682071475,-0.05728364301049671,4.17,8.69%,0.42%,141.81,37,64.86%,1.44%,2.18%,-6.77%,8.62%,False
conf_1m_cdi_50_10_20_50,1,8,50.00%,10.00%,20.00%,50.00%,32.50%,50.00%,1.02%,48,40.29%,39.68%,8.71%,6.01%,1.45,-6.76%,62.50%,0.045073387682071475,-0.05728364301049671,4.36,9.09%,0.44%,139.68,37,64.86%,1.05%,2.18%,-8.68%,8.62%,False
conf_1m_cdi_50_10_30_00,1,8,50.00%,10.00%,30.00%,0.00%,22.50%,50.00%,3.15%,48,51.58%,50.97%,10.85%,6.79%,1.60,-6.76%,64.58%,0.051505551784493786,-0.05728364301049671,3.99,8.32%,0.40%,150.97,37,94.59%,3.13%,2.33%,-0.51%,8.62%,False
conf_1m_cdi_50_10_30_10,1,8,50.00%,10.00%,30.00%,10.00%,25.00%,50.00%,2.75%,48,49.37%,48.80%,10.45%,6.59%,1.58,-6.76%,64.58%,0.046512900945293145,-0.05728364301049671,3.83,7.98%,0.38%,148.80,37,75.68%,2.74%,2.18%,-0.90%,8.62%,False
conf_1m_cdi_50_10_30_20,1,8,50.00%,10.00%,30.00%,20.00%,27.50%,50.00%,2.34%,48,47.19%,46.60%,10.04%,6.41%,1.57,-6.76%,64.58%,0.045073387682071475,-0.05728364301049671,3.99,8.32%,0.40%,146.60,37,67.57%,2.34%,2.18%,-2.88%,8.62%,False
conf_1m_cdi_50_10_30_30,1,8,50.00%,10.00%,30.00%,30.00%,30.00%,50.00%,1.93%,48,45.03%,44.42%,9.62%,6.24%,1.54,-6.76%,64.58%,0.045073387682071475,-0.05728364301049671,4.17,8.69%,0.42%,144.42,37,67.57%,1.94%,2.18%,-4.83%,8.62%,False
conf_1m_cdi_50_10_30_40,1,8,50.00%,10.00%,30.00%,40.00%,32.50%,50.00%,1.52%,48,42.89%,42.27%,9.21%,6.10%,1.51,-6.76%,64.58%,0.045073387682071475,-0.05728364301049671,4.36,9.09%,0.44%,142.27,37,67.57%,1.55%,2.18%,-6.77%,8.62%,False
conf_1m_cdi_50_10_30_50,1,8,50.00%,10.00%,30.00%,50.00%,35.00%,50.00%,1.11%,48,40.77%,40.13%,8.80%,5.98%,1.47,-6.76%,64.58%,0.045073387682071475,-0.05728364301049671,4.56,9.49%,0.46%,140.13,37,67.57%,1.17%,2.18%,-8.68%,8.62%,False
conf_1m_cdi_50_10_40_00,1,8,50.00%,10.00%,40.00%,0.00%,25.00%,50.00%,3.24%,48,52.10%,51.46%,10.94%,6.77%,1.62,-6.76%,64.58%,0.051505551784493786,-0.05728364301049671,4.19,8.72%,0.42%,151.46,37,97.30%,3.24%,2.41%,-0.16%,8.62%,False
conf_1m_cdi_50_10_40_10,1,8,50.00%,10.00%,40.00%,10.00%,27.50%,50.00%,2.84%,48,49.88%,49.28%,10.54%,6.57%,1.60,-6.76%,64.58%,0.046512900945293145,-0.05728364301049671,4.02,8.38%,0.40%,149.28,37,83.78%,2.85%,2.18%,-0.90%,8.62%,False
conf_1m_cdi_50_10_40_20,1,8,50.00%,10.00%,40.00%,20.00%,30.00%,50.00%,2.43%,48,47.69%,47.08%,10.12%,6.38%,1.59,-6.76%,64.58%,0.045073387682071475,-0.05728364301049671,4.18,8.72%,0.42%,147.08,37,70.27%,2.45%,2.18%,-2.88%,8.62%,False
conf_1m_cdi_50_10_40_30,1,8,50.00%,10.00%,40.00%,30.00%,32.50%,50.00%,2.02%,48,45.52%,44.89%,9.71%,6.22%,1.56,-6.76%,64.58%,0.045073387682071475,-0.05728364301049671,4.36,9.09%,0.44%,144.89,37,70.27%,2.06%,2.18%,-4.83%,8.62%,False
conf_1m_cdi_50_10_40_40,1,8,50.00%,10.00%,40.00%,40.00%,35.00%,50.00%,1.61%,48,43.38%,42.73%,9.30%,6.07%,1.53,-6.76%,64.58%,0.045073387682071475,-0.05728364301049671,4.56,9.49%,0.46%,142.73,37,70.27%,1.67%,2.18%,-6.77%,8.62%,False
conf_1m_cdi_50_10_40_50,1,8,50.00%,10.00%,40.00%,50.00%,37.50%,50.00%,1.19%,48,41.25%,40.59%,8.89%,5.96%,1.49,-6.76%,64.58%,0.045073387682071475,-0.05728364301049671,4.75,9.89%,0.47%,140.59,37,70.27%,1.28%,2.18%,-8.68%,8.62%,False
conf_1m_cdi_50_10_50_00,1,8,50.00%,10.00%,50.00%,0.00%,27.50%,50.00%,3.33%,48,52.62%,51.95%,11.03%,6.74%,1.63,-6.76%,64.58%,0.051505551784493786,-0.05728364301049671,4.38,9.12%,0.44%,151.95,37,100.00%,3.35%,2.41%,0.18%,8.62%,False
conf_1m_cdi_50_10_50_10,1,8,50.00%,10.00%,50.00%,10.00%,30.00%,50.00%,2.93%,48,50.40%,49.76%,10.62%,6.54%,1.62,-6.76%,64.58%,0.046512900945293145,-0.05728364301049671,4.21,8.77%,0.42%,149.76,37,86.49%,2.96%,2.18%,-0.90%,8.62%,False
conf_1m_cdi_50_10_50_20,1,8,50.00%,10.00%,50.00%,20.00%,32.50%,50.00%,2.52%,48,48.20%,47.55%,10.21%,6.36%,1.61,-6.76%,64.58%,0.045073387682071475,-0.05728364301049671,4.37,9.11%,0.44%,147.55,37,75.68%,2.56%,2.18%,-2.88%,8.62%,False
conf_1m_cdi_50_10_50_30,1,8,50.00%,10.00%,50.00%,30.00%,35.00%,50.00%,2.11%,48,46.02%,45.36%,9.80%,6.19%,1.58,-6.76%,64.58%,0.045073387682071475,-0.05728364301049671,4.56,9.49%,0.46%,145.36,37,72.97%,2.17%,2.18%,-4.83%,8.62%,False
conf_1m_cdi_50_10_50_40,1,8,50.00%,10.00%,50.00%,40.00%,37.50%,50.00%,1.69%,48,43.87%,43.19%,9.39%,6.05%,1.55,-6.76%,64.58%,0.045073387682071475,-0.05728364301049671,4.75,9.89%,0.47%,143.19,37,72.97%,1.78%,2.18%,-6.77%,8.62%,False
conf_1m_cdi_50_10_50_50,1,8,50.00%,10.00%,50.00%,50.00%,40.00%,50.00%,1.28%,48,41.74%,41.04%,8.98%,5.93%,1.51,-6.76%,64.58%,0.045073387682071475,-0.05728364301049671,4.94,10.29%,0.49%,141.04,37,72.97%,1.39%,2.18%,-8.68%,8.62%,False
conf_1m_cdi_50_20_00_00,1,8,50.00%,20.00%,0.00%,0.00%,17.50%,50.00%,2.59%,48,48.50%,47.94%,10.29%,6.48%,1.59,-6.09%,62.50%,0.051505551784493786,-0.050493112108966565,3.78,7.88%,0.38%,147.94,37,59.46%,2.35%,1.81%,-1.82%,8.55%,False
conf_1m_cdi_50_20_00_10,1,8,50.00%,20.00%,0.00%,10.00%,20.00%,50.00%,2.19%,48,46.34%,45.81%,9.89%,6.27%,1.58,-6.09%,62.50%,0.046512900945293145,-0.050493112108966565,3.58,7.46%,0.36%,145.81,37,54.05%,1.96%,1.78%,-2.85%,8.55%,False
conf_1m_cdi_50_20_00_20,1,8,50.00%,20.00%,0.00%,20.00%,22.50%,50.00%,1.79%,48,44.20%,43.71%,9.49%,6.07%,1.56,-6.09%,62.50%,0.04152069542759018,-0.050493112108966565,3.41,7.11%,0.34%,143.71,37,51.35%,1.58%,1.78%,-4.75%,8.55%,False
conf_1m_cdi_50_20_00_30,1,8,50.00%,20.00%,0.00%,30.00%,25.00%,50.00%,1.38%,48,42.08%,41.57%,9.08%,5.89%,1.54,-6.09%,62.50%,0.04037911167132746,-0.050493112108966565,3.57,7.44%,0.36%,141.57,37,51.35%,1.19%,1.78%,-6.68%,8.55%,False
conf_1m_cdi_50_20_00_40,1,8,50.00%,20.00%,0.00%,40.00%,27.50%,50.00%,0.97%,48,39.98%,39.46%,8.67%,5.74%,1.51,-6.09%,62.50%,0.04037911167132746,-0.050493112108966565,3.76,7.82%,0.38%,139.46,37,51.35%,0.80%,1.78%,-8.59%,8.55%,False
conf_1m_cdi_50_20_00_50,1,8,50.00%,20.00%,0.00%,50.00%,30.00%,50.00%,0.57%,48,37.91%,37.37%,8.26%,5.61%,1.47,-6.09%,62.50%,0.04037911167132746,-0.050493112108966565,3.95,8.22%,0.39%,137.37,37,51.35%,0.42%,1.78%,-10.47%,8.55%,False
conf_1m_cdi_50_20_10_00,1,8,50.00%,20.00%,10.00%,0.00%,20.00%,50.00%,2.69%,48,49.01%,48.48%,10.39%,6.44%,1.61,-6.09%,62.50%,0.051505551784493786,-0.050493112108966565,3.57,7.44%,0.36%,148.48,37,59.46%,2.48%,2.03%,-1.43%,8.55%,False
conf_1m_cdi_50_20_10_10,1,8,50.00%,20.00%,10.00%,10.00%,22.50%,50.00%,2.29%,48,46.84%,46.35%,9.99%,6.23%,1.60,-6.09%,62.50%,0.046512900945293145,-0.050493112108966565,3.37,7.02%,0.34%,146.35,37,54.05%,2.09%,1.95%,-2.85%,8.55%,False
conf_1m_cdi_50_20_10_20,1,8,50.00%,20.00%,10.00%,20.00%,25.00%,50.00%,1.89%,48,44.69%,44.23%,9.59%,6.03%,1.59,-6.09%,62.50%,0.04152069542759018,-0.050493112108966565,3.20,6.67%,0.32%,144.23,37,51.35%,1.71%,1.95%,-4.75%,8.55%,False
conf_1m_cdi_50_20_10_30,1,8,50.00%,20.00%,10.00%,30.00%,27.50%,50.00%,1.48%,48,42.57%,42.09%,9.18%,5.85%,1.57,-6.09%,62.50%,0.04037911167132746,-0.050493112108966565,3.36,7.00%,0.34%,142.09,37,51.35%,1.32%,1.95%,-6.68%,8.55%,False
conf_1m_cdi_50_20_10_40,1,8,50.00%,20.00%,10.00%,40.00%,30.00%,50.00%,1.07%,48,40.47%,39.97%,8.77%,5.70%,1.54,-6.09%,62.50%,0.04037911167132746,-0.050493112108966565,3.54,7.39%,0.35%,139.97,37,51.35%,0.93%,1.95%,-8.59%,8.55%,False
conf_1m_cdi_50_20_10_50,1,8,50.00%,20.00%,10.00%,50.00%,32.50%,50.00%,0.66%,48,38.39%,37.87%,8.36%,5.57%,1.50,-6.09%,62.50%,0.04037911167132746,-0.050493112108966565,3.74,7.78%,0.37%,137.87,37,51.35%,0.55%,1.95%,-10.47%,8.55%,False
conf_1m_cdi_50_20_20_00,1,8,50.00%,20.00%,20.00%,0.00%,22.50%,50.00%,2.79%,48,49.53%,49.02%,10.49%,6.41%,1.64,-6.09%,62.50%,0.051505551784493786,-0.050493112108966565,3.40,7.08%,0.34%,149.02,37,64.86%,2.60%,2.15%,-1.06%,8.55%,False
conf_1m_cdi_50_20_20_10,1,8,50.00%,20.00%,20.00%,10.00%,25.00%,50.00%,2.39%,48,47.35%,46.88%,10.09%,6.19%,1.63,-6.09%,62.50%,0.046512900945293145,-0.050493112108966565,3.20,6.66%,0.32%,146.88,37,59.46%,2.21%,2.11%,-2.85%,8.55%,False
conf_1m_cdi_50_20_20_20,1,8,50.00%,20.00%,20.00%,20.00%,27.50%,50.00%,1.99%,48,45.19%,44.75%,9.69%,5.99%,1.62,-6.09%,62.50%,0.04152069542759018,-0.050493112108966565,3.03,6.31%,0.30%,144.75,37,56.76%,1.83%,2.11%,-4.75%,8.55%,False
conf_1m_cdi_50_20_20_30,1,8,50.00%,20.00%,20.00%,30.00%,30.00%,50.00%,1.58%,48,43.06%,42.61%,9.28%,5.82%,1.60,-6.09%,62.50%,0.04037911167132746,-0.050493112108966565,3.19,6.65%,0.32%,142.61,37,56.76%,1.44%,2.11%,-6.68%,8.55%,False
conf_1m_cdi_50_20_20_40,1,8,50.00%,20.00%,20.00%,40.00%,32.50%,50.00%,1.17%,48,40.95%,40.48%,8.87%,5.66%,1.57,-6.09%,62.50%,0.04037911167132746,-0.050493112108966565,3.37,7.03%,0.34%,140.48,37,56.76%,1.05%,2.11%,-8.59%,8.55%,False
conf_1m_cdi_50_20_20_50,1,8,50.00%,20.00%,20.00%,50.00%,35.00%,50.00%,0.76%,48,38.86%,38.37%,8.46%,5.53%,1.53,-6.09%,62.50%,0.04037911167132746,-0.050493112108966565,3.57,7.43%,0.36%,138.37,37,56.76%,0.67%,2.11%,-10.47%,8.55%,False
conf_1m_cdi_50_20_30_00,1,8,50.00%,20.00%,30.00%,0.00%,25.00%,50.00%,2.88%,48,50.04%,49.51%,10.58%,6.37%,1.66,-6.09%,64.58%,0.051505551784493786,-0.050493112108966565,3.56,7.42%,0.36%,149.51,37,72.97%,2.71%,2.24%,-0.93%,8.55%,False
conf_1m_cdi_50_20_30_10,1,8,50.00%,20.00%,30.00%,10.00%,27.50%,50.00%,2.48%,48,47.85%,47.36%,10.18%,6.16%,1.65,-6.09%,64.58%,0.046512900945293145,-0.050493112108966565,3.36,7.00%,0.34%,147.36,37,67.57%,2.33%,2.15%,-2.85%,8.55%,False
conf_1m_cdi_50_20_30_20,1,8,50.00%,20.00%,30.00%,20.00%,30.00%,50.00%,2.08%,48,45.69%,45.23%,9.78%,5.96%,1.64,-6.09%,64.58%,0.04152069542759018,-0.050493112108966565,3.19,6.64%,0.32%,145.23,37,64.86%,1.94%,2.15%,-4.75%,8.55%,False
conf_1m_cdi_50_20_30_30,1,8,50.00%,20.00%,30.00%,30.00%,32.50%,50.00%,1.67%,48,43.55%,43.07%,9.37%,5.78%,1.62,-6.09%,64.58%,0.04037911167132746,-0.050493112108966565,3.35,6.98%,0.34%,143.07,37,64.86%,1.55%,2.15%,-6.68%,8.55%,False
conf_1m_cdi_50_20_30_40,1,8,50.00%,20.00%,30.00%,40.00%,35.00%,50.00%,1.26%,48,41.44%,40.94%,8.96%,5.63%,1.59,-6.09%,64.58%,0.04037911167132746,-0.050493112108966565,3.53,7.36%,0.35%,140.94,37,64.86%,1.17%,2.15%,-8.59%,8.55%,False
conf_1m_cdi_50_20_30_50,1,8,50.00%,20.00%,30.00%,50.00%,37.50%,50.00%,0.85%,48,39.34%,38.82%,8.55%,5.50%,1.56,-6.09%,64.58%,0.04037911167132746,-0.050493112108966565,3.72,7.76%,0.37%,138.82,37,64.86%,0.78%,2.15%,-10.47%,8.55%,False
conf_1m_cdi_50_20_40_00,1,8,50.00%,20.00%,40.00%,0.00%,27.50%,50.00%,2.97%,48,50.55%,49.99%,10.67%,6.35%,1.68,-6.09%,64.58%,0.051505551784493786,-0.050493112108966565,3.75,7.81%,0.38%,149.99,37,75.68%,2.83%,2.24%,-0.93%,8.55%,False
conf_1m_cdi_50_20_40_10,1,8,50.00%,20.00%,40.00%,10.00%,30.00%,50.00%,2.57%,48,48.36%,47.84%,10.27%,6.13%,1.67,-6.09%,64.58%,0.046512900945293145,-0.050493112108966565,3.55,7.39%,0.35%,147.84,37,70.27%,2.44%,2.15%,-2.85%,8.55%,False
conf_1m_cdi_50_20_40_20,1,8,50.00%,20.00%,40.00%,20.00%,32.50%,50.00%,2.17%,48,46.19%,45.70%,9.87%,5.93%,1.66,-6.09%,64.58%,0.04152069542759018,-0.050493112108966565,3.38,7.04%,0.34%,145.70,37,67.57%,2.06%,2.15%,-4.75%,8.55%,False
conf_1m_cdi_50_20_40_30,1,8,50.00%,20.00%,40.00%,30.00%,35.00%,50.00%,1.76%,48,44.04%,43.54%,9.46%,5.75%,1.64,-6.09%,64.58%,0.04037911167132746,-0.050493112108966565,3.54,7.38%,0.35%,143.54,37,67.57%,1.67%,2.15%,-6.68%,8.55%,False
conf_1m_cdi_50_20_40_40,1,8,50.00%,20.00%,40.00%,40.00%,37.50%,50.00%,1.35%,48,41.92%,41.39%,9.05%,5.60%,1.62,-6.09%,64.58%,0.04037911167132746,-0.050493112108966565,3.73,7.76%,0.37%,141.39,37,67.57%,1.28%,2.15%,-8.59%,8.55%,False
conf_1m_cdi_50_20_40_50,1,8,50.00%,20.00%,40.00%,50.00%,40.00%,50.00%,0.94%,48,39.82%,39.27%,8.63%,5.47%,1.58,-6.09%,64.58%,0.04037911167132746,-0.050493112108966565,3.92,8.16%,0.39%,139.27,37,67.57%,0.90%,2.15%,-10.47%,8.55%,False
conf_1m_cdi_50_20_50_00,1,8,50.00%,20.00%,50.00%,0.00%,30.00%,50.00%,3.06%,48,51.07%,50.47%,10.76%,6.32%,1.70,-6.09%,64.58%,0.051505551784493786,-0.050493112108966565,3.94,8.21%,0.39%,150.47,37,81.08%,2.94%,2.24%,-0.93%,8.55%,False
conf_1m_cdi_50_20_50_10,1,8,50.00%,20.00%,50.00%,10.00%,32.50%,50.00%,2.66%,48,48.87%,48.31%,10.36%,6.10%,1.70,-6.09%,64.58%,0.046512900945293145,-0.050493112108966565,3.74,7.79%,0.37%,148.31,37,75.68%,2.55%,2.15%,-2.85%,8.55%,False
conf_1m_cdi_50_20_50_20,1,8,50.00%,20.00%,50.00%,20.00%,35.00%,50.00%,2.26%,48,46.69%,46.17%,9.95%,5.91%,1.69,-6.09%,64.58%,0.04152069542759018,-0.050493112108966565,3.57,7.44%,0.36%,146.17,37,72.97%,2.17%,2.15%,-4.75%,8.55%,False
conf_1m_cdi_50_20_50_30,1,8,50.00%,20.00%,50.00%,30.00%,37.50%,50.00%,1.85%,48,44.54%,44.00%,9.54%,5.73%,1.67,-6.09%,64.58%,0.04037911167132746,-0.050493112108966565,3.73,7.78%,0.37%,144.00,37,72.97%,1.78%,2.15%,-6.68%,8.55%,False
conf_1m_cdi_50_20_50_40,1,8,50.00%,20.00%,50.00%,40.00%,40.00%,50.00%,1.44%,48,42.41%,41.85%,9.13%,5.57%,1.64,-6.09%,64.58%,0.04037911167132746,-0.050493112108966565,3.92,8.16%,0.39%,141.85,37,72.97%,1.39%,2.15%,-8.59%,8.55%,False
conf_1m_cdi_50_20_50_50,1,8,50.00%,20.00%,50.00%,50.00%,42.50%,50.00%,1.03%,48,40.30%,39.72%,8.72%,5.44%,1.60,-6.09%,64.58%,0.04037911167132746,-0.050493112108966565,4.11,8.56%,0.41%,139.72,37,72.97%,1.01%,2.15%,-10.47%,8.55%,False
conf_1m_cdi_50_30_00_00,1,8,50.00%,30.00%,0.00%,0.00%,20.00%,50.00%,2.31%,48,46.97%,46.42%,10.00%,6.09%,1.64,-5.42%,62.50%,0.051505551784493786,-0.04370124155330646,3.75,7.80%,0.37%,146.42,37,56.76%,1.92%,1.69%,-3.03%,8.48%,False
conf_1m_cdi_50_30_00_10,1,8,50.00%,30.00%,0.00%,10.00%,22.50%,50.00%,1.91%,48,44.83%,44.32%,9.60%,5.87%,1.64,-5.42%,62.50%,0.046512900945293145,-0.04370124155330646,3.54,7.38%,0.35%,144.32,37,51.35%,1.54%,1.69%,-4.78%,8.48%,False
conf_1m_cdi_50_30_00_20,1,8,50.00%,30.00%,0.00%,20.00%,25.00%,50.00%,1.51%,48,42.71%,42.24%,9.21%,5.66%,1.63,-5.42%,62.50%,0.04152069542759018,-0.04370124155330646,3.34,6.96%,0.33%,142.24,37,51.35%,1.16%,1.69%,-6.65%,8.48%,False
conf_1m_cdi_50_30_00_30,1,8,50.00%,30.00%,0.00%,30.00%,27.50%,50.00%,1.11%,48,40.62%,40.17%,8.81%,5.47%,1.61,-5.42%,62.50%,0.03652893371422139,-0.04370124155330646,3.17,6.60%,0.32%,140.17,37,51.35%,0.79%,1.69%,-8.51%,8.48%,False
conf_1m_cdi_50_30_00_40,1,8,50.00%,30.00%,0.00%,40.00%,30.00%,50.00%,0.71%,48,38.54%,38.08%,8.40%,5.30%,1.59,-5.42%,62.50%,0.035685571949586326,-0.04370124155330646,3.33,6.94%,0.33%,138.08,37,51.35%,0.40%,1.69%,-10.38%,8.48%,False
conf_1m_cdi_50_30_00_50,1,8,50.00%,30.00%,0.00%,50.00%,32.50%,50.00%,0.30%,48,36.49%,36.01%,7.99%,5.15%,1.55,-5.42%,62.50%,0.035685571949586326,-0.04370124155330646,3.51,7.32%,0.35%,136.01,37,51.35%,0.02%,1.69%,-12.24%,8.48%,False
conf_1m_cdi_50_30_10_00,1,8,50.00%,30.00%,10.00%,0.00%,22.50%,50.00%,2.41%,48,47.48%,46.96%,10.10%,6.05%,1.67,-5.42%,62.50%,0.051505551784493786,-0.04370124155330646,3.53,7.36%,0.35%,146.96,37,56.76%,2.05%,1.85%,-2.89%,8.48%,False
conf_1m_cdi_50_30_10_10,1,8,50.00%,30.00%,10.00%,10.00%,25.00%,50.00%,2.01%,48,45.33%,44.85%,9.71%,5.82%,1.67,-5.42%,62.50%,0.046512900945293145,-0.04370124155330646,3.33,6.94%,0.33%,144.85,37,51.35%,1.67%,1.85%,-4.78%,8.48%,False
conf_1m_cdi_50_30_10_20,1,8,50.00%,30.00%,10.00%,20.00%,27.50%,50.00%,1.61%,48,43.20%,42.76%,9.31%,5.61%,1.66,-5.42%,62.50%,0.04152069542759018,-0.04370124155330646,3.13,6.52%,0.31%,142.76,37,51.35%,1.29%,1.85%,-6.65%,8.48%,False
conf_1m_cdi_50_30_10_30,1,8,50.00%,30.00%,10.00%,30.00%,30.00%,50.00%,1.21%,48,41.10%,40.69%,8.91%,5.42%,1.64,-5.42%,62.50%,0.03652893371422139,-0.04370124155330646,2.96,6.16%,0.30%,140.69,37,51.35%,0.91%,1.85%,-8.51%,8.48%,False
conf_1m_cdi_50_30_10_40,1,8,50.00%,30.00%,10.00%,40.00%,32.50%,50.00%,0.80%,48,39.02%,38.59%,8.50%,5.25%,1.62,-5.42%,62.50%,0.035685571949586326,-0.04370124155330646,3.12,6.50%,0.31%,138.59,37,51.35%,0.53%,1.85%,-10.38%,8.48%,False
conf_1m_cdi_50_30_10_50,1,8,50.00%,30.00%,10.00%,50.00%,35.00%,50.00%,0.40%,48,36.96%,36.51%,8.09%,5.11%,1.58,-5.42%,62.50%,0.035685571949586326,-0.04370124155330646,3.30,6.88%,0.33%,136.51,37,51.35%,0.15%,1.85%,-12.24%,8.48%,False
conf_1m_cdi_50_30_20_00,1,8,50.00%,30.00%,20.00%,0.00%,25.00%,50.00%,2.51%,48,47.99%,47.49%,10.20%,6.02%,1.70,-5.42%,62.50%,0.051505551784493786,-0.04370124155330646,3.32,6.93%,0.33%,147.49,37,59.46%,2.18%,2.02%,-2.89%,8.48%,False
conf_1m_cdi_50_30_20_10,1,8,50.00%,30.00%,20.00%,10.00%,27.50%,50.00%,2.11%,48,45.83%,45.38%,9.81%,5.79%,1.69,-5.42%,62.50%,0.046512900945293145,-0.04370124155330646,3.12,6.51%,0.31%,145.38,37,54.05%,1.79%,2.02%,-4.78%,8.48%,False
conf_1m_cdi_50_30_20_20,1,8,50.00%,30.00%,20.00%,20.00%,30.00%,50.00%,1.71%,48,43.70%,43.28%,9.41%,5.57%,1.69,-5.42%,62.50%,0.04152069542759018,-0.04370124155330646,2.92,6.08%,0.29%,143.28,37,54.05%,1.41%,2.02%,-6.65%,8.48%,False
conf_1m_cdi_50_30_20_30,1,8,50.00%,30.00%,20.00%,30.00%,32.50%,50.00%,1.31%,48,41.59%,41.20%,9.01%,5.38%,1.67,-5.42%,62.50%,0.03652893371422139,-0.04370124155330646,2.75,5.72%,0.27%,141.20,37,54.05%,1.04%,2.02%,-8.51%,8.48%,False
conf_1m_cdi_50_30_20_40,1,8,50.00%,30.00%,20.00%,40.00%,35.00%,50.00%,0.90%,48,39.50%,39.10%,8.60%,5.21%,1.65,-5.42%,62.50%,0.035685571949586326,-0.04370124155330646,2.91,6.06%,0.29%,139.10,37,54.05%,0.66%,2.02%,-10.38%,8.48%,False
conf_1m_cdi_50_30_20_50,1,8,50.00%,30.00%,20.00%,50.00%,37.50%,50.00%,0.49%,48,37.43%,37.01%,8.19%,5.07%,1.62,-5.42%,62.50%,0.035685571949586326,-0.04370124155330646,3.09,6.44%,0.31%,137.01,37,54.05%,0.28%,2.02%,-12.24%,8.48%,False
conf_1m_cdi_50_30_30_00,1,8,50.00%,30.00%,30.00%,0.00%,27.50%,50.00%,2.61%,48,48.49%,48.03%,10.30%,5.98%,1.72,-5.42%,64.58%,0.051505551784493786,-0.04370124155330646,3.15,6.57%,0.32%,148.03,37,67.57%,2.30%,2.13%,-2.89%,8.48%,False
conf_1m_cdi_50_30_30_10,1,8,50.00%,30.00%,30.00%,10.00%,30.00%,50.00%,2.21%,48,46.33%,45.90%,9.90%,5.75%,1.72,-5.42%,64.58%,0.046512900945293145,-0.04370124155330646,2.95,6.15%,0.30%,145.90,37,62.16%,1.92%,2.13%,-4.78%,8.48%,False
conf_1m_cdi_50_30_30_20,1,8,50.00%,30.00%,30.00%,20.00%,32.50%,50.00%,1.81%,48,44.19%,43.80%,9.51%,5.54%,1.72,-5.42%,64.58%,0.04152069542759018,-0.04370124155330646,2.75,5.73%,0.27%,143.80,37,62.16%,1.54%,2.13%,-6.65%,8.48%,False
conf_1m_cdi_50_30_30_30,1,8,50.00%,30.00%,30.00%,30.00%,35.00%,50.00%,1.41%,48,42.07%,41.71%,9.11%,5.34%,1.70,-5.42%,64.58%,0.03652893371422139,-0.04370124155330646,2.57,5.36%,0.26%,141.71,37,62.16%,1.16%,2.13%,-8.51%,8.48%,False
conf_1m_cdi_50_30_30_40,1,8,50.00%,30.00%,30.00%,40.00%,37.50%,50.00%,1.00%,48,39.98%,39.60%,8.70%,5.17%,1.68,-5.42%,64.58%,0.035685571949586326,-0.04370124155330646,2.74,5.70%,0.27%,139.60,37,62.16%,0.78%,2.13%,-10.38%,8.48%,False
conf_1m_cdi_50_30_30_50,1,8,50.00%,30.00%,30.00%,50.00%,40.00%,50.00%,0.59%,48,37.91%,37.50%,8.29%,5.03%,1.65,-5.42%,64.58%,0.035685571949586326,-0.04370124155330646,2.92,6.08%,0.29%,137.50,37,62.16%,0.40%,2.13%,-12.24%,8.48%,False
conf_1m_cdi_50_30_40_00,1,8,50.00%,30.00%,40.00%,0.00%,30.00%,50.00%,2.70%,48,49.00%,48.51%,10.39%,5.95%,1.75,-5.42%,64.58%,0.051505551784493786,-0.04370124155330646,3.32,6.91%,0.33%,148.51,37,70.27%,2.41%,2.13%,-2.89%,8.48%,False
conf_1m_cdi_50_30_40_10,1,8,50.00%,30.00%,40.00%,10.00%,32.50%,50.00%,2.30%,48,46.83%,46.38%,9.99%,5.72%,1.75,-5.42%,64.58%,0.046512900945293145,-0.04370124155330646,3.11,6.49%,0.31%,146.38,37,64.86%,2.03%,2.13%,-4.78%,8.48%,False
conf_1m_cdi_50_30_40_20,1,8,50.00%,30.00%,40.00%,20.00%,35.00%,50.00%,1.90%,48,44.69%,44.27%,9.60%,5.51%,1.74,-5.42%,64.58%,0.04152069542759018,-0.04370124155330646,2.91,6.07%,0.29%,144.27,37,64.86%,1.65%,2.13%,-6.65%,8.48%,False
conf_1m_cdi_50_30_40_30,1,8,50.00%,30.00%,40.00%,30.00%,37.50%,50.00%,1.50%,48,42.56%,42.17%,9.20%,5.31%,1.73,-5.42%,64.58%,0.03652893371422139,-0.04370124155330646,2.74,5.70%,0.27%,142.17,37,64.86%,1.27%,2.13%,-8.51%,8.48%,False
conf_1m_cdi_50_30_40_40,1,8,50.00%,30.00%,40.00%,40.00%,40.00%,50.00%,1.09%,48,40.46%,40.05%,8.79%,5.14%,1.71,-5.42%,64.58%,0.035685571949586326,-0.04370124155330646,2.90,6.04%,0.29%,140.05,37,64.86%,0.89%,2.13%,-10.38%,8.48%,False
conf_1m_cdi_50_30_40_50,1,8,50.00%,30.00%,40.00%,50.00%,42.50%,50.00%,0.68%,48,38.38%,37.95%,8.38%,5.00%,1.68,-5.42%,64.58%,0.035685571949586326,-0.04370124155330646,3.08,6.42%,0.31%,137.95,37,64.86%,0.51%,2.13%,-12.24%,8.48%,False
conf_1m_cdi_50_30_50_00,1,8,50.00%,30.00%,50.00%,0.00%,32.50%,50.00%,2.79%,48,49.51%,48.99%,10.48%,5.93%,1.77,-5.42%,64.58%,0.051505551784493786,-0.04370124155330646,3.51,7.30%,0.35%,148.99,37,70.27%,2.53%,2.13%,-2.89%,8.48%,False
conf_1m_cdi_50_30_50_10,1,8,50.00%,30.00%,50.00%,10.00%,35.00%,50.00%,2.39%,48,47.34%,46.85%,10.08%,5.69%,1.77,-5.42%,64.58%,0.046512900945293145,-0.04370124155330646,3.30,6.88%,0.33%,146.85,37,64.86%,2.14%,2.13%,-4.78%,8.48%,False
conf_1m_cdi_50_30_50_20,1,8,50.00%,30.00%,50.00%,20.00%,37.50%,50.00%,1.99%,48,45.18%,44.73%,9.68%,5.48%,1.77,-5.42%,64.58%,0.04152069542759018,-0.04370124155330646,3.10,6.46%,0.31%,144.73,37,64.86%,1.76%,2.13%,-6.65%,8.48%,False
conf_1m_cdi_50_30_50_30,1,8,50.00%,30.00%,50.00%,30.00%,40.00%,50.00%,1.59%,48,43.05%,42.63%,9.28%,5.28%,1.76,-5.42%,64.58%,0.03652893371422139,-0.04370124155330646,2.93,6.10%,0.29%,142.63,37,64.86%,1.39%,2.13%,-8.51%,8.48%,False
conf_1m_cdi_50_30_50_40,1,8,50.00%,30.00%,50.00%,40.00%,42.50%,50.00%,1.18%,48,40.94%,40.51%,8.87%,5.11%,1.74,-5.42%,64.58%,0.035685571949586326,-0.04370124155330646,3.09,6.44%,0.31%,140.51,37,64.86%,1.00%,2.13%,-10.38%,8.48%,False
conf_1m_cdi_50_30_50_50,1,8,50.00%,30.00%,50.00%,50.00%,45.00%,50.00%,0.77%,48,38.85%,38.40%,8.46%,4.97%,1.70,-5.42%,64.58%,0.035685571949586326,-0.04370124155330646,3.27,6.82%,0.33%,138.40,37,64.86%,0.62%,2.13%,-12.24%,8.48%,False
conf_1m_cdi_50_40_00_00,1,8,50.00%,40.00%,0.00%,0.00%,22.50%,50.00%,2.02%,48,45.44%,44.90%,9.71%,5.74%,1.69,-4.74%,66.67%,0.051505551784493786,-0.03690803134351661,3.71,7.73%,0.37%,144.90,37,54.05%,1.50%,1.59%,-4.83%,8.42%,False
conf_1m_cdi_50_40_00_10,1,8,50.00%,40.00%,0.00%,10.00%,25.00%,50.00%,1.62%,48,43.32%,42.82%,9.32%,5.50%,1.69,-4.74%,66.67%,0.046512900945293145,-0.03690803134351661,3.51,7.32%,0.35%,142.82,37,51.35%,1.12%,1.59%,-6.69%,8.42%,False
conf_1m_cdi_50_40_00_20,1,8,50.00%,40.00%,0.00%,20.00%,27.50%,50.00%,1.23%,48,41.22%,40.76%,8.92%,5.27%,1.69,-4.74%,66.67%,0.04152069542759018,-0.03690803134351661,3.31,6.89%,0.33%,140.76,37,51.35%,0.75%,1.59%,-8.53%,8.42%,False
conf_1m_cdi_50_40_00_30,1,8,50.00%,40.00%,0.00%,30.00%,30.00%,50.00%,0.83%,48,39.15%,38.72%,8.53%,5.07%,1.68,-4.74%,66.67%,0.03652893371422139,-0.03690803134351661,3.10,6.47%,0.31%,138.72,37,51.35%,0.37%,1.59%,-10.36%,8.42%,False
conf_1m_cdi_50_40_00_40,1,8,50.00%,40.00%,0.00%,40.00%,32.50%,50.00%,0.43%,48,37.10%,36.70%,8.13%,4.88%,1.66,-4.74%,66.67%,0.03153747705339782,-0.03690803134351661,2.93,6.10%,0.29%,136.70,37,51.35%,0.01%,1.59%,-12.16%,8.42%,False
conf_1m_cdi_50_40_00_50,1,8,50.00%,40.00%,0.00%,50.00%,35.00%,50.00%,0.03%,48,35.07%,34.65%,7.72%,4.73%,1.63,-4.74%,66.67%,0.030992741717698502,-0.03690803134351661,3.09,6.43%,0.31%,134.65,37,51.35%,-0.37%,1.59%,-13.99%,8.42%,False
conf_1m_cdi_50_40_10_00,1,8,50.00%,40.00%,10.00%,0.00%,25.00%,50.00%,2.12%,48,45.94%,45.43%,9.82%,5.70%,1.72,-4.74%,66.67%,0.051505551784493786,-0.03690803134351661,3.50,7.30%,0.35%,145.43,37,54.05%,1.63%,1.75%,-4.83%,8.42%,False
conf_1m_cdi_50_40_10_10,1,8,50.00%,40.00%,10.00%,10.00%,27.50%,50.00%,1.72%,48,43.81%,43.34%,9.42%,5.45%,1.73,-4.74%,66.67%,0.046512900945293145,-0.03690803134351661,3.30,6.88%,0.33%,143.34,37,51.35%,1.25%,1.75%,-6.69%,8.42%,False
conf_1m_cdi_50_40_10_20,1,8,50.00%,40.00%,10.00%,20.00%,30.00%,50.00%,1.33%,48,41.71%,41.27%,9.02%,5.23%,1.73,-4.74%,66.67%,0.04152069542759018,-0.03690803134351661,3.10,6.45%,0.31%,141.27,37,51.35%,0.87%,1.75%,-8.53%,8.42%,False
conf_1m_cdi_50_40_10_30,1,8,50.00%,40.00%,10.00%,30.00%,32.50%,50.00%,0.93%,48,39.63%,39.23%,8.63%,5.02%,1.72,-4.74%,66.67%,0.03652893371422139,-0.03690803134351661,2.89,6.03%,0.29%,139.23,37,51.35%,0.50%,1.75%,-10.36%,8.42%,False
conf_1m_cdi_50_40_10_40,1,8,50.00%,40.00%,10.00%,40.00%,35.00%,50.00%,0.53%,48,37.57%,37.20%,8.23%,4.84%,1.70,-4.74%,66.67%,0.03153747705339782,-0.03690803134351661,2.72,5.66%,0.27%,137.20,37,51.35%,0.13%,1.75%,-12.16%,8.42%,False
conf_1m_cdi_50_40_10_50,1,8,50.00%,40.00%,10.00%,50.00%,37.50%,50.00%,0.12%,48,35.53%,35.14%,7.82%,4.68%,1.67,-4.74%,66.67%,0.030992741717698502,-0.03690803134351661,2.88,5.99%,0.29%,135.14,37,51.35%,-0.24%,1.75%,-13.99%,8.42%,False
conf_1m_cdi_50_40_20_00,1,8,50.00%,40.00%,20.00%,0.00%,27.50%,50.00%,2.22%,48,46.44%,45.96%,9.92%,5.66%,1.75,-4.74%,66.67%,0.051505551784493786,-0.03690803134351661,3.29,6.86%,0.33%,145.96,37,59.46%,1.75%,1.92%,-4.83%,8.42%,False
conf_1m_cdi_50_40_20_10,1,8,50.00%,40.00%,20.00%,10.00%,30.00%,50.00%,1.82%,48,44.31%,43.86%,9.52%,5.41%,1.76,-4.74%,66.67%,0.046512900945293145,-0.03690803134351661,3.09,6.44%,0.31%,143.86,37,56.76%,1.37%,1.92%,-6.69%,8.42%,False
conf_1m_cdi_50_40_20_20,1,8,50.00%,40.00%,20.00%,20.00%,32.50%,50.00%,1.43%,48,42.20%,41.79%,9.12%,5.18%,1.76,-4.74%,66.67%,0.04152069542759018,-0.03690803134351661,2.89,6.02%,0.29%,141.79,37,56.76%,1.00%,1.92%,-8.53%,8.42%,False
conf_1m_cdi_50_40_20_30,1,8,50.00%,40.00%,20.00%,30.00%,35.00%,50.00%,1.03%,48,40.11%,39.74%,8.72%,4.98%,1.75,-4.74%,66.67%,0.03652893371422139,-0.03690803134351661,2.68,5.59%,0.27%,139.74,37,56.76%,0.63%,1.92%,-10.36%,8.42%,False
conf_1m_cdi_50_40_20_40,1,8,50.00%,40.00%,20.00%,40.00%,37.50%,50.00%,0.63%,48,38.05%,37.70%,8.33%,4.79%,1.74,-4.74%,66.67%,0.03153747705339782,-0.03690803134351661,2.51,5.22%,0.25%,137.70,37,56.76%,0.26%,1.92%,-12.16%,8.42%,False
conf_1m_cdi_50_40_20_50,1,8,50.00%,40.00%,20.00%,50.00%,40.00%,50.00%,0.22%,48,36.00%,35.64%,7.92%,4.63%,1.71,-4.74%,66.67%,0.030992741717698502,-0.03690803134351661,2.67,5.55%,0.27%,135.64,37,56.76%,-0.12%,1.92%,-13.99%,8.42%,False
conf_1m_cdi_50_40_30_00,1,8,50.00%,40.00%,30.00%,0.00%,30.00%,50.00%,2.32%,48,46.95%,46.49%,10.02%,5.62%,1.78,-4.74%,68.75%,0.051505551784493786,-0.03690803134351661,3.08,6.42%,0.31%,146.49,37,59.46%,1.88%,2.08%,-4.83%,8.42%,False
conf_1m_cdi_50_40_30_10,1,8,50.00%,40.00%,30.00%,10.00%,32.50%,50.00%,1.92%,48,44.81%,44.39%,9.62%,5.38%,1.79,-4.74%,68.75%,0.046512900945293145,-0.03690803134351661,2.88,6.00%,0.29%,144.39,37,56.76%,1.50%,2.08%,-6.69%,8.42%,False
conf_1m_cdi_50_40_30_20,1,8,50.00%,40.00%,30.00%,20.00%,35.00%,50.00%,1.53%,48,42.69%,42.31%,9.22%,5.15%,1.79,-4.74%,68.75%,0.04152069542759018,-0.03690803134351661,2.68,5.58%,0.27%,142.31,37,56.76%,1.12%,2.08%,-8.53%,8.42%,False
conf_1m_cdi_50_40_30_30,1,8,50.00%,40.00%,30.00%,30.00%,37.50%,50.00%,1.13%,48,40.59%,40.25%,8.82%,4.94%,1.79,-4.74%,68.75%,0.03652893371422139,-0.03690803134351661,2.47,5.15%,0.25%,140.25,37,56.76%,0.75%,2.08%,-10.36%,8.42%,False
conf_1m_cdi_50_40_30_40,1,8,50.00%,40.00%,30.00%,40.00%,40.00%,50.00%,0.73%,48,38.52%,38.20%,8.42%,4.75%,1.77,-4.74%,68.75%,0.03153747705339782,-0.03690803134351661,2.30,4.78%,0.23%,138.20,37,56.76%,0.38%,2.08%,-12.16%,8.42%,False
conf_1m_cdi_50_40_30_50,1,8,50.00%,40.00%,30.00%,50.00%,42.50%,50.00%,0.32%,48,36.47%,36.13%,8.02%,4.59%,1.75,-4.74%,68.75%,0.030992741717698502,-0.03690803134351661,2.46,5.12%,0.25%,136.13,37,56.76%,0.01%,2.08%,-13.99%,8.42%,False
conf_1m_cdi_50_40_40_00,1,8,50.00%,40.00%,40.00%,0.00%,32.50%,50.00%,2.42%,48,47.45%,47.02%,10.11%,5.59%,1.81,-4.74%,68.75%,0.051505551784493786,-0.03690803134351661,2.91,6.05%,0.29%,147.02,37,64.86%,2.00%,2.10%,-4.83%,8.42%,False
conf_1m_cdi_50_40_40_10,1,8,50.00%,40.00%,40.00%,10.00%,35.00%,50.00%,2.02%,48,45.30%,44.91%,9.72%,5.34%,1.82,-4.74%,68.75%,0.046512900945293145,-0.03690803134351661,2.70,5.64%,0.27%,144.91,37,62.16%,1.62%,2.10%,-6.69%,8.42%,False
conf_1m_cdi_50_40_40_20,1,8,50.00%,40.00%,40.00%,20.00%,37.50%,50.00%,1.62%,48,43.18%,42.82%,9.32%,5.11%,1.82,-4.74%,68.75%,0.04152069542759018,-0.03690803134351661,2.50,5.21%,0.25%,142.82,37,62.16%,1.25%,2.10%,-8.53%,8.42%,False
conf_1m_cdi_50_40_40_30,1,8,50.00%,40.00%,40.00%,30.00%,40.00%,50.00%,1.23%,48,41.07%,40.75%,8.92%,4.90%,1.82,-4.74%,68.75%,0.03652893371422139,-0.03690803134351661,2.30,4.79%,0.23%,140.75,37,62.16%,0.87%,2.10%,-10.36%,8.42%,False
conf_1m_cdi_50_40_40_40,1,8,50.00%,40.00%,40.00%,40.00%,42.50%,50.00%,0.83%,48,38.99%,38.70%,8.52%,4.71%,1.81,-4.74%,68.75%,0.03153747705339782,-0.03690803134351661,2.12,4.42%,0.21%,138.70,37,62.16%,0.51%,2.10%,-12.16%,8.42%,True
conf_1m_cdi_50_40_40_50,1,8,50.00%,40.00%,40.00%,50.00%,45.00%,50.00%,0.42%,48,36.94%,36.62%,8.11%,4.55%,1.78,-4.74%,68.75%,0.030992741717698502,-0.03690803134351661,2.28,4.75%,0.23%,136.62,37,62.16%,0.13%,2.10%,-13.99%,8.42%,False
conf_1m_cdi_50_40_50_00,1,8,50.00%,40.00%,50.00%,0.00%,35.00%,50.00%,2.51%,48,47.95%,47.50%,10.20%,5.57%,1.83,-4.74%,68.75%,0.051505551784493786,-0.03690803134351661,3.07,6.40%,0.31%,147.50,37,64.86%,2.11%,2.10%,-4.83%,8.42%,False
conf_1m_cdi_50_40_50_10,1,8,50.00%,40.00%,50.00%,10.00%,37.50%,50.00%,2.11%,48,45.80%,45.38%,9.81%,5.31%,1.85,-4.74%,68.75%,0.046512900945293145,-0.03690803134351661,2.87,5.98%,0.29%,145.38,37,62.16%,1.73%,2.10%,-6.69%,8.42%,False
conf_1m_cdi_50_40_50_20,1,8,50.00%,40.00%,50.00%,20.00%,40.00%,50.00%,1.71%,48,43.67%,43.28%,9.41%,5.08%,1.85,-4.74%,68.75%,0.04152069542759018,-0.03690803134351661,2.67,5.56%,0.27%,143.28,37,62.16%,1.36%,2.10%,-8.53%,8.42%,False
conf_1m_cdi_50_40_50_30,1,8,50.00%,40.00%,50.00%,30.00%,42.50%,50.00%,1.31%,48,41.56%,41.21%,9.01%,4.87%,1.85,-4.74%,68.75%,0.03652893371422139,-0.03690803134351661,2.47,5.14%,0.25%,141.21,37,62.16%,0.99%,2.10%,-10.36%,8.42%,False
conf_1m_cdi_50_40_50_40,1,8,50.00%,40.00%,50.00%,40.00%,45.00%,50.00%,0.91%,48,39.47%,39.15%,8.61%,4.68%,1.84,-4.74%,68.75%,0.03153747705339782,-0.03690803134351661,2.29,4.76%,0.23%,139.15,37,62.16%,0.62%,2.10%,-12.16%,8.42%,False
conf_1m_cdi_50_40_50_50,1,8,50.00%,40.00%,50.00%,50.00%,47.50%,50.00%,0.51%,48,37.40%,37.07%,8.20%,4.52%,1.81,-4.74%,68.75%,0.030992741717698502,-0.03690803134351661,2.45,5.10%,0.24%,137.07,37,62.16%,0.24%,2.10%,-13.99%,8.42%,False
conf_1m_cdi_50_50_00_00,1,8,50.00%,50.00%,0.00%,0.00%,25.00%,50.00%,1.73%,48,43.90%,43.37%,9.42%,5.43%,1.73,-4.07%,68.75%,0.051505551784493786,-0.030122209320361804,3.72,7.76%,0.37%,143.37,37,54.05%,1.08%,1.48%,-6.74%,8.34%,False
conf_1m_cdi_50_50_00_10,1,8,50.00%,50.00%,0.00%,10.00%,27.50%,50.00%,1.33%,48,41.80%,41.31%,9.03%,5.17%,1.75,-4.07%,68.75%,0.046512900945293145,-0.030122209320361804,3.52,7.34%,0.35%,141.31,37,51.35%,0.70%,1.48%,-8.58%,8.34%,False
conf_1m_cdi_50_50_00_20,1,8,50.00%,50.00%,0.00%,20.00%,30.00%,50.00%,0.94%,48,39.73%,39.27%,8.63%,4.93%,1.75,-4.07%,68.75%,0.04152069542759018,-0.030122209320361804,3.32,6.92%,0.33%,139.27,37,51.35%,0.33%,1.48%,-10.39%,8.34%,False
conf_1m_cdi_50_50_00_30,1,8,50.00%,50.00%,0.00%,30.00%,32.50%,50.00%,0.54%,48,37.68%,37.25%,8.24%,4.71%,1.75,-4.07%,68.75%,0.03652893371422139,-0.030122209320361804,3.12,6.49%,0.31%,137.25,37,51.35%,-0.04%,1.48%,-12.19%,8.34%,False
conf_1m_cdi_50_50_00_40,1,8,50.00%,50.00%,0.00%,40.00%,35.00%,50.00%,0.15%,48,35.65%,35.25%,7.84%,4.51%,1.74,-4.07%,68.75%,0.03153747705339782,-0.030122209320361804,2.91,6.06%,0.29%,135.25,37,51.35%,-0.40%,1.48%,-13.97%,8.34%,False
conf_1m_cdi_50_50_00_50,1,8,50.00%,50.00%,0.00%,50.00%,37.50%,50.00%,-0.25%,48,33.64%,33.28%,7.45%,4.34%,1.72,-4.07%,68.75%,0.02654646248898973,-0.030122209320361804,2.73,5.68%,0.27%,133.28,37,51.35%,-0.76%,1.48%,-15.73%,8.34%,False
conf_1m_cdi_50_50_10_00,1,8,50.00%,50.00%,10.00%,0.00%,27.50%,50.00%,1.83%,48,44.40%,43.89%,9.52%,5.39%,1.77,-4.07%,68.75%,0.051505551784493786,-0.030122209320361804,3.51,7.32%,0.35%,143.89,37,56.76%,1.20%,1.65%,-6.74%,8.34%,False
conf_1m_cdi_50_50_10_10,1,8,50.00%,50.00%,10.00%,10.00%,30.00%,50.00%,1.43%,48,42.29%,41.82%,9.13%,5.13%,1.78,-4.07%,68.75%,0.046512900945293145,-0.030122209320361804,3.31,6.90%,0.33%,141.82,37,54.05%,0.83%,1.65%,-8.58%,8.34%,False
conf_1m_cdi_50_50_10_20,1,8,50.00%,50.00%,10.00%,20.00%,32.50%,50.00%,1.04%,48,40.21%,39.78%,8.73%,4.88%,1.79,-4.07%,68.75%,0.04152069542759018,-0.030122209320361804,3.11,6.48%,0.31%,139.78,37,54.05%,0.46%,1.65%,-10.39%,8.34%,False
conf_1m_cdi_50_50_10_30,1,8,50.00%,50.00%,10.00%,30.00%,35.00%,50.00%,0.64%,48,38.15%,37.75%,8.34%,4.66%,1.79,-4.07%,68.75%,0.03652893371422139,-0.030122209320361804,2.91,6.05%,0.29%,137.75,37,54.05%,0.09%,1.65%,-12.19%,8.34%,False
conf_1m_cdi_50_50_10_40,1,8,50.00%,50.00%,10.00%,40.00%,37.50%,50.00%,0.25%,48,36.12%,35.75%,7.94%,4.46%,1.78,-4.07%,68.75%,0.03153747705339782,-0.030122209320361804,2.70,5.62%,0.27%,135.75,37,54.05%,-0.28%,1.65%,-13.97%,8.34%,False
conf_1m_cdi_50_50_10_50,1,8,50.00%,50.00%,10.00%,50.00%,40.00%,50.00%,-0.15%,48,34.10%,33.77%,7.54%,4.28%,1.76,-4.07%,68.75%,0.02654646248898973,-0.030122209320361804,2.51,5.24%,0.25%,133.77,37,54.05%,-0.64%,1.65%,-15.73%,8.34%,False
conf_1m_cdi_50_50_20_00,1,8,50.00%,50.00%,20.00%,0.00%,30.00%,50.00%,1.93%,48,44.89%,44.42%,9.62%,5.35%,1.80,-4.07%,68.75%,0.051505551784493786,-0.030122209320361804,3.30,6.88%,0.33%,144.42,37,59.46%,1.33%,1.81%,-6.74%,8.34%,False
conf_1m_cdi_50_50_20_10,1,8,50.00%,50.00%,20.00%,10.00%,32.50%,50.00%,1.53%,48,42.78%,42.34%,9.23%,5.08%,1.82,-4.07%,68.75%,0.046512900945293145,-0.030122209320361804,3.10,6.46%,0.31%,142.34,37,56.76%,0.95%,1.81%,-8.58%,8.34%,False
conf_1m_cdi_50_50_20_20,1,8,50.00%,50.00%,20.00%,20.00%,35.00%,50.00%,1.14%,48,40.70%,40.29%,8.83%,4.84%,1.83,-4.07%,68.75%,0.04152069542759018,-0.030122209320361804,2.90,6.04%,0.29%,140.29,37,56.76%,0.58%,1.81%,-10.39%,8.34%,False
conf_1m_cdi_50_50_20_30,1,8,50.00%,50.00%,20.00%,30.00%,37.50%,50.00%,0.74%,48,38.63%,38.26%,8.44%,4.61%,1.83,-4.07%,68.75%,0.03652893371422139,-0.030122209320361804,2.69,5.61%,0.27%,138.26,37,56.76%,0.21%,1.81%,-12.19%,8.34%,False
conf_1m_cdi_50_50_20_40,1,8,50.00%,50.00%,20.00%,40.00%,40.00%,50.00%,0.34%,48,36.59%,36.25%,8.04%,4.41%,1.82,-4.07%,68.75%,0.03153747705339782,-0.030122209320361804,2.49,5.18%,0.25%,136.25,37,56.76%,-0.15%,1.81%,-13.97%,8.34%,False
conf_1m_cdi_50_50_20_50,1,8,50.00%,50.00%,20.00%,50.00%,42.50%,50.00%,-0.05%,48,34.56%,34.25%,7.64%,4.23%,1.81,-4.07%,68.75%,0.02654646248898973,-0.030122209320361804,2.30,4.80%,0.23%,134.25,37,56.76%,-0.51%,1.81%,-15.73%,8.34%,False
conf_1m_cdi_50_50_30_00,1,8,50.00%,50.00%,30.00%,0.00%,32.50%,50.00%,2.03%,48,45.39%,44.94%,9.72%,5.31%,1.83,-4.07%,70.83%,0.051505551784493786,-0.030122209320361804,3.09,6.44%,0.31%,144.94,37,59.46%,1.45%,1.98%,-6.74%,8.34%,False
conf_1m_cdi_50_50_30_10,1,8,50.00%,50.00%,30.00%,10.00%,35.00%,50.00%,1.63%,48,43.28%,42.86%,9.33%,5.04%,1.85,-4.07%,70.83%,0.046512900945293145,-0.030122209320361804,2.89,6.02%,0.29%,142.86,37,56.76%,1.08%,1.98%,-8.58%,8.34%,False
conf_1m_cdi_50_50_30_20,1,8,50.00%,50.00%,30.00%,20.00%,37.50%,50.00%,1.24%,48,41.18%,40.80%,8.93%,4.79%,1.86,-4.07%,70.83%,0.04152069542759018,-0.030122209320361804,2.69,5.60%,0.27%,140.80,37,56.76%,0.71%,1.98%,-10.39%,8.34%,False
conf_1m_cdi_50_50_30_30,1,8,50.00%,50.00%,30.00%,30.00%,40.00%,50.00%,0.84%,48,39.11%,38.76%,8.53%,4.57%,1.87,-4.07%,70.83%,0.03652893371422139,-0.030122209320361804,2.48,5.18%,0.25%,138.76,37,56.76%,0.34%,1.98%,-12.19%,8.34%,False
conf_1m_cdi_50_50_30_40,1,8,50.00%,50.00%,30.00%,40.00%,42.50%,50.00%,0.44%,48,37.06%,36.74%,8.14%,4.36%,1.86,-4.07%,70.83%,0.03153747705339782,-0.030122209320361804,2.28,4.75%,0.23%,136.74,37,56.76%,-0.03%,1.98%,-13.97%,8.34%,False
conf_1m_cdi_50_50_30_50,1,8,50.00%,50.00%,30.00%,50.00%,45.00%,50.00%,0.04%,48,35.03%,34.74%,7.74%,4.19%,1.85,-4.07%,70.83%,0.02654646248898973,-0.030122209320361804,2.09,4.36%,0.21%,134.74,37,56.76%,-0.39%,1.98%,-15.73%,8.34%,True
conf_1m_cdi_50_50_40_00,1,8,50.00%,50.00%,40.00%,0.00%,35.00%,50.00%,2.13%,48,45.89%,45.47%,9.82%,5.28%,1.86,-4.07%,70.83%,0.051505551784493786,-0.030122209320361804,2.88,6.01%,0.29%,145.47,37,59.46%,1.58%,2.06%,-6.74%,8.34%,False
conf_1m_cdi_50_50_40_10,1,8,50.00%,50.00%,40.00%,10.00%,37.50%,50.00%,1.73%,48,43.77%,43.38%,9.43%,5.01%,1.88,-4.07%,70.83%,0.046512900945293145,-0.030122209320361804,2.68,5.59%,0.27%,143.38,37,56.76%,1.20%,2.06%,-8.58%,8.34%,False
conf_1m_cdi_50_50_40_20,1,8,50.00%,50.00%,40.00%,20.00%,40.00%,50.00%,1.33%,48,41.66%,41.31%,9.03%,4.76%,1.90,-4.07%,70.83%,0.04152069542759018,-0.030122209320361804,2.48,5.16%,0.25%,141.31,37,56.76%,0.83%,2.06%,-10.39%,8.34%,False
conf_1m_cdi_50_50_40_30,1,8,50.00%,50.00%,40.00%,30.00%,42.50%,50.00%,0.94%,48,39.58%,39.27%,8.63%,4.53%,1.91,-4.07%,70.83%,0.03652893371422139,-0.030122209320361804,2.27,4.74%,0.23%,139.27,37,56.76%,0.46%,2.06%,-12.19%,8.34%,False
conf_1m_cdi_50_50_40_40,1,8,50.00%,50.00%,40.00%,40.00%,45.00%,50.00%,0.54%,48,37.53%,37.24%,8.24%,4.33%,1.90,-4.07%,70.83%,0.03153747705339782,-0.030122209320361804,2.07,4.31%,0.21%,137.24,37,56.76%,0.10%,2.06%,-13.97%,8.34%,True
conf_1m_cdi_50_50_40_50,1,8,50.00%,50.00%,40.00%,50.00%,47.50%,50.00%,0.14%,48,35.49%,35.23%,7.84%,4.15%,1.89,-4.07%,70.83%,0.02654646248898973,-0.030122209320361804,1.88,3.93%,0.19%,135.23,37,56.76%,-0.27%,2.06%,-15.73%,8.34%,True
conf_1m_cdi_50_50_50_00,1,8,50.00%,50.00%,50.00%,0.00%,37.50%,50.00%,2.23%,48,46.39%,45.99%,9.92%,5.25%,1.89,-4.07%,70.83%,0.051505551784493786,-0.030122209320361804,2.70,5.63%,0.27%,145.99,37,64.86%,1.70%,2.06%,-6.74%,8.34%,False
conf_1m_cdi_50_50_50_10,1,8,50.00%,50.00%,50.00%,10.00%,40.00%,50.00%,1.83%,48,44.26%,43.90%,9.53%,4.98%,1.91,-4.07%,70.83%,0.046512900945293145,-0.030122209320361804,2.50,5.21%,0.25%,143.90,37,62.16%,1.33%,2.06%,-8.58%,8.34%,False
conf_1m_cdi_50_50_50_20,1,8,50.00%,50.00%,50.00%,20.00%,42.50%,50.00%,1.43%,48,42.15%,41.82%,9.13%,4.73%,1.93,-4.07%,70.83%,0.04152069542759018,-0.030122209320361804,2.30,4.79%,0.23%,141.82,37,62.16%,0.95%,2.06%,-10.39%,8.34%,False
conf_1m_cdi_50_50_50_30,1,8,50.00%,50.00%,50.00%,30.00%,45.00%,50.00%,1.04%,48,40.06%,39.77%,8.73%,4.50%,1.94,-4.07%,70.83%,0.03652893371422139,-0.030122209320361804,2.10,4.37%,0.21%,139.77,37,62.16%,0.59%,2.06%,-12.19%,8.34%,True
conf_1m_cdi_50_50_50_40,1,8,50.00%,50.00%,50.00%,40.00%,47.50%,50.00%,0.64%,48,38.00%,37.74%,8.33%,4.29%,1.94,-4.07%,70.83%,0.03153747705339782,-0.030122209320361804,1.89,3.94%,0.19%,137.74,37,62.16%,0.22%,2.06%,-13.97%,8.34%,True
conf_1m_cdi_50_50_50_50,1,8,50.00%,50.00%,50.00%,50.00%,50.00%,50.00%,0.24%,48,35.95%,35.72%,7.93%,4.11%,1.93,-4.07%,70.83%,0.02654646248898973,-0.030122209320361804,1.71,3.55%,0.17%,135.72,37,62.16%,-0.14%,2.06%,-15.73%,8.34%,True
conf_2m_cdi_00_00_00_00,2,8,0.00%,0.00%,0.00%,0.00%,0.00%,0.00%,-0.06%,48,34.52%,34.22%,7.64%,8.51%,0.90,-8.93%,58.33%,0.051505551784493786,-0.06362152684987821,2.20,4.58%,0.22%,134.22,37,37.84%,0.06%,-0.39%,-1.46%,3.05%,True
conf_2m_cdi_00_00_00_10,2,8,0.00%,0.00%,0.00%,10.00%,2.50%,10.00%,-0.41%,48,32.77%,32.46%,7.28%,8.36%,0.87,-8.93%,58.33%,0.04976842754776656,-0.06362152684987821,2.34,4.88%,0.23%,132.46,37,35.14%,-0.33%,-0.39%,-1.46%,1.24%,False
conf_2m_cdi_00_00_00_20,2,8,0.00%,0.00%,0.00%,20.00%,5.00%,20.00%,-0.77%,48,31.04%,30.71%,6.92%,8.22%,0.84,-8.93%,58.33%,0.04976842754776656,-0.06362152684987821,2.53,5.26%,0.25%,130.71,37,10.81%,-0.72%,-0.66%,-1.67%,0.37%,False
conf_2m_cdi_00_00_00_30,2,8,0.00%,0.00%,0.00%,30.00%,7.50%,30.00%,-1.13%,48,29.32%,28.97%,6.57%,8.09%,0.81,-8.93%,58.33%,0.04976842754776656,-0.06362152684987821,2.72,5.66%,0.27%,128.97,37,10.81%,-1.11%,-0.98%,-3.24%,0.36%,False
conf_2m_cdi_00_00_00_40,2,8,0.00%,0.00%,0.00%,40.00%,10.00%,40.00%,-1.49%,48,27.62%,27.24%,6.21%,7.98%,0.78,-8.93%,58.33%,0.04976842754776656,-0.06362152684987821,2.91,6.06%,0.29%,127.24,37,10.81%,-1.49%,-1.11%,-4.81%,0.35%,False
conf_2m_cdi_00_00_00_50,2,8,0.00%,0.00%,0.00%,50.00%,12.50%,50.00%,-1.84%,48,25.93%,25.54%,5.85%,7.89%,0.74,-8.93%,58.33%,0.04976842754776656,-0.06362152684987821,3.10,6.46%,0.31%,125.54,37,8.11%,-1.87%,-1.11%,-6.36%,0.34%,False
conf_2m_cdi_00_00_10_00,2,8,0.00%,0.00%,10.00%,0.00%,2.50%,10.00%,0.08%,48,35.22%,34.90%,7.77%,8.48%,0.92,-8.93%,58.33%,0.051505551784493786,-0.06362152684987821,2.35,4.89%,0.23%,134.90,37,48.65%,0.23%,-0.13%,-1.46%,3.05%,False
conf_2m_cdi_00_00_10_10,2,8,0.00%,0.00%,10.00%,10.00%,5.00%,10.00%,-0.28%,48,33.46%,33.13%,7.42%,8.32%,0.89,-8.93%,58.33%,0.04976842754776656,-0.06362152684987821,2.49,5.19%,0.25%,133.13,37,45.95%,-0.16%,-0.13%,-1.46%,1.24%,False
conf_2m_cdi_00_00_10_20,2,8,0.00%,0.00%,10.00%,20.00%,7.50%,20.00%,-0.64%,48,31.72%,31.36%,7.06%,8.18%,0.86,-8.93%,58.33%,0.04976842754776656,-0.06362152684987821,2.68,5.58%,0.27%,131.36,37,27.03%,-0.55%,-0.56%,-1.67%,0.93%,False
conf_2m_cdi_00_00_10_30,2,8,0.00%,0.00%,10.00%,30.00%,10.00%,30.00%,-1.00%,48,29.99%,29.62%,6.70%,8.06%,0.83,-8.93%,58.33%,0.04976842754776656,-0.06362152684987821,2.87,5.98%,0.29%,129.62,37,21.62%,-0.93%,-0.98%,-3.24%,0.92%,False
conf_2m_cdi_00_00_10_40,2,8,0.00%,0.00%,10.00%,40.00%,12.50%,40.00%,-1.35%,48,28.28%,27.89%,6.34%,7.95%,0.80,-8.93%,58.33%,0.04976842754776656,-0.06362152684987821,3.06,6.38%,0.31%,127.89,37,21.62%,-1.32%,-1.02%,-4.81%,0.91%,False
conf_2m_cdi_00_00_10_50,2,8,0.00%,0.00%,10.00%,50.00%,15.00%,50.00%,-1.71%,48,26.58%,26.17%,5.98%,7.86%,0.76,-8.93%,58.33%,0.04976842754776656,-0.06362152684987821,3.25,6.77%,0.33%,126.17,37,21.62%,-1.70%,-1.11%,-6.36%,0.90%,False
conf_2m_cdi_00_00_20_00,2,8,0.00%,0.00%,20.00%,0.00%,5.00%,20.00%,0.21%,48,35.92%,35.57%,7.91%,8.45%,0.94,-8.93%,58.33%,0.051505551784493786,-0.06362152684987821,2.54,5.29%,0.25%,135.57,37,59.46%,0.41%,0.20%,-1.46%,3.05%,False
conf_2m_cdi_00_00_20_10,2,8,0.00%,0.00%,20.00%,10.00%,7.50%,20.00%,-0.15%,48,34.15%,33.79%,7.55%,8.29%,0.91,-8.93%,58.33%,0.04976842754776656,-0.06362152684987821,2.69,5.60%,0.27%,133.79,37,56.76%,0.01%,0.17%,-1.46%,1.50%,False
conf_2m_cdi_00_00_20_20,2,8,0.00%,0.00%,20.00%,20.00%,10.00%,20.00%,-0.50%,48,32.40%,32.02%,7.19%,8.15%,0.88,-8.93%,58.33%,0.04976842754776656,-0.06362152684987821,2.87,5.98%,0.29%,132.02,37,37.84%,-0.37%,-0.56%,-1.67%,1.49%,False
conf_2m_cdi_00_00_20_30,2,8,0.00%,0.00%,20.00%,30.00%,12.50%,30.00%,-0.86%,48,30.66%,30.26%,6.83%,8.03%,0.85,-8.93%,58.33%,0.04976842754776656,-0.06362152684987821,3.06,6.38%,0.31%,130.26,37,32.43%,-0.76%,-0.98%,-3.24%,1.48%,False
conf_2m_cdi_00_00_20_40,2,8,0.00%,0.00%,20.00%,40.00%,15.00%,40.00%,-1.22%,48,28.94%,28.52%,6.47%,7.92%,0.82,-8.93%,58.33%,0.04976842754776656,-0.06362152684987821,3.25,6.78%,0.33%,128.52,37,32.43%,-1.14%,-1.02%,-4.81%,1.47%,False
conf_2m_cdi_00_00_20_50,2,8,0.00%,0.00%,20.00%,50.00%,17.50%,50.00%,-1.58%,48,27.24%,26.80%,6.12%,7.83%,0.78,-8.93%,58.33%,0.04976842754776656,-0.06362152684987821,3.44,7.18%,0.34%,126.80,37,32.43%,-1.52%,-1.11%,-6.36%,1.46%,False
conf_2m_cdi_00_00_30_00,2,8,0.00%,0.00%,30.00%,0.00%,7.50%,30.00%,0.34%,48,36.62%,36.25%,8.04%,8.42%,0.95,-8.93%,60.42%,0.051505551784493786,-0.06362152684987821,2.73,5.69%,0.27%,136.25,37,59.46%,0.58%,0.70%,-1.46%,3.05%,False
conf_2m_cdi_00_00_30_10,2,8,0.00%,0.00%,30.00%,10.00%,10.00%,30.00%,-0.01%,48,34.84%,34.46%,7.68%,8.27%,0.93,-8.93%,60.42%,0.04976842754776656,-0.06362152684987821,2.88,6.00%,0.29%,134.46,37,56.76%,0.19%,0.48%,-1.46%,2.06%,False
conf_2m_cdi_00_00_30_20,2,8,0.00%,0.00%,30.00%,20.00%,12.50%,30.00%,-0.37%,48,33.08%,32.68%,7.32%,8.13%,0.90,-8.93%,60.42%,0.04976842754776656,-0.06362152684987821,3.06,6.38%,0.31%,132.68,37,37.84%,-0.20%,-0.56%,-1.67%,2.05%,False
conf_2m_cdi_00_00_30_30,2,8,0.00%,0.00%,30.00%,30.00%,15.00%,30.00%,-0.73%,48,31.34%,30.91%,6.97%,8.00%,0.87,-8.93%,60.42%,0.04976842754776656,-0.06362152684987821,3.26,6.78%,0.33%,130.91,37,35.14%,-0.59%,-0.98%,-3.24%,2.04%,False
conf_2m_cdi_00_00_30_40,2,8,0.00%,0.00%,30.00%,40.00%,17.50%,40.00%,-1.09%,48,29.61%,29.16%,6.61%,7.89%,0.84,-8.93%,60.42%,0.04976842754776656,-0.06362152684987821,3.45,7.18%,0.34%,129.16,37,32.43%,-0.97%,-0.98%,-4.81%,2.03%,False
conf_2m_cdi_00_00_30_50,2,8,0.00%,0.00%,30.00%,50.00%,20.00%,50.00%,-1.45%,48,27.90%,27.43%,6.25%,7.80%,0.80,-8.93%,60.42%,0.04976842754776656,-0.06362152684987821,3.64,7.58%,0.36%,127.43,37,32.43%,-1.35%,-1.02%,-6.36%,2.02%,False
conf_2m_cdi_00_00_40_00,2,8,0.00%,0.00%,40.00%,0.00%,10.00%,40.00%,0.48%,48,37.32%,36.92%,8.17%,8.40%,0.97,-8.93%,60.42%,0.051505551784493786,-0.06362152684987821,2.93,6.09%,0.29%,136.92,37,62.16%,0.75%,1.19%,-1.46%,3.05%,False
conf_2m_cdi_00_00_40_10,2,8,0.00%,0.00%,40.00%,10.00%,12.50%,40.00%,0.12%,48,35.54%,35.12%,7.82%,8.24%,0.95,-8.93%,60.42%,0.04976842754776656,-0.06362152684987821,3.07,6.40%,0.31%,135.12,37,59.46%,0.36%,0.56%,-1.46%,2.62%,False
conf_2m_cdi_00_00_40_20,2,8,0.00%,0.00%,40.00%,20.00%,15.00%,40.00%,-0.24%,48,33.77%,33.33%,7.46%,8.10%,0.92,-8.93%,60.42%,0.04976842754776656,-0.06362152684987821,3.26,6.78%,0.33%,133.33,37,43.24%,-0.03%,-0.56%,-1.67%,2.61%,False
conf_2m_cdi_00_00_40_30,2,8,0.00%,0.00%,40.00%,30.00%,17.50%,40.00%,-0.60%,48,32.02%,31.56%,7.10%,7.98%,0.89,-8.93%,60.42%,0.04976842754776656,-0.06362152684987821,3.45,7.18%,0.34%,131.56,37,37.84%,-0.42%,-0.98%,-3.24%,2.60%,False
conf_2m_cdi_00_00_40_40,2,8,0.00%,0.00%,40.00%,40.00%,20.00%,40.00%,-0.96%,48,30.28%,29.80%,6.74%,7.87%,0.86,-8.93%,60.42%,0.04976842754776656,-0.06362152684987821,3.64,7.58%,0.36%,129.80,37,35.14%,-0.80%,-0.98%,-4.81%,2.59%,False
conf_2m_cdi_00_00_40_50,2,8,0.00%,0.00%,40.00%,50.00%,22.50%,50.00%,-1.32%,48,28.55%,28.06%,6.38%,7.78%,0.82,-8.93%,60.42%,0.04976842754776656,-0.06362152684987821,3.83,7.98%,0.38%,128.06,37,35.14%,-1.18%,-1.02%,-6.36%,2.58%,False
conf_2m_cdi_00_00_50_00,2,8,0.00%,0.00%,50.00%,0.00%,12.50%,50.00%,0.61%,48,38.03%,37.60%,8.31%,8.37%,0.99,-8.93%,60.42%,0.051505551784493786,-0.06362152684987821,3.12,6.49%,0.31%,137.60,37,62.16%,0.93%,1.53%,-1.46%,3.19%,False
conf_2m_cdi_00_00_50_10,2,8,0.00%,0.00%,50.00%,10.00%,15.00%,50.00%,0.25%,48,36.24%,35.79%,7.95%,8.22%,0.97,-8.93%,60.42%,0.04976842754776656,-0.06362152684987821,3.26,6.80%,0.33%,135.79,37,59.46%,0.53%,0.56%,-1.46%,3.18%,False
conf_2m_cdi_00_00_50_20,2,8,0.00%,0.00%,50.00%,20.00%,17.50%,50.00%,-0.11%,48,34.46%,34.00%,7.59%,8.08%,0.94,-8.93%,60.42%,0.04976842754776656,-0.06362152684987821,3.45,7.18%,0.34%,134.00,37,43.24%,0.14%,-0.56%,-1.67%,3.17%,False
conf_2m_cdi_00_00_50_30,2,8,0.00%,0.00%,50.00%,30.00%,20.00%,50.00%,-0.46%,48,32.69%,32.21%,7.23%,7.96%,0.91,-8.93%,60.42%,0.04976842754776656,-0.06362152684987821,3.64,7.58%,0.36%,132.21,37,40.54%,-0.24%,-0.96%,-3.24%,3.16%,False
conf_2m_cdi_00_00_50_40,2,8,0.00%,0.00%,50.00%,40.00%,22.50%,50.00%,-0.82%,48,30.95%,30.45%,6.87%,7.85%,0.88,-8.93%,60.42%,0.04976842754776656,-0.06362152684987821,3.83,7.98%,0.38%,130.45,37,37.84%,-0.63%,-0.98%,-4.81%,3.15%,False
conf_2m_cdi_00_00_50_50,2,8,0.00%,0.00%,50.00%,50.00%,25.00%,50.00%,-1.18%,48,29.22%,28.70%,6.51%,7.76%,0.84,-8.93%,60.42%,0.04976842754776656,-0.06362152684987821,4.02,8.37%,0.40%,128.70,37,35.14%,-1.01%,-1.02%,-6.36%,3.14%,False
conf_2m_cdi_00_10_00_00,2,8,0.00%,10.00%,0.00%,0.00%,2.50%,10.00%,-0.63%,48,31.77%,31.40%,7.07%,8.25%,0.86,-8.93%,58.33%,0.051505551784493786,-0.06362152684987821,2.78,5.78%,0.28%,131.40,37,18.92%,-0.54%,-0.61%,-1.32%,0.97%,False
conf_2m_cdi_00_10_00_10,2,8,0.00%,10.00%,0.00%,10.00%,5.00%,10.00%,-0.98%,48,30.05%,29.71%,6.72%,8.09%,0.83,-8.93%,58.33%,0.046512900945293145,-0.06362152684987821,2.62,5.46%,0.26%,129.71,37,0.00%,-0.91%,-0.78%,-1.72%,-0.49%,False
conf_2m_cdi_00_10_00_20,2,8,0.00%,10.00%,0.00%,20.00%,7.50%,20.00%,-1.33%,48,28.35%,28.00%,6.37%,7.94%,0.80,-8.93%,58.33%,0.04500580301776225,-0.06362152684987821,2.77,5.76%,0.28%,128.00,37,0.00%,-1.30%,-1.05%,-3.30%,-0.49%,False
conf_2m_cdi_00_10_00_30,2,8,0.00%,10.00%,0.00%,30.00%,10.00%,30.00%,-1.69%,48,26.67%,26.30%,6.01%,7.81%,0.77,-8.93%,58.33%,0.04500580301776225,-0.06362152684987821,2.95,6.15%,0.30%,126.30,37,0.00%,-1.68%,-1.05%,-4.89%,-0.49%,False
conf_2m_cdi_00_10_00_40,2,8,0.00%,10.00%,0.00%,40.00%,12.50%,40.00%,-2.04%,48,25.00%,24.61%,5.65%,7.70%,0.73,-8.93%,58.33%,0.04500580301776225,-0.06362152684987821,3.14,6.55%,0.31%,124.61,37,0.00%,-2.05%,-1.05%,-6.47%,-0.49%,False
conf_2m_cdi_00_10_00_50,2,8,0.00%,10.00%,0.00%,50.00%,15.00%,50.00%,-2.40%,48,23.35%,22.94%,5.30%,7.60%,0.70,-8.93%,58.33%,0.04500580301776225,-0.06362152684987821,3.33,6.95%,0.33%,122.94,37,0.00%,-2.43%,-1.18%,-8.03%,-0.49%,False
conf_2m_cdi_00_10_10_00,2,8,0.00%,10.00%,10.00%,0.00%,5.00%,10.00%,-0.49%,48,32.45%,32.11%,7.21%,8.21%,0.88,-8.93%,58.33%,0.051505551784493786,-0.06362152684987821,2.60,5.41%,0.26%,132.11,37,27.03%,-0.35%,-0.39%,-1.32%,0.97%,False
conf_2m_cdi_00_10_10_10,2,8,0.00%,10.00%,10.00%,10.00%,7.50%,10.00%,-0.83%,48,30.73%,30.41%,6.86%,8.05%,0.85,-8.93%,58.33%,0.046512900945293145,-0.06362152684987821,2.44,5.08%,0.24%,130.41,37,5.41%,-0.73%,-0.76%,-1.72%,0.01%,False
conf_2m_cdi_00_10_10_20,2,8,0.00%,10.00%,10.00%,20.00%,10.00%,20.00%,-1.19%,48,29.02%,28.69%,6.51%,7.91%,0.82,-8.93%,58.33%,0.04500580301776225,-0.06362152684987821,2.59,5.39%,0.26%,128.69,37,5.41%,-1.11%,-0.96%,-3.30%,0.01%,False
conf_2m_cdi_00_10_10_30,2,8,0.00%,10.00%,10.00%,30.00%,12.50%,30.00%,-1.54%,48,27.33%,26.98%,6.15%,7.77%,0.79,-8.93%,58.33%,0.04500580301776225,-0.06362152684987821,2.77,5.78%,0.28%,126.98,37,5.41%,-1.49%,-1.05%,-4.89%,0.01%,False
conf_2m_cdi_00_10_10_40,2,8,0.00%,10.00%,10.00%,40.00%,15.00%,40.00%,-1.90%,48,25.65%,25.28%,5.80%,7.66%,0.76,-8.93%,58.33%,0.04500580301776225,-0.06362152684987821,2.96,6.18%,0.30%,125.28,37,5.41%,-1.87%,-1.05%,-6.47%,0.01%,False
conf_2m_cdi_00_10_10_50,2,8,0.00%,10.00%,10.00%,50.00%,17.50%,50.00%,-2.26%,48,23.99%,23.60%,5.44%,7.56%,0.72,-8.93%,58.33%,0.04500580301776225,-0.06362152684987821,3.16,6.57%,0.32%,123.60,37,5.41%,-2.25%,-1.05%,-8.03%,0.01%,False
conf_2m_cdi_00_10_20_00,2,8,0.00%,10.00%,20.00%,0.00%,7.50%,20.00%,-0.35%,48,33.14%,32.77%,7.34%,8.18%,0.90,-8.93%,58.33%,0.051505551784493786,-0.06362152684987821,2.75,5.73%,0.28%,132.77,37,43.24%,-0.18%,-0.06%,-1.32%,0.97%,False
conf_2m_cdi_00_10_20_10,2,8,0.00%,10.00%,20.00%,10.00%,10.00%,20.00%,-0.70%,48,31.40%,31.06%,7.00%,8.02%,0.87,-8.93%,58.33%,0.046512900945293145,-0.06362152684987821,2.59,5.41%,0.26%,131.06,37,21.62%,-0.56%,-0.76%,-1.72%,0.54%,False
conf_2m_cdi_00_10_20_20,2,8,0.00%,10.00%,20.00%,20.00%,12.50%,20.00%,-1.05%,48,29.69%,29.33%,6.64%,7.87%,0.84,-8.93%,58.33%,0.04500580301776225,-0.06362152684987821,2.74,5.71%,0.27%,129.33,37,21.62%,-0.94%,-0.92%,-3.30%,0.54%,False
conf_2m_cdi_00_10_20_30,2,8,0.00%,10.00%,20.00%,30.00%,15.00%,30.00%,-1.41%,48,27.99%,27.61%,6.29%,7.74%,0.81,-8.93%,58.33%,0.04500580301776225,-0.06362152684987821,2.93,6.10%,0.29%,127.61,37,18.92%,-1.32%,-1.05%,-4.89%,0.54%,False
conf_2m_cdi_00_10_20_40,2,8,0.00%,10.00%,20.00%,40.00%,17.50%,40.00%,-1.77%,48,26.30%,25.91%,5.93%,7.63%,0.78,-8.93%,58.33%,0.04500580301776225,-0.06362152684987821,3.12,6.50%,0.31%,125.91,37,18.92%,-1.70%,-1.05%,-6.47%,0.54%,False
conf_2m_cdi_00_10_20_50,2,8,0.00%,10.00%,20.00%,50.00%,20.00%,50.00%,-2.12%,48,24.63%,24.22%,5.57%,7.53%,0.74,-8.93%,58.33%,0.04500580301776225,-0.06362152684987821,3.31,6.90%,0.33%,124.22,37,18.92%,-2.07%,-1.05%,-8.03%,0.54%,False
conf_2m_cdi_00_10_30_00,2,8,0.00%,10.00%,30.00%,0.00%,10.00%,30.00%,-0.22%,48,33.82%,33.43%,7.48%,8.15%,0.92,-8.93%,60.42%,0.051505551784493786,-0.06362152684987821,2.94,6.13%,0.29%,133.43,37,54.05%,-0.01%,0.14%,-1.32%,1.07%,False
conf_2m_cdi_00_10_30_10,2,8,0.00%,10.00%,30.00%,10.00%,12.50%,30.00%,-0.57%,48,32.08%,31.72%,7.13%,7.99%,0.89,-8.93%,60.42%,0.046512900945293145,-0.06362152684987821,2.79,5.81%,0.28%,131.72,37,35.14%,-0.38%,-0.76%,-1.72%,1.07%,False
conf_2m_cdi_00_10_30_20,2,8,0.00%,10.00%,30.00%,20.00%,15.00%,30.00%,-0.92%,48,30.36%,29.98%,6.77%,7.85%,0.86,-8.93%,60.42%,0.04500580301776225,-0.06362152684987821,2.93,6.11%,0.29%,129.98,37,32.43%,-0.77%,-0.92%,-3.30%,1.07%,False
conf_2m_cdi_00_10_30_30,2,8,0.00%,10.00%,30.00%,30.00%,17.50%,30.00%,-1.28%,48,28.65%,28.25%,6.42%,7.72%,0.83,-8.93%,60.42%,0.04500580301776225,-0.06362152684987821,3.12,6.50%,0.31%,128.25,37,32.43%,-1.15%,-0.96%,-4.89%,1.07%,False
conf_2m_cdi_00_10_30_40,2,8,0.00%,10.00%,30.00%,40.00%,20.00%,40.00%,-1.64%,48,26.96%,26.54%,6.06%,7.60%,0.80,-8.93%,60.42%,0.04500580301776225,-0.06362152684987821,3.31,6.90%,0.33%,126.54,37,32.43%,-1.53%,-1.05%,-6.47%,1.07%,False
conf_2m_cdi_00_10_30_50,2,8,0.00%,10.00%,30.00%,50.00%,22.50%,50.00%,-1.99%,48,25.28%,24.84%,5.70%,7.50%,0.76,-8.93%,60.42%,0.04500580301776225,-0.06362152684987821,3.50,7.30%,0.35%,124.84,37,29.73%,-1.90%,-1.05%,-8.03%,1.07%,False
conf_2m_cdi_00_10_40_00,2,8,0.00%,10.00%,40.00%,0.00%,12.50%,40.00%,-0.09%,48,34.51%,34.09%,7.61%,8.13%,0.94,-8.93%,60.42%,0.051505551784493786,-0.06362152684987821,3.14,6.53%,0.31%,134.09,37,56.76%,0.16%,0.44%,-1.32%,1.60%,False
conf_2m_cdi_00_10_40_10,2,8,0.00%,10.00%,40.00%,10.00%,15.00%,40.00%,-0.43%,48,32.76%,32.37%,7.26%,7.97%,0.91,-8.93%,60.42%,0.046512900945293145,-0.06362152684987821,2.98,6.21%,0.30%,132.37,37,43.24%,-0.21%,-0.76%,-1.72%,1.60%,False
conf_2m_cdi_00_10_40_20,2,8,0.00%,10.00%,40.00%,20.00%,17.50%,40.00%,-0.79%,48,31.03%,30.62%,6.91%,7.82%,0.88,-8.93%,60.42%,0.04500580301776225,-0.06362152684987821,3.13,6.51%,0.31%,130.62,37,35.14%,-0.60%,-0.92%,-3.30%,1.60%,False
conf_2m_cdi_00_10_40_30,2,8,0.00%,10.00%,40.00%,30.00%,20.00%,40.00%,-1.15%,48,29.31%,28.89%,6.55%,7.69%,0.85,-8.93%,60.42%,0.04500580301776225,-0.06362152684987821,3.31,6.90%,0.33%,128.89,37,35.14%,-0.98%,-0.96%,-4.89%,1.60%,False
conf_2m_cdi_00_10_40_40,2,8,0.00%,10.00%,40.00%,40.00%,22.50%,40.00%,-1.50%,48,27.61%,27.16%,6.19%,7.58%,0.82,-8.93%,60.42%,0.04500580301776225,-0.06362152684987821,3.50,7.30%,0.35%,127.16,37,35.14%,-1.35%,-1.05%,-6.47%,1.60%,False
conf_2m_cdi_00_10_40_50,2,8,0.00%,10.00%,40.00%,50.00%,25.00%,50.00%,-1.86%,48,25.92%,25.46%,5.83%,7.48%,0.78,-8.93%,60.42%,0.04500580301776225,-0.06362152684987821,3.69,7.70%,0.37%,125.46,37,35.14%,-1.73%,-1.05%,-8.03%,1.60%,False
conf_2m_cdi_00_10_50_00,2,8,0.00%,10.00%,50.00%,0.00%,15.00%,50.00%,0.05%,48,35.21%,34.76%,7.74%,8.11%,0.96,-8.93%,60.42%,0.051505551784493786,-0.06362152684987821,3.33,6.93%,0.33%,134.76,37,56.76%,0.34%,0.74%,-1.32%,2.13%,False
conf_2m_cdi_00_10_50_10,2,8,0.00%,10.00%,50.00%,10.00%,17.50%,50.00%,-0.30%,48,33.45%,33.03%,7.39%,7.95%,0.93,-8.93%,60.42%,0.046512900945293145,-0.06362152684987821,3.17,6.60%,0.32%,133.03,37,43.24%,-0.04%,-0.76%,-1.72%,2.13%,False
conf_2m_cdi_00_10_50_20,2,8,0.00%,10.00%,50.00%,20.00%,20.00%,50.00%,-0.66%,48,31.71%,31.27%,7.04%,7.80%,0.90,-8.93%,60.42%,0.04500580301776225,-0.06362152684987821,3.32,6.91%,0.33%,131.27,37,37.84%,-0.42%,-0.88%,-3.30%,2.13%,False
conf_2m_cdi_00_10_50_30,2,8,0.00%,10.00%,50.00%,30.00%,22.50%,50.00%,-1.01%,48,29.98%,29.52%,6.68%,7.67%,0.87,-8.93%,60.42%,0.04500580301776225,-0.06362152684987821,3.50,7.30%,0.35%,129.52,37,35.14%,-0.80%,-0.96%,-4.89%,2.13%,False
conf_2m_cdi_00_10_50_40,2,8,0.00%,10.00%,50.00%,40.00%,25.00%,50.00%,-1.37%,48,28.27%,27.79%,6.32%,7.56%,0.84,-8.93%,60.42%,0.04500580301776225,-0.06362152684987821,3.70,7.70%,0.37%,127.79,37,35.14%,-1.18%,-1.01%,-6.47%,2.13%,False
conf_2m_cdi_00_10_50_50,2,8,0.00%,10.00%,50.00%,50.00%,27.50%,50.00%,-1.73%,48,26.57%,26.08%,5.96%,7.46%,0.80,-8.93%,60.42%,0.04500580301776225,-0.06362152684987821,3.89,8.10%,0.39%,126.08,37,35.14%,-1.56%,-1.05%,-8.03%,2.13%,False
conf_2m_cdi_00_20_00_00,2,8,0.00%,20.00%,0.00%,0.00%,5.00%,20.00%,-1.20%,48,29.06%,28.60%,6.49%,8.00%,0.81,-8.93%,58.33%,0.051505551784493786,-0.06362152684987821,3.50,7.29%,0.35%,128.60,37,0.00%,-1.13%,-1.12%,-2.02%,-0.31%,False
conf_2m_cdi_00_20_00_10,2,8,0.00%,20.00%,0.00%,10.00%,7.50%,20.00%,-1.55%,48,27.38%,26.96%,6.15%,7.84%,0.78,-8.93%,58.33%,0.046512900945293145,-0.06362152684987821,3.30,6.87%,0.33%,126.96,37,0.00%,-1.50%,-1.22%,-3.57%,-0.60%,False
conf_2m_cdi_00_20_00_20,2,8,0.00%,20.00%,0.00%,20.00%,10.00%,20.00%,-1.89%,48,25.71%,25.32%,5.80%,7.69%,0.76,-8.93%,58.33%,0.04152069542759018,-0.06362152684987821,3.14,6.53%,0.31%,125.32,37,0.00%,-1.87%,-1.22%,-5.11%,-0.60%,False
conf_2m_cdi_00_20_00_30,2,8,0.00%,20.00%,0.00%,30.00%,12.50%,30.00%,-2.24%,48,24.07%,23.66%,5.45%,7.55%,0.72,-8.93%,58.33%,0.04022408627227558,-0.06362152684987821,3.29,6.84%,0.33%,123.66,37,0.00%,-2.24%,-1.22%,-6.67%,-0.60%,False
conf_2m_cdi_00_20_00_40,2,8,0.00%,20.00%,0.00%,40.00%,15.00%,40.00%,-2.60%,48,22.43%,22.01%,5.10%,7.43%,0.69,-8.93%,58.33%,0.04022408627227558,-0.06362152684987821,3.47,7.24%,0.35%,122.01,37,0.00%,-2.62%,-1.22%,-8.22%,-0.60%,False
conf_2m_cdi_00_20_00_50,2,8,0.00%,20.00%,0.00%,50.00%,17.50%,50.00%,-2.95%,48,20.81%,20.37%,4.74%,7.32%,0.65,-8.93%,58.33%,0.04022408627227558,-0.06362152684987821,3.66,7.64%,0.37%,120.37,37,0.00%,-2.99%,-1.22%,-9.89%,-0.60%,False
conf_2m_cdi_00_20_10_00,2,8,0.00%,20.00%,10.00%,0.00%,7.50%,20.00%,-1.06%,48,29.73%,29.30%,6.63%,7.96%,0.83,-8.93%,58.33%,0.051505551784493786,-0.06362152684987821,3.30,6.87%,0.33%,129.30,37,0.00%,-0.95%,-0.93%,-2.02%,-0.30%,False
conf_2m_cdi_00_20_10_10,2,8,0.00%,20.00%,10.00%,10.00%,10.00%,20.00%,-1.40%,48,28.04%,27.64%,6.29%,7.80%,0.81,-8.93%,58.33%,0.046512900945293145,-0.06362152684987821,3.10,6.45%,0.31%,127.64,37,0.00%,-1.32%,-1.12%,-3.57%,-0.30%,False
conf_2m_cdi_00_20_10_20,2,8,0.00%,20.00%,10.00%,20.00%,12.50%,20.00%,-1.75%,48,26.37%,26.00%,5.95%,7.65%,0.78,-8.93%,58.33%,0.04152069542759018,-0.06362152684987821,2.94,6.12%,0.29%,126.00,37,0.00%,-1.69%,-1.12%,-5.11%,-0.30%,False
conf_2m_cdi_00_20_10_30,2,8,0.00%,20.00%,10.00%,30.00%,15.00%,30.00%,-2.10%,48,24.71%,24.33%,5.59%,7.51%,0.74,-8.93%,58.33%,0.04022408627227558,-0.06362152684987821,3.09,6.43%,0.31%,124.33,37,0.00%,-2.06%,-1.12%,-6.67%,-0.30%,False
conf_2m_cdi_00_20_10_40,2,8,0.00%,20.00%,10.00%,40.00%,17.50%,40.00%,-2.46%,48,23.07%,22.67%,5.24%,7.39%,0.71,-8.93%,58.33%,0.04022408627227558,-0.06362152684987821,3.28,6.82%,0.33%,122.67,37,0.00%,-2.43%,-1.12%,-8.22%,-0.30%,False
conf_2m_cdi_00_20_10_50,2,8,0.00%,20.00%,10.00%,50.00%,20.00%,50.00%,-2.81%,48,21.44%,21.02%,4.89%,7.29%,0.67,-8.93%,58.33%,0.04022408627227558,-0.06362152684987821,3.47,7.22%,0.35%,121.02,37,0.00%,-2.80%,-1.12%,-9.89%,-0.30%,False
conf_2m_cdi_00_20_20_00,2,8,0.00%,20.00%,20.00%,0.00%,10.00%,20.00%,-0.92%,48,30.40%,29.99%,6.78%,7.93%,0.85,-8.93%,58.33%,0.051505551784493786,-0.06362152684987821,3.12,6.50%,0.31%,129.99,37,10.81%,-0.77%,-0.76%,-2.02%,0.25%,False
conf_2m_cdi_00_20_20_10,2,8,0.00%,20.00%,20.00%,10.00%,12.50%,20.00%,-1.26%,48,28.70%,28.33%,6.43%,7.77%,0.83,-8.93%,58.33%,0.046512900945293145,-0.06362152684987821,2.92,6.08%,0.29%,128.33,37,10.81%,-1.14%,-0.96%,-3.57%,0.25%,False
conf_2m_cdi_00_20_20_20,2,8,0.00%,20.00%,20.00%,20.00%,15.00%,20.00%,-1.61%,48,27.02%,26.67%,6.09%,7.62%,0.80,-8.93%,58.33%,0.04152069542759018,-0.06362152684987821,2.76,5.74%,0.28%,126.67,37,10.81%,-1.50%,-0.99%,-5.11%,0.25%,False
conf_2m_cdi_00_20_20_30,2,8,0.00%,20.00%,20.00%,30.00%,17.50%,30.00%,-1.96%,48,25.36%,24.99%,5.74%,7.48%,0.77,-8.93%,58.33%,0.04022408627227558,-0.06362152684987821,2.91,6.06%,0.29%,124.99,37,10.81%,-1.88%,-0.99%,-6.67%,0.25%,False
conf_2m_cdi_00_20_20_40,2,8,0.00%,20.00%,20.00%,40.00%,20.00%,40.00%,-2.31%,48,23.71%,23.32%,5.38%,7.36%,0.73,-8.93%,58.33%,0.04022408627227558,-0.06362152684987821,3.10,6.45%,0.31%,123.32,37,10.81%,-2.25%,-0.99%,-8.22%,0.25%,False
conf_2m_cdi_00_20_20_50,2,8,0.00%,20.00%,20.00%,50.00%,22.50%,50.00%,-2.67%,48,22.07%,21.67%,5.03%,7.26%,0.69,-8.93%,58.33%,0.04022408627227558,-0.06362152684987821,3.29,6.85%,0.33%,121.67,37,10.81%,-2.62%,-0.99%,-9.89%,0.25%,False
conf_2m_cdi_00_20_30_00,2,8,0.00%,20.00%,30.00%,0.00%,12.50%,30.00%,-0.78%,48,31.07%,30.64%,6.91%,7.90%,0.87,-8.93%,60.42%,0.051505551784493786,-0.06362152684987821,3.28,6.83%,0.33%,130.64,37,24.32%,-0.59%,-0.69%,-2.02%,0.77%,False
conf_2m_cdi_00_20_30_10,2,8,0.00%,20.00%,30.00%,10.00%,15.00%,30.00%,-1.13%,48,29.37%,28.97%,6.57%,7.74%,0.85,-8.93%,60.42%,0.046512900945293145,-0.06362152684987821,3.08,6.41%,0.31%,128.97,37,24.32%,-0.96%,-0.96%,-3.57%,0.77%,False
conf_2m_cdi_00_20_30_20,2,8,0.00%,20.00%,30.00%,20.00%,17.50%,30.00%,-1.47%,48,27.68%,27.31%,6.22%,7.59%,0.82,-8.93%,60.42%,0.04152069542759018,-0.06362152684987821,2.92,6.08%,0.29%,127.31,37,24.32%,-1.33%,-0.96%,-5.11%,0.77%,False
conf_2m_cdi_00_20_30_30,2,8,0.00%,20.00%,30.00%,30.00%,20.00%,30.00%,-1.83%,48,26.00%,25.62%,5.87%,7.45%,0.79,-8.93%,60.42%,0.04022408627227558,-0.06362152684987821,3.07,6.39%,0.31%,125.62,37,24.32%,-1.71%,-0.96%,-6.67%,0.77%,False
conf_2m_cdi_00_20_30_40,2,8,0.00%,20.00%,30.00%,40.00%,22.50%,40.00%,-2.18%,48,24.34%,23.94%,5.51%,7.33%,0.75,-8.93%,60.42%,0.04022408627227558,-0.06362152684987821,3.26,6.78%,0.33%,123.94,37,24.32%,-2.08%,-0.96%,-8.22%,0.77%,False
conf_2m_cdi_00_20_30_50,2,8,0.00%,20.00%,30.00%,50.00%,25.00%,50.00%,-2.54%,48,22.70%,22.28%,5.16%,7.23%,0.71,-8.93%,60.42%,0.04022408627227558,-0.06362152684987821,3.45,7.18%,0.34%,122.28,37,24.32%,-2.45%,-0.99%,-9.89%,0.77%,False
conf_2m_cdi_00_20_40_00,2,8,0.00%,20.00%,40.00%,0.00%,15.00%,40.00%,-0.65%,48,31.75%,31.29%,7.04%,7.88%,0.89,-8.93%,60.42%,0.051505551784493786,-0.06362152684987821,3.47,7.23%,0.35%,131.29,37,35.14%,-0.42%,-0.69%,-2.02%,1.29%,False
conf_2m_cdi_00_20_40_10,2,8,0.00%,20.00%,40.00%,10.00%,17.50%,40.00%,-1.00%,48,30.03%,29.61%,6.70%,7.71%,0.87,-8.93%,60.42%,0.046512900945293145,-0.06362152684987821,3.27,6.81%,0.33%,129.61,37,29.73%,-0.79%,-0.95%,-3.57%,1.29%,False
conf_2m_cdi_00_20_40_20,2,8,0.00%,20.00%,40.00%,20.00%,20.00%,40.00%,-1.34%,48,28.34%,27.94%,6.35%,7.56%,0.84,-8.93%,60.42%,0.04152069542759018,-0.06362152684987821,3.11,6.48%,0.31%,127.94,37,29.73%,-1.16%,-0.96%,-5.11%,1.29%,False
conf_2m_cdi_00_20_40_30,2,8,0.00%,20.00%,40.00%,30.00%,22.50%,40.00%,-1.70%,48,26.65%,26.24%,6.00%,7.43%,0.81,-8.93%,60.42%,0.04022408627227558,-0.06362152684987821,3.26,6.79%,0.33%,126.24,37,29.73%,-1.54%,-0.96%,-6.67%,1.29%,False
conf_2m_cdi_00_20_40_40,2,8,0.00%,20.00%,40.00%,40.00%,25.00%,40.00%,-2.05%,48,24.99%,24.56%,5.64%,7.31%,0.77,-8.93%,60.42%,0.04022408627227558,-0.06362152684987821,3.45,7.18%,0.34%,124.56,37,29.73%,-1.91%,-0.96%,-8.22%,1.29%,False
conf_2m_cdi_00_20_40_50,2,8,0.00%,20.00%,40.00%,50.00%,27.50%,50.00%,-2.41%,48,23.33%,22.89%,5.29%,7.20%,0.73,-8.93%,60.42%,0.04022408627227558,-0.06362152684987821,3.64,7.58%,0.36%,122.89,37,29.73%,-2.28%,-0.96%,-9.89%,1.29%,False
conf_2m_cdi_00_20_50_00,2,8,0.00%,20.00%,50.00%,0.00%,17.50%,50.00%,-0.52%,48,32.42%,31.94%,7.18%,7.86%,0.91,-8.93%,60.42%,0.051505551784493786,-0.06362152684987821,3.66,7.63%,0.37%,131.94,37,40.54%,-0.25%,-0.69%,-2.02%,1.81%,False
conf_2m_cdi_00_20_50_10,2,8,0.00%,20.00%,50.00%,10.00%,20.00%,50.00%,-0.86%,48,30.70%,30.25%,6.83%,7.69%,0.89,-8.93%,60.42%,0.046512900945293145,-0.06362152684987821,3.46,7.21%,0.35%,130.25,37,35.14%,-0.62%,-0.92%,-3.57%,1.81%,False
conf_2m_cdi_00_20_50_20,2,8,0.00%,20.00%,50.00%,20.00%,22.50%,50.00%,-1.21%,48,29.00%,28.57%,6.48%,7.54%,0.86,-8.93%,60.42%,0.04152069542759018,-0.06362152684987821,3.30,6.87%,0.33%,128.57,37,35.14%,-0.99%,-0.96%,-5.11%,1.81%,False
conf_2m_cdi_00_20_50_30,2,8,0.00%,20.00%,50.00%,30.00%,25.00%,50.00%,-1.57%,48,27.31%,26.87%,6.13%,7.41%,0.83,-8.93%,60.42%,0.04022408627227558,-0.06362152684987821,3.45,7.18%,0.34%,126.87,37,35.14%,-1.36%,-0.96%,-6.67%,1.81%,False
conf_2m_cdi_00_20_50_40,2,8,0.00%,20.00%,50.00%,40.00%,27.50%,50.00%,-1.92%,48,25.63%,25.17%,5.77%,7.29%,0.79,-8.93%,60.42%,0.04022408627227558,-0.06362152684987821,3.64,7.58%,0.36%,125.17,37,32.43%,-1.74%,-0.96%,-8.22%,1.81%,False
conf_2m_cdi_00_20_50_50,2,8,0.00%,20.00%,50.00%,50.00%,30.00%,50.00%,-2.28%,48,23.97%,23.49%,5.42%,7.18%,0.75,-8.93%,60.42%,0.04022408627227558,-0.06362152684987821,3.83,7.98%,0.38%,123.49,37,32.43%,-2.11%,-0.96%,-9.89%,1.81%,False
conf_2m_cdi_00_30_00_00,2,8,0.00%,30.00%,0.00%,0.00%,7.50%,30.00%,-1.78%,48,26.39%,25.85%,5.92%,7.78%,0.76,-8.93%,58.33%,0.051505551784493786,-0.06362152684987821,4.26,8.87%,0.43%,125.85,37,0.00%,-1.73%,-1.49%,-3.90%,-0.55%,False
conf_2m_cdi_00_30_00_10,2,8,0.00%,30.00%,0.00%,10.00%,10.00%,30.00%,-2.12%,48,24.75%,24.24%,5.58%,7.60%,0.73,-8.93%,58.33%,0.046512900945293145,-0.06362152684987821,4.05,8.45%,0.41%,124.24,37,0.00%,-2.09%,-1.49%,-5.42%,-0.55%,False
conf_2m_cdi_00_30_00_20,2,8,0.00%,30.00%,0.00%,20.00%,12.50%,30.00%,-2.46%,48,23.12%,22.64%,5.24%,7.45%,0.70,-8.93%,58.33%,0.04152069542759018,-0.06362152684987821,3.85,8.02%,0.39%,122.64,37,0.00%,-2.45%,-1.49%,-6.93%,-0.55%,False
conf_2m_cdi_00_30_00_30,2,8,0.00%,30.00%,0.00%,30.00%,15.00%,30.00%,-2.80%,48,21.50%,21.06%,4.89%,7.31%,0.67,-8.93%,58.33%,0.03652893371422139,-0.06362152684987821,3.69,7.68%,0.37%,121.06,37,0.00%,-2.81%,-1.49%,-8.54%,-0.55%,False
conf_2m_cdi_00_30_00_40,2,8,0.00%,30.00%,0.00%,40.00%,17.50%,40.00%,-3.15%,48,19.90%,19.44%,4.54%,7.18%,0.63,-8.93%,58.33%,0.035434158421161266,-0.06362152684987821,3.84,8.00%,0.38%,119.44,37,0.00%,-3.18%,-1.49%,-10.21%,-0.55%,False
conf_2m_cdi_00_30_00_50,2,8,0.00%,30.00%,0.00%,50.00%,20.00%,50.00%,-3.51%,48,18.32%,17.84%,4.19%,7.07%,0.59,-8.93%,58.33%,0.035434158421161266,-0.06362152684987821,4.03,8.40%,0.40%,117.84,37,0.00%,-3.54%,-1.49%,-11.88%,-0.55%,False
conf_2m_cdi_00_30_10_00,2,8,0.00%,30.00%,10.00%,0.00%,10.00%,30.00%,-1.64%,48,27.05%,26.53%,6.06%,7.74%,0.78,-8.93%,58.33%,0.051505551784493786,-0.06362152684987821,4.05,8.44%,0.41%,126.53,37,0.00%,-1.54%,-1.19%,-3.90%,-0.55%,False
conf_2m_cdi_00_30_10_10,2,8,0.00%,30.00%,10.00%,10.00%,12.50%,30.00%,-1.98%,48,25.39%,24.91%,5.72%,7.57%,0.76,-8.93%,58.33%,0.046512900945293145,-0.06362152684987821,3.85,8.01%,0.38%,124.91,37,0.00%,-1.91%,-1.19%,-5.42%,-0.55%,False
conf_2m_cdi_00_30_10_20,2,8,0.00%,30.00%,10.00%,20.00%,15.00%,30.00%,-2.32%,48,23.76%,23.31%,5.38%,7.41%,0.73,-8.93%,58.33%,0.04152069542759018,-0.06362152684987821,3.64,7.59%,0.36%,123.31,37,0.00%,-2.27%,-1.19%,-6.93%,-0.55%,False
conf_2m_cdi_00_30_10_30,2,8,0.00%,30.00%,10.00%,30.00%,17.50%,30.00%,-2.66%,48,22.13%,21.71%,5.03%,7.27%,0.69,-8.93%,58.33%,0.03652893371422139,-0.06362152684987821,3.48,7.25%,0.35%,121.71,37,0.00%,-2.63%,-1.19%,-8.54%,-0.55%,False
conf_2m_cdi_00_30_10_40,2,8,0.00%,30.00%,10.00%,40.00%,20.00%,40.00%,-3.01%,48,20.53%,20.09%,4.68%,7.14%,0.66,-8.93%,58.33%,0.035434158421161266,-0.06362152684987821,3.63,7.57%,0.36%,120.09,37,0.00%,-3.00%,-1.19%,-10.21%,-0.55%,False
conf_2m_cdi_00_30_10_50,2,8,0.00%,30.00%,10.00%,50.00%,22.50%,50.00%,-3.37%,48,18.93%,18.48%,4.33%,7.03%,0.62,-8.93%,58.33%,0.035434158421161266,-0.06362152684987821,3.82,7.96%,0.38%,118.48,37,0.00%,-3.36%,-1.19%,-11.88%,-0.55%,False
conf_2m_cdi_00_30_20_00,2,8,0.00%,30.00%,20.00%,0.00%,12.50%,30.00%,-1.49%,48,27.70%,27.21%,6.20%,7.71%,0.80,-8.93%,58.33%,0.051505551784493786,-0.06362152684987821,3.85,8.02%,0.38%,127.21,37,0.00%,-1.36%,-1.05%,-3.90%,-0.05%,False
conf_2m_cdi_00_30_20_10,2,8,0.00%,30.00%,20.00%,10.00%,15.00%,30.00%,-1.83%,48,26.04%,25.58%,5.86%,7.54%,0.78,-8.93%,58.33%,0.046512900945293145,-0.06362152684987821,3.64,7.59%,0.36%,125.58,37,0.00%,-1.72%,-1.05%,-5.42%,-0.05%,False
conf_2m_cdi_00_30_20_20,2,8,0.00%,30.00%,20.00%,20.00%,17.50%,30.00%,-2.18%,48,24.40%,23.97%,5.52%,7.38%,0.75,-8.93%,58.33%,0.04152069542759018,-0.06362152684987821,3.44,7.17%,0.34%,123.97,37,0.00%,-2.09%,-1.05%,-6.93%,-0.05%,False
conf_2m_cdi_00_30_20_30,2,8,0.00%,30.00%,20.00%,30.00%,20.00%,30.00%,-2.52%,48,22.77%,22.36%,5.18%,7.24%,0.72,-8.93%,58.33%,0.03652893371422139,-0.06362152684987821,3.28,6.83%,0.33%,122.36,37,0.00%,-2.45%,-1.05%,-8.54%,-0.05%,False
conf_2m_cdi_00_30_20_40,2,8,0.00%,30.00%,20.00%,40.00%,22.50%,40.00%,-2.87%,48,21.15%,20.74%,4.82%,7.11%,0.68,-8.93%,58.33%,0.035434158421161266,-0.06362152684987821,3.43,7.14%,0.34%,120.74,37,0.00%,-2.81%,-1.05%,-10.21%,-0.05%,False
conf_2m_cdi_00_30_20_50,2,8,0.00%,30.00%,20.00%,50.00%,25.00%,50.00%,-3.23%,48,19.55%,19.12%,4.47%,7.00%,0.64,-8.93%,58.33%,0.035434158421161266,-0.06362152684987821,3.62,7.54%,0.36%,119.12,37,0.00%,-3.18%,-1.05%,-11.88%,-0.05%,False
conf_2m_cdi_00_30_30_00,2,8,0.00%,30.00%,30.00%,0.00%,15.00%,30.00%,-1.35%,48,28.36%,27.89%,6.34%,7.68%,0.83,-8.93%,60.42%,0.051505551784493786,-0.06362152684987821,3.67,7.64%,0.37%,127.89,37,16.22%,-1.18%,-1.05%,-3.90%,0.51%,False
conf_2m_cdi_00_30_30_10,2,8,0.00%,30.00%,30.00%,10.00%,17.50%,30.00%,-1.69%,48,26.69%,26.26%,6.00%,7.51%,0.80,-8.93%,60.42%,0.046512900945293145,-0.06362152684987821,3.46,7.22%,0.35%,126.26,37,16.22%,-1.54%,-1.05%,-5.42%,0.51%,False
conf_2m_cdi_00_30_30_20,2,8,0.00%,30.00%,30.00%,20.00%,20.00%,30.00%,-2.04%,48,25.04%,24.63%,5.66%,7.35%,0.77,-8.93%,60.42%,0.04152069542759018,-0.06362152684987821,3.26,6.79%,0.33%,124.63,37,16.22%,-1.90%,-1.05%,-6.93%,0.51%,False
conf_2m_cdi_00_30_30_30,2,8,0.00%,30.00%,30.00%,30.00%,22.50%,30.00%,-2.38%,48,23.40%,23.02%,5.32%,7.21%,0.74,-8.93%,60.42%,0.03652893371422139,-0.06362152684987821,3.10,6.45%,0.31%,123.02,37,16.22%,-2.26%,-1.05%,-8.54%,0.51%,False
conf_2m_cdi_00_30_30_40,2,8,0.00%,30.00%,30.00%,40.00%,25.00%,40.00%,-2.73%,48,21.78%,21.38%,4.96%,7.08%,0.70,-8.93%,60.42%,0.035434158421161266,-0.06362152684987821,3.25,6.77%,0.32%,121.38,37,16.22%,-2.63%,-1.05%,-10.21%,0.51%,False
conf_2m_cdi_00_30_30_50,2,8,0.00%,30.00%,30.00%,50.00%,27.50%,50.00%,-3.09%,48,20.17%,19.75%,4.61%,6.97%,0.66,-8.93%,60.42%,0.035434158421161266,-0.06362152684987821,3.44,7.17%,0.34%,119.75,37,16.22%,-3.00%,-1.05%,-11.88%,0.51%,False
conf_2m_cdi_00_30_40_00,2,8,0.00%,30.00%,40.00%,0.00%,17.50%,40.00%,-1.22%,48,29.03%,28.53%,6.48%,7.65%,0.85,-8.93%,60.42%,0.051505551784493786,-0.06362152684987821,3.83,7.98%,0.38%,128.53,37,24.32%,-1.00%,-0.99%,-3.90%,1.03%,False
conf_2m_cdi_00_30_40_10,2,8,0.00%,30.00%,40.00%,10.00%,20.00%,40.00%,-1.56%,48,27.35%,26.89%,6.13%,7.48%,0.82,-8.93%,60.42%,0.046512900945293145,-0.06362152684987821,3.63,7.56%,0.36%,126.89,37,24.32%,-1.37%,-0.99%,-5.42%,1.03%,False
conf_2m_cdi_00_30_40_20,2,8,0.00%,30.00%,40.00%,20.00%,22.50%,40.00%,-1.90%,48,25.69%,25.26%,5.79%,7.33%,0.79,-8.93%,60.42%,0.04152069542759018,-0.06362152684987821,3.42,7.13%,0.34%,125.26,37,24.32%,-1.73%,-0.99%,-6.93%,1.03%,False
conf_2m_cdi_00_30_40_30,2,8,0.00%,30.00%,40.00%,30.00%,25.00%,40.00%,-2.25%,48,24.04%,23.63%,5.45%,7.18%,0.76,-8.93%,60.42%,0.03652893371422139,-0.06362152684987821,3.26,6.79%,0.33%,123.63,37,24.32%,-2.09%,-0.99%,-8.54%,1.03%,False
conf_2m_cdi_00_30_40_40,2,8,0.00%,30.00%,40.00%,40.00%,27.50%,40.00%,-2.60%,48,22.40%,21.99%,5.09%,7.06%,0.72,-8.93%,60.42%,0.035434158421161266,-0.06362152684987821,3.41,7.11%,0.34%,121.99,37,24.32%,-2.46%,-0.99%,-10.21%,1.03%,False
conf_2m_cdi_00_30_40_50,2,8,0.00%,30.00%,40.00%,50.00%,30.00%,50.00%,-2.96%,48,20.79%,20.35%,4.74%,6.95%,0.68,-8.93%,60.42%,0.035434158421161266,-0.06362152684987821,3.60,7.51%,0.36%,120.35,37,24.32%,-2.83%,-0.99%,-11.88%,1.03%,False
conf_2m_cdi_00_30_50_00,2,8,0.00%,30.00%,50.00%,0.00%,20.00%,50.00%,-1.09%,48,29.69%,29.17%,6.61%,7.63%,0.87,-8.93%,60.42%,0.051505551784493786,-0.06362152684987821,4.02,8.38%,0.40%,129.17,37,27.03%,-0.83%,-0.96%,-3.90%,1.55%,False
conf_2m_cdi_00_30_50_10,2,8,0.00%,30.00%,50.00%,10.00%,22.50%,50.00%,-1.43%,48,28.00%,27.52%,6.27%,7.46%,0.84,-8.93%,60.42%,0.046512900945293145,-0.06362152684987821,3.82,7.95%,0.38%,127.52,37,27.03%,-1.20%,-0.96%,-5.42%,1.55%,False
conf_2m_cdi_00_30_50_20,2,8,0.00%,30.00%,50.00%,20.00%,25.00%,50.00%,-1.77%,48,26.33%,25.88%,5.92%,7.30%,0.81,-8.93%,60.42%,0.04152069542759018,-0.06362152684987821,3.61,7.53%,0.36%,125.88,37,27.03%,-1.56%,-0.96%,-6.93%,1.55%,False
conf_2m_cdi_00_30_50_30,2,8,0.00%,30.00%,50.00%,30.00%,27.50%,50.00%,-2.12%,48,24.68%,24.25%,5.58%,7.16%,0.78,-8.93%,60.42%,0.03652893371422139,-0.06362152684987821,3.45,7.19%,0.35%,124.25,37,27.03%,-1.92%,-0.99%,-8.54%,1.55%,False
conf_2m_cdi_00_30_50_40,2,8,0.00%,30.00%,50.00%,40.00%,30.00%,50.00%,-2.47%,48,23.03%,22.59%,5.22%,7.04%,0.74,-8.93%,60.42%,0.035434158421161266,-0.06362152684987821,3.60,7.51%,0.36%,122.59,37,27.03%,-2.29%,-0.99%,-10.21%,1.55%,False
conf_2m_cdi_00_30_50_50,2,8,0.00%,30.00%,50.00%,50.00%,32.50%,50.00%,-2.83%,48,21.41%,20.95%,4.87%,6.93%,0.70,-8.93%,60.42%,0.035434158421161266,-0.06362152684987821,3.79,7.90%,0.38%,120.95,37,27.03%,-2.66%,-0.99%,-11.88%,1.55%,False
conf_2m_cdi_00_40_00_00,2,8,0.00%,40.00%,0.00%,0.00%,10.00%,40.00%,-2.35%,48,23.77%,23.15%,5.34%,7.58%,0.71,-8.93%,62.50%,0.051505551784493786,-0.06362152684987821,5.03,10.48%,0.50%,123.15,37,0.00%,-2.31%,-1.62%,-5.75%,-0.40%,False
conf_2m_cdi_00_40_00_10,2,8,0.00%,40.00%,0.00%,10.00%,12.50%,40.00%,-2.69%,48,22.16%,21.57%,5.00%,7.40%,0.68,-8.93%,62.50%,0.046512900945293145,-0.06362152684987821,4.83,10.06%,0.48%,121.57,37,0.00%,-2.67%,-1.62%,-7.34%,-0.40%,False
conf_2m_cdi_00_40_00_20,2,8,0.00%,40.00%,0.00%,20.00%,15.00%,40.00%,-3.03%,48,20.56%,20.01%,4.66%,7.23%,0.64,-8.93%,62.50%,0.04152069542759018,-0.06362152684987821,4.62,9.63%,0.46%,120.01,37,0.00%,-3.03%,-1.62%,-8.98%,-0.40%,False
conf_2m_cdi_00_40_00_30,2,8,0.00%,40.00%,0.00%,30.00%,17.50%,40.00%,-3.37%,48,18.98%,18.46%,4.33%,7.09%,0.61,-8.93%,62.50%,0.03652893371422139,-0.06362152684987821,4.41,9.20%,0.44%,118.46,37,0.00%,-3.38%,-1.62%,-10.60%,-0.40%,False
conf_2m_cdi_00_40_00_40,2,8,0.00%,40.00%,0.00%,40.00%,20.00%,40.00%,-3.71%,48,17.42%,16.92%,3.98%,6.96%,0.57,-8.93%,62.50%,0.03153747705339782,-0.06362152684987821,4.25,8.85%,0.42%,116.92,37,0.00%,-3.74%,-1.62%,-12.21%,-0.40%,False
conf_2m_cdi_00_40_00_50,2,8,0.00%,40.00%,0.00%,50.00%,22.50%,50.00%,-4.06%,48,15.86%,15.35%,3.64%,6.84%,0.53,-8.93%,62.50%,0.030745000645739484,-0.06362152684987821,4.40,9.18%,0.44%,115.35,37,0.00%,-4.10%,-1.62%,-13.84%,-0.40%,False
conf_2m_cdi_00_40_10_00,2,8,0.00%,40.00%,10.00%,0.00%,12.50%,40.00%,-2.21%,48,24.41%,23.81%,5.48%,7.54%,0.73,-8.93%,62.50%,0.051505551784493786,-0.06362152684987821,4.82,10.05%,0.48%,123.81,37,0.00%,-2.13%,-1.46%,-5.75%,-0.40%,False
conf_2m_cdi_00_40_10_10,2,8,0.00%,40.00%,10.00%,10.00%,15.00%,40.00%,-2.55%,48,22.79%,22.23%,5.15%,7.36%,0.70,-8.93%,62.50%,0.046512900945293145,-0.06362152684987821,4.62,9.62%,0.46%,122.23,37,0.00%,-2.49%,-1.46%,-7.34%,-0.40%,False
conf_2m_cdi_00_40_10_20,2,8,0.00%,40.00%,10.00%,20.00%,17.50%,40.00%,-2.89%,48,21.19%,20.65%,4.81%,7.20%,0.67,-8.93%,62.50%,0.04152069542759018,-0.06362152684987821,4.41,9.19%,0.44%,120.65,37,0.00%,-2.85%,-1.46%,-8.98%,-0.40%,False
conf_2m_cdi_00_40_10_30,2,8,0.00%,40.00%,10.00%,30.00%,20.00%,40.00%,-3.23%,48,19.60%,19.10%,4.47%,7.05%,0.63,-8.93%,62.50%,0.03652893371422139,-0.06362152684987821,4.21,8.76%,0.42%,119.10,37,0.00%,-3.20%,-1.46%,-10.60%,-0.40%,False
conf_2m_cdi_00_40_10_40,2,8,0.00%,40.00%,10.00%,40.00%,22.50%,40.00%,-3.57%,48,18.02%,17.55%,4.12%,6.92%,0.60,-8.93%,62.50%,0.03153747705339782,-0.06362152684987821,4.04,8.42%,0.40%,117.55,37,0.00%,-3.56%,-1.46%,-12.21%,-0.40%,False
conf_2m_cdi_00_40_10_50,2,8,0.00%,40.00%,10.00%,50.00%,25.00%,50.00%,-3.92%,48,16.46%,15.98%,3.77%,6.81%,0.55,-8.93%,62.50%,0.030745000645739484,-0.06362152684987821,4.20,8.74%,0.42%,115.98,37,0.00%,-3.91%,-1.46%,-13.84%,-0.40%,False
conf_2m_cdi_00_40_20_00,2,8,0.00%,40.00%,20.00%,0.00%,15.00%,40.00%,-2.07%,48,25.05%,24.48%,5.63%,7.51%,0.75,-8.93%,62.50%,0.051505551784493786,-0.06362152684987821,4.61,9.61%,0.46%,124.48,37,0.00%,-1.95%,-1.22%,-5.75%,-0.35%,False
conf_2m_cdi_00_40_20_10,2,8,0.00%,40.00%,20.00%,10.00%,17.50%,40.00%,-2.41%,48,23.43%,22.88%,5.29%,7.33%,0.72,-8.93%,62.50%,0.046512900945293145,-0.06362152684987821,4.41,9.19%,0.44%,122.88,37,0.00%,-2.31%,-1.22%,-7.34%,-0.35%,False
conf_2m_cdi_00_40_20_20,2,8,0.00%,40.00%,20.00%,20.00%,20.00%,40.00%,-2.75%,48,21.82%,21.30%,4.95%,7.17%,0.69,-8.93%,62.50%,0.04152069542759018,-0.06362152684987821,4.20,8.76%,0.42%,121.30,37,0.00%,-2.67%,-1.22%,-8.98%,-0.35%,False
conf_2m_cdi_00_40_20_30,2,8,0.00%,40.00%,20.00%,30.00%,22.50%,40.00%,-3.09%,48,20.22%,19.74%,4.61%,7.02%,0.66,-8.93%,62.50%,0.03652893371422139,-0.06362152684987821,4.00,8.33%,0.40%,119.74,37,0.00%,-3.02%,-1.22%,-10.60%,-0.35%,False
conf_2m_cdi_00_40_20_40,2,8,0.00%,40.00%,20.00%,40.00%,25.00%,40.00%,-3.43%,48,18.64%,18.18%,4.26%,6.89%,0.62,-8.93%,62.50%,0.03153747705339782,-0.06362152684987821,3.83,7.98%,0.38%,118.18,37,0.00%,-3.37%,-1.22%,-12.21%,-0.35%,False
conf_2m_cdi_00_40_20_50,2,8,0.00%,40.00%,20.00%,50.00%,27.50%,50.00%,-3.78%,48,17.07%,16.60%,3.91%,6.77%,0.58,-8.93%,62.50%,0.030745000645739484,-0.06362152684987821,3.99,8.31%,0.40%,116.60,37,0.00%,-3.73%,-1.22%,-13.84%,-0.35%,False
conf_2m_cdi_00_40_30_00,2,8,0.00%,40.00%,30.00%,0.00%,17.50%,40.00%,-1.93%,48,25.70%,25.15%,5.77%,7.48%,0.77,-8.93%,64.58%,0.051505551784493786,-0.06362152684987821,4.41,9.19%,0.44%,125.15,37,5.41%,-1.77%,-0.96%,-5.75%,0.21%,False
conf_2m_cdi_00_40_30_10,2,8,0.00%,40.00%,30.00%,10.00%,20.00%,40.00%,-2.27%,48,24.07%,23.54%,5.43%,7.30%,0.74,-8.93%,64.58%,0.046512900945293145,-0.06362152684987821,4.20,8.76%,0.42%,123.54,37,5.41%,-2.13%,-0.96%,-7.34%,0.21%,False
conf_2m_cdi_00_40_30_20,2,8,0.00%,40.00%,30.00%,20.00%,22.50%,40.00%,-2.61%,48,22.45%,21.96%,5.09%,7.14%,0.71,-8.93%,64.58%,0.04152069542759018,-0.06362152684987821,4.00,8.33%,0.40%,121.96,37,5.41%,-2.48%,-0.96%,-8.98%,0.21%,False
conf_2m_cdi_00_40_30_30,2,8,0.00%,40.00%,30.00%,30.00%,25.00%,40.00%,-2.95%,48,20.84%,20.38%,4.75%,6.99%,0.68,-8.93%,64.58%,0.03652893371422139,-0.06362152684987821,3.79,7.90%,0.38%,120.38,37,5.41%,-2.84%,-0.96%,-10.60%,0.21%,False
conf_2m_cdi_00_40_30_40,2,8,0.00%,40.00%,30.00%,40.00%,27.50%,40.00%,-3.29%,48,19.25%,18.82%,4.40%,6.86%,0.64,-8.93%,64.58%,0.03153747705339782,-0.06362152684987821,3.63,7.55%,0.36%,118.82,37,5.41%,-3.19%,-0.96%,-12.21%,0.21%,False
conf_2m_cdi_00_40_30_50,2,8,0.00%,40.00%,30.00%,50.00%,30.00%,50.00%,-3.64%,48,17.67%,17.23%,4.05%,6.74%,0.60,-8.93%,64.58%,0.030745000645739484,-0.06362152684987821,3.78,7.88%,0.38%,117.23,37,5.41%,-3.55%,-0.96%,-13.84%,0.21%,False
conf_2m_cdi_00_40_40_00,2,8,0.00%,40.00%,40.00%,0.00%,20.00%,40.00%,-1.79%,48,26.35%,25.81%,5.91%,7.45%,0.79,-8.93%,64.58%,0.051505551784493786,-0.06362152684987821,4.23,8.81%,0.42%,125.81,37,16.22%,-1.58%,-0.93%,-5.75%,0.77%,False
conf_2m_cdi_00_40_40_10,2,8,0.00%,40.00%,40.00%,10.00%,22.50%,40.00%,-2.13%,48,24.71%,24.20%,5.57%,7.27%,0.77,-8.93%,64.58%,0.046512900945293145,-0.06362152684987821,4.02,8.38%,0.40%,124.20,37,16.22%,-1.94%,-0.93%,-7.34%,0.77%,False
conf_2m_cdi_00_40_40_20,2,8,0.00%,40.00%,40.00%,20.00%,25.00%,40.00%,-2.47%,48,23.08%,22.61%,5.23%,7.11%,0.74,-8.93%,64.58%,0.04152069542759018,-0.06362152684987821,3.82,7.95%,0.38%,122.61,37,16.22%,-2.30%,-0.93%,-8.98%,0.77%,False
conf_2m_cdi_00_40_40_30,2,8,0.00%,40.00%,40.00%,30.00%,27.50%,40.00%,-2.81%,48,21.46%,21.03%,4.89%,6.96%,0.70,-8.93%,64.58%,0.03652893371422139,-0.06362152684987821,3.61,7.52%,0.36%,121.03,37,16.22%,-2.66%,-0.93%,-10.60%,0.77%,False
conf_2m_cdi_00_40_40_40,2,8,0.00%,40.00%,40.00%,40.00%,30.00%,40.00%,-3.15%,48,19.86%,19.45%,4.54%,6.83%,0.67,-8.93%,64.58%,0.03153747705339782,-0.06362152684987821,3.45,7.18%,0.34%,119.45,37,16.22%,-3.01%,-0.93%,-12.21%,0.77%,False
conf_2m_cdi_00_40_40_50,2,8,0.00%,40.00%,40.00%,50.00%,32.50%,50.00%,-3.50%,48,18.28%,17.85%,4.19%,6.72%,0.62,-8.93%,64.58%,0.030745000645739484,-0.06362152684987821,3.60,7.50%,0.36%,117.85,37,16.22%,-3.37%,-0.93%,-13.84%,0.77%,False
conf_2m_cdi_00_40_50_00,2,8,0.00%,40.00%,50.00%,0.00%,22.50%,50.00%,-1.65%,48,27.00%,26.44%,6.04%,7.43%,0.81,-8.93%,64.58%,0.051505551784493786,-0.06362152684987821,4.40,9.16%,0.44%,126.44,37,24.32%,-1.41%,-0.93%,-5.75%,1.29%,False
conf_2m_cdi_00_40_50_10,2,8,0.00%,40.00%,50.00%,10.00%,25.00%,50.00%,-2.00%,48,25.35%,24.82%,5.70%,7.25%,0.79,-8.93%,64.58%,0.046512900945293145,-0.06362152684987821,4.19,8.73%,0.42%,124.82,37,24.32%,-1.77%,-0.93%,-7.34%,1.29%,False
conf_2m_cdi_00_40_50_20,2,8,0.00%,40.00%,50.00%,20.00%,27.50%,50.00%,-2.34%,48,23.71%,23.22%,5.36%,7.09%,0.76,-8.93%,64.58%,0.04152069542759018,-0.06362152684987821,3.98,8.30%,0.40%,123.22,37,24.32%,-2.13%,-0.93%,-8.98%,1.29%,False
conf_2m_cdi_00_40_50_30,2,8,0.00%,40.00%,50.00%,30.00%,30.00%,50.00%,-2.68%,48,22.09%,21.63%,5.02%,6.94%,0.72,-8.93%,64.58%,0.03652893371422139,-0.06362152684987821,3.78,7.87%,0.38%,121.63,37,24.32%,-2.49%,-0.93%,-10.60%,1.29%,False
conf_2m_cdi_00_40_50_40,2,8,0.00%,40.00%,50.00%,40.00%,32.50%,50.00%,-3.02%,48,20.48%,20.05%,4.67%,6.81%,0.69,-8.93%,64.58%,0.03153747705339782,-0.06362152684987821,3.61,7.53%,0.36%,120.05,37,24.32%,-2.84%,-0.93%,-12.21%,1.29%,False
conf_2m_cdi_00_40_50_50,2,8,0.00%,40.00%,50.00%,50.00%,35.00%,50.00%,-3.37%,48,18.89%,18.44%,4.32%,6.70%,0.65,-8.93%,64.58%,0.030745000645739484,-0.06362152684987821,3.77,7.85%,0.38%,118.44,37,24.32%,-3.20%,-0.93%,-13.84%,1.29%,False
conf_2m_cdi_00_50_00_00,2,8,0.00%,50.00%,0.00%,0.00%,12.50%,50.00%,-2.93%,48,21.19%,20.49%,4.77%,7.40%,0.64,-8.93%,62.50%,0.051505551784493786,-0.06362152684987821,5.80,12.09%,0.58%,120.49,37,0.00%,-2.90%,-1.82%,-7.81%,-0.26%,False
conf_2m_cdi_00_50_00_10,2,8,0.00%,50.00%,0.00%,10.00%,15.00%,50.00%,-3.26%,48,19.61%,18.94%,4.43%,7.22%,0.61,-8.93%,62.50%,0.046512900945293145,-0.06362152684987821,5.60,11.66%,0.56%,118.94,37,0.00%,-3.25%,-1.82%,-9.44%,-0.26%,False
conf_2m_cdi_00_50_00_20,2,8,0.00%,50.00%,0.00%,20.00%,17.50%,50.00%,-3.60%,48,18.05%,17.41%,4.10%,7.05%,0.58,-8.93%,62.50%,0.04152069542759018,-0.06362152684987821,5.39,11.23%,0.54%,117.41,37,0.00%,-3.60%,-1.82%,-11.04%,-0.26%,False
conf_2m_cdi_00_50_00_30,2,8,0.00%,50.00%,0.00%,30.00%,20.00%,50.00%,-3.94%,48,16.50%,15.90%,3.76%,6.89%,0.55,-8.93%,62.50%,0.03652893371422139,-0.06362152684987821,5.19,10.80%,0.52%,115.90,37,0.00%,-3.95%,-1.82%,-12.63%,-0.26%,False
conf_2m_cdi_00_50_00_40,2,8,0.00%,50.00%,0.00%,40.00%,22.50%,50.00%,-4.28%,48,14.97%,14.40%,3.42%,6.76%,0.51,-8.93%,62.50%,0.03153747705339782,-0.06362152684987821,4.98,10.37%,0.50%,114.40,37,0.00%,-4.30%,-1.82%,-14.21%,-0.26%,False
conf_2m_cdi_00_50_00_50,2,8,0.00%,50.00%,0.00%,50.00%,25.00%,50.00%,-4.61%,48,13.45%,12.90%,3.08%,6.64%,0.46,-8.93%,62.50%,0.030745000645739484,-0.06362152684987821,4.80,10.01%,0.48%,112.90,37,0.00%,-4.65%,-1.82%,-15.78%,-0.26%,False
conf_2m_cdi_00_50_10_00,2,8,0.00%,50.00%,10.00%,0.00%,15.00%,50.00%,-2.79%,48,21.82%,21.14%,4.91%,7.37%,0.67,-8.93%,62.50%,0.051505551784493786,-0.06362152684987821,5.59,11.65%,0.56%,121.14,37,0.00%,-2.72%,-1.70%,-7.81%,-0.26%,False
conf_2m_cdi_00_50_10_10,2,8,0.00%,50.00%,10.00%,10.00%,17.50%,50.00%,-3.12%,48,20.23%,19.59%,4.57%,7.18%,0.64,-8.93%,62.50%,0.046512900945293145,-0.06362152684987821,5.39,11.23%,0.54%,119.59,37,0.00%,-3.07%,-1.70%,-9.44%,-0.26%,False
conf_2m_cdi_00_50_10_20,2,8,0.00%,50.00%,10.00%,20.00%,20.00%,50.00%,-3.46%,48,18.66%,18.05%,4.24%,7.01%,0.60,-8.93%,62.50%,0.04152069542759018,-0.06362152684987821,5.18,10.80%,0.52%,118.05,37,0.00%,-3.42%,-1.70%,-11.04%,-0.26%,False
conf_2m_cdi_00_50_10_30,2,8,0.00%,50.00%,10.00%,30.00%,22.50%,50.00%,-3.80%,48,17.11%,16.52%,3.90%,6.86%,0.57,-8.93%,62.50%,0.03652893371422139,-0.06362152684987821,4.98,10.37%,0.50%,116.52,37,0.00%,-3.77%,-1.70%,-12.63%,-0.26%,False
conf_2m_cdi_00_50_10_40,2,8,0.00%,50.00%,10.00%,40.00%,25.00%,50.00%,-4.14%,48,15.56%,15.01%,3.56%,6.72%,0.53,-8.93%,62.50%,0.03153747705339782,-0.06362152684987821,4.77,9.93%,0.48%,115.01,37,0.00%,-4.12%,-1.70%,-14.21%,-0.26%,False
conf_2m_cdi_00_50_10_50,2,8,0.00%,50.00%,10.00%,50.00%,27.50%,50.00%,-4.48%,48,14.04%,13.51%,3.22%,6.60%,0.49,-8.93%,62.50%,0.030745000645739484,-0.06362152684987821,4.60,9.58%,0.46%,113.51,37,0.00%,-4.47%,-1.70%,-15.78%,-0.26%,False
conf_2m_cdi_00_50_20_00,2,8,0.00%,50.00%,20.00%,0.00%,17.50%,50.00%,-2.64%,48,22.45%,21.79%,5.05%,7.33%,0.69,-8.93%,62.50%,0.051505551784493786,-0.06362152684987821,5.39,11.22%,0.54%,121.79,37,0.00%,-2.54%,-1.46%,-7.81%,-0.26%,False
conf_2m_cdi_00_50_20_10,2,8,0.00%,50.00%,20.00%,10.00%,20.00%,50.00%,-2.98%,48,20.85%,20.23%,4.71%,7.15%,0.66,-8.93%,62.50%,0.046512900945293145,-0.06362152684987821,5.18,10.79%,0.52%,120.23,37,0.00%,-2.89%,-1.46%,-9.44%,-0.26%,False
conf_2m_cdi_00_50_20_20,2,8,0.00%,50.00%,20.00%,20.00%,22.50%,50.00%,-3.32%,48,19.28%,18.68%,4.38%,6.98%,0.63,-8.93%,62.50%,0.04152069542759018,-0.06362152684987821,4.97,10.36%,0.50%,118.68,37,0.00%,-3.24%,-1.46%,-11.04%,-0.26%,False
conf_2m_cdi_00_50_20_30,2,8,0.00%,50.00%,20.00%,30.00%,25.00%,50.00%,-3.66%,48,17.71%,17.15%,4.04%,6.82%,0.59,-8.93%,62.50%,0.03652893371422139,-0.06362152684987821,4.77,9.93%,0.48%,117.15,37,0.00%,-3.59%,-1.46%,-12.63%,-0.26%,False
conf_2m_cdi_00_50_20_40,2,8,0.00%,50.00%,20.00%,40.00%,27.50%,50.00%,-4.00%,48,16.16%,15.63%,3.70%,6.69%,0.55,-8.93%,62.50%,0.03153747705339782,-0.06362152684987821,4.56,9.50%,0.46%,115.63,37,0.00%,-3.94%,-1.46%,-14.21%,-0.26%,False
conf_2m_cdi_00_50_20_50,2,8,0.00%,50.00%,20.00%,50.00%,30.00%,50.00%,-4.34%,48,14.63%,14.12%,3.36%,6.57%,0.51,-8.93%,62.50%,0.030745000645739484,-0.06362152684987821,4.39,9.14%,0.44%,114.12,37,0.00%,-4.28%,-1.46%,-15.78%,-0.26%,False
conf_2m_cdi_00_50_30_00,2,8,0.00%,50.00%,30.00%,0.00%,20.00%,50.00%,-2.50%,48,23.08%,22.44%,5.19%,7.31%,0.71,-8.93%,64.58%,0.051505551784493786,-0.06362152684987821,5.18,10.78%,0.52%,122.44,37,0.00%,-2.35%,-1.22%,-7.81%,-0.09%,False
conf_2m_cdi_00_50_30_10,2,8,0.00%,50.00%,30.00%,10.00%,22.50%,50.00%,-2.84%,48,21.48%,20.88%,4.85%,7.12%,0.68,-8.93%,64.58%,0.046512900945293145,-0.06362152684987821,4.97,10.36%,0.50%,120.88,37,0.00%,-2.71%,-1.22%,-9.44%,-0.09%,False
conf_2m_cdi_00_50_30_20,2,8,0.00%,50.00%,30.00%,20.00%,25.00%,50.00%,-3.18%,48,19.89%,19.32%,4.52%,6.95%,0.65,-8.93%,64.58%,0.04152069542759018,-0.06362152684987821,4.77,9.93%,0.48%,119.32,37,0.00%,-3.06%,-1.22%,-11.04%,-0.09%,False
conf_2m_cdi_00_50_30_30,2,8,0.00%,50.00%,30.00%,30.00%,27.50%,50.00%,-3.52%,48,18.32%,17.78%,4.18%,6.80%,0.61,-8.93%,64.58%,0.03652893371422139,-0.06362152684987821,4.56,9.50%,0.46%,117.78,37,0.00%,-3.41%,-1.22%,-12.63%,-0.09%,False
conf_2m_cdi_00_50_30_40,2,8,0.00%,50.00%,30.00%,40.00%,30.00%,50.00%,-3.86%,48,16.76%,16.26%,3.84%,6.66%,0.58,-8.93%,64.58%,0.03153747705339782,-0.06362152684987821,4.35,9.06%,0.44%,116.26,37,0.00%,-3.76%,-1.22%,-14.21%,-0.09%,False
conf_2m_cdi_00_50_30_50,2,8,0.00%,50.00%,30.00%,50.00%,32.50%,50.00%,-4.20%,48,15.22%,14.74%,3.50%,6.54%,0.53,-8.93%,64.58%,0.030745000645739484,-0.06362152684987821,4.18,8.71%,0.42%,114.74,37,0.00%,-4.10%,-1.22%,-15.78%,-0.09%,False
conf_2m_cdi_00_50_40_00,2,8,0.00%,50.00%,40.00%,0.00%,22.50%,50.00%,-2.36%,48,23.71%,23.10%,5.33%,7.28%,0.73,-8.93%,64.58%,0.051505551784493786,-0.06362152684987821,4.97,10.35%,0.50%,123.10,37,10.81%,-2.17%,-1.09%,-7.81%,0.47%,False
conf_2m_cdi_00_50_40_10,2,8,0.00%,50.00%,40.00%,10.00%,25.00%,50.00%,-2.70%,48,22.11%,21.53%,4.99%,7.09%,0.70,-8.93%,64.58%,0.046512900945293145,-0.06362152684987821,4.76,9.92%,0.48%,121.53,37,10.81%,-2.53%,-1.09%,-9.44%,0.47%,False
conf_2m_cdi_00_50_40_20,2,8,0.00%,50.00%,40.00%,20.00%,27.50%,50.00%,-3.04%,48,20.51%,19.96%,4.66%,6.92%,0.67,-8.93%,64.58%,0.04152069542759018,-0.06362152684987821,4.56,9.49%,0.46%,119.96,37,10.81%,-2.88%,-1.09%,-11.04%,0.47%,False
conf_2m_cdi_00_50_40_30,2,8,0.00%,50.00%,40.00%,30.00%,30.00%,50.00%,-3.38%,48,18.93%,18.42%,4.32%,6.77%,0.64,-8.93%,64.58%,0.03652893371422139,-0.06362152684987821,4.35,9.06%,0.44%,118.42,37,10.81%,-3.23%,-1.09%,-12.63%,0.47%,False
conf_2m_cdi_00_50_40_40,2,8,0.00%,50.00%,40.00%,40.00%,32.50%,50.00%,-3.72%,48,17.37%,16.88%,3.98%,6.63%,0.60,-8.93%,64.58%,0.03153747705339782,-0.06362152684987821,4.14,8.63%,0.41%,116.88,37,10.81%,-3.58%,-1.09%,-14.21%,0.47%,False
conf_2m_cdi_00_50_40_50,2,8,0.00%,50.00%,40.00%,50.00%,35.00%,50.00%,-4.06%,48,15.81%,15.35%,3.64%,6.52%,0.56,-8.93%,64.58%,0.030745000645739484,-0.06362152684987821,3.97,8.27%,0.40%,115.35,37,10.81%,-3.92%,-1.09%,-15.78%,0.47%,False
conf_2m_cdi_00_50_50_00,2,8,0.00%,50.00%,50.00%,0.00%,25.00%,50.00%,-2.22%,48,24.35%,23.76%,5.47%,7.26%,0.75,-8.93%,64.58%,0.051505551784493786,-0.06362152684987821,4.79,9.97%,0.48%,123.76,37,18.92%,-1.99%,-0.92%,-7.81%,1.02%,False
conf_2m_cdi_00_50_50_10,2,8,0.00%,50.00%,50.00%,10.00%,27.50%,50.00%,-2.56%,48,22.73%,22.17%,5.13%,7.07%,0.73,-8.93%,64.58%,0.046512900945293145,-0.06362152684987821,4.58,9.54%,0.46%,122.17,37,18.92%,-2.34%,-0.92%,-9.44%,1.02%,False
conf_2m_cdi_00_50_50_20,2,8,0.00%,50.00%,50.00%,20.00%,30.00%,50.00%,-2.90%,48,21.13%,20.60%,4.79%,6.90%,0.69,-8.93%,64.58%,0.04152069542759018,-0.06362152684987821,4.38,9.12%,0.44%,120.60,37,18.92%,-2.70%,-0.92%,-11.04%,1.02%,False
conf_2m_cdi_00_50_50_30,2,8,0.00%,50.00%,50.00%,30.00%,32.50%,50.00%,-3.24%,48,19.54%,19.05%,4.45%,6.75%,0.66,-8.93%,64.58%,0.03652893371422139,-0.06362152684987821,4.17,8.68%,0.42%,119.05,37,18.92%,-3.05%,-0.92%,-12.63%,1.02%,False
conf_2m_cdi_00_50_50_40,2,8,0.00%,50.00%,50.00%,40.00%,35.00%,50.00%,-3.58%,48,17.97%,17.50%,4.11%,6.61%,0.62,-8.93%,64.58%,0.03153747705339782,-0.06362152684987821,3.96,8.25%,0.40%,117.50,37,18.92%,-3.39%,-0.92%,-14.21%,1.02%,False
conf_2m_cdi_00_50_50_50,2,8,0.00%,50.00%,50.00%,50.00%,37.50%,50.00%,-3.92%,48,16.41%,15.97%,3.77%,6.49%,0.58,-8.93%,64.58%,0.030745000645739484,-0.06362152684987821,3.79,7.89%,0.38%,115.97,37,18.92%,-3.74%,-0.92%,-15.78%,1.02%,False
conf_2m_cdi_10_00_00_00,2,8,10.00%,0.00%,0.00%,0.00%,2.50%,10.00%,0.78%,48,38.80%,38.46%,8.48%,8.10%,1.05,-7.97%,58.33%,0.051505551784493786,-0.056922128978817765,2.46,5.14%,0.25%,138.46,37,83.78%,0.76%,0.27%,-0.20%,3.04%,False
conf_2m_cdi_10_00_00_10,2,8,10.00%,0.00%,0.00%,10.00%,5.00%,10.00%,0.42%,48,37.00%,36.64%,8.12%,7.94%,1.02,-7.97%,58.33%,0.049702059655375885,-0.056922128978817765,2.61,5.44%,0.26%,136.64,37,83.78%,0.37%,0.27%,-0.20%,1.32%,False
conf_2m_cdi_10_00_00_20,2,8,10.00%,0.00%,0.00%,20.00%,7.50%,20.00%,0.06%,48,35.21%,34.83%,7.76%,7.79%,1.00,-7.97%,58.33%,0.049702059655375885,-0.056922128978817765,2.80,5.82%,0.28%,134.83,37,56.76%,-0.02%,0.09%,-1.13%,0.41%,False
conf_2m_cdi_10_00_00_30,2,8,10.00%,0.00%,0.00%,30.00%,10.00%,30.00%,-0.30%,48,33.44%,33.04%,7.40%,7.66%,0.97,-7.97%,58.33%,0.049702059655375885,-0.056922128978817765,2.99,6.22%,0.30%,133.04,37,56.76%,-0.41%,0.09%,-2.80%,0.41%,False
conf_2m_cdi_10_00_00_40,2,8,10.00%,0.00%,0.00%,40.00%,12.50%,40.00%,-0.66%,48,31.68%,31.26%,7.04%,7.55%,0.93,-7.97%,58.33%,0.049702059655375885,-0.056922128978817765,3.18,6.62%,0.32%,131.26,37,56.76%,-0.80%,0.05%,-4.46%,0.41%,False
conf_2m_cdi_10_00_00_50,2,8,10.00%,0.00%,0.00%,50.00%,15.00%,50.00%,-1.02%,48,29.94%,29.50%,6.68%,7.46%,0.90,-7.97%,58.33%,0.049702059655375885,-0.056922128978817765,3.37,7.02%,0.34%,129.50,37,54.05%,-1.18%,0.05%,-6.10%,0.41%,False
conf_2m_cdi_10_00_10_00,2,8,10.00%,0.00%,10.00%,0.00%,5.00%,10.00%,0.92%,48,39.52%,39.16%,8.61%,8.06%,1.07,-7.97%,58.33%,0.051505551784493786,-0.056922128978817765,2.62,5.45%,0.26%,139.16,37,100.00%,0.93%,0.41%,0.11%,3.04%,False
conf_2m_cdi_10_00_10_10,2,8,10.00%,0.00%,10.00%,10.00%,7.50%,10.00%,0.56%,48,37.71%,37.33%,8.25%,7.90%,1.04,-7.97%,58.33%,0.049702059655375885,-0.056922128978817765,2.76,5.75%,0.28%,137.33,37,100.00%,0.54%,0.41%,0.11%,1.32%,False
conf_2m_cdi_10_00_10_20,2,8,10.00%,0.00%,10.00%,20.00%,10.00%,20.00%,0.20%,48,35.91%,35.51%,7.89%,7.76%,1.02,-7.97%,58.33%,0.049702059655375885,-0.056922128978817765,2.95,6.14%,0.29%,135.51,37,78.38%,0.15%,0.27%,-1.13%,0.93%,False
conf_2m_cdi_10_00_10_30,2,8,10.00%,0.00%,10.00%,30.00%,12.50%,30.00%,-0.16%,48,34.13%,33.71%,7.53%,7.63%,0.99,-7.97%,58.33%,0.049702059655375885,-0.056922128978817765,3.14,6.54%,0.31%,133.71,37,72.97%,-0.24%,0.27%,-2.80%,0.92%,False
conf_2m_cdi_10_00_10_40,2,8,10.00%,0.00%,10.00%,40.00%,15.00%,40.00%,-0.52%,48,32.36%,31.92%,7.17%,7.52%,0.95,-7.97%,58.33%,0.049702059655375885,-0.056922128978817765,3.33,6.93%,0.33%,131.92,37,72.97%,-0.62%,0.27%,-4.46%,0.91%,False
conf_2m_cdi_10_00_10_50,2,8,10.00%,0.00%,10.00%,50.00%,17.50%,50.00%,-0.88%,48,30.61%,30.15%,6.81%,7.42%,0.92,-7.97%,58.33%,0.049702059655375885,-0.056922128978817765,3.52,7.33%,0.35%,130.15,37,72.97%,-1.00%,0.27%,-6.10%,0.90%,False
conf_2m_cdi_10_00_20_00,2,8,10.00%,0.00%,20.00%,0.00%,7.50%,20.00%,1.05%,48,40.25%,39.85%,8.75%,8.03%,1.09,-7.97%,58.33%,0.051505551784493786,-0.056922128978817765,2.81,5.85%,0.28%,139.85,37,100.00%,1.10%,0.84%,0.11%,3.04%,False
conf_2m_cdi_10_00_20_10,2,8,10.00%,0.00%,20.00%,10.00%,10.00%,20.00%,0.69%,48,38.42%,38.01%,8.39%,7.87%,1.07,-7.97%,58.33%,0.049702059655375885,-0.056922128978817765,2.95,6.16%,0.30%,138.01,37,100.00%,0.71%,0.74%,0.11%,1.50%,False
conf_2m_cdi_10_00_20_20,2,8,10.00%,0.00%,20.00%,20.00%,12.50%,20.00%,0.33%,48,36.62%,36.19%,8.03%,7.72%,1.04,-7.97%,58.33%,0.049702059655375885,-0.056922128978817765,3.14,6.54%,0.31%,136.19,37,78.38%,0.32%,0.33%,-1.13%,1.49%,False
conf_2m_cdi_10_00_20_30,2,8,10.00%,0.00%,20.00%,30.00%,15.00%,30.00%,-0.03%,48,34.82%,34.38%,7.67%,7.59%,1.01,-7.97%,58.33%,0.049702059655375885,-0.056922128978817765,3.33,6.94%,0.33%,134.38,37,72.97%,-0.07%,0.29%,-2.80%,1.48%,False
conf_2m_cdi_10_00_20_40,2,8,10.00%,0.00%,20.00%,40.00%,17.50%,40.00%,-0.39%,48,33.05%,32.58%,7.31%,7.48%,0.98,-7.97%,58.33%,0.049702059655375885,-0.056922128978817765,3.52,7.34%,0.35%,132.58,37,72.97%,-0.45%,0.29%,-4.46%,1.47%,False
conf_2m_cdi_10_00_20_50,2,8,10.00%,0.00%,20.00%,50.00%,20.00%,50.00%,-0.75%,48,31.29%,30.80%,6.94%,7.39%,0.94,-7.97%,58.33%,0.049702059655375885,-0.056922128978817765,3.71,7.73%,0.37%,130.80,37,72.97%,-0.83%,0.29%,-6.10%,1.46%,False
conf_2m_cdi_10_00_30_00,2,8,10.00%,0.00%,30.00%,0.00%,10.00%,30.00%,1.19%,48,40.97%,40.55%,8.88%,8.00%,1.11,-7.97%,60.42%,0.051505551784493786,-0.056922128978817765,3.00,6.25%,0.30%,140.55,37,100.00%,1.28%,1.37%,0.11%,3.04%,False
conf_2m_cdi_10_00_30_10,2,8,10.00%,0.00%,30.00%,10.00%,12.50%,30.00%,0.83%,48,39.14%,38.70%,8.52%,7.84%,1.09,-7.97%,60.42%,0.049702059655375885,-0.056922128978817765,3.15,6.56%,0.31%,138.70,37,100.00%,0.88%,1.05%,0.11%,2.06%,False
conf_2m_cdi_10_00_30_20,2,8,10.00%,0.00%,30.00%,20.00%,15.00%,30.00%,0.47%,48,37.32%,36.86%,8.16%,7.69%,1.06,-7.97%,60.42%,0.049702059655375885,-0.056922128978817765,3.33,6.94%,0.33%,136.86,37,78.38%,0.49%,0.34%,-1.13%,2.05%,False
conf_2m_cdi_10_00_30_30,2,8,10.00%,0.00%,30.00%,30.00%,17.50%,30.00%,0.10%,48,35.52%,35.04%,7.80%,7.56%,1.03,-7.97%,60.42%,0.049702059655375885,-0.056922128978817765,3.52,7.34%,0.35%,135.04,37,75.68%,0.11%,0.29%,-2.80%,2.04%,False
conf_2m_cdi_10_00_30_40,2,8,10.00%,0.00%,30.00%,40.00%,20.00%,40.00%,-0.26%,48,33.74%,33.24%,7.44%,7.45%,1.00,-7.97%,60.42%,0.049702059655375885,-0.056922128978817765,3.71,7.74%,0.37%,133.24,37,72.97%,-0.28%,0.29%,-4.46%,2.03%,False
conf_2m_cdi_10_00_30_50,2,8,10.00%,0.00%,30.00%,50.00%,22.50%,50.00%,-0.62%,48,31.97%,31.45%,7.08%,7.36%,0.96,-7.97%,60.42%,0.049702059655375885,-0.056922128978817765,3.90,8.13%,0.39%,131.45,37,72.97%,-0.66%,0.29%,-6.10%,2.02%,False
conf_2m_cdi_10_00_40_00,2,8,10.00%,0.00%,40.00%,0.00%,12.50%,40.00%,1.32%,48,41.70%,41.25%,9.02%,7.97%,1.13,-7.97%,60.42%,0.051505551784493786,-0.056922128978817765,3.19,6.65%,0.32%,141.25,37,100.00%,1.45%,1.87%,0.11%,3.04%,False
conf_2m_cdi_10_00_40_10,2,8,10.00%,0.00%,40.00%,10.00%,15.00%,40.00%,0.96%,48,39.86%,39.39%,8.66%,7.81%,1.11,-7.97%,60.42%,0.049702059655375885,-0.056922128978817765,3.34,6.96%,0.33%,139.39,37,100.00%,1.06%,1.19%,0.11%,2.62%,False
conf_2m_cdi_10_00_40_20,2,8,10.00%,0.00%,40.00%,20.00%,17.50%,40.00%,0.60%,48,38.03%,37.54%,8.30%,7.67%,1.08,-7.97%,60.42%,0.049702059655375885,-0.056922128978817765,3.52,7.34%,0.35%,137.54,37,81.08%,0.67%,0.34%,-1.13%,2.61%,False
conf_2m_cdi_10_00_40_30,2,8,10.00%,0.00%,40.00%,30.00%,20.00%,40.00%,0.24%,48,36.22%,35.71%,7.93%,7.54%,1.05,-7.97%,60.42%,0.049702059655375885,-0.056922128978817765,3.72,7.74%,0.37%,135.71,37,75.68%,0.28%,0.33%,-2.80%,2.60%,False
conf_2m_cdi_10_00_40_40,2,8,10.00%,0.00%,40.00%,40.00%,22.50%,40.00%,-0.12%,48,34.43%,33.90%,7.57%,7.43%,1.02,-7.97%,60.42%,0.049702059655375885,-0.056922128978817765,3.91,8.14%,0.39%,133.90,37,72.97%,-0.10%,0.29%,-4.46%,2.59%,False
conf_2m_cdi_10_00_40_50,2,8,10.00%,0.00%,40.00%,50.00%,25.00%,50.00%,-0.49%,48,32.65%,32.11%,7.21%,7.33%,0.98,-7.97%,60.42%,0.049702059655375885,-0.056922128978817765,4.10,8.53%,0.41%,132.11,37,72.97%,-0.49%,0.29%,-6.10%,2.58%,False
conf_2m_cdi_10_00_50_00,2,8,10.00%,0.00%,50.00%,0.00%,15.00%,50.00%,1.46%,48,42.43%,41.95%,9.15%,7.95%,1.15,-7.97%,60.42%,0.051505551784493786,-0.056922128978817765,3.38,7.05%,0.34%,141.95,37,100.00%,1.62%,2.03%,0.11%,3.19%,False
conf_2m_cdi_10_00_50_10,2,8,10.00%,0.00%,50.00%,10.00%,17.50%,50.00%,1.10%,48,40.58%,40.08%,8.79%,7.79%,1.13,-7.97%,60.42%,0.049702059655375885,-0.056922128978817765,3.53,7.35%,0.35%,140.08,37,100.00%,1.23%,1.19%,0.11%,3.18%,False
conf_2m_cdi_10_00_50_20,2,8,10.00%,0.00%,50.00%,20.00%,20.00%,50.00%,0.73%,48,38.74%,38.23%,8.43%,7.64%,1.10,-7.97%,60.42%,0.049702059655375885,-0.056922128978817765,3.71,7.74%,0.37%,138.23,37,81.08%,0.84%,0.34%,-1.13%,3.17%,False
conf_2m_cdi_10_00_50_30,2,8,10.00%,0.00%,50.00%,30.00%,22.50%,50.00%,0.37%,48,36.92%,36.39%,8.07%,7.51%,1.07,-7.97%,60.42%,0.049702059655375885,-0.056922128978817765,3.91,8.14%,0.39%,136.39,37,78.38%,0.45%,0.33%,-2.80%,3.16%,False
conf_2m_cdi_10_00_50_40,2,8,10.00%,0.00%,50.00%,40.00%,25.00%,50.00%,0.01%,48,35.12%,34.57%,7.70%,7.40%,1.04,-7.97%,60.42%,0.049702059655375885,-0.056922128978817765,4.10,8.54%,0.41%,134.57,37,75.68%,0.07%,0.29%,-4.46%,3.15%,False
conf_2m_cdi_10_00_50_50,2,8,10.00%,0.00%,50.00%,50.00%,27.50%,50.00%,-0.35%,48,33.33%,32.76%,7.34%,7.31%,1.00,-7.97%,60.42%,0.049702059655375885,-0.056922128978817765,4.29,8.93%,0.43%,132.76,37,72.97%,-0.31%,0.29%,-6.10%,3.14%,False
conf_2m_cdi_10_10_00_00,2,8,10.00%,10.00%,0.00%,0.00%,5.00%,10.00%,0.22%,48,35.96%,35.63%,7.92%,7.83%,1.01,-7.97%,58.33%,0.051505551784493786,-0.056922128978817765,2.45,5.10%,0.24%,135.63,37,62.16%,0.18%,0.30%,-0.69%,1.10%,False
conf_2m_cdi_10_10_00_10,2,8,10.00%,10.00%,0.00%,10.00%,7.50%,10.00%,-0.13%,48,34.19%,33.89%,7.57%,7.66%,0.99,-7.97%,58.33%,0.046512900945293145,-0.056922128978817765,2.29,4.78%,0.23%,133.89,37,37.84%,-0.20%,-0.29%,-0.90%,0.44%,False
conf_2m_cdi_10_10_00_20,2,8,10.00%,10.00%,0.00%,20.00%,10.00%,20.00%,-0.48%,48,32.44%,32.12%,7.21%,7.51%,0.96,-7.97%,58.33%,0.045073387682071475,-0.056922128978817765,2.44,5.08%,0.24%,132.12,37,37.84%,-0.58%,-0.29%,-2.67%,0.44%,False
conf_2m_cdi_10_10_00_30,2,8,10.00%,10.00%,0.00%,30.00%,12.50%,30.00%,-0.84%,48,30.70%,30.36%,6.85%,7.37%,0.93,-7.97%,58.33%,0.045073387682071475,-0.056922128978817765,2.63,5.47%,0.26%,130.36,37,37.84%,-0.97%,-0.29%,-4.42%,0.44%,False
conf_2m_cdi_10_10_00_40,2,8,10.00%,10.00%,0.00%,40.00%,15.00%,40.00%,-1.20%,48,28.98%,28.62%,6.49%,7.26%,0.90,-7.97%,58.33%,0.045073387682071475,-0.056922128978817765,2.82,5.87%,0.28%,128.62,37,37.84%,-1.34%,-0.29%,-6.15%,0.44%,False
conf_2m_cdi_10_10_00_50,2,8,10.00%,10.00%,0.00%,50.00%,17.50%,50.00%,-1.56%,48,27.28%,26.90%,6.14%,7.16%,0.86,-7.97%,58.33%,0.045073387682071475,-0.056922128978817765,3.01,6.27%,0.30%,126.90,37,37.84%,-1.72%,-0.29%,-7.87%,0.44%,False
conf_2m_cdi_10_10_10_00,2,8,10.00%,10.00%,10.00%,0.00%,7.50%,10.00%,0.37%,48,36.67%,36.36%,8.06%,7.79%,1.04,-7.97%,58.33%,0.051505551784493786,-0.056922128978817765,2.27,4.73%,0.23%,136.36,37,89.19%,0.36%,0.30%,-0.13%,1.10%,False
conf_2m_cdi_10_10_10_10,2,8,10.00%,10.00%,10.00%,10.00%,10.00%,10.00%,0.02%,48,34.89%,34.61%,7.71%,7.62%,1.01,-7.97%,58.33%,0.046512900945293145,-0.056922128978817765,2.11,4.40%,0.21%,134.61,37,62.16%,-0.02%,0.11%,-0.90%,0.44%,True
conf_2m_cdi_10_10_10_20,2,8,10.00%,10.00%,10.00%,20.00%,12.50%,20.00%,-0.34%,48,33.13%,32.83%,7.36%,7.47%,0.98,-7.97%,58.33%,0.045073387682071475,-0.056922128978817765,2.26,4.71%,0.23%,132.83,37,62.16%,-0.40%,0.11%,-2.67%,0.44%,False
conf_2m_cdi_10_10_10_30,2,8,10.00%,10.00%,10.00%,30.00%,15.00%,30.00%,-0.70%,48,31.38%,31.06%,7.00%,7.33%,0.95,-7.97%,58.33%,0.045073387682071475,-0.056922128978817765,2.45,5.10%,0.24%,131.06,37,62.16%,-0.78%,0.11%,-4.42%,0.44%,False
conf_2m_cdi_10_10_10_40,2,8,10.00%,10.00%,10.00%,40.00%,17.50%,40.00%,-1.06%,48,29.65%,29.31%,6.64%,7.22%,0.92,-7.97%,58.33%,0.045073387682071475,-0.056922128978817765,2.64,5.50%,0.26%,129.31,37,62.16%,-1.16%,0.11%,-6.15%,0.44%,False
conf_2m_cdi_10_10_10_50,2,8,10.00%,10.00%,10.00%,50.00%,20.00%,50.00%,-1.42%,48,27.94%,27.58%,6.28%,7.12%,0.88,-7.97%,58.33%,0.045073387682071475,-0.056922128978817765,2.83,5.89%,0.28%,127.58,37,62.16%,-1.54%,0.11%,-7.87%,0.44%,False
conf_2m_cdi_10_10_20_00,2,8,10.00%,10.00%,20.00%,0.00%,10.00%,20.00%,0.50%,48,37.38%,37.04%,8.20%,7.75%,1.06,-7.97%,58.33%,0.051505551784493786,-0.056922128978817765,2.42,5.05%,0.24%,137.04,37,100.00%,0.53%,0.44%,0.11%,1.10%,False
conf_2m_cdi_10_10_20_10,2,8,10.00%,10.00%,20.00%,10.00%,12.50%,20.00%,0.15%,48,35.59%,35.28%,7.85%,7.59%,1.03,-7.97%,58.33%,0.046512900945293145,-0.056922128978817765,2.27,4.72%,0.23%,135.28,37,72.97%,0.16%,0.36%,-0.90%,0.74%,False
conf_2m_cdi_10_10_20_20,2,8,10.00%,10.00%,20.00%,20.00%,15.00%,20.00%,-0.21%,48,33.82%,33.50%,7.49%,7.44%,1.01,-7.97%,58.33%,0.045073387682071475,-0.056922128978817765,2.42,5.03%,0.24%,133.50,37,72.97%,-0.23%,0.36%,-2.67%,0.74%,False
conf_2m_cdi_10_10_20_30,2,8,10.00%,10.00%,20.00%,30.00%,17.50%,30.00%,-0.56%,48,32.06%,31.72%,7.13%,7.30%,0.98,-7.97%,58.33%,0.045073387682071475,-0.056922128978817765,2.60,5.42%,0.26%,131.72,37,70.27%,-0.61%,0.36%,-4.42%,0.74%,False
conf_2m_cdi_10_10_20_40,2,8,10.00%,10.00%,20.00%,40.00%,20.00%,40.00%,-0.92%,48,30.32%,29.96%,6.77%,7.18%,0.94,-7.97%,58.33%,0.045073387682071475,-0.056922128978817765,2.79,5.82%,0.28%,129.96,37,70.27%,-0.99%,0.36%,-6.15%,0.74%,False
conf_2m_cdi_10_10_20_50,2,8,10.00%,10.00%,20.00%,50.00%,22.50%,50.00%,-1.28%,48,28.60%,28.22%,6.41%,7.08%,0.91,-7.97%,58.33%,0.045073387682071475,-0.056922128978817765,2.98,6.22%,0.30%,128.22,37,70.27%,-1.36%,0.36%,-7.87%,0.74%,False
conf_2m_cdi_10_10_30_00,2,8,10.00%,10.00%,30.00%,0.00%,12.50%,30.00%,0.64%,48,38.08%,37.72%,8.33%,7.72%,1.08,-7.97%,60.42%,0.051505551784493786,-0.056922128978817765,2.62,5.45%,0.26%,137.72,37,100.00%,0.71%,0.73%,0.09%,1.23%,False
conf_2m_cdi_10_10_30_10,2,8,10.00%,10.00%,30.00%,10.00%,15.00%,30.00%,0.29%,48,36.29%,35.95%,7.98%,7.56%,1.06,-7.97%,60.42%,0.046512900945293145,-0.056922128978817765,2.46,5.13%,0.25%,135.95,37,75.68%,0.33%,0.37%,-0.90%,1.23%,False
conf_2m_cdi_10_10_30_20,2,8,10.00%,10.00%,30.00%,20.00%,17.50%,30.00%,-0.07%,48,34.51%,34.16%,7.62%,7.41%,1.03,-7.97%,60.42%,0.045073387682071475,-0.056922128978817765,2.61,5.43%,0.26%,134.16,37,72.97%,-0.05%,0.37%,-2.67%,1.23%,False
conf_2m_cdi_10_10_30_30,2,8,10.00%,10.00%,30.00%,30.00%,20.00%,30.00%,-0.43%,48,32.75%,32.38%,7.26%,7.27%,1.00,-7.97%,60.42%,0.045073387682071475,-0.056922128978817765,2.79,5.82%,0.28%,132.38,37,72.97%,-0.44%,0.37%,-4.42%,1.23%,False
conf_2m_cdi_10_10_30_40,2,8,10.00%,10.00%,30.00%,40.00%,22.50%,40.00%,-0.79%,48,31.00%,30.61%,6.90%,7.15%,0.97,-7.97%,60.42%,0.045073387682071475,-0.056922128978817765,2.99,6.22%,0.30%,130.61,37,72.97%,-0.82%,0.37%,-6.15%,1.23%,False
conf_2m_cdi_10_10_30_50,2,8,10.00%,10.00%,30.00%,50.00%,25.00%,50.00%,-1.15%,48,29.27%,28.86%,6.54%,7.05%,0.93,-7.97%,60.42%,0.045073387682071475,-0.056922128978817765,3.18,6.62%,0.32%,128.86,37,70.27%,-1.19%,0.37%,-7.87%,1.23%,False
conf_2m_cdi_10_10_40_00,2,8,10.00%,10.00%,40.00%,0.00%,15.00%,40.00%,0.77%,48,38.80%,38.41%,8.47%,7.70%,1.10,-7.97%,60.42%,0.051505551784493786,-0.056922128978817765,2.81,5.85%,0.28%,138.41,37,100.00%,0.88%,0.92%,0.08%,1.73%,False
conf_2m_cdi_10_10_40_10,2,8,10.00%,10.00%,40.00%,10.00%,17.50%,40.00%,0.42%,48,36.99%,36.63%,8.12%,7.53%,1.08,-7.97%,60.42%,0.046512900945293145,-0.056922128978817765,2.65,5.53%,0.27%,136.63,37,81.08%,0.50%,0.39%,-0.90%,1.73%,False
conf_2m_cdi_10_10_40_20,2,8,10.00%,10.00%,40.00%,20.00%,20.00%,40.00%,0.06%,48,35.20%,34.83%,7.76%,7.38%,1.05,-7.97%,60.42%,0.045073387682071475,-0.056922128978817765,2.80,5.83%,0.28%,134.83,37,72.97%,0.12%,0.37%,-2.67%,1.73%,False
conf_2m_cdi_10_10_40_30,2,8,10.00%,10.00%,40.00%,30.00%,22.50%,40.00%,-0.30%,48,33.43%,33.03%,7.40%,7.24%,1.02,-7.97%,60.42%,0.045073387682071475,-0.056922128978817765,2.99,6.22%,0.30%,133.03,37,72.97%,-0.27%,0.37%,-4.42%,1.73%,False
conf_2m_cdi_10_10_40_40,2,8,10.00%,10.00%,40.00%,40.00%,25.00%,40.00%,-0.66%,48,31.67%,31.26%,7.04%,7.12%,0.99,-7.97%,60.42%,0.045073387682071475,-0.056922128978817765,3.18,6.62%,0.32%,131.26,37,72.97%,-0.64%,0.37%,-6.15%,1.73%,False
conf_2m_cdi_10_10_40_50,2,8,10.00%,10.00%,40.00%,50.00%,27.50%,50.00%,-1.02%,48,29.93%,29.50%,6.68%,7.03%,0.95,-7.97%,60.42%,0.045073387682071475,-0.056922128978817765,3.37,7.02%,0.34%,129.50,37,72.97%,-1.02%,0.37%,-7.87%,1.73%,False
conf_2m_cdi_10_10_50_00,2,8,10.00%,10.00%,50.00%,0.00%,17.50%,50.00%,0.90%,48,39.51%,39.09%,8.60%,7.67%,1.12,-7.97%,60.42%,0.051505551784493786,-0.056922128978817765,3.00,6.25%,0.30%,139.09,37,100.00%,1.05%,0.92%,0.07%,2.23%,False
conf_2m_cdi_10_10_50_10,2,8,10.00%,10.00%,50.00%,10.00%,20.00%,50.00%,0.55%,48,37.70%,37.31%,8.25%,7.51%,1.10,-7.97%,60.42%,0.046512900945293145,-0.056922128978817765,2.84,5.92%,0.28%,137.31,37,81.08%,0.67%,0.39%,-0.90%,2.23%,False
conf_2m_cdi_10_10_50_20,2,8,10.00%,10.00%,50.00%,20.00%,22.50%,50.00%,0.19%,48,35.90%,35.49%,7.89%,7.36%,1.07,-7.97%,60.42%,0.045073387682071475,-0.056922128978817765,2.99,6.23%,0.30%,135.49,37,75.68%,0.29%,0.37%,-2.67%,2.23%,False
conf_2m_cdi_10_10_50_30,2,8,10.00%,10.00%,50.00%,30.00%,25.00%,50.00%,-0.17%,48,34.12%,33.69%,7.53%,7.22%,1.04,-7.97%,60.42%,0.045073387682071475,-0.056922128978817765,3.18,6.62%,0.32%,133.69,37,72.97%,-0.09%,0.37%,-4.42%,2.23%,False
conf_2m_cdi_10_10_50_40,2,8,10.00%,10.00%,50.00%,40.00%,27.50%,50.00%,-0.53%,48,32.35%,31.91%,7.17%,7.10%,1.01,-7.97%,60.42%,0.045073387682071475,-0.056922128978817765,3.37,7.02%,0.34%,131.91,37,72.97%,-0.47%,0.37%,-6.15%,2.23%,False
conf_2m_cdi_10_10_50_50,2,8,10.00%,10.00%,50.00%,50.00%,30.00%,50.00%,-0.89%,48,30.60%,30.14%,6.81%,7.00%,0.97,-7.97%,60.42%,0.045073387682071475,-0.056922128978817765,3.56,7.41%,0.36%,130.14,37,72.97%,-0.85%,0.37%,-7.87%,2.23%,False
conf_2m_cdi_10_20_00_00,2,8,10.00%,20.00%,0.00%,0.00%,7.50%,20.00%,-0.36%,48,33.17%,32.75%,7.34%,7.57%,0.97,-7.97%,58.33%,0.051505551784493786,-0.056922128978817765,3.09,6.43%,0.31%,132.75,37,32.43%,-0.42%,-0.55%,-1.78%,0.65%,False
conf_2m_cdi_10_20_00_10,2,8,10.00%,20.00%,0.00%,10.00%,10.00%,20.00%,-0.70%,48,31.43%,31.06%,6.99%,7.40%,0.95,-7.97%,58.33%,0.046512900945293145,-0.056922128978817765,2.89,6.01%,0.29%,131.06,37,32.43%,-0.79%,-0.55%,-3.07%,0.65%,False
conf_2m_cdi_10_20_00_20,2,8,10.00%,20.00%,0.00%,20.00%,12.50%,20.00%,-1.05%,48,29.72%,29.36%,6.65%,7.24%,0.92,-7.97%,58.33%,0.04152069542759018,-0.056922128978817765,2.73,5.68%,0.27%,129.36,37,32.43%,-1.16%,-0.55%,-4.76%,0.65%,False
conf_2m_cdi_10_20_00_30,2,8,10.00%,20.00%,0.00%,30.00%,15.00%,30.00%,-1.40%,48,28.02%,27.65%,6.29%,7.10%,0.89,-7.97%,58.33%,0.04031833073529478,-0.056922128978817765,2.88,5.99%,0.29%,127.65,37,32.43%,-1.53%,-0.55%,-6.48%,0.65%,False
conf_2m_cdi_10_20_00_40,2,8,10.00%,20.00%,0.00%,40.00%,17.50%,40.00%,-1.76%,48,26.33%,25.94%,5.94%,6.98%,0.85,-7.97%,58.33%,0.04031833073529478,-0.056922128978817765,3.07,6.39%,0.31%,125.94,37,32.43%,-1.91%,-0.55%,-8.19%,0.65%,False
conf_2m_cdi_10_20_00_50,2,8,10.00%,20.00%,0.00%,50.00%,20.00%,50.00%,-2.12%,48,24.66%,24.26%,5.58%,6.87%,0.81,-7.97%,58.33%,0.04031833073529478,-0.056922128978817765,3.26,6.78%,0.33%,124.26,37,32.43%,-2.28%,-0.55%,-9.88%,0.65%,False
conf_2m_cdi_10_20_10_00,2,8,10.00%,20.00%,10.00%,0.00%,10.00%,20.00%,-0.21%,48,33.86%,33.47%,7.48%,7.53%,0.99,-7.97%,58.33%,0.051505551784493786,-0.056922128978817765,2.89,6.02%,0.29%,133.47,37,40.54%,-0.23%,-0.20%,-1.36%,0.65%,False
conf_2m_cdi_10_20_10_10,2,8,10.00%,20.00%,10.00%,10.00%,12.50%,20.00%,-0.56%,48,32.12%,31.76%,7.14%,7.36%,0.97,-7.97%,58.33%,0.046512900945293145,-0.056922128978817765,2.69,5.60%,0.27%,131.76,37,40.54%,-0.60%,-0.20%,-3.07%,0.65%,False
conf_2m_cdi_10_20_10_20,2,8,10.00%,20.00%,10.00%,20.00%,15.00%,20.00%,-0.90%,48,30.39%,30.06%,6.79%,7.20%,0.94,-7.97%,58.33%,0.04152069542759018,-0.056922128978817765,2.53,5.27%,0.25%,130.06,37,40.54%,-0.97%,-0.20%,-4.76%,0.65%,False
conf_2m_cdi_10_20_10_30,2,8,10.00%,20.00%,10.00%,30.00%,17.50%,30.00%,-1.26%,48,28.68%,28.34%,6.44%,7.06%,0.91,-7.97%,58.33%,0.04031833073529478,-0.056922128978817765,2.68,5.58%,0.27%,128.34,37,40.54%,-1.35%,-0.20%,-6.48%,0.65%,False
conf_2m_cdi_10_20_10_40,2,8,10.00%,20.00%,10.00%,40.00%,20.00%,40.00%,-1.62%,48,26.99%,26.62%,6.08%,6.94%,0.88,-7.97%,58.33%,0.04031833073529478,-0.056922128978817765,2.87,5.97%,0.29%,126.62,37,40.54%,-1.72%,-0.20%,-8.19%,0.65%,False
conf_2m_cdi_10_20_10_50,2,8,10.00%,20.00%,10.00%,50.00%,22.50%,50.00%,-1.97%,48,25.31%,24.93%,5.72%,6.83%,0.84,-7.97%,58.33%,0.04031833073529478,-0.056922128978817765,3.06,6.37%,0.31%,124.93,37,40.54%,-2.10%,-0.20%,-9.88%,0.65%,False
conf_2m_cdi_10_20_20_00,2,8,10.00%,20.00%,20.00%,0.00%,12.50%,20.00%,-0.07%,48,34.55%,34.19%,7.63%,7.50%,1.02,-7.97%,58.33%,0.051505551784493786,-0.056922128978817765,2.71,5.65%,0.27%,134.19,37,59.46%,-0.05%,0.09%,-1.36%,0.65%,False
conf_2m_cdi_10_20_20_10,2,8,10.00%,20.00%,20.00%,10.00%,15.00%,20.00%,-0.41%,48,32.80%,32.47%,7.28%,7.32%,0.99,-7.97%,58.33%,0.046512900945293145,-0.056922128978817765,2.51,5.22%,0.25%,132.47,37,59.46%,-0.42%,0.09%,-3.07%,0.65%,False
conf_2m_cdi_10_20_20_20,2,8,10.00%,20.00%,20.00%,20.00%,17.50%,20.00%,-0.76%,48,31.07%,30.76%,6.93%,7.17%,0.97,-7.97%,58.33%,0.04152069542759018,-0.056922128978817765,2.35,4.89%,0.23%,130.76,37,59.46%,-0.79%,0.09%,-4.76%,0.65%,False
conf_2m_cdi_10_20_20_30,2,8,10.00%,20.00%,20.00%,30.00%,20.00%,30.00%,-1.12%,48,29.35%,29.03%,6.58%,7.02%,0.94,-7.97%,58.33%,0.04031833073529478,-0.056922128978817765,2.50,5.20%,0.25%,129.03,37,59.46%,-1.17%,0.09%,-6.48%,0.65%,False
conf_2m_cdi_10_20_20_40,2,8,10.00%,20.00%,20.00%,40.00%,22.50%,40.00%,-1.47%,48,27.64%,27.30%,6.22%,6.90%,0.90,-7.97%,58.33%,0.04031833073529478,-0.056922128978817765,2.69,5.60%,0.27%,127.30,37,59.46%,-1.54%,0.09%,-8.19%,0.65%,False
conf_2m_cdi_10_20_20_50,2,8,10.00%,20.00%,20.00%,50.00%,25.00%,50.00%,-1.83%,48,25.96%,25.59%,5.86%,6.79%,0.86,-7.97%,58.33%,0.04031833073529478,-0.056922128978817765,2.88,5.99%,0.29%,125.59,37,59.46%,-1.91%,0.09%,-9.88%,0.65%,False
conf_2m_cdi_10_20_30_00,2,8,10.00%,20.00%,30.00%,0.00%,15.00%,30.00%,0.07%,48,35.25%,34.86%,7.76%,7.47%,1.04,-7.97%,60.42%,0.051505551784493786,-0.056922128978817765,2.87,5.98%,0.29%,134.86,37,64.86%,0.12%,0.37%,-1.36%,1.01%,False
conf_2m_cdi_10_20_30_10,2,8,10.00%,20.00%,30.00%,10.00%,17.50%,30.00%,-0.28%,48,33.49%,33.13%,7.42%,7.29%,1.02,-7.97%,60.42%,0.046512900945293145,-0.056922128978817765,2.67,5.56%,0.27%,133.13,37,64.86%,-0.25%,0.37%,-3.07%,1.01%,False
conf_2m_cdi_10_20_30_20,2,8,10.00%,20.00%,30.00%,20.00%,20.00%,30.00%,-0.63%,48,31.74%,31.41%,7.07%,7.14%,0.99,-7.97%,60.42%,0.04152069542759018,-0.056922128978817765,2.51,5.23%,0.25%,131.41,37,64.86%,-0.62%,0.37%,-4.76%,1.01%,False
conf_2m_cdi_10_20_30_30,2,8,10.00%,20.00%,30.00%,30.00%,22.50%,30.00%,-0.98%,48,30.02%,29.67%,6.71%,6.99%,0.96,-7.97%,60.42%,0.04031833073529478,-0.056922128978817765,2.66,5.54%,0.27%,129.67,37,64.86%,-0.99%,0.37%,-6.48%,1.01%,False
conf_2m_cdi_10_20_30_40,2,8,10.00%,20.00%,30.00%,40.00%,25.00%,40.00%,-1.34%,48,28.30%,27.94%,6.35%,6.87%,0.93,-7.97%,60.42%,0.04031833073529478,-0.056922128978817765,2.85,5.93%,0.28%,127.94,37,64.86%,-1.37%,0.37%,-8.19%,1.01%,False
conf_2m_cdi_10_20_30_50,2,8,10.00%,20.00%,30.00%,50.00%,27.50%,50.00%,-1.70%,48,26.61%,26.22%,5.99%,6.76%,0.89,-7.97%,60.42%,0.04031833073529478,-0.056922128978817765,3.04,6.33%,0.30%,126.22,37,64.86%,-1.74%,0.37%,-9.88%,1.01%,False
conf_2m_cdi_10_20_40_00,2,8,10.00%,20.00%,40.00%,0.00%,17.50%,40.00%,0.20%,48,35.94%,35.53%,7.90%,7.44%,1.06,-7.97%,60.42%,0.051505551784493786,-0.056922128978817765,3.06,6.38%,0.31%,135.53,37,70.27%,0.29%,0.43%,-1.36%,1.51%,False
conf_2m_cdi_10_20_40_10,2,8,10.00%,20.00%,40.00%,10.00%,20.00%,40.00%,-0.15%,48,34.18%,33.79%,7.55%,7.27%,1.04,-7.97%,60.42%,0.046512900945293145,-0.056922128978817765,2.86,5.96%,0.29%,133.79,37,64.86%,-0.08%,0.43%,-3.07%,1.51%,False
conf_2m_cdi_10_20_40_20,2,8,10.00%,20.00%,40.00%,20.00%,22.50%,40.00%,-0.49%,48,32.42%,32.07%,7.20%,7.11%,1.01,-7.97%,60.42%,0.04152069542759018,-0.056922128978817765,2.70,5.62%,0.27%,132.07,37,64.86%,-0.45%,0.43%,-4.76%,1.51%,False
conf_2m_cdi_10_20_40_30,2,8,10.00%,20.00%,40.00%,30.00%,25.00%,40.00%,-0.85%,48,30.69%,30.31%,6.84%,6.97%,0.98,-7.97%,60.42%,0.04031833073529478,-0.056922128978817765,2.85,5.93%,0.28%,130.31,37,64.86%,-0.82%,0.43%,-6.48%,1.51%,False
conf_2m_cdi_10_20_40_40,2,8,10.00%,20.00%,40.00%,40.00%,27.50%,40.00%,-1.21%,48,28.97%,28.57%,6.49%,6.84%,0.95,-7.97%,60.42%,0.04031833073529478,-0.056922128978817765,3.04,6.33%,0.30%,128.57,37,64.86%,-1.20%,0.43%,-8.19%,1.51%,False
conf_2m_cdi_10_20_40_50,2,8,10.00%,20.00%,40.00%,50.00%,30.00%,50.00%,-1.57%,48,27.26%,26.85%,6.13%,6.73%,0.91,-7.97%,60.42%,0.04031833073529478,-0.056922128978817765,3.23,6.73%,0.32%,126.85,37,64.86%,-1.57%,0.43%,-9.88%,1.51%,False
conf_2m_cdi_10_20_50_00,2,8,10.00%,20.00%,50.00%,0.00%,20.00%,50.00%,0.33%,48,36.64%,36.20%,8.03%,7.42%,1.08,-7.97%,60.42%,0.051505551784493786,-0.056922128978817765,3.25,6.77%,0.33%,136.20,37,72.97%,0.47%,0.43%,-1.36%,2.01%,False
conf_2m_cdi_10_20_50_10,2,8,10.00%,20.00%,50.00%,10.00%,22.50%,50.00%,-0.01%,48,34.87%,34.45%,7.68%,7.24%,1.06,-7.97%,60.42%,0.046512900945293145,-0.056922128978817765,3.05,6.35%,0.30%,134.45,37,67.57%,0.09%,0.43%,-3.07%,2.01%,False
conf_2m_cdi_10_20_50_20,2,8,10.00%,20.00%,50.00%,20.00%,25.00%,50.00%,-0.36%,48,33.10%,32.72%,7.33%,7.09%,1.03,-7.97%,60.42%,0.04152069542759018,-0.056922128978817765,2.89,6.02%,0.29%,132.72,37,67.57%,-0.28%,0.43%,-4.76%,2.01%,False
conf_2m_cdi_10_20_50_30,2,8,10.00%,20.00%,50.00%,30.00%,27.50%,50.00%,-0.72%,48,31.36%,30.96%,6.98%,6.94%,1.00,-7.97%,60.42%,0.04031833073529478,-0.056922128978817765,3.04,6.33%,0.30%,130.96,37,67.57%,-0.65%,0.43%,-6.48%,2.01%,False
conf_2m_cdi_10_20_50_40,2,8,10.00%,20.00%,50.00%,40.00%,30.00%,50.00%,-1.08%,48,29.63%,29.21%,6.62%,6.82%,0.97,-7.97%,60.42%,0.04031833073529478,-0.056922128978817765,3.23,6.73%,0.32%,129.21,37,64.86%,-1.03%,0.43%,-8.19%,2.01%,False
conf_2m_cdi_10_20_50_50,2,8,10.00%,20.00%,50.00%,50.00%,32.50%,50.00%,-1.44%,48,27.92%,27.48%,6.26%,6.71%,0.93,-7.97%,60.42%,0.04031833073529478,-0.056922128978817765,3.42,7.12%,0.34%,127.48,37,64.86%,-1.40%,0.43%,-9.88%,2.01%,False
conf_2m_cdi_10_30_00_00,2,8,10.00%,30.00%,0.00%,0.00%,10.00%,30.00%,-0.93%,48,30.41%,29.92%,6.76%,7.34%,0.92,-7.97%,58.33%,0.051505551784493786,-0.056922128978817765,3.83,7.98%,0.38%,129.92,37,32.43%,-1.01%,-0.91%,-3.54%,0.88%,False
conf_2m_cdi_10_30_00_10,2,8,10.00%,30.00%,0.00%,10.00%,12.50%,30.00%,-1.28%,48,28.72%,28.25%,6.42%,7.16%,0.90,-7.97%,58.33%,0.046512900945293145,-0.056922128978817765,3.62,7.55%,0.36%,128.25,37,32.43%,-1.38%,-0.91%,-5.21%,0.88%,False
conf_2m_cdi_10_30_00_20,2,8,10.00%,30.00%,0.00%,20.00%,15.00%,30.00%,-1.62%,48,27.04%,26.60%,6.07%,7.00%,0.87,-7.97%,58.33%,0.04152069542759018,-0.056922128978817765,3.42,7.13%,0.34%,126.60,37,32.43%,-1.74%,-0.91%,-6.87%,0.88%,False
conf_2m_cdi_10_30_00_30,2,8,10.00%,30.00%,0.00%,30.00%,17.50%,30.00%,-1.97%,48,25.37%,24.96%,5.73%,6.85%,0.84,-7.97%,58.33%,0.03652893371422139,-0.056922128978817765,3.26,6.79%,0.33%,124.96,37,32.43%,-2.10%,-0.91%,-8.53%,0.88%,False
conf_2m_cdi_10_30_00_40,2,8,10.00%,30.00%,0.00%,40.00%,20.00%,40.00%,-2.32%,48,23.72%,23.30%,5.38%,6.72%,0.80,-7.97%,58.33%,0.035536174696745304,-0.056922128978817765,3.41,7.10%,0.34%,123.30,37,32.43%,-2.47%,-0.91%,-10.20%,0.88%,False
conf_2m_cdi_10_30_00_50,2,8,10.00%,30.00%,0.00%,50.00%,22.50%,50.00%,-2.67%,48,22.09%,21.65%,5.02%,6.60%,0.76,-7.97%,58.33%,0.035536174696745304,-0.056922128978817765,3.60,7.50%,0.36%,121.65,37,32.43%,-2.84%,-0.91%,-11.87%,0.88%,False
conf_2m_cdi_10_30_10_00,2,8,10.00%,30.00%,10.00%,0.00%,12.50%,30.00%,-0.79%,48,31.09%,30.62%,6.91%,7.30%,0.95,-7.97%,58.33%,0.051505551784493786,-0.056922128978817765,3.62,7.54%,0.36%,130.62,37,32.43%,-0.83%,-0.49%,-3.54%,0.88%,False
conf_2m_cdi_10_30_10_10,2,8,10.00%,30.00%,10.00%,10.00%,15.00%,30.00%,-1.13%,48,29.39%,28.95%,6.56%,7.12%,0.92,-7.97%,58.33%,0.046512900945293145,-0.056922128978817765,3.42,7.12%,0.34%,128.95,37,32.43%,-1.19%,-0.49%,-5.21%,0.88%,False
conf_2m_cdi_10_30_10_20,2,8,10.00%,30.00%,10.00%,20.00%,17.50%,30.00%,-1.48%,48,27.70%,27.29%,6.22%,6.96%,0.89,-7.97%,58.33%,0.04152069542759018,-0.056922128978817765,3.21,6.69%,0.32%,127.29,37,32.43%,-1.56%,-0.49%,-6.87%,0.88%,False
conf_2m_cdi_10_30_10_30,2,8,10.00%,30.00%,10.00%,30.00%,20.00%,30.00%,-1.82%,48,26.02%,25.64%,5.87%,6.81%,0.86,-7.97%,58.33%,0.03652893371422139,-0.056922128978817765,3.05,6.35%,0.31%,125.64,37,32.43%,-1.92%,-0.49%,-8.53%,0.88%,False
conf_2m_cdi_10_30_10_40,2,8,10.00%,30.00%,10.00%,40.00%,22.50%,40.00%,-2.18%,48,24.36%,23.97%,5.52%,6.68%,0.83,-7.97%,58.33%,0.035536174696745304,-0.056922128978817765,3.20,6.67%,0.32%,123.97,37,32.43%,-2.29%,-0.49%,-10.20%,0.88%,False
conf_2m_cdi_10_30_10_50,2,8,10.00%,30.00%,10.00%,50.00%,25.00%,50.00%,-2.53%,48,22.72%,22.30%,5.16%,6.56%,0.79,-7.97%,58.33%,0.035536174696745304,-0.056922128978817765,3.39,7.07%,0.34%,122.30,37,32.43%,-2.65%,-0.49%,-11.87%,0.88%,False
conf_2m_cdi_10_30_20_00,2,8,10.00%,30.00%,20.00%,0.00%,15.00%,30.00%,-0.65%,48,31.77%,31.32%,7.05%,7.26%,0.97,-7.97%,58.33%,0.051505551784493786,-0.056922128978817765,3.42,7.12%,0.34%,131.32,37,48.65%,-0.64%,-0.10%,-3.54%,0.88%,False
conf_2m_cdi_10_30_20_10,2,8,10.00%,30.00%,20.00%,10.00%,17.50%,30.00%,-0.99%,48,30.06%,29.64%,6.70%,7.08%,0.95,-7.97%,58.33%,0.046512900945293145,-0.056922128978817765,3.21,6.70%,0.32%,129.64,37,48.65%,-1.01%,-0.10%,-5.21%,0.88%,False
conf_2m_cdi_10_30_20_20,2,8,10.00%,30.00%,20.00%,20.00%,20.00%,30.00%,-1.34%,48,28.36%,27.97%,6.36%,6.92%,0.92,-7.97%,58.33%,0.04152069542759018,-0.056922128978817765,3.01,6.27%,0.30%,127.97,37,48.65%,-1.37%,-0.10%,-6.87%,0.88%,False
conf_2m_cdi_10_30_20_30,2,8,10.00%,30.00%,20.00%,30.00%,22.50%,30.00%,-1.68%,48,26.68%,26.32%,6.01%,6.77%,0.89,-7.97%,58.33%,0.03652893371422139,-0.056922128978817765,2.85,5.93%,0.28%,126.32,37,48.65%,-1.74%,-0.10%,-8.53%,0.88%,False
conf_2m_cdi_10_30_20_40,2,8,10.00%,30.00%,20.00%,40.00%,25.00%,40.00%,-2.04%,48,25.01%,24.63%,5.66%,6.64%,0.85,-7.97%,58.33%,0.035536174696745304,-0.056922128978817765,3.00,6.25%,0.30%,124.63,37,48.65%,-2.10%,-0.10%,-10.20%,0.88%,False
conf_2m_cdi_10_30_20_50,2,8,10.00%,30.00%,20.00%,50.00%,27.50%,50.00%,-2.39%,48,23.35%,22.96%,5.30%,6.53%,0.81,-7.97%,58.33%,0.035536174696745304,-0.056922128978817765,3.19,6.64%,0.32%,122.96,37,48.65%,-2.47%,-0.10%,-11.87%,0.88%,False
conf_2m_cdi_10_30_30_00,2,8,10.00%,30.00%,30.00%,0.00%,17.50%,30.00%,-0.50%,48,32.45%,32.02%,7.19%,7.23%,0.99,-7.97%,60.42%,0.051505551784493786,-0.056922128978817765,3.24,6.75%,0.32%,132.02,37,56.76%,-0.46%,0.08%,-3.54%,0.88%,False
conf_2m_cdi_10_30_30_10,2,8,10.00%,30.00%,30.00%,10.00%,20.00%,30.00%,-0.85%,48,30.73%,30.33%,6.85%,7.05%,0.97,-7.97%,60.42%,0.046512900945293145,-0.056922128978817765,3.03,6.32%,0.30%,130.33,37,56.76%,-0.83%,0.08%,-5.21%,0.88%,False
conf_2m_cdi_10_30_30_20,2,8,10.00%,30.00%,30.00%,20.00%,22.50%,30.00%,-1.19%,48,29.02%,28.66%,6.50%,6.89%,0.94,-7.97%,60.42%,0.04152069542759018,-0.056922128978817765,2.83,5.90%,0.28%,128.66,37,56.76%,-1.19%,0.08%,-6.87%,0.88%,False
conf_2m_cdi_10_30_30_30,2,8,10.00%,30.00%,30.00%,30.00%,25.00%,30.00%,-1.54%,48,27.33%,26.99%,6.16%,6.74%,0.91,-7.97%,60.42%,0.03652893371422139,-0.056922128978817765,2.67,5.56%,0.27%,126.99,37,56.76%,-1.55%,0.08%,-8.53%,0.88%,False
conf_2m_cdi_10_30_30_40,2,8,10.00%,30.00%,30.00%,40.00%,27.50%,40.00%,-1.89%,48,25.65%,25.30%,5.80%,6.61%,0.88,-7.97%,60.42%,0.035536174696745304,-0.056922128978817765,2.82,5.87%,0.28%,125.30,37,56.76%,-1.92%,0.08%,-10.20%,0.88%,False
conf_2m_cdi_10_30_30_50,2,8,10.00%,30.00%,30.00%,50.00%,30.00%,50.00%,-2.25%,48,23.99%,23.62%,5.44%,6.49%,0.84,-7.97%,60.42%,0.035536174696745304,-0.056922128978817765,3.01,6.27%,0.30%,123.62,37,56.76%,-2.29%,0.08%,-11.87%,0.88%,False
conf_2m_cdi_10_30_40_00,2,8,10.00%,30.00%,40.00%,0.00%,20.00%,40.00%,-0.37%,48,33.13%,32.68%,7.33%,7.21%,1.02,-7.97%,60.42%,0.051505551784493786,-0.056922128978817765,3.40,7.09%,0.34%,132.68,37,62.16%,-0.29%,0.35%,-3.54%,1.28%,False
conf_2m_cdi_10_30_40_10,2,8,10.00%,30.00%,40.00%,10.00%,22.50%,40.00%,-0.72%,48,31.40%,30.98%,6.98%,7.02%,0.99,-7.97%,60.42%,0.046512900945293145,-0.056922128978817765,3.20,6.66%,0.32%,130.98,37,62.16%,-0.66%,0.35%,-5.21%,1.28%,False
conf_2m_cdi_10_30_40_20,2,8,10.00%,30.00%,40.00%,20.00%,25.00%,40.00%,-1.06%,48,29.69%,29.30%,6.63%,6.86%,0.97,-7.97%,60.42%,0.04152069542759018,-0.056922128978817765,2.99,6.24%,0.30%,129.30,37,62.16%,-1.02%,0.35%,-6.87%,1.28%,False
conf_2m_cdi_10_30_40_30,2,8,10.00%,30.00%,40.00%,30.00%,27.50%,40.00%,-1.41%,48,27.99%,27.63%,6.29%,6.71%,0.94,-7.97%,60.42%,0.03652893371422139,-0.056922128978817765,2.83,5.90%,0.28%,127.63,37,62.16%,-1.38%,0.35%,-8.53%,1.28%,False
conf_2m_cdi_10_30_40_40,2,8,10.00%,30.00%,40.00%,40.00%,30.00%,40.00%,-1.76%,48,26.30%,25.93%,5.93%,6.58%,0.90,-7.97%,60.42%,0.035536174696745304,-0.056922128978817765,2.98,6.21%,0.30%,125.93,37,62.16%,-1.75%,0.35%,-10.20%,1.28%,False
conf_2m_cdi_10_30_40_50,2,8,10.00%,30.00%,40.00%,50.00%,32.50%,50.00%,-2.12%,48,24.63%,24.24%,5.58%,6.47%,0.86,-7.97%,60.42%,0.035536174696745304,-0.056922128978817765,3.17,6.61%,0.32%,124.24,37,62.16%,-2.12%,0.35%,-11.87%,1.28%,False
conf_2m_cdi_10_30_50_00,2,8,10.00%,30.00%,50.00%,0.00%,22.50%,50.00%,-0.24%,48,33.82%,33.34%,7.46%,7.18%,1.04,-7.97%,60.42%,0.051505551784493786,-0.056922128978817765,3.59,7.49%,0.36%,133.34,37,62.16%,-0.12%,0.47%,-3.54%,1.78%,False
conf_2m_cdi_10_30_50_10,2,8,10.00%,30.00%,50.00%,10.00%,25.00%,50.00%,-0.58%,48,32.08%,31.63%,7.11%,7.00%,1.02,-7.97%,60.42%,0.046512900945293145,-0.056922128978817765,3.39,7.06%,0.34%,131.63,37,62.16%,-0.48%,0.47%,-5.21%,1.78%,False
conf_2m_cdi_10_30_50_20,2,8,10.00%,30.00%,50.00%,20.00%,27.50%,50.00%,-0.93%,48,30.35%,29.94%,6.77%,6.84%,0.99,-7.97%,60.42%,0.04152069542759018,-0.056922128978817765,3.18,6.63%,0.32%,129.94,37,62.16%,-0.85%,0.47%,-6.87%,1.78%,False
conf_2m_cdi_10_30_50_30,2,8,10.00%,30.00%,50.00%,30.00%,30.00%,50.00%,-1.28%,48,28.65%,28.26%,6.42%,6.69%,0.96,-7.97%,60.42%,0.03652893371422139,-0.056922128978817765,3.02,6.30%,0.30%,128.26,37,62.16%,-1.21%,0.47%,-8.53%,1.78%,False
conf_2m_cdi_10_30_50_40,2,8,10.00%,30.00%,50.00%,40.00%,32.50%,50.00%,-1.63%,48,26.95%,26.55%,6.06%,6.56%,0.92,-7.97%,60.42%,0.035536174696745304,-0.056922128978817765,3.17,6.61%,0.32%,126.55,37,62.16%,-1.58%,0.47%,-10.20%,1.78%,False
conf_2m_cdi_10_30_50_50,2,8,10.00%,30.00%,50.00%,50.00%,35.00%,50.00%,-1.99%,48,25.27%,24.85%,5.71%,6.44%,0.89,-7.97%,60.42%,0.035536174696745304,-0.056922128978817765,3.36,7.01%,0.34%,124.85,37,62.16%,-1.95%,0.47%,-11.87%,1.78%,False
conf_2m_cdi_10_40_00_00,2,8,10.00%,40.00%,0.00%,0.00%,12.50%,40.00%,-1.51%,48,27.71%,27.12%,6.18%,7.13%,0.87,-7.97%,62.50%,0.051505551784493786,-0.056922128978817765,4.59,9.57%,0.46%,127.12,37,29.73%,-1.60%,-1.28%,-5.68%,1.11%,False
conf_2m_cdi_10_40_00_10,2,8,10.00%,40.00%,0.00%,10.00%,15.00%,40.00%,-1.85%,48,26.05%,25.50%,5.84%,6.95%,0.84,-7.97%,62.50%,0.046512900945293145,-0.056922128978817765,4.39,9.14%,0.44%,125.50,37,29.73%,-1.96%,-1.28%,-7.33%,1.11%,False
conf_2m_cdi_10_40_00_20,2,8,10.00%,40.00%,0.00%,20.00%,17.50%,40.00%,-2.20%,48,24.40%,23.88%,5.50%,6.77%,0.81,-7.97%,62.50%,0.04152069542759018,-0.056922128978817765,4.18,8.72%,0.42%,123.88,37,29.73%,-2.32%,-1.28%,-8.96%,1.11%,False
conf_2m_cdi_10_40_00_30,2,8,10.00%,40.00%,0.00%,30.00%,20.00%,40.00%,-2.54%,48,22.77%,22.28%,5.16%,6.62%,0.78,-7.97%,62.50%,0.03652893371422139,-0.056922128978817765,3.98,8.29%,0.40%,122.28,37,29.73%,-2.67%,-1.28%,-10.58%,1.11%,False
conf_2m_cdi_10_40_00_40,2,8,10.00%,40.00%,0.00%,40.00%,22.50%,40.00%,-2.88%,48,21.15%,20.69%,4.81%,6.48%,0.74,-7.97%,62.50%,0.03153747705339782,-0.056922128978817765,3.81,7.94%,0.38%,120.69,37,29.73%,-3.03%,-1.28%,-12.19%,1.11%,False
conf_2m_cdi_10_40_00_50,2,8,10.00%,40.00%,0.00%,50.00%,25.00%,50.00%,-3.23%,48,19.55%,19.08%,4.46%,6.36%,0.70,-7.97%,62.50%,0.030742782721738804,-0.056922128978817765,3.97,8.26%,0.40%,119.08,37,29.73%,-3.39%,-1.28%,-13.83%,1.11%,False
conf_2m_cdi_10_40_10_00,2,8,10.00%,40.00%,10.00%,0.00%,15.00%,40.00%,-1.37%,48,28.37%,27.81%,6.33%,7.09%,0.89,-7.97%,62.50%,0.051505551784493786,-0.056922128978817765,4.39,9.14%,0.44%,127.81,37,29.73%,-1.42%,-0.79%,-5.68%,1.11%,False
conf_2m_cdi_10_40_10_10,2,8,10.00%,40.00%,10.00%,10.00%,17.50%,40.00%,-1.71%,48,26.70%,26.17%,5.98%,6.91%,0.87,-7.97%,62.50%,0.046512900945293145,-0.056922128978817765,4.18,8.71%,0.42%,126.17,37,29.73%,-1.78%,-0.79%,-7.33%,1.11%,False
conf_2m_cdi_10_40_10_20,2,8,10.00%,40.00%,10.00%,20.00%,20.00%,40.00%,-2.05%,48,25.05%,24.55%,5.64%,6.73%,0.84,-7.97%,62.50%,0.04152069542759018,-0.056922128978817765,3.98,8.28%,0.40%,124.55,37,29.73%,-2.14%,-0.79%,-8.96%,1.11%,False
conf_2m_cdi_10_40_10_30,2,8,10.00%,40.00%,10.00%,30.00%,22.50%,40.00%,-2.40%,48,23.41%,22.94%,5.30%,6.58%,0.81,-7.97%,62.50%,0.03652893371422139,-0.056922128978817765,3.77,7.85%,0.38%,122.94,37,29.73%,-2.49%,-0.79%,-10.58%,1.11%,False
conf_2m_cdi_10_40_10_40,2,8,10.00%,40.00%,10.00%,40.00%,25.00%,40.00%,-2.74%,48,21.78%,21.35%,4.96%,6.44%,0.77,-7.97%,62.50%,0.03153747705339782,-0.056922128978817765,3.60,7.50%,0.36%,121.35,37,29.73%,-2.85%,-0.79%,-12.19%,1.11%,False
conf_2m_cdi_10_40_10_50,2,8,10.00%,40.00%,10.00%,50.00%,27.50%,50.00%,-3.09%,48,20.17%,19.72%,4.60%,6.32%,0.73,-7.97%,62.50%,0.030742782721738804,-0.056922128978817765,3.76,7.83%,0.38%,119.72,37,29.73%,-3.21%,-0.79%,-13.83%,1.11%,False
conf_2m_cdi_10_40_20_00,2,8,10.00%,40.00%,20.00%,0.00%,17.50%,40.00%,-1.23%,48,29.04%,28.50%,6.47%,7.06%,0.92,-7.97%,62.50%,0.051505551784493786,-0.056922128978817765,4.18,8.70%,0.42%,128.50,37,35.14%,-1.24%,-0.26%,-5.68%,1.11%,False
conf_2m_cdi_10_40_20_10,2,8,10.00%,40.00%,20.00%,10.00%,20.00%,40.00%,-1.57%,48,27.36%,26.85%,6.13%,6.87%,0.89,-7.97%,62.50%,0.046512900945293145,-0.056922128978817765,3.97,8.28%,0.40%,126.85,37,35.14%,-1.60%,-0.26%,-7.33%,1.11%,False
conf_2m_cdi_10_40_20_20,2,8,10.00%,40.00%,20.00%,20.00%,22.50%,40.00%,-1.91%,48,25.70%,25.22%,5.78%,6.70%,0.86,-7.97%,62.50%,0.04152069542759018,-0.056922128978817765,3.77,7.85%,0.38%,125.22,37,35.14%,-1.96%,-0.26%,-8.96%,1.11%,False
conf_2m_cdi_10_40_20_30,2,8,10.00%,40.00%,20.00%,30.00%,25.00%,40.00%,-2.25%,48,24.05%,23.61%,5.44%,6.54%,0.83,-7.97%,62.50%,0.03652893371422139,-0.056922128978817765,3.56,7.42%,0.36%,123.61,37,35.14%,-2.31%,-0.26%,-10.58%,1.11%,False
conf_2m_cdi_10_40_20_40,2,8,10.00%,40.00%,20.00%,40.00%,27.50%,40.00%,-2.60%,48,22.41%,22.00%,5.10%,6.41%,0.80,-7.97%,62.50%,0.03153747705339782,-0.056922128978817765,3.39,7.07%,0.34%,122.00,37,35.14%,-2.66%,-0.26%,-12.19%,1.11%,False
conf_2m_cdi_10_40_20_50,2,8,10.00%,40.00%,20.00%,50.00%,30.00%,50.00%,-2.95%,48,20.80%,20.37%,4.74%,6.29%,0.75,-7.97%,62.50%,0.030742782721738804,-0.056922128978817765,3.55,7.39%,0.35%,120.37,37,35.14%,-3.02%,-0.26%,-13.83%,1.11%,False
conf_2m_cdi_10_40_30_00,2,8,10.00%,40.00%,30.00%,0.00%,20.00%,40.00%,-1.08%,48,29.70%,29.19%,6.61%,7.02%,0.94,-7.97%,64.58%,0.051505551784493786,-0.056922128978817765,3.97,8.27%,0.40%,129.19,37,45.95%,-1.05%,-0.21%,-5.68%,1.11%,False
conf_2m_cdi_10_40_30_10,2,8,10.00%,40.00%,30.00%,10.00%,22.50%,40.00%,-1.43%,48,28.02%,27.54%,6.27%,6.84%,0.92,-7.97%,64.58%,0.046512900945293145,-0.056922128978817765,3.77,7.85%,0.38%,127.54,37,45.95%,-1.41%,-0.21%,-7.33%,1.11%,False
conf_2m_cdi_10_40_30_20,2,8,10.00%,40.00%,30.00%,20.00%,25.00%,40.00%,-1.77%,48,26.34%,25.90%,5.93%,6.66%,0.89,-7.97%,64.58%,0.04152069542759018,-0.056922128978817765,3.56,7.42%,0.36%,125.90,37,45.95%,-1.77%,-0.21%,-8.96%,1.11%,False
conf_2m_cdi_10_40_30_30,2,8,10.00%,40.00%,30.00%,30.00%,27.50%,40.00%,-2.11%,48,24.69%,24.27%,5.58%,6.51%,0.86,-7.97%,64.58%,0.03652893371422139,-0.056922128978817765,3.35,6.99%,0.34%,124.27,37,45.95%,-2.13%,-0.21%,-10.58%,1.11%,False
conf_2m_cdi_10_40_30_40,2,8,10.00%,40.00%,30.00%,40.00%,30.00%,40.00%,-2.46%,48,23.05%,22.65%,5.24%,6.37%,0.82,-7.97%,64.58%,0.03153747705339782,-0.056922128978817765,3.19,6.64%,0.32%,122.65,37,45.95%,-2.48%,-0.21%,-12.19%,1.11%,False
conf_2m_cdi_10_40_30_50,2,8,10.00%,40.00%,30.00%,50.00%,32.50%,50.00%,-2.81%,48,21.42%,21.01%,4.88%,6.25%,0.78,-7.97%,64.58%,0.030742782721738804,-0.056922128978817765,3.34,6.97%,0.33%,121.01,37,45.95%,-2.84%,-0.21%,-13.83%,1.11%,False
conf_2m_cdi_10_40_40_00,2,8,10.00%,40.00%,40.00%,0.00%,22.50%,40.00%,-0.94%,48,30.37%,29.88%,6.75%,7.00%,0.97,-7.97%,64.58%,0.051505551784493786,-0.056922128978817765,3.79,7.90%,0.38%,129.88,37,51.35%,-0.87%,0.07%,-5.68%,1.11%,False
conf_2m_cdi_10_40_40_10,2,8,10.00%,40.00%,40.00%,10.00%,25.00%,40.00%,-1.28%,48,28.68%,28.22%,6.41%,6.81%,0.94,-7.97%,64.58%,0.046512900945293145,-0.056922128978817765,3.59,7.47%,0.36%,128.22,37,51.35%,-1.23%,0.07%,-7.33%,1.11%,False
conf_2m_cdi_10_40_40_20,2,8,10.00%,40.00%,40.00%,20.00%,27.50%,40.00%,-1.63%,48,27.00%,26.57%,6.07%,6.64%,0.91,-7.97%,64.58%,0.04152069542759018,-0.056922128978817765,3.38,7.04%,0.34%,126.57,37,51.35%,-1.59%,0.07%,-8.96%,1.11%,False
conf_2m_cdi_10_40_40_30,2,8,10.00%,40.00%,40.00%,30.00%,30.00%,40.00%,-1.97%,48,25.33%,24.93%,5.72%,6.48%,0.88,-7.97%,64.58%,0.03652893371422139,-0.056922128978817765,3.17,6.61%,0.32%,124.93,37,51.35%,-1.95%,0.07%,-10.58%,1.11%,False
conf_2m_cdi_10_40_40_40,2,8,10.00%,40.00%,40.00%,40.00%,32.50%,40.00%,-2.32%,48,23.68%,23.31%,5.38%,6.34%,0.85,-7.97%,64.58%,0.03153747705339782,-0.056922128978817765,3.01,6.27%,0.30%,123.31,37,51.35%,-2.30%,0.07%,-12.19%,1.11%,False
conf_2m_cdi_10_40_40_50,2,8,10.00%,40.00%,40.00%,50.00%,35.00%,50.00%,-2.67%,48,22.05%,21.66%,5.02%,6.22%,0.81,-7.97%,64.58%,0.030742782721738804,-0.056922128978817765,3.16,6.59%,0.32%,121.66,37,51.35%,-2.66%,0.07%,-13.83%,1.11%,False
conf_2m_cdi_10_40_50_00,2,8,10.00%,40.00%,50.00%,0.00%,25.00%,50.00%,-0.81%,48,31.04%,30.52%,6.89%,6.97%,0.99,-7.97%,64.58%,0.051505551784493786,-0.056922128978817765,3.96,8.25%,0.40%,130.52,37,59.46%,-0.70%,0.30%,-5.68%,1.55%,False
conf_2m_cdi_10_40_50_10,2,8,10.00%,40.00%,50.00%,10.00%,27.50%,50.00%,-1.15%,48,29.34%,28.85%,6.54%,6.78%,0.96,-7.97%,64.58%,0.046512900945293145,-0.056922128978817765,3.75,7.82%,0.38%,128.85,37,59.46%,-1.06%,0.30%,-7.33%,1.55%,False
conf_2m_cdi_10_40_50_20,2,8,10.00%,40.00%,50.00%,20.00%,30.00%,50.00%,-1.50%,48,27.65%,27.20%,6.20%,6.61%,0.94,-7.97%,64.58%,0.04152069542759018,-0.056922128978817765,3.55,7.39%,0.35%,127.20,37,59.46%,-1.42%,0.30%,-8.96%,1.55%,False
conf_2m_cdi_10_40_50_30,2,8,10.00%,40.00%,50.00%,30.00%,32.50%,50.00%,-1.84%,48,25.98%,25.56%,5.85%,6.46%,0.91,-7.97%,64.58%,0.03652893371422139,-0.056922128978817765,3.34,6.96%,0.33%,125.56,37,59.46%,-1.77%,0.30%,-10.58%,1.55%,False
conf_2m_cdi_10_40_50_40,2,8,10.00%,40.00%,50.00%,40.00%,35.00%,50.00%,-2.19%,48,24.32%,23.92%,5.51%,6.32%,0.87,-7.97%,64.58%,0.03153747705339782,-0.056922128978817765,3.17,6.61%,0.32%,123.92,37,59.46%,-2.13%,0.30%,-12.19%,1.55%,False
conf_2m_cdi_10_40_50_50,2,8,10.00%,40.00%,50.00%,50.00%,37.50%,50.00%,-2.54%,48,22.67%,22.27%,5.15%,6.20%,0.83,-7.97%,64.58%,0.030742782721738804,-0.056922128978817765,3.33,6.94%,0.33%,122.27,37,59.46%,-2.49%,0.30%,-13.83%,1.55%,False
conf_2m_cdi_10_50_00_00,2,8,10.00%,50.00%,0.00%,0.00%,15.00%,50.00%,-2.09%,48,25.05%,24.38%,5.61%,6.95%,0.81,-7.97%,64.58%,0.051505551784493786,-0.056922128978817765,5.37,11.18%,0.54%,124.38,37,29.73%,-2.19%,-1.64%,-7.80%,1.33%,False
conf_2m_cdi_10_50_00_10,2,8,10.00%,50.00%,0.00%,10.00%,17.50%,50.00%,-2.43%,48,23.42%,22.79%,5.27%,6.76%,0.78,-7.97%,64.58%,0.046512900945293145,-0.056922128978817765,5.16,10.75%,0.52%,122.79,37,29.73%,-2.54%,-1.64%,-9.42%,1.33%,False
conf_2m_cdi_10_50_00_20,2,8,10.00%,50.00%,0.00%,20.00%,20.00%,50.00%,-2.77%,48,21.81%,21.21%,4.93%,6.58%,0.75,-7.97%,64.58%,0.04152069542759018,-0.056922128978817765,4.95,10.32%,0.50%,121.21,37,29.73%,-2.90%,-1.64%,-11.03%,1.33%,False
conf_2m_cdi_10_50_00_30,2,8,10.00%,50.00%,0.00%,30.00%,22.50%,50.00%,-3.11%,48,20.21%,19.64%,4.59%,6.42%,0.71,-7.97%,64.58%,0.03652893371422139,-0.056922128978817765,4.75,9.89%,0.47%,119.64,37,29.73%,-3.25%,-1.64%,-12.62%,1.33%,False
conf_2m_cdi_10_50_00_40,2,8,10.00%,50.00%,0.00%,40.00%,25.00%,50.00%,-3.45%,48,18.63%,18.09%,4.24%,6.28%,0.68,-7.97%,64.58%,0.03153747705339782,-0.056922128978817765,4.54,9.46%,0.45%,118.09,37,29.73%,-3.59%,-1.64%,-14.20%,1.33%,False
conf_2m_cdi_10_50_00_50,2,8,10.00%,50.00%,0.00%,50.00%,27.50%,50.00%,-3.79%,48,17.06%,16.55%,3.90%,6.15%,0.63,-7.97%,64.58%,0.028703728646345184,-0.056922128978817765,4.37,9.10%,0.44%,116.55,37,29.73%,-3.94%,-1.64%,-15.77%,1.33%,False
conf_2m_cdi_10_50_10_00,2,8,10.00%,50.00%,10.00%,0.00%,17.50%,50.00%,-1.95%,48,25.70%,25.05%,5.75%,6.91%,0.83,-7.97%,64.58%,0.051505551784493786,-0.056922128978817765,5.16,10.74%,0.52%,125.05,37,29.73%,-2.00%,-1.09%,-7.80%,1.33%,False
conf_2m_cdi_10_50_10_10,2,8,10.00%,50.00%,10.00%,10.00%,20.00%,50.00%,-2.29%,48,24.06%,23.45%,5.41%,6.72%,0.80,-7.97%,64.58%,0.046512900945293145,-0.056922128978817765,4.95,10.32%,0.50%,123.45,37,29.73%,-2.36%,-1.09%,-9.42%,1.33%,False
conf_2m_cdi_10_50_10_20,2,8,10.00%,50.00%,10.00%,20.00%,22.50%,50.00%,-2.63%,48,22.44%,21.86%,5.07%,6.54%,0.77,-7.97%,64.58%,0.04152069542759018,-0.056922128978817765,4.75,9.89%,0.47%,121.86,37,29.73%,-2.71%,-1.09%,-11.03%,1.33%,False
conf_2m_cdi_10_50_10_30,2,8,10.00%,50.00%,10.00%,30.00%,25.00%,50.00%,-2.97%,48,20.84%,20.29%,4.73%,6.38%,0.74,-7.97%,64.58%,0.03652893371422139,-0.056922128978817765,4.54,9.46%,0.45%,120.29,37,29.73%,-3.06%,-1.09%,-12.62%,1.33%,False
conf_2m_cdi_10_50_10_40,2,8,10.00%,50.00%,10.00%,40.00%,27.50%,50.00%,-3.31%,48,19.24%,18.73%,4.39%,6.23%,0.70,-7.97%,64.58%,0.03153747705339782,-0.056922128978817765,4.33,9.02%,0.43%,118.73,37,29.73%,-3.41%,-1.09%,-14.20%,1.33%,False
conf_2m_cdi_10_50_10_50,2,8,10.00%,50.00%,10.00%,50.00%,30.00%,50.00%,-3.65%,48,17.67%,17.18%,4.04%,6.11%,0.66,-7.97%,64.58%,0.028703728646345184,-0.056922128978817765,4.16,8.66%,0.42%,117.18,37,29.73%,-3.76%,-1.09%,-15.77%,1.33%,False
conf_2m_cdi_10_50_20_00,2,8,10.00%,50.00%,20.00%,0.00%,20.00%,50.00%,-1.81%,48,26.35%,25.72%,5.89%,6.88%,0.86,-7.97%,64.58%,0.051505551784493786,-0.056922128978817765,4.95,10.31%,0.49%,125.72,37,29.73%,-1.82%,-0.57%,-7.80%,1.33%,False
conf_2m_cdi_10_50_20_10,2,8,10.00%,50.00%,20.00%,10.00%,22.50%,50.00%,-2.15%,48,24.70%,24.11%,5.55%,6.68%,0.83,-7.97%,64.58%,0.046512900945293145,-0.056922128978817765,4.74,9.88%,0.47%,124.11,37,29.73%,-2.18%,-0.57%,-9.42%,1.33%,False
conf_2m_cdi_10_50_20_20,2,8,10.00%,50.00%,20.00%,20.00%,25.00%,50.00%,-2.49%,48,23.08%,22.52%,5.21%,6.50%,0.80,-7.97%,64.58%,0.04152069542759018,-0.056922128978817765,4.54,9.45%,0.45%,122.52,37,29.73%,-2.53%,-0.57%,-11.03%,1.33%,False
conf_2m_cdi_10_50_20_30,2,8,10.00%,50.00%,20.00%,30.00%,27.50%,50.00%,-2.83%,48,21.46%,20.94%,4.87%,6.34%,0.77,-7.97%,64.58%,0.03652893371422139,-0.056922128978817765,4.33,9.02%,0.43%,120.94,37,29.73%,-2.88%,-0.57%,-12.62%,1.33%,False
conf_2m_cdi_10_50_20_40,2,8,10.00%,50.00%,20.00%,40.00%,30.00%,50.00%,-3.17%,48,19.86%,19.37%,4.53%,6.20%,0.73,-7.97%,64.58%,0.03153747705339782,-0.056922128978817765,4.12,8.59%,0.41%,119.37,37,29.73%,-3.23%,-0.57%,-14.20%,1.33%,False
conf_2m_cdi_10_50_20_50,2,8,10.00%,50.00%,20.00%,50.00%,32.50%,50.00%,-3.51%,48,18.28%,17.81%,4.18%,6.07%,0.69,-7.97%,64.58%,0.028703728646345184,-0.056922128978817765,3.95,8.23%,0.39%,117.81,37,29.73%,-3.58%,-0.57%,-15.77%,1.33%,False
conf_2m_cdi_10_50_30_00,2,8,10.00%,50.00%,30.00%,0.00%,22.50%,50.00%,-1.66%,48,27.00%,26.40%,6.03%,6.84%,0.88,-7.97%,66.67%,0.051505551784493786,-0.056922128978817765,4.74,9.87%,0.47%,126.40,37,40.54%,-1.64%,-0.34%,-7.80%,1.33%,False
conf_2m_cdi_10_50_30_10,2,8,10.00%,50.00%,30.00%,10.00%,25.00%,50.00%,-2.00%,48,25.35%,24.78%,5.69%,6.65%,0.86,-7.97%,66.67%,0.046512900945293145,-0.056922128978817765,4.53,9.45%,0.45%,124.78,37,40.54%,-2.00%,-0.34%,-9.42%,1.33%,False
conf_2m_cdi_10_50_30_20,2,8,10.00%,50.00%,30.00%,20.00%,27.50%,50.00%,-2.35%,48,23.71%,23.18%,5.35%,6.47%,0.83,-7.97%,66.67%,0.04152069542759018,-0.056922128978817765,4.33,9.02%,0.43%,123.18,37,40.54%,-2.35%,-0.34%,-11.03%,1.33%,False
conf_2m_cdi_10_50_30_30,2,8,10.00%,50.00%,30.00%,30.00%,30.00%,50.00%,-2.69%,48,22.09%,21.59%,5.01%,6.31%,0.79,-7.97%,66.67%,0.03652893371422139,-0.056922128978817765,4.12,8.59%,0.41%,121.59,37,40.54%,-2.70%,-0.34%,-12.62%,1.33%,False
conf_2m_cdi_10_50_30_40,2,8,10.00%,50.00%,30.00%,40.00%,32.50%,50.00%,-3.03%,48,20.48%,20.01%,4.67%,6.16%,0.76,-7.97%,66.67%,0.03153747705339782,-0.056922128978817765,3.91,8.15%,0.39%,120.01,37,40.54%,-3.05%,-0.34%,-14.20%,1.33%,False
conf_2m_cdi_10_50_30_50,2,8,10.00%,50.00%,30.00%,50.00%,35.00%,50.00%,-3.37%,48,18.89%,18.44%,4.32%,6.04%,0.72,-7.97%,66.67%,0.028703728646345184,-0.056922128978817765,3.74,7.79%,0.37%,118.44,37,40.54%,-3.40%,-0.34%,-15.77%,1.33%,False
conf_2m_cdi_10_50_40_00,2,8,10.00%,50.00%,40.00%,0.00%,25.00%,50.00%,-1.52%,48,27.65%,27.08%,6.17%,6.82%,0.91,-7.97%,66.67%,0.051505551784493786,-0.056922128978817765,4.53,9.44%,0.45%,127.08,37,45.95%,-1.46%,-0.33%,-7.80%,1.33%,False
conf_2m_cdi_10_50_40_10,2,8,10.00%,50.00%,40.00%,10.00%,27.50%,50.00%,-1.86%,48,25.99%,25.45%,5.83%,6.62%,0.88,-7.97%,66.67%,0.046512900945293145,-0.056922128978817765,4.33,9.01%,0.43%,125.45,37,45.95%,-1.81%,-0.33%,-9.42%,1.33%,False
conf_2m_cdi_10_50_40_20,2,8,10.00%,50.00%,40.00%,20.00%,30.00%,50.00%,-2.20%,48,24.35%,23.84%,5.49%,6.44%,0.85,-7.97%,66.67%,0.04152069542759018,-0.056922128978817765,4.12,8.58%,0.41%,123.84,37,45.95%,-2.17%,-0.33%,-11.03%,1.33%,False
conf_2m_cdi_10_50_40_30,2,8,10.00%,50.00%,40.00%,30.00%,32.50%,50.00%,-2.55%,48,22.72%,22.24%,5.15%,6.28%,0.82,-7.97%,66.67%,0.03652893371422139,-0.056922128978817765,3.91,8.15%,0.39%,122.24,37,45.95%,-2.52%,-0.33%,-12.62%,1.33%,False
conf_2m_cdi_10_50_40_40,2,8,10.00%,50.00%,40.00%,40.00%,35.00%,50.00%,-2.89%,48,21.10%,20.66%,4.81%,6.13%,0.78,-7.97%,66.67%,0.03153747705339782,-0.056922128978817765,3.70,7.72%,0.37%,120.66,37,45.95%,-2.87%,-0.33%,-14.20%,1.33%,False
conf_2m_cdi_10_50_40_50,2,8,10.00%,50.00%,40.00%,50.00%,37.50%,50.00%,-3.23%,48,19.50%,19.08%,4.46%,6.01%,0.74,-7.97%,66.67%,0.028703728646345184,-0.056922128978817765,3.53,7.36%,0.35%,119.08,37,45.95%,-3.21%,-0.33%,-15.77%,1.33%,False
conf_2m_cdi_10_50_50_00,2,8,10.00%,50.00%,50.00%,0.00%,27.50%,50.00%,-1.38%,48,28.31%,27.75%,6.31%,6.79%,0.93,-7.97%,66.67%,0.051505551784493786,-0.056922128978817765,4.35,9.06%,0.43%,127.75,37,51.35%,-1.28%,0.08%,-7.80%,1.33%,False
conf_2m_cdi_10_50_50_10,2,8,10.00%,50.00%,50.00%,10.00%,30.00%,50.00%,-1.72%,48,26.64%,26.12%,5.97%,6.60%,0.91,-7.97%,66.67%,0.046512900945293145,-0.056922128978817765,4.14,8.63%,0.41%,126.12,37,51.35%,-1.63%,0.08%,-9.42%,1.33%,False
conf_2m_cdi_10_50_50_20,2,8,10.00%,50.00%,50.00%,20.00%,32.50%,50.00%,-2.06%,48,24.99%,24.50%,5.63%,6.42%,0.88,-7.97%,66.67%,0.04152069542759018,-0.056922128978817765,3.94,8.20%,0.39%,124.50,37,51.35%,-1.99%,0.08%,-11.03%,1.33%,False
conf_2m_cdi_10_50_50_30,2,8,10.00%,50.00%,50.00%,30.00%,35.00%,50.00%,-2.41%,48,23.35%,22.89%,5.29%,6.25%,0.85,-7.97%,66.67%,0.03652893371422139,-0.056922128978817765,3.73,7.77%,0.37%,122.89,37,51.35%,-2.34%,0.08%,-12.62%,1.33%,False
conf_2m_cdi_10_50_50_40,2,8,10.00%,50.00%,50.00%,40.00%,37.50%,50.00%,-2.75%,48,21.73%,21.30%,4.95%,6.11%,0.81,-7.97%,66.67%,0.03153747705339782,-0.056922128978817765,3.52,7.34%,0.35%,121.30,37,51.35%,-2.69%,0.08%,-14.20%,1.33%,False
conf_2m_cdi_10_50_50_50,2,8,10.00%,50.00%,50.00%,50.00%,40.00%,50.00%,-3.09%,48,20.12%,19.71%,4.60%,5.99%,0.77,-7.97%,66.67%,0.028703728646345184,-0.056922128978817765,3.35,6.98%,0.34%,119.71,37,51.35%,-3.03%,0.08%,-15.77%,1.33%,False
conf_2m_cdi_20_00_00_00,2,8,20.00%,0.00%,0.00%,0.00%,5.00%,20.00%,1.62%,48,43.20%,42.80%,9.32%,7.70%,1.21,-7.00%,62.50%,0.051505551784493786,-0.050222489462444564,2.79,5.81%,0.28%,142.80,37,89.19%,1.46%,1.35%,-0.13%,4.16%,False
conf_2m_cdi_20_00_00_10,2,8,20.00%,0.00%,0.00%,10.00%,7.50%,20.00%,1.26%,48,41.34%,40.92%,8.95%,7.54%,1.19,-7.00%,62.50%,0.04962119553479227,-0.050222489462444564,2.93,6.11%,0.29%,140.92,37,89.19%,1.07%,0.84%,-0.13%,2.49%,False
conf_2m_cdi_20_00_00_20,2,8,20.00%,0.00%,0.00%,20.00%,10.00%,20.00%,0.90%,48,39.49%,39.06%,8.59%,7.39%,1.16,-7.00%,62.50%,0.04962119553479227,-0.050222489462444564,3.12,6.50%,0.31%,139.06,37,70.27%,0.68%,0.60%,-1.13%,2.02%,False
conf_2m_cdi_20_00_00_30,2,8,20.00%,0.00%,0.00%,30.00%,12.50%,30.00%,0.53%,48,37.66%,37.21%,8.23%,7.26%,1.13,-7.00%,62.50%,0.04962119553479227,-0.050222489462444564,3.31,6.90%,0.33%,137.21,37,62.16%,0.29%,0.45%,-2.80%,2.02%,False
conf_2m_cdi_20_00_00_40,2,8,20.00%,0.00%,0.00%,40.00%,15.00%,40.00%,0.17%,48,35.85%,35.38%,7.87%,7.14%,1.10,-7.00%,62.50%,0.04962119553479227,-0.050222489462444564,3.50,7.30%,0.35%,135.38,37,62.16%,-0.10%,0.45%,-4.46%,2.02%,False
conf_2m_cdi_20_00_00_50,2,8,20.00%,0.00%,0.00%,50.00%,17.50%,50.00%,-0.19%,48,34.06%,33.56%,7.50%,7.04%,1.07,-7.00%,62.50%,0.04962119553479227,-0.050222489462444564,3.69,7.69%,0.37%,133.56,37,59.46%,-0.48%,0.45%,-6.10%,2.02%,False
conf_2m_cdi_20_00_10_00,2,8,20.00%,0.00%,10.00%,0.00%,7.50%,20.00%,1.76%,48,43.94%,43.52%,9.45%,7.66%,1.23,-7.00%,62.50%,0.051505551784493786,-0.050222489462444564,2.94,6.12%,0.29%,143.52,37,100.00%,1.63%,1.41%,0.40%,4.16%,False
conf_2m_cdi_20_00_10_10,2,8,20.00%,0.00%,10.00%,10.00%,10.00%,20.00%,1.40%,48,42.07%,41.64%,9.09%,7.50%,1.21,-7.00%,62.50%,0.04962119553479227,-0.050222489462444564,3.09,6.43%,0.31%,141.64,37,100.00%,1.24%,1.14%,0.40%,2.49%,False
conf_2m_cdi_20_00_10_20,2,8,20.00%,0.00%,10.00%,20.00%,12.50%,20.00%,1.03%,48,40.22%,39.76%,8.73%,7.35%,1.19,-7.00%,62.50%,0.04962119553479227,-0.050222489462444564,3.27,6.81%,0.33%,139.76,37,86.49%,0.85%,0.83%,-1.13%,2.02%,False
conf_2m_cdi_20_00_10_30,2,8,20.00%,0.00%,10.00%,30.00%,15.00%,30.00%,0.67%,48,38.38%,37.90%,8.37%,7.22%,1.16,-7.00%,62.50%,0.04962119553479227,-0.050222489462444564,3.46,7.21%,0.35%,137.90,37,72.97%,0.46%,0.75%,-2.80%,2.02%,False
conf_2m_cdi_20_00_10_40,2,8,20.00%,0.00%,10.00%,40.00%,17.50%,40.00%,0.31%,48,36.56%,36.06%,8.00%,7.10%,1.13,-7.00%,62.50%,0.04962119553479227,-0.050222489462444564,3.65,7.61%,0.37%,136.06,37,72.97%,0.08%,0.75%,-4.46%,2.02%,False
conf_2m_cdi_20_00_10_50,2,8,20.00%,0.00%,10.00%,50.00%,20.00%,50.00%,-0.06%,48,34.75%,34.23%,7.64%,7.00%,1.09,-7.00%,62.50%,0.04962119553479227,-0.050222489462444564,3.84,8.01%,0.38%,134.23,37,72.97%,-0.31%,0.75%,-6.10%,2.02%,False
conf_2m_cdi_20_00_20_00,2,8,20.00%,0.00%,20.00%,0.00%,10.00%,20.00%,1.89%,48,44.69%,44.24%,9.59%,7.63%,1.26,-7.00%,62.50%,0.051505551784493786,-0.050222489462444564,3.13,6.53%,0.31%,144.24,37,100.00%,1.81%,1.58%,0.68%,4.16%,False
conf_2m_cdi_20_00_20_10,2,8,20.00%,0.00%,20.00%,10.00%,12.50%,20.00%,1.53%,48,42.81%,42.34%,9.23%,7.46%,1.24,-7.00%,62.50%,0.04962119553479227,-0.050222489462444564,3.28,6.83%,0.33%,142.34,37,100.00%,1.41%,1.29%,0.56%,2.49%,False
conf_2m_cdi_20_00_20_20,2,8,20.00%,0.00%,20.00%,20.00%,15.00%,20.00%,1.17%,48,40.94%,40.46%,8.86%,7.31%,1.21,-7.00%,62.50%,0.04962119553479227,-0.050222489462444564,3.46,7.21%,0.35%,140.46,37,86.49%,1.02%,1.19%,-1.13%,2.02%,False
conf_2m_cdi_20_00_20_30,2,8,20.00%,0.00%,20.00%,30.00%,17.50%,30.00%,0.80%,48,39.10%,38.59%,8.50%,7.18%,1.18,-7.00%,62.50%,0.04962119553479227,-0.050222489462444564,3.65,7.61%,0.37%,138.59,37,72.97%,0.63%,1.19%,-2.80%,2.02%,False
conf_2m_cdi_20_00_20_40,2,8,20.00%,0.00%,20.00%,40.00%,20.00%,40.00%,0.44%,48,37.26%,36.74%,8.14%,7.06%,1.15,-7.00%,62.50%,0.04962119553479227,-0.050222489462444564,3.85,8.01%,0.38%,136.74,37,72.97%,0.25%,1.19%,-4.46%,2.02%,False
conf_2m_cdi_20_00_20_50,2,8,20.00%,0.00%,20.00%,50.00%,22.50%,50.00%,0.08%,48,35.45%,34.90%,7.77%,6.97%,1.12,-7.00%,62.50%,0.04962119553479227,-0.050222489462444564,4.04,8.41%,0.40%,134.90,37,72.97%,-0.13%,1.19%,-6.10%,2.02%,False
conf_2m_cdi_20_00_30_00,2,8,20.00%,0.00%,30.00%,0.00%,12.50%,30.00%,2.03%,48,45.44%,44.95%,9.73%,7.60%,1.28,-7.00%,64.58%,0.051505551784493786,-0.050222489462444564,3.33,6.93%,0.33%,144.95,37,100.00%,1.98%,1.84%,0.67%,4.16%,False
conf_2m_cdi_20_00_30_10,2,8,20.00%,0.00%,30.00%,10.00%,15.00%,30.00%,1.67%,48,43.55%,43.05%,9.36%,7.43%,1.26,-7.00%,64.58%,0.04962119553479227,-0.050222489462444564,3.47,7.23%,0.35%,143.05,37,100.00%,1.59%,1.60%,0.56%,2.49%,False
conf_2m_cdi_20_00_30_20,2,8,20.00%,0.00%,30.00%,20.00%,17.50%,30.00%,1.30%,48,41.67%,41.16%,9.00%,7.28%,1.24,-7.00%,64.58%,0.04962119553479227,-0.050222489462444564,3.66,7.62%,0.37%,141.16,37,86.49%,1.19%,1.54%,-1.13%,2.17%,False
conf_2m_cdi_20_00_30_30,2,8,20.00%,0.00%,30.00%,30.00%,20.00%,30.00%,0.94%,48,39.81%,39.28%,8.64%,7.15%,1.21,-7.00%,64.58%,0.04962119553479227,-0.050222489462444564,3.85,8.02%,0.38%,139.28,37,75.68%,0.81%,1.54%,-2.80%,2.17%,False
conf_2m_cdi_20_00_30_40,2,8,20.00%,0.00%,30.00%,40.00%,22.50%,40.00%,0.58%,48,37.97%,37.42%,8.27%,7.03%,1.18,-7.00%,64.58%,0.04962119553479227,-0.050222489462444564,4.04,8.41%,0.40%,137.42,37,72.97%,0.42%,1.54%,-4.46%,2.17%,False
conf_2m_cdi_20_00_30_50,2,8,20.00%,0.00%,30.00%,50.00%,25.00%,50.00%,0.21%,48,36.15%,35.57%,7.91%,6.94%,1.14,-7.00%,64.58%,0.04962119553479227,-0.050222489462444564,4.23,8.81%,0.42%,135.57,37,72.97%,0.04%,1.54%,-6.10%,2.17%,False
conf_2m_cdi_20_00_40_00,2,8,20.00%,0.00%,40.00%,0.00%,15.00%,40.00%,2.17%,48,46.19%,45.67%,9.86%,7.57%,1.30,-7.00%,64.58%,0.051505551784493786,-0.050222489462444564,3.52,7.33%,0.35%,145.67,37,100.00%,2.15%,2.00%,0.66%,4.16%,False
conf_2m_cdi_20_00_40_10,2,8,20.00%,0.00%,40.00%,10.00%,17.50%,40.00%,1.80%,48,44.29%,43.76%,9.50%,7.40%,1.28,-7.00%,64.58%,0.04962119553479227,-0.050222489462444564,3.66,7.63%,0.37%,143.76,37,100.00%,1.76%,1.96%,0.56%,2.68%,False
conf_2m_cdi_20_00_40_20,2,8,20.00%,0.00%,40.00%,20.00%,20.00%,40.00%,1.44%,48,42.40%,41.86%,9.13%,7.25%,1.26,-7.00%,64.58%,0.04962119553479227,-0.050222489462444564,3.85,8.02%,0.38%,141.86,37,89.19%,1.37%,1.90%,-1.13%,2.68%,False
conf_2m_cdi_20_00_40_30,2,8,20.00%,0.00%,40.00%,30.00%,22.50%,40.00%,1.07%,48,40.54%,39.97%,8.77%,7.12%,1.23,-7.00%,64.58%,0.04962119553479227,-0.050222489462444564,4.04,8.41%,0.40%,139.97,37,75.68%,0.98%,1.78%,-2.80%,2.68%,False
conf_2m_cdi_20_00_40_40,2,8,20.00%,0.00%,40.00%,40.00%,25.00%,40.00%,0.71%,48,38.69%,38.10%,8.40%,7.00%,1.20,-7.00%,64.58%,0.04962119553479227,-0.050222489462444564,4.23,8.81%,0.42%,138.10,37,72.97%,0.59%,1.78%,-4.46%,2.68%,False
conf_2m_cdi_20_00_40_50,2,8,20.00%,0.00%,40.00%,50.00%,27.50%,50.00%,0.34%,48,36.85%,36.25%,8.04%,6.91%,1.16,-7.00%,64.58%,0.04962119553479227,-0.050222489462444564,4.42,9.21%,0.44%,136.25,37,72.97%,0.21%,1.78%,-6.10%,2.68%,False
conf_2m_cdi_20_00_50_00,2,8,20.00%,0.00%,50.00%,0.00%,17.50%,50.00%,2.30%,48,46.94%,46.40%,10.00%,7.54%,1.33,-7.00%,64.58%,0.051505551784493786,-0.050222489462444564,3.71,7.73%,0.37%,146.40,37,100.00%,2.33%,2.34%,0.65%,4.16%,False
conf_2m_cdi_20_00_50_10,2,8,20.00%,0.00%,50.00%,10.00%,20.00%,50.00%,1.94%,48,45.03%,44.47%,9.63%,7.38%,1.31,-7.00%,64.58%,0.04962119553479227,-0.050222489462444564,3.85,8.03%,0.39%,144.47,37,100.00%,1.93%,1.98%,0.56%,3.18%,False
conf_2m_cdi_20_00_50_20,2,8,20.00%,0.00%,50.00%,20.00%,22.50%,50.00%,1.57%,48,43.14%,42.56%,9.27%,7.23%,1.28,-7.00%,64.58%,0.04962119553479227,-0.050222489462444564,4.04,8.41%,0.40%,142.56,37,89.19%,1.54%,1.91%,-1.13%,3.18%,False
conf_2m_cdi_20_00_50_30,2,8,20.00%,0.00%,50.00%,30.00%,25.00%,50.00%,1.21%,48,41.26%,40.66%,8.90%,7.09%,1.26,-7.00%,64.58%,0.04962119553479227,-0.050222489462444564,4.23,8.81%,0.42%,140.66,37,78.38%,1.15%,1.91%,-2.80%,3.18%,False
conf_2m_cdi_20_00_50_40,2,8,20.00%,0.00%,50.00%,40.00%,27.50%,50.00%,0.84%,48,39.40%,38.78%,8.54%,6.98%,1.22,-7.00%,64.58%,0.04962119553479227,-0.050222489462444564,4.42,9.21%,0.44%,138.78,37,75.68%,0.77%,1.91%,-4.46%,3.18%,False
conf_2m_cdi_20_00_50_50,2,8,20.00%,0.00%,50.00%,50.00%,30.00%,50.00%,0.48%,48,37.56%,36.92%,8.17%,6.88%,1.19,-7.00%,64.58%,0.04962119553479227,-0.050222489462444564,4.61,9.61%,0.46%,136.92,37,72.97%,0.38%,1.87%,-6.10%,3.18%,False
conf_2m_cdi_20_10_00_00,2,8,20.00%,10.00%,0.00%,0.00%,7.50%,20.00%,1.06%,48,40.27%,39.89%,8.75%,7.42%,1.18,-7.00%,62.50%,0.051505551784493786,-0.050222489462444564,2.72,5.66%,0.27%,139.89,37,75.68%,0.88%,0.85%,-0.69%,2.37%,False
conf_2m_cdi_20_10_00_10,2,8,20.00%,10.00%,0.00%,10.00%,10.00%,20.00%,0.71%,48,38.45%,38.09%,8.40%,7.25%,1.16,-7.00%,62.50%,0.046512900945293145,-0.050222489462444564,2.56,5.34%,0.26%,138.09,37,59.46%,0.50%,0.36%,-0.91%,2.20%,False
conf_2m_cdi_20_10_00_20,2,8,20.00%,10.00%,0.00%,20.00%,12.50%,20.00%,0.35%,48,36.64%,36.27%,8.04%,7.09%,1.13,-7.00%,62.50%,0.045006161846463,-0.050222489462444564,2.71,5.64%,0.27%,136.27,37,51.35%,0.12%,0.34%,-2.67%,2.20%,False
conf_2m_cdi_20_10_00_30,2,8,20.00%,10.00%,0.00%,30.00%,15.00%,30.00%,-0.01%,48,34.85%,34.46%,7.68%,6.95%,1.10,-7.00%,62.50%,0.045006161846463,-0.050222489462444564,2.90,6.03%,0.29%,134.46,37,51.35%,-0.27%,0.34%,-4.43%,2.20%,False
conf_2m_cdi_20_10_00_40,2,8,20.00%,10.00%,0.00%,40.00%,17.50%,40.00%,-0.37%,48,33.07%,32.66%,7.32%,6.83%,1.07,-7.00%,62.50%,0.045006161846463,-0.050222489462444564,3.09,6.43%,0.31%,132.66,37,51.35%,-0.65%,0.34%,-6.16%,2.20%,False
conf_2m_cdi_20_10_00_50,2,8,20.00%,10.00%,0.00%,50.00%,20.00%,50.00%,-0.74%,48,31.31%,30.88%,6.96%,6.73%,1.03,-7.00%,62.50%,0.045006161846463,-0.050222489462444564,3.28,6.83%,0.33%,130.88,37,51.35%,-1.02%,0.34%,-7.88%,2.20%,False
conf_2m_cdi_20_10_10_00,2,8,20.00%,10.00%,10.00%,0.00%,10.00%,20.00%,1.20%,48,41.00%,40.64%,8.90%,7.38%,1.21,-7.00%,62.50%,0.051505551784493786,-0.050222489462444564,2.54,5.29%,0.25%,140.64,37,89.19%,1.06%,0.92%,-0.13%,2.37%,False
conf_2m_cdi_20_10_10_10,2,8,20.00%,10.00%,10.00%,10.00%,12.50%,20.00%,0.85%,48,39.16%,38.83%,8.55%,7.21%,1.19,-7.00%,62.50%,0.046512900945293145,-0.050222489462444564,2.38,4.96%,0.24%,138.83,37,70.27%,0.69%,0.68%,-0.91%,2.20%,False
conf_2m_cdi_20_10_10_20,2,8,20.00%,10.00%,10.00%,20.00%,15.00%,20.00%,0.49%,48,37.35%,37.00%,8.19%,7.05%,1.16,-7.00%,62.50%,0.045006161846463,-0.050222489462444564,2.53,5.27%,0.25%,137.00,37,62.16%,0.30%,0.66%,-2.67%,2.20%,False
conf_2m_cdi_20_10_10_30,2,8,20.00%,10.00%,10.00%,30.00%,17.50%,30.00%,0.13%,48,35.55%,35.18%,7.83%,6.91%,1.13,-7.00%,62.50%,0.045006161846463,-0.050222489462444564,2.72,5.66%,0.27%,135.18,37,62.16%,-0.08%,0.66%,-4.43%,2.20%,False
conf_2m_cdi_20_10_10_40,2,8,20.00%,10.00%,10.00%,40.00%,20.00%,40.00%,-0.23%,48,33.76%,33.37%,7.46%,6.79%,1.10,-7.00%,62.50%,0.045006161846463,-0.050222489462444564,2.91,6.06%,0.29%,133.37,37,62.16%,-0.46%,0.66%,-6.16%,2.20%,False
conf_2m_cdi_20_10_10_50,2,8,20.00%,10.00%,10.00%,50.00%,22.50%,50.00%,-0.59%,48,31.99%,31.58%,7.10%,6.69%,1.06,-7.00%,62.50%,0.045006161846463,-0.050222489462444564,3.10,6.45%,0.31%,131.58,37,62.16%,-0.84%,0.66%,-7.88%,2.20%,False
conf_2m_cdi_20_10_20_00,2,8,20.00%,10.00%,20.00%,0.00%,12.50%,20.00%,1.34%,48,41.73%,41.35%,9.04%,7.34%,1.23,-7.00%,62.50%,0.051505551784493786,-0.050222489462444564,2.69,5.61%,0.27%,141.35,37,100.00%,1.24%,1.04%,0.34%,2.37%,False
conf_2m_cdi_20_10_20_10,2,8,20.00%,10.00%,20.00%,10.00%,15.00%,20.00%,0.99%,48,39.88%,39.53%,8.68%,7.17%,1.21,-7.00%,62.50%,0.046512900945293145,-0.050222489462444564,2.54,5.29%,0.25%,139.53,37,81.08%,0.86%,0.80%,-0.91%,2.20%,False
conf_2m_cdi_20_10_20_20,2,8,20.00%,10.00%,20.00%,20.00%,17.50%,20.00%,0.63%,48,38.06%,37.69%,8.32%,7.02%,1.19,-7.00%,62.50%,0.045006161846463,-0.050222489462444564,2.68,5.59%,0.27%,137.69,37,72.97%,0.47%,0.72%,-2.67%,2.20%,False
conf_2m_cdi_20_10_20_30,2,8,20.00%,10.00%,20.00%,30.00%,20.00%,30.00%,0.27%,48,36.25%,35.86%,7.96%,6.87%,1.16,-7.00%,62.50%,0.045006161846463,-0.050222489462444564,2.87,5.98%,0.29%,135.86,37,70.27%,0.09%,0.72%,-4.43%,2.20%,False
conf_2m_cdi_20_10_20_40,2,8,20.00%,10.00%,20.00%,40.00%,22.50%,40.00%,-0.10%,48,34.45%,34.04%,7.60%,6.75%,1.13,-7.00%,62.50%,0.045006161846463,-0.050222489462444564,3.06,6.38%,0.31%,134.04,37,70.27%,-0.29%,0.72%,-6.16%,2.20%,False
conf_2m_cdi_20_10_20_50,2,8,20.00%,10.00%,20.00%,50.00%,25.00%,50.00%,-0.46%,48,32.68%,32.25%,7.24%,6.65%,1.09,-7.00%,62.50%,0.045006161846463,-0.050222489462444564,3.25,6.78%,0.33%,132.25,37,70.27%,-0.67%,0.72%,-7.88%,2.20%,False
conf_2m_cdi_20_10_30_00,2,8,20.00%,10.00%,30.00%,0.00%,15.00%,30.00%,1.48%,48,42.46%,42.05%,9.17%,7.31%,1.25,-7.00%,64.58%,0.051505551784493786,-0.050222489462444564,2.89,6.01%,0.29%,142.05,37,100.00%,1.41%,1.29%,0.55%,2.37%,False
conf_2m_cdi_20_10_30_10,2,8,20.00%,10.00%,30.00%,10.00%,17.50%,30.00%,1.12%,48,40.61%,40.22%,8.82%,7.14%,1.24,-7.00%,64.58%,0.046512900945293145,-0.050222489462444564,2.73,5.69%,0.27%,140.22,37,83.78%,1.03%,1.07%,-0.91%,2.20%,False
conf_2m_cdi_20_10_30_20,2,8,20.00%,10.00%,30.00%,20.00%,20.00%,30.00%,0.76%,48,38.77%,38.37%,8.46%,6.98%,1.21,-7.00%,64.58%,0.045006161846463,-0.050222489462444564,2.88,5.99%,0.29%,138.37,37,72.97%,0.65%,1.07%,-2.67%,2.20%,False
conf_2m_cdi_20_10_30_30,2,8,20.00%,10.00%,30.00%,30.00%,22.50%,30.00%,0.40%,48,36.95%,36.53%,8.10%,6.84%,1.18,-7.00%,64.58%,0.045006161846463,-0.050222489462444564,3.06,6.38%,0.31%,136.53,37,72.97%,0.26%,1.07%,-4.43%,2.20%,False
conf_2m_cdi_20_10_30_40,2,8,20.00%,10.00%,30.00%,40.00%,25.00%,40.00%,0.04%,48,35.15%,34.71%,7.73%,6.72%,1.15,-7.00%,64.58%,0.045006161846463,-0.050222489462444564,3.26,6.78%,0.33%,134.71,37,72.97%,-0.12%,1.07%,-6.16%,2.20%,False
conf_2m_cdi_20_10_30_50,2,8,20.00%,10.00%,30.00%,50.00%,27.50%,50.00%,-0.33%,48,33.36%,32.90%,7.37%,6.61%,1.11,-7.00%,64.58%,0.045006161846463,-0.050222489462444564,3.45,7.18%,0.34%,132.90,37,70.27%,-0.50%,1.07%,-7.88%,2.20%,False
conf_2m_cdi_20_10_40_00,2,8,20.00%,10.00%,40.00%,0.00%,17.50%,40.00%,1.61%,48,43.19%,42.75%,9.31%,7.28%,1.28,-7.00%,64.58%,0.051505551784493786,-0.050222489462444564,3.08,6.41%,0.31%,142.75,37,100.00%,1.58%,1.60%,0.63%,2.47%,False
conf_2m_cdi_20_10_40_10,2,8,20.00%,10.00%,40.00%,10.00%,20.00%,40.00%,1.26%,48,41.33%,40.92%,8.95%,7.11%,1.26,-7.00%,64.58%,0.046512900945293145,-0.050222489462444564,2.92,6.09%,0.29%,140.92,37,89.19%,1.20%,1.57%,-0.91%,2.47%,False
conf_2m_cdi_20_10_40_20,2,8,20.00%,10.00%,40.00%,20.00%,22.50%,40.00%,0.90%,48,39.49%,39.06%,8.59%,6.95%,1.24,-7.00%,64.58%,0.045006161846463,-0.050222489462444564,3.07,6.39%,0.31%,139.06,37,72.97%,0.82%,1.57%,-2.67%,2.47%,False
conf_2m_cdi_20_10_40_30,2,8,20.00%,10.00%,40.00%,30.00%,25.00%,40.00%,0.53%,48,37.66%,37.21%,8.23%,6.81%,1.21,-7.00%,64.58%,0.045006161846463,-0.050222489462444564,3.26,6.78%,0.33%,137.21,37,72.97%,0.44%,1.57%,-4.43%,2.47%,False
conf_2m_cdi_20_10_40_40,2,8,20.00%,10.00%,40.00%,40.00%,27.50%,40.00%,0.17%,48,35.85%,35.38%,7.87%,6.69%,1.18,-7.00%,64.58%,0.045006161846463,-0.050222489462444564,3.45,7.18%,0.34%,135.38,37,72.97%,0.05%,1.57%,-6.16%,2.47%,False
conf_2m_cdi_20_10_40_50,2,8,20.00%,10.00%,40.00%,50.00%,30.00%,50.00%,-0.19%,48,34.05%,33.56%,7.50%,6.58%,1.14,-7.00%,64.58%,0.045006161846463,-0.050222489462444564,3.64,7.58%,0.36%,133.56,37,72.97%,-0.32%,1.57%,-7.88%,2.47%,False
conf_2m_cdi_20_10_50_00,2,8,20.00%,10.00%,50.00%,0.00%,20.00%,50.00%,1.75%,48,43.93%,43.46%,9.44%,7.26%,1.30,-7.00%,64.58%,0.051505551784493786,-0.050222489462444564,3.27,6.81%,0.33%,143.46,37,100.00%,1.76%,1.98%,0.62%,2.98%,False
conf_2m_cdi_20_10_50_10,2,8,20.00%,10.00%,50.00%,10.00%,22.50%,50.00%,1.39%,48,42.06%,41.62%,9.09%,7.08%,1.28,-7.00%,64.58%,0.046512900945293145,-0.050222489462444564,3.11,6.48%,0.31%,141.62,37,89.19%,1.38%,1.88%,-0.91%,2.98%,False
conf_2m_cdi_20_10_50_20,2,8,20.00%,10.00%,50.00%,20.00%,25.00%,50.00%,1.03%,48,40.21%,39.75%,8.73%,6.93%,1.26,-7.00%,64.58%,0.045006161846463,-0.050222489462444564,3.26,6.79%,0.33%,139.75,37,75.68%,0.99%,1.88%,-2.67%,2.98%,False
conf_2m_cdi_20_10_50_30,2,8,20.00%,10.00%,50.00%,30.00%,27.50%,50.00%,0.67%,48,38.37%,37.89%,8.36%,6.78%,1.23,-7.00%,64.58%,0.045006161846463,-0.050222489462444564,3.45,7.18%,0.34%,137.89,37,72.97%,0.61%,1.88%,-4.43%,2.98%,False
conf_2m_cdi_20_10_50_40,2,8,20.00%,10.00%,50.00%,40.00%,30.00%,50.00%,0.30%,48,36.54%,36.05%,8.00%,6.66%,1.20,-7.00%,64.58%,0.045006161846463,-0.050222489462444564,3.64,7.58%,0.36%,136.05,37,72.97%,0.23%,1.88%,-6.16%,2.98%,False
conf_2m_cdi_20_10_50_50,2,8,20.00%,10.00%,50.00%,50.00%,32.50%,50.00%,-0.06%,48,34.74%,34.22%,7.64%,6.56%,1.16,-7.00%,64.58%,0.045006161846463,-0.050222489462444564,3.83,7.98%,0.38%,134.22,37,72.97%,-0.15%,1.88%,-7.88%,2.98%,False
conf_2m_cdi_20_20_00_00,2,8,20.00%,20.00%,0.00%,0.00%,10.00%,20.00%,0.49%,48,37.38%,37.01%,8.19%,7.16%,1.14,-7.00%,62.50%,0.051505551784493786,-0.050222489462444564,2.76,5.75%,0.28%,137.01,37,56.76%,0.30%,0.19%,-1.78%,2.37%,False
conf_2m_cdi_20_20_00_10,2,8,20.00%,20.00%,0.00%,10.00%,12.50%,20.00%,0.15%,48,35.60%,35.25%,7.84%,6.98%,1.12,-7.00%,62.50%,0.046512900945293145,-0.050222489462444564,2.56,5.33%,0.26%,135.25,37,51.35%,-0.07%,0.03%,-3.06%,2.37%,False
conf_2m_cdi_20_20_00_20,2,8,20.00%,20.00%,0.00%,20.00%,15.00%,20.00%,-0.20%,48,33.83%,33.51%,7.49%,6.82%,1.10,-7.00%,62.50%,0.04152069542759018,-0.050222489462444564,2.40,5.00%,0.24%,133.51,37,51.35%,-0.44%,0.03%,-4.75%,2.37%,False
conf_2m_cdi_20_20_00_30,2,8,20.00%,20.00%,0.00%,30.00%,17.50%,30.00%,-0.56%,48,32.07%,31.74%,7.13%,6.67%,1.07,-7.00%,62.50%,0.04037911167132746,-0.050222489462444564,2.55,5.31%,0.25%,131.74,37,51.35%,-0.82%,0.03%,-6.47%,2.37%,False
conf_2m_cdi_20_20_00_40,2,8,20.00%,20.00%,0.00%,40.00%,20.00%,40.00%,-0.92%,48,30.33%,29.98%,6.77%,6.54%,1.04,-7.00%,62.50%,0.04037911167132746,-0.050222489462444564,2.74,5.71%,0.27%,129.98,37,51.35%,-1.19%,0.03%,-8.18%,2.37%,False
conf_2m_cdi_20_20_00_50,2,8,20.00%,20.00%,0.00%,50.00%,22.50%,50.00%,-1.28%,48,28.61%,28.23%,6.41%,6.43%,1.00,-7.00%,62.50%,0.04037911167132746,-0.050222489462444564,2.93,6.10%,0.29%,128.23,37,51.35%,-1.57%,0.03%,-9.88%,2.37%,False
conf_2m_cdi_20_20_10_00,2,8,20.00%,20.00%,10.00%,0.00%,12.50%,20.00%,0.64%,48,38.10%,37.74%,8.33%,7.12%,1.17,-7.00%,62.50%,0.051505551784493786,-0.050222489462444564,2.56,5.34%,0.26%,137.74,37,56.76%,0.49%,0.47%,-1.36%,2.37%,False
conf_2m_cdi_20_20_10_10,2,8,20.00%,20.00%,10.00%,10.00%,15.00%,20.00%,0.29%,48,36.30%,35.98%,7.99%,6.94%,1.15,-7.00%,62.50%,0.046512900945293145,-0.050222489462444564,2.36,4.92%,0.24%,135.98,37,51.35%,0.11%,0.36%,-3.06%,2.37%,False
conf_2m_cdi_20_20_10_20,2,8,20.00%,20.00%,10.00%,20.00%,17.50%,20.00%,-0.06%,48,34.52%,34.23%,7.64%,6.78%,1.13,-7.00%,62.50%,0.04152069542759018,-0.050222489462444564,2.20,4.59%,0.22%,134.23,37,51.35%,-0.26%,0.36%,-4.75%,2.37%,False
conf_2m_cdi_20_20_10_30,2,8,20.00%,20.00%,10.00%,30.00%,20.00%,30.00%,-0.42%,48,32.76%,32.45%,7.28%,6.63%,1.10,-7.00%,62.50%,0.04037911167132746,-0.050222489462444564,2.35,4.90%,0.24%,132.45,37,51.35%,-0.63%,0.36%,-6.47%,2.37%,False
conf_2m_cdi_20_20_10_40,2,8,20.00%,20.00%,10.00%,40.00%,22.50%,40.00%,-0.78%,48,31.01%,30.68%,6.92%,6.50%,1.06,-7.00%,62.50%,0.04037911167132746,-0.050222489462444564,2.54,5.29%,0.25%,130.68,37,51.35%,-1.01%,0.36%,-8.18%,2.37%,False
conf_2m_cdi_20_20_10_50,2,8,20.00%,20.00%,10.00%,50.00%,25.00%,50.00%,-1.14%,48,29.28%,28.93%,6.56%,6.39%,1.03,-7.00%,62.50%,0.04037911167132746,-0.050222489462444564,2.73,5.69%,0.27%,128.93,37,51.35%,-1.38%,0.36%,-9.88%,2.37%,False
conf_2m_cdi_20_20_20_00,2,8,20.00%,20.00%,20.00%,0.00%,15.00%,20.00%,0.78%,48,38.81%,38.48%,8.48%,7.08%,1.20,-7.00%,62.50%,0.051505551784493786,-0.050222489462444564,2.38,4.96%,0.24%,138.48,37,67.57%,0.67%,0.66%,-1.36%,2.37%,False
conf_2m_cdi_20_20_20_10,2,8,20.00%,20.00%,20.00%,10.00%,17.50%,20.00%,0.44%,48,37.01%,36.71%,8.13%,6.90%,1.18,-7.00%,62.50%,0.046512900945293145,-0.050222489462444564,2.18,4.54%,0.22%,136.71,37,62.16%,0.30%,0.61%,-3.06%,2.37%,True
conf_2m_cdi_20_20_20_20,2,8,20.00%,20.00%,20.00%,20.00%,20.00%,20.00%,0.08%,48,35.22%,34.95%,7.78%,6.74%,1.15,-7.00%,62.50%,0.04152069542759018,-0.050222489462444564,2.02,4.21%,0.20%,134.95,37,62.16%,-0.07%,0.61%,-4.75%,2.37%,True
conf_2m_cdi_20_20_20_30,2,8,20.00%,20.00%,20.00%,30.00%,22.50%,30.00%,-0.27%,48,33.45%,33.16%,7.42%,6.59%,1.13,-7.00%,62.50%,0.04037911167132746,-0.050222489462444564,2.17,4.52%,0.22%,133.16,37,62.16%,-0.45%,0.61%,-6.47%,2.37%,True
conf_2m_cdi_20_20_20_40,2,8,20.00%,20.00%,20.00%,40.00%,25.00%,40.00%,-0.63%,48,31.69%,31.38%,7.06%,6.46%,1.09,-7.00%,62.50%,0.04037911167132746,-0.050222489462444564,2.36,4.92%,0.24%,131.38,37,62.16%,-0.83%,0.61%,-8.18%,2.37%,False
conf_2m_cdi_20_20_20_50,2,8,20.00%,20.00%,20.00%,50.00%,27.50%,50.00%,-1.00%,48,29.95%,29.62%,6.70%,6.35%,1.06,-7.00%,62.50%,0.04037911167132746,-0.050222489462444564,2.55,5.31%,0.26%,129.62,37,62.16%,-1.20%,0.61%,-9.88%,2.37%,False
conf_2m_cdi_20_20_30_00,2,8,20.00%,20.00%,30.00%,0.00%,17.50%,30.00%,0.92%,48,39.53%,39.18%,8.62%,7.05%,1.22,-7.00%,64.58%,0.051505551784493786,-0.050222489462444564,2.54,5.30%,0.25%,139.18,37,72.97%,0.84%,0.96%,-1.36%,2.37%,False
conf_2m_cdi_20_20_30_10,2,8,20.00%,20.00%,30.00%,10.00%,20.00%,30.00%,0.57%,48,37.72%,37.39%,8.27%,6.87%,1.20,-7.00%,64.58%,0.046512900945293145,-0.050222489462444564,2.34,4.88%,0.23%,137.39,37,67.57%,0.47%,0.96%,-3.06%,2.37%,False
conf_2m_cdi_20_20_30_20,2,8,20.00%,20.00%,30.00%,20.00%,22.50%,30.00%,0.22%,48,35.92%,35.62%,7.92%,6.70%,1.18,-7.00%,64.58%,0.04152069542759018,-0.050222489462444564,2.18,4.54%,0.22%,135.62,37,67.57%,0.10%,0.96%,-4.75%,2.37%,True
conf_2m_cdi_20_20_30_30,2,8,20.00%,20.00%,30.00%,30.00%,25.00%,30.00%,-0.14%,48,34.14%,33.82%,7.56%,6.55%,1.15,-7.00%,64.58%,0.04037911167132746,-0.050222489462444564,2.33,4.85%,0.23%,133.82,37,67.57%,-0.28%,0.96%,-6.47%,2.37%,False
conf_2m_cdi_20_20_30_40,2,8,20.00%,20.00%,30.00%,40.00%,27.50%,40.00%,-0.50%,48,32.37%,32.04%,7.19%,6.42%,1.12,-7.00%,64.58%,0.04037911167132746,-0.050222489462444564,2.52,5.25%,0.25%,132.04,37,67.57%,-0.65%,0.96%,-8.18%,2.37%,False
conf_2m_cdi_20_20_30_50,2,8,20.00%,20.00%,30.00%,50.00%,30.00%,50.00%,-0.86%,48,30.62%,30.27%,6.83%,6.31%,1.08,-7.00%,64.58%,0.04037911167132746,-0.050222489462444564,2.71,5.65%,0.27%,130.27,37,67.57%,-1.03%,0.96%,-9.88%,2.37%,False
conf_2m_cdi_20_20_40_00,2,8,20.00%,20.00%,40.00%,0.00%,20.00%,40.00%,1.05%,48,40.25%,39.87%,8.75%,7.02%,1.25,-7.00%,64.58%,0.051505551784493786,-0.050222489462444564,2.73,5.70%,0.27%,139.87,37,81.08%,1.01%,1.12%,-1.36%,2.37%,False
conf_2m_cdi_20_20_40_10,2,8,20.00%,20.00%,40.00%,10.00%,22.50%,40.00%,0.70%,48,38.43%,38.08%,8.40%,6.84%,1.23,-7.00%,64.58%,0.046512900945293145,-0.050222489462444564,2.53,5.28%,0.25%,138.08,37,70.27%,0.64%,1.12%,-3.06%,2.37%,False
conf_2m_cdi_20_20_40_20,2,8,20.00%,20.00%,40.00%,20.00%,25.00%,40.00%,0.35%,48,36.62%,36.29%,8.05%,6.67%,1.21,-7.00%,64.58%,0.04152069542759018,-0.050222489462444564,2.37,4.94%,0.24%,136.29,37,70.27%,0.27%,1.12%,-4.75%,2.37%,False
conf_2m_cdi_20_20_40_30,2,8,20.00%,20.00%,40.00%,30.00%,27.50%,40.00%,-0.01%,48,34.83%,34.49%,7.69%,6.52%,1.18,-7.00%,64.58%,0.04037911167132746,-0.050222489462444564,2.52,5.25%,0.25%,134.49,37,70.27%,-0.11%,1.12%,-6.47%,2.37%,False
conf_2m_cdi_20_20_40_40,2,8,20.00%,20.00%,40.00%,40.00%,30.00%,40.00%,-0.37%,48,33.05%,32.69%,7.33%,6.39%,1.15,-7.00%,64.58%,0.04037911167132746,-0.050222489462444564,2.71,5.65%,0.27%,132.69,37,70.27%,-0.48%,1.12%,-8.18%,2.37%,False
conf_2m_cdi_20_20_40_50,2,8,20.00%,20.00%,40.00%,50.00%,32.50%,50.00%,-0.73%,48,31.29%,30.91%,6.97%,6.28%,1.11,-7.00%,64.58%,0.04037911167132746,-0.050222489462444564,2.90,6.05%,0.29%,130.91,37,70.27%,-0.86%,1.12%,-9.88%,2.37%,False
conf_2m_cdi_20_20_50_00,2,8,20.00%,20.00%,50.00%,0.00%,22.50%,50.00%,1.19%,48,40.97%,40.56%,8.88%,6.99%,1.27,-7.00%,64.58%,0.051505551784493786,-0.050222489462444564,2.93,6.09%,0.29%,140.56,37,83.78%,1.19%,1.59%,-1.36%,2.77%,False
conf_2m_cdi_20_20_50_10,2,8,20.00%,20.00%,50.00%,10.00%,25.00%,50.00%,0.84%,48,39.14%,38.76%,8.53%,6.81%,1.25,-7.00%,64.58%,0.046512900945293145,-0.050222489462444564,2.72,5.67%,0.27%,138.76,37,72.97%,0.81%,1.59%,-3.06%,2.77%,False
conf_2m_cdi_20_20_50_20,2,8,20.00%,20.00%,50.00%,20.00%,27.50%,50.00%,0.49%,48,37.32%,36.97%,8.18%,6.65%,1.23,-7.00%,64.58%,0.04152069542759018,-0.050222489462444564,2.56,5.34%,0.26%,136.97,37,72.97%,0.44%,1.59%,-4.75%,2.77%,False
conf_2m_cdi_20_20_50_30,2,8,20.00%,20.00%,50.00%,30.00%,30.00%,50.00%,0.13%,48,35.52%,35.15%,7.82%,6.50%,1.20,-7.00%,64.58%,0.04037911167132746,-0.050222489462444564,2.71,5.65%,0.27%,135.15,37,72.97%,0.07%,1.59%,-6.47%,2.77%,False
conf_2m_cdi_20_20_50_40,2,8,20.00%,20.00%,50.00%,40.00%,32.50%,50.00%,-0.24%,48,33.74%,33.35%,7.46%,6.37%,1.17,-7.00%,64.58%,0.04037911167132746,-0.050222489462444564,2.90,6.05%,0.29%,133.35,37,70.27%,-0.31%,1.59%,-8.18%,2.77%,False
conf_2m_cdi_20_20_50_50,2,8,20.00%,20.00%,50.00%,50.00%,35.00%,50.00%,-0.60%,48,31.97%,31.56%,7.10%,6.26%,1.13,-7.00%,64.58%,0.04037911167132746,-0.050222489462444564,3.09,6.44%,0.31%,131.56,37,70.27%,-0.68%,1.59%,-9.88%,2.77%,False
conf_2m_cdi_20_30_00_00,2,8,20.00%,30.00%,0.00%,0.00%,12.50%,30.00%,-0.09%,48,34.55%,34.09%,7.61%,6.92%,1.10,-7.00%,62.50%,0.051505551784493786,-0.050222489462444564,3.42,7.12%,0.34%,134.09,37,43.24%,-0.29%,-0.33%,-3.52%,2.51%,False
conf_2m_cdi_20_30_00_10,2,8,20.00%,30.00%,0.00%,10.00%,15.00%,30.00%,-0.43%,48,32.80%,32.37%,7.26%,6.73%,1.08,-7.00%,62.50%,0.046512900945293145,-0.050222489462444564,3.21,6.69%,0.32%,132.37,37,43.24%,-0.66%,-0.33%,-5.20%,2.51%,False
conf_2m_cdi_20_30_00_20,2,8,20.00%,30.00%,0.00%,20.00%,17.50%,30.00%,-0.78%,48,31.06%,30.67%,6.92%,6.56%,1.05,-7.00%,62.50%,0.04152069542759018,-0.050222489462444564,3.01,6.26%,0.30%,130.67,37,43.24%,-1.02%,-0.33%,-6.86%,2.51%,False
conf_2m_cdi_20_30_00_30,2,8,20.00%,30.00%,0.00%,30.00%,20.00%,30.00%,-1.13%,48,29.34%,28.98%,6.57%,6.41%,1.02,-7.00%,62.50%,0.03652893371422139,-0.050222489462444564,2.84,5.93%,0.28%,128.98,37,43.24%,-1.39%,-0.33%,-8.51%,2.51%,False
conf_2m_cdi_20_30_00_40,2,8,20.00%,30.00%,0.00%,40.00%,22.50%,40.00%,-1.48%,48,27.64%,27.26%,6.21%,6.27%,0.99,-7.00%,62.50%,0.035629502420136294,-0.050222489462444564,3.00,6.24%,0.30%,127.26,37,43.24%,-1.75%,-0.33%,-10.19%,2.51%,False
conf_2m_cdi_20_30_00_50,2,8,20.00%,30.00%,0.00%,50.00%,25.00%,50.00%,-1.84%,48,25.95%,25.55%,5.85%,6.15%,0.95,-7.00%,62.50%,0.035629502420136294,-0.050222489462444564,3.19,6.64%,0.32%,125.55,37,43.24%,-2.12%,-0.33%,-11.86%,2.51%,False
conf_2m_cdi_20_30_10_00,2,8,20.00%,30.00%,10.00%,0.00%,15.00%,30.00%,0.06%,48,35.24%,34.81%,7.75%,6.88%,1.13,-7.00%,62.50%,0.051505551784493786,-0.050222489462444564,3.21,6.68%,0.32%,134.81,37,48.65%,-0.11%,-0.00%,-3.52%,2.51%,False
conf_2m_cdi_20_30_10_10,2,8,20.00%,30.00%,10.00%,10.00%,17.50%,30.00%,-0.29%,48,33.49%,33.09%,7.41%,6.69%,1.11,-7.00%,62.50%,0.046512900945293145,-0.050222489462444564,3.00,6.25%,0.30%,133.09,37,48.65%,-0.48%,-0.00%,-5.20%,2.51%,False
conf_2m_cdi_20_30_10_20,2,8,20.00%,30.00%,10.00%,20.00%,20.00%,30.00%,-0.64%,48,31.74%,31.38%,7.06%,6.52%,1.08,-7.00%,62.50%,0.04152069542759018,-0.050222489462444564,2.80,5.83%,0.28%,131.38,37,48.65%,-0.84%,-0.00%,-6.86%,2.51%,False
conf_2m_cdi_20_30_10_30,2,8,20.00%,30.00%,10.00%,30.00%,22.50%,30.00%,-0.98%,48,30.02%,29.67%,6.71%,6.36%,1.05,-7.00%,62.50%,0.03652893371422139,-0.050222489462444564,2.64,5.49%,0.26%,129.67,37,48.65%,-1.20%,-0.00%,-8.51%,2.51%,False
conf_2m_cdi_20_30_10_40,2,8,20.00%,30.00%,10.00%,40.00%,25.00%,40.00%,-1.34%,48,28.30%,27.95%,6.35%,6.23%,1.02,-7.00%,62.50%,0.035629502420136294,-0.050222489462444564,2.79,5.81%,0.28%,127.95,37,48.65%,-1.57%,-0.00%,-10.19%,2.51%,False
conf_2m_cdi_20_30_10_50,2,8,20.00%,30.00%,10.00%,50.00%,27.50%,50.00%,-1.70%,48,26.61%,26.23%,6.00%,6.11%,0.98,-7.00%,62.50%,0.035629502420136294,-0.050222489462444564,2.98,6.20%,0.30%,126.23,37,48.65%,-1.94%,-0.00%,-11.86%,2.51%,False
conf_2m_cdi_20_30_20_00,2,8,20.00%,30.00%,20.00%,0.00%,17.50%,30.00%,0.20%,48,35.95%,35.54%,7.90%,6.84%,1.15,-7.00%,62.50%,0.051505551784493786,-0.050222489462444564,3.00,6.26%,0.30%,135.54,37,56.76%,0.08%,0.32%,-3.52%,2.51%,False
conf_2m_cdi_20_30_20_10,2,8,20.00%,30.00%,20.00%,10.00%,20.00%,30.00%,-0.14%,48,34.18%,33.80%,7.55%,6.65%,1.14,-7.00%,62.50%,0.046512900945293145,-0.050222489462444564,2.80,5.83%,0.28%,133.80,37,56.76%,-0.29%,0.32%,-5.20%,2.51%,False
conf_2m_cdi_20_30_20_20,2,8,20.00%,30.00%,20.00%,20.00%,22.50%,30.00%,-0.49%,48,32.43%,32.08%,7.20%,6.48%,1.11,-7.00%,62.50%,0.04152069542759018,-0.050222489462444564,2.60,5.41%,0.26%,132.08,37,56.76%,-0.66%,0.32%,-6.86%,2.51%,False
conf_2m_cdi_20_30_20_30,2,8,20.00%,30.00%,20.00%,30.00%,25.00%,30.00%,-0.84%,48,30.69%,30.37%,6.86%,6.32%,1.08,-7.00%,62.50%,0.03652893371422139,-0.050222489462444564,2.43,5.07%,0.24%,130.37,37,56.76%,-1.02%,0.32%,-8.51%,2.51%,False
conf_2m_cdi_20_30_20_40,2,8,20.00%,30.00%,20.00%,40.00%,27.50%,40.00%,-1.20%,48,28.97%,28.64%,6.50%,6.19%,1.05,-7.00%,62.50%,0.035629502420136294,-0.050222489462444564,2.58,5.39%,0.26%,128.64,37,56.76%,-1.39%,0.32%,-10.19%,2.51%,False
conf_2m_cdi_20_30_20_50,2,8,20.00%,30.00%,20.00%,50.00%,30.00%,50.00%,-1.56%,48,27.26%,26.91%,6.14%,6.07%,1.01,-7.00%,62.50%,0.035629502420136294,-0.050222489462444564,2.78,5.78%,0.28%,126.91,37,56.76%,-1.76%,0.32%,-11.86%,2.51%,False
conf_2m_cdi_20_30_30_00,2,8,20.00%,30.00%,30.00%,0.00%,20.00%,30.00%,0.35%,48,36.65%,36.26%,8.04%,6.80%,1.18,-7.00%,64.58%,0.051505551784493786,-0.050222489462444564,2.83,5.89%,0.28%,136.26,37,62.16%,0.26%,0.64%,-3.52%,2.51%,False
conf_2m_cdi_20_30_30_10,2,8,20.00%,30.00%,30.00%,10.00%,22.50%,30.00%,-0.00%,48,34.87%,34.52%,7.69%,6.61%,1.16,-7.00%,64.58%,0.046512900945293145,-0.050222489462444564,2.62,5.46%,0.26%,134.52,37,62.16%,-0.11%,0.64%,-5.20%,2.51%,False
conf_2m_cdi_20_30_30_20,2,8,20.00%,30.00%,30.00%,20.00%,25.00%,30.00%,-0.35%,48,33.11%,32.79%,7.35%,6.44%,1.14,-7.00%,64.58%,0.04152069542759018,-0.050222489462444564,2.42,5.03%,0.24%,132.79,37,62.16%,-0.47%,0.64%,-6.86%,2.51%,False
conf_2m_cdi_20_30_30_30,2,8,20.00%,30.00%,30.00%,30.00%,27.50%,30.00%,-0.70%,48,31.36%,31.07%,7.00%,6.29%,1.11,-7.00%,64.58%,0.03652893371422139,-0.050222489462444564,2.25,4.70%,0.23%,131.07,37,62.16%,-0.84%,0.64%,-8.51%,2.51%,False
conf_2m_cdi_20_30_30_40,2,8,20.00%,30.00%,30.00%,40.00%,30.00%,40.00%,-1.06%,48,29.64%,29.32%,6.64%,6.15%,1.08,-7.00%,64.58%,0.035629502420136294,-0.050222489462444564,2.41,5.01%,0.24%,129.32,37,62.16%,-1.20%,0.64%,-10.19%,2.51%,False
conf_2m_cdi_20_30_30_50,2,8,20.00%,30.00%,30.00%,50.00%,32.50%,50.00%,-1.42%,48,27.92%,27.59%,6.28%,6.03%,1.04,-7.00%,64.58%,0.035629502420136294,-0.050222489462444564,2.60,5.41%,0.26%,127.59,37,62.16%,-1.57%,0.64%,-11.86%,2.51%,False
conf_2m_cdi_20_30_40_00,2,8,20.00%,30.00%,40.00%,0.00%,22.50%,40.00%,0.48%,48,37.35%,36.94%,8.18%,6.77%,1.21,-7.00%,64.58%,0.051505551784493786,-0.050222489462444564,2.99,6.23%,0.30%,136.94,37,67.57%,0.43%,0.94%,-3.52%,2.51%,False
conf_2m_cdi_20_30_40_10,2,8,20.00%,30.00%,40.00%,10.00%,25.00%,40.00%,0.13%,48,35.57%,35.19%,7.83%,6.58%,1.19,-7.00%,64.58%,0.046512900945293145,-0.050222489462444564,2.78,5.80%,0.28%,135.19,37,67.57%,0.06%,0.94%,-5.20%,2.51%,False
conf_2m_cdi_20_30_40_20,2,8,20.00%,30.00%,40.00%,20.00%,27.50%,40.00%,-0.21%,48,33.80%,33.45%,7.48%,6.41%,1.17,-7.00%,64.58%,0.04152069542759018,-0.050222489462444564,2.58,5.37%,0.26%,133.45,37,67.57%,-0.30%,0.94%,-6.86%,2.51%,False
conf_2m_cdi_20_30_40_30,2,8,20.00%,30.00%,40.00%,30.00%,30.00%,40.00%,-0.56%,48,32.04%,31.72%,7.13%,6.26%,1.14,-7.00%,64.58%,0.03652893371422139,-0.050222489462444564,2.42,5.04%,0.24%,131.72,37,67.57%,-0.66%,0.94%,-8.51%,2.51%,False
conf_2m_cdi_20_30_40_40,2,8,20.00%,30.00%,40.00%,40.00%,32.50%,40.00%,-0.92%,48,30.30%,29.97%,6.77%,6.12%,1.11,-7.00%,64.58%,0.035629502420136294,-0.050222489462444564,2.57,5.35%,0.26%,129.97,37,67.57%,-1.03%,0.94%,-10.19%,2.51%,False
conf_2m_cdi_20_30_40_50,2,8,20.00%,30.00%,40.00%,50.00%,35.00%,50.00%,-1.28%,48,28.58%,28.23%,6.41%,6.00%,1.07,-7.00%,64.58%,0.035629502420136294,-0.050222489462444564,2.76,5.75%,0.28%,128.23,37,67.57%,-1.40%,0.94%,-11.86%,2.51%,False
conf_2m_cdi_20_30_50_00,2,8,20.00%,30.00%,50.00%,0.00%,25.00%,50.00%,0.62%,48,38.06%,37.62%,8.31%,6.75%,1.23,-7.00%,64.58%,0.051505551784493786,-0.050222489462444564,3.18,6.62%,0.32%,137.62,37,67.57%,0.60%,1.19%,-3.52%,2.54%,False
conf_2m_cdi_20_30_50_10,2,8,20.00%,30.00%,50.00%,10.00%,27.50%,50.00%,0.27%,48,36.26%,35.86%,7.96%,6.56%,1.21,-7.00%,64.58%,0.046512900945293145,-0.050222489462444564,2.97,6.20%,0.30%,135.86,37,67.57%,0.24%,1.19%,-5.20%,2.54%,False
conf_2m_cdi_20_30_50_20,2,8,20.00%,30.00%,50.00%,20.00%,30.00%,50.00%,-0.08%,48,34.49%,34.11%,7.61%,6.39%,1.19,-7.00%,64.58%,0.04152069542759018,-0.050222489462444564,2.77,5.77%,0.28%,134.11,37,67.57%,-0.13%,1.19%,-6.86%,2.54%,False
conf_2m_cdi_20_30_50_30,2,8,20.00%,30.00%,50.00%,30.00%,32.50%,50.00%,-0.43%,48,32.72%,32.38%,7.26%,6.23%,1.17,-7.00%,64.58%,0.03652893371422139,-0.050222489462444564,2.61,5.43%,0.26%,132.38,37,67.57%,-0.49%,1.19%,-8.51%,2.54%,False
conf_2m_cdi_20_30_50_40,2,8,20.00%,30.00%,50.00%,40.00%,35.00%,50.00%,-0.79%,48,30.97%,30.61%,6.90%,6.09%,1.13,-7.00%,64.58%,0.035629502420136294,-0.050222489462444564,2.76,5.75%,0.28%,130.61,37,67.57%,-0.86%,1.19%,-10.19%,2.54%,False
conf_2m_cdi_20_30_50_50,2,8,20.00%,30.00%,50.00%,50.00%,37.50%,50.00%,-1.15%,48,29.24%,28.86%,6.54%,5.97%,1.10,-7.00%,64.58%,0.035629502420136294,-0.050222489462444564,2.95,6.15%,0.29%,128.86,37,67.57%,-1.23%,1.19%,-11.86%,2.54%,False
conf_2m_cdi_20_40_00_00,2,8,20.00%,40.00%,0.00%,0.00%,15.00%,40.00%,-0.67%,48,31.75%,31.21%,7.03%,6.71%,1.05,-7.00%,66.67%,0.051505551784493786,-0.050222489462444564,4.16,8.67%,0.42%,131.21,37,40.54%,-0.88%,-0.69%,-5.67%,2.74%,False
conf_2m_cdi_20_40_00_10,2,8,20.00%,40.00%,0.00%,10.00%,17.50%,40.00%,-1.01%,48,30.04%,29.53%,6.68%,6.51%,1.03,-7.00%,66.67%,0.046512900945293145,-0.050222489462444564,3.96,8.24%,0.40%,129.53,37,40.54%,-1.24%,-0.69%,-7.32%,2.74%,False
conf_2m_cdi_20_40_00_20,2,8,20.00%,40.00%,0.00%,20.00%,20.00%,40.00%,-1.36%,48,28.34%,27.86%,6.34%,6.33%,1.00,-7.00%,66.67%,0.04152069542759018,-0.050222489462444564,3.75,7.81%,0.37%,127.86,37,40.54%,-1.60%,-0.69%,-8.95%,2.74%,False
conf_2m_cdi_20_40_00_30,2,8,20.00%,40.00%,0.00%,30.00%,22.50%,40.00%,-1.70%,48,26.66%,26.21%,5.99%,6.17%,0.97,-7.00%,66.67%,0.03652893371422139,-0.050222489462444564,3.54,7.38%,0.35%,126.21,37,40.54%,-1.96%,-0.69%,-10.57%,2.74%,False
conf_2m_cdi_20_40_00_40,2,8,20.00%,40.00%,0.00%,40.00%,25.00%,40.00%,-2.05%,48,24.99%,24.57%,5.65%,6.03%,0.94,-7.00%,66.67%,0.03153747705339782,-0.050222489462444564,3.38,7.03%,0.34%,124.57,37,40.54%,-2.31%,-0.69%,-12.18%,2.74%,False
conf_2m_cdi_20_40_00_50,2,8,20.00%,40.00%,0.00%,50.00%,27.50%,50.00%,-2.40%,48,23.34%,22.91%,5.29%,5.90%,0.90,-7.00%,66.67%,0.03084680922853278,-0.050222489462444564,3.53,7.36%,0.35%,122.91,37,40.54%,-2.68%,-0.69%,-13.82%,2.74%,False
conf_2m_cdi_20_40_10_00,2,8,20.00%,40.00%,10.00%,0.00%,17.50%,40.00%,-0.53%,48,32.44%,31.92%,7.17%,6.66%,1.08,-7.00%,66.67%,0.051505551784493786,-0.050222489462444564,3.95,8.23%,0.40%,131.92,37,45.95%,-0.70%,-0.37%,-5.67%,2.74%,False
conf_2m_cdi_20_40_10_10,2,8,20.00%,40.00%,10.00%,10.00%,20.00%,40.00%,-0.87%,48,30.72%,30.23%,6.83%,6.47%,1.06,-7.00%,66.67%,0.046512900945293145,-0.050222489462444564,3.75,7.81%,0.37%,130.23,37,45.95%,-1.06%,-0.37%,-7.32%,2.74%,False
conf_2m_cdi_20_40_10_20,2,8,20.00%,40.00%,10.00%,20.00%,22.50%,40.00%,-1.21%,48,29.01%,28.55%,6.48%,6.29%,1.03,-7.00%,66.67%,0.04152069542759018,-0.050222489462444564,3.54,7.38%,0.35%,128.55,37,45.95%,-1.42%,-0.37%,-8.95%,2.74%,False
conf_2m_cdi_20_40_10_30,2,8,20.00%,40.00%,10.00%,30.00%,25.00%,40.00%,-1.56%,48,27.32%,26.89%,6.14%,6.12%,1.00,-7.00%,66.67%,0.03652893371422139,-0.050222489462444564,3.33,6.95%,0.33%,126.89,37,45.95%,-1.78%,-0.37%,-10.57%,2.74%,False
conf_2m_cdi_20_40_10_40,2,8,20.00%,40.00%,10.00%,40.00%,27.50%,40.00%,-1.91%,48,25.64%,25.24%,5.79%,5.98%,0.97,-7.00%,66.67%,0.03153747705339782,-0.050222489462444564,3.17,6.60%,0.32%,125.24,37,45.95%,-2.13%,-0.37%,-12.18%,2.74%,False
conf_2m_cdi_20_40_10_50,2,8,20.00%,40.00%,10.00%,50.00%,30.00%,50.00%,-2.26%,48,23.98%,23.57%,5.43%,5.86%,0.93,-7.00%,66.67%,0.03084680922853278,-0.050222489462444564,3.32,6.92%,0.33%,123.57,37,45.95%,-2.49%,-0.37%,-13.82%,2.74%,False
conf_2m_cdi_20_40_20_00,2,8,20.00%,40.00%,20.00%,0.00%,20.00%,40.00%,-0.38%,48,33.12%,32.63%,7.31%,6.62%,1.10,-7.00%,66.67%,0.051505551784493786,-0.050222489462444564,3.74,7.80%,0.37%,132.63,37,48.65%,-0.52%,-0.05%,-5.67%,2.74%,False
conf_2m_cdi_20_40_20_10,2,8,20.00%,40.00%,20.00%,10.00%,22.50%,40.00%,-0.73%,48,31.39%,30.93%,6.97%,6.43%,1.08,-7.00%,66.67%,0.046512900945293145,-0.050222489462444564,3.54,7.37%,0.35%,130.93,37,48.65%,-0.88%,-0.05%,-7.32%,2.74%,False
conf_2m_cdi_20_40_20_20,2,8,20.00%,40.00%,20.00%,20.00%,25.00%,40.00%,-1.07%,48,29.68%,29.25%,6.62%,6.25%,1.06,-7.00%,66.67%,0.04152069542759018,-0.050222489462444564,3.33,6.94%,0.33%,129.25,37,48.65%,-1.24%,-0.05%,-8.95%,2.74%,False
conf_2m_cdi_20_40_20_30,2,8,20.00%,40.00%,20.00%,30.00%,27.50%,40.00%,-1.42%,48,27.98%,27.58%,6.28%,6.08%,1.03,-7.00%,66.67%,0.03652893371422139,-0.050222489462444564,3.13,6.51%,0.31%,127.58,37,48.65%,-1.59%,-0.05%,-10.57%,2.74%,False
conf_2m_cdi_20_40_20_40,2,8,20.00%,40.00%,20.00%,40.00%,30.00%,40.00%,-1.76%,48,26.29%,25.92%,5.93%,5.94%,1.00,-7.00%,66.67%,0.03153747705339782,-0.050222489462444564,2.96,6.17%,0.30%,125.92,37,48.65%,-1.95%,-0.05%,-12.18%,2.74%,False
conf_2m_cdi_20_40_20_50,2,8,20.00%,40.00%,20.00%,50.00%,32.50%,50.00%,-2.12%,48,24.62%,24.23%,5.57%,5.81%,0.96,-7.00%,66.67%,0.03084680922853278,-0.050222489462444564,3.11,6.49%,0.31%,124.23,37,48.65%,-2.31%,-0.05%,-13.82%,2.74%,False
conf_2m_cdi_20_40_30_00,2,8,20.00%,40.00%,30.00%,0.00%,22.50%,40.00%,-0.24%,48,33.81%,33.34%,7.46%,6.59%,1.13,-7.00%,68.75%,0.051505551784493786,-0.050222489462444564,3.54,7.37%,0.35%,133.34,37,56.76%,-0.33%,0.39%,-5.67%,2.74%,False
conf_2m_cdi_20_40_30_10,2,8,20.00%,40.00%,30.00%,10.00%,25.00%,40.00%,-0.58%,48,32.07%,31.63%,7.11%,6.39%,1.11,-7.00%,68.75%,0.046512900945293145,-0.050222489462444564,3.33,6.94%,0.33%,131.63,37,56.76%,-0.70%,0.39%,-7.32%,2.74%,False
conf_2m_cdi_20_40_30_20,2,8,20.00%,40.00%,30.00%,20.00%,27.50%,40.00%,-0.93%,48,30.35%,29.94%,6.77%,6.21%,1.09,-7.00%,68.75%,0.04152069542759018,-0.050222489462444564,3.13,6.51%,0.31%,129.94,37,56.76%,-1.05%,0.39%,-8.95%,2.74%,False
conf_2m_cdi_20_40_30_30,2,8,20.00%,40.00%,30.00%,30.00%,30.00%,40.00%,-1.27%,48,28.64%,28.26%,6.42%,6.05%,1.06,-7.00%,68.75%,0.03652893371422139,-0.050222489462444564,2.92,6.08%,0.29%,128.26,37,56.76%,-1.41%,0.39%,-10.57%,2.74%,False
conf_2m_cdi_20_40_30_40,2,8,20.00%,40.00%,30.00%,40.00%,32.50%,40.00%,-1.62%,48,26.95%,26.60%,6.07%,5.90%,1.03,-7.00%,68.75%,0.03153747705339782,-0.050222489462444564,2.75,5.74%,0.28%,126.60,37,56.76%,-1.77%,0.39%,-12.18%,2.74%,False
conf_2m_cdi_20_40_30_50,2,8,20.00%,40.00%,30.00%,50.00%,35.00%,50.00%,-1.98%,48,25.27%,24.90%,5.72%,5.78%,0.99,-7.00%,68.75%,0.03084680922853278,-0.050222489462444564,2.91,6.06%,0.29%,124.90,37,56.76%,-2.13%,0.39%,-13.82%,2.74%,False
conf_2m_cdi_20_40_40_00,2,8,20.00%,40.00%,40.00%,0.00%,25.00%,40.00%,-0.09%,48,34.50%,34.05%,7.60%,6.56%,1.16,-7.00%,68.75%,0.051505551784493786,-0.050222489462444564,3.36,6.99%,0.34%,134.05,37,62.16%,-0.15%,0.59%,-5.67%,2.74%,False
conf_2m_cdi_20_40_40_10,2,8,20.00%,40.00%,40.00%,10.00%,27.50%,40.00%,-0.44%,48,32.75%,32.34%,7.26%,6.36%,1.14,-7.00%,68.75%,0.046512900945293145,-0.050222489462444564,3.15,6.57%,0.32%,132.34,37,62.16%,-0.51%,0.59%,-7.32%,2.74%,False
conf_2m_cdi_20_40_40_20,2,8,20.00%,40.00%,40.00%,20.00%,30.00%,40.00%,-0.79%,48,31.02%,30.63%,6.91%,6.18%,1.12,-7.00%,68.75%,0.04152069542759018,-0.050222489462444564,2.95,6.14%,0.29%,130.63,37,62.16%,-0.87%,0.59%,-8.95%,2.74%,False
conf_2m_cdi_20_40_40_30,2,8,20.00%,40.00%,40.00%,30.00%,32.50%,40.00%,-1.13%,48,29.30%,28.95%,6.56%,6.01%,1.09,-7.00%,68.75%,0.03652893371422139,-0.050222489462444564,2.74,5.71%,0.27%,128.95,37,62.16%,-1.23%,0.59%,-10.57%,2.74%,False
conf_2m_cdi_20_40_40_40,2,8,20.00%,40.00%,40.00%,40.00%,35.00%,40.00%,-1.48%,48,27.60%,27.27%,6.21%,5.87%,1.06,-7.00%,68.75%,0.03153747705339782,-0.050222489462444564,2.57,5.36%,0.26%,127.27,37,62.16%,-1.58%,0.59%,-12.18%,2.74%,False
conf_2m_cdi_20_40_40_50,2,8,20.00%,40.00%,40.00%,50.00%,37.50%,50.00%,-1.84%,48,25.91%,25.57%,5.86%,5.74%,1.02,-7.00%,68.75%,0.03084680922853278,-0.050222489462444564,2.73,5.69%,0.27%,125.57,37,62.16%,-1.95%,0.59%,-13.82%,2.74%,False
conf_2m_cdi_20_40_50_00,2,8,20.00%,40.00%,50.00%,0.00%,27.50%,50.00%,0.04%,48,35.19%,34.72%,7.74%,6.53%,1.18,-7.00%,68.75%,0.051505551784493786,-0.050222489462444564,3.52,7.34%,0.35%,134.72,37,67.57%,0.02%,0.89%,-5.67%,2.74%,False
conf_2m_cdi_20_40_50_10,2,8,20.00%,40.00%,50.00%,10.00%,30.00%,50.00%,-0.31%,48,33.44%,32.99%,7.39%,6.33%,1.17,-7.00%,68.75%,0.046512900945293145,-0.050222489462444564,3.32,6.91%,0.33%,132.99,37,67.57%,-0.34%,0.89%,-7.32%,2.74%,False
conf_2m_cdi_20_40_50_20,2,8,20.00%,40.00%,50.00%,20.00%,32.50%,50.00%,-0.65%,48,31.69%,31.28%,7.04%,6.15%,1.14,-7.00%,68.75%,0.04152069542759018,-0.050222489462444564,3.11,6.49%,0.31%,131.28,37,67.57%,-0.70%,0.89%,-8.95%,2.74%,False
conf_2m_cdi_20_40_50_30,2,8,20.00%,40.00%,50.00%,30.00%,35.00%,50.00%,-1.00%,48,29.97%,29.59%,6.69%,5.99%,1.12,-7.00%,68.75%,0.03652893371422139,-0.050222489462444564,2.91,6.06%,0.29%,129.59,37,67.57%,-1.06%,0.89%,-10.57%,2.74%,False
conf_2m_cdi_20_40_50_40,2,8,20.00%,40.00%,50.00%,40.00%,37.50%,50.00%,-1.35%,48,28.26%,27.91%,6.35%,5.84%,1.09,-7.00%,68.75%,0.03153747705339782,-0.050222489462444564,2.74,5.71%,0.27%,127.91,37,67.57%,-1.41%,0.89%,-12.18%,2.74%,False
conf_2m_cdi_20_40_50_50,2,8,20.00%,40.00%,50.00%,50.00%,40.00%,50.00%,-1.71%,48,26.56%,26.19%,5.99%,5.72%,1.05,-7.00%,68.75%,0.03084680922853278,-0.050222489462444564,2.90,6.03%,0.29%,126.19,37,67.57%,-1.77%,0.89%,-13.82%,2.74%,False
conf_2m_cdi_20_50_00_00,2,8,20.00%,50.00%,0.00%,0.00%,17.50%,50.00%,-1.25%,48,29.01%,28.37%,6.44%,6.52%,0.99,-7.00%,68.75%,0.051505551784493786,-0.050222489462444564,4.93,10.26%,0.49%,128.37,37,40.54%,-1.47%,-1.06%,-7.79%,2.97%,False
conf_2m_cdi_20_50_00_10,2,8,20.00%,50.00%,0.00%,10.00%,20.00%,50.00%,-1.59%,48,27.33%,26.73%,6.10%,6.32%,0.97,-7.00%,68.75%,0.046512900945293145,-0.050222489462444564,4.72,9.84%,0.47%,126.73,37,40.54%,-1.83%,-1.06%,-9.41%,2.97%,False
conf_2m_cdi_20_50_00_20,2,8,20.00%,50.00%,0.00%,20.00%,22.50%,50.00%,-1.94%,48,25.67%,25.10%,5.76%,6.13%,0.94,-7.00%,68.75%,0.04152069542759018,-0.050222489462444564,4.52,9.41%,0.45%,125.10,37,40.54%,-2.18%,-1.06%,-11.02%,2.97%,False
conf_2m_cdi_20_50_00_30,2,8,20.00%,50.00%,0.00%,30.00%,25.00%,50.00%,-2.28%,48,24.02%,23.49%,5.42%,5.96%,0.91,-7.00%,68.75%,0.03652893371422139,-0.050222489462444564,4.31,8.98%,0.43%,123.49,37,40.54%,-2.53%,-1.06%,-12.61%,2.97%,False
conf_2m_cdi_20_50_00_40,2,8,20.00%,50.00%,0.00%,40.00%,27.50%,50.00%,-2.62%,48,22.39%,21.89%,5.07%,5.81%,0.87,-7.00%,68.75%,0.03153747705339782,-0.050222489462444564,4.10,8.54%,0.41%,121.89,37,40.54%,-2.88%,-1.06%,-14.19%,2.97%,False
conf_2m_cdi_20_50_00_50,2,8,20.00%,50.00%,0.00%,50.00%,30.00%,50.00%,-2.97%,48,20.77%,20.30%,4.73%,5.68%,0.83,-7.00%,68.75%,0.02666284052442447,-0.050222489462444564,3.93,8.19%,0.39%,120.30,37,40.54%,-3.23%,-1.06%,-15.76%,2.97%,False
conf_2m_cdi_20_50_10_00,2,8,20.00%,50.00%,10.00%,0.00%,20.00%,50.00%,-1.11%,48,29.68%,29.07%,6.59%,6.48%,1.02,-7.00%,68.75%,0.051505551784493786,-0.050222489462444564,4.72,9.83%,0.47%,129.07,37,43.24%,-1.29%,-0.74%,-7.79%,2.97%,False
conf_2m_cdi_20_50_10_10,2,8,20.00%,50.00%,10.00%,10.00%,22.50%,50.00%,-1.45%,48,27.99%,27.42%,6.24%,6.27%,1.00,-7.00%,68.75%,0.046512900945293145,-0.050222489462444564,4.51,9.40%,0.45%,127.42,37,43.24%,-1.64%,-0.74%,-9.41%,2.97%,False
conf_2m_cdi_20_50_10_20,2,8,20.00%,50.00%,10.00%,20.00%,25.00%,50.00%,-1.79%,48,26.32%,25.78%,5.90%,6.08%,0.97,-7.00%,68.75%,0.04152069542759018,-0.050222489462444564,4.31,8.97%,0.43%,125.78,37,43.24%,-2.00%,-0.74%,-11.02%,2.97%,False
conf_2m_cdi_20_50_10_30,2,8,20.00%,50.00%,10.00%,30.00%,27.50%,50.00%,-2.14%,48,24.66%,24.15%,5.56%,5.91%,0.94,-7.00%,68.75%,0.03652893371422139,-0.050222489462444564,4.10,8.54%,0.41%,124.15,37,43.24%,-2.35%,-0.74%,-12.61%,2.97%,False
conf_2m_cdi_20_50_10_40,2,8,20.00%,50.00%,10.00%,40.00%,30.00%,50.00%,-2.48%,48,23.02%,22.54%,5.21%,5.76%,0.91,-7.00%,68.75%,0.03153747705339782,-0.050222489462444564,3.89,8.11%,0.39%,122.54,37,43.24%,-2.70%,-0.74%,-14.19%,2.97%,False
conf_2m_cdi_20_50_10_50,2,8,20.00%,50.00%,10.00%,50.00%,32.50%,50.00%,-2.83%,48,21.40%,20.95%,4.87%,5.63%,0.86,-7.00%,68.75%,0.02666284052442447,-0.050222489462444564,3.72,7.75%,0.37%,120.95,37,43.24%,-3.05%,-0.74%,-15.76%,2.97%,False
conf_2m_cdi_20_50_20_00,2,8,20.00%,50.00%,20.00%,0.00%,22.50%,50.00%,-0.97%,48,30.35%,29.76%,6.73%,6.44%,1.05,-7.00%,68.75%,0.051505551784493786,-0.050222489462444564,4.51,9.40%,0.45%,129.76,37,48.65%,-1.10%,-0.42%,-7.79%,2.97%,False
conf_2m_cdi_20_50_20_10,2,8,20.00%,50.00%,20.00%,10.00%,25.00%,50.00%,-1.31%,48,28.65%,28.10%,6.39%,6.23%,1.03,-7.00%,68.75%,0.046512900945293145,-0.050222489462444564,4.30,8.97%,0.43%,128.10,37,48.65%,-1.46%,-0.42%,-9.41%,2.97%,False
conf_2m_cdi_20_50_20_20,2,8,20.00%,50.00%,20.00%,20.00%,27.50%,50.00%,-1.65%,48,26.97%,26.46%,6.04%,6.04%,1.00,-7.00%,68.75%,0.04152069542759018,-0.050222489462444564,4.10,8.54%,0.41%,126.46,37,48.65%,-1.82%,-0.42%,-11.02%,2.97%,False
conf_2m_cdi_20_50_20_30,2,8,20.00%,50.00%,20.00%,30.00%,30.00%,50.00%,-2.00%,48,25.31%,24.82%,5.70%,5.87%,0.97,-7.00%,68.75%,0.03652893371422139,-0.050222489462444564,3.89,8.11%,0.39%,124.82,37,48.65%,-2.17%,-0.42%,-12.61%,2.97%,False
conf_2m_cdi_20_50_20_40,2,8,20.00%,50.00%,20.00%,40.00%,32.50%,50.00%,-2.34%,48,23.66%,23.21%,5.36%,5.72%,0.94,-7.00%,68.75%,0.03153747705339782,-0.050222489462444564,3.68,7.67%,0.37%,123.21,37,48.65%,-2.52%,-0.42%,-14.19%,2.97%,False
conf_2m_cdi_20_50_20_50,2,8,20.00%,50.00%,20.00%,50.00%,35.00%,50.00%,-2.69%,48,22.02%,21.60%,5.01%,5.59%,0.90,-7.00%,68.75%,0.02666284052442447,-0.050222489462444564,3.51,7.32%,0.35%,121.60,37,48.65%,-2.86%,-0.42%,-15.76%,2.97%,False
conf_2m_cdi_20_50_30_00,2,8,20.00%,50.00%,30.00%,0.00%,25.00%,50.00%,-0.82%,48,31.02%,30.46%,6.87%,6.40%,1.07,-7.00%,70.83%,0.051505551784493786,-0.050222489462444564,4.30,8.96%,0.43%,130.46,37,54.05%,-0.92%,0.14%,-7.79%,2.97%,False
conf_2m_cdi_20_50_30_10,2,8,20.00%,50.00%,30.00%,10.00%,27.50%,50.00%,-1.17%,48,29.32%,28.79%,6.53%,6.19%,1.05,-7.00%,70.83%,0.046512900945293145,-0.050222489462444564,4.10,8.53%,0.41%,128.79,37,54.05%,-1.28%,0.14%,-9.41%,2.97%,False
conf_2m_cdi_20_50_30_20,2,8,20.00%,50.00%,30.00%,20.00%,30.00%,50.00%,-1.51%,48,27.63%,27.14%,6.19%,6.01%,1.03,-7.00%,70.83%,0.04152069542759018,-0.050222489462444564,3.89,8.10%,0.39%,127.14,37,54.05%,-1.63%,0.14%,-11.02%,2.97%,False
conf_2m_cdi_20_50_30_30,2,8,20.00%,50.00%,30.00%,30.00%,32.50%,50.00%,-1.85%,48,25.96%,25.49%,5.84%,5.83%,1.00,-7.00%,70.83%,0.03652893371422139,-0.050222489462444564,3.68,7.67%,0.37%,125.49,37,54.05%,-1.99%,0.14%,-12.61%,2.97%,False
conf_2m_cdi_20_50_30_40,2,8,20.00%,50.00%,30.00%,40.00%,35.00%,50.00%,-2.20%,48,24.30%,23.87%,5.50%,5.68%,0.97,-7.00%,70.83%,0.03153747705339782,-0.050222489462444564,3.47,7.24%,0.35%,123.87,37,54.05%,-2.34%,0.14%,-14.19%,2.97%,False
conf_2m_cdi_20_50_30_50,2,8,20.00%,50.00%,30.00%,50.00%,37.50%,50.00%,-2.54%,48,22.66%,22.25%,5.15%,5.55%,0.93,-7.00%,70.83%,0.02666284052442447,-0.050222489462444564,3.30,6.88%,0.33%,122.25,37,54.05%,-2.68%,0.14%,-15.76%,2.97%,False
conf_2m_cdi_20_50_40_00,2,8,20.00%,50.00%,40.00%,0.00%,27.50%,50.00%,-0.68%,48,31.70%,31.16%,7.02%,6.37%,1.10,-7.00%,70.83%,0.051505551784493786,-0.050222489462444564,4.09,8.53%,0.41%,131.16,37,56.76%,-0.74%,0.27%,-7.79%,2.97%,False
conf_2m_cdi_20_50_40_10,2,8,20.00%,50.00%,40.00%,10.00%,30.00%,50.00%,-1.02%,48,29.99%,29.48%,6.67%,6.16%,1.08,-7.00%,70.83%,0.046512900945293145,-0.050222489462444564,3.89,8.10%,0.39%,129.48,37,56.76%,-1.10%,0.27%,-9.41%,2.97%,False
conf_2m_cdi_20_50_40_20,2,8,20.00%,50.00%,40.00%,20.00%,32.50%,50.00%,-1.37%,48,28.29%,27.82%,6.33%,5.97%,1.06,-7.00%,70.83%,0.04152069542759018,-0.050222489462444564,3.68,7.67%,0.37%,127.82,37,56.76%,-1.45%,0.27%,-11.02%,2.97%,False
conf_2m_cdi_20_50_40_30,2,8,20.00%,50.00%,40.00%,30.00%,35.00%,50.00%,-1.71%,48,26.61%,26.17%,5.98%,5.80%,1.03,-7.00%,70.83%,0.03652893371422139,-0.050222489462444564,3.47,7.24%,0.35%,126.17,37,56.76%,-1.80%,0.27%,-12.61%,2.97%,False
conf_2m_cdi_20_50_40_40,2,8,20.00%,50.00%,40.00%,40.00%,37.50%,50.00%,-2.06%,48,24.94%,24.53%,5.64%,5.65%,1.00,-7.00%,70.83%,0.03153747705339782,-0.050222489462444564,3.27,6.81%,0.33%,124.53,37,56.76%,-2.15%,0.27%,-14.19%,2.97%,False
conf_2m_cdi_20_50_40_50,2,8,20.00%,50.00%,40.00%,50.00%,40.00%,50.00%,-2.40%,48,23.29%,22.91%,5.29%,5.52%,0.96,-7.00%,70.83%,0.02666284052442447,-0.050222489462444564,3.09,6.45%,0.31%,122.91,37,56.76%,-2.50%,0.27%,-15.76%,2.97%,False
conf_2m_cdi_20_50_50_00,2,8,20.00%,50.00%,50.00%,0.00%,30.00%,50.00%,-0.54%,48,32.38%,31.86%,7.16%,6.34%,1.13,-7.00%,70.83%,0.051505551784493786,-0.050222489462444564,3.91,8.15%,0.39%,131.86,37,62.16%,-0.56%,0.54%,-7.79%,2.97%,False
conf_2m_cdi_20_50_50_10,2,8,20.00%,50.00%,50.00%,10.00%,32.50%,50.00%,-0.88%,48,30.66%,30.17%,6.81%,6.14%,1.11,-7.00%,70.83%,0.046512900945293145,-0.050222489462444564,3.71,7.72%,0.37%,130.17,37,62.16%,-0.91%,0.54%,-9.41%,2.97%,False
conf_2m_cdi_20_50_50_20,2,8,20.00%,50.00%,50.00%,20.00%,35.00%,50.00%,-1.23%,48,28.95%,28.50%,6.47%,5.95%,1.09,-7.00%,70.83%,0.04152069542759018,-0.050222489462444564,3.50,7.29%,0.35%,128.50,37,62.16%,-1.27%,0.54%,-11.02%,2.97%,False
conf_2m_cdi_20_50_50_30,2,8,20.00%,50.00%,50.00%,30.00%,37.50%,50.00%,-1.57%,48,27.26%,26.84%,6.12%,5.77%,1.06,-7.00%,70.83%,0.03652893371422139,-0.050222489462444564,3.29,6.86%,0.33%,126.84,37,62.16%,-1.62%,0.54%,-12.61%,2.97%,False
conf_2m_cdi_20_50_50_40,2,8,20.00%,50.00%,50.00%,40.00%,40.00%,50.00%,-1.92%,48,25.58%,25.20%,5.78%,5.62%,1.03,-7.00%,70.83%,0.03153747705339782,-0.050222489462444564,3.08,6.43%,0.31%,125.20,37,62.16%,-1.97%,0.54%,-14.19%,2.97%,False
conf_2m_cdi_20_50_50_50,2,8,20.00%,50.00%,50.00%,50.00%,42.50%,50.00%,-2.26%,48,23.92%,23.56%,5.43%,5.49%,0.99,-7.00%,70.83%,0.02666284052442447,-0.050222489462444564,2.91,6.07%,0.29%,123.56,37,62.16%,-2.32%,0.54%,-15.76%,2.97%,False
conf_2m_cdi_30_00_00_00,2,8,30.00%,0.00%,0.00%,0.00%,7.50%,30.00%,2.46%,48,47.72%,47.25%,10.16%,7.33%,1.39,-6.03%,62.50%,0.051505551784493786,-0.04352260520278617,3.14,6.55%,0.31%,147.25,37,89.19%,2.17%,2.26%,-0.05%,5.38%,False
conf_2m_cdi_30_00_00_10,2,8,30.00%,0.00%,0.00%,10.00%,10.00%,30.00%,2.10%,48,45.79%,45.32%,9.79%,7.16%,1.37,-6.03%,62.50%,0.04951261820405661,-0.04352260520278617,3.29,6.85%,0.33%,145.32,37,89.19%,1.77%,1.23%,-0.05%,3.79%,False
conf_2m_cdi_30_00_00_20,2,8,30.00%,0.00%,0.00%,20.00%,12.50%,30.00%,1.73%,48,43.89%,43.39%,9.43%,7.01%,1.35,-6.03%,62.50%,0.04951261820405661,-0.04352260520278617,3.47,7.23%,0.35%,143.39,37,70.27%,1.38%,1.23%,-1.13%,3.79%,False
conf_2m_cdi_30_00_00_30,2,8,30.00%,0.00%,0.00%,30.00%,15.00%,30.00%,1.37%,48,42.00%,41.49%,9.06%,6.87%,1.32,-6.03%,62.50%,0.04951261820405661,-0.04352260520278617,3.66,7.63%,0.37%,141.49,37,67.57%,0.99%,0.98%,-2.80%,3.79%,False
conf_2m_cdi_30_00_00_40,2,8,30.00%,0.00%,0.00%,40.00%,17.50%,40.00%,1.00%,48,40.13%,39.60%,8.70%,6.75%,1.29,-6.03%,62.50%,0.04951261820405661,-0.04352260520278617,3.86,8.03%,0.39%,139.60,37,62.16%,0.60%,0.98%,-4.46%,3.79%,False
conf_2m_cdi_30_00_00_50,2,8,30.00%,0.00%,0.00%,50.00%,20.00%,50.00%,0.64%,48,38.28%,37.72%,8.33%,6.65%,1.25,-6.03%,62.50%,0.04951261820405661,-0.04352260520278617,4.05,8.43%,0.40%,137.72,37,59.46%,0.22%,0.98%,-6.10%,3.79%,False
conf_2m_cdi_30_00_10_00,2,8,30.00%,0.00%,10.00%,0.00%,10.00%,30.00%,2.60%,48,48.48%,47.99%,10.30%,7.29%,1.41,-6.03%,62.50%,0.051505551784493786,-0.04352260520278617,3.29,6.86%,0.33%,147.99,37,100.00%,2.34%,2.26%,0.47%,5.38%,False
conf_2m_cdi_30_00_10_10,2,8,30.00%,0.00%,10.00%,10.00%,12.50%,30.00%,2.24%,48,46.55%,46.05%,9.93%,7.12%,1.40,-6.03%,62.50%,0.04951261820405661,-0.04352260520278617,3.44,7.16%,0.34%,146.05,37,100.00%,1.95%,1.48%,0.47%,3.79%,False
conf_2m_cdi_30_00_10_20,2,8,30.00%,0.00%,10.00%,20.00%,15.00%,30.00%,1.87%,48,44.64%,44.11%,9.57%,6.96%,1.37,-6.03%,62.50%,0.04951261820405661,-0.04352260520278617,3.62,7.55%,0.36%,144.11,37,86.49%,1.55%,1.37%,-1.13%,3.79%,False
conf_2m_cdi_30_00_10_30,2,8,30.00%,0.00%,10.00%,30.00%,17.50%,30.00%,1.50%,48,42.74%,42.20%,9.20%,6.83%,1.35,-6.03%,62.50%,0.04951261820405661,-0.04352260520278617,3.81,7.95%,0.38%,142.20,37,78.38%,1.16%,1.23%,-2.80%,3.79%,False
conf_2m_cdi_30_00_10_40,2,8,30.00%,0.00%,10.00%,40.00%,20.00%,40.00%,1.14%,48,40.86%,40.30%,8.83%,6.71%,1.32,-6.03%,62.50%,0.04951261820405661,-0.04352260520278617,4.01,8.35%,0.40%,140.30,37,72.97%,0.78%,1.23%,-4.46%,3.79%,False
conf_2m_cdi_30_00_10_50,2,8,30.00%,0.00%,10.00%,50.00%,22.50%,50.00%,0.77%,48,39.00%,38.42%,8.47%,6.61%,1.28,-6.03%,62.50%,0.04951261820405661,-0.04352260520278617,4.20,8.74%,0.42%,138.42,37,72.97%,0.39%,1.23%,-6.10%,3.79%,False
conf_2m_cdi_30_00_20_00,2,8,30.00%,0.00%,20.00%,0.00%,12.50%,30.00%,2.74%,48,49.25%,48.73%,10.43%,7.25%,1.44,-6.03%,62.50%,0.051505551784493786,-0.04352260520278617,3.49,7.26%,0.35%,148.73,37,100.00%,2.51%,2.33%,0.99%,5.38%,False
conf_2m_cdi_30_00_20_10,2,8,30.00%,0.00%,20.00%,10.00%,15.00%,30.00%,2.37%,48,47.31%,46.78%,10.07%,7.08%,1.42,-6.03%,62.50%,0.04951261820405661,-0.04352260520278617,3.63,7.57%,0.36%,146.78,37,100.00%,2.12%,1.84%,0.56%,3.79%,False
conf_2m_cdi_30_00_20_20,2,8,30.00%,0.00%,20.00%,20.00%,17.50%,30.00%,2.01%,48,45.39%,44.83%,9.70%,6.93%,1.40,-6.03%,62.50%,0.04951261820405661,-0.04352260520278617,3.82,7.95%,0.38%,144.83,37,86.49%,1.73%,1.76%,-1.13%,3.79%,False
conf_2m_cdi_30_00_20_30,2,8,30.00%,0.00%,20.00%,30.00%,20.00%,30.00%,1.64%,48,43.48%,42.91%,9.34%,6.79%,1.38,-6.03%,62.50%,0.04951261820405661,-0.04352260520278617,4.01,8.35%,0.40%,142.91,37,78.38%,1.34%,1.46%,-2.80%,3.79%,False
conf_2m_cdi_30_00_20_40,2,8,30.00%,0.00%,20.00%,40.00%,22.50%,40.00%,1.27%,48,41.59%,41.00%,8.97%,6.67%,1.34,-6.03%,62.50%,0.04951261820405661,-0.04352260520278617,4.20,8.75%,0.42%,141.00,37,72.97%,0.95%,1.46%,-4.46%,3.79%,False
conf_2m_cdi_30_00_20_50,2,8,30.00%,0.00%,20.00%,50.00%,25.00%,50.00%,0.91%,48,39.72%,39.11%,8.60%,6.57%,1.31,-6.03%,62.50%,0.04951261820405661,-0.04352260520278617,4.39,9.15%,0.44%,139.11,37,72.97%,0.57%,1.46%,-6.10%,3.79%,False
conf_2m_cdi_30_00_30_00,2,8,30.00%,0.00%,30.00%,0.00%,15.00%,30.00%,2.88%,48,50.02%,49.47%,10.57%,7.22%,1.46,-6.03%,64.58%,0.051505551784493786,-0.04352260520278617,3.68,7.66%,0.37%,149.47,37,100.00%,2.69%,2.33%,1.20%,5.38%,False
conf_2m_cdi_30_00_30_10,2,8,30.00%,0.00%,30.00%,10.00%,17.50%,30.00%,2.51%,48,48.07%,47.51%,10.21%,7.05%,1.45,-6.03%,64.58%,0.04951261820405661,-0.04352260520278617,3.82,7.97%,0.38%,147.51,37,100.00%,2.29%,2.14%,0.56%,3.79%,False
conf_2m_cdi_30_00_30_20,2,8,30.00%,0.00%,30.00%,20.00%,20.00%,30.00%,2.14%,48,46.14%,45.55%,9.84%,6.89%,1.43,-6.03%,64.58%,0.04951261820405661,-0.04352260520278617,4.01,8.35%,0.40%,145.55,37,86.49%,1.90%,2.05%,-1.13%,3.79%,False
conf_2m_cdi_30_00_30_30,2,8,30.00%,0.00%,30.00%,30.00%,22.50%,30.00%,1.78%,48,44.22%,43.62%,9.47%,6.75%,1.40,-6.03%,64.58%,0.04951261820405661,-0.04352260520278617,4.20,8.75%,0.42%,143.62,37,81.08%,1.51%,1.72%,-2.80%,3.79%,False
conf_2m_cdi_30_00_30_40,2,8,30.00%,0.00%,30.00%,40.00%,25.00%,40.00%,1.41%,48,42.32%,41.70%,9.10%,6.63%,1.37,-6.03%,64.58%,0.04951261820405661,-0.04352260520278617,4.39,9.15%,0.44%,141.70,37,72.97%,1.12%,1.72%,-4.46%,3.79%,False
conf_2m_cdi_30_00_30_50,2,8,30.00%,0.00%,30.00%,50.00%,27.50%,50.00%,1.04%,48,40.44%,39.80%,8.74%,6.53%,1.34,-6.03%,64.58%,0.04951261820405661,-0.04352260520278617,4.58,9.55%,0.46%,139.80,37,72.97%,0.74%,1.72%,-6.10%,3.79%,False
conf_2m_cdi_30_00_40_00,2,8,30.00%,0.00%,40.00%,0.00%,17.50%,40.00%,3.01%,48,50.80%,50.21%,10.71%,7.19%,1.49,-6.03%,64.58%,0.051505551784493786,-0.04352260520278617,3.87,8.06%,0.39%,150.21,37,100.00%,2.86%,2.56%,1.19%,5.38%,False
conf_2m_cdi_30_00_40_10,2,8,30.00%,0.00%,40.00%,10.00%,20.00%,40.00%,2.65%,48,48.84%,48.24%,10.34%,7.01%,1.47,-6.03%,64.58%,0.04951261820405661,-0.04352260520278617,4.02,8.37%,0.40%,148.24,37,100.00%,2.47%,2.46%,0.56%,3.79%,False
conf_2m_cdi_30_00_40_20,2,8,30.00%,0.00%,40.00%,20.00%,22.50%,40.00%,2.28%,48,46.89%,46.28%,9.97%,6.86%,1.45,-6.03%,64.58%,0.04951261820405661,-0.04352260520278617,4.20,8.75%,0.42%,146.28,37,89.19%,2.07%,2.25%,-1.13%,3.79%,False
conf_2m_cdi_30_00_40_30,2,8,30.00%,0.00%,40.00%,30.00%,25.00%,40.00%,1.91%,48,44.97%,44.33%,9.61%,6.72%,1.43,-6.03%,64.58%,0.04951261820405661,-0.04352260520278617,4.39,9.15%,0.44%,144.33,37,81.08%,1.68%,2.25%,-2.80%,3.79%,False
conf_2m_cdi_30_00_40_40,2,8,30.00%,0.00%,40.00%,40.00%,27.50%,40.00%,1.54%,48,43.06%,42.40%,9.24%,6.60%,1.40,-6.03%,64.58%,0.04951261820405661,-0.04352260520278617,4.58,9.55%,0.46%,142.40,37,72.97%,1.30%,2.25%,-4.46%,3.79%,False
conf_2m_cdi_30_00_40_50,2,8,30.00%,0.00%,40.00%,50.00%,30.00%,50.00%,1.18%,48,41.17%,40.49%,8.87%,6.50%,1.36,-6.03%,64.58%,0.04951261820405661,-0.04352260520278617,4.77,9.95%,0.48%,140.49,37,72.97%,0.91%,2.25%,-6.10%,3.79%,False
conf_2m_cdi_30_00_50_00,2,8,30.00%,0.00%,50.00%,0.00%,20.00%,50.00%,3.15%,48,51.57%,50.96%,10.84%,7.16%,1.52,-6.03%,64.58%,0.051505551784493786,-0.04352260520278617,4.06,8.46%,0.41%,150.96,37,100.00%,3.04%,2.81%,1.18%,5.38%,False
conf_2m_cdi_30_00_50_10,2,8,30.00%,0.00%,50.00%,10.00%,22.50%,50.00%,2.78%,48,49.60%,48.97%,10.48%,6.99%,1.50,-6.03%,64.58%,0.04951261820405661,-0.04352260520278617,4.21,8.77%,0.42%,148.97,37,100.00%,2.64%,2.80%,0.56%,3.93%,False
conf_2m_cdi_30_00_50_20,2,8,30.00%,0.00%,50.00%,20.00%,25.00%,50.00%,2.42%,48,47.65%,47.00%,10.11%,6.83%,1.48,-6.03%,64.58%,0.04951261820405661,-0.04352260520278617,4.39,9.15%,0.44%,147.00,37,89.19%,2.25%,2.60%,-1.13%,3.93%,False
conf_2m_cdi_30_00_50_30,2,8,30.00%,0.00%,50.00%,30.00%,27.50%,50.00%,2.05%,48,45.71%,45.05%,9.74%,6.69%,1.46,-6.03%,64.58%,0.04951261820405661,-0.04352260520278617,4.58,9.55%,0.46%,145.05,37,83.78%,1.86%,2.60%,-2.80%,3.93%,False
conf_2m_cdi_30_00_50_40,2,8,30.00%,0.00%,50.00%,40.00%,30.00%,50.00%,1.68%,48,43.79%,43.11%,9.37%,6.57%,1.43,-6.03%,64.58%,0.04951261820405661,-0.04352260520278617,4.77,9.95%,0.48%,143.11,37,75.68%,1.47%,2.60%,-4.46%,3.93%,False
conf_2m_cdi_30_00_50_50,2,8,30.00%,0.00%,50.00%,50.00%,32.50%,50.00%,1.31%,48,41.89%,41.19%,9.01%,6.47%,1.39,-6.03%,64.58%,0.04951261820405661,-0.04352260520278617,4.96,10.34%,0.50%,141.19,37,72.97%,1.09%,2.60%,-6.10%,3.93%,False
conf_2m_cdi_30_10_00_00,2,8,30.00%,10.00%,0.00%,0.00%,10.00%,30.00%,1.90%,48,44.69%,44.25%,9.59%,7.04%,1.36,-6.03%,62.50%,0.051505551784493786,-0.04352260520278617,3.05,6.35%,0.30%,144.25,37,75.68%,1.59%,1.09%,-0.69%,3.97%,False
conf_2m_cdi_30_10_00_10,2,8,30.00%,10.00%,0.00%,10.00%,12.50%,30.00%,1.54%,48,42.81%,42.40%,9.24%,6.86%,1.35,-6.03%,62.50%,0.046512900945293145,-0.04352260520278617,2.89,6.02%,0.29%,142.40,37,59.46%,1.21%,1.09%,-0.92%,3.97%,False
conf_2m_cdi_30_10_00_20,2,8,30.00%,10.00%,0.00%,20.00%,15.00%,30.00%,1.18%,48,40.95%,40.52%,8.88%,6.70%,1.32,-6.03%,62.50%,0.044919235367470334,-0.04352260520278617,3.04,6.33%,0.30%,140.52,37,56.76%,0.82%,0.88%,-2.69%,3.97%,False
conf_2m_cdi_30_10_00_30,2,8,30.00%,10.00%,0.00%,30.00%,17.50%,30.00%,0.82%,48,39.10%,38.65%,8.51%,6.56%,1.30,-6.03%,62.50%,0.044919235367470334,-0.04352260520278617,3.23,6.72%,0.32%,138.65,37,51.35%,0.44%,0.88%,-4.44%,3.97%,False
conf_2m_cdi_30_10_00_40,2,8,30.00%,10.00%,0.00%,40.00%,20.00%,40.00%,0.45%,48,37.27%,36.80%,8.15%,6.43%,1.27,-6.03%,62.50%,0.044919235367470334,-0.04352260520278617,3.42,7.12%,0.34%,136.80,37,51.35%,0.05%,0.88%,-6.17%,3.97%,False
conf_2m_cdi_30_10_00_50,2,8,30.00%,10.00%,0.00%,50.00%,22.50%,50.00%,0.09%,48,35.45%,34.96%,7.78%,6.32%,1.23,-6.03%,62.50%,0.044919235367470334,-0.04352260520278617,3.61,7.52%,0.36%,134.96,37,51.35%,-0.32%,0.88%,-7.89%,3.97%,False
conf_2m_cdi_30_10_10_00,2,8,30.00%,10.00%,10.00%,0.00%,12.50%,30.00%,2.04%,48,45.44%,45.03%,9.74%,7.00%,1.39,-6.03%,62.50%,0.051505551784493786,-0.04352260520278617,2.87,5.98%,0.29%,145.03,37,89.19%,1.77%,1.26%,-0.13%,3.97%,False
conf_2m_cdi_30_10_10_10,2,8,30.00%,10.00%,10.00%,10.00%,15.00%,30.00%,1.69%,48,43.55%,43.16%,9.38%,6.82%,1.38,-6.03%,62.50%,0.046512900945293145,-0.04352260520278617,2.71,5.65%,0.27%,143.16,37,70.27%,1.39%,1.26%,-0.92%,3.97%,False
conf_2m_cdi_30_10_10_20,2,8,30.00%,10.00%,10.00%,20.00%,17.50%,30.00%,1.33%,48,41.68%,41.27%,9.02%,6.66%,1.36,-6.03%,62.50%,0.044919235367470334,-0.04352260520278617,2.86,5.96%,0.29%,141.27,37,67.57%,1.01%,1.19%,-2.69%,3.97%,False
conf_2m_cdi_30_10_10_30,2,8,30.00%,10.00%,10.00%,30.00%,20.00%,30.00%,0.96%,48,39.82%,39.39%,8.66%,6.51%,1.33,-6.03%,62.50%,0.044919235367470334,-0.04352260520278617,3.05,6.35%,0.30%,139.39,37,62.16%,0.62%,1.19%,-4.44%,3.97%,False
conf_2m_cdi_30_10_10_40,2,8,30.00%,10.00%,10.00%,40.00%,22.50%,40.00%,0.60%,48,37.98%,37.53%,8.29%,6.38%,1.30,-6.03%,62.50%,0.044919235367470334,-0.04352260520278617,3.24,6.75%,0.32%,137.53,37,62.16%,0.24%,1.19%,-6.17%,3.97%,False
conf_2m_cdi_30_10_10_50,2,8,30.00%,10.00%,10.00%,50.00%,25.00%,50.00%,0.23%,48,36.15%,35.69%,7.93%,6.28%,1.26,-6.03%,62.50%,0.044919235367470334,-0.04352260520278617,3.43,7.14%,0.34%,135.69,37,62.16%,-0.14%,1.19%,-7.89%,3.97%,False
conf_2m_cdi_30_10_20_00,2,8,30.00%,10.00%,20.00%,0.00%,15.00%,30.00%,2.18%,48,46.20%,45.75%,9.88%,6.96%,1.42,-6.03%,62.50%,0.051505551784493786,-0.04352260520278617,3.02,6.30%,0.30%,145.75,37,100.00%,1.95%,1.62%,0.34%,3.97%,False
conf_2m_cdi_30_10_20_10,2,8,30.00%,10.00%,20.00%,10.00%,17.50%,30.00%,1.83%,48,44.29%,43.88%,9.52%,6.78%,1.40,-6.03%,62.50%,0.046512900945293145,-0.04352260520278617,2.87,5.97%,0.29%,143.88,37,81.08%,1.57%,1.54%,-0.92%,3.97%,False
conf_2m_cdi_30_10_20_20,2,8,30.00%,10.00%,20.00%,20.00%,20.00%,30.00%,1.46%,48,42.41%,41.98%,9.16%,6.62%,1.38,-6.03%,62.50%,0.044919235367470334,-0.04352260520278617,3.01,6.28%,0.30%,141.98,37,78.38%,1.18%,1.18%,-2.69%,3.97%,False
conf_2m_cdi_30_10_20_30,2,8,30.00%,10.00%,20.00%,30.00%,22.50%,30.00%,1.10%,48,40.54%,40.09%,8.79%,6.47%,1.36,-6.03%,62.50%,0.044919235367470334,-0.04352260520278617,3.20,6.67%,0.32%,140.09,37,70.27%,0.79%,1.18%,-4.44%,3.97%,False
conf_2m_cdi_30_10_20_40,2,8,30.00%,10.00%,20.00%,40.00%,25.00%,40.00%,0.73%,48,38.69%,38.22%,8.43%,6.34%,1.33,-6.03%,62.50%,0.044919235367470334,-0.04352260520278617,3.39,7.07%,0.34%,138.22,37,70.27%,0.41%,1.18%,-6.17%,3.97%,False
conf_2m_cdi_30_10_20_50,2,8,30.00%,10.00%,20.00%,50.00%,27.50%,50.00%,0.37%,48,36.86%,36.37%,8.06%,6.23%,1.29,-6.03%,62.50%,0.044919235367470334,-0.04352260520278617,3.58,7.47%,0.36%,136.37,37,70.27%,0.03%,1.18%,-7.89%,3.97%,False
conf_2m_cdi_30_10_30_00,2,8,30.00%,10.00%,30.00%,0.00%,17.50%,30.00%,2.32%,48,46.95%,46.48%,10.01%,6.92%,1.45,-6.03%,64.58%,0.051505551784493786,-0.04352260520278617,3.22,6.70%,0.32%,146.48,37,100.00%,2.12%,1.91%,0.55%,3.97%,False
conf_2m_cdi_30_10_30_10,2,8,30.00%,10.00%,30.00%,10.00%,20.00%,30.00%,1.96%,48,45.04%,44.60%,9.66%,6.74%,1.43,-6.03%,64.58%,0.046512900945293145,-0.04352260520278617,3.06,6.37%,0.31%,144.60,37,83.78%,1.74%,1.79%,-0.92%,3.97%,False
conf_2m_cdi_30_10_30_20,2,8,30.00%,10.00%,30.00%,20.00%,22.50%,30.00%,1.60%,48,43.15%,42.69%,9.29%,6.58%,1.41,-6.03%,64.58%,0.044919235367470334,-0.04352260520278617,3.21,6.68%,0.32%,142.69,37,78.38%,1.35%,1.34%,-2.69%,3.97%,False
conf_2m_cdi_30_10_30_30,2,8,30.00%,10.00%,30.00%,30.00%,25.00%,30.00%,1.23%,48,41.27%,40.79%,8.93%,6.43%,1.39,-6.03%,64.58%,0.044919235367470334,-0.04352260520278617,3.39,7.07%,0.34%,140.79,37,72.97%,0.97%,1.34%,-4.44%,3.97%,False
conf_2m_cdi_30_10_30_40,2,8,30.00%,10.00%,30.00%,40.00%,27.50%,40.00%,0.87%,48,39.41%,38.91%,8.56%,6.30%,1.36,-6.03%,64.58%,0.044919235367470334,-0.04352260520278617,3.59,7.47%,0.36%,138.91,37,72.97%,0.58%,1.34%,-6.17%,3.97%,False
conf_2m_cdi_30_10_30_50,2,8,30.00%,10.00%,30.00%,50.00%,30.00%,50.00%,0.50%,48,37.57%,37.05%,8.20%,6.20%,1.32,-6.03%,64.58%,0.044919235367470334,-0.04352260520278617,3.78,7.87%,0.38%,137.05,37,70.27%,0.21%,1.34%,-7.89%,3.97%,False
conf_2m_cdi_30_10_40_00,2,8,30.00%,10.00%,40.00%,0.00%,20.00%,40.00%,2.45%,48,47.71%,47.21%,10.15%,6.89%,1.47,-6.03%,64.58%,0.051505551784493786,-0.04352260520278617,3.41,7.10%,0.34%,147.21,37,100.00%,2.29%,2.15%,0.71%,3.97%,False
conf_2m_cdi_30_10_40_10,2,8,30.00%,10.00%,40.00%,10.00%,22.50%,40.00%,2.10%,48,45.79%,45.31%,9.79%,6.71%,1.46,-6.03%,64.58%,0.046512900945293145,-0.04352260520278617,3.25,6.77%,0.33%,145.31,37,89.19%,1.91%,1.86%,-0.92%,3.97%,False
conf_2m_cdi_30_10_40_20,2,8,30.00%,10.00%,40.00%,20.00%,25.00%,40.00%,1.73%,48,43.88%,43.40%,9.43%,6.55%,1.44,-6.03%,64.58%,0.044919235367470334,-0.04352260520278617,3.40,7.08%,0.34%,143.40,37,78.38%,1.52%,1.80%,-2.69%,3.97%,False
conf_2m_cdi_30_10_40_30,2,8,30.00%,10.00%,40.00%,30.00%,27.50%,40.00%,1.37%,48,42.00%,41.49%,9.06%,6.40%,1.42,-6.03%,64.58%,0.044919235367470334,-0.04352260520278617,3.59,7.47%,0.36%,141.49,37,72.97%,1.14%,1.80%,-4.44%,3.97%,False
conf_2m_cdi_30_10_40_40,2,8,30.00%,10.00%,40.00%,40.00%,30.00%,40.00%,1.00%,48,40.13%,39.60%,8.70%,6.27%,1.39,-6.03%,64.58%,0.044919235367470334,-0.04352260520278617,3.78,7.87%,0.38%,139.60,37,72.97%,0.76%,1.80%,-6.17%,3.97%,False
conf_2m_cdi_30_10_40_50,2,8,30.00%,10.00%,40.00%,50.00%,32.50%,50.00%,0.64%,48,38.28%,37.73%,8.33%,6.17%,1.35,-6.03%,64.58%,0.044919235367470334,-0.04352260520278617,3.97,8.27%,0.40%,137.73,37,72.97%,0.38%,1.80%,-7.89%,3.97%,False
conf_2m_cdi_30_10_50_00,2,8,30.00%,10.00%,50.00%,0.00%,22.50%,50.00%,2.59%,48,48.47%,47.94%,10.29%,6.86%,1.50,-6.03%,64.58%,0.051505551784493786,-0.04352260520278617,3.60,7.50%,0.36%,147.94,37,100.00%,2.46%,2.46%,0.82%,3.97%,False
conf_2m_cdi_30_10_50_10,2,8,30.00%,10.00%,50.00%,10.00%,25.00%,50.00%,2.23%,48,46.54%,46.03%,9.93%,6.68%,1.49,-6.03%,64.58%,0.046512900945293145,-0.04352260520278617,3.44,7.17%,0.34%,146.03,37,89.19%,2.08%,2.13%,-0.92%,3.97%,False
conf_2m_cdi_30_10_50_20,2,8,30.00%,10.00%,50.00%,20.00%,27.50%,50.00%,1.87%,48,44.63%,44.11%,9.56%,6.52%,1.47,-6.03%,64.58%,0.044919235367470334,-0.04352260520278617,3.59,7.48%,0.36%,144.11,37,81.08%,1.70%,2.13%,-2.69%,3.97%,False
conf_2m_cdi_30_10_50_30,2,8,30.00%,10.00%,50.00%,30.00%,30.00%,50.00%,1.50%,48,42.73%,42.19%,9.20%,6.37%,1.44,-6.03%,64.58%,0.044919235367470334,-0.04352260520278617,3.78,7.87%,0.38%,142.19,37,72.97%,1.31%,2.13%,-4.44%,3.97%,False
conf_2m_cdi_30_10_50_40,2,8,30.00%,10.00%,50.00%,40.00%,32.50%,50.00%,1.14%,48,40.85%,40.29%,8.83%,6.24%,1.41,-6.03%,64.58%,0.044919235367470334,-0.04352260520278617,3.97,8.27%,0.40%,140.29,37,72.97%,0.93%,2.13%,-6.17%,3.97%,False
conf_2m_cdi_30_10_50_50,2,8,30.00%,10.00%,50.00%,50.00%,35.00%,50.00%,0.77%,48,38.99%,38.41%,8.47%,6.14%,1.38,-6.03%,64.58%,0.044919235367470334,-0.04352260520278617,4.16,8.66%,0.42%,138.41,37,72.97%,0.55%,2.13%,-7.89%,3.97%,False
conf_2m_cdi_30_20_00_00,2,8,30.00%,20.00%,0.00%,0.00%,12.50%,30.00%,1.33%,48,41.72%,41.29%,9.02%,6.77%,1.33,-6.03%,62.50%,0.051505551784493786,-0.04352260520278617,3.03,6.32%,0.30%,141.29,37,59.46%,1.01%,0.86%,-1.78%,4.15%,False
conf_2m_cdi_30_20_00_10,2,8,30.00%,20.00%,0.00%,10.00%,15.00%,30.00%,0.98%,48,39.87%,39.48%,8.67%,6.59%,1.32,-6.03%,62.50%,0.046512900945293145,-0.04352260520278617,2.83,5.90%,0.28%,139.48,37,54.05%,0.63%,0.59%,-3.07%,4.15%,False
conf_2m_cdi_30_20_00_20,2,8,30.00%,20.00%,0.00%,20.00%,17.50%,30.00%,0.63%,48,38.05%,37.68%,8.32%,6.42%,1.30,-6.03%,62.50%,0.04152069542759018,-0.04352260520278617,2.67,5.57%,0.27%,137.68,37,51.35%,0.26%,0.59%,-4.76%,4.15%,False
conf_2m_cdi_30_20_00_30,2,8,30.00%,20.00%,0.00%,30.00%,20.00%,30.00%,0.27%,48,36.24%,35.85%,7.96%,6.26%,1.27,-6.03%,62.50%,0.04031129165431202,-0.04352260520278617,2.82,5.88%,0.28%,135.85,37,51.35%,-0.11%,0.59%,-6.48%,4.15%,False
conf_2m_cdi_30_20_00_40,2,8,30.00%,20.00%,0.00%,40.00%,22.50%,40.00%,-0.10%,48,34.44%,34.04%,7.60%,6.13%,1.24,-6.03%,62.50%,0.04031129165431202,-0.04352260520278617,3.01,6.27%,0.30%,134.04,37,51.35%,-0.49%,0.59%,-8.19%,4.15%,False
conf_2m_cdi_30_20_00_50,2,8,30.00%,20.00%,0.00%,50.00%,25.00%,50.00%,-0.46%,48,32.66%,32.24%,7.24%,6.01%,1.20,-6.03%,62.50%,0.04031129165431202,-0.04352260520278617,3.20,6.67%,0.32%,132.24,37,51.35%,-0.86%,0.59%,-9.88%,4.15%,False
conf_2m_cdi_30_20_10_00,2,8,30.00%,20.00%,10.00%,0.00%,15.00%,30.00%,1.48%,48,42.45%,42.05%,9.17%,6.73%,1.36,-6.03%,62.50%,0.051505551784493786,-0.04352260520278617,2.83,5.90%,0.28%,142.05,37,62.16%,1.19%,1.14%,-1.36%,4.15%,False
conf_2m_cdi_30_20_10_10,2,8,30.00%,20.00%,10.00%,10.00%,17.50%,30.00%,1.12%,48,40.60%,40.23%,8.82%,6.54%,1.35,-6.03%,62.50%,0.046512900945293145,-0.04352260520278617,2.63,5.48%,0.26%,140.23,37,56.76%,0.82%,0.91%,-3.07%,4.15%,False
conf_2m_cdi_30_20_10_20,2,8,30.00%,20.00%,10.00%,20.00%,20.00%,30.00%,0.77%,48,38.76%,38.42%,8.47%,6.37%,1.33,-6.03%,62.50%,0.04152069542759018,-0.04352260520278617,2.47,5.15%,0.25%,138.42,37,54.05%,0.45%,0.91%,-4.76%,4.15%,False
conf_2m_cdi_30_20_10_30,2,8,30.00%,20.00%,10.00%,30.00%,22.50%,30.00%,0.41%,48,36.94%,36.59%,8.11%,6.21%,1.30,-6.03%,62.50%,0.04031129165431202,-0.04352260520278617,2.62,5.46%,0.26%,136.59,37,54.05%,0.07%,0.91%,-6.48%,4.15%,False
conf_2m_cdi_30_20_10_40,2,8,30.00%,20.00%,10.00%,40.00%,25.00%,40.00%,0.05%,48,35.14%,34.76%,7.74%,6.08%,1.27,-6.03%,62.50%,0.04031129165431202,-0.04352260520278617,2.81,5.86%,0.28%,134.76,37,54.05%,-0.31%,0.91%,-8.19%,4.15%,False
conf_2m_cdi_30_20_10_50,2,8,30.00%,20.00%,10.00%,50.00%,27.50%,50.00%,-0.32%,48,33.35%,32.95%,7.38%,5.96%,1.24,-6.03%,62.50%,0.04031129165431202,-0.04352260520278617,3.00,6.25%,0.30%,132.95,37,54.05%,-0.68%,0.91%,-9.88%,4.15%,False
conf_2m_cdi_30_20_20_00,2,8,30.00%,20.00%,20.00%,0.00%,17.50%,30.00%,1.62%,48,43.19%,42.81%,9.32%,6.68%,1.39,-6.03%,62.50%,0.051505551784493786,-0.04352260520278617,2.65,5.53%,0.27%,142.81,37,70.27%,1.38%,1.37%,-1.36%,4.15%,False
conf_2m_cdi_30_20_20_10,2,8,30.00%,20.00%,20.00%,10.00%,20.00%,30.00%,1.27%,48,41.33%,40.98%,8.97%,6.50%,1.38,-6.03%,62.50%,0.046512900945293145,-0.04352260520278617,2.45,5.11%,0.25%,140.98,37,64.86%,1.00%,1.15%,-3.07%,4.15%,False
conf_2m_cdi_30_20_20_20,2,8,30.00%,20.00%,20.00%,20.00%,22.50%,30.00%,0.92%,48,39.48%,39.16%,8.61%,6.33%,1.36,-6.03%,62.50%,0.04152069542759018,-0.04352260520278617,2.29,4.78%,0.23%,139.16,37,62.16%,0.63%,1.15%,-4.76%,4.15%,False
conf_2m_cdi_30_20_20_30,2,8,30.00%,20.00%,20.00%,30.00%,25.00%,30.00%,0.56%,48,37.65%,37.32%,8.25%,6.17%,1.34,-6.03%,62.50%,0.04031129165431202,-0.04352260520278617,2.44,5.09%,0.24%,137.32,37,62.16%,0.25%,1.15%,-6.48%,4.15%,False
conf_2m_cdi_30_20_20_40,2,8,30.00%,20.00%,20.00%,40.00%,27.50%,40.00%,0.19%,48,35.84%,35.48%,7.89%,6.03%,1.31,-6.03%,62.50%,0.04031129165431202,-0.04352260520278617,2.63,5.48%,0.26%,135.48,37,62.16%,-0.12%,1.15%,-8.19%,4.15%,False
conf_2m_cdi_30_20_20_50,2,8,30.00%,20.00%,20.00%,50.00%,30.00%,50.00%,-0.17%,48,34.04%,33.67%,7.52%,5.92%,1.27,-6.03%,62.50%,0.04031129165431202,-0.04352260520278617,2.82,5.88%,0.28%,133.67,37,62.16%,-0.50%,1.15%,-9.88%,4.15%,False
conf_2m_cdi_30_20_30_00,2,8,30.00%,20.00%,30.00%,0.00%,20.00%,30.00%,1.76%,48,43.93%,43.52%,9.45%,6.65%,1.42,-6.03%,64.58%,0.051505551784493786,-0.04352260520278617,2.81,5.86%,0.28%,143.52,37,75.68%,1.55%,1.52%,-1.36%,4.15%,False
conf_2m_cdi_30_20_30_10,2,8,30.00%,20.00%,30.00%,10.00%,22.50%,30.00%,1.41%,48,42.06%,41.69%,9.10%,6.46%,1.41,-6.03%,64.58%,0.046512900945293145,-0.04352260520278617,2.61,5.44%,0.26%,141.69,37,70.27%,1.18%,1.14%,-3.07%,4.15%,False
conf_2m_cdi_30_20_30_20,2,8,30.00%,20.00%,30.00%,20.00%,25.00%,30.00%,1.05%,48,40.20%,39.86%,8.75%,6.29%,1.39,-6.03%,64.58%,0.04152069542759018,-0.04352260520278617,2.45,5.11%,0.25%,139.86,37,67.57%,0.80%,1.14%,-4.76%,4.15%,False
conf_2m_cdi_30_20_30_30,2,8,30.00%,20.00%,30.00%,30.00%,27.50%,30.00%,0.69%,48,38.36%,38.00%,8.39%,6.13%,1.37,-6.03%,64.58%,0.04031129165431202,-0.04352260520278617,2.60,5.42%,0.26%,138.00,37,67.57%,0.43%,1.14%,-6.48%,4.15%,False
conf_2m_cdi_30_20_30_40,2,8,30.00%,20.00%,30.00%,40.00%,30.00%,40.00%,0.33%,48,36.54%,36.16%,8.02%,6.00%,1.34,-6.03%,64.58%,0.04031129165431202,-0.04352260520278617,2.79,5.81%,0.28%,136.16,37,67.57%,0.05%,1.14%,-8.19%,4.15%,False
conf_2m_cdi_30_20_30_50,2,8,30.00%,20.00%,30.00%,50.00%,32.50%,50.00%,-0.04%,48,34.74%,34.34%,7.66%,5.88%,1.30,-6.03%,64.58%,0.04031129165431202,-0.04352260520278617,2.98,6.21%,0.30%,134.34,37,67.57%,-0.32%,1.14%,-9.88%,4.15%,False
conf_2m_cdi_30_20_40_00,2,8,30.00%,20.00%,40.00%,0.00%,22.50%,40.00%,1.89%,48,44.67%,44.24%,9.59%,6.61%,1.45,-6.03%,64.58%,0.051505551784493786,-0.04352260520278617,3.01,6.26%,0.30%,144.24,37,83.78%,1.72%,1.68%,-1.36%,4.15%,False
conf_2m_cdi_30_20_40_10,2,8,30.00%,20.00%,40.00%,10.00%,25.00%,40.00%,1.54%,48,42.79%,42.39%,9.24%,6.43%,1.44,-6.03%,64.58%,0.046512900945293145,-0.04352260520278617,2.80,5.84%,0.28%,142.39,37,72.97%,1.35%,1.63%,-3.07%,4.15%,False
conf_2m_cdi_30_20_40_20,2,8,30.00%,20.00%,40.00%,20.00%,27.50%,40.00%,1.19%,48,40.93%,40.55%,8.88%,6.25%,1.42,-6.03%,64.58%,0.04152069542759018,-0.04352260520278617,2.64,5.51%,0.26%,140.55,37,70.27%,0.98%,1.63%,-4.76%,4.15%,False
conf_2m_cdi_30_20_40_30,2,8,30.00%,20.00%,40.00%,30.00%,30.00%,40.00%,0.82%,48,39.08%,38.69%,8.52%,6.10%,1.40,-6.03%,64.58%,0.04031129165431202,-0.04352260520278617,2.79,5.82%,0.28%,138.69,37,70.27%,0.60%,1.63%,-6.48%,4.15%,False
conf_2m_cdi_30_20_40_40,2,8,30.00%,20.00%,40.00%,40.00%,32.50%,40.00%,0.46%,48,37.25%,36.84%,8.16%,5.96%,1.37,-6.03%,64.58%,0.04031129165431202,-0.04352260520278617,2.98,6.21%,0.30%,136.84,37,70.27%,0.22%,1.63%,-8.19%,4.15%,False
conf_2m_cdi_30_20_40_50,2,8,30.00%,20.00%,40.00%,50.00%,35.00%,50.00%,0.10%,48,35.43%,35.00%,7.79%,5.85%,1.33,-6.03%,64.58%,0.04031129165431202,-0.04352260520278617,3.17,6.61%,0.32%,135.00,37,70.27%,-0.15%,1.63%,-9.88%,4.15%,False
conf_2m_cdi_30_20_50_00,2,8,30.00%,20.00%,50.00%,0.00%,25.00%,50.00%,2.03%,48,45.42%,44.95%,9.73%,6.59%,1.48,-6.03%,64.58%,0.051505551784493786,-0.04352260520278617,3.20,6.66%,0.32%,144.95,37,86.49%,1.90%,1.92%,-1.36%,4.15%,False
conf_2m_cdi_30_20_50_10,2,8,30.00%,20.00%,50.00%,10.00%,27.50%,50.00%,1.68%,48,43.52%,43.10%,9.37%,6.40%,1.47,-6.03%,64.58%,0.046512900945293145,-0.04352260520278617,2.99,6.24%,0.30%,143.10,37,75.68%,1.52%,1.83%,-3.07%,4.15%,False
conf_2m_cdi_30_20_50_20,2,8,30.00%,20.00%,50.00%,20.00%,30.00%,50.00%,1.32%,48,41.65%,41.25%,9.02%,6.23%,1.45,-6.03%,64.58%,0.04152069542759018,-0.04352260520278617,2.83,5.91%,0.28%,141.25,37,72.97%,1.15%,1.83%,-4.76%,4.15%,False
conf_2m_cdi_30_20_50_30,2,8,30.00%,20.00%,50.00%,30.00%,32.50%,50.00%,0.96%,48,39.79%,39.38%,8.65%,6.07%,1.43,-6.03%,64.58%,0.04031129165431202,-0.04352260520278617,2.98,6.22%,0.30%,139.38,37,72.97%,0.77%,1.83%,-6.48%,4.15%,False
conf_2m_cdi_30_20_50_40,2,8,30.00%,20.00%,50.00%,40.00%,35.00%,50.00%,0.59%,48,37.95%,37.52%,8.29%,5.93%,1.40,-6.03%,64.58%,0.04031129165431202,-0.04352260520278617,3.17,6.61%,0.32%,137.52,37,70.27%,0.39%,1.83%,-8.19%,4.15%,False
conf_2m_cdi_30_20_50_50,2,8,30.00%,20.00%,50.00%,50.00%,37.50%,50.00%,0.23%,48,36.13%,35.67%,7.93%,5.82%,1.36,-6.03%,64.58%,0.04031129165431202,-0.04352260520278617,3.36,7.01%,0.34%,135.67,37,70.27%,0.02%,1.83%,-9.88%,4.15%,False
conf_2m_cdi_30_30_00_00,2,8,30.00%,30.00%,0.00%,0.00%,15.00%,30.00%,0.76%,48,38.79%,38.36%,8.46%,6.52%,1.30,-6.03%,62.50%,0.051505551784493786,-0.04352260520278617,3.09,6.43%,0.31%,138.36,37,54.05%,0.43%,0.26%,-3.52%,4.33%,False
conf_2m_cdi_30_30_00_10,2,8,30.00%,30.00%,0.00%,10.00%,17.50%,30.00%,0.41%,48,36.98%,36.59%,8.11%,6.33%,1.28,-6.03%,62.50%,0.046512900945293145,-0.04352260520278617,2.88,6.00%,0.29%,136.59,37,51.35%,0.06%,0.26%,-5.19%,4.33%,False
conf_2m_cdi_30_30_00_20,2,8,30.00%,30.00%,0.00%,20.00%,20.00%,30.00%,0.06%,48,35.19%,34.83%,7.76%,6.15%,1.26,-6.03%,62.50%,0.04152069542759018,-0.04352260520278617,2.68,5.58%,0.27%,134.83,37,51.35%,-0.30%,0.26%,-6.85%,4.33%,False
conf_2m_cdi_30_30_00_30,2,8,30.00%,30.00%,0.00%,30.00%,22.50%,30.00%,-0.29%,48,33.42%,33.09%,7.41%,5.99%,1.24,-6.03%,62.50%,0.03652893371422139,-0.04352260520278617,2.52,5.24%,0.25%,133.09,37,51.35%,-0.66%,0.26%,-8.51%,4.33%,False
conf_2m_cdi_30_30_00_40,2,8,30.00%,30.00%,0.00%,40.00%,25.00%,40.00%,-0.65%,48,31.67%,31.31%,7.05%,5.85%,1.21,-6.03%,62.50%,0.035685571949586326,-0.04352260520278617,2.67,5.56%,0.27%,131.31,37,51.35%,-1.04%,0.26%,-10.18%,4.33%,False
conf_2m_cdi_30_30_00_50,2,8,30.00%,30.00%,0.00%,50.00%,27.50%,50.00%,-1.01%,48,29.92%,29.55%,6.69%,5.72%,1.17,-6.03%,62.50%,0.035685571949586326,-0.04352260520278617,2.86,5.95%,0.29%,129.55,37,51.35%,-1.40%,0.26%,-11.85%,4.33%,False
conf_2m_cdi_30_30_10_00,2,8,30.00%,30.00%,10.00%,0.00%,17.50%,30.00%,0.91%,48,39.51%,39.11%,8.60%,6.48%,1.33,-6.03%,62.50%,0.051505551784493786,-0.04352260520278617,2.88,6.00%,0.29%,139.11,37,54.05%,0.62%,0.58%,-3.52%,4.33%,False
conf_2m_cdi_30_30_10_10,2,8,30.00%,30.00%,10.00%,10.00%,20.00%,30.00%,0.56%,48,37.69%,37.33%,8.25%,6.28%,1.31,-6.03%,62.50%,0.046512900945293145,-0.04352260520278617,2.67,5.57%,0.27%,137.33,37,51.35%,0.25%,0.58%,-5.19%,4.33%,False
conf_2m_cdi_30_30_10_20,2,8,30.00%,30.00%,10.00%,20.00%,22.50%,30.00%,0.21%,48,35.90%,35.56%,7.90%,6.10%,1.30,-6.03%,62.50%,0.04152069542759018,-0.04352260520278617,2.47,5.14%,0.25%,135.56,37,51.35%,-0.12%,0.58%,-6.85%,4.33%,False
conf_2m_cdi_30_30_10_30,2,8,30.00%,30.00%,10.00%,30.00%,25.00%,30.00%,-0.14%,48,34.11%,33.81%,7.55%,5.94%,1.27,-6.03%,62.50%,0.03652893371422139,-0.04352260520278617,2.31,4.81%,0.23%,133.81,37,51.35%,-0.48%,0.58%,-8.51%,4.33%,False
conf_2m_cdi_30_30_10_40,2,8,30.00%,30.00%,10.00%,40.00%,27.50%,40.00%,-0.50%,48,32.35%,32.02%,7.19%,5.80%,1.24,-6.03%,62.50%,0.035685571949586326,-0.04352260520278617,2.46,5.12%,0.25%,132.02,37,51.35%,-0.85%,0.58%,-10.18%,4.33%,False
conf_2m_cdi_30_30_10_50,2,8,30.00%,30.00%,10.00%,50.00%,30.00%,50.00%,-0.86%,48,30.60%,30.25%,6.83%,5.67%,1.20,-6.03%,62.50%,0.035685571949586326,-0.04352260520278617,2.65,5.52%,0.26%,130.25,37,51.35%,-1.22%,0.58%,-11.85%,4.33%,False
conf_2m_cdi_30_30_20_00,2,8,30.00%,30.00%,20.00%,0.00%,20.00%,30.00%,1.05%,48,40.23%,39.86%,8.75%,6.43%,1.36,-6.03%,62.50%,0.051505551784493786,-0.04352260520278617,2.68,5.57%,0.27%,139.86,37,59.46%,0.80%,0.90%,-3.52%,4.33%,False
conf_2m_cdi_30_30_20_10,2,8,30.00%,30.00%,20.00%,10.00%,22.50%,30.00%,0.70%,48,38.41%,38.07%,8.40%,6.24%,1.35,-6.03%,62.50%,0.046512900945293145,-0.04352260520278617,2.47,5.15%,0.25%,138.07,37,56.76%,0.43%,0.90%,-5.19%,4.33%,False
conf_2m_cdi_30_30_20_20,2,8,30.00%,30.00%,20.00%,20.00%,25.00%,30.00%,0.35%,48,36.60%,36.29%,8.05%,6.06%,1.33,-6.03%,62.50%,0.04152069542759018,-0.04352260520278617,2.27,4.72%,0.23%,136.29,37,56.76%,0.07%,0.90%,-6.85%,4.33%,False
conf_2m_cdi_30_30_20_30,2,8,30.00%,30.00%,20.00%,30.00%,27.50%,30.00%,0.00%,48,34.81%,34.53%,7.70%,5.90%,1.31,-6.03%,62.50%,0.03652893371422139,-0.04352260520278617,2.10,4.38%,0.21%,134.53,37,56.76%,-0.30%,0.90%,-8.51%,4.33%,True
conf_2m_cdi_30_30_20_40,2,8,30.00%,30.00%,20.00%,40.00%,30.00%,40.00%,-0.36%,48,33.03%,32.73%,7.34%,5.75%,1.28,-6.03%,62.50%,0.035685571949586326,-0.04352260520278617,2.26,4.70%,0.23%,132.73,37,56.76%,-0.67%,0.90%,-10.18%,4.33%,False
conf_2m_cdi_30_30_20_50,2,8,30.00%,30.00%,20.00%,50.00%,32.50%,50.00%,-0.72%,48,31.28%,30.95%,6.97%,5.63%,1.24,-6.03%,62.50%,0.035685571949586326,-0.04352260520278617,2.45,5.10%,0.24%,130.95,37,56.76%,-1.04%,0.90%,-11.85%,4.33%,False
conf_2m_cdi_30_30_30_00,2,8,30.00%,30.00%,30.00%,0.00%,22.50%,30.00%,1.20%,48,40.96%,40.60%,8.89%,6.40%,1.39,-6.03%,64.58%,0.051505551784493786,-0.04352260520278617,2.50,5.20%,0.25%,140.60,37,64.86%,0.98%,1.10%,-3.52%,4.33%,False
conf_2m_cdi_30_30_30_10,2,8,30.00%,30.00%,30.00%,10.00%,25.00%,30.00%,0.85%,48,39.12%,38.80%,8.54%,6.20%,1.38,-6.03%,64.58%,0.046512900945293145,-0.04352260520278617,2.29,4.77%,0.23%,138.80,37,62.16%,0.62%,1.10%,-5.19%,4.33%,False
conf_2m_cdi_30_30_30_20,2,8,30.00%,30.00%,30.00%,20.00%,27.50%,30.00%,0.50%,48,37.31%,37.02%,8.19%,6.02%,1.36,-6.03%,64.58%,0.04152069542759018,-0.04352260520278617,2.09,4.35%,0.21%,137.02,37,62.16%,0.25%,1.10%,-6.85%,4.33%,True
conf_2m_cdi_30_30_30_30,2,8,30.00%,30.00%,30.00%,30.00%,30.00%,30.00%,0.14%,48,35.51%,35.25%,7.84%,5.86%,1.34,-6.03%,64.58%,0.03652893371422139,-0.04352260520278617,1.92,4.01%,0.19%,135.25,37,62.16%,-0.11%,1.10%,-8.51%,4.33%,True
conf_2m_cdi_30_30_30_40,2,8,30.00%,30.00%,30.00%,40.00%,32.50%,40.00%,-0.22%,48,33.72%,33.44%,7.48%,5.71%,1.31,-6.03%,64.58%,0.035685571949586326,-0.04352260520278617,2.08,4.33%,0.21%,133.44,37,62.16%,-0.48%,1.10%,-10.18%,4.33%,True
conf_2m_cdi_30_30_30_50,2,8,30.00%,30.00%,30.00%,50.00%,35.00%,50.00%,-0.58%,48,31.95%,31.65%,7.12%,5.59%,1.27,-6.03%,64.58%,0.035685571949586326,-0.04352260520278617,2.27,4.72%,0.23%,131.65,37,62.16%,-0.85%,1.10%,-11.85%,4.33%,False
conf_2m_cdi_30_30_40_00,2,8,30.00%,30.00%,40.00%,0.00%,25.00%,40.00%,1.33%,48,41.68%,41.31%,9.03%,6.36%,1.42,-6.03%,64.58%,0.051505551784493786,-0.04352260520278617,2.66,5.54%,0.27%,141.31,37,70.27%,1.16%,1.38%,-3.52%,4.33%,False
conf_2m_cdi_30_30_40_10,2,8,30.00%,30.00%,40.00%,10.00%,27.50%,40.00%,0.98%,48,39.84%,39.50%,8.68%,6.16%,1.41,-6.03%,64.58%,0.046512900945293145,-0.04352260520278617,2.45,5.11%,0.25%,139.50,37,67.57%,0.79%,1.38%,-5.19%,4.33%,False
conf_2m_cdi_30_30_40_20,2,8,30.00%,30.00%,40.00%,20.00%,30.00%,40.00%,0.63%,48,38.01%,37.70%,8.33%,5.98%,1.39,-6.03%,64.58%,0.04152069542759018,-0.04352260520278617,2.25,4.69%,0.23%,137.70,37,67.57%,0.42%,1.38%,-6.85%,4.33%,False
conf_2m_cdi_30_30_40_30,2,8,30.00%,30.00%,40.00%,30.00%,32.50%,40.00%,0.28%,48,36.20%,35.92%,7.97%,5.82%,1.37,-6.03%,64.58%,0.03652893371422139,-0.04352260520278617,2.09,4.35%,0.21%,135.92,37,67.57%,0.06%,1.38%,-8.51%,4.33%,True
conf_2m_cdi_30_30_40_40,2,8,30.00%,30.00%,40.00%,40.00%,35.00%,40.00%,-0.08%,48,34.41%,34.11%,7.61%,5.68%,1.34,-6.03%,64.58%,0.035685571949586326,-0.04352260520278617,2.24,4.67%,0.22%,134.11,37,67.57%,-0.31%,1.38%,-10.18%,4.33%,False
conf_2m_cdi_30_30_40_50,2,8,30.00%,30.00%,40.00%,50.00%,37.50%,50.00%,-0.44%,48,32.63%,32.31%,7.25%,5.55%,1.31,-6.03%,64.58%,0.035685571949586326,-0.04352260520278617,2.43,5.06%,0.24%,132.31,37,67.57%,-0.68%,1.38%,-11.85%,4.33%,False
conf_2m_cdi_30_30_50_00,2,8,30.00%,30.00%,50.00%,0.00%,27.50%,50.00%,1.47%,48,42.41%,42.01%,9.16%,6.33%,1.45,-6.03%,64.58%,0.051505551784493786,-0.04352260520278617,2.85,5.94%,0.29%,142.01,37,70.27%,1.33%,1.78%,-3.52%,4.33%,False
conf_2m_cdi_30_30_50_10,2,8,30.00%,30.00%,50.00%,10.00%,30.00%,50.00%,1.12%,48,40.56%,40.19%,8.81%,6.14%,1.44,-6.03%,64.58%,0.046512900945293145,-0.04352260520278617,2.65,5.51%,0.26%,140.19,37,67.57%,0.96%,1.78%,-5.19%,4.33%,False
conf_2m_cdi_30_30_50_20,2,8,30.00%,30.00%,50.00%,20.00%,32.50%,50.00%,0.77%,48,38.72%,38.39%,8.46%,5.95%,1.42,-6.03%,64.58%,0.04152069542759018,-0.04352260520278617,2.44,5.09%,0.24%,138.39,37,67.57%,0.59%,1.78%,-6.85%,4.33%,False
conf_2m_cdi_30_30_50_30,2,8,30.00%,30.00%,50.00%,30.00%,35.00%,50.00%,0.41%,48,36.91%,36.59%,8.11%,5.79%,1.40,-6.03%,64.58%,0.03652893371422139,-0.04352260520278617,2.28,4.75%,0.23%,136.59,37,67.57%,0.23%,1.78%,-8.51%,4.33%,False
conf_2m_cdi_30_30_50_40,2,8,30.00%,30.00%,50.00%,40.00%,37.50%,50.00%,0.05%,48,35.10%,34.77%,7.75%,5.65%,1.37,-6.03%,64.58%,0.035685571949586326,-0.04352260520278617,2.43,5.06%,0.24%,134.77,37,67.57%,-0.14%,1.78%,-10.18%,4.33%,False
conf_2m_cdi_30_30_50_50,2,8,30.00%,30.00%,50.00%,50.00%,40.00%,50.00%,-0.31%,48,33.32%,32.97%,7.38%,5.52%,1.34,-6.03%,64.58%,0.035685571949586326,-0.04352260520278617,2.62,5.46%,0.26%,132.97,37,67.57%,-0.51%,1.78%,-11.85%,4.33%,False
conf_2m_cdi_30_40_00_00,2,8,30.00%,40.00%,0.00%,0.00%,17.50%,40.00%,0.18%,48,35.91%,35.40%,7.87%,6.30%,1.25,-6.03%,66.67%,0.051505551784493786,-0.04352260520278617,3.74,7.79%,0.37%,135.40,37,48.65%,-0.16%,-0.11%,-5.66%,4.48%,False
conf_2m_cdi_30_40_00_10,2,8,30.00%,40.00%,0.00%,10.00%,20.00%,40.00%,-0.17%,48,34.14%,33.67%,7.52%,6.10%,1.23,-6.03%,66.67%,0.046512900945293145,-0.04352260520278617,3.54,7.37%,0.35%,133.67,37,48.65%,-0.52%,-0.11%,-7.31%,4.48%,False
conf_2m_cdi_30_40_00_20,2,8,30.00%,40.00%,0.00%,20.00%,22.50%,40.00%,-0.52%,48,32.39%,31.95%,7.18%,5.91%,1.21,-6.03%,66.67%,0.04152069542759018,-0.04352260520278617,3.33,6.94%,0.33%,131.95,37,48.65%,-0.88%,-0.11%,-8.94%,4.48%,False
conf_2m_cdi_30_40_00_30,2,8,30.00%,40.00%,0.00%,30.00%,25.00%,40.00%,-0.87%,48,30.65%,30.25%,6.83%,5.74%,1.19,-6.03%,66.67%,0.03652893371422139,-0.04352260520278617,3.12,6.51%,0.31%,130.25,37,48.65%,-1.24%,-0.11%,-10.56%,4.48%,False
conf_2m_cdi_30_40_00_40,2,8,30.00%,40.00%,0.00%,40.00%,27.50%,40.00%,-1.21%,48,28.93%,28.55%,6.48%,5.59%,1.16,-6.03%,66.67%,0.03153747705339782,-0.04352260520278617,2.96,6.16%,0.30%,128.55,37,48.65%,-1.59%,-0.11%,-12.17%,4.48%,False
conf_2m_cdi_30_40_00_50,2,8,30.00%,40.00%,0.00%,50.00%,30.00%,50.00%,-1.57%,48,27.23%,26.83%,6.12%,5.46%,1.12,-6.03%,66.67%,0.030939361370107887,-0.04352260520278617,3.11,6.48%,0.31%,126.83,37,48.65%,-1.96%,-0.11%,-13.81%,4.48%,False
conf_2m_cdi_30_40_10_00,2,8,30.00%,40.00%,10.00%,0.00%,20.00%,40.00%,0.32%,48,36.61%,36.13%,8.02%,6.25%,1.28,-6.03%,66.67%,0.051505551784493786,-0.04352260520278617,3.53,7.36%,0.35%,136.13,37,51.35%,0.03%,0.21%,-5.66%,4.48%,False
conf_2m_cdi_30_40_10_10,2,8,30.00%,40.00%,10.00%,10.00%,22.50%,40.00%,-0.03%,48,34.84%,34.39%,7.67%,6.05%,1.27,-6.03%,66.67%,0.046512900945293145,-0.04352260520278617,3.33,6.93%,0.33%,134.39,37,51.35%,-0.34%,0.21%,-7.31%,4.48%,False
conf_2m_cdi_30_40_10_20,2,8,30.00%,40.00%,10.00%,20.00%,25.00%,40.00%,-0.37%,48,33.08%,32.66%,7.32%,5.86%,1.25,-6.03%,66.67%,0.04152069542759018,-0.04352260520278617,3.12,6.50%,0.31%,132.66,37,51.35%,-0.70%,0.21%,-8.94%,4.48%,False
conf_2m_cdi_30_40_10_30,2,8,30.00%,40.00%,10.00%,30.00%,27.50%,40.00%,-0.72%,48,31.33%,30.95%,6.97%,5.69%,1.23,-6.03%,66.67%,0.03652893371422139,-0.04352260520278617,2.91,6.07%,0.29%,130.95,37,51.35%,-1.06%,0.21%,-10.56%,4.48%,False
conf_2m_cdi_30_40_10_40,2,8,30.00%,40.00%,10.00%,40.00%,30.00%,40.00%,-1.07%,48,29.60%,29.25%,6.62%,5.54%,1.20,-6.03%,66.67%,0.03153747705339782,-0.04352260520278617,2.75,5.73%,0.27%,129.25,37,51.35%,-1.41%,0.21%,-12.17%,4.48%,False
conf_2m_cdi_30_40_10_50,2,8,30.00%,40.00%,10.00%,50.00%,32.50%,50.00%,-1.43%,48,27.89%,27.52%,6.27%,5.41%,1.16,-6.03%,66.67%,0.030939361370107887,-0.04352260520278617,2.90,6.05%,0.29%,127.52,37,51.35%,-1.77%,0.21%,-13.81%,4.48%,False
conf_2m_cdi_30_40_20_00,2,8,30.00%,40.00%,20.00%,0.00%,22.50%,40.00%,0.47%,48,37.32%,36.87%,8.16%,6.21%,1.31,-6.03%,66.67%,0.051505551784493786,-0.04352260520278617,3.32,6.92%,0.33%,136.87,37,54.05%,0.21%,0.54%,-5.66%,4.48%,False
conf_2m_cdi_30_40_20_10,2,8,30.00%,40.00%,20.00%,10.00%,25.00%,40.00%,0.12%,48,35.54%,35.11%,7.81%,6.00%,1.30,-6.03%,66.67%,0.046512900945293145,-0.04352260520278617,3.12,6.50%,0.31%,135.11,37,54.05%,-0.15%,0.54%,-7.31%,4.48%,False
conf_2m_cdi_30_40_20_20,2,8,30.00%,40.00%,20.00%,20.00%,27.50%,40.00%,-0.23%,48,33.77%,33.38%,7.47%,5.81%,1.28,-6.03%,66.67%,0.04152069542759018,-0.04352260520278617,2.91,6.07%,0.29%,133.38,37,54.05%,-0.51%,0.54%,-8.94%,4.48%,False
conf_2m_cdi_30_40_20_30,2,8,30.00%,40.00%,20.00%,30.00%,30.00%,40.00%,-0.58%,48,32.01%,31.66%,7.12%,5.64%,1.26,-6.03%,66.67%,0.03652893371422139,-0.04352260520278617,2.71,5.64%,0.27%,131.66,37,54.05%,-0.87%,0.54%,-10.56%,4.48%,False
conf_2m_cdi_30_40_20_40,2,8,30.00%,40.00%,20.00%,40.00%,32.50%,40.00%,-0.93%,48,30.27%,29.94%,6.77%,5.49%,1.23,-6.03%,66.67%,0.03153747705339782,-0.04352260520278617,2.54,5.29%,0.25%,129.94,37,54.05%,-1.23%,0.54%,-12.17%,4.48%,False
conf_2m_cdi_30_40_20_50,2,8,30.00%,40.00%,20.00%,50.00%,35.00%,50.00%,-1.29%,48,28.55%,28.20%,6.41%,5.36%,1.20,-6.03%,66.67%,0.030939361370107887,-0.04352260520278617,2.70,5.62%,0.27%,128.20,37,54.05%,-1.59%,0.54%,-13.81%,4.48%,False
conf_2m_cdi_30_40_30_00,2,8,30.00%,40.00%,30.00%,0.00%,25.00%,40.00%,0.61%,48,38.03%,37.60%,8.31%,6.17%,1.35,-6.03%,68.75%,0.051505551784493786,-0.04352260520278617,3.12,6.49%,0.31%,137.60,37,56.76%,0.39%,0.86%,-5.66%,4.48%,False
conf_2m_cdi_30_40_30_10,2,8,30.00%,40.00%,30.00%,10.00%,27.50%,40.00%,0.26%,48,36.24%,35.84%,7.96%,5.96%,1.33,-6.03%,68.75%,0.046512900945293145,-0.04352260520278617,2.91,6.07%,0.29%,135.84,37,56.76%,0.03%,0.86%,-7.31%,4.48%,False
conf_2m_cdi_30_40_30_20,2,8,30.00%,40.00%,30.00%,20.00%,30.00%,40.00%,-0.09%,48,34.46%,34.09%,7.61%,5.77%,1.32,-6.03%,68.75%,0.04152069542759018,-0.04352260520278617,2.71,5.64%,0.27%,134.09,37,56.76%,-0.33%,0.86%,-8.94%,4.48%,False
conf_2m_cdi_30_40_30_30,2,8,30.00%,40.00%,30.00%,30.00%,32.50%,40.00%,-0.43%,48,32.69%,32.36%,7.26%,5.60%,1.30,-6.03%,68.75%,0.03652893371422139,-0.04352260520278617,2.50,5.21%,0.25%,132.36,37,56.76%,-0.69%,0.86%,-10.56%,4.48%,False
conf_2m_cdi_30_40_30_40,2,8,30.00%,40.00%,30.00%,40.00%,35.00%,40.00%,-0.79%,48,30.95%,30.64%,6.91%,5.45%,1.27,-6.03%,68.75%,0.03153747705339782,-0.04352260520278617,2.33,4.86%,0.23%,130.64,37,56.76%,-1.05%,0.86%,-12.17%,4.48%,False
conf_2m_cdi_30_40_30_50,2,8,30.00%,40.00%,30.00%,50.00%,37.50%,50.00%,-1.14%,48,29.22%,28.89%,6.55%,5.32%,1.23,-6.03%,68.75%,0.030939361370107887,-0.04352260520278617,2.49,5.19%,0.25%,128.89,37,56.76%,-1.41%,0.86%,-13.81%,4.48%,False
conf_2m_cdi_30_40_40_00,2,8,30.00%,40.00%,40.00%,0.00%,27.50%,40.00%,0.76%,48,38.74%,38.34%,8.45%,6.14%,1.38,-6.03%,68.75%,0.051505551784493786,-0.04352260520278617,2.94,6.12%,0.29%,138.34,37,62.16%,0.58%,1.12%,-5.66%,4.48%,False
conf_2m_cdi_30_40_40_10,2,8,30.00%,40.00%,40.00%,10.00%,30.00%,40.00%,0.41%,48,36.94%,36.56%,8.10%,5.93%,1.37,-6.03%,68.75%,0.046512900945293145,-0.04352260520278617,2.73,5.69%,0.27%,136.56,37,62.16%,0.21%,1.12%,-7.31%,4.48%,False
conf_2m_cdi_30_40_40_20,2,8,30.00%,40.00%,40.00%,20.00%,32.50%,40.00%,0.06%,48,35.15%,34.81%,7.75%,5.74%,1.35,-6.03%,68.75%,0.04152069542759018,-0.04352260520278617,2.53,5.26%,0.25%,134.81,37,62.16%,-0.15%,1.12%,-8.94%,4.48%,False
conf_2m_cdi_30_40_40_30,2,8,30.00%,40.00%,40.00%,30.00%,35.00%,40.00%,-0.29%,48,33.38%,33.07%,7.40%,5.57%,1.33,-6.03%,68.75%,0.03652893371422139,-0.04352260520278617,2.32,4.83%,0.23%,133.07,37,62.16%,-0.51%,1.12%,-10.56%,4.48%,False
conf_2m_cdi_30_40_40_40,2,8,30.00%,40.00%,40.00%,40.00%,37.50%,40.00%,-0.64%,48,31.62%,31.34%,7.05%,5.41%,1.30,-6.03%,68.75%,0.03153747705339782,-0.04352260520278617,2.15,4.49%,0.22%,131.34,37,62.16%,-0.86%,1.12%,-12.17%,4.48%,True
conf_2m_cdi_30_40_40_50,2,8,30.00%,40.00%,40.00%,50.00%,40.00%,50.00%,-1.00%,48,29.88%,29.58%,6.69%,5.28%,1.27,-6.03%,68.75%,0.030939361370107887,-0.04352260520278617,2.31,4.81%,0.23%,129.58,37,62.16%,-1.23%,1.12%,-13.81%,4.48%,False
conf_2m_cdi_30_40_50_00,2,8,30.00%,40.00%,50.00%,0.00%,30.00%,50.00%,0.89%,48,39.46%,39.02%,8.59%,6.11%,1.41,-6.03%,68.75%,0.051505551784493786,-0.04352260520278617,3.10,6.47%,0.31%,139.02,37,67.57%,0.75%,1.49%,-5.66%,4.48%,False
conf_2m_cdi_30_40_50_10,2,8,30.00%,40.00%,50.00%,10.00%,32.50%,50.00%,0.54%,48,37.64%,37.24%,8.24%,5.90%,1.40,-6.03%,68.75%,0.046512900945293145,-0.04352260520278617,2.90,6.04%,0.29%,137.24,37,67.57%,0.38%,1.49%,-7.31%,4.48%,False
conf_2m_cdi_30_40_50_20,2,8,30.00%,40.00%,50.00%,20.00%,35.00%,50.00%,0.19%,48,35.85%,35.48%,7.89%,5.71%,1.38,-6.03%,68.75%,0.04152069542759018,-0.04352260520278617,2.69,5.61%,0.27%,135.48,37,67.57%,0.02%,1.49%,-8.94%,4.48%,False
conf_2m_cdi_30_40_50_30,2,8,30.00%,40.00%,50.00%,30.00%,37.50%,50.00%,-0.16%,48,34.06%,33.73%,7.54%,5.54%,1.36,-6.03%,68.75%,0.03652893371422139,-0.04352260520278617,2.49,5.18%,0.25%,133.73,37,67.57%,-0.33%,1.49%,-10.56%,4.48%,False
conf_2m_cdi_30_40_50_40,2,8,30.00%,40.00%,50.00%,40.00%,40.00%,50.00%,-0.51%,48,32.30%,31.99%,7.19%,5.38%,1.33,-6.03%,68.75%,0.03153747705339782,-0.04352260520278617,2.32,4.83%,0.23%,131.99,37,67.57%,-0.69%,1.49%,-12.17%,4.48%,False
conf_2m_cdi_30_40_50_50,2,8,30.00%,40.00%,50.00%,50.00%,42.50%,50.00%,-0.87%,48,30.55%,30.23%,6.83%,5.25%,1.30,-6.03%,68.75%,0.030939361370107887,-0.04352260520278617,2.48,5.16%,0.25%,130.23,37,67.57%,-1.05%,1.49%,-13.81%,4.48%,False
conf_2m_cdi_30_50_00_00,2,8,30.00%,50.00%,0.00%,0.00%,20.00%,50.00%,-0.41%,48,33.08%,32.48%,7.28%,6.11%,1.19,-6.03%,68.75%,0.051505551784493786,-0.04352260520278617,4.49,9.35%,0.45%,132.48,37,45.95%,-0.74%,-0.48%,-7.77%,4.63%,False
conf_2m_cdi_30_50_00_10,2,8,30.00%,50.00%,0.00%,10.00%,22.50%,50.00%,-0.76%,48,31.34%,30.78%,6.94%,5.89%,1.18,-6.03%,68.75%,0.046512900945293145,-0.04352260520278617,4.28,8.92%,0.43%,130.78,37,45.95%,-1.10%,-0.48%,-9.40%,4.63%,False
conf_2m_cdi_30_50_00_20,2,8,30.00%,50.00%,0.00%,20.00%,25.00%,50.00%,-1.10%,48,29.63%,29.10%,6.59%,5.70%,1.16,-6.03%,68.75%,0.04152069542759018,-0.04352260520278617,4.08,8.50%,0.41%,129.10,37,45.95%,-1.46%,-0.48%,-11.00%,4.63%,False
conf_2m_cdi_30_50_00_30,2,8,30.00%,50.00%,0.00%,30.00%,27.50%,50.00%,-1.45%,48,27.93%,27.44%,6.25%,5.52%,1.13,-6.03%,68.75%,0.03652893371422139,-0.04352260520278617,3.87,8.06%,0.39%,127.44,37,45.95%,-1.81%,-0.48%,-12.60%,4.63%,False
conf_2m_cdi_30_50_00_40,2,8,30.00%,50.00%,0.00%,40.00%,30.00%,50.00%,-1.79%,48,26.25%,25.78%,5.90%,5.36%,1.10,-6.03%,68.75%,0.03153747705339782,-0.04352260520278617,3.66,7.63%,0.37%,125.78,37,45.95%,-2.16%,-0.48%,-14.18%,4.63%,False
conf_2m_cdi_30_50_00_50,2,8,30.00%,50.00%,0.00%,50.00%,32.50%,50.00%,-2.14%,48,24.58%,24.14%,5.56%,5.22%,1.06,-6.03%,68.75%,0.02654646248898973,-0.04352260520278617,3.49,7.27%,0.35%,124.14,37,45.95%,-2.51%,-0.48%,-15.75%,4.63%,False
conf_2m_cdi_30_50_10_00,2,8,30.00%,50.00%,10.00%,0.00%,22.50%,50.00%,-0.27%,48,33.77%,33.19%,7.43%,6.06%,1.23,-6.03%,68.75%,0.051505551784493786,-0.04352260520278617,4.28,8.92%,0.43%,133.19,37,48.65%,-0.56%,-0.16%,-7.77%,4.63%,False
conf_2m_cdi_30_50_10_10,2,8,30.00%,50.00%,10.00%,10.00%,25.00%,50.00%,-0.61%,48,32.03%,31.49%,7.08%,5.85%,1.21,-6.03%,68.75%,0.046512900945293145,-0.04352260520278617,4.07,8.49%,0.41%,131.49,37,48.65%,-0.92%,-0.16%,-9.40%,4.63%,False
conf_2m_cdi_30_50_10_20,2,8,30.00%,50.00%,10.00%,20.00%,27.50%,50.00%,-0.96%,48,30.30%,29.80%,6.74%,5.65%,1.19,-6.03%,68.75%,0.04152069542759018,-0.04352260520278617,3.87,8.06%,0.39%,129.80,37,48.65%,-1.28%,-0.16%,-11.00%,4.63%,False
conf_2m_cdi_30_50_10_30,2,8,30.00%,50.00%,10.00%,30.00%,30.00%,50.00%,-1.30%,48,28.59%,28.12%,6.39%,5.47%,1.17,-6.03%,68.75%,0.03652893371422139,-0.04352260520278617,3.66,7.63%,0.37%,128.12,37,48.65%,-1.63%,-0.16%,-12.60%,4.63%,False
conf_2m_cdi_30_50_10_40,2,8,30.00%,50.00%,10.00%,40.00%,32.50%,50.00%,-1.65%,48,26.90%,26.46%,6.05%,5.31%,1.14,-6.03%,68.75%,0.03153747705339782,-0.04352260520278617,3.45,7.20%,0.35%,126.46,37,48.65%,-1.98%,-0.16%,-14.18%,4.63%,False
conf_2m_cdi_30_50_10_50,2,8,30.00%,50.00%,10.00%,50.00%,35.00%,50.00%,-2.00%,48,25.22%,24.81%,5.70%,5.17%,1.10,-6.03%,68.75%,0.02654646248898973,-0.04352260520278617,3.28,6.84%,0.33%,124.81,37,48.65%,-2.33%,-0.16%,-15.75%,4.63%,False
conf_2m_cdi_30_50_20_00,2,8,30.00%,50.00%,20.00%,0.00%,25.00%,50.00%,-0.12%,48,34.46%,33.91%,7.57%,6.02%,1.26,-6.03%,68.75%,0.051505551784493786,-0.04352260520278617,4.07,8.48%,0.41%,133.91,37,51.35%,-0.38%,0.17%,-7.77%,4.63%,False
conf_2m_cdi_30_50_20_10,2,8,30.00%,50.00%,20.00%,10.00%,27.50%,50.00%,-0.47%,48,32.71%,32.20%,7.23%,5.80%,1.25,-6.03%,68.75%,0.046512900945293145,-0.04352260520278617,3.87,8.05%,0.39%,132.20,37,51.35%,-0.74%,0.17%,-9.40%,4.63%,False
conf_2m_cdi_30_50_20_20,2,8,30.00%,50.00%,20.00%,20.00%,30.00%,50.00%,-0.81%,48,30.98%,30.50%,6.88%,5.60%,1.23,-6.03%,68.75%,0.04152069542759018,-0.04352260520278617,3.66,7.63%,0.37%,130.50,37,51.35%,-1.09%,0.17%,-11.00%,4.63%,False
conf_2m_cdi_30_50_20_30,2,8,30.00%,50.00%,20.00%,30.00%,32.50%,50.00%,-1.16%,48,29.26%,28.81%,6.53%,5.42%,1.21,-6.03%,68.75%,0.03652893371422139,-0.04352260520278617,3.45,7.19%,0.35%,128.81,37,51.35%,-1.45%,0.17%,-12.60%,4.63%,False
conf_2m_cdi_30_50_20_40,2,8,30.00%,50.00%,20.00%,40.00%,35.00%,50.00%,-1.51%,48,27.56%,27.14%,6.19%,5.26%,1.18,-6.03%,68.75%,0.03153747705339782,-0.04352260520278617,3.25,6.76%,0.32%,127.14,37,51.35%,-1.80%,0.17%,-14.18%,4.63%,False
conf_2m_cdi_30_50_20_50,2,8,30.00%,50.00%,20.00%,50.00%,37.50%,50.00%,-1.86%,48,25.87%,25.49%,5.84%,5.12%,1.14,-6.03%,68.75%,0.02654646248898973,-0.04352260520278617,3.07,6.40%,0.31%,125.49,37,51.35%,-2.15%,0.17%,-15.75%,4.63%,False
conf_2m_cdi_30_50_30_00,2,8,30.00%,50.00%,30.00%,0.00%,27.50%,50.00%,0.02%,48,35.15%,34.63%,7.72%,5.98%,1.29,-6.03%,70.83%,0.051505551784493786,-0.04352260520278617,3.86,8.05%,0.39%,134.63,37,56.76%,-0.20%,0.49%,-7.77%,4.63%,False
conf_2m_cdi_30_50_30_10,2,8,30.00%,50.00%,30.00%,10.00%,30.00%,50.00%,-0.32%,48,33.40%,32.91%,7.37%,5.76%,1.28,-6.03%,70.83%,0.046512900945293145,-0.04352260520278617,3.66,7.62%,0.37%,132.91,37,56.76%,-0.56%,0.49%,-9.40%,4.63%,False
conf_2m_cdi_30_50_30_20,2,8,30.00%,50.00%,30.00%,20.00%,32.50%,50.00%,-0.67%,48,31.65%,31.20%,7.02%,5.56%,1.26,-6.03%,70.83%,0.04152069542759018,-0.04352260520278617,3.45,7.19%,0.35%,131.20,37,56.76%,-0.91%,0.49%,-11.00%,4.63%,False
conf_2m_cdi_30_50_30_30,2,8,30.00%,50.00%,30.00%,30.00%,35.00%,50.00%,-1.02%,48,29.93%,29.51%,6.68%,5.38%,1.24,-6.03%,70.83%,0.03652893371422139,-0.04352260520278617,3.24,6.76%,0.32%,129.51,37,56.76%,-1.26%,0.49%,-12.60%,4.63%,False
conf_2m_cdi_30_50_30_40,2,8,30.00%,50.00%,30.00%,40.00%,37.50%,50.00%,-1.37%,48,28.22%,27.83%,6.33%,5.22%,1.21,-6.03%,70.83%,0.03153747705339782,-0.04352260520278617,3.04,6.33%,0.30%,127.83,37,56.76%,-1.61%,0.49%,-14.18%,4.63%,False
conf_2m_cdi_30_50_30_50,2,8,30.00%,50.00%,30.00%,50.00%,40.00%,50.00%,-1.71%,48,26.52%,26.16%,5.98%,5.08%,1.18,-6.03%,70.83%,0.02654646248898973,-0.04352260520278617,2.86,5.97%,0.29%,126.16,37,56.76%,-1.96%,0.49%,-15.75%,4.63%,False
conf_2m_cdi_30_50_40_00,2,8,30.00%,50.00%,40.00%,0.00%,30.00%,50.00%,0.17%,48,35.85%,35.35%,7.86%,5.94%,1.32,-6.03%,70.83%,0.051505551784493786,-0.04352260520278617,3.65,7.61%,0.37%,135.35,37,56.76%,-0.01%,0.82%,-7.77%,4.63%,False
conf_2m_cdi_30_50_40_10,2,8,30.00%,50.00%,40.00%,10.00%,32.50%,50.00%,-0.18%,48,34.08%,33.62%,7.52%,5.73%,1.31,-6.03%,70.83%,0.046512900945293145,-0.04352260520278617,3.45,7.18%,0.34%,133.62,37,56.76%,-0.37%,0.82%,-9.40%,4.63%,False
conf_2m_cdi_30_50_40_20,2,8,30.00%,50.00%,40.00%,20.00%,35.00%,50.00%,-0.53%,48,32.33%,31.90%,7.17%,5.52%,1.30,-6.03%,70.83%,0.04152069542759018,-0.04352260520278617,3.24,6.76%,0.32%,131.90,37,56.76%,-0.73%,0.82%,-11.00%,4.63%,False
conf_2m_cdi_30_50_40_30,2,8,30.00%,50.00%,40.00%,30.00%,37.50%,50.00%,-0.87%,48,30.60%,30.20%,6.82%,5.34%,1.28,-6.03%,70.83%,0.03652893371422139,-0.04352260520278617,3.04,6.33%,0.30%,130.20,37,56.76%,-1.08%,0.82%,-12.60%,4.63%,False
conf_2m_cdi_30_50_40_40,2,8,30.00%,50.00%,40.00%,40.00%,40.00%,50.00%,-1.22%,48,28.88%,28.51%,6.47%,5.18%,1.25,-6.03%,70.83%,0.03153747705339782,-0.04352260520278617,2.83,5.89%,0.28%,128.51,37,56.76%,-1.43%,0.82%,-14.18%,4.63%,False
conf_2m_cdi_30_50_40_50,2,8,30.00%,50.00%,40.00%,50.00%,42.50%,50.00%,-1.57%,48,27.17%,26.84%,6.12%,5.04%,1.21,-6.03%,70.83%,0.02654646248898973,-0.04352260520278617,2.66,5.53%,0.27%,126.84,37,56.76%,-1.78%,0.82%,-15.75%,4.63%,False
conf_2m_cdi_30_50_50_00,2,8,30.00%,50.00%,50.00%,0.00%,32.50%,50.00%,0.31%,48,36.55%,36.08%,8.01%,5.91%,1.35,-6.03%,70.83%,0.051505551784493786,-0.04352260520278617,3.47,7.23%,0.35%,136.08,37,62.16%,0.17%,1.13%,-7.77%,4.63%,False
conf_2m_cdi_30_50_50_10,2,8,30.00%,50.00%,50.00%,10.00%,35.00%,50.00%,-0.04%,48,34.77%,34.33%,7.66%,5.69%,1.34,-6.03%,70.83%,0.046512900945293145,-0.04352260520278617,3.27,6.81%,0.33%,134.33,37,62.16%,-0.19%,1.13%,-9.40%,4.63%,False
conf_2m_cdi_30_50_50_20,2,8,30.00%,50.00%,50.00%,20.00%,37.50%,50.00%,-0.39%,48,33.01%,32.61%,7.31%,5.49%,1.33,-6.03%,70.83%,0.04152069542759018,-0.04352260520278617,3.06,6.38%,0.31%,132.61,37,62.16%,-0.55%,1.13%,-11.00%,4.63%,False
conf_2m_cdi_30_50_50_30,2,8,30.00%,50.00%,50.00%,30.00%,40.00%,50.00%,-0.73%,48,31.27%,30.90%,6.96%,5.31%,1.31,-6.03%,70.83%,0.03652893371422139,-0.04352260520278617,2.85,5.95%,0.29%,130.90,37,62.16%,-0.90%,1.13%,-12.60%,4.63%,False
conf_2m_cdi_30_50_50_40,2,8,30.00%,50.00%,50.00%,40.00%,42.50%,50.00%,-1.08%,48,29.54%,29.20%,6.61%,5.15%,1.28,-6.03%,70.83%,0.03153747705339782,-0.04352260520278617,2.65,5.51%,0.26%,129.20,37,62.16%,-1.25%,1.13%,-14.18%,4.63%,False
conf_2m_cdi_30_50_50_50,2,8,30.00%,50.00%,50.00%,50.00%,45.00%,50.00%,-1.43%,48,27.83%,27.51%,6.26%,5.01%,1.25,-6.03%,70.83%,0.02654646248898973,-0.04352260520278617,2.47,5.15%,0.25%,127.51,37,62.16%,-1.60%,1.13%,-15.75%,4.63%,False
conf_2m_cdi_40_00_00_00,2,8,40.00%,0.00%,0.00%,0.00%,10.00%,40.00%,3.31%,48,52.35%,51.82%,11.00%,6.99%,1.57,-5.05%,62.50%,0.051505551784493786,-0.036822499549372445,3.50,7.29%,0.35%,151.82,37,94.59%,2.88%,2.58%,-0.05%,6.67%,False
conf_2m_cdi_40_00_00_10,2,8,40.00%,0.00%,0.00%,10.00%,12.50%,40.00%,2.94%,48,50.37%,49.82%,10.64%,6.81%,1.56,-5.05%,62.50%,0.04940555101623412,-0.036822499549372445,3.65,7.60%,0.36%,149.82,37,94.59%,2.48%,1.77%,-0.05%,5.59%,False
conf_2m_cdi_40_00_00_20,2,8,40.00%,0.00%,0.00%,20.00%,15.00%,40.00%,2.57%,48,48.40%,47.84%,10.27%,6.65%,1.54,-5.05%,62.50%,0.04940555101623412,-0.036822499549372445,3.83,7.98%,0.38%,147.84,37,75.68%,2.09%,1.77%,-1.13%,5.59%,False
conf_2m_cdi_40_00_00_30,2,8,40.00%,0.00%,0.00%,30.00%,17.50%,40.00%,2.20%,48,46.46%,45.87%,9.90%,6.51%,1.52,-5.05%,62.50%,0.04940555101623412,-0.036822499549372445,4.02,8.38%,0.40%,145.87,37,75.68%,1.70%,1.67%,-2.80%,5.59%,False
conf_2m_cdi_40_00_00_40,2,8,40.00%,0.00%,0.00%,40.00%,20.00%,40.00%,1.83%,48,44.53%,43.92%,9.53%,6.39%,1.49,-5.05%,62.50%,0.04940555101623412,-0.036822499549372445,4.21,8.78%,0.42%,143.92,37,70.27%,1.31%,1.52%,-4.46%,5.59%,False
conf_2m_cdi_40_00_00_50,2,8,40.00%,0.00%,0.00%,50.00%,22.50%,50.00%,1.47%,48,42.62%,41.99%,9.16%,6.29%,1.46,-5.05%,62.50%,0.04940555101623412,-0.036822499549372445,4.40,9.18%,0.44%,141.99,37,64.86%,0.93%,1.52%,-6.10%,5.59%,False
conf_2m_cdi_40_00_10_00,2,8,40.00%,0.00%,10.00%,0.00%,12.50%,40.00%,3.45%,48,53.14%,52.58%,11.14%,6.94%,1.60,-5.05%,62.50%,0.051505551784493786,-0.036822499549372445,3.65,7.61%,0.37%,152.58,37,100.00%,3.05%,2.63%,0.48%,6.67%,False
conf_2m_cdi_40_00_10_10,2,8,40.00%,0.00%,10.00%,10.00%,15.00%,40.00%,3.08%,48,51.15%,50.58%,10.77%,6.77%,1.59,-5.05%,62.50%,0.04940555101623412,-0.036822499549372445,3.80,7.91%,0.38%,150.58,37,100.00%,2.66%,2.03%,0.48%,5.59%,False
conf_2m_cdi_40_00_10_20,2,8,40.00%,0.00%,10.00%,20.00%,17.50%,40.00%,2.71%,48,49.17%,48.58%,10.41%,6.61%,1.58,-5.05%,62.50%,0.04940555101623412,-0.036822499549372445,3.98,8.30%,0.40%,148.58,37,86.49%,2.26%,2.03%,-1.13%,5.59%,False
conf_2m_cdi_40_00_10_30,2,8,40.00%,0.00%,10.00%,30.00%,20.00%,40.00%,2.34%,48,47.22%,46.61%,10.04%,6.46%,1.55,-5.05%,62.50%,0.04940555101623412,-0.036822499549372445,4.17,8.70%,0.42%,146.61,37,81.08%,1.87%,1.76%,-2.80%,5.59%,False
conf_2m_cdi_40_00_10_40,2,8,40.00%,0.00%,10.00%,40.00%,22.50%,40.00%,1.97%,48,45.28%,44.65%,9.67%,6.34%,1.52,-5.05%,62.50%,0.04940555101623412,-0.036822499549372445,4.37,9.09%,0.44%,144.65,37,75.68%,1.49%,1.76%,-4.46%,5.59%,False
conf_2m_cdi_40_00_10_50,2,8,40.00%,0.00%,10.00%,50.00%,25.00%,50.00%,1.60%,48,43.36%,42.71%,9.30%,6.24%,1.49,-5.05%,62.50%,0.04940555101623412,-0.036822499549372445,4.56,9.49%,0.46%,142.71,37,72.97%,1.10%,1.76%,-6.10%,5.59%,False
conf_2m_cdi_40_00_20_00,2,8,40.00%,0.00%,20.00%,0.00%,15.00%,40.00%,3.58%,48,53.93%,53.34%,11.28%,6.90%,1.63,-5.05%,62.50%,0.051505551784493786,-0.036822499549372445,3.85,8.01%,0.38%,153.34,37,100.00%,3.23%,2.93%,1.01%,6.67%,False
conf_2m_cdi_40_00_20_10,2,8,40.00%,0.00%,20.00%,10.00%,17.50%,40.00%,3.22%,48,51.93%,51.33%,10.91%,6.72%,1.62,-5.05%,62.50%,0.04940555101623412,-0.036822499549372445,3.99,8.31%,0.40%,151.33,37,100.00%,2.83%,2.39%,0.56%,5.59%,False
conf_2m_cdi_40_00_20_20,2,8,40.00%,0.00%,20.00%,20.00%,20.00%,40.00%,2.85%,48,49.95%,49.32%,10.54%,6.56%,1.61,-5.05%,62.50%,0.04940555101623412,-0.036822499549372445,4.18,8.70%,0.42%,149.32,37,86.49%,2.44%,2.30%,-1.13%,5.59%,False
conf_2m_cdi_40_00_20_30,2,8,40.00%,0.00%,20.00%,30.00%,22.50%,40.00%,2.48%,48,47.98%,47.34%,10.17%,6.42%,1.58,-5.05%,62.50%,0.04940555101623412,-0.036822499549372445,4.37,9.10%,0.44%,147.34,37,81.08%,2.05%,1.75%,-2.80%,5.59%,False
conf_2m_cdi_40_00_20_40,2,8,40.00%,0.00%,20.00%,40.00%,25.00%,40.00%,2.11%,48,46.03%,45.37%,9.80%,6.30%,1.56,-5.05%,62.50%,0.04940555101623412,-0.036822499549372445,4.56,9.50%,0.46%,145.37,37,75.68%,1.66%,1.75%,-4.46%,5.59%,False
conf_2m_cdi_40_00_20_50,2,8,40.00%,0.00%,20.00%,50.00%,27.50%,50.00%,1.74%,48,44.10%,43.42%,9.43%,6.20%,1.52,-5.05%,62.50%,0.04940555101623412,-0.036822499549372445,4.75,9.89%,0.47%,143.42,37,72.97%,1.27%,1.75%,-6.10%,5.59%,False
conf_2m_cdi_40_00_30_00,2,8,40.00%,0.00%,30.00%,0.00%,17.50%,40.00%,3.72%,48,54.73%,54.10%,11.42%,6.86%,1.66,-5.05%,64.58%,0.051505551784493786,-0.036822499549372445,4.04,8.41%,0.40%,154.10,37,100.00%,3.40%,2.93%,1.54%,6.67%,False
conf_2m_cdi_40_00_30_10,2,8,40.00%,0.00%,30.00%,10.00%,20.00%,40.00%,3.35%,48,52.72%,52.08%,11.05%,6.69%,1.65,-5.05%,64.58%,0.04940555101623412,-0.036822499549372445,4.18,8.72%,0.42%,152.08,37,100.00%,3.01%,2.71%,0.56%,5.59%,False
conf_2m_cdi_40_00_30_20,2,8,40.00%,0.00%,30.00%,20.00%,22.50%,40.00%,2.98%,48,50.72%,50.07%,10.68%,6.53%,1.64,-5.05%,64.58%,0.04940555101623412,-0.036822499549372445,4.37,9.10%,0.44%,150.07,37,86.49%,2.61%,2.69%,-1.13%,5.59%,False
conf_2m_cdi_40_00_30_30,2,8,40.00%,0.00%,30.00%,30.00%,25.00%,40.00%,2.61%,48,48.75%,48.07%,10.31%,6.38%,1.62,-5.05%,64.58%,0.04940555101623412,-0.036822499549372445,4.56,9.50%,0.46%,148.07,37,83.78%,2.22%,2.04%,-2.80%,5.59%,False
conf_2m_cdi_40_00_30_40,2,8,40.00%,0.00%,30.00%,40.00%,27.50%,40.00%,2.24%,48,46.79%,46.09%,9.94%,6.26%,1.59,-5.05%,64.58%,0.04940555101623412,-0.036822499549372445,4.75,9.90%,0.48%,146.09,37,75.68%,1.83%,2.03%,-4.46%,5.59%,False
conf_2m_cdi_40_00_30_50,2,8,40.00%,0.00%,30.00%,50.00%,30.00%,50.00%,1.87%,48,44.85%,44.13%,9.57%,6.16%,1.55,-5.05%,64.58%,0.04940555101623412,-0.036822499549372445,4.94,10.29%,0.49%,144.13,37,72.97%,1.45%,2.02%,-6.10%,5.59%,False
conf_2m_cdi_40_00_40_00,2,8,40.00%,0.00%,40.00%,0.00%,20.00%,40.00%,3.86%,48,55.53%,54.87%,11.56%,6.83%,1.69,-5.05%,64.58%,0.051505551784493786,-0.036822499549372445,4.23,8.81%,0.42%,154.87,37,100.00%,3.58%,3.01%,1.72%,6.67%,False
conf_2m_cdi_40_00_40_10,2,8,40.00%,0.00%,40.00%,10.00%,22.50%,40.00%,3.49%,48,53.50%,52.83%,11.19%,6.65%,1.68,-5.05%,64.58%,0.04940555101623412,-0.036822499549372445,4.38,9.12%,0.44%,152.83,37,100.00%,3.18%,3.01%,0.56%,5.59%,False
conf_2m_cdi_40_00_40_20,2,8,40.00%,0.00%,40.00%,20.00%,25.00%,40.00%,3.12%,48,51.50%,50.81%,10.82%,6.49%,1.67,-5.05%,64.58%,0.04940555101623412,-0.036822499549372445,4.56,9.50%,0.46%,150.81,37,89.19%,2.79%,2.96%,-1.13%,5.59%,False
conf_2m_cdi_40_00_40_30,2,8,40.00%,0.00%,40.00%,30.00%,27.50%,40.00%,2.75%,48,49.51%,48.80%,10.45%,6.35%,1.65,-5.05%,64.58%,0.04940555101623412,-0.036822499549372445,4.75,9.90%,0.48%,148.80,37,83.78%,2.39%,2.31%,-2.80%,5.59%,False
conf_2m_cdi_40_00_40_40,2,8,40.00%,0.00%,40.00%,40.00%,30.00%,40.00%,2.38%,48,47.54%,46.82%,10.08%,6.23%,1.62,-5.05%,64.58%,0.04940555101623412,-0.036822499549372445,4.94,10.30%,0.49%,146.82,37,75.68%,2.01%,2.31%,-4.46%,5.59%,False
conf_2m_cdi_40_00_40_50,2,8,40.00%,0.00%,40.00%,50.00%,32.50%,50.00%,2.01%,48,45.59%,44.85%,9.71%,6.12%,1.58,-5.05%,64.58%,0.04940555101623412,-0.036822499549372445,5.13,10.69%,0.51%,144.85,37,72.97%,1.62%,2.31%,-6.10%,5.59%,False
conf_2m_cdi_40_00_50_00,2,8,40.00%,0.00%,50.00%,0.00%,22.50%,50.00%,4.00%,48,56.33%,55.64%,11.69%,6.80%,1.72,-5.05%,64.58%,0.051505551784493786,-0.036822499549372445,4.42,9.21%,0.44%,155.64,37,100.00%,3.75%,3.32%,1.71%,6.67%,False
conf_2m_cdi_40_00_50_10,2,8,40.00%,0.00%,50.00%,10.00%,25.00%,50.00%,3.63%,48,54.29%,53.59%,11.32%,6.62%,1.71,-5.05%,64.58%,0.04940555101623412,-0.036822499549372445,4.57,9.51%,0.46%,153.59,37,100.00%,3.35%,3.32%,0.56%,5.59%,False
conf_2m_cdi_40_00_50_20,2,8,40.00%,0.00%,50.00%,20.00%,27.50%,50.00%,3.26%,48,52.28%,51.56%,10.95%,6.46%,1.70,-5.05%,64.58%,0.04940555101623412,-0.036822499549372445,4.75,9.90%,0.48%,151.56,37,89.19%,2.96%,3.16%,-1.13%,5.59%,False
conf_2m_cdi_40_00_50_30,2,8,40.00%,0.00%,50.00%,30.00%,30.00%,50.00%,2.89%,48,50.28%,49.54%,10.58%,6.32%,1.68,-5.05%,64.58%,0.04940555101623412,-0.036822499549372445,4.94,10.30%,0.49%,149.54,37,86.49%,2.57%,2.80%,-2.80%,5.59%,False
conf_2m_cdi_40_00_50_40,2,8,40.00%,0.00%,50.00%,40.00%,32.50%,50.00%,2.52%,48,48.30%,47.54%,10.21%,6.19%,1.65,-5.05%,64.58%,0.04940555101623412,-0.036822499549372445,5.13,10.70%,0.51%,147.54,37,78.38%,2.18%,2.80%,-4.46%,5.59%,False
conf_2m_cdi_40_00_50_50,2,8,40.00%,0.00%,50.00%,50.00%,35.00%,50.00%,2.15%,48,46.34%,45.57%,9.84%,6.09%,1.62,-5.05%,64.58%,0.04940555101623412,-0.036822499549372445,5.32,11.09%,0.53%,145.57,37,72.97%,1.80%,2.80%,-6.10%,5.59%,False
conf_2m_cdi_40_10_00_00,2,8,40.00%,10.00%,0.00%,0.00%,12.50%,40.00%,2.74%,48,49.23%,48.72%,10.43%,6.69%,1.56,-5.05%,62.50%,0.051505551784493786,-0.036822499549372445,3.40,7.08%,0.34%,148.72,37,75.68%,2.30%,1.64%,-0.69%,5.78%,False
conf_2m_cdi_40_10_00_10,2,8,40.00%,10.00%,0.00%,10.00%,15.00%,40.00%,2.38%,48,47.29%,46.81%,10.08%,6.50%,1.55,-5.05%,62.50%,0.046512900945293145,-0.036822499549372445,3.24,6.76%,0.32%,146.81,37,59.46%,1.92%,1.64%,-0.94%,5.78%,False
conf_2m_cdi_40_10_00_20,2,8,40.00%,10.00%,0.00%,20.00%,17.50%,40.00%,2.01%,48,45.37%,44.87%,9.71%,6.34%,1.53,-5.05%,62.50%,0.04481264744081459,-0.036822499549372445,3.39,7.06%,0.34%,144.87,37,59.46%,1.53%,1.43%,-2.70%,5.78%,False
conf_2m_cdi_40_10_00_30,2,8,40.00%,10.00%,0.00%,30.00%,20.00%,40.00%,1.65%,48,43.46%,42.95%,9.34%,6.18%,1.51,-5.05%,62.50%,0.04481264744081459,-0.036822499549372445,3.58,7.45%,0.36%,142.95,37,54.05%,1.14%,1.41%,-4.45%,5.78%,False
conf_2m_cdi_40_10_00_40,2,8,40.00%,10.00%,0.00%,40.00%,22.50%,40.00%,1.28%,48,41.57%,41.04%,8.98%,6.05%,1.48,-5.05%,62.50%,0.04481264744081459,-0.036822499549372445,3.77,7.85%,0.38%,141.04,37,51.35%,0.76%,1.41%,-6.19%,5.78%,False
conf_2m_cdi_40_10_00_50,2,8,40.00%,10.00%,0.00%,50.00%,25.00%,50.00%,0.91%,48,39.70%,39.15%,8.61%,5.94%,1.45,-5.05%,62.50%,0.04481264744081459,-0.036822499549372445,3.96,8.25%,0.40%,139.15,37,51.35%,0.38%,1.41%,-7.91%,5.78%,False
conf_2m_cdi_40_10_10_00,2,8,40.00%,10.00%,10.00%,0.00%,15.00%,40.00%,2.88%,48,50.00%,49.52%,10.58%,6.64%,1.59,-5.05%,62.50%,0.051505551784493786,-0.036822499549372445,3.22,6.71%,0.32%,149.52,37,89.19%,2.48%,1.81%,-0.13%,5.78%,False
conf_2m_cdi_40_10_10_10,2,8,40.00%,10.00%,10.00%,10.00%,17.50%,40.00%,2.53%,48,48.05%,47.60%,10.22%,6.46%,1.58,-5.05%,62.50%,0.046512900945293145,-0.036822499549372445,3.06,6.38%,0.31%,147.60,37,70.27%,2.10%,1.81%,-0.94%,5.78%,False
conf_2m_cdi_40_10_10_20,2,8,40.00%,10.00%,10.00%,20.00%,20.00%,40.00%,2.16%,48,46.12%,45.65%,9.86%,6.29%,1.57,-5.05%,62.50%,0.04481264744081459,-0.036822499549372445,3.21,6.69%,0.32%,145.65,37,70.27%,1.72%,1.73%,-2.70%,5.78%,False
conf_2m_cdi_40_10_10_30,2,8,40.00%,10.00%,10.00%,30.00%,22.50%,40.00%,1.79%,48,44.20%,43.72%,9.49%,6.13%,1.55,-5.05%,62.50%,0.04481264744081459,-0.036822499549372445,3.40,7.08%,0.34%,143.72,37,64.86%,1.33%,1.73%,-4.45%,5.78%,False
conf_2m_cdi_40_10_10_40,2,8,40.00%,10.00%,10.00%,40.00%,25.00%,40.00%,1.43%,48,42.31%,41.80%,9.12%,6.00%,1.52,-5.05%,62.50%,0.04481264744081459,-0.036822499549372445,3.59,7.48%,0.36%,141.80,37,62.16%,0.95%,1.73%,-6.19%,5.78%,False
conf_2m_cdi_40_10_10_50,2,8,40.00%,10.00%,10.00%,50.00%,27.50%,50.00%,1.06%,48,40.42%,39.89%,8.76%,5.89%,1.49,-5.05%,62.50%,0.04481264744081459,-0.036822499549372445,3.78,7.87%,0.38%,139.89,37,62.16%,0.57%,1.73%,-7.91%,5.78%,False
conf_2m_cdi_40_10_20_00,2,8,40.00%,10.00%,20.00%,0.00%,17.50%,40.00%,3.02%,48,50.78%,50.27%,10.72%,6.60%,1.62,-5.05%,62.50%,0.051505551784493786,-0.036822499549372445,3.38,7.03%,0.34%,150.27,37,100.00%,2.66%,2.17%,0.34%,5.78%,False
conf_2m_cdi_40_10_20_10,2,8,40.00%,10.00%,20.00%,10.00%,20.00%,40.00%,2.67%,48,48.82%,48.34%,10.36%,6.41%,1.62,-5.05%,62.50%,0.046512900945293145,-0.036822499549372445,3.22,6.70%,0.32%,148.34,37,81.08%,2.28%,2.09%,-0.94%,5.78%,False
conf_2m_cdi_40_10_20_20,2,8,40.00%,10.00%,20.00%,20.00%,22.50%,40.00%,2.30%,48,46.88%,46.38%,10.00%,6.24%,1.60,-5.05%,62.50%,0.04481264744081459,-0.036822499549372445,3.37,7.01%,0.34%,146.38,37,81.08%,1.89%,1.72%,-2.70%,5.78%,False
conf_2m_cdi_40_10_20_30,2,8,40.00%,10.00%,20.00%,30.00%,25.00%,40.00%,1.93%,48,44.95%,44.44%,9.63%,6.09%,1.58,-5.05%,62.50%,0.04481264744081459,-0.036822499549372445,3.55,7.40%,0.36%,144.44,37,72.97%,1.50%,1.72%,-4.45%,5.78%,False
conf_2m_cdi_40_10_20_40,2,8,40.00%,10.00%,20.00%,40.00%,27.50%,40.00%,1.56%,48,43.04%,42.51%,9.26%,5.96%,1.55,-5.05%,62.50%,0.04481264744081459,-0.036822499549372445,3.74,7.80%,0.37%,142.51,37,70.27%,1.12%,1.72%,-6.19%,5.78%,False
conf_2m_cdi_40_10_20_50,2,8,40.00%,10.00%,20.00%,50.00%,30.00%,50.00%,1.20%,48,41.15%,40.60%,8.89%,5.85%,1.52,-5.05%,62.50%,0.04481264744081459,-0.036822499549372445,3.93,8.20%,0.39%,140.60,37,70.27%,0.74%,1.72%,-7.91%,5.78%,False
conf_2m_cdi_40_10_30_00,2,8,40.00%,10.00%,30.00%,0.00%,20.00%,40.00%,3.16%,48,51.56%,51.02%,10.86%,6.56%,1.66,-5.05%,64.58%,0.051505551784493786,-0.036822499549372445,3.57,7.43%,0.36%,151.02,37,100.00%,2.83%,2.53%,0.55%,5.78%,False
conf_2m_cdi_40_10_30_10,2,8,40.00%,10.00%,30.00%,10.00%,22.50%,40.00%,2.80%,48,49.59%,49.08%,10.50%,6.37%,1.65,-5.05%,64.58%,0.046512900945293145,-0.036822499549372445,3.41,7.11%,0.34%,149.08,37,83.78%,2.45%,2.40%,-0.94%,5.78%,False
conf_2m_cdi_40_10_30_20,2,8,40.00%,10.00%,30.00%,20.00%,25.00%,40.00%,2.44%,48,47.64%,47.11%,10.13%,6.20%,1.63,-5.05%,64.58%,0.04481264744081459,-0.036822499549372445,3.56,7.41%,0.36%,147.11,37,81.08%,2.06%,1.71%,-2.70%,5.78%,False
conf_2m_cdi_40_10_30_30,2,8,40.00%,10.00%,30.00%,30.00%,27.50%,40.00%,2.07%,48,45.70%,45.16%,9.76%,6.05%,1.61,-5.05%,64.58%,0.04481264744081459,-0.036822499549372445,3.75,7.80%,0.37%,145.16,37,75.68%,1.68%,1.71%,-4.45%,5.78%,False
conf_2m_cdi_40_10_30_40,2,8,40.00%,10.00%,30.00%,40.00%,30.00%,40.00%,1.70%,48,43.78%,43.22%,9.40%,5.92%,1.59,-5.05%,64.58%,0.04481264744081459,-0.036822499549372445,3.94,8.20%,0.39%,143.22,37,72.97%,1.29%,1.71%,-6.19%,5.78%,False
conf_2m_cdi_40_10_30_50,2,8,40.00%,10.00%,30.00%,50.00%,32.50%,50.00%,1.33%,48,41.88%,41.30%,9.03%,5.81%,1.55,-5.05%,64.58%,0.04481264744081459,-0.036822499549372445,4.13,8.60%,0.41%,141.30,37,70.27%,0.91%,1.71%,-7.91%,5.78%,False
conf_2m_cdi_40_10_40_00,2,8,40.00%,10.00%,40.00%,0.00%,22.50%,40.00%,3.30%,48,52.34%,51.77%,10.99%,6.52%,1.69,-5.05%,64.58%,0.051505551784493786,-0.036822499549372445,3.76,7.83%,0.38%,151.77,37,100.00%,3.00%,2.78%,0.71%,5.78%,False
conf_2m_cdi_40_10_40_10,2,8,40.00%,10.00%,40.00%,10.00%,25.00%,40.00%,2.94%,48,50.36%,49.82%,10.64%,6.34%,1.68,-5.05%,64.58%,0.046512900945293145,-0.036822499549372445,3.60,7.51%,0.36%,149.82,37,89.19%,2.62%,2.70%,-0.94%,5.78%,False
conf_2m_cdi_40_10_40_20,2,8,40.00%,10.00%,40.00%,20.00%,27.50%,40.00%,2.57%,48,48.40%,47.84%,10.27%,6.17%,1.67,-5.05%,64.58%,0.04481264744081459,-0.036822499549372445,3.75,7.81%,0.37%,147.84,37,81.08%,2.24%,1.96%,-2.70%,5.78%,False
conf_2m_cdi_40_10_40_30,2,8,40.00%,10.00%,40.00%,30.00%,30.00%,40.00%,2.20%,48,46.45%,45.88%,9.90%,6.01%,1.65,-5.05%,64.58%,0.04481264744081459,-0.036822499549372445,3.94,8.20%,0.39%,145.88,37,75.68%,1.85%,1.96%,-4.45%,5.78%,False
conf_2m_cdi_40_10_40_40,2,8,40.00%,10.00%,40.00%,40.00%,32.50%,40.00%,1.84%,48,44.52%,43.93%,9.53%,5.88%,1.62,-5.05%,64.58%,0.04481264744081459,-0.036822499549372445,4.13,8.60%,0.41%,143.93,37,72.97%,1.47%,1.96%,-6.19%,5.78%,False
conf_2m_cdi_40_10_40_50,2,8,40.00%,10.00%,40.00%,50.00%,35.00%,50.00%,1.47%,48,42.61%,42.00%,9.16%,5.77%,1.59,-5.05%,64.58%,0.04481264744081459,-0.036822499549372445,4.32,9.00%,0.43%,142.00,37,72.97%,1.09%,1.96%,-7.91%,5.78%,False
conf_2m_cdi_40_10_50_00,2,8,40.00%,10.00%,50.00%,0.00%,25.00%,50.00%,3.43%,48,53.13%,52.52%,11.13%,6.49%,1.71,-5.05%,64.58%,0.051505551784493786,-0.036822499549372445,3.95,8.23%,0.40%,152.52,37,100.00%,3.18%,3.01%,0.80%,5.78%,False
conf_2m_cdi_40_10_50_10,2,8,40.00%,10.00%,50.00%,10.00%,27.50%,50.00%,3.08%,48,51.13%,50.56%,10.77%,6.31%,1.71,-5.05%,64.58%,0.046512900945293145,-0.036822499549372445,3.79,7.90%,0.38%,150.56,37,89.19%,2.80%,2.78%,-0.94%,5.78%,False
conf_2m_cdi_40_10_50_20,2,8,40.00%,10.00%,50.00%,20.00%,30.00%,50.00%,2.71%,48,49.16%,48.57%,10.40%,6.13%,1.70,-5.05%,64.58%,0.04481264744081459,-0.036822499549372445,3.94,8.21%,0.39%,148.57,37,83.78%,2.41%,2.42%,-2.70%,5.78%,False
conf_2m_cdi_40_10_50_30,2,8,40.00%,10.00%,50.00%,30.00%,32.50%,50.00%,2.34%,48,47.21%,46.60%,10.04%,5.98%,1.68,-5.05%,64.58%,0.04481264744081459,-0.036822499549372445,4.13,8.60%,0.41%,146.60,37,75.68%,2.02%,2.42%,-4.45%,5.78%,False
conf_2m_cdi_40_10_50_40,2,8,40.00%,10.00%,50.00%,40.00%,35.00%,50.00%,1.97%,48,45.27%,44.64%,9.67%,5.85%,1.65,-5.05%,64.58%,0.04481264744081459,-0.036822499549372445,4.32,9.00%,0.43%,144.64,37,72.97%,1.64%,2.42%,-6.19%,5.78%,False
conf_2m_cdi_40_10_50_50,2,8,40.00%,10.00%,50.00%,50.00%,37.50%,50.00%,1.60%,48,43.35%,42.70%,9.30%,5.74%,1.62,-5.05%,64.58%,0.04481264744081459,-0.036822499549372445,4.51,9.39%,0.45%,142.70,37,72.97%,1.26%,2.42%,-7.91%,5.78%,False
conf_2m_cdi_40_20_00_00,2,8,40.00%,20.00%,0.00%,0.00%,15.00%,40.00%,2.17%,48,46.16%,45.67%,9.86%,6.41%,1.54,-5.05%,62.50%,0.051505551784493786,-0.036822499549372445,3.37,7.02%,0.34%,145.67,37,59.46%,1.72%,1.58%,-1.78%,5.96%,False
conf_2m_cdi_40_20_00_10,2,8,40.00%,20.00%,0.00%,10.00%,17.50%,40.00%,1.81%,48,44.26%,43.80%,9.51%,6.21%,1.53,-5.05%,62.50%,0.046512900945293145,-0.036822499549372445,3.17,6.60%,0.32%,143.80,37,59.46%,1.35%,1.19%,-3.08%,5.96%,False
conf_2m_cdi_40_20_00_20,2,8,40.00%,20.00%,0.00%,20.00%,20.00%,40.00%,1.46%,48,42.38%,41.95%,9.15%,6.04%,1.52,-5.05%,62.50%,0.04152069542759018,-0.036822499549372445,3.01,6.26%,0.30%,141.95,37,54.05%,0.97%,1.13%,-4.77%,5.96%,False
conf_2m_cdi_40_20_00_30,2,8,40.00%,20.00%,0.00%,30.00%,22.50%,40.00%,1.09%,48,40.51%,40.07%,8.79%,5.88%,1.50,-5.05%,62.50%,0.04021880399017008,-0.036822499549372445,3.16,6.58%,0.32%,140.07,37,51.35%,0.59%,1.13%,-6.49%,5.96%,False
conf_2m_cdi_40_20_00_40,2,8,40.00%,20.00%,0.00%,40.00%,25.00%,40.00%,0.73%,48,38.66%,38.20%,8.42%,5.74%,1.47,-5.05%,62.50%,0.04021880399017008,-0.036822499549372445,3.35,6.97%,0.33%,138.20,37,51.35%,0.22%,1.13%,-8.20%,5.96%,False
conf_2m_cdi_40_20_00_50,2,8,40.00%,20.00%,0.00%,50.00%,27.50%,50.00%,0.36%,48,36.83%,36.34%,8.06%,5.62%,1.43,-5.05%,62.50%,0.04021880399017008,-0.036822499549372445,3.54,7.37%,0.35%,136.34,37,51.35%,-0.16%,1.13%,-9.89%,5.96%,False
conf_2m_cdi_40_20_10_00,2,8,40.00%,20.00%,10.00%,0.00%,17.50%,40.00%,2.31%,48,46.92%,46.45%,10.01%,6.36%,1.57,-5.05%,62.50%,0.051505551784493786,-0.036822499549372445,3.17,6.60%,0.32%,146.45,37,64.86%,1.90%,1.71%,-1.38%,5.96%,False
conf_2m_cdi_40_20_10_10,2,8,40.00%,20.00%,10.00%,10.00%,20.00%,40.00%,1.96%,48,45.01%,44.58%,9.65%,6.16%,1.57,-5.05%,62.50%,0.046512900945293145,-0.036822499549372445,2.97,6.18%,0.30%,144.58,37,64.86%,1.53%,1.57%,-3.08%,5.96%,False
conf_2m_cdi_40_20_10_20,2,8,40.00%,20.00%,10.00%,20.00%,22.50%,40.00%,1.60%,48,43.12%,42.71%,9.30%,5.99%,1.55,-5.05%,62.50%,0.04152069542759018,-0.036822499549372445,2.81,5.85%,0.28%,142.71,37,59.46%,1.16%,1.46%,-4.77%,5.96%,False
conf_2m_cdi_40_20_10_30,2,8,40.00%,20.00%,10.00%,30.00%,25.00%,40.00%,1.24%,48,41.24%,40.82%,8.94%,5.83%,1.53,-5.05%,62.50%,0.04021880399017008,-0.036822499549372445,2.96,6.16%,0.30%,140.82,37,56.76%,0.78%,1.46%,-6.49%,5.96%,False
conf_2m_cdi_40_20_10_40,2,8,40.00%,20.00%,10.00%,40.00%,27.50%,40.00%,0.87%,48,39.38%,38.94%,8.57%,5.68%,1.51,-5.05%,62.50%,0.04021880399017008,-0.036822499549372445,3.15,6.55%,0.31%,138.94,37,56.76%,0.40%,1.46%,-8.20%,5.96%,False
conf_2m_cdi_40_20_10_50,2,8,40.00%,20.00%,10.00%,50.00%,30.00%,50.00%,0.51%,48,37.54%,37.08%,8.20%,5.57%,1.47,-5.05%,62.50%,0.04021880399017008,-0.036822499549372445,3.34,6.95%,0.33%,137.08,37,56.76%,0.03%,1.46%,-9.89%,5.96%,False
conf_2m_cdi_40_20_20_00,2,8,40.00%,20.00%,20.00%,0.00%,20.00%,40.00%,2.46%,48,47.68%,47.24%,10.16%,6.31%,1.61,-5.05%,62.50%,0.051505551784493786,-0.036822499549372445,2.99,6.23%,0.30%,147.24,37,70.27%,2.09%,1.92%,-1.38%,5.96%,False
conf_2m_cdi_40_20_20_10,2,8,40.00%,20.00%,20.00%,10.00%,22.50%,40.00%,2.11%,48,45.76%,45.35%,9.80%,6.12%,1.60,-5.05%,62.50%,0.046512900945293145,-0.036822499549372445,2.79,5.81%,0.28%,145.35,37,70.27%,1.71%,1.68%,-3.08%,5.96%,False
conf_2m_cdi_40_20_20_20,2,8,40.00%,20.00%,20.00%,20.00%,25.00%,40.00%,1.75%,48,43.86%,43.48%,9.45%,5.94%,1.59,-5.05%,62.50%,0.04152069542759018,-0.036822499549372445,2.63,5.48%,0.26%,143.48,37,64.86%,1.34%,1.68%,-4.77%,5.96%,False
conf_2m_cdi_40_20_20_30,2,8,40.00%,20.00%,20.00%,30.00%,27.50%,40.00%,1.39%,48,41.97%,41.58%,9.08%,5.78%,1.57,-5.05%,62.50%,0.04021880399017008,-0.036822499549372445,2.78,5.79%,0.28%,141.58,37,62.16%,0.96%,1.68%,-6.49%,5.96%,False
conf_2m_cdi_40_20_20_40,2,8,40.00%,20.00%,20.00%,40.00%,30.00%,40.00%,1.02%,48,40.10%,39.69%,8.71%,5.64%,1.55,-5.05%,62.50%,0.04021880399017008,-0.036822499549372445,2.97,6.18%,0.30%,139.69,37,62.16%,0.58%,1.68%,-8.20%,5.96%,False
conf_2m_cdi_40_20_20_50,2,8,40.00%,20.00%,20.00%,50.00%,32.50%,50.00%,0.65%,48,38.25%,37.81%,8.35%,5.52%,1.51,-5.05%,62.50%,0.04021880399017008,-0.036822499549372445,3.16,6.58%,0.32%,137.81,37,62.16%,0.21%,1.68%,-9.89%,5.96%,False
conf_2m_cdi_40_20_30_00,2,8,40.00%,20.00%,30.00%,0.00%,22.50%,40.00%,2.60%,48,48.44%,47.98%,10.29%,6.27%,1.64,-5.05%,64.58%,0.051505551784493786,-0.036822499549372445,3.15,6.56%,0.31%,147.98,37,75.68%,2.26%,2.09%,-1.38%,5.96%,False
conf_2m_cdi_40_20_30_10,2,8,40.00%,20.00%,30.00%,10.00%,25.00%,40.00%,2.24%,48,46.51%,46.08%,9.94%,6.08%,1.64,-5.05%,64.58%,0.046512900945293145,-0.036822499549372445,2.95,6.14%,0.29%,146.08,37,75.68%,1.89%,1.67%,-3.08%,5.96%,False
conf_2m_cdi_40_20_30_20,2,8,40.00%,20.00%,30.00%,20.00%,27.50%,40.00%,1.89%,48,44.60%,44.20%,9.58%,5.90%,1.62,-5.05%,64.58%,0.04152069542759018,-0.036822499549372445,2.79,5.81%,0.28%,144.20,37,70.27%,1.51%,1.67%,-4.77%,5.96%,False
conf_2m_cdi_40_20_30_30,2,8,40.00%,20.00%,30.00%,30.00%,30.00%,40.00%,1.52%,48,42.70%,42.29%,9.22%,5.74%,1.61,-5.05%,64.58%,0.04021880399017008,-0.036822499549372445,2.94,6.12%,0.29%,142.29,37,67.57%,1.14%,1.67%,-6.49%,5.96%,False
conf_2m_cdi_40_20_30_40,2,8,40.00%,20.00%,30.00%,40.00%,32.50%,40.00%,1.16%,48,40.83%,40.39%,8.85%,5.59%,1.58,-5.05%,64.58%,0.04021880399017008,-0.036822499549372445,3.13,6.51%,0.31%,140.39,37,67.57%,0.76%,1.67%,-8.20%,5.96%,False
conf_2m_cdi_40_20_30_50,2,8,40.00%,20.00%,30.00%,50.00%,35.00%,50.00%,0.79%,48,38.96%,38.50%,8.48%,5.47%,1.55,-5.05%,64.58%,0.04021880399017008,-0.036822499549372445,3.32,6.91%,0.33%,138.50,37,67.57%,0.38%,1.67%,-9.89%,5.96%,False
conf_2m_cdi_40_20_40_00,2,8,40.00%,20.00%,40.00%,0.00%,25.00%,40.00%,2.73%,48,49.21%,48.71%,10.43%,6.24%,1.67,-5.05%,64.58%,0.051505551784493786,-0.036822499549372445,3.34,6.96%,0.33%,148.71,37,83.78%,2.43%,2.40%,-1.38%,5.96%,False
conf_2m_cdi_40_20_40_10,2,8,40.00%,20.00%,40.00%,10.00%,27.50%,40.00%,2.38%,48,47.27%,46.81%,10.07%,6.04%,1.67,-5.05%,64.58%,0.046512900945293145,-0.036822499549372445,3.14,6.54%,0.31%,146.81,37,78.38%,2.06%,1.72%,-3.08%,5.96%,False
conf_2m_cdi_40_20_40_20,2,8,40.00%,20.00%,40.00%,20.00%,30.00%,40.00%,2.02%,48,45.35%,44.91%,9.72%,5.86%,1.66,-5.05%,64.58%,0.04152069542759018,-0.036822499549372445,2.98,6.21%,0.30%,144.91,37,72.97%,1.69%,1.72%,-4.77%,5.96%,False
conf_2m_cdi_40_20_40_30,2,8,40.00%,20.00%,40.00%,30.00%,32.50%,40.00%,1.66%,48,43.44%,42.99%,9.35%,5.70%,1.64,-5.05%,64.58%,0.04021880399017008,-0.036822499549372445,3.13,6.52%,0.31%,142.99,37,70.27%,1.31%,1.72%,-6.49%,5.96%,False
conf_2m_cdi_40_20_40_40,2,8,40.00%,20.00%,40.00%,40.00%,35.00%,40.00%,1.29%,48,41.55%,41.08%,8.99%,5.56%,1.62,-5.05%,64.58%,0.04021880399017008,-0.036822499549372445,3.32,6.91%,0.33%,141.08,37,70.27%,0.93%,1.72%,-8.20%,5.96%,False
conf_2m_cdi_40_20_40_50,2,8,40.00%,20.00%,40.00%,50.00%,37.50%,50.00%,0.92%,48,39.68%,39.19%,8.62%,5.44%,1.59,-5.05%,64.58%,0.04021880399017008,-0.036822499549372445,3.51,7.31%,0.35%,139.19,37,70.27%,0.55%,1.72%,-9.89%,5.96%,False
conf_2m_cdi_40_20_50_00,2,8,40.00%,20.00%,50.00%,0.00%,27.50%,50.00%,2.87%,48,49.98%,49.45%,10.57%,6.20%,1.70,-5.05%,64.58%,0.051505551784493786,-0.036822499549372445,3.53,7.36%,0.35%,149.45,37,86.49%,2.61%,2.61%,-1.38%,5.96%,False
conf_2m_cdi_40_20_50_10,2,8,40.00%,20.00%,50.00%,10.00%,30.00%,50.00%,2.52%,48,48.03%,47.53%,10.21%,6.01%,1.70,-5.05%,64.58%,0.046512900945293145,-0.036822499549372445,3.33,6.94%,0.33%,147.53,37,81.08%,2.23%,2.25%,-3.08%,5.96%,False
conf_2m_cdi_40_20_50_20,2,8,40.00%,20.00%,50.00%,20.00%,32.50%,50.00%,2.16%,48,46.09%,45.63%,9.85%,5.83%,1.69,-5.05%,64.58%,0.04152069542759018,-0.036822499549372445,3.17,6.61%,0.32%,145.63,37,75.68%,1.86%,2.25%,-4.77%,5.96%,False
conf_2m_cdi_40_20_50_30,2,8,40.00%,20.00%,50.00%,30.00%,35.00%,50.00%,1.79%,48,44.18%,43.70%,9.49%,5.67%,1.67,-5.05%,64.58%,0.04021880399017008,-0.036822499549372445,3.32,6.92%,0.33%,143.70,37,72.97%,1.48%,2.25%,-6.49%,5.96%,False
conf_2m_cdi_40_20_50_40,2,8,40.00%,20.00%,50.00%,40.00%,37.50%,50.00%,1.42%,48,42.28%,41.78%,9.12%,5.52%,1.65,-5.05%,64.58%,0.04021880399017008,-0.036822499549372445,3.51,7.31%,0.35%,141.78,37,70.27%,1.10%,2.25%,-8.20%,5.96%,False
conf_2m_cdi_40_20_50_50,2,8,40.00%,20.00%,50.00%,50.00%,40.00%,50.00%,1.06%,48,40.40%,39.88%,8.75%,5.40%,1.62,-5.05%,64.58%,0.04021880399017008,-0.036822499549372445,3.70,7.71%,0.37%,139.88,37,70.27%,0.73%,2.25%,-9.89%,5.96%,False
conf_2m_cdi_40_30_00_00,2,8,40.00%,30.00%,0.00%,0.00%,17.50%,40.00%,1.59%,48,43.14%,42.66%,9.29%,6.15%,1.51,-5.05%,62.50%,0.051505551784493786,-0.036822499549372445,3.36,7.00%,0.34%,142.66,37,56.76%,1.14%,0.95%,-3.53%,6.14%,False
conf_2m_cdi_40_30_00_10,2,8,40.00%,30.00%,0.00%,10.00%,20.00%,40.00%,1.24%,48,41.28%,40.84%,8.94%,5.95%,1.50,-5.05%,62.50%,0.046512900945293145,-0.036822499549372445,3.15,6.57%,0.32%,140.84,37,51.35%,0.77%,0.80%,-5.20%,6.14%,False
conf_2m_cdi_40_30_00_20,2,8,40.00%,30.00%,0.00%,20.00%,22.50%,40.00%,0.89%,48,39.44%,39.02%,8.59%,5.76%,1.49,-5.05%,62.50%,0.04152069542759018,-0.036822499549372445,2.95,6.15%,0.30%,139.02,37,51.35%,0.41%,0.80%,-6.86%,6.14%,False
conf_2m_cdi_40_30_00_30,2,8,40.00%,30.00%,0.00%,30.00%,25.00%,40.00%,0.54%,48,37.61%,37.22%,8.23%,5.59%,1.47,-5.05%,62.50%,0.03652893371422139,-0.036822499549372445,2.79,5.81%,0.28%,137.22,37,51.35%,0.04%,0.80%,-8.52%,6.14%,False
conf_2m_cdi_40_30_00_40,2,8,40.00%,30.00%,0.00%,40.00%,27.50%,40.00%,0.17%,48,35.80%,35.40%,7.87%,5.44%,1.45,-5.05%,62.50%,0.03561741293384246,-0.036822499549372445,2.94,6.12%,0.29%,135.40,37,51.35%,-0.33%,0.80%,-10.19%,6.14%,False
conf_2m_cdi_40_30_00_50,2,8,40.00%,30.00%,0.00%,50.00%,30.00%,50.00%,-0.19%,48,34.00%,33.58%,7.51%,5.32%,1.41,-5.05%,62.50%,0.03561741293384246,-0.036822499549372445,3.13,6.52%,0.31%,133.58,37,51.35%,-0.70%,0.80%,-11.86%,6.14%,False
conf_2m_cdi_40_30_10_00,2,8,40.00%,30.00%,10.00%,0.00%,20.00%,40.00%,1.74%,48,43.88%,43.43%,9.44%,6.10%,1.55,-5.05%,62.50%,0.051505551784493786,-0.036822499549372445,3.15,6.56%,0.32%,143.43,37,56.76%,1.33%,1.32%,-3.53%,6.14%,False
conf_2m_cdi_40_30_10_10,2,8,40.00%,30.00%,10.00%,10.00%,22.50%,40.00%,1.39%,48,42.01%,41.60%,9.08%,5.90%,1.54,-5.05%,62.50%,0.046512900945293145,-0.036822499549372445,2.95,6.14%,0.29%,141.60,37,51.35%,0.96%,1.13%,-5.20%,6.14%,False
conf_2m_cdi_40_30_10_20,2,8,40.00%,30.00%,10.00%,20.00%,25.00%,40.00%,1.04%,48,40.16%,39.78%,8.73%,5.71%,1.53,-5.05%,62.50%,0.04152069542759018,-0.036822499549372445,2.74,5.71%,0.27%,139.78,37,51.35%,0.59%,1.13%,-6.86%,6.14%,False
conf_2m_cdi_40_30_10_30,2,8,40.00%,30.00%,10.00%,30.00%,27.50%,40.00%,0.68%,48,38.32%,37.97%,8.38%,5.54%,1.51,-5.05%,62.50%,0.03652893371422139,-0.036822499549372445,2.58,5.37%,0.26%,137.97,37,51.35%,0.23%,1.13%,-8.52%,6.14%,False
conf_2m_cdi_40_30_10_40,2,8,40.00%,30.00%,10.00%,40.00%,30.00%,40.00%,0.32%,48,36.50%,36.13%,8.02%,5.39%,1.49,-5.05%,62.50%,0.03561741293384246,-0.036822499549372445,2.73,5.69%,0.27%,136.13,37,51.35%,-0.14%,1.13%,-10.19%,6.14%,False
conf_2m_cdi_40_30_10_50,2,8,40.00%,30.00%,10.00%,50.00%,32.50%,50.00%,-0.04%,48,34.70%,34.30%,7.65%,5.26%,1.45,-5.05%,62.50%,0.03561741293384246,-0.036822499549372445,2.92,6.09%,0.29%,134.30,37,51.35%,-0.51%,1.13%,-11.86%,6.14%,False
conf_2m_cdi_40_30_20_00,2,8,40.00%,30.00%,20.00%,0.00%,22.50%,40.00%,1.89%,48,44.63%,44.20%,9.58%,6.05%,1.58,-5.05%,62.50%,0.051505551784493786,-0.036822499549372445,2.95,6.14%,0.29%,144.20,37,62.16%,1.51%,1.45%,-3.53%,6.14%,False
conf_2m_cdi_40_30_20_10,2,8,40.00%,30.00%,20.00%,10.00%,25.00%,40.00%,1.54%,48,42.75%,42.36%,9.23%,5.85%,1.58,-5.05%,62.50%,0.046512900945293145,-0.036822499549372445,2.74,5.71%,0.27%,142.36,37,56.76%,1.14%,1.45%,-5.20%,6.14%,False
conf_2m_cdi_40_30_20_20,2,8,40.00%,30.00%,20.00%,20.00%,27.50%,40.00%,1.18%,48,40.89%,40.53%,8.88%,5.66%,1.57,-5.05%,62.50%,0.04152069542759018,-0.036822499549372445,2.54,5.29%,0.25%,140.53,37,56.76%,0.78%,1.45%,-6.86%,6.14%,False
conf_2m_cdi_40_30_20_30,2,8,40.00%,30.00%,20.00%,30.00%,30.00%,40.00%,0.83%,48,39.04%,38.71%,8.52%,5.49%,1.55,-5.05%,62.50%,0.03652893371422139,-0.036822499549372445,2.38,4.95%,0.24%,138.71,37,56.76%,0.41%,1.45%,-8.52%,6.14%,False
conf_2m_cdi_40_30_20_40,2,8,40.00%,30.00%,20.00%,40.00%,32.50%,40.00%,0.47%,48,37.21%,36.86%,8.16%,5.34%,1.53,-5.05%,62.50%,0.03561741293384246,-0.036822499549372445,2.53,5.27%,0.25%,136.86,37,56.76%,0.04%,1.45%,-10.19%,6.14%,False
conf_2m_cdi_40_30_20_50,2,8,40.00%,30.00%,20.00%,50.00%,35.00%,50.00%,0.10%,48,35.39%,35.03%,7.80%,5.21%,1.50,-5.05%,62.50%,0.03561741293384246,-0.036822499549372445,2.72,5.66%,0.27%,135.03,37,56.76%,-0.33%,1.45%,-11.86%,6.14%,False
conf_2m_cdi_40_30_30_00,2,8,40.00%,30.00%,30.00%,0.00%,25.00%,40.00%,2.03%,48,45.38%,44.97%,9.73%,6.01%,1.62,-5.05%,64.58%,0.051505551784493786,-0.036822499549372445,2.77,5.77%,0.28%,144.97,37,67.57%,1.70%,1.64%,-3.53%,6.14%,False
conf_2m_cdi_40_30_30_10,2,8,40.00%,30.00%,30.00%,10.00%,27.50%,40.00%,1.68%,48,43.49%,43.12%,9.38%,5.81%,1.62,-5.05%,64.58%,0.046512900945293145,-0.036822499549372445,2.56,5.34%,0.26%,143.12,37,62.16%,1.33%,1.64%,-5.20%,6.14%,False
conf_2m_cdi_40_30_30_20,2,8,40.00%,30.00%,30.00%,20.00%,30.00%,40.00%,1.33%,48,41.61%,41.28%,9.02%,5.62%,1.61,-5.05%,64.58%,0.04152069542759018,-0.036822499549372445,2.36,4.92%,0.24%,141.28,37,62.16%,0.96%,1.64%,-6.86%,6.14%,False
conf_2m_cdi_40_30_30_30,2,8,40.00%,30.00%,30.00%,30.00%,32.50%,40.00%,0.97%,48,39.76%,39.45%,8.67%,5.45%,1.59,-5.05%,64.58%,0.03652893371422139,-0.036822499549372445,2.20,4.58%,0.22%,139.45,37,62.16%,0.60%,1.64%,-8.52%,6.14%,False
conf_2m_cdi_40_30_30_40,2,8,40.00%,30.00%,30.00%,40.00%,35.00%,40.00%,0.61%,48,37.92%,37.59%,8.31%,5.29%,1.57,-5.05%,64.58%,0.03561741293384246,-0.036822499549372445,2.35,4.89%,0.23%,137.59,37,62.16%,0.22%,1.64%,-10.19%,6.14%,False
conf_2m_cdi_40_30_30_50,2,8,40.00%,30.00%,30.00%,50.00%,37.50%,50.00%,0.24%,48,36.09%,35.75%,7.94%,5.16%,1.54,-5.05%,64.58%,0.03561741293384246,-0.036822499549372445,2.54,5.29%,0.25%,135.75,37,62.16%,-0.15%,1.64%,-11.86%,6.14%,False
conf_2m_cdi_40_30_40_00,2,8,40.00%,30.00%,40.00%,0.00%,27.50%,40.00%,2.17%,48,46.13%,45.70%,9.87%,5.98%,1.65,-5.05%,64.58%,0.051505551784493786,-0.036822499549372445,2.93,6.11%,0.29%,145.70,37,72.97%,1.87%,1.63%,-3.53%,6.14%,False
conf_2m_cdi_40_30_40_10,2,8,40.00%,30.00%,40.00%,10.00%,30.00%,40.00%,1.82%,48,44.23%,43.83%,9.51%,5.77%,1.65,-5.05%,64.58%,0.046512900945293145,-0.036822499549372445,2.73,5.68%,0.27%,143.83,37,67.57%,1.50%,1.63%,-5.20%,6.14%,False
conf_2m_cdi_40_30_40_20,2,8,40.00%,30.00%,40.00%,20.00%,32.50%,40.00%,1.46%,48,42.34%,41.98%,9.16%,5.58%,1.64,-5.05%,64.58%,0.04152069542759018,-0.036822499549372445,2.52,5.26%,0.25%,141.98,37,67.57%,1.13%,1.63%,-6.86%,6.14%,False
conf_2m_cdi_40_30_40_30,2,8,40.00%,30.00%,40.00%,30.00%,35.00%,40.00%,1.11%,48,40.48%,40.15%,8.80%,5.41%,1.63,-5.05%,64.58%,0.03652893371422139,-0.036822499549372445,2.36,4.92%,0.24%,140.15,37,67.57%,0.77%,1.63%,-8.52%,6.14%,False
conf_2m_cdi_40_30_40_40,2,8,40.00%,30.00%,40.00%,40.00%,37.50%,40.00%,0.74%,48,38.63%,38.28%,8.44%,5.25%,1.61,-5.05%,64.58%,0.03561741293384246,-0.036822499549372445,2.51,5.23%,0.25%,138.28,37,67.57%,0.40%,1.63%,-10.19%,6.14%,False
conf_2m_cdi_40_30_40_50,2,8,40.00%,30.00%,40.00%,50.00%,40.00%,50.00%,0.38%,48,36.79%,36.42%,8.07%,5.13%,1.58,-5.05%,64.58%,0.03561741293384246,-0.036822499549372445,2.70,5.63%,0.27%,136.42,37,67.57%,0.03%,1.63%,-11.86%,6.14%,False
conf_2m_cdi_40_30_50_00,2,8,40.00%,30.00%,50.00%,0.00%,30.00%,50.00%,2.31%,48,46.88%,46.42%,10.00%,5.94%,1.68,-5.05%,64.58%,0.051505551784493786,-0.036822499549372445,3.12,6.51%,0.31%,146.42,37,72.97%,2.04%,2.01%,-3.53%,6.14%,False
conf_2m_cdi_40_30_50_10,2,8,40.00%,30.00%,50.00%,10.00%,32.50%,50.00%,1.95%,48,44.97%,44.55%,9.65%,5.74%,1.68,-5.05%,64.58%,0.046512900945293145,-0.036822499549372445,2.92,6.08%,0.29%,144.55,37,67.57%,1.67%,2.01%,-5.20%,6.14%,False
conf_2m_cdi_40_30_50_20,2,8,40.00%,30.00%,50.00%,20.00%,35.00%,50.00%,1.60%,48,43.08%,42.69%,9.29%,5.54%,1.68,-5.05%,64.58%,0.04152069542759018,-0.036822499549372445,2.71,5.65%,0.27%,142.69,37,67.57%,1.31%,2.01%,-6.86%,6.14%,False
conf_2m_cdi_40_30_50_30,2,8,40.00%,30.00%,50.00%,30.00%,37.50%,50.00%,1.24%,48,41.20%,40.84%,8.94%,5.37%,1.66,-5.05%,64.58%,0.03652893371422139,-0.036822499549372445,2.55,5.32%,0.26%,140.84,37,67.57%,0.94%,2.01%,-8.52%,6.14%,False
conf_2m_cdi_40_30_50_40,2,8,40.00%,30.00%,50.00%,40.00%,40.00%,50.00%,0.88%,48,39.34%,38.96%,8.57%,5.22%,1.64,-5.05%,64.58%,0.03561741293384246,-0.036822499549372445,2.70,5.63%,0.27%,138.96,37,67.57%,0.57%,2.01%,-10.19%,6.14%,False
conf_2m_cdi_40_30_50_50,2,8,40.00%,30.00%,50.00%,50.00%,42.50%,50.00%,0.51%,48,37.50%,37.10%,8.21%,5.09%,1.61,-5.05%,64.58%,0.03561741293384246,-0.036822499549372445,2.89,6.03%,0.29%,137.10,37,67.57%,0.20%,2.01%,-11.86%,6.14%,False
conf_2m_cdi_40_40_00_00,2,8,40.00%,40.00%,0.00%,0.00%,20.00%,40.00%,1.02%,48,40.17%,39.69%,8.72%,5.92%,1.47,-5.05%,66.67%,0.051505551784493786,-0.036822499549372445,3.41,7.10%,0.34%,139.69,37,51.35%,0.57%,0.47%,-5.65%,6.32%,False
conf_2m_cdi_40_40_00_10,2,8,40.00%,40.00%,0.00%,10.00%,22.50%,40.00%,0.67%,48,38.35%,37.91%,8.37%,5.71%,1.47,-5.05%,66.67%,0.046512900945293145,-0.036822499549372445,3.20,6.67%,0.32%,137.91,37,51.35%,0.21%,0.47%,-7.30%,6.32%,False
conf_2m_cdi_40_40_00_20,2,8,40.00%,40.00%,0.00%,20.00%,25.00%,40.00%,0.32%,48,36.54%,36.13%,8.02%,5.51%,1.45,-5.05%,66.67%,0.04152069542759018,-0.036822499549372445,3.00,6.24%,0.30%,136.13,37,51.35%,-0.15%,0.47%,-8.93%,6.32%,False
conf_2m_cdi_40_40_00_30,2,8,40.00%,40.00%,0.00%,30.00%,27.50%,40.00%,-0.03%,48,34.75%,34.38%,7.67%,5.33%,1.44,-5.05%,66.67%,0.03652893371422139,-0.036822499549372445,2.79,5.81%,0.28%,134.38,37,51.35%,-0.51%,0.47%,-10.55%,6.32%,False
conf_2m_cdi_40_40_00_40,2,8,40.00%,40.00%,0.00%,40.00%,30.00%,40.00%,-0.38%,48,32.98%,32.63%,7.31%,5.18%,1.41,-5.05%,66.67%,0.03153747705339782,-0.036822499549372445,2.62,5.46%,0.26%,132.63,37,51.35%,-0.87%,0.47%,-12.16%,6.32%,False
conf_2m_cdi_40_40_00_50,2,8,40.00%,40.00%,0.00%,50.00%,32.50%,50.00%,-0.74%,48,31.22%,30.85%,6.95%,5.04%,1.38,-5.05%,66.67%,0.030992741717698502,-0.036822499549372445,2.78,5.79%,0.28%,130.85,37,51.35%,-1.23%,0.47%,-13.80%,6.32%,False
conf_2m_cdi_40_40_10_00,2,8,40.00%,40.00%,10.00%,0.00%,22.50%,40.00%,1.17%,48,40.90%,40.45%,8.86%,5.87%,1.51,-5.05%,66.67%,0.051505551784493786,-0.036822499549372445,3.20,6.66%,0.32%,140.45,37,51.35%,0.75%,0.79%,-5.65%,6.32%,False
conf_2m_cdi_40_40_10_10,2,8,40.00%,40.00%,10.00%,10.00%,25.00%,40.00%,0.82%,48,39.07%,38.65%,8.51%,5.66%,1.50,-5.05%,66.67%,0.046512900945293145,-0.036822499549372445,2.99,6.23%,0.30%,138.65,37,51.35%,0.39%,0.79%,-7.30%,6.32%,False
conf_2m_cdi_40_40_10_20,2,8,40.00%,40.00%,10.00%,20.00%,27.50%,40.00%,0.47%,48,37.25%,36.87%,8.16%,5.46%,1.50,-5.05%,66.67%,0.04152069542759018,-0.036822499549372445,2.79,5.81%,0.28%,136.87,37,51.35%,0.03%,0.79%,-8.93%,6.32%,False
conf_2m_cdi_40_40_10_30,2,8,40.00%,40.00%,10.00%,30.00%,30.00%,40.00%,0.12%,48,35.45%,35.10%,7.81%,5.28%,1.48,-5.05%,66.67%,0.03652893371422139,-0.036822499549372445,2.58,5.38%,0.26%,135.10,37,51.35%,-0.33%,0.79%,-10.55%,6.32%,False
conf_2m_cdi_40_40_10_40,2,8,40.00%,40.00%,10.00%,40.00%,32.50%,40.00%,-0.24%,48,33.67%,33.35%,7.46%,5.12%,1.46,-5.05%,66.67%,0.03153747705339782,-0.036822499549372445,2.41,5.03%,0.24%,133.35,37,51.35%,-0.69%,0.79%,-12.16%,6.32%,False
conf_2m_cdi_40_40_10_50,2,8,40.00%,40.00%,10.00%,50.00%,35.00%,50.00%,-0.60%,48,31.90%,31.56%,7.10%,4.98%,1.42,-5.05%,66.67%,0.030992741717698502,-0.036822499549372445,2.57,5.35%,0.26%,131.56,37,51.35%,-1.05%,0.79%,-13.80%,6.32%,False
conf_2m_cdi_40_40_20_00,2,8,40.00%,40.00%,20.00%,0.00%,25.00%,40.00%,1.31%,48,41.63%,41.21%,9.01%,5.83%,1.55,-5.05%,66.67%,0.051505551784493786,-0.036822499549372445,2.99,6.23%,0.30%,141.21,37,56.76%,0.94%,1.12%,-5.65%,6.32%,False
conf_2m_cdi_40_40_20_10,2,8,40.00%,40.00%,20.00%,10.00%,27.50%,40.00%,0.96%,48,39.79%,39.40%,8.66%,5.61%,1.54,-5.05%,66.67%,0.046512900945293145,-0.036822499549372445,2.78,5.80%,0.28%,139.40,37,56.76%,0.57%,1.12%,-7.30%,6.32%,False
conf_2m_cdi_40_40_20_20,2,8,40.00%,40.00%,20.00%,20.00%,30.00%,40.00%,0.61%,48,37.96%,37.61%,8.31%,5.41%,1.54,-5.05%,66.67%,0.04152069542759018,-0.036822499549372445,2.58,5.37%,0.26%,137.61,37,56.76%,0.21%,1.12%,-8.93%,6.32%,False
conf_2m_cdi_40_40_20_30,2,8,40.00%,40.00%,20.00%,30.00%,32.50%,40.00%,0.26%,48,36.15%,35.83%,7.96%,5.23%,1.52,-5.05%,66.67%,0.03652893371422139,-0.036822499549372445,2.37,4.94%,0.24%,135.83,37,56.76%,-0.15%,1.12%,-10.55%,6.32%,False
conf_2m_cdi_40_40_20_40,2,8,40.00%,40.00%,20.00%,40.00%,35.00%,40.00%,-0.09%,48,34.36%,34.06%,7.60%,5.07%,1.50,-5.05%,66.67%,0.03153747705339782,-0.036822499549372445,2.21,4.59%,0.22%,134.06,37,56.76%,-0.50%,1.12%,-12.16%,6.32%,False
conf_2m_cdi_40_40_20_50,2,8,40.00%,40.00%,20.00%,50.00%,37.50%,50.00%,-0.45%,48,32.58%,32.27%,7.24%,4.93%,1.47,-5.05%,66.67%,0.030992741717698502,-0.036822499549372445,2.36,4.92%,0.24%,132.27,37,56.76%,-0.87%,1.12%,-13.80%,6.32%,False
conf_2m_cdi_40_40_30_00,2,8,40.00%,40.00%,30.00%,0.00%,27.50%,40.00%,1.46%,48,42.36%,41.96%,9.16%,5.78%,1.58,-5.05%,68.75%,0.051505551784493786,-0.036822499549372445,2.78,5.80%,0.28%,141.96,37,56.76%,1.12%,1.44%,-5.65%,6.32%,False
conf_2m_cdi_40_40_30_10,2,8,40.00%,40.00%,30.00%,10.00%,30.00%,40.00%,1.11%,48,40.51%,40.15%,8.80%,5.56%,1.58,-5.05%,68.75%,0.046512900945293145,-0.036822499549372445,2.58,5.37%,0.26%,140.15,37,56.76%,0.76%,1.44%,-7.30%,6.32%,False
conf_2m_cdi_40_40_30_20,2,8,40.00%,40.00%,30.00%,20.00%,32.50%,40.00%,0.76%,48,38.67%,38.35%,8.45%,5.36%,1.58,-5.05%,68.75%,0.04152069542759018,-0.036822499549372445,2.37,4.94%,0.24%,138.35,37,56.76%,0.40%,1.44%,-8.93%,6.32%,False
conf_2m_cdi_40_40_30_30,2,8,40.00%,40.00%,30.00%,30.00%,35.00%,40.00%,0.41%,48,36.86%,36.56%,8.10%,5.18%,1.56,-5.05%,68.75%,0.03652893371422139,-0.036822499549372445,2.17,4.51%,0.22%,136.56,37,56.76%,0.04%,1.44%,-10.55%,6.32%,True
conf_2m_cdi_40_40_30_40,2,8,40.00%,40.00%,30.00%,40.00%,37.50%,40.00%,0.05%,48,35.05%,34.78%,7.75%,5.02%,1.54,-5.05%,68.75%,0.03153747705339782,-0.036822499549372445,2.00,4.17%,0.20%,134.78,37,56.76%,-0.32%,1.44%,-12.16%,6.32%,True
conf_2m_cdi_40_40_30_50,2,8,40.00%,40.00%,30.00%,50.00%,40.00%,50.00%,-0.31%,48,33.27%,32.98%,7.39%,4.88%,1.51,-5.05%,68.75%,0.030992741717698502,-0.036822499549372445,2.15,4.49%,0.22%,132.98,37,56.76%,-0.68%,1.44%,-13.80%,6.32%,True
conf_2m_cdi_40_40_40_00,2,8,40.00%,40.00%,40.00%,0.00%,30.00%,40.00%,1.61%,48,43.09%,42.72%,9.30%,5.74%,1.62,-5.05%,68.75%,0.051505551784493786,-0.036822499549372445,2.60,5.42%,0.26%,142.72,37,62.16%,1.31%,1.58%,-5.65%,6.32%,False
conf_2m_cdi_40_40_40_10,2,8,40.00%,40.00%,40.00%,10.00%,32.50%,40.00%,1.25%,48,41.23%,40.90%,8.95%,5.52%,1.62,-5.05%,68.75%,0.046512900945293145,-0.036822499549372445,2.40,5.00%,0.24%,140.90,37,62.16%,0.94%,1.58%,-7.30%,6.32%,False
conf_2m_cdi_40_40_40_20,2,8,40.00%,40.00%,40.00%,20.00%,35.00%,40.00%,0.90%,48,39.39%,39.08%,8.60%,5.32%,1.62,-5.05%,68.75%,0.04152069542759018,-0.036822499549372445,2.19,4.57%,0.22%,139.08,37,62.16%,0.58%,1.58%,-8.93%,6.32%,True
conf_2m_cdi_40_40_40_30,2,8,40.00%,40.00%,40.00%,30.00%,37.50%,40.00%,0.55%,48,37.56%,37.29%,8.25%,5.14%,1.60,-5.05%,68.75%,0.03652893371422139,-0.036822499549372445,1.99,4.14%,0.20%,137.29,37,62.16%,0.22%,1.58%,-10.55%,6.32%,True
conf_2m_cdi_40_40_40_40,2,8,40.00%,40.00%,40.00%,40.00%,40.00%,40.00%,0.20%,48,35.75%,35.50%,7.89%,4.98%,1.58,-5.05%,68.75%,0.03153747705339782,-0.036822499549372445,1.82,3.79%,0.18%,135.50,37,62.16%,-0.14%,1.58%,-12.16%,6.32%,True
conf_2m_cdi_40_40_40_50,2,8,40.00%,40.00%,40.00%,50.00%,42.50%,50.00%,-0.17%,48,33.96%,33.69%,7.53%,4.84%,1.56,-5.05%,68.75%,0.030992741717698502,-0.036822499549372445,1.97,4.11%,0.20%,133.69,37,62.16%,-0.50%,1.58%,-13.80%,6.32%,True
conf_2m_cdi_40_40_50_00,2,8,40.00%,40.00%,50.00%,0.00%,32.50%,50.00%,1.74%,48,43.83%,43.43%,9.44%,5.71%,1.65,-5.05%,68.75%,0.051505551784493786,-0.036822499549372445,2.77,5.77%,0.28%,143.43,37,67.57%,1.48%,1.77%,-5.65%,6.32%,False
conf_2m_cdi_40_40_50_10,2,8,40.00%,40.00%,50.00%,10.00%,35.00%,50.00%,1.39%,48,41.96%,41.60%,9.08%,5.49%,1.65,-5.05%,68.75%,0.046512900945293145,-0.036822499549372445,2.56,5.34%,0.26%,141.60,37,67.57%,1.11%,1.77%,-7.30%,6.32%,False
conf_2m_cdi_40_40_50_20,2,8,40.00%,40.00%,50.00%,20.00%,37.50%,50.00%,1.04%,48,40.11%,39.78%,8.73%,5.29%,1.65,-5.05%,68.75%,0.04152069542759018,-0.036822499549372445,2.36,4.91%,0.24%,139.78,37,67.57%,0.75%,1.77%,-8.93%,6.32%,False
conf_2m_cdi_40_40_50_30,2,8,40.00%,40.00%,50.00%,30.00%,40.00%,50.00%,0.68%,48,38.27%,37.97%,8.38%,5.11%,1.64,-5.05%,68.75%,0.03652893371422139,-0.036822499549372445,2.15,4.48%,0.22%,137.97,37,67.57%,0.39%,1.77%,-10.55%,6.32%,True
conf_2m_cdi_40_40_50_40,2,8,40.00%,40.00%,50.00%,40.00%,42.50%,50.00%,0.33%,48,36.45%,36.18%,8.03%,4.95%,1.62,-5.05%,68.75%,0.03153747705339782,-0.036822499549372445,1.99,4.14%,0.20%,136.18,37,67.57%,0.04%,1.77%,-12.16%,6.32%,True
conf_2m_cdi_40_40_50_50,2,8,40.00%,40.00%,50.00%,50.00%,45.00%,50.00%,-0.03%,48,34.64%,34.36%,7.66%,4.81%,1.59,-5.05%,68.75%,0.030992741717698502,-0.036822499549372445,2.14,4.46%,0.21%,134.36,37,67.57%,-0.33%,1.77%,-13.80%,6.32%,True
conf_2m_cdi_40_50_00_00,2,8,40.00%,50.00%,0.00%,0.00%,22.50%,50.00%,0.43%,48,37.25%,36.69%,8.13%,5.73%,1.42,-5.05%,68.75%,0.051505551784493786,-0.036822499549372445,4.06,8.46%,0.41%,136.69,37,51.35%,-0.01%,0.10%,-7.76%,6.47%,False
conf_2m_cdi_40_50_00_10,2,8,40.00%,50.00%,0.00%,10.00%,25.00%,50.00%,0.08%,48,35.46%,34.94%,7.78%,5.50%,1.41,-5.05%,68.75%,0.046512900945293145,-0.036822499549372445,3.86,8.04%,0.39%,134.94,37,51.35%,-0.37%,0.10%,-9.38%,6.47%,False
conf_2m_cdi_40_50_00_20,2,8,40.00%,50.00%,0.00%,20.00%,27.50%,50.00%,-0.26%,48,33.70%,33.21%,7.43%,5.29%,1.40,-5.05%,68.75%,0.04152069542759018,-0.036822499549372445,3.65,7.61%,0.37%,133.21,37,51.35%,-0.73%,0.10%,-10.99%,6.47%,False
conf_2m_cdi_40_50_00_30,2,8,40.00%,50.00%,0.00%,30.00%,30.00%,50.00%,-0.61%,48,31.94%,31.49%,7.08%,5.10%,1.39,-5.05%,68.75%,0.03652893371422139,-0.036822499549372445,3.44,7.18%,0.34%,131.49,37,51.35%,-1.08%,0.10%,-12.59%,6.47%,False
conf_2m_cdi_40_50_00_40,2,8,40.00%,50.00%,0.00%,40.00%,32.50%,50.00%,-0.96%,48,30.21%,29.78%,6.73%,4.94%,1.36,-5.05%,68.75%,0.03153747705339782,-0.036822499549372445,3.24,6.74%,0.32%,129.78,37,51.35%,-1.43%,0.10%,-14.16%,6.47%,False
conf_2m_cdi_40_50_00_50,2,8,40.00%,50.00%,0.00%,50.00%,35.00%,50.00%,-1.31%,48,28.48%,28.09%,6.38%,4.79%,1.33,-5.05%,68.75%,0.02654646248898973,-0.036822499549372445,3.06,6.38%,0.31%,128.09,37,51.35%,-1.78%,0.10%,-15.73%,6.47%,False
conf_2m_cdi_40_50_10_00,2,8,40.00%,50.00%,10.00%,0.00%,25.00%,50.00%,0.58%,48,37.96%,37.43%,8.27%,5.67%,1.46,-5.05%,68.75%,0.051505551784493786,-0.036822499549372445,3.85,8.03%,0.39%,137.43,37,51.35%,0.17%,0.43%,-7.76%,6.47%,False
conf_2m_cdi_40_50_10_10,2,8,40.00%,50.00%,10.00%,10.00%,27.50%,50.00%,0.23%,48,36.17%,35.67%,7.93%,5.45%,1.46,-5.05%,68.75%,0.046512900945293145,-0.036822499549372445,3.65,7.60%,0.36%,135.67,37,51.35%,-0.19%,0.43%,-9.38%,6.47%,False
conf_2m_cdi_40_50_10_20,2,8,40.00%,50.00%,10.00%,20.00%,30.00%,50.00%,-0.12%,48,34.39%,33.93%,7.58%,5.24%,1.45,-5.05%,68.75%,0.04152069542759018,-0.036822499549372445,3.44,7.17%,0.34%,133.93,37,51.35%,-0.55%,0.43%,-10.99%,6.47%,False
conf_2m_cdi_40_50_10_30,2,8,40.00%,50.00%,10.00%,30.00%,32.50%,50.00%,-0.47%,48,32.63%,32.20%,7.23%,5.05%,1.43,-5.05%,68.75%,0.03652893371422139,-0.036822499549372445,3.24,6.74%,0.32%,132.20,37,51.35%,-0.90%,0.43%,-12.59%,6.47%,False
conf_2m_cdi_40_50_10_40,2,8,40.00%,50.00%,10.00%,40.00%,35.00%,50.00%,-0.82%,48,30.88%,30.49%,6.88%,4.88%,1.41,-5.05%,68.75%,0.03153747705339782,-0.036822499549372445,3.03,6.31%,0.30%,130.49,37,51.35%,-1.25%,0.43%,-14.16%,6.47%,False
conf_2m_cdi_40_50_10_50,2,8,40.00%,50.00%,10.00%,50.00%,37.50%,50.00%,-1.17%,48,29.15%,28.78%,6.53%,4.73%,1.38,-5.05%,68.75%,0.02654646248898973,-0.036822499549372445,2.86,5.95%,0.29%,128.78,37,51.35%,-1.60%,0.43%,-15.73%,6.47%,False
conf_2m_cdi_40_50_20_00,2,8,40.00%,50.00%,20.00%,0.00%,27.50%,50.00%,0.72%,48,38.68%,38.17%,8.42%,5.62%,1.50,-5.05%,68.75%,0.051505551784493786,-0.036822499549372445,3.64,7.59%,0.36%,138.17,37,51.35%,0.35%,0.75%,-7.76%,6.47%,False
conf_2m_cdi_40_50_20_10,2,8,40.00%,50.00%,20.00%,10.00%,30.00%,50.00%,0.37%,48,36.87%,36.40%,8.07%,5.40%,1.50,-5.05%,68.75%,0.046512900945293145,-0.036822499549372445,3.44,7.17%,0.34%,136.40,37,51.35%,-0.01%,0.75%,-9.38%,6.47%,False
conf_2m_cdi_40_50_20_20,2,8,40.00%,50.00%,20.00%,20.00%,32.50%,50.00%,0.03%,48,35.09%,34.65%,7.72%,5.19%,1.49,-5.05%,68.75%,0.04152069542759018,-0.036822499549372445,3.23,6.74%,0.32%,134.65,37,51.35%,-0.37%,0.75%,-10.99%,6.47%,False
conf_2m_cdi_40_50_20_30,2,8,40.00%,50.00%,20.00%,30.00%,35.00%,50.00%,-0.32%,48,33.31%,32.91%,7.37%,4.99%,1.48,-5.05%,68.75%,0.03652893371422139,-0.036822499549372445,3.03,6.31%,0.30%,132.91,37,51.35%,-0.72%,0.75%,-12.59%,6.47%,False
conf_2m_cdi_40_50_20_40,2,8,40.00%,50.00%,20.00%,40.00%,37.50%,50.00%,-0.67%,48,31.56%,31.19%,7.02%,4.82%,1.46,-5.05%,68.75%,0.03153747705339782,-0.036822499549372445,2.82,5.87%,0.28%,131.19,37,51.35%,-1.07%,0.75%,-14.16%,6.47%,False
conf_2m_cdi_40_50_20_50,2,8,40.00%,50.00%,20.00%,50.00%,40.00%,50.00%,-1.02%,48,29.82%,29.48%,6.67%,4.68%,1.43,-5.05%,68.75%,0.02654646248898973,-0.036822499549372445,2.65,5.51%,0.26%,129.48,37,51.35%,-1.42%,0.75%,-15.73%,6.47%,False
conf_2m_cdi_40_50_30_00,2,8,40.00%,50.00%,30.00%,0.00%,30.00%,50.00%,0.87%,48,39.39%,38.91%,8.56%,5.58%,1.53,-5.05%,70.83%,0.051505551784493786,-0.036822499549372445,3.44,7.16%,0.34%,138.91,37,56.76%,0.53%,1.07%,-7.76%,6.47%,False
conf_2m_cdi_40_50_30_10,2,8,40.00%,50.00%,30.00%,10.00%,32.50%,50.00%,0.52%,48,37.58%,37.14%,8.22%,5.35%,1.54,-5.05%,70.83%,0.046512900945293145,-0.036822499549372445,3.23,6.73%,0.32%,137.14,37,56.76%,0.17%,1.07%,-9.38%,6.47%,False
conf_2m_cdi_40_50_30_20,2,8,40.00%,50.00%,30.00%,20.00%,35.00%,50.00%,0.17%,48,35.78%,35.37%,7.87%,5.14%,1.53,-5.05%,70.83%,0.04152069542759018,-0.036822499549372445,3.02,6.30%,0.30%,135.37,37,56.76%,-0.18%,1.07%,-10.99%,6.47%,False
conf_2m_cdi_40_50_30_30,2,8,40.00%,50.00%,30.00%,30.00%,37.50%,50.00%,-0.18%,48,34.00%,33.63%,7.52%,4.95%,1.52,-5.05%,70.83%,0.03652893371422139,-0.036822499549372445,2.82,5.87%,0.28%,133.63,37,56.76%,-0.54%,1.07%,-12.59%,6.47%,False
conf_2m_cdi_40_50_30_40,2,8,40.00%,50.00%,30.00%,40.00%,40.00%,50.00%,-0.53%,48,32.24%,31.89%,7.17%,4.78%,1.50,-5.05%,70.83%,0.03153747705339782,-0.036822499549372445,2.61,5.44%,0.26%,131.89,37,56.76%,-0.89%,1.07%,-14.16%,6.47%,False
conf_2m_cdi_40_50_30_50,2,8,40.00%,50.00%,30.00%,50.00%,42.50%,50.00%,-0.88%,48,30.49%,30.17%,6.81%,4.63%,1.47,-5.05%,70.83%,0.02654646248898973,-0.036822499549372445,2.44,5.08%,0.24%,130.17,37,56.76%,-1.24%,1.07%,-15.73%,6.47%,False
conf_2m_cdi_40_50_40_00,2,8,40.00%,50.00%,40.00%,0.00%,32.50%,50.00%,1.01%,48,40.11%,39.66%,8.71%,5.54%,1.57,-5.05%,70.83%,0.051505551784493786,-0.036822499549372445,3.23,6.72%,0.32%,139.66,37,56.76%,0.72%,1.40%,-7.76%,6.47%,False
conf_2m_cdi_40_50_40_10,2,8,40.00%,50.00%,40.00%,10.00%,35.00%,50.00%,0.66%,48,38.29%,37.87%,8.36%,5.31%,1.57,-5.05%,70.83%,0.046512900945293145,-0.036822499549372445,3.02,6.30%,0.30%,137.87,37,56.76%,0.36%,1.40%,-9.38%,6.47%,False
conf_2m_cdi_40_50_40_20,2,8,40.00%,50.00%,40.00%,20.00%,37.50%,50.00%,0.31%,48,36.48%,36.10%,8.01%,5.10%,1.57,-5.05%,70.83%,0.04152069542759018,-0.036822499549372445,2.82,5.87%,0.28%,136.10,37,56.76%,0.00%,1.40%,-10.99%,6.47%,False
conf_2m_cdi_40_50_40_30,2,8,40.00%,50.00%,40.00%,30.00%,40.00%,50.00%,-0.04%,48,34.69%,34.34%,7.66%,4.91%,1.56,-5.05%,70.83%,0.03652893371422139,-0.036822499549372445,2.61,5.44%,0.26%,134.34,37,56.76%,-0.35%,1.40%,-12.59%,6.47%,False
conf_2m_cdi_40_50_40_40,2,8,40.00%,50.00%,40.00%,40.00%,42.50%,50.00%,-0.39%,48,32.92%,32.60%,7.31%,4.73%,1.54,-5.05%,70.83%,0.03153747705339782,-0.036822499549372445,2.40,5.00%,0.24%,132.60,37,56.76%,-0.70%,1.40%,-14.16%,6.47%,False
conf_2m_cdi_40_50_40_50,2,8,40.00%,50.00%,40.00%,50.00%,45.00%,50.00%,-0.74%,48,31.16%,30.87%,6.96%,4.59%,1.52,-5.05%,70.83%,0.02654646248898973,-0.036822499549372445,2.23,4.64%,0.22%,130.87,37,56.76%,-1.05%,1.40%,-15.73%,6.47%,False
conf_2m_cdi_40_50_50_00,2,8,40.00%,50.00%,50.00%,0.00%,35.00%,50.00%,1.16%,48,40.83%,40.40%,8.85%,5.51%,1.61,-5.05%,70.83%,0.051505551784493786,-0.036822499549372445,3.05,6.34%,0.30%,140.40,37,62.16%,0.90%,1.50%,-7.76%,6.47%,False
conf_2m_cdi_40_50_50_10,2,8,40.00%,50.00%,50.00%,10.00%,37.50%,50.00%,0.81%,48,39.00%,38.61%,8.50%,5.28%,1.61,-5.05%,70.83%,0.046512900945293145,-0.036822499549372445,2.84,5.92%,0.28%,138.61,37,62.16%,0.54%,1.50%,-9.38%,6.47%,False
conf_2m_cdi_40_50_50_20,2,8,40.00%,50.00%,50.00%,20.00%,40.00%,50.00%,0.46%,48,37.19%,36.83%,8.15%,5.06%,1.61,-5.05%,70.83%,0.04152069542759018,-0.036822499549372445,2.63,5.49%,0.26%,136.83,37,62.16%,0.18%,1.50%,-10.99%,6.47%,False
conf_2m_cdi_40_50_50_30,2,8,40.00%,50.00%,50.00%,30.00%,42.50%,50.00%,0.11%,48,35.39%,35.06%,7.80%,4.87%,1.60,-5.05%,70.83%,0.03652893371422139,-0.036822499549372445,2.43,5.06%,0.24%,135.06,37,62.16%,-0.17%,1.50%,-12.59%,6.47%,False
conf_2m_cdi_40_50_50_40,2,8,40.00%,50.00%,50.00%,40.00%,45.00%,50.00%,-0.24%,48,33.61%,33.31%,7.45%,4.70%,1.59,-5.05%,70.83%,0.03153747705339782,-0.036822499549372445,2.22,4.62%,0.22%,133.31,37,62.16%,-0.52%,1.50%,-14.16%,6.47%,False
conf_2m_cdi_40_50_50_50,2,8,40.00%,50.00%,50.00%,50.00%,47.50%,50.00%,-0.60%,48,31.84%,31.57%,7.10%,4.55%,1.56,-5.05%,70.83%,0.02654646248898973,-0.036822499549372445,2.05,4.27%,0.20%,131.57,37,62.16%,-0.87%,1.50%,-15.73%,6.47%,True
conf_2m_cdi_50_00_00_00,2,8,50.00%,0.00%,0.00%,0.00%,12.50%,50.00%,4.15%,48,57.10%,56.50%,11.85%,6.67%,1.77,-4.07%,62.50%,0.051505551784493786,-0.030122209320361804,3.86,8.04%,0.39%,156.50,37,94.59%,3.60%,2.85%,-0.05%,7.97%,False
conf_2m_cdi_50_00_00_10,2,8,50.00%,0.00%,0.00%,10.00%,15.00%,50.00%,3.78%,48,55.06%,54.44%,11.48%,6.49%,1.77,-4.07%,62.50%,0.0492999626832773,-0.030122209320361804,4.01,8.35%,0.40%,154.44,37,94.59%,3.20%,2.30%,-0.05%,7.41%,False
conf_2m_cdi_50_00_00_20,2,8,50.00%,0.00%,0.00%,20.00%,17.50%,50.00%,3.41%,48,53.04%,52.40%,11.11%,6.33%,1.75,-4.07%,62.50%,0.0492999626832773,-0.030122209320361804,4.19,8.73%,0.42%,152.40,37,75.68%,2.81%,2.30%,-1.13%,7.41%,False
conf_2m_cdi_50_00_00_30,2,8,50.00%,0.00%,0.00%,30.00%,20.00%,50.00%,3.04%,48,51.03%,50.37%,10.74%,6.19%,1.74,-4.07%,62.50%,0.0492999626832773,-0.030122209320361804,4.38,9.13%,0.44%,150.37,37,75.68%,2.41%,2.25%,-2.80%,7.41%,False
conf_2m_cdi_50_00_00_40,2,8,50.00%,0.00%,0.00%,40.00%,22.50%,50.00%,2.67%,48,49.04%,48.36%,10.36%,6.06%,1.71,-4.07%,62.50%,0.0492999626832773,-0.030122209320361804,4.57,9.53%,0.46%,148.36,37,72.97%,2.03%,2.06%,-4.46%,7.41%,False
conf_2m_cdi_50_00_00_50,2,8,50.00%,0.00%,0.00%,50.00%,25.00%,50.00%,2.30%,48,47.07%,46.37%,9.99%,5.96%,1.68,-4.07%,62.50%,0.0492999626832773,-0.030122209320361804,4.76,9.92%,0.48%,146.37,37,64.86%,1.64%,2.06%,-6.10%,7.41%,False
conf_2m_cdi_50_00_10_00,2,8,50.00%,0.00%,10.00%,0.00%,15.00%,50.00%,4.29%,48,57.92%,57.29%,11.99%,6.63%,1.81,-4.07%,62.50%,0.051505551784493786,-0.030122209320361804,4.01,8.36%,0.40%,157.29,37,100.00%,3.77%,2.93%,0.48%,7.97%,False
conf_2m_cdi_50_00_10_10,2,8,50.00%,0.00%,10.00%,10.00%,17.50%,50.00%,3.92%,48,55.87%,55.22%,11.62%,6.44%,1.80,-4.07%,62.50%,0.0492999626832773,-0.030122209320361804,4.16,8.66%,0.42%,155.22,37,100.00%,3.38%,2.58%,0.48%,7.41%,False
conf_2m_cdi_50_00_10_20,2,8,50.00%,0.00%,10.00%,20.00%,20.00%,50.00%,3.55%,48,53.83%,53.16%,11.25%,6.28%,1.79,-4.07%,62.50%,0.0492999626832773,-0.030122209320361804,4.34,9.04%,0.43%,153.16,37,86.49%,2.98%,2.58%,-1.13%,7.41%,False
conf_2m_cdi_50_00_10_30,2,8,50.00%,0.00%,10.00%,30.00%,22.50%,50.00%,3.18%,48,51.81%,51.13%,10.88%,6.13%,1.77,-4.07%,62.50%,0.0492999626832773,-0.030122209320361804,4.53,9.44%,0.45%,151.13,37,81.08%,2.59%,2.45%,-2.80%,7.41%,False
conf_2m_cdi_50_00_10_40,2,8,50.00%,0.00%,10.00%,40.00%,25.00%,50.00%,2.81%,48,49.81%,49.11%,10.50%,6.01%,1.75,-4.07%,62.50%,0.0492999626832773,-0.030122209320361804,4.72,9.84%,0.47%,149.11,37,78.38%,2.20%,2.29%,-4.46%,7.41%,False
conf_2m_cdi_50_00_10_50,2,8,50.00%,0.00%,10.00%,50.00%,27.50%,50.00%,2.44%,48,47.83%,47.11%,10.13%,5.91%,1.72,-4.07%,62.50%,0.0492999626832773,-0.030122209320361804,4.91,10.24%,0.49%,147.11,37,72.97%,1.81%,2.29%,-6.10%,7.41%,False
conf_2m_cdi_50_00_20_00,2,8,50.00%,0.00%,20.00%,0.00%,17.50%,50.00%,4.43%,48,58.74%,58.07%,12.13%,6.58%,1.84,-4.07%,62.50%,0.051505551784493786,-0.030122209320361804,4.20,8.76%,0.42%,158.07,37,100.00%,3.95%,2.95%,1.01%,7.97%,False
conf_2m_cdi_50_00_20_10,2,8,50.00%,0.00%,20.00%,10.00%,20.00%,50.00%,4.06%,48,56.67%,55.99%,11.76%,6.40%,1.84,-4.07%,62.50%,0.0492999626832773,-0.030122209320361804,4.35,9.06%,0.44%,155.99,37,100.00%,3.55%,2.94%,0.56%,7.41%,False
conf_2m_cdi_50_00_20_20,2,8,50.00%,0.00%,20.00%,20.00%,22.50%,50.00%,3.69%,48,54.63%,53.93%,11.39%,6.23%,1.83,-4.07%,62.50%,0.0492999626832773,-0.030122209320361804,4.53,9.45%,0.45%,153.93,37,86.49%,3.15%,2.94%,-1.13%,7.41%,False
conf_2m_cdi_50_00_20_30,2,8,50.00%,0.00%,20.00%,30.00%,25.00%,50.00%,3.32%,48,52.60%,51.88%,11.01%,6.09%,1.81,-4.07%,62.50%,0.0492999626832773,-0.030122209320361804,4.73,9.85%,0.47%,151.88,37,81.08%,2.76%,2.64%,-2.80%,7.41%,False
conf_2m_cdi_50_00_20_40,2,8,50.00%,0.00%,20.00%,40.00%,27.50%,50.00%,2.95%,48,50.59%,49.85%,10.64%,5.96%,1.78,-4.07%,62.50%,0.0492999626832773,-0.030122209320361804,4.92,10.25%,0.49%,149.85,37,78.38%,2.37%,2.28%,-4.46%,7.41%,False
conf_2m_cdi_50_00_20_50,2,8,50.00%,0.00%,20.00%,50.00%,30.00%,50.00%,2.57%,48,48.60%,47.84%,10.27%,5.86%,1.75,-4.07%,62.50%,0.0492999626832773,-0.030122209320361804,5.11,10.64%,0.51%,147.84,37,72.97%,1.99%,2.28%,-6.10%,7.41%,False
conf_2m_cdi_50_00_30_00,2,8,50.00%,0.00%,30.00%,0.00%,20.00%,50.00%,4.57%,48,59.56%,58.86%,12.27%,6.54%,1.88,-4.07%,64.58%,0.051505551784493786,-0.030122209320361804,4.40,9.16%,0.44%,158.86,37,100.00%,4.12%,3.26%,1.54%,7.97%,False
conf_2m_cdi_50_00_30_10,2,8,50.00%,0.00%,30.00%,10.00%,22.50%,50.00%,4.20%,48,57.48%,56.77%,11.90%,6.36%,1.87,-4.07%,64.58%,0.0492999626832773,-0.030122209320361804,4.54,9.46%,0.45%,156.77,37,100.00%,3.72%,3.26%,0.56%,7.41%,False
conf_2m_cdi_50_00_30_20,2,8,50.00%,0.00%,30.00%,20.00%,25.00%,50.00%,3.83%,48,55.43%,54.69%,11.52%,6.19%,1.86,-4.07%,64.58%,0.0492999626832773,-0.030122209320361804,4.73,9.85%,0.47%,154.69,37,86.49%,3.33%,3.23%,-1.13%,7.41%,False
conf_2m_cdi_50_00_30_30,2,8,50.00%,0.00%,30.00%,30.00%,27.50%,50.00%,3.46%,48,53.39%,52.64%,11.15%,6.05%,1.84,-4.07%,64.58%,0.0492999626832773,-0.030122209320361804,4.92,10.25%,0.49%,152.64,37,83.78%,2.94%,2.71%,-2.80%,7.41%,False
conf_2m_cdi_50_00_30_40,2,8,50.00%,0.00%,30.00%,40.00%,30.00%,50.00%,3.08%,48,51.37%,50.60%,10.78%,5.92%,1.82,-4.07%,64.58%,0.0492999626832773,-0.030122209320361804,5.11,10.65%,0.51%,150.60,37,78.38%,2.55%,2.27%,-4.46%,7.41%,False
conf_2m_cdi_50_00_30_50,2,8,50.00%,0.00%,30.00%,50.00%,32.50%,50.00%,2.71%,48,49.37%,48.58%,10.40%,5.82%,1.79,-4.07%,64.58%,0.0492999626832773,-0.030122209320361804,5.30,11.04%,0.53%,148.58,37,72.97%,2.16%,2.27%,-6.10%,7.41%,False
conf_2m_cdi_50_00_40_00,2,8,50.00%,0.00%,40.00%,0.00%,22.50%,50.00%,4.71%,48,60.38%,59.65%,12.41%,6.50%,1.91,-4.07%,64.58%,0.051505551784493786,-0.030122209320361804,4.59,9.56%,0.46%,159.65,37,100.00%,4.30%,3.62%,1.87%,7.97%,False
conf_2m_cdi_50_00_40_10,2,8,50.00%,0.00%,40.00%,10.00%,25.00%,50.00%,4.34%,48,58.29%,57.55%,12.03%,6.32%,1.90,-4.07%,64.58%,0.0492999626832773,-0.030122209320361804,4.73,9.86%,0.47%,157.55,37,100.00%,3.90%,3.62%,0.56%,7.41%,False
conf_2m_cdi_50_00_40_20,2,8,50.00%,0.00%,40.00%,20.00%,27.50%,50.00%,3.97%,48,56.23%,55.46%,11.66%,6.15%,1.90,-4.07%,64.58%,0.0492999626832773,-0.030122209320361804,4.92,10.25%,0.49%,155.46,37,89.19%,3.50%,3.56%,-1.13%,7.41%,False
conf_2m_cdi_50_00_40_30,2,8,50.00%,0.00%,40.00%,30.00%,30.00%,50.00%,3.59%,48,54.18%,53.39%,11.29%,6.01%,1.88,-4.07%,64.58%,0.0492999626832773,-0.030122209320361804,5.11,10.65%,0.51%,153.39,37,83.78%,3.11%,2.86%,-2.80%,7.41%,False
conf_2m_cdi_50_00_40_40,2,8,50.00%,0.00%,40.00%,40.00%,32.50%,50.00%,3.22%,48,52.15%,51.34%,10.92%,5.88%,1.86,-4.07%,64.58%,0.0492999626832773,-0.030122209320361804,5.30,11.05%,0.53%,151.34,37,78.38%,2.72%,2.59%,-4.46%,7.41%,False
conf_2m_cdi_50_00_40_50,2,8,50.00%,0.00%,40.00%,50.00%,35.00%,50.00%,2.85%,48,50.14%,49.31%,10.54%,5.78%,1.82,-4.07%,64.58%,0.0492999626832773,-0.030122209320361804,5.49,11.44%,0.55%,149.31,37,72.97%,2.34%,2.58%,-6.10%,7.41%,False
conf_2m_cdi_50_00_50_00,2,8,50.00%,0.00%,50.00%,0.00%,25.00%,50.00%,4.85%,48,61.21%,60.44%,12.54%,6.47%,1.94,-4.07%,64.58%,0.051505551784493786,-0.030122209320361804,4.78,9.96%,0.48%,160.44,37,100.00%,4.47%,3.87%,2.03%,7.97%,False
conf_2m_cdi_50_00_50_10,2,8,50.00%,0.00%,50.00%,10.00%,27.50%,50.00%,4.48%,48,59.11%,58.33%,12.17%,6.29%,1.94,-4.07%,64.58%,0.0492999626832773,-0.030122209320361804,4.93,10.26%,0.49%,158.33,37,100.00%,4.07%,3.87%,0.56%,7.41%,False
conf_2m_cdi_50_00_50_20,2,8,50.00%,0.00%,50.00%,20.00%,30.00%,50.00%,4.10%,48,57.03%,56.23%,11.80%,6.12%,1.93,-4.07%,64.58%,0.0492999626832773,-0.030122209320361804,5.11,10.65%,0.51%,156.23,37,89.19%,3.68%,3.83%,-1.13%,7.41%,False
conf_2m_cdi_50_00_50_30,2,8,50.00%,0.00%,50.00%,30.00%,32.50%,50.00%,3.73%,48,54.97%,54.15%,11.43%,5.97%,1.91,-4.07%,64.58%,0.0492999626832773,-0.030122209320361804,5.30,11.05%,0.53%,154.15,37,86.49%,3.29%,3.01%,-2.80%,7.41%,False
conf_2m_cdi_50_00_50_40,2,8,50.00%,0.00%,50.00%,40.00%,35.00%,50.00%,3.36%,48,52.93%,52.09%,11.05%,5.85%,1.89,-4.07%,64.58%,0.0492999626832773,-0.030122209320361804,5.49,11.44%,0.55%,152.09,37,81.08%,2.90%,3.01%,-4.46%,7.41%,False
conf_2m_cdi_50_00_50_50,2,8,50.00%,0.00%,50.00%,50.00%,37.50%,50.00%,2.98%,48,50.91%,50.05%,10.68%,5.74%,1.86,-4.07%,64.58%,0.0492999626832773,-0.030122209320361804,5.68,11.84%,0.57%,150.05,37,72.97%,2.51%,3.01%,-6.10%,7.41%,False
conf_2m_cdi_50_10_00_00,2,8,50.00%,10.00%,0.00%,0.00%,15.00%,50.00%,3.58%,48,53.89%,53.31%,11.27%,6.37%,1.77,-4.07%,62.50%,0.051505551784493786,-0.030122209320361804,3.76,7.83%,0.38%,153.31,37,75.68%,3.02%,2.19%,-0.69%,7.60%,False
conf_2m_cdi_50_10_00_10,2,8,50.00%,10.00%,0.00%,10.00%,17.50%,50.00%,3.22%,48,51.89%,51.34%,10.91%,6.18%,1.77,-4.07%,62.50%,0.046512900945293145,-0.030122209320361804,3.60,7.50%,0.36%,151.34,37,59.46%,2.63%,2.19%,-0.95%,7.60%,False
conf_2m_cdi_50_10_00_20,2,8,50.00%,10.00%,0.00%,20.00%,20.00%,50.00%,2.85%,48,49.90%,49.34%,10.55%,6.00%,1.76,-4.07%,62.50%,0.04470753174927733,-0.030122209320361804,3.75,7.81%,0.37%,149.34,37,59.46%,2.25%,2.00%,-2.71%,7.60%,False
conf_2m_cdi_50_10_00_30,2,8,50.00%,10.00%,0.00%,30.00%,22.50%,50.00%,2.48%,48,47.94%,47.36%,10.18%,5.85%,1.74,-4.07%,62.50%,0.04470753174927733,-0.030122209320361804,3.94,8.20%,0.39%,147.36,37,56.76%,1.86%,1.95%,-4.46%,7.60%,False
conf_2m_cdi_50_10_00_40,2,8,50.00%,10.00%,0.00%,40.00%,25.00%,50.00%,2.11%,48,45.99%,45.39%,9.81%,5.71%,1.72,-4.07%,62.50%,0.04470753174927733,-0.030122209320361804,4.13,8.60%,0.41%,145.39,37,51.35%,1.48%,1.95%,-6.20%,7.60%,False
conf_2m_cdi_50_10_00_50,2,8,50.00%,10.00%,0.00%,50.00%,27.50%,50.00%,1.74%,48,44.06%,43.44%,9.44%,5.60%,1.69,-4.07%,62.50%,0.04470753174927733,-0.030122209320361804,4.32,8.99%,0.43%,143.44,37,51.35%,1.09%,1.95%,-7.92%,7.60%,False
conf_2m_cdi_50_10_10_00,2,8,50.00%,10.00%,10.00%,0.00%,17.50%,50.00%,3.73%,48,54.69%,54.13%,11.42%,6.31%,1.81,-4.07%,62.50%,0.051505551784493786,-0.030122209320361804,3.58,7.46%,0.36%,154.13,37,89.19%,3.20%,2.36%,-0.13%,7.60%,False
conf_2m_cdi_50_10_10_10,2,8,50.00%,10.00%,10.00%,10.00%,20.00%,50.00%,3.37%,48,52.67%,52.15%,11.06%,6.12%,1.81,-4.07%,62.50%,0.046512900945293145,-0.030122209320361804,3.42,7.13%,0.34%,152.15,37,70.27%,2.82%,2.36%,-0.95%,7.60%,False
conf_2m_cdi_50_10_10_20,2,8,50.00%,10.00%,10.00%,20.00%,22.50%,50.00%,3.00%,48,50.68%,50.14%,10.69%,5.95%,1.80,-4.07%,62.50%,0.04470753174927733,-0.030122209320361804,3.57,7.44%,0.36%,150.14,37,70.27%,2.43%,2.35%,-2.71%,7.60%,False
conf_2m_cdi_50_10_10_30,2,8,50.00%,10.00%,10.00%,30.00%,25.00%,50.00%,2.63%,48,48.71%,48.15%,10.32%,5.79%,1.78,-4.07%,62.50%,0.04470753174927733,-0.030122209320361804,3.76,7.83%,0.38%,148.15,37,67.57%,2.04%,2.26%,-4.46%,7.60%,False
conf_2m_cdi_50_10_10_40,2,8,50.00%,10.00%,10.00%,40.00%,27.50%,50.00%,2.26%,48,46.75%,46.17%,9.95%,5.66%,1.76,-4.07%,62.50%,0.04470753174927733,-0.030122209320361804,3.95,8.22%,0.39%,146.17,37,62.16%,1.66%,2.26%,-6.20%,7.60%,False
conf_2m_cdi_50_10_10_50,2,8,50.00%,10.00%,10.00%,50.00%,30.00%,50.00%,1.89%,48,44.81%,44.21%,9.58%,5.54%,1.73,-4.07%,62.50%,0.04470753174927733,-0.030122209320361804,4.14,8.62%,0.41%,144.21,37,62.16%,1.28%,2.26%,-7.92%,7.60%,False
conf_2m_cdi_50_10_20_00,2,8,50.00%,10.00%,20.00%,0.00%,20.00%,50.00%,3.87%,48,55.49%,54.91%,11.56%,6.27%,1.85,-4.07%,62.50%,0.051505551784493786,-0.030122209320361804,3.73,7.78%,0.37%,154.91,37,100.00%,3.38%,2.72%,0.34%,7.60%,False
conf_2m_cdi_50_10_20_10,2,8,50.00%,10.00%,20.00%,10.00%,22.50%,50.00%,3.51%,48,53.47%,52.92%,11.20%,6.08%,1.84,-4.07%,62.50%,0.046512900945293145,-0.030122209320361804,3.58,7.45%,0.36%,152.92,37,81.08%,2.99%,2.72%,-0.95%,7.60%,False
conf_2m_cdi_50_10_20_20,2,8,50.00%,10.00%,20.00%,20.00%,25.00%,50.00%,3.14%,48,51.46%,50.90%,10.83%,5.90%,1.84,-4.07%,62.50%,0.04470753174927733,-0.030122209320361804,3.72,7.76%,0.37%,150.90,37,81.08%,2.60%,2.52%,-2.71%,7.60%,False
conf_2m_cdi_50_10_20_30,2,8,50.00%,10.00%,20.00%,30.00%,27.50%,50.00%,2.77%,48,49.48%,48.89%,10.46%,5.74%,1.82,-4.07%,62.50%,0.04470753174927733,-0.030122209320361804,3.91,8.15%,0.39%,148.89,37,75.68%,2.22%,2.25%,-4.46%,7.60%,False
conf_2m_cdi_50_10_20_40,2,8,50.00%,10.00%,20.00%,40.00%,30.00%,50.00%,2.40%,48,47.51%,46.90%,10.09%,5.61%,1.80,-4.07%,62.50%,0.04470753174927733,-0.030122209320361804,4.10,8.55%,0.41%,146.90,37,70.27%,1.83%,2.25%,-6.20%,7.60%,False
conf_2m_cdi_50_10_20_50,2,8,50.00%,10.00%,20.00%,50.00%,32.50%,50.00%,2.03%,48,45.56%,44.93%,9.72%,5.49%,1.77,-4.07%,62.50%,0.04470753174927733,-0.030122209320361804,4.29,8.94%,0.43%,144.93,37,70.27%,1.45%,2.25%,-7.92%,7.60%,False
conf_2m_cdi_50_10_30_00,2,8,50.00%,10.00%,30.00%,0.00%,22.50%,50.00%,4.01%,48,56.29%,55.68%,11.70%,6.22%,1.88,-4.07%,64.58%,0.051505551784493786,-0.030122209320361804,3.93,8.18%,0.39%,155.68,37,100.00%,3.55%,3.08%,0.55%,7.60%,False
conf_2m_cdi_50_10_30_10,2,8,50.00%,10.00%,30.00%,10.00%,25.00%,50.00%,3.64%,48,54.26%,53.68%,11.34%,6.03%,1.88,-4.07%,64.58%,0.046512900945293145,-0.030122209320361804,3.77,7.85%,0.38%,153.68,37,83.78%,3.17%,2.95%,-0.95%,7.60%,False
conf_2m_cdi_50_10_30_20,2,8,50.00%,10.00%,30.00%,20.00%,27.50%,50.00%,3.28%,48,52.24%,51.65%,10.97%,5.86%,1.87,-4.07%,64.58%,0.04470753174927733,-0.030122209320361804,3.92,8.16%,0.39%,151.65,37,81.08%,2.78%,2.67%,-2.71%,7.60%,False
conf_2m_cdi_50_10_30_30,2,8,50.00%,10.00%,30.00%,30.00%,30.00%,50.00%,2.90%,48,50.25%,49.63%,10.60%,5.70%,1.86,-4.07%,64.58%,0.04470753174927733,-0.030122209320361804,4.10,8.55%,0.41%,149.63,37,78.38%,2.39%,2.24%,-4.46%,7.60%,False
conf_2m_cdi_50_10_30_40,2,8,50.00%,10.00%,30.00%,40.00%,32.50%,50.00%,2.53%,48,48.27%,47.63%,10.23%,5.56%,1.84,-4.07%,64.58%,0.04470753174927733,-0.030122209320361804,4.30,8.95%,0.43%,147.63,37,72.97%,2.01%,2.24%,-6.20%,7.60%,False
conf_2m_cdi_50_10_30_50,2,8,50.00%,10.00%,30.00%,50.00%,35.00%,50.00%,2.16%,48,46.31%,45.65%,9.86%,5.45%,1.81,-4.07%,64.58%,0.04470753174927733,-0.030122209320361804,4.49,9.35%,0.45%,145.65,37,70.27%,1.63%,2.24%,-7.92%,7.60%,False
conf_2m_cdi_50_10_40_00,2,8,50.00%,10.00%,40.00%,0.00%,25.00%,50.00%,4.14%,48,57.10%,56.45%,11.84%,6.19%,1.91,-4.07%,64.58%,0.051505551784493786,-0.030122209320361804,4.12,8.58%,0.41%,156.45,37,100.00%,3.72%,3.44%,0.71%,7.60%,False
conf_2m_cdi_50_10_40_10,2,8,50.00%,10.00%,40.00%,10.00%,27.50%,50.00%,3.78%,48,55.05%,54.44%,11.48%,5.99%,1.91,-4.07%,64.58%,0.046512900945293145,-0.030122209320361804,3.96,8.25%,0.40%,154.44,37,89.19%,3.34%,3.26%,-0.95%,7.60%,False
conf_2m_cdi_50_10_40_20,2,8,50.00%,10.00%,40.00%,20.00%,30.00%,50.00%,3.41%,48,53.03%,52.40%,11.11%,5.82%,1.91,-4.07%,64.58%,0.04470753174927733,-0.030122209320361804,4.11,8.56%,0.41%,152.40,37,81.08%,2.95%,2.82%,-2.71%,7.60%,False
conf_2m_cdi_50_10_40_30,2,8,50.00%,10.00%,40.00%,30.00%,32.50%,50.00%,3.04%,48,51.02%,50.38%,10.74%,5.66%,1.90,-4.07%,64.58%,0.04470753174927733,-0.030122209320361804,4.30,8.95%,0.43%,150.38,37,78.38%,2.56%,2.23%,-4.46%,7.60%,False
conf_2m_cdi_50_10_40_40,2,8,50.00%,10.00%,40.00%,40.00%,35.00%,50.00%,2.67%,48,49.03%,48.37%,10.37%,5.52%,1.88,-4.07%,64.58%,0.04470753174927733,-0.030122209320361804,4.49,9.35%,0.45%,148.37,37,72.97%,2.18%,2.23%,-6.20%,7.60%,False
conf_2m_cdi_50_10_40_50,2,8,50.00%,10.00%,40.00%,50.00%,37.50%,50.00%,2.30%,48,47.06%,46.38%,9.99%,5.41%,1.85,-4.07%,64.58%,0.04470753174927733,-0.030122209320361804,4.68,9.74%,0.47%,146.38,37,72.97%,1.80%,2.23%,-7.92%,7.60%,False
conf_2m_cdi_50_10_50_00,2,8,50.00%,10.00%,50.00%,0.00%,27.50%,50.00%,4.28%,48,57.90%,57.23%,11.98%,6.15%,1.95,-4.07%,64.58%,0.051505551784493786,-0.030122209320361804,4.31,8.98%,0.43%,157.23,37,100.00%,3.90%,3.66%,0.79%,7.60%,False
conf_2m_cdi_50_10_50_10,2,8,50.00%,10.00%,50.00%,10.00%,30.00%,50.00%,3.92%,48,55.85%,55.21%,11.62%,5.96%,1.95,-4.07%,64.58%,0.046512900945293145,-0.030122209320361804,4.15,8.65%,0.42%,155.21,37,89.19%,3.51%,3.56%,-0.95%,7.60%,False
conf_2m_cdi_50_10_50_20,2,8,50.00%,10.00%,50.00%,20.00%,32.50%,50.00%,3.55%,48,53.82%,53.16%,11.25%,5.78%,1.95,-4.07%,64.58%,0.04470753174927733,-0.030122209320361804,4.30,8.96%,0.43%,153.16,37,83.78%,3.13%,2.93%,-2.71%,7.60%,False
conf_2m_cdi_50_10_50_30,2,8,50.00%,10.00%,50.00%,30.00%,35.00%,50.00%,3.18%,48,51.80%,51.12%,10.87%,5.62%,1.93,-4.07%,64.58%,0.04470753174927733,-0.030122209320361804,4.49,9.35%,0.45%,151.12,37,78.38%,2.74%,2.59%,-4.46%,7.60%,False
conf_2m_cdi_50_10_50_40,2,8,50.00%,10.00%,50.00%,40.00%,37.50%,50.00%,2.81%,48,49.80%,49.10%,10.50%,5.49%,1.91,-4.07%,64.58%,0.04470753174927733,-0.030122209320361804,4.68,9.75%,0.47%,149.10,37,72.97%,2.35%,2.59%,-6.20%,7.60%,False
conf_2m_cdi_50_10_50_50,2,8,50.00%,10.00%,50.00%,50.00%,40.00%,50.00%,2.43%,48,47.82%,47.10%,10.13%,5.37%,1.89,-4.07%,64.58%,0.04470753174927733,-0.030122209320361804,4.87,10.14%,0.49%,147.10,37,72.97%,1.97%,2.59%,-7.92%,7.60%,False
conf_2m_cdi_50_20_00_00,2,8,50.00%,20.00%,0.00%,0.00%,17.50%,50.00%,3.00%,48,50.72%,50.16%,10.70%,6.08%,1.76,-4.07%,62.50%,0.051505551784493786,-0.030122209320361804,3.72,7.75%,0.37%,150.16,37,59.46%,2.44%,2.12%,-1.78%,7.79%,False
conf_2m_cdi_50_20_00_10,2,8,50.00%,20.00%,0.00%,10.00%,20.00%,50.00%,2.65%,48,48.76%,48.24%,10.34%,5.88%,1.76,-4.07%,62.50%,0.046512900945293145,-0.030122209320361804,3.52,7.33%,0.35%,148.24,37,59.46%,2.06%,1.83%,-3.09%,7.79%,False
conf_2m_cdi_50_20_00_20,2,8,50.00%,20.00%,0.00%,20.00%,22.50%,50.00%,2.29%,48,46.82%,46.33%,9.98%,5.69%,1.75,-4.07%,62.50%,0.04152069542759018,-0.030122209320361804,3.36,7.00%,0.34%,146.33,37,56.76%,1.69%,1.67%,-4.79%,7.79%,False
conf_2m_cdi_50_20_00_30,2,8,50.00%,20.00%,0.00%,30.00%,25.00%,50.00%,1.92%,48,44.89%,44.39%,9.62%,5.53%,1.74,-4.07%,62.50%,0.04011416094005238,-0.030122209320361804,3.51,7.31%,0.35%,144.39,37,51.35%,1.31%,1.67%,-6.51%,7.79%,False
conf_2m_cdi_50_20_00_40,2,8,50.00%,20.00%,0.00%,40.00%,27.50%,50.00%,1.55%,48,42.99%,42.46%,9.25%,5.38%,1.72,-4.07%,62.50%,0.04011416094005238,-0.030122209320361804,3.70,7.70%,0.37%,142.46,37,51.35%,0.93%,1.67%,-8.21%,7.79%,False
conf_2m_cdi_50_20_00_50,2,8,50.00%,20.00%,0.00%,50.00%,30.00%,50.00%,1.19%,48,41.10%,40.55%,8.88%,5.26%,1.69,-4.07%,62.50%,0.04011416094005238,-0.030122209320361804,3.89,8.10%,0.39%,140.55,37,51.35%,0.55%,1.67%,-9.91%,7.79%,False
conf_2m_cdi_50_20_10_00,2,8,50.00%,20.00%,10.00%,0.00%,20.00%,50.00%,3.15%,48,51.50%,50.97%,10.85%,6.02%,1.80,-4.07%,62.50%,0.051505551784493786,-0.030122209320361804,3.52,7.33%,0.35%,150.97,37,64.86%,2.62%,2.24%,-1.39%,7.79%,False
conf_2m_cdi_50_20_10_10,2,8,50.00%,20.00%,10.00%,10.00%,22.50%,50.00%,2.80%,48,49.53%,49.04%,10.49%,5.82%,1.80,-4.07%,62.50%,0.046512900945293145,-0.030122209320361804,3.32,6.91%,0.33%,149.04,37,64.86%,2.25%,2.19%,-3.09%,7.79%,False
conf_2m_cdi_50_20_10_20,2,8,50.00%,20.00%,10.00%,20.00%,25.00%,50.00%,2.44%,48,47.58%,47.12%,10.13%,5.64%,1.80,-4.07%,62.50%,0.04152069542759018,-0.030122209320361804,3.16,6.58%,0.32%,147.12,37,62.16%,1.87%,2.00%,-4.79%,7.79%,False
conf_2m_cdi_50_20_10_30,2,8,50.00%,20.00%,10.00%,30.00%,27.50%,50.00%,2.07%,48,45.65%,45.17%,9.77%,5.47%,1.79,-4.07%,62.50%,0.04011416094005238,-0.030122209320361804,3.31,6.89%,0.33%,145.17,37,56.76%,1.49%,2.00%,-6.51%,7.79%,False
conf_2m_cdi_50_20_10_40,2,8,50.00%,20.00%,10.00%,40.00%,30.00%,50.00%,1.70%,48,43.73%,43.23%,9.40%,5.32%,1.77,-4.07%,62.50%,0.04011416094005238,-0.030122209320361804,3.50,7.29%,0.35%,143.23,37,56.76%,1.11%,2.00%,-8.21%,7.79%,False
conf_2m_cdi_50_20_10_50,2,8,50.00%,20.00%,10.00%,50.00%,32.50%,50.00%,1.33%,48,41.83%,41.31%,9.03%,5.20%,1.74,-4.07%,62.50%,0.04011416094005238,-0.030122209320361804,3.69,7.68%,0.37%,141.31,37,56.76%,0.74%,2.00%,-9.91%,7.79%,False
conf_2m_cdi_50_20_20_00,2,8,50.00%,20.00%,20.00%,0.00%,22.50%,50.00%,3.30%,48,52.29%,51.78%,11.00%,5.97%,1.84,-4.07%,62.50%,0.051505551784493786,-0.030122209320361804,3.34,6.96%,0.33%,151.78,37,70.27%,2.81%,2.49%,-1.39%,7.79%,False
conf_2m_cdi_50_20_20_10,2,8,50.00%,20.00%,20.00%,10.00%,25.00%,50.00%,2.94%,48,50.31%,49.84%,10.64%,5.77%,1.84,-4.07%,62.50%,0.046512900945293145,-0.030122209320361804,3.14,6.54%,0.31%,149.84,37,70.27%,2.43%,2.33%,-3.09%,7.79%,False
conf_2m_cdi_50_20_20_20,2,8,50.00%,20.00%,20.00%,20.00%,27.50%,50.00%,2.58%,48,48.35%,47.90%,10.28%,5.59%,1.84,-4.07%,62.50%,0.04152069542759018,-0.030122209320361804,2.98,6.21%,0.30%,147.90,37,67.57%,2.06%,2.21%,-4.79%,7.79%,False
conf_2m_cdi_50_20_20_30,2,8,50.00%,20.00%,20.00%,30.00%,30.00%,50.00%,2.22%,48,46.40%,45.94%,9.91%,5.42%,1.83,-4.07%,62.50%,0.04011416094005238,-0.030122209320361804,3.13,6.52%,0.31%,145.94,37,62.16%,1.68%,2.21%,-6.51%,7.79%,False
conf_2m_cdi_50_20_20_40,2,8,50.00%,20.00%,20.00%,40.00%,32.50%,50.00%,1.85%,48,44.47%,43.99%,9.54%,5.27%,1.81,-4.07%,62.50%,0.04011416094005238,-0.030122209320361804,3.32,6.91%,0.33%,143.99,37,62.16%,1.30%,2.21%,-8.21%,7.79%,False
conf_2m_cdi_50_20_20_50,2,8,50.00%,20.00%,20.00%,50.00%,35.00%,50.00%,1.48%,48,42.56%,42.06%,9.17%,5.15%,1.78,-4.07%,62.50%,0.04011416094005238,-0.030122209320361804,3.51,7.31%,0.35%,142.06,37,62.16%,0.92%,2.21%,-9.91%,7.79%,False
conf_2m_cdi_50_20_30_00,2,8,50.00%,20.00%,30.00%,0.00%,25.00%,50.00%,3.44%,48,53.08%,52.54%,11.13%,5.93%,1.88,-4.07%,64.58%,0.051505551784493786,-0.030122209320361804,3.50,7.29%,0.35%,152.54,37,75.68%,2.98%,2.64%,-1.39%,7.79%,False
conf_2m_cdi_50_20_30_10,2,8,50.00%,20.00%,30.00%,10.00%,27.50%,50.00%,3.08%,48,51.09%,50.59%,10.78%,5.73%,1.88,-4.07%,64.58%,0.046512900945293145,-0.030122209320361804,3.30,6.87%,0.33%,150.59,37,75.68%,2.60%,2.63%,-3.09%,7.79%,False
conf_2m_cdi_50_20_30_20,2,8,50.00%,20.00%,30.00%,20.00%,30.00%,50.00%,2.72%,48,49.11%,48.65%,10.42%,5.54%,1.88,-4.07%,64.58%,0.04152069542759018,-0.030122209320361804,3.14,6.54%,0.31%,148.65,37,72.97%,2.23%,2.20%,-4.79%,7.79%,False
conf_2m_cdi_50_20_30_30,2,8,50.00%,20.00%,30.00%,30.00%,32.50%,50.00%,2.35%,48,47.16%,46.67%,10.05%,5.37%,1.87,-4.07%,64.58%,0.04011416094005238,-0.030122209320361804,3.29,6.85%,0.33%,146.67,37,67.57%,1.85%,2.20%,-6.51%,7.79%,False
conf_2m_cdi_50_20_30_40,2,8,50.00%,20.00%,30.00%,40.00%,35.00%,50.00%,1.98%,48,45.22%,44.72%,9.68%,5.22%,1.85,-4.07%,64.58%,0.04011416094005238,-0.030122209320361804,3.48,7.25%,0.35%,144.72,37,67.57%,1.47%,2.20%,-8.21%,7.79%,False
conf_2m_cdi_50_20_30_50,2,8,50.00%,20.00%,30.00%,50.00%,37.50%,50.00%,1.62%,48,43.30%,42.78%,9.31%,5.10%,1.83,-4.07%,64.58%,0.04011416094005238,-0.030122209320361804,3.67,7.64%,0.37%,142.78,37,67.57%,1.09%,2.20%,-9.91%,7.79%,False
conf_2m_cdi_50_20_40_00,2,8,50.00%,20.00%,40.00%,0.00%,27.50%,50.00%,3.58%,48,53.87%,53.30%,11.27%,5.89%,1.91,-4.07%,64.58%,0.051505551784493786,-0.030122209320361804,3.69,7.69%,0.37%,153.30,37,83.78%,3.15%,2.95%,-1.39%,7.79%,False
conf_2m_cdi_50_20_40_10,2,8,50.00%,20.00%,40.00%,10.00%,30.00%,50.00%,3.22%,48,51.86%,51.34%,10.91%,5.69%,1.92,-4.07%,64.58%,0.046512900945293145,-0.030122209320361804,3.49,7.27%,0.35%,151.34,37,78.38%,2.78%,2.78%,-3.09%,7.79%,False
conf_2m_cdi_50_20_40_20,2,8,50.00%,20.00%,40.00%,20.00%,32.50%,50.00%,2.86%,48,49.88%,49.38%,10.55%,5.50%,1.92,-4.07%,64.58%,0.04152069542759018,-0.030122209320361804,3.33,6.94%,0.33%,149.38,37,75.68%,2.40%,2.19%,-4.79%,7.79%,False
conf_2m_cdi_50_20_40_30,2,8,50.00%,20.00%,40.00%,30.00%,35.00%,50.00%,2.49%,48,47.92%,47.40%,10.19%,5.33%,1.91,-4.07%,64.58%,0.04011416094005238,-0.030122209320361804,3.48,7.25%,0.35%,147.40,37,70.27%,2.02%,2.19%,-6.51%,7.79%,False
conf_2m_cdi_50_20_40_40,2,8,50.00%,20.00%,40.00%,40.00%,37.50%,50.00%,2.12%,48,45.97%,45.43%,9.82%,5.18%,1.89,-4.07%,64.58%,0.04011416094005238,-0.030122209320361804,3.67,7.64%,0.37%,145.43,37,70.27%,1.64%,2.19%,-8.21%,7.79%,False
conf_2m_cdi_50_20_40_50,2,8,50.00%,20.00%,40.00%,50.00%,40.00%,50.00%,1.75%,48,44.04%,43.48%,9.45%,5.06%,1.87,-4.07%,64.58%,0.04011416094005238,-0.030122209320361804,3.86,8.04%,0.39%,143.48,37,70.27%,1.27%,2.19%,-9.91%,7.79%,False
conf_2m_cdi_50_20_50_00,2,8,50.00%,20.00%,50.00%,0.00%,30.00%,50.00%,3.71%,48,54.66%,54.06%,11.41%,5.86%,1.95,-4.07%,64.58%,0.051505551784493786,-0.030122209320361804,3.88,8.09%,0.39%,154.06,37,86.49%,3.33%,3.25%,-1.39%,7.79%,False
conf_2m_cdi_50_20_50_10,2,8,50.00%,20.00%,50.00%,10.00%,32.50%,50.00%,3.36%,48,52.65%,52.09%,11.05%,5.65%,1.96,-4.07%,64.58%,0.046512900945293145,-0.030122209320361804,3.68,7.67%,0.37%,152.09,37,81.08%,2.95%,2.85%,-3.09%,7.79%,False
conf_2m_cdi_50_20_50_20,2,8,50.00%,20.00%,50.00%,20.00%,35.00%,50.00%,3.00%,48,50.65%,50.12%,10.69%,5.46%,1.96,-4.07%,64.58%,0.04152069542759018,-0.030122209320361804,3.52,7.34%,0.35%,150.12,37,78.38%,2.58%,2.35%,-4.79%,7.79%,False
conf_2m_cdi_50_20_50_30,2,8,50.00%,20.00%,50.00%,30.00%,37.50%,50.00%,2.63%,48,48.68%,48.13%,10.32%,5.29%,1.95,-4.07%,64.58%,0.04011416094005238,-0.030122209320361804,3.67,7.65%,0.37%,148.13,37,72.97%,2.19%,2.35%,-6.51%,7.79%,False
conf_2m_cdi_50_20_50_40,2,8,50.00%,20.00%,50.00%,40.00%,40.00%,50.00%,2.26%,48,46.72%,46.15%,9.95%,5.14%,1.93,-4.07%,64.58%,0.04011416094005238,-0.030122209320361804,3.86,8.04%,0.39%,146.15,37,70.27%,1.82%,2.35%,-8.21%,7.79%,False
conf_2m_cdi_50_20_50_50,2,8,50.00%,20.00%,50.00%,50.00%,42.50%,50.00%,1.89%,48,44.78%,44.19%,9.58%,5.02%,1.91,-4.07%,64.58%,0.04011416094005238,-0.030122209320361804,4.05,8.44%,0.41%,144.19,37,70.27%,1.44%,2.35%,-9.91%,7.79%,False
conf_2m_cdi_50_30_00_00,2,8,50.00%,30.00%,0.00%,0.00%,20.00%,50.00%,2.43%,48,47.61%,47.06%,10.12%,5.81%,1.74,-4.07%,62.50%,0.051505551784493786,-0.030122209320361804,3.70,7.71%,0.37%,147.06,37,59.46%,1.86%,1.72%,-3.54%,7.97%,False
conf_2m_cdi_50_30_00_10,2,8,50.00%,30.00%,0.00%,10.00%,22.50%,50.00%,2.07%,48,45.69%,45.18%,9.77%,5.60%,1.74,-4.07%,62.50%,0.046512900945293145,-0.030122209320361804,3.49,7.28%,0.35%,145.18,37,56.76%,1.49%,1.34%,-5.21%,7.97%,False
conf_2m_cdi_50_30_00_20,2,8,50.00%,30.00%,0.00%,20.00%,25.00%,50.00%,1.72%,48,43.79%,43.31%,9.41%,5.41%,1.74,-4.07%,62.50%,0.04152069542759018,-0.030122209320361804,3.29,6.86%,0.33%,143.31,37,51.35%,1.12%,1.34%,-6.87%,7.97%,False
conf_2m_cdi_50_30_00_30,2,8,50.00%,30.00%,0.00%,30.00%,27.50%,50.00%,1.36%,48,41.90%,41.46%,9.06%,5.23%,1.73,-4.07%,62.50%,0.03652893371422139,-0.030122209320361804,3.13,6.52%,0.31%,141.46,37,51.35%,0.76%,1.34%,-8.53%,7.97%,False
conf_2m_cdi_50_30_00_40,2,8,50.00%,30.00%,0.00%,40.00%,30.00%,50.00%,1.00%,48,40.03%,39.57%,8.69%,5.07%,1.71,-4.07%,62.50%,0.035519850255603114,-0.030122209320361804,3.28,6.83%,0.33%,139.57,37,51.35%,0.38%,1.34%,-10.20%,7.97%,False
conf_2m_cdi_50_30_00_50,2,8,50.00%,30.00%,0.00%,50.00%,32.50%,50.00%,0.63%,48,38.18%,37.70%,8.33%,4.94%,1.69,-4.07%,62.50%,0.035519850255603114,-0.030122209320361804,3.47,7.23%,0.35%,137.70,37,51.35%,0.01%,1.34%,-11.87%,7.97%,False
conf_2m_cdi_50_30_10_00,2,8,50.00%,30.00%,10.00%,0.00%,22.50%,50.00%,2.58%,48,48.37%,47.86%,10.27%,5.76%,1.78,-4.07%,62.50%,0.051505551784493786,-0.030122209320361804,3.49,7.27%,0.35%,147.86,37,59.46%,2.04%,1.87%,-3.54%,7.97%,False
conf_2m_cdi_50_30_10_10,2,8,50.00%,30.00%,10.00%,10.00%,25.00%,50.00%,2.22%,48,46.45%,45.97%,9.92%,5.54%,1.79,-4.07%,62.50%,0.046512900945293145,-0.030122209320361804,3.29,6.85%,0.33%,145.97,37,56.76%,1.67%,1.67%,-5.21%,7.97%,False
conf_2m_cdi_50_30_10_20,2,8,50.00%,30.00%,10.00%,20.00%,27.50%,50.00%,1.87%,48,44.53%,44.09%,9.56%,5.35%,1.79,-4.07%,62.50%,0.04152069542759018,-0.030122209320361804,3.08,6.42%,0.31%,144.09,37,51.35%,1.31%,1.67%,-6.87%,7.97%,False
conf_2m_cdi_50_30_10_30,2,8,50.00%,30.00%,10.00%,30.00%,30.00%,50.00%,1.51%,48,42.64%,42.22%,9.20%,5.17%,1.78,-4.07%,62.50%,0.03652893371422139,-0.030122209320361804,2.92,6.08%,0.29%,142.22,37,51.35%,0.94%,1.67%,-8.53%,7.97%,False
conf_2m_cdi_50_30_10_40,2,8,50.00%,30.00%,10.00%,40.00%,32.50%,50.00%,1.14%,48,40.76%,40.33%,8.84%,5.01%,1.76,-4.07%,62.50%,0.035519850255603114,-0.030122209320361804,3.07,6.40%,0.31%,140.33,37,51.35%,0.57%,1.67%,-10.20%,7.97%,False
conf_2m_cdi_50_30_10_50,2,8,50.00%,30.00%,10.00%,50.00%,35.00%,50.00%,0.78%,48,38.90%,38.45%,8.47%,4.88%,1.74,-4.07%,62.50%,0.035519850255603114,-0.030122209320361804,3.26,6.79%,0.33%,138.45,37,51.35%,0.20%,1.67%,-11.87%,7.97%,False
conf_2m_cdi_50_30_20_00,2,8,50.00%,30.00%,20.00%,0.00%,25.00%,50.00%,2.72%,48,49.14%,48.65%,10.42%,5.71%,1.83,-4.07%,62.50%,0.051505551784493786,-0.030122209320361804,3.29,6.85%,0.33%,148.65,37,64.86%,2.23%,2.16%,-3.54%,7.97%,False
conf_2m_cdi_50_30_20_10,2,8,50.00%,30.00%,20.00%,10.00%,27.50%,50.00%,2.37%,48,47.20%,46.75%,10.06%,5.49%,1.83,-4.07%,62.50%,0.046512900945293145,-0.030122209320361804,3.08,6.42%,0.31%,146.75,37,62.16%,1.86%,2.00%,-5.21%,7.97%,False
conf_2m_cdi_50_30_20_20,2,8,50.00%,30.00%,20.00%,20.00%,30.00%,50.00%,2.01%,48,45.28%,44.86%,9.71%,5.29%,1.83,-4.07%,62.50%,0.04152069542759018,-0.030122209320361804,2.88,6.00%,0.29%,144.86,37,56.76%,1.49%,2.00%,-6.87%,7.97%,False
conf_2m_cdi_50_30_20_30,2,8,50.00%,30.00%,20.00%,30.00%,32.50%,50.00%,1.66%,48,43.38%,42.99%,9.35%,5.12%,1.83,-4.07%,62.50%,0.03652893371422139,-0.030122209320361804,2.72,5.66%,0.27%,142.99,37,56.76%,1.13%,2.00%,-8.53%,7.97%,False
conf_2m_cdi_50_30_20_40,2,8,50.00%,30.00%,20.00%,40.00%,35.00%,50.00%,1.29%,48,41.49%,41.08%,8.99%,4.96%,1.81,-4.07%,62.50%,0.035519850255603114,-0.030122209320361804,2.87,5.98%,0.29%,141.08,37,56.76%,0.75%,2.00%,-10.20%,7.97%,False
conf_2m_cdi_50_30_20_50,2,8,50.00%,30.00%,20.00%,50.00%,37.50%,50.00%,0.92%,48,39.62%,39.19%,8.62%,4.82%,1.79,-4.07%,62.50%,0.035519850255603114,-0.030122209320361804,3.06,6.37%,0.31%,139.19,37,56.76%,0.38%,2.00%,-11.87%,7.97%,False
conf_2m_cdi_50_30_30_00,2,8,50.00%,30.00%,30.00%,0.00%,27.50%,50.00%,2.87%,48,49.91%,49.45%,10.57%,5.66%,1.87,-4.07%,64.58%,0.051505551784493786,-0.030122209320361804,3.11,6.48%,0.31%,149.45,37,70.27%,2.41%,2.33%,-3.54%,7.97%,False
conf_2m_cdi_50_30_30_10,2,8,50.00%,30.00%,30.00%,10.00%,30.00%,50.00%,2.52%,48,47.96%,47.54%,10.21%,5.44%,1.88,-4.07%,64.58%,0.046512900945293145,-0.030122209320361804,2.90,6.05%,0.29%,147.54,37,67.57%,2.04%,2.17%,-5.21%,7.97%,False
conf_2m_cdi_50_30_30_20,2,8,50.00%,30.00%,30.00%,20.00%,32.50%,50.00%,2.16%,48,46.03%,45.64%,9.85%,5.25%,1.88,-4.07%,64.58%,0.04152069542759018,-0.030122209320361804,2.70,5.62%,0.27%,145.64,37,62.16%,1.68%,2.17%,-6.87%,7.97%,False
conf_2m_cdi_50_30_30_30,2,8,50.00%,30.00%,30.00%,30.00%,35.00%,50.00%,1.80%,48,44.12%,43.75%,9.50%,5.07%,1.87,-4.07%,64.58%,0.03652893371422139,-0.030122209320361804,2.54,5.29%,0.25%,143.75,37,62.16%,1.31%,2.17%,-8.53%,7.97%,False
conf_2m_cdi_50_30_30_40,2,8,50.00%,30.00%,30.00%,40.00%,37.50%,50.00%,1.44%,48,42.22%,41.84%,9.13%,4.91%,1.86,-4.07%,64.58%,0.035519850255603114,-0.030122209320361804,2.69,5.60%,0.27%,141.84,37,62.16%,0.94%,2.17%,-10.20%,7.97%,False
conf_2m_cdi_50_30_30_50,2,8,50.00%,30.00%,30.00%,50.00%,40.00%,50.00%,1.07%,48,40.34%,39.94%,8.76%,4.77%,1.84,-4.07%,64.58%,0.035519850255603114,-0.030122209320361804,2.88,6.00%,0.29%,139.94,37,62.16%,0.57%,2.17%,-11.87%,7.97%,False
conf_2m_cdi_50_30_40_00,2,8,50.00%,30.00%,40.00%,0.00%,30.00%,50.00%,3.01%,48,50.69%,50.19%,10.70%,5.62%,1.90,-4.07%,64.58%,0.051505551784493786,-0.030122209320361804,3.27,6.82%,0.33%,150.19,37,75.68%,2.59%,2.63%,-3.54%,7.97%,False
conf_2m_cdi_50_30_40_10,2,8,50.00%,30.00%,40.00%,10.00%,32.50%,50.00%,2.65%,48,48.73%,48.27%,10.35%,5.40%,1.92,-4.07%,64.58%,0.046512900945293145,-0.030122209320361804,3.07,6.39%,0.31%,148.27,37,72.97%,2.22%,2.16%,-5.21%,7.97%,False
conf_2m_cdi_50_30_40_20,2,8,50.00%,30.00%,40.00%,20.00%,35.00%,50.00%,2.30%,48,46.79%,46.37%,9.99%,5.20%,1.92,-4.07%,64.58%,0.04152069542759018,-0.030122209320361804,2.86,5.96%,0.29%,146.37,37,67.57%,1.85%,2.16%,-6.87%,7.97%,False
conf_2m_cdi_50_30_40_30,2,8,50.00%,30.00%,40.00%,30.00%,37.50%,50.00%,1.94%,48,44.86%,44.47%,9.63%,5.02%,1.92,-4.07%,64.58%,0.03652893371422139,-0.030122209320361804,2.70,5.63%,0.27%,144.47,37,67.57%,1.48%,2.16%,-8.53%,7.97%,False
conf_2m_cdi_50_30_40_40,2,8,50.00%,30.00%,40.00%,40.00%,40.00%,50.00%,1.57%,48,42.95%,42.55%,9.27%,4.86%,1.91,-4.07%,64.58%,0.035519850255603114,-0.030122209320361804,2.85,5.94%,0.29%,142.55,37,67.57%,1.11%,2.16%,-10.20%,7.97%,False
conf_2m_cdi_50_30_40_50,2,8,50.00%,30.00%,40.00%,50.00%,42.50%,50.00%,1.20%,48,41.06%,40.63%,8.90%,4.73%,1.88,-4.07%,64.58%,0.035519850255603114,-0.030122209320361804,3.04,6.34%,0.30%,140.63,37,67.57%,0.74%,2.16%,-11.87%,7.97%,False
conf_2m_cdi_50_30_50_00,2,8,50.00%,30.00%,50.00%,0.00%,32.50%,50.00%,3.15%,48,51.46%,50.94%,10.84%,5.58%,1.94,-4.07%,64.58%,0.051505551784493786,-0.030122209320361804,3.46,7.21%,0.35%,150.94,37,75.68%,2.76%,2.70%,-3.54%,7.97%,False
conf_2m_cdi_50_30_50_10,2,8,50.00%,30.00%,50.00%,10.00%,35.00%,50.00%,2.79%,48,49.49%,49.01%,10.48%,5.37%,1.95,-4.07%,64.58%,0.046512900945293145,-0.030122209320361804,3.26,6.79%,0.33%,149.01,37,72.97%,2.39%,2.15%,-5.21%,7.97%,False
conf_2m_cdi_50_30_50_20,2,8,50.00%,30.00%,50.00%,20.00%,37.50%,50.00%,2.43%,48,47.54%,47.09%,10.13%,5.17%,1.96,-4.07%,64.58%,0.04152069542759018,-0.030122209320361804,3.05,6.36%,0.31%,147.09,37,67.57%,2.02%,2.15%,-6.87%,7.97%,False
conf_2m_cdi_50_30_50_30,2,8,50.00%,30.00%,50.00%,30.00%,40.00%,50.00%,2.07%,48,45.61%,45.19%,9.77%,4.99%,1.96,-4.07%,64.58%,0.03652893371422139,-0.030122209320361804,2.89,6.02%,0.29%,145.19,37,67.57%,1.65%,2.15%,-8.53%,7.97%,False
conf_2m_cdi_50_30_50_40,2,8,50.00%,30.00%,50.00%,40.00%,42.50%,50.00%,1.71%,48,43.69%,43.25%,9.40%,4.83%,1.95,-4.07%,64.58%,0.035519850255603114,-0.030122209320361804,3.04,6.34%,0.30%,143.25,37,67.57%,1.28%,2.15%,-10.20%,7.97%,False
conf_2m_cdi_50_30_50_50,2,8,50.00%,30.00%,50.00%,50.00%,45.00%,50.00%,1.34%,48,41.79%,41.33%,9.03%,4.69%,1.93,-4.07%,64.58%,0.035519850255603114,-0.030122209320361804,3.23,6.74%,0.32%,141.33,37,67.57%,0.91%,2.15%,-11.87%,7.97%,False
conf_2m_cdi_50_40_00_00,2,8,50.00%,40.00%,0.00%,0.00%,22.50%,50.00%,1.85%,48,44.55%,44.01%,9.55%,5.58%,1.71,-4.07%,66.67%,0.051505551784493786,-0.030122209320361804,3.68,7.67%,0.37%,144.01,37,54.05%,1.29%,1.01%,-5.66%,8.16%,False
conf_2m_cdi_50_40_00_10,2,8,50.00%,40.00%,0.00%,10.00%,25.00%,50.00%,1.50%,48,42.67%,42.17%,9.19%,5.35%,1.72,-4.07%,66.67%,0.046512900945293145,-0.030122209320361804,3.48,7.24%,0.35%,142.17,37,51.35%,0.92%,1.01%,-7.31%,8.16%,False
conf_2m_cdi_50_40_00_20,2,8,50.00%,40.00%,0.00%,20.00%,27.50%,50.00%,1.15%,48,40.80%,40.34%,8.84%,5.15%,1.72,-4.07%,66.67%,0.04152069542759018,-0.030122209320361804,3.27,6.82%,0.33%,140.34,37,51.35%,0.56%,1.01%,-8.94%,8.16%,False
conf_2m_cdi_50_40_00_30,2,8,50.00%,40.00%,0.00%,30.00%,30.00%,50.00%,0.79%,48,38.96%,38.53%,8.49%,4.96%,1.71,-4.07%,66.67%,0.03652893371422139,-0.030122209320361804,3.06,6.38%,0.31%,138.53,37,51.35%,0.20%,1.01%,-10.56%,8.16%,False
conf_2m_cdi_50_40_00_40,2,8,50.00%,40.00%,0.00%,40.00%,32.50%,50.00%,0.44%,48,37.13%,36.73%,8.14%,4.79%,1.70,-4.07%,66.67%,0.03153747705339782,-0.030122209320361804,2.90,6.04%,0.29%,136.73,37,51.35%,-0.16%,1.01%,-12.17%,8.16%,False
conf_2m_cdi_50_40_00_50,2,8,50.00%,40.00%,0.00%,50.00%,35.00%,50.00%,0.08%,48,35.31%,34.90%,7.77%,4.65%,1.67,-4.07%,66.67%,0.030924100406252597,-0.030122209320361804,3.05,6.36%,0.31%,134.90,37,51.35%,-0.52%,1.01%,-13.81%,8.16%,False
conf_2m_cdi_50_40_10_00,2,8,50.00%,40.00%,10.00%,0.00%,25.00%,50.00%,2.00%,48,45.30%,44.79%,9.69%,5.52%,1.76,-4.07%,66.67%,0.051505551784493786,-0.030122209320361804,3.47,7.24%,0.35%,144.79,37,54.05%,1.47%,1.34%,-5.66%,8.16%,False
conf_2m_cdi_50_40_10_10,2,8,50.00%,40.00%,10.00%,10.00%,27.50%,50.00%,1.65%,48,43.41%,42.94%,9.34%,5.29%,1.76,-4.07%,66.67%,0.046512900945293145,-0.030122209320361804,3.27,6.81%,0.33%,142.94,37,51.35%,1.11%,1.34%,-7.31%,8.16%,False
conf_2m_cdi_50_40_10_20,2,8,50.00%,40.00%,10.00%,20.00%,30.00%,50.00%,1.29%,48,41.53%,41.10%,8.99%,5.09%,1.77,-4.07%,66.67%,0.04152069542759018,-0.030122209320361804,3.06,6.38%,0.31%,141.10,37,51.35%,0.74%,1.34%,-8.94%,8.16%,False
conf_2m_cdi_50_40_10_30,2,8,50.00%,40.00%,10.00%,30.00%,32.50%,50.00%,0.94%,48,39.68%,39.28%,8.64%,4.90%,1.76,-4.07%,66.67%,0.03652893371422139,-0.030122209320361804,2.86,5.95%,0.29%,139.28,37,51.35%,0.38%,1.34%,-10.56%,8.16%,False
conf_2m_cdi_50_40_10_40,2,8,50.00%,40.00%,10.00%,40.00%,35.00%,50.00%,0.59%,48,37.84%,37.47%,8.28%,4.73%,1.75,-4.07%,66.67%,0.03153747705339782,-0.030122209320361804,2.69,5.60%,0.27%,137.47,37,51.35%,0.03%,1.34%,-12.17%,8.16%,False
conf_2m_cdi_50_40_10_50,2,8,50.00%,40.00%,10.00%,50.00%,37.50%,50.00%,0.22%,48,36.02%,35.63%,7.92%,4.59%,1.73,-4.07%,66.67%,0.030924100406252597,-0.030122209320361804,2.85,5.93%,0.28%,135.63,37,51.35%,-0.34%,1.34%,-13.81%,8.16%,False
conf_2m_cdi_50_40_20_00,2,8,50.00%,40.00%,20.00%,0.00%,27.50%,50.00%,2.15%,48,46.05%,45.57%,9.84%,5.47%,1.80,-4.07%,66.67%,0.051505551784493786,-0.030122209320361804,3.26,6.80%,0.33%,145.57,37,59.46%,1.66%,1.67%,-5.66%,8.16%,False
conf_2m_cdi_50_40_20_10,2,8,50.00%,40.00%,20.00%,10.00%,30.00%,50.00%,1.79%,48,44.15%,43.71%,9.49%,5.24%,1.81,-4.07%,66.67%,0.046512900945293145,-0.030122209320361804,3.06,6.37%,0.31%,143.71,37,56.76%,1.29%,1.67%,-7.31%,8.16%,False
conf_2m_cdi_50_40_20_20,2,8,50.00%,40.00%,20.00%,20.00%,32.50%,50.00%,1.44%,48,42.27%,41.86%,9.14%,5.03%,1.82,-4.07%,66.67%,0.04152069542759018,-0.030122209320361804,2.85,5.95%,0.29%,141.86,37,56.76%,0.93%,1.67%,-8.94%,8.16%,False
conf_2m_cdi_50_40_20_30,2,8,50.00%,40.00%,20.00%,30.00%,35.00%,50.00%,1.09%,48,40.40%,40.03%,8.78%,4.84%,1.81,-4.07%,66.67%,0.03652893371422139,-0.030122209320361804,2.65,5.52%,0.26%,140.03,37,56.76%,0.57%,1.67%,-10.56%,8.16%,False
conf_2m_cdi_50_40_20_40,2,8,50.00%,40.00%,20.00%,40.00%,37.50%,50.00%,0.73%,48,38.55%,38.21%,8.43%,4.67%,1.80,-4.07%,66.67%,0.03153747705339782,-0.030122209320361804,2.48,5.17%,0.25%,138.21,37,56.76%,0.21%,1.67%,-12.17%,8.16%,False
conf_2m_cdi_50_40_20_50,2,8,50.00%,40.00%,20.00%,50.00%,40.00%,50.00%,0.37%,48,36.72%,36.36%,8.06%,4.53%,1.78,-4.07%,66.67%,0.030924100406252597,-0.030122209320361804,2.64,5.49%,0.26%,136.36,37,56.76%,-0.16%,1.67%,-13.81%,8.16%,False
conf_2m_cdi_50_40_30_00,2,8,50.00%,40.00%,30.00%,0.00%,30.00%,50.00%,2.29%,48,46.80%,46.35%,9.99%,5.42%,1.84,-4.07%,68.75%,0.051505551784493786,-0.030122209320361804,3.06,6.37%,0.31%,146.35,37,59.46%,1.84%,1.99%,-5.66%,8.16%,False
conf_2m_cdi_50_40_30_10,2,8,50.00%,40.00%,30.00%,10.00%,32.50%,50.00%,1.94%,48,44.89%,44.48%,9.64%,5.19%,1.86,-4.07%,68.75%,0.046512900945293145,-0.030122209320361804,2.85,5.95%,0.29%,144.48,37,56.76%,1.48%,1.99%,-7.31%,8.16%,False
conf_2m_cdi_50_40_30_20,2,8,50.00%,40.00%,30.00%,20.00%,35.00%,50.00%,1.59%,48,43.00%,42.62%,9.28%,4.98%,1.86,-4.07%,68.75%,0.04152069542759018,-0.030122209320361804,2.65,5.52%,0.26%,142.62,37,56.76%,1.11%,1.99%,-8.94%,8.16%,False
conf_2m_cdi_50_40_30_30,2,8,50.00%,40.00%,30.00%,30.00%,37.50%,50.00%,1.23%,48,41.13%,40.78%,8.93%,4.79%,1.86,-4.07%,68.75%,0.03652893371422139,-0.030122209320361804,2.44,5.09%,0.24%,140.78,37,56.76%,0.75%,1.99%,-10.56%,8.16%,False
conf_2m_cdi_50_40_30_40,2,8,50.00%,40.00%,30.00%,40.00%,40.00%,50.00%,0.88%,48,39.27%,38.95%,8.57%,4.62%,1.86,-4.07%,68.75%,0.03153747705339782,-0.030122209320361804,2.28,4.74%,0.23%,138.95,37,56.76%,0.39%,1.99%,-12.17%,8.16%,False
conf_2m_cdi_50_40_30_50,2,8,50.00%,40.00%,30.00%,50.00%,42.50%,50.00%,0.51%,48,37.43%,37.09%,8.21%,4.47%,1.83,-4.07%,68.75%,0.030924100406252597,-0.030122209320361804,2.43,5.06%,0.24%,137.09,37,56.76%,0.03%,1.99%,-13.81%,8.16%,False
conf_2m_cdi_50_40_40_00,2,8,50.00%,40.00%,40.00%,0.00%,32.50%,50.00%,2.44%,48,47.56%,47.14%,10.14%,5.38%,1.88,-4.07%,68.75%,0.051505551784493786,-0.030122209320361804,2.88,6.00%,0.29%,147.14,37,64.86%,2.02%,2.12%,-5.66%,8.16%,False
conf_2m_cdi_50_40_40_10,2,8,50.00%,40.00%,40.00%,10.00%,35.00%,50.00%,2.09%,48,45.64%,45.25%,9.78%,5.15%,1.90,-4.07%,68.75%,0.046512900945293145,-0.030122209320361804,2.67,5.57%,0.27%,145.25,37,62.16%,1.66%,2.12%,-7.31%,8.16%,False
conf_2m_cdi_50_40_40_20,2,8,50.00%,40.00%,40.00%,20.00%,37.50%,50.00%,1.73%,48,43.74%,43.39%,9.43%,4.94%,1.91,-4.07%,68.75%,0.04152069542759018,-0.030122209320361804,2.47,5.14%,0.25%,143.39,37,62.16%,1.30%,2.12%,-8.94%,8.16%,False
conf_2m_cdi_50_40_40_30,2,8,50.00%,40.00%,40.00%,30.00%,40.00%,50.00%,1.38%,48,41.86%,41.53%,9.07%,4.74%,1.91,-4.07%,68.75%,0.03652893371422139,-0.030122209320361804,2.26,4.71%,0.23%,141.53,37,62.16%,0.94%,2.12%,-10.56%,8.16%,False
conf_2m_cdi_50_40_40_40,2,8,50.00%,40.00%,40.00%,40.00%,42.50%,50.00%,1.02%,48,39.99%,39.69%,8.72%,4.57%,1.91,-4.07%,68.75%,0.03153747705339782,-0.030122209320361804,2.10,4.36%,0.21%,139.69,37,62.16%,0.58%,2.12%,-12.17%,8.16%,True
conf_2m_cdi_50_40_40_50,2,8,50.00%,40.00%,40.00%,50.00%,45.00%,50.00%,0.66%,48,38.14%,37.83%,8.35%,4.43%,1.89,-4.07%,68.75%,0.030924100406252597,-0.030122209320361804,2.25,4.69%,0.23%,137.83,37,62.16%,0.21%,2.12%,-13.81%,8.16%,False
conf_2m_cdi_50_40_50_00,2,8,50.00%,40.00%,50.00%,0.00%,35.00%,50.00%,2.58%,48,48.32%,47.87%,10.27%,5.34%,1.92,-4.07%,68.75%,0.051505551784493786,-0.030122209320361804,3.05,6.35%,0.30%,147.87,37,70.27%,2.20%,2.11%,-5.66%,8.16%,False
conf_2m_cdi_50_40_50_10,2,8,50.00%,40.00%,50.00%,10.00%,37.50%,50.00%,2.22%,48,46.39%,45.98%,9.92%,5.11%,1.94,-4.07%,68.75%,0.046512900945293145,-0.030122209320361804,2.84,5.92%,0.28%,145.98,37,67.57%,1.83%,2.11%,-7.31%,8.16%,False
conf_2m_cdi_50_40_50_20,2,8,50.00%,40.00%,50.00%,20.00%,40.00%,50.00%,1.87%,48,44.48%,44.10%,9.56%,4.90%,1.95,-4.07%,68.75%,0.04152069542759018,-0.030122209320361804,2.63,5.49%,0.26%,144.10,37,67.57%,1.47%,2.11%,-8.94%,8.16%,False
conf_2m_cdi_50_40_50_30,2,8,50.00%,40.00%,50.00%,30.00%,42.50%,50.00%,1.51%,48,42.59%,42.24%,9.21%,4.70%,1.96,-4.07%,68.75%,0.03652893371422139,-0.030122209320361804,2.43,5.06%,0.24%,142.24,37,67.57%,1.11%,2.11%,-10.56%,8.16%,False
conf_2m_cdi_50_40_50_40,2,8,50.00%,40.00%,50.00%,40.00%,45.00%,50.00%,1.16%,48,40.71%,40.39%,8.85%,4.53%,1.95,-4.07%,68.75%,0.03153747705339782,-0.030122209320361804,2.26,4.71%,0.23%,140.39,37,67.57%,0.75%,2.11%,-12.17%,8.16%,False
conf_2m_cdi_50_40_50_50,2,8,50.00%,40.00%,50.00%,50.00%,47.50%,50.00%,0.79%,48,38.85%,38.51%,8.49%,4.39%,1.93,-4.07%,68.75%,0.030924100406252597,-0.030122209320361804,2.42,5.04%,0.24%,138.51,37,67.57%,0.38%,2.11%,-13.81%,8.16%,False
conf_2m_cdi_50_50_00_00,2,8,50.00%,50.00%,0.00%,0.00%,25.00%,50.00%,1.28%,48,41.53%,41.01%,8.97%,5.37%,1.67,-4.07%,68.75%,0.051505551784493786,-0.030122209320361804,3.72,7.75%,0.37%,141.01,37,51.35%,0.72%,0.68%,-7.76%,8.34%,False
conf_2m_cdi_50_50_00_10,2,8,50.00%,50.00%,0.00%,10.00%,27.50%,50.00%,0.92%,48,39.69%,39.20%,8.62%,5.14%,1.68,-4.07%,68.75%,0.046512900945293145,-0.030122209320361804,3.52,7.32%,0.35%,139.20,37,51.35%,0.36%,0.68%,-9.38%,8.34%,False
conf_2m_cdi_50_50_00_20,2,8,50.00%,50.00%,0.00%,20.00%,30.00%,50.00%,0.57%,48,37.87%,37.41%,8.27%,4.92%,1.68,-4.07%,68.75%,0.04152069542759018,-0.030122209320361804,3.31,6.89%,0.33%,137.41,37,51.35%,0.00%,0.68%,-10.99%,8.34%,False
conf_2m_cdi_50_50_00_30,2,8,50.00%,50.00%,0.00%,30.00%,32.50%,50.00%,0.22%,48,36.06%,35.64%,7.92%,4.72%,1.68,-4.07%,68.75%,0.03652893371422139,-0.030122209320361804,3.10,6.46%,0.31%,135.64,37,51.35%,-0.35%,0.68%,-12.58%,8.34%,False
conf_2m_cdi_50_50_00_40,2,8,50.00%,50.00%,0.00%,40.00%,35.00%,50.00%,-0.13%,48,34.27%,33.88%,7.57%,4.54%,1.67,-4.07%,68.75%,0.03153747705339782,-0.030122209320361804,2.89,6.03%,0.29%,133.88,37,51.35%,-0.70%,0.68%,-14.16%,8.34%,False
conf_2m_cdi_50_50_00_50,2,8,50.00%,50.00%,0.00%,50.00%,37.50%,50.00%,-0.48%,48,32.49%,32.13%,7.21%,4.39%,1.64,-4.07%,68.75%,0.02654646248898973,-0.030122209320361804,2.72,5.67%,0.27%,132.13,37,51.35%,-1.06%,0.68%,-15.73%,8.34%,False
conf_2m_cdi_50_50_10_00,2,8,50.00%,50.00%,10.00%,0.00%,27.50%,50.00%,1.42%,48,42.27%,41.77%,9.12%,5.32%,1.71,-4.07%,68.75%,0.051505551784493786,-0.030122209320361804,3.51,7.32%,0.35%,141.77,37,51.35%,0.90%,1.00%,-7.76%,8.34%,False
conf_2m_cdi_50_50_10_10,2,8,50.00%,50.00%,10.00%,10.00%,30.00%,50.00%,1.07%,48,40.42%,39.95%,8.77%,5.08%,1.73,-4.07%,68.75%,0.046512900945293145,-0.030122209320361804,3.31,6.89%,0.33%,139.95,37,51.35%,0.54%,1.00%,-9.38%,8.34%,False
conf_2m_cdi_50_50_10_20,2,8,50.00%,50.00%,10.00%,20.00%,32.50%,50.00%,0.72%,48,38.58%,38.15%,8.42%,4.86%,1.73,-4.07%,68.75%,0.04152069542759018,-0.030122209320361804,3.10,6.46%,0.31%,138.15,37,51.35%,0.18%,1.00%,-10.99%,8.34%,False
conf_2m_cdi_50_50_10_30,2,8,50.00%,50.00%,10.00%,30.00%,35.00%,50.00%,0.37%,48,36.77%,36.37%,8.06%,4.66%,1.73,-4.07%,68.75%,0.03652893371422139,-0.030122209320361804,2.89,6.03%,0.29%,136.37,37,51.35%,-0.17%,1.00%,-12.58%,8.34%,False
conf_2m_cdi_50_50_10_40,2,8,50.00%,50.00%,10.00%,40.00%,37.50%,50.00%,0.02%,48,34.97%,34.60%,7.71%,4.48%,1.72,-4.07%,68.75%,0.03153747705339782,-0.030122209320361804,2.69,5.60%,0.27%,134.60,37,51.35%,-0.52%,1.00%,-14.16%,8.34%,False
conf_2m_cdi_50_50_10_50,2,8,50.00%,50.00%,10.00%,50.00%,40.00%,50.00%,-0.34%,48,33.18%,32.85%,7.36%,4.32%,1.70,-4.07%,68.75%,0.02654646248898973,-0.030122209320361804,2.51,5.24%,0.25%,132.85,37,51.35%,-0.87%,1.00%,-15.73%,8.34%,False
conf_2m_cdi_50_50_20_00,2,8,50.00%,50.00%,20.00%,0.00%,30.00%,50.00%,1.57%,48,43.00%,42.53%,9.26%,5.26%,1.76,-4.07%,68.75%,0.051505551784493786,-0.030122209320361804,3.30,6.88%,0.33%,142.53,37,51.35%,1.09%,1.33%,-7.76%,8.34%,False
conf_2m_cdi_50_50_20_10,2,8,50.00%,50.00%,20.00%,10.00%,32.50%,50.00%,1.22%,48,41.14%,40.71%,8.91%,5.02%,1.77,-4.07%,68.75%,0.046512900945293145,-0.030122209320361804,3.10,6.45%,0.31%,140.71,37,51.35%,0.72%,1.33%,-9.38%,8.34%,False
conf_2m_cdi_50_50_20_20,2,8,50.00%,50.00%,20.00%,20.00%,35.00%,50.00%,0.87%,48,39.30%,38.90%,8.56%,4.80%,1.78,-4.07%,68.75%,0.04152069542759018,-0.030122209320361804,2.89,6.02%,0.29%,138.90,37,51.35%,0.37%,1.33%,-10.99%,8.34%,False
conf_2m_cdi_50_50_20_30,2,8,50.00%,50.00%,20.00%,30.00%,37.50%,50.00%,0.51%,48,37.48%,37.11%,8.21%,4.60%,1.79,-4.07%,68.75%,0.03652893371422139,-0.030122209320361804,2.68,5.59%,0.27%,137.11,37,51.35%,0.01%,1.33%,-12.58%,8.34%,False
conf_2m_cdi_50_50_20_40,2,8,50.00%,50.00%,20.00%,40.00%,40.00%,50.00%,0.16%,48,35.67%,35.33%,7.86%,4.42%,1.78,-4.07%,68.75%,0.03153747705339782,-0.030122209320361804,2.48,5.16%,0.25%,135.33,37,51.35%,-0.34%,1.33%,-14.16%,8.34%,False
conf_2m_cdi_50_50_20_50,2,8,50.00%,50.00%,20.00%,50.00%,42.50%,50.00%,-0.19%,48,33.87%,33.56%,7.50%,4.26%,1.76,-4.07%,68.75%,0.02654646248898973,-0.030122209320361804,2.30,4.80%,0.23%,133.56,37,51.35%,-0.69%,1.33%,-15.73%,8.34%,False
conf_2m_cdi_50_50_30_00,2,8,50.00%,50.00%,30.00%,0.00%,32.50%,50.00%,1.72%,48,43.74%,43.30%,9.41%,5.22%,1.80,-4.07%,70.83%,0.051505551784493786,-0.030122209320361804,3.09,6.45%,0.31%,143.30,37,56.76%,1.27%,1.65%,-7.76%,8.34%,False
conf_2m_cdi_50_50_30_10,2,8,50.00%,50.00%,30.00%,10.00%,35.00%,50.00%,1.36%,48,41.87%,41.46%,9.06%,4.97%,1.82,-4.07%,70.83%,0.046512900945293145,-0.030122209320361804,2.89,6.02%,0.29%,141.46,37,56.76%,0.91%,1.65%,-9.38%,8.34%,False
conf_2m_cdi_50_50_30_20,2,8,50.00%,50.00%,30.00%,20.00%,37.50%,50.00%,1.01%,48,40.02%,39.65%,8.71%,4.75%,1.83,-4.07%,70.83%,0.04152069542759018,-0.030122209320361804,2.68,5.59%,0.27%,139.65,37,56.76%,0.55%,1.65%,-10.99%,8.34%,False
conf_2m_cdi_50_50_30_30,2,8,50.00%,50.00%,30.00%,30.00%,40.00%,50.00%,0.66%,48,38.19%,37.84%,8.35%,4.55%,1.84,-4.07%,70.83%,0.03652893371422139,-0.030122209320361804,2.48,5.16%,0.25%,137.84,37,56.76%,0.20%,1.65%,-12.58%,8.34%,False
conf_2m_cdi_50_50_30_40,2,8,50.00%,50.00%,30.00%,40.00%,42.50%,50.00%,0.31%,48,36.37%,36.06%,8.00%,4.36%,1.83,-4.07%,70.83%,0.03153747705339782,-0.030122209320361804,2.27,4.72%,0.23%,136.06,37,56.76%,-0.16%,1.65%,-14.16%,8.34%,False
conf_2m_cdi_50_50_30_50,2,8,50.00%,50.00%,30.00%,50.00%,45.00%,50.00%,-0.05%,48,34.56%,34.28%,7.65%,4.21%,1.82,-4.07%,70.83%,0.02654646248898973,-0.030122209320361804,2.10,4.37%,0.21%,134.28,37,56.76%,-0.51%,1.65%,-15.73%,8.34%,True
conf_2m_cdi_50_50_40_00,2,8,50.00%,50.00%,40.00%,0.00%,35.00%,50.00%,1.86%,48,44.48%,44.07%,9.56%,5.17%,1.85,-4.07%,70.83%,0.051505551784493786,-0.030122209320361804,2.89,6.01%,0.29%,144.07,37,56.76%,1.45%,1.98%,-7.76%,8.34%,False
conf_2m_cdi_50_50_40_10,2,8,50.00%,50.00%,40.00%,10.00%,37.50%,50.00%,1.51%,48,42.61%,42.22%,9.21%,4.93%,1.87,-4.07%,70.83%,0.046512900945293145,-0.030122209320361804,2.68,5.58%,0.27%,142.22,37,56.76%,1.09%,1.98%,-9.38%,8.34%,False
conf_2m_cdi_50_50_40_20,2,8,50.00%,50.00%,40.00%,20.00%,40.00%,50.00%,1.16%,48,40.74%,40.40%,8.85%,4.70%,1.88,-4.07%,70.83%,0.04152069542759018,-0.030122209320361804,2.47,5.16%,0.25%,140.40,37,56.76%,0.73%,1.98%,-10.99%,8.34%,False
conf_2m_cdi_50_50_40_30,2,8,50.00%,50.00%,40.00%,30.00%,42.50%,50.00%,0.80%,48,38.90%,38.58%,8.50%,4.50%,1.89,-4.07%,70.83%,0.03652893371422139,-0.030122209320361804,2.27,4.72%,0.23%,138.58,37,56.76%,0.38%,1.98%,-12.58%,8.34%,False
conf_2m_cdi_50_50_40_40,2,8,50.00%,50.00%,40.00%,40.00%,45.00%,50.00%,0.45%,48,37.07%,36.79%,8.15%,4.31%,1.89,-4.07%,70.83%,0.03153747705339782,-0.030122209320361804,2.06,4.29%,0.21%,136.79,37,56.76%,0.03%,1.98%,-14.16%,8.34%,True
conf_2m_cdi_50_50_40_50,2,8,50.00%,50.00%,40.00%,50.00%,47.50%,50.00%,0.10%,48,35.26%,35.00%,7.79%,4.16%,1.87,-4.07%,70.83%,0.02654646248898973,-0.030122209320361804,1.89,3.93%,0.19%,135.00,37,56.76%,-0.32%,1.98%,-15.73%,8.34%,True
conf_2m_cdi_50_50_50_00,2,8,50.00%,50.00%,50.00%,0.00%,37.50%,50.00%,2.01%,48,45.23%,44.84%,9.70%,5.13%,1.89,-4.07%,70.83%,0.051505551784493786,-0.030122209320361804,2.70,5.63%,0.27%,144.84,37,62.16%,1.64%,2.06%,-7.76%,8.34%,False
conf_2m_cdi_50_50_50_10,2,8,50.00%,50.00%,50.00%,10.00%,40.00%,50.00%,1.65%,48,43.34%,42.98%,9.35%,4.89%,1.91,-4.07%,70.83%,0.046512900945293145,-0.030122209320361804,2.50,5.20%,0.25%,142.98,37,62.16%,1.28%,2.06%,-9.38%,8.34%,False
conf_2m_cdi_50_50_50_20,2,8,50.00%,50.00%,50.00%,20.00%,42.50%,50.00%,1.30%,48,41.47%,41.14%,9.00%,4.66%,1.93,-4.07%,70.83%,0.04152069542759018,-0.030122209320361804,2.29,4.78%,0.23%,141.14,37,62.16%,0.92%,2.06%,-10.99%,8.34%,False
conf_2m_cdi_50_50_50_30,2,8,50.00%,50.00%,50.00%,30.00%,45.00%,50.00%,0.95%,48,39.61%,39.32%,8.64%,4.46%,1.94,-4.07%,70.83%,0.03652893371422139,-0.030122209320361804,2.09,4.35%,0.21%,139.32,37,62.16%,0.56%,2.06%,-12.58%,8.34%,True
conf_2m_cdi_50_50_50_40,2,8,50.00%,50.00%,50.00%,40.00%,47.50%,50.00%,0.59%,48,37.77%,37.52%,8.29%,4.27%,1.94,-4.07%,70.83%,0.03153747705339782,-0.030122209320361804,1.88,3.91%,0.19%,137.52,37,62.16%,0.21%,2.06%,-14.16%,8.34%,True
conf_2m_cdi_50_50_50_50,2,8,50.00%,50.00%,50.00%,50.00%,50.00%,50.00%,0.24%,48,35.95%,35.72%,7.93%,4.11%,1.93,-4.07%,70.83%,0.02654646248898973,-0.030122209320361804,1.71,3.55%,0.17%,135.72,37,62.16%,-0.14%,2.06%,-15.73%,8.34%,True
conf_3m_cdi_00_00_00_00,3,8,0.00%,0.00%,0.00%,0.00%,0.00%,0.00%,-0.06%,48,34.52%,34.22%,7.64%,8.51%,0.90,-8.93%,58.33%,0.051505551784493786,-0.06362152684987821,2.20,4.58%,0.22%,134.22,37,37.84%,0.06%,-0.39%,-1.46%,3.05%,True
conf_3m_cdi_00_00_00_10,3,8,0.00%,0.00%,0.00%,10.00%,2.50%,10.00%,-0.42%,48,32.76%,32.45%,7.28%,8.36%,0.87,-8.93%,58.33%,0.04976842754776656,-0.06362152684987821,2.33,4.86%,0.23%,132.45,37,32.43%,-0.39%,-0.39%,-1.46%,1.23%,False
conf_3m_cdi_00_00_00_20,3,8,0.00%,0.00%,0.00%,20.00%,5.00%,20.00%,-0.78%,48,31.01%,30.68%,6.92%,8.21%,0.84,-8.93%,58.33%,0.04976842754776656,-0.06362152684987821,2.52,5.25%,0.25%,130.68,37,5.41%,-0.84%,-0.91%,-1.67%,0.11%,False
conf_3m_cdi_00_00_00_30,3,8,0.00%,0.00%,0.00%,30.00%,7.50%,30.00%,-1.14%,48,29.28%,28.93%,6.56%,8.09%,0.81,-8.93%,58.33%,0.04976842754776656,-0.06362152684987821,2.71,5.64%,0.27%,128.93,37,5.41%,-1.29%,-1.11%,-3.24%,0.11%,False
conf_3m_cdi_00_00_00_40,3,8,0.00%,0.00%,0.00%,40.00%,10.00%,40.00%,-1.50%,48,27.57%,27.20%,6.20%,7.98%,0.78,-8.93%,58.33%,0.04976842754776656,-0.06362152684987821,2.89,6.03%,0.29%,127.20,37,5.41%,-1.73%,-1.22%,-4.81%,0.11%,False
conf_3m_cdi_00_00_00_50,3,8,0.00%,0.00%,0.00%,50.00%,12.50%,50.00%,-1.86%,48,25.87%,25.49%,5.84%,7.89%,0.74,-8.93%,58.33%,0.04976842754776656,-0.06362152684987821,3.08,6.42%,0.31%,125.49,37,5.41%,-2.16%,-1.22%,-6.35%,0.11%,False
conf_3m_cdi_00_00_10_00,3,8,0.00%,0.00%,10.00%,0.00%,2.50%,10.00%,0.06%,48,35.15%,34.84%,7.76%,8.48%,0.91,-8.93%,58.33%,0.051505551784493786,-0.06362152684987821,2.35,4.90%,0.24%,134.84,37,51.35%,0.21%,0.00%,-1.46%,3.05%,False
conf_3m_cdi_00_00_10_10,3,8,0.00%,0.00%,10.00%,10.00%,5.00%,10.00%,-0.29%,48,33.39%,33.05%,7.40%,8.33%,0.89,-8.93%,58.33%,0.04976842754776656,-0.06362152684987821,2.49,5.18%,0.25%,133.05,37,48.65%,-0.24%,-0.06%,-1.46%,1.23%,False
conf_3m_cdi_00_00_10_20,3,8,0.00%,0.00%,10.00%,20.00%,7.50%,20.00%,-0.65%,48,31.63%,31.28%,7.04%,8.19%,0.86,-8.93%,58.33%,0.04976842754776656,-0.06362152684987821,2.68,5.58%,0.27%,131.28,37,18.92%,-0.69%,-0.91%,-1.67%,0.60%,False
conf_3m_cdi_00_00_10_30,3,8,0.00%,0.00%,10.00%,30.00%,10.00%,30.00%,-1.01%,48,29.89%,29.52%,6.68%,8.06%,0.83,-8.93%,58.33%,0.04976842754776656,-0.06362152684987821,2.86,5.97%,0.29%,129.52,37,18.92%,-1.13%,-1.11%,-3.24%,0.60%,False
conf_3m_cdi_00_00_10_40,3,8,0.00%,0.00%,10.00%,40.00%,12.50%,40.00%,-1.37%,48,28.17%,27.78%,6.32%,7.95%,0.79,-8.93%,58.33%,0.04976842754776656,-0.06362152684987821,3.05,6.36%,0.31%,127.78,37,18.92%,-1.57%,-1.20%,-4.81%,0.60%,False
conf_3m_cdi_00_00_10_50,3,8,0.00%,0.00%,10.00%,50.00%,15.00%,50.00%,-1.74%,48,26.47%,26.06%,5.96%,7.86%,0.76,-8.93%,58.33%,0.04976842754776656,-0.06362152684987821,3.24,6.75%,0.32%,126.06,37,18.92%,-2.01%,-1.22%,-6.35%,0.60%,False
conf_3m_cdi_00_00_20_00,3,8,0.00%,0.00%,20.00%,0.00%,5.00%,20.00%,0.18%,48,35.79%,35.45%,7.88%,8.46%,0.93,-8.93%,58.33%,0.051505551784493786,-0.06362152684987821,2.54,5.29%,0.25%,135.45,37,62.16%,0.37%,0.43%,-1.46%,3.05%,False
conf_3m_cdi_00_00_20_10,3,8,0.00%,0.00%,20.00%,10.00%,7.50%,20.00%,-0.17%,48,34.01%,33.66%,7.52%,8.30%,0.91,-8.93%,58.33%,0.04976842754776656,-0.06362152684987821,2.67,5.57%,0.27%,133.66,37,59.46%,-0.08%,0.11%,-1.46%,1.23%,False
conf_3m_cdi_00_00_20_20,3,8,0.00%,0.00%,20.00%,20.00%,10.00%,20.00%,-0.53%,48,32.25%,31.87%,7.16%,8.16%,0.88,-8.93%,58.33%,0.04976842754776656,-0.06362152684987821,2.86,5.96%,0.29%,131.87,37,32.43%,-0.53%,-0.91%,-1.67%,1.08%,False
conf_3m_cdi_00_00_20_30,3,8,0.00%,0.00%,20.00%,30.00%,12.50%,30.00%,-0.89%,48,30.51%,30.11%,6.80%,8.03%,0.85,-8.93%,58.33%,0.04976842754776656,-0.06362152684987821,3.05,6.35%,0.30%,130.11,37,29.73%,-0.98%,-1.11%,-3.24%,1.08%,False
conf_3m_cdi_00_00_20_40,3,8,0.00%,0.00%,20.00%,40.00%,15.00%,40.00%,-1.25%,48,28.78%,28.36%,6.44%,7.92%,0.81,-8.93%,58.33%,0.04976842754776656,-0.06362152684987821,3.24,6.74%,0.32%,128.36,37,29.73%,-1.42%,-1.20%,-4.81%,1.08%,False
conf_3m_cdi_00_00_20_50,3,8,0.00%,0.00%,20.00%,50.00%,17.50%,50.00%,-1.62%,48,27.06%,26.63%,6.08%,7.83%,0.78,-8.93%,58.33%,0.04976842754776656,-0.06362152684987821,3.43,7.14%,0.34%,126.63,37,29.73%,-1.86%,-1.20%,-6.35%,1.08%,False
conf_3m_cdi_00_00_30_00,3,8,0.00%,0.00%,30.00%,0.00%,7.50%,30.00%,0.31%,48,36.43%,36.06%,8.00%,8.43%,0.95,-8.93%,60.42%,0.051505551784493786,-0.06362152684987821,2.73,5.69%,0.27%,136.06,37,62.16%,0.52%,0.87%,-1.46%,3.05%,False
conf_3m_cdi_00_00_30_10,3,8,0.00%,0.00%,30.00%,10.00%,10.00%,30.00%,-0.05%,48,34.64%,34.26%,7.64%,8.28%,0.92,-8.93%,60.42%,0.04976842754776656,-0.06362152684987821,2.86,5.97%,0.29%,134.26,37,59.46%,0.07%,0.27%,-1.46%,1.57%,False
conf_3m_cdi_00_00_30_20,3,8,0.00%,0.00%,30.00%,20.00%,12.50%,30.00%,-0.41%,48,32.87%,32.47%,7.28%,8.13%,0.90,-8.93%,60.42%,0.04976842754776656,-0.06362152684987821,3.05,6.36%,0.31%,132.47,37,35.14%,-0.38%,-0.91%,-1.67%,1.57%,False
conf_3m_cdi_00_00_30_30,3,8,0.00%,0.00%,30.00%,30.00%,15.00%,30.00%,-0.77%,48,31.12%,30.69%,6.92%,8.01%,0.86,-8.93%,60.42%,0.04976842754776656,-0.06362152684987821,3.24,6.75%,0.32%,130.69,37,32.43%,-0.82%,-1.11%,-3.24%,1.57%,False
conf_3m_cdi_00_00_30_40,3,8,0.00%,0.00%,30.00%,40.00%,17.50%,40.00%,-1.14%,48,29.38%,28.94%,6.56%,7.90%,0.83,-8.93%,60.42%,0.04976842754776656,-0.06362152684987821,3.43,7.14%,0.34%,128.94,37,29.73%,-1.26%,-1.11%,-4.81%,1.57%,False
conf_3m_cdi_00_00_30_50,3,8,0.00%,0.00%,30.00%,50.00%,20.00%,50.00%,-1.50%,48,27.66%,27.20%,6.20%,7.81%,0.79,-8.93%,60.42%,0.04976842754776656,-0.06362152684987821,3.62,7.53%,0.36%,127.20,37,29.73%,-1.70%,-1.20%,-6.35%,1.57%,False
conf_3m_cdi_00_00_40_00,3,8,0.00%,0.00%,40.00%,0.00%,10.00%,40.00%,0.43%,48,37.07%,36.67%,8.12%,8.41%,0.97,-8.93%,62.50%,0.051505551784493786,-0.06362152684987821,2.92,6.09%,0.29%,136.67,37,64.86%,0.68%,1.31%,-1.46%,3.05%,False
conf_3m_cdi_00_00_40_10,3,8,0.00%,0.00%,40.00%,10.00%,12.50%,40.00%,0.07%,48,35.27%,34.86%,7.76%,8.25%,0.94,-8.93%,62.50%,0.04976842754776656,-0.06362152684987821,3.06,6.37%,0.31%,134.86,37,59.46%,0.23%,0.32%,-1.46%,2.06%,False
conf_3m_cdi_00_00_40_20,3,8,0.00%,0.00%,40.00%,20.00%,15.00%,40.00%,-0.29%,48,33.50%,33.06%,7.40%,8.11%,0.91,-8.93%,62.50%,0.04976842754776656,-0.06362152684987821,3.24,6.76%,0.32%,133.06,37,37.84%,-0.22%,-0.91%,-1.67%,2.06%,False
conf_3m_cdi_00_00_40_30,3,8,0.00%,0.00%,40.00%,30.00%,17.50%,40.00%,-0.65%,48,31.73%,31.28%,7.04%,7.99%,0.88,-8.93%,62.50%,0.04976842754776656,-0.06362152684987821,3.43,7.15%,0.34%,131.28,37,35.14%,-0.67%,-1.11%,-3.24%,2.06%,False
conf_3m_cdi_00_00_40_40,3,8,0.00%,0.00%,40.00%,40.00%,20.00%,40.00%,-1.02%,48,29.99%,29.52%,6.68%,7.88%,0.85,-8.93%,62.50%,0.04976842754776656,-0.06362152684987821,3.62,7.54%,0.36%,129.52,37,35.14%,-1.11%,-1.11%,-4.81%,2.06%,False
conf_3m_cdi_00_00_40_50,3,8,0.00%,0.00%,40.00%,50.00%,22.50%,50.00%,-1.38%,48,28.26%,27.77%,6.32%,7.79%,0.81,-8.93%,62.50%,0.04976842754776656,-0.06362152684987821,3.81,7.93%,0.38%,127.77,37,32.43%,-1.55%,-1.20%,-6.35%,2.06%,False
conf_3m_cdi_00_00_50_00,3,8,0.00%,0.00%,50.00%,0.00%,12.50%,50.00%,0.55%,48,37.71%,37.28%,8.24%,8.39%,0.98,-8.93%,62.50%,0.051505551784493786,-0.06362152684987821,3.11,6.49%,0.31%,137.28,37,64.86%,0.83%,1.53%,-1.46%,3.05%,False
conf_3m_cdi_00_00_50_10,3,8,0.00%,0.00%,50.00%,10.00%,15.00%,50.00%,0.19%,48,35.91%,35.47%,7.88%,8.24%,0.96,-8.93%,62.50%,0.04976842754776656,-0.06362152684987821,3.25,6.77%,0.32%,135.47,37,59.46%,0.38%,0.35%,-1.46%,2.54%,False
conf_3m_cdi_00_00_50_20,3,8,0.00%,0.00%,50.00%,20.00%,17.50%,50.00%,-0.17%,48,34.12%,33.66%,7.52%,8.10%,0.93,-8.93%,62.50%,0.04976842754776656,-0.06362152684987821,3.44,7.16%,0.34%,133.66,37,37.84%,-0.07%,-0.91%,-1.67%,2.54%,False
conf_3m_cdi_00_00_50_30,3,8,0.00%,0.00%,50.00%,30.00%,20.00%,50.00%,-0.53%,48,32.35%,31.87%,7.16%,7.97%,0.90,-8.93%,62.50%,0.04976842754776656,-0.06362152684987821,3.62,7.55%,0.36%,131.87,37,35.14%,-0.51%,-1.11%,-3.24%,2.54%,False
conf_3m_cdi_00_00_50_40,3,8,0.00%,0.00%,50.00%,40.00%,22.50%,50.00%,-0.90%,48,30.60%,30.10%,6.80%,7.86%,0.86,-8.93%,62.50%,0.04976842754776656,-0.06362152684987821,3.81,7.94%,0.38%,130.10,37,35.14%,-0.96%,-1.11%,-4.81%,2.54%,False
conf_3m_cdi_00_00_50_50,3,8,0.00%,0.00%,50.00%,50.00%,25.00%,50.00%,-1.26%,48,28.86%,28.34%,6.44%,7.77%,0.83,-8.93%,62.50%,0.04976842754776656,-0.06362152684987821,4.00,8.33%,0.40%,128.34,37,35.14%,-1.39%,-1.15%,-6.35%,2.54%,False
conf_3m_cdi_00_10_00_00,3,8,0.00%,10.00%,0.00%,0.00%,2.50%,10.00%,-0.46%,48,32.63%,32.26%,7.24%,8.30%,0.87,-8.93%,58.33%,0.05142887129476481,-0.06362152684987821,2.80,5.83%,0.28%,132.26,37,29.73%,-0.35%,-0.55%,-1.28%,1.44%,False
conf_3m_cdi_00_10_00_10,3,8,0.00%,10.00%,0.00%,10.00%,5.00%,10.00%,-0.80%,48,30.89%,30.55%,6.89%,8.15%,0.85,-8.93%,58.33%,0.04976842754776656,-0.06362152684987821,2.64,5.50%,0.26%,130.55,37,0.00%,-0.79%,-0.77%,-1.28%,-0.31%,False
conf_3m_cdi_00_10_00_20,3,8,0.00%,10.00%,0.00%,20.00%,7.50%,20.00%,-1.16%,48,29.17%,28.81%,6.53%,8.00%,0.82,-8.93%,58.33%,0.04976842754776656,-0.06362152684987821,2.77,5.78%,0.28%,128.81,37,0.00%,-1.23%,-0.99%,-2.78%,-0.42%,False
conf_3m_cdi_00_10_00_30,3,8,0.00%,10.00%,0.00%,30.00%,10.00%,30.00%,-1.52%,48,27.47%,27.09%,6.18%,7.87%,0.78,-8.93%,58.33%,0.04976842754776656,-0.06362152684987821,2.96,6.17%,0.30%,127.09,37,0.00%,-1.67%,-1.16%,-4.39%,-0.42%,False
conf_3m_cdi_00_10_00_40,3,8,0.00%,10.00%,0.00%,40.00%,12.50%,40.00%,-1.88%,48,25.78%,25.38%,5.82%,7.76%,0.75,-8.93%,58.33%,0.04976842754776656,-0.06362152684987821,3.15,6.56%,0.32%,125.38,37,0.00%,-2.11%,-1.16%,-6.12%,-0.42%,False
conf_3m_cdi_00_10_00_50,3,8,0.00%,10.00%,0.00%,50.00%,15.00%,50.00%,-2.24%,48,24.10%,23.69%,5.46%,7.66%,0.71,-8.93%,58.33%,0.04976842754776656,-0.06362152684987821,3.34,6.96%,0.33%,123.69,37,0.00%,-2.54%,-1.16%,-7.83%,-0.42%,False
conf_3m_cdi_00_10_10_00,3,8,0.00%,10.00%,10.00%,0.00%,5.00%,10.00%,-0.33%,48,33.25%,32.90%,7.37%,8.28%,0.89,-8.93%,58.33%,0.05142887129476481,-0.06362152684987821,2.63,5.47%,0.26%,132.90,37,40.54%,-0.18%,-0.22%,-1.28%,1.44%,False
conf_3m_cdi_00_10_10_10,3,8,0.00%,10.00%,10.00%,10.00%,7.50%,10.00%,-0.67%,48,31.51%,31.19%,7.02%,8.12%,0.87,-8.93%,58.33%,0.04976842754776656,-0.06362152684987821,2.47,5.14%,0.25%,131.19,37,10.81%,-0.62%,-0.61%,-1.28%,0.08%,False
conf_3m_cdi_00_10_10_20,3,8,0.00%,10.00%,10.00%,20.00%,10.00%,20.00%,-1.03%,48,29.78%,29.44%,6.66%,7.97%,0.84,-8.93%,58.33%,0.04976842754776656,-0.06362152684987821,2.60,5.42%,0.26%,129.44,37,8.11%,-1.06%,-0.99%,-2.78%,0.08%,False
conf_3m_cdi_00_10_10_30,3,8,0.00%,10.00%,10.00%,30.00%,12.50%,30.00%,-1.39%,48,28.07%,27.71%,6.31%,7.84%,0.80,-8.93%,58.33%,0.04976842754776656,-0.06362152684987821,2.79,5.81%,0.28%,127.71,37,8.11%,-1.50%,-1.09%,-4.39%,0.08%,False
conf_3m_cdi_00_10_10_40,3,8,0.00%,10.00%,10.00%,40.00%,15.00%,40.00%,-1.75%,48,26.37%,25.99%,5.95%,7.73%,0.77,-8.93%,58.33%,0.04976842754776656,-0.06362152684987821,2.98,6.20%,0.30%,125.99,37,8.11%,-1.94%,-1.16%,-6.12%,0.08%,False
conf_3m_cdi_00_10_10_50,3,8,0.00%,10.00%,10.00%,50.00%,17.50%,50.00%,-2.11%,48,24.69%,24.29%,5.59%,7.63%,0.73,-8.93%,58.33%,0.04976842754776656,-0.06362152684987821,3.17,6.59%,0.32%,124.29,37,8.11%,-2.38%,-1.16%,-7.83%,0.08%,False
conf_3m_cdi_00_10_20_00,3,8,0.00%,10.00%,20.00%,0.00%,7.50%,20.00%,-0.20%,48,33.88%,33.51%,7.49%,8.25%,0.91,-8.93%,58.33%,0.05142887129476481,-0.06362152684987821,2.79,5.80%,0.28%,133.51,37,62.16%,-0.03%,0.29%,-1.28%,1.44%,False
conf_3m_cdi_00_10_20_10,3,8,0.00%,10.00%,20.00%,10.00%,10.00%,20.00%,-0.55%,48,32.13%,31.78%,7.14%,8.09%,0.88,-8.93%,58.33%,0.04976842754776656,-0.06362152684987821,2.62,5.47%,0.26%,131.78,37,35.14%,-0.47%,-0.61%,-1.28%,0.55%,False
conf_3m_cdi_00_10_20_20,3,8,0.00%,10.00%,20.00%,20.00%,12.50%,20.00%,-0.91%,48,30.39%,30.03%,6.79%,7.94%,0.85,-8.93%,58.33%,0.04976842754776656,-0.06362152684987821,2.76,5.75%,0.28%,130.03,37,29.73%,-0.91%,-0.99%,-2.78%,0.55%,False
conf_3m_cdi_00_10_20_30,3,8,0.00%,10.00%,20.00%,30.00%,15.00%,30.00%,-1.27%,48,28.67%,28.29%,6.43%,7.81%,0.82,-8.93%,58.33%,0.04976842754776656,-0.06362152684987821,2.95,6.14%,0.29%,128.29,37,29.73%,-1.35%,-1.09%,-4.39%,0.55%,False
conf_3m_cdi_00_10_20_40,3,8,0.00%,10.00%,20.00%,40.00%,17.50%,40.00%,-1.63%,48,26.97%,26.57%,6.07%,7.70%,0.79,-8.93%,58.33%,0.04976842754776656,-0.06362152684987821,3.14,6.53%,0.31%,126.57,37,29.73%,-1.79%,-1.09%,-6.12%,0.55%,False
conf_3m_cdi_00_10_20_50,3,8,0.00%,10.00%,20.00%,50.00%,20.00%,50.00%,-1.99%,48,25.28%,24.86%,5.71%,7.61%,0.75,-8.93%,58.33%,0.04976842754776656,-0.06362152684987821,3.32,6.92%,0.33%,124.86,37,29.73%,-2.22%,-1.16%,-7.83%,0.55%,False
conf_3m_cdi_00_10_30_00,3,8,0.00%,10.00%,30.00%,0.00%,10.00%,30.00%,-0.08%,48,34.51%,34.11%,7.61%,8.23%,0.93,-8.93%,60.42%,0.05142887129476481,-0.06362152684987821,2.97,6.19%,0.30%,134.11,37,62.16%,0.13%,0.57%,-1.28%,1.44%,False
conf_3m_cdi_00_10_30_10,3,8,0.00%,10.00%,30.00%,10.00%,12.50%,30.00%,-0.43%,48,32.75%,32.38%,7.26%,8.07%,0.90,-8.93%,60.42%,0.04976842754776656,-0.06362152684987821,2.81,5.85%,0.28%,132.38,37,35.14%,-0.31%,-0.63%,-1.28%,1.03%,False
conf_3m_cdi_00_10_30_20,3,8,0.00%,10.00%,30.00%,20.00%,15.00%,30.00%,-0.79%,48,31.00%,30.62%,6.91%,7.92%,0.87,-8.93%,60.42%,0.04976842754776656,-0.06362152684987821,2.94,6.13%,0.29%,130.62,37,32.43%,-0.75%,-0.99%,-2.78%,1.03%,False
conf_3m_cdi_00_10_30_30,3,8,0.00%,10.00%,30.00%,30.00%,17.50%,30.00%,-1.15%,48,29.28%,28.87%,6.55%,7.79%,0.84,-8.93%,60.42%,0.04976842754776656,-0.06362152684987821,3.13,6.53%,0.31%,128.87,37,29.73%,-1.20%,-0.99%,-4.39%,1.03%,False
conf_3m_cdi_00_10_30_40,3,8,0.00%,10.00%,30.00%,40.00%,20.00%,40.00%,-1.51%,48,27.56%,27.14%,6.19%,7.68%,0.81,-8.93%,60.42%,0.04976842754776656,-0.06362152684987821,3.32,6.92%,0.33%,127.14,37,29.73%,-1.63%,-1.09%,-6.12%,1.03%,False
conf_3m_cdi_00_10_30_50,3,8,0.00%,10.00%,30.00%,50.00%,22.50%,50.00%,-1.87%,48,25.86%,25.42%,5.83%,7.58%,0.77,-8.93%,60.42%,0.04976842754776656,-0.06362152684987821,3.51,7.31%,0.35%,125.42,37,29.73%,-2.07%,-1.09%,-7.83%,1.03%,False
conf_3m_cdi_00_10_40_00,3,8,0.00%,10.00%,40.00%,0.00%,12.50%,40.00%,0.04%,48,35.14%,34.71%,7.73%,8.20%,0.94,-8.93%,62.50%,0.05142887129476481,-0.06362152684987821,3.16,6.59%,0.32%,134.71,37,64.86%,0.28%,0.68%,-1.28%,1.50%,False
conf_3m_cdi_00_10_40_10,3,8,0.00%,10.00%,40.00%,10.00%,15.00%,40.00%,-0.31%,48,33.37%,32.97%,7.38%,8.05%,0.92,-8.93%,62.50%,0.04976842754776656,-0.06362152684987821,3.00,6.25%,0.30%,132.97,37,37.84%,-0.16%,-0.64%,-1.28%,1.50%,False
conf_3m_cdi_00_10_40_20,3,8,0.00%,10.00%,40.00%,20.00%,17.50%,40.00%,-0.67%,48,31.62%,31.21%,7.03%,7.90%,0.89,-8.93%,62.50%,0.04976842754776656,-0.06362152684987821,3.14,6.53%,0.31%,131.21,37,35.14%,-0.60%,-0.99%,-2.78%,1.50%,False
conf_3m_cdi_00_10_40_30,3,8,0.00%,10.00%,40.00%,30.00%,20.00%,40.00%,-1.03%,48,29.88%,29.45%,6.67%,7.77%,0.86,-8.93%,62.50%,0.04976842754776656,-0.06362152684987821,3.32,6.92%,0.33%,129.45,37,35.14%,-1.04%,-0.99%,-4.39%,1.50%,False
conf_3m_cdi_00_10_40_40,3,8,0.00%,10.00%,40.00%,40.00%,22.50%,40.00%,-1.39%,48,28.16%,27.71%,6.31%,7.66%,0.82,-8.93%,62.50%,0.04976842754776656,-0.06362152684987821,3.51,7.32%,0.35%,127.71,37,32.43%,-1.48%,-1.09%,-6.12%,1.50%,False
conf_3m_cdi_00_10_40_50,3,8,0.00%,10.00%,40.00%,50.00%,25.00%,50.00%,-1.75%,48,26.45%,25.99%,5.95%,7.56%,0.79,-8.93%,62.50%,0.04976842754776656,-0.06362152684987821,3.70,7.71%,0.37%,125.99,37,32.43%,-1.91%,-1.09%,-7.83%,1.50%,False
conf_3m_cdi_00_10_50_00,3,8,0.00%,10.00%,50.00%,0.00%,15.00%,50.00%,0.16%,48,35.77%,35.32%,7.85%,8.19%,0.96,-8.93%,62.50%,0.05142887129476481,-0.06362152684987821,3.35,6.99%,0.34%,135.32,37,64.86%,0.43%,0.84%,-1.28%,1.97%,False
conf_3m_cdi_00_10_50_10,3,8,0.00%,10.00%,50.00%,10.00%,17.50%,50.00%,-0.19%,48,34.00%,33.57%,7.50%,8.03%,0.93,-8.93%,62.50%,0.04976842754776656,-0.06362152684987821,3.19,6.65%,0.32%,133.57,37,37.84%,-0.00%,-0.65%,-1.28%,1.97%,False
conf_3m_cdi_00_10_50_20,3,8,0.00%,10.00%,50.00%,20.00%,20.00%,50.00%,-0.55%,48,32.23%,31.80%,7.15%,7.88%,0.91,-8.93%,62.50%,0.04976842754776656,-0.06362152684987821,3.33,6.93%,0.33%,131.80,37,37.84%,-0.45%,-0.99%,-2.78%,1.97%,False
conf_3m_cdi_00_10_50_30,3,8,0.00%,10.00%,50.00%,30.00%,22.50%,50.00%,-0.91%,48,30.49%,30.03%,6.79%,7.75%,0.88,-8.93%,62.50%,0.04976842754776656,-0.06362152684987821,3.52,7.32%,0.35%,130.03,37,35.14%,-0.89%,-0.99%,-4.39%,1.97%,False
conf_3m_cdi_00_10_50_40,3,8,0.00%,10.00%,50.00%,40.00%,25.00%,50.00%,-1.27%,48,28.76%,28.28%,6.42%,7.64%,0.84,-8.93%,62.50%,0.04976842754776656,-0.06362152684987821,3.70,7.72%,0.37%,128.28,37,35.14%,-1.33%,-1.05%,-6.12%,1.97%,False
conf_3m_cdi_00_10_50_50,3,8,0.00%,10.00%,50.00%,50.00%,27.50%,50.00%,-1.63%,48,27.05%,26.55%,6.06%,7.54%,0.80,-8.93%,62.50%,0.04976842754776656,-0.06362152684987821,3.89,8.11%,0.39%,126.55,37,32.43%,-1.76%,-1.09%,-7.83%,1.97%,False
conf_3m_cdi_00_20_00_00,3,8,0.00%,20.00%,0.00%,0.00%,5.00%,20.00%,-0.86%,48,30.75%,30.29%,6.84%,8.11%,0.84,-8.93%,58.33%,0.05132643387070557,-0.06362152684987821,3.55,7.39%,0.35%,130.29,37,8.11%,-0.76%,-0.85%,-1.28%,0.52%,False
conf_3m_cdi_00_20_00_10,3,8,0.00%,20.00%,0.00%,10.00%,7.50%,20.00%,-1.20%,48,29.04%,28.61%,6.49%,7.95%,0.82,-8.93%,58.33%,0.04976842754776656,-0.06362152684987821,3.35,6.97%,0.33%,128.61,37,0.00%,-1.19%,-1.01%,-2.91%,-0.53%,False
conf_3m_cdi_00_20_00_20,3,8,0.00%,20.00%,0.00%,20.00%,10.00%,20.00%,-1.55%,48,27.35%,26.94%,6.15%,7.80%,0.79,-8.93%,58.33%,0.04976842754776656,-0.06362152684987821,3.18,6.63%,0.32%,126.94,37,0.00%,-1.62%,-1.07%,-4.60%,-0.53%,False
conf_3m_cdi_00_20_00_30,3,8,0.00%,20.00%,0.00%,30.00%,12.50%,30.00%,-1.91%,48,25.67%,25.25%,5.79%,7.67%,0.76,-8.93%,58.33%,0.04976842754776656,-0.06362152684987821,3.32,6.92%,0.33%,125.25,37,0.00%,-2.06%,-1.07%,-6.32%,-0.53%,False
conf_3m_cdi_00_20_00_40,3,8,0.00%,20.00%,0.00%,40.00%,15.00%,40.00%,-2.26%,48,24.00%,23.57%,5.43%,7.55%,0.72,-8.93%,58.33%,0.04976842754776656,-0.06362152684987821,3.51,7.31%,0.35%,123.57,37,0.00%,-2.49%,-1.07%,-8.02%,-0.53%,False
conf_3m_cdi_00_20_00_50,3,8,0.00%,20.00%,0.00%,50.00%,17.50%,50.00%,-2.62%,48,22.35%,21.90%,5.07%,7.45%,0.68,-8.93%,58.33%,0.04976842754776656,-0.06362152684987821,3.70,7.70%,0.37%,121.90,37,0.00%,-2.92%,-1.07%,-9.72%,-0.53%,False
conf_3m_cdi_00_20_10_00,3,8,0.00%,20.00%,10.00%,0.00%,7.50%,20.00%,-0.73%,48,31.37%,30.93%,6.97%,8.09%,0.86,-8.93%,58.33%,0.05132643387070557,-0.06362152684987821,3.35,6.97%,0.33%,130.93,37,8.11%,-0.59%,-0.64%,-1.28%,0.52%,False
conf_3m_cdi_00_20_10_10,3,8,0.00%,20.00%,10.00%,10.00%,10.00%,20.00%,-1.07%,48,29.65%,29.24%,6.62%,7.92%,0.84,-8.93%,58.33%,0.04976842754776656,-0.06362152684987821,3.15,6.55%,0.31%,129.24,37,0.00%,-1.03%,-0.86%,-2.91%,-0.07%,False
conf_3m_cdi_00_20_10_20,3,8,0.00%,20.00%,10.00%,20.00%,12.50%,20.00%,-1.42%,48,27.95%,27.57%,6.28%,7.77%,0.81,-8.93%,58.33%,0.04976842754776656,-0.06362152684987821,2.98,6.22%,0.30%,127.57,37,0.00%,-1.45%,-1.00%,-4.60%,-0.07%,False
conf_3m_cdi_00_20_10_30,3,8,0.00%,20.00%,10.00%,30.00%,15.00%,30.00%,-1.78%,48,26.26%,25.86%,5.92%,7.64%,0.77,-8.93%,58.33%,0.04976842754776656,-0.06362152684987821,3.12,6.50%,0.31%,125.86,37,0.00%,-1.89%,-1.00%,-6.32%,-0.07%,False
conf_3m_cdi_00_20_10_40,3,8,0.00%,20.00%,10.00%,40.00%,17.50%,40.00%,-2.13%,48,24.58%,24.17%,5.56%,7.52%,0.74,-8.93%,58.33%,0.04976842754776656,-0.06362152684987821,3.31,6.89%,0.33%,124.17,37,0.00%,-2.32%,-1.00%,-8.02%,-0.07%,False
conf_3m_cdi_00_20_10_50,3,8,0.00%,20.00%,10.00%,50.00%,20.00%,50.00%,-2.49%,48,22.93%,22.50%,5.20%,7.42%,0.70,-8.93%,58.33%,0.04976842754776656,-0.06362152684987821,3.50,7.29%,0.35%,122.50,37,0.00%,-2.75%,-1.00%,-9.72%,-0.07%,False
conf_3m_cdi_00_20_20_00,3,8,0.00%,20.00%,20.00%,0.00%,10.00%,20.00%,-0.60%,48,31.99%,31.57%,7.10%,8.06%,0.88,-8.93%,58.33%,0.05132643387070557,-0.06362152684987821,3.17,6.60%,0.32%,131.57,37,27.03%,-0.43%,-0.29%,-1.28%,0.52%,False
conf_3m_cdi_00_20_20_10,3,8,0.00%,20.00%,20.00%,10.00%,12.50%,20.00%,-0.94%,48,30.26%,29.88%,6.75%,7.90%,0.86,-8.93%,58.33%,0.04976842754776656,-0.06362152684987821,2.97,6.19%,0.30%,129.88,37,13.51%,-0.86%,-0.79%,-2.91%,0.43%,False
conf_3m_cdi_00_20_20_20,3,8,0.00%,20.00%,20.00%,20.00%,15.00%,20.00%,-1.29%,48,28.55%,28.19%,6.41%,7.75%,0.83,-8.93%,58.33%,0.04976842754776656,-0.06362152684987821,2.81,5.85%,0.28%,128.19,37,13.51%,-1.29%,-0.96%,-4.60%,0.43%,False
conf_3m_cdi_00_20_20_30,3,8,0.00%,20.00%,20.00%,30.00%,17.50%,30.00%,-1.65%,48,26.85%,26.48%,6.05%,7.61%,0.79,-8.93%,58.33%,0.04976842754776656,-0.06362152684987821,2.94,6.14%,0.29%,126.48,37,13.51%,-1.72%,-1.00%,-6.32%,0.43%,False
conf_3m_cdi_00_20_20_40,3,8,0.00%,20.00%,20.00%,40.00%,20.00%,40.00%,-2.01%,48,25.17%,24.78%,5.69%,7.50%,0.76,-8.93%,58.33%,0.04976842754776656,-0.06362152684987821,3.13,6.53%,0.31%,124.78,37,13.51%,-2.16%,-1.00%,-8.02%,0.43%,False
conf_3m_cdi_00_20_20_50,3,8,0.00%,20.00%,20.00%,50.00%,22.50%,50.00%,-2.36%,48,23.51%,23.10%,5.33%,7.40%,0.72,-8.93%,58.33%,0.04976842754776656,-0.06362152684987821,3.32,6.92%,0.33%,123.10,37,13.51%,-2.59%,-1.00%,-9.72%,0.43%,False
conf_3m_cdi_00_20_30_00,3,8,0.00%,20.00%,30.00%,0.00%,12.50%,30.00%,-0.47%,48,32.61%,32.17%,7.22%,8.04%,0.90,-8.93%,60.42%,0.05132643387070557,-0.06362152684987821,3.33,6.94%,0.33%,132.17,37,43.24%,-0.27%,-0.29%,-1.28%,0.91%,False
conf_3m_cdi_00_20_30_10,3,8,0.00%,20.00%,30.00%,10.00%,15.00%,30.00%,-0.82%,48,30.87%,30.46%,6.87%,7.87%,0.87,-8.93%,60.42%,0.04976842754776656,-0.06362152684987821,3.13,6.52%,0.31%,130.46,37,32.43%,-0.71%,-0.78%,-2.91%,0.91%,False
conf_3m_cdi_00_20_30_20,3,8,0.00%,20.00%,30.00%,20.00%,17.50%,30.00%,-1.17%,48,29.15%,28.77%,6.53%,7.73%,0.84,-8.93%,60.42%,0.04976842754776656,-0.06362152684987821,2.97,6.18%,0.30%,128.77,37,29.73%,-1.14%,-0.90%,-4.60%,0.91%,False
conf_3m_cdi_00_20_30_30,3,8,0.00%,20.00%,30.00%,30.00%,20.00%,30.00%,-1.53%,48,27.45%,27.05%,6.17%,7.59%,0.81,-8.93%,60.42%,0.04976842754776656,-0.06362152684987821,3.10,6.47%,0.31%,127.05,37,29.73%,-1.57%,-0.96%,-6.32%,0.91%,False
conf_3m_cdi_00_20_30_40,3,8,0.00%,20.00%,30.00%,40.00%,22.50%,40.00%,-1.89%,48,25.76%,25.35%,5.81%,7.47%,0.78,-8.93%,60.42%,0.04976842754776656,-0.06362152684987821,3.29,6.86%,0.33%,125.35,37,29.73%,-2.00%,-1.00%,-8.02%,0.91%,False
conf_3m_cdi_00_20_30_50,3,8,0.00%,20.00%,30.00%,50.00%,25.00%,50.00%,-2.24%,48,24.09%,23.65%,5.45%,7.37%,0.74,-8.93%,60.42%,0.04976842754776656,-0.06362152684987821,3.48,7.25%,0.35%,123.65,37,29.73%,-2.43%,-1.00%,-9.72%,0.91%,False
conf_3m_cdi_00_20_40_00,3,8,0.00%,20.00%,40.00%,0.00%,15.00%,40.00%,-0.35%,48,33.23%,32.76%,7.34%,8.02%,0.92,-8.93%,62.50%,0.05132643387070557,-0.06362152684987821,3.51,7.32%,0.35%,132.76,37,43.24%,-0.12%,-0.29%,-1.28%,1.38%,False
conf_3m_cdi_00_20_40_10,3,8,0.00%,20.00%,40.00%,10.00%,17.50%,40.00%,-0.70%,48,31.49%,31.05%,6.99%,7.85%,0.89,-8.93%,62.50%,0.04976842754776656,-0.06362152684987821,3.31,6.91%,0.33%,131.05,37,32.43%,-0.55%,-0.78%,-2.91%,1.38%,False
conf_3m_cdi_00_20_40_20,3,8,0.00%,20.00%,40.00%,20.00%,20.00%,40.00%,-1.05%,48,29.76%,29.35%,6.65%,7.70%,0.86,-8.93%,62.50%,0.04976842754776656,-0.06362152684987821,3.15,6.57%,0.32%,129.35,37,32.43%,-0.98%,-0.90%,-4.60%,1.38%,False
conf_3m_cdi_00_20_40_30,3,8,0.00%,20.00%,40.00%,30.00%,22.50%,40.00%,-1.41%,48,28.05%,27.63%,6.29%,7.57%,0.83,-8.93%,62.50%,0.04976842754776656,-0.06362152684987821,3.29,6.85%,0.33%,127.63,37,29.73%,-1.42%,-0.96%,-6.32%,1.38%,False
conf_3m_cdi_00_20_40_40,3,8,0.00%,20.00%,40.00%,40.00%,25.00%,40.00%,-1.77%,48,26.35%,25.91%,5.93%,7.45%,0.80,-8.93%,62.50%,0.04976842754776656,-0.06362152684987821,3.48,7.24%,0.35%,125.91,37,29.73%,-1.85%,-0.96%,-8.02%,1.38%,False
conf_3m_cdi_00_20_40_50,3,8,0.00%,20.00%,40.00%,50.00%,27.50%,50.00%,-2.13%,48,24.67%,24.21%,5.57%,7.35%,0.76,-8.93%,62.50%,0.04976842754776656,-0.06362152684987821,3.67,7.64%,0.37%,124.21,37,29.73%,-2.28%,-1.00%,-9.72%,1.38%,False
conf_3m_cdi_00_20_50_00,3,8,0.00%,20.00%,50.00%,0.00%,17.50%,50.00%,-0.23%,48,33.85%,33.36%,7.46%,8.00%,0.93,-8.93%,62.50%,0.05132643387070557,-0.06362152684987821,3.71,7.72%,0.37%,133.36,37,43.24%,0.03%,-0.29%,-1.28%,1.85%,False
conf_3m_cdi_00_20_50_10,3,8,0.00%,20.00%,50.00%,10.00%,20.00%,50.00%,-0.58%,48,32.10%,31.64%,7.11%,7.83%,0.91,-8.93%,62.50%,0.04976842754776656,-0.06362152684987821,3.51,7.30%,0.35%,131.64,37,37.84%,-0.40%,-0.78%,-2.91%,1.85%,False
conf_3m_cdi_00_20_50_20,3,8,0.00%,20.00%,50.00%,20.00%,22.50%,50.00%,-0.93%,48,30.37%,29.93%,6.76%,7.69%,0.88,-8.93%,62.50%,0.04976842754776656,-0.06362152684987821,3.34,6.97%,0.33%,129.93,37,35.14%,-0.83%,-0.90%,-4.60%,1.85%,False
conf_3m_cdi_00_20_50_30,3,8,0.00%,20.00%,50.00%,30.00%,25.00%,50.00%,-1.29%,48,28.65%,28.20%,6.41%,7.55%,0.85,-8.93%,62.50%,0.04976842754776656,-0.06362152684987821,3.48,7.25%,0.35%,128.20,37,35.14%,-1.26%,-0.96%,-6.32%,1.85%,False
conf_3m_cdi_00_20_50_40,3,8,0.00%,20.00%,50.00%,40.00%,27.50%,50.00%,-1.65%,48,26.94%,26.47%,6.05%,7.43%,0.81,-8.93%,62.50%,0.04976842754776656,-0.06362152684987821,3.67,7.64%,0.37%,126.47,37,32.43%,-1.70%,-0.96%,-8.02%,1.85%,False
conf_3m_cdi_00_20_50_50,3,8,0.00%,20.00%,50.00%,50.00%,30.00%,50.00%,-2.01%,48,25.25%,24.77%,5.69%,7.33%,0.78,-8.93%,62.50%,0.04976842754776656,-0.06362152684987821,3.86,8.04%,0.39%,124.77,37,32.43%,-2.13%,-0.96%,-9.72%,1.85%,False
conf_3m_cdi_00_30_00_00,3,8,0.00%,30.00%,0.00%,0.00%,7.50%,30.00%,-1.26%,48,28.90%,28.34%,6.44%,7.94%,0.81,-8.93%,58.33%,0.05122324135577028,-0.06362152684987821,4.32,9.00%,0.43%,128.34,37,0.00%,-1.17%,-1.06%,-3.25%,-0.05%,False
conf_3m_cdi_00_30_00_10,3,8,0.00%,30.00%,0.00%,10.00%,10.00%,30.00%,-1.60%,48,27.21%,26.69%,6.09%,7.78%,0.78,-8.93%,58.33%,0.04976842754776656,-0.06362152684987821,4.11,8.57%,0.41%,126.69,37,0.00%,-1.60%,-1.31%,-4.92%,-0.31%,False
conf_3m_cdi_00_30_00_20,3,8,0.00%,30.00%,0.00%,20.00%,12.50%,30.00%,-1.95%,48,25.54%,25.05%,5.75%,7.62%,0.75,-8.93%,58.33%,0.04976842754776656,-0.06362152684987821,3.91,8.15%,0.39%,125.05,37,0.00%,-2.02%,-1.31%,-6.58%,-0.31%,False
conf_3m_cdi_00_30_00_30,3,8,0.00%,30.00%,0.00%,30.00%,15.00%,30.00%,-2.29%,48,23.88%,23.42%,5.40%,7.49%,0.72,-8.93%,58.33%,0.04976842754776656,-0.06362152684987821,3.75,7.80%,0.37%,123.42,37,0.00%,-2.44%,-1.31%,-8.23%,-0.31%,False
conf_3m_cdi_00_30_00_40,3,8,0.00%,30.00%,0.00%,40.00%,17.50%,40.00%,-2.65%,48,22.24%,21.76%,5.05%,7.36%,0.69,-8.93%,58.33%,0.04976842754776656,-0.06362152684987821,3.89,8.09%,0.39%,121.76,37,0.00%,-2.87%,-1.31%,-9.91%,-0.31%,False
conf_3m_cdi_00_30_00_50,3,8,0.00%,30.00%,0.00%,50.00%,20.00%,50.00%,-3.01%,48,20.61%,20.12%,4.69%,7.26%,0.65,-8.93%,58.33%,0.04976842754776656,-0.06362152684987821,4.07,8.49%,0.41%,120.12,37,0.00%,-3.30%,-1.31%,-11.57%,-0.31%,False
conf_3m_cdi_00_30_10_00,3,8,0.00%,30.00%,10.00%,0.00%,10.00%,30.00%,-1.13%,48,29.50%,28.97%,6.57%,7.92%,0.83,-8.93%,58.33%,0.05122324135577028,-0.06362152684987821,4.11,8.57%,0.41%,128.97,37,0.00%,-1.00%,-0.86%,-3.25%,-0.05%,False
conf_3m_cdi_00_30_10_10,3,8,0.00%,30.00%,10.00%,10.00%,12.50%,30.00%,-1.47%,48,27.81%,27.31%,6.22%,7.75%,0.80,-8.93%,58.33%,0.04976842754776656,-0.06362152684987821,3.91,8.14%,0.39%,127.31,37,0.00%,-1.43%,-0.96%,-4.92%,-0.23%,False
conf_3m_cdi_00_30_10_20,3,8,0.00%,30.00%,10.00%,20.00%,15.00%,30.00%,-1.82%,48,26.13%,25.66%,5.88%,7.60%,0.77,-8.93%,58.33%,0.04976842754776656,-0.06362152684987821,3.70,7.71%,0.37%,125.66,37,0.00%,-1.86%,-0.96%,-6.58%,-0.23%,False
conf_3m_cdi_00_30_10_30,3,8,0.00%,30.00%,10.00%,30.00%,17.50%,30.00%,-2.17%,48,24.46%,24.03%,5.53%,7.46%,0.74,-8.93%,58.33%,0.04976842754776656,-0.06362152684987821,3.54,7.37%,0.35%,124.03,37,0.00%,-2.28%,-0.96%,-8.23%,-0.23%,False
conf_3m_cdi_00_30_10_40,3,8,0.00%,30.00%,10.00%,40.00%,20.00%,40.00%,-2.52%,48,22.82%,22.36%,5.18%,7.34%,0.71,-8.93%,58.33%,0.04976842754776656,-0.06362152684987821,3.68,7.66%,0.37%,122.36,37,0.00%,-2.71%,-0.96%,-9.91%,-0.23%,False
conf_3m_cdi_00_30_10_50,3,8,0.00%,30.00%,10.00%,50.00%,22.50%,50.00%,-2.88%,48,21.18%,20.71%,4.82%,7.23%,0.67,-8.93%,58.33%,0.04976842754776656,-0.06362152684987821,3.87,8.05%,0.39%,120.71,37,0.00%,-3.13%,-0.96%,-11.57%,-0.23%,False
conf_3m_cdi_00_30_20_00,3,8,0.00%,30.00%,20.00%,0.00%,12.50%,30.00%,-1.00%,48,30.11%,29.61%,6.70%,7.89%,0.85,-8.93%,58.33%,0.05122324135577028,-0.06362152684987821,3.91,8.15%,0.39%,129.61,37,8.11%,-0.84%,-0.63%,-3.25%,0.28%,False
conf_3m_cdi_00_30_20_10,3,8,0.00%,30.00%,20.00%,10.00%,15.00%,30.00%,-1.34%,48,28.41%,27.94%,6.35%,7.72%,0.82,-8.93%,58.33%,0.04976842754776656,-0.06362152684987821,3.70,7.72%,0.37%,127.94,37,8.11%,-1.27%,-0.82%,-4.92%,0.28%,False
conf_3m_cdi_00_30_20_20,3,8,0.00%,30.00%,20.00%,20.00%,17.50%,30.00%,-1.69%,48,26.72%,26.28%,6.01%,7.57%,0.79,-8.93%,58.33%,0.04976842754776656,-0.06362152684987821,3.50,7.29%,0.35%,126.28,37,8.11%,-1.69%,-0.86%,-6.58%,0.28%,False
conf_3m_cdi_00_30_20_30,3,8,0.00%,30.00%,20.00%,30.00%,20.00%,30.00%,-2.04%,48,25.05%,24.63%,5.66%,7.43%,0.76,-8.93%,58.33%,0.04976842754776656,-0.06362152684987821,3.34,6.95%,0.33%,124.63,37,8.11%,-2.11%,-0.86%,-8.23%,0.28%,False
conf_3m_cdi_00_30_20_40,3,8,0.00%,30.00%,20.00%,40.00%,22.50%,40.00%,-2.39%,48,23.39%,22.96%,5.30%,7.31%,0.73,-8.93%,58.33%,0.04976842754776656,-0.06362152684987821,3.48,7.24%,0.35%,122.96,37,8.11%,-2.54%,-0.86%,-9.91%,0.28%,False
conf_3m_cdi_00_30_20_50,3,8,0.00%,30.00%,20.00%,50.00%,25.00%,50.00%,-2.75%,48,21.75%,21.31%,4.95%,7.21%,0.69,-8.93%,58.33%,0.04976842754776656,-0.06362152684987821,3.66,7.63%,0.37%,121.31,37,8.11%,-2.97%,-0.86%,-11.57%,0.28%,False
conf_3m_cdi_00_30_30_00,3,8,0.00%,30.00%,30.00%,0.00%,15.00%,30.00%,-0.87%,48,30.73%,30.24%,6.83%,7.87%,0.87,-8.93%,60.42%,0.05122324135577028,-0.06362152684987821,3.73,7.77%,0.37%,130.24,37,24.32%,-0.67%,-0.46%,-3.25%,0.78%,False
conf_3m_cdi_00_30_30_10,3,8,0.00%,30.00%,30.00%,10.00%,17.50%,30.00%,-1.21%,48,29.01%,28.56%,6.48%,7.70%,0.84,-8.93%,60.42%,0.04976842754776656,-0.06362152684987821,3.52,7.34%,0.35%,128.56,37,21.62%,-1.10%,-0.76%,-4.92%,0.78%,False
conf_3m_cdi_00_30_30_20,3,8,0.00%,30.00%,30.00%,20.00%,20.00%,30.00%,-1.56%,48,27.32%,26.90%,6.14%,7.55%,0.81,-8.93%,60.42%,0.04976842754776656,-0.06362152684987821,3.32,6.92%,0.33%,126.90,37,21.62%,-1.52%,-0.80%,-6.58%,0.78%,False
conf_3m_cdi_00_30_30_30,3,8,0.00%,30.00%,30.00%,30.00%,22.50%,30.00%,-1.91%,48,25.64%,25.24%,5.79%,7.41%,0.78,-8.93%,60.42%,0.04976842754776656,-0.06362152684987821,3.16,6.58%,0.32%,125.24,37,21.62%,-1.95%,-0.82%,-8.23%,0.78%,False
conf_3m_cdi_00_30_30_40,3,8,0.00%,30.00%,30.00%,40.00%,25.00%,40.00%,-2.26%,48,23.97%,23.56%,5.43%,7.29%,0.75,-8.93%,60.42%,0.04976842754776656,-0.06362152684987821,3.30,6.87%,0.33%,123.56,37,21.62%,-2.37%,-0.82%,-9.91%,0.78%,False
conf_3m_cdi_00_30_30_50,3,8,0.00%,30.00%,30.00%,50.00%,27.50%,50.00%,-2.62%,48,22.32%,21.90%,5.07%,7.18%,0.71,-8.93%,60.42%,0.04976842754776656,-0.06362152684987821,3.49,7.26%,0.35%,121.90,37,21.62%,-2.80%,-0.82%,-11.57%,0.78%,False
conf_3m_cdi_00_30_40_00,3,8,0.00%,30.00%,40.00%,0.00%,17.50%,40.00%,-0.75%,48,31.34%,30.83%,6.95%,7.85%,0.89,-8.93%,62.50%,0.05122324135577028,-0.06362152684987821,3.89,8.11%,0.39%,130.83,37,32.43%,-0.52%,-0.50%,-3.25%,1.26%,False
conf_3m_cdi_00_30_40_10,3,8,0.00%,30.00%,40.00%,10.00%,20.00%,40.00%,-1.09%,48,29.62%,29.14%,6.60%,7.68%,0.86,-8.93%,62.50%,0.04976842754776656,-0.06362152684987821,3.69,7.68%,0.37%,129.14,37,32.43%,-0.95%,-0.77%,-4.92%,1.26%,False
conf_3m_cdi_00_30_40_20,3,8,0.00%,30.00%,40.00%,20.00%,22.50%,40.00%,-1.44%,48,27.92%,27.47%,6.26%,7.53%,0.83,-8.93%,62.50%,0.04976842754776656,-0.06362152684987821,3.48,7.26%,0.35%,127.47,37,29.73%,-1.37%,-0.80%,-6.58%,1.26%,False
conf_3m_cdi_00_30_40_30,3,8,0.00%,30.00%,40.00%,30.00%,25.00%,40.00%,-1.79%,48,26.23%,25.81%,5.91%,7.39%,0.80,-8.93%,62.50%,0.04976842754776656,-0.06362152684987821,3.32,6.91%,0.33%,125.81,37,29.73%,-1.79%,-0.80%,-8.23%,1.26%,False
conf_3m_cdi_00_30_40_40,3,8,0.00%,30.00%,40.00%,40.00%,27.50%,40.00%,-2.14%,48,24.55%,24.12%,5.55%,7.27%,0.76,-8.93%,62.50%,0.04976842754776656,-0.06362152684987821,3.46,7.20%,0.35%,124.12,37,29.73%,-2.22%,-0.82%,-9.91%,1.26%,False
conf_3m_cdi_00_30_40_50,3,8,0.00%,30.00%,40.00%,50.00%,30.00%,50.00%,-2.50%,48,22.90%,22.45%,5.19%,7.16%,0.73,-8.93%,62.50%,0.04976842754776656,-0.06362152684987821,3.65,7.60%,0.36%,122.45,37,29.73%,-2.65%,-0.82%,-11.57%,1.26%,False
conf_3m_cdi_00_30_50_00,3,8,0.00%,30.00%,50.00%,0.00%,20.00%,50.00%,-0.63%,48,31.95%,31.42%,7.07%,7.83%,0.90,-8.93%,62.50%,0.05122324135577028,-0.06362152684987821,4.08,8.50%,0.41%,131.42,37,37.84%,-0.37%,-0.54%,-3.25%,1.73%,False
conf_3m_cdi_00_30_50_10,3,8,0.00%,30.00%,50.00%,10.00%,22.50%,50.00%,-0.97%,48,30.23%,29.72%,6.72%,7.66%,0.88,-8.93%,62.50%,0.04976842754776656,-0.06362152684987821,3.87,8.07%,0.39%,129.72,37,35.14%,-0.79%,-0.78%,-4.92%,1.73%,False
conf_3m_cdi_00_30_50_20,3,8,0.00%,30.00%,50.00%,20.00%,25.00%,50.00%,-1.32%,48,28.51%,28.04%,6.37%,7.51%,0.85,-8.93%,62.50%,0.04976842754776656,-0.06362152684987821,3.67,7.64%,0.37%,128.04,37,32.43%,-1.22%,-0.80%,-6.58%,1.73%,False
conf_3m_cdi_00_30_50_30,3,8,0.00%,30.00%,50.00%,30.00%,27.50%,50.00%,-1.67%,48,26.82%,26.37%,6.03%,7.37%,0.82,-8.93%,62.50%,0.04976842754776656,-0.06362152684987821,3.50,7.30%,0.35%,126.37,37,32.43%,-1.64%,-0.80%,-8.23%,1.73%,False
conf_3m_cdi_00_30_50_40,3,8,0.00%,30.00%,50.00%,40.00%,30.00%,50.00%,-2.03%,48,25.14%,24.68%,5.67%,7.25%,0.78,-8.93%,62.50%,0.04976842754776656,-0.06362152684987821,3.64,7.59%,0.36%,124.68,37,32.43%,-2.07%,-0.82%,-9.91%,1.73%,False
conf_3m_cdi_00_30_50_50,3,8,0.00%,30.00%,50.00%,50.00%,32.50%,50.00%,-2.38%,48,23.47%,23.00%,5.31%,7.14%,0.74,-8.93%,62.50%,0.04976842754776656,-0.06362152684987821,3.83,7.98%,0.38%,123.00,37,32.43%,-2.49%,-0.82%,-11.57%,1.73%,False
conf_3m_cdi_00_40_00_00,3,8,0.00%,40.00%,0.00%,0.00%,10.00%,40.00%,-1.66%,48,27.06%,26.41%,6.03%,7.80%,0.77,-8.93%,60.42%,0.05111928537013988,-0.06362152684987821,5.09,10.61%,0.51%,126.41,37,0.00%,-1.58%,-1.21%,-5.26%,-0.09%,False
conf_3m_cdi_00_40_00_10,3,8,0.00%,40.00%,0.00%,10.00%,12.50%,40.00%,-2.00%,48,25.39%,24.78%,5.69%,7.62%,0.75,-8.93%,60.42%,0.04976842754776656,-0.06362152684987821,4.89,10.18%,0.49%,124.78,37,0.00%,-2.00%,-1.33%,-6.91%,-0.09%,False
conf_3m_cdi_00_40_00_20,3,8,0.00%,40.00%,0.00%,20.00%,15.00%,40.00%,-2.35%,48,23.75%,23.17%,5.35%,7.47%,0.72,-8.93%,60.42%,0.04976842754776656,-0.06362152684987821,4.68,9.75%,0.47%,123.17,37,0.00%,-2.42%,-1.33%,-8.54%,-0.09%,False
conf_3m_cdi_00_40_00_30,3,8,0.00%,40.00%,0.00%,30.00%,17.50%,40.00%,-2.69%,48,22.11%,21.57%,5.00%,7.32%,0.68,-8.93%,60.42%,0.04976842754776656,-0.06362152684987821,4.47,9.32%,0.45%,121.57,37,0.00%,-2.84%,-1.33%,-10.16%,-0.09%,False
conf_3m_cdi_00_40_00_40,3,8,0.00%,40.00%,0.00%,40.00%,20.00%,40.00%,-3.04%,48,20.49%,19.98%,4.66%,7.20%,0.65,-8.93%,60.42%,0.04976842754776656,-0.06362152684987821,4.31,8.97%,0.43%,119.98,37,0.00%,-3.25%,-1.33%,-11.77%,-0.09%,False
conf_3m_cdi_00_40_00_50,3,8,0.00%,40.00%,0.00%,50.00%,22.50%,50.00%,-3.39%,48,18.89%,18.36%,4.30%,7.09%,0.61,-8.93%,60.42%,0.04976842754776656,-0.06362152684987821,4.45,9.27%,0.44%,118.36,37,0.00%,-3.67%,-1.33%,-13.41%,-0.09%,False
conf_3m_cdi_00_40_10_00,3,8,0.00%,40.00%,10.00%,0.00%,12.50%,40.00%,-1.53%,48,27.66%,27.03%,6.16%,7.77%,0.79,-8.93%,60.42%,0.05111928537013988,-0.06362152684987821,4.88,10.18%,0.49%,127.03,37,0.00%,-1.41%,-1.04%,-5.26%,-0.09%,False
conf_3m_cdi_00_40_10_10,3,8,0.00%,40.00%,10.00%,10.00%,15.00%,40.00%,-1.87%,48,25.98%,25.40%,5.82%,7.59%,0.77,-8.93%,60.42%,0.04976842754776656,-0.06362152684987821,4.68,9.75%,0.47%,125.40,37,0.00%,-1.84%,-1.26%,-6.91%,-0.09%,False
conf_3m_cdi_00_40_10_20,3,8,0.00%,40.00%,10.00%,20.00%,17.50%,40.00%,-2.22%,48,24.33%,23.77%,5.48%,7.44%,0.74,-8.93%,60.42%,0.04976842754776656,-0.06362152684987821,4.47,9.32%,0.45%,123.77,37,0.00%,-2.26%,-1.26%,-8.54%,-0.09%,False
conf_3m_cdi_00_40_10_30,3,8,0.00%,40.00%,10.00%,30.00%,20.00%,40.00%,-2.56%,48,22.69%,22.17%,5.13%,7.30%,0.70,-8.93%,60.42%,0.04976842754776656,-0.06362152684987821,4.27,8.89%,0.43%,122.17,37,0.00%,-2.67%,-1.26%,-10.16%,-0.09%,False
conf_3m_cdi_00_40_10_40,3,8,0.00%,40.00%,10.00%,40.00%,22.50%,40.00%,-2.91%,48,21.06%,20.57%,4.79%,7.17%,0.67,-8.93%,60.42%,0.04976842754776656,-0.06362152684987821,4.10,8.54%,0.41%,120.57,37,0.00%,-3.09%,-1.26%,-11.77%,-0.09%,False
conf_3m_cdi_00_40_10_50,3,8,0.00%,40.00%,10.00%,50.00%,25.00%,50.00%,-3.26%,48,19.45%,18.94%,4.43%,7.06%,0.63,-8.93%,60.42%,0.04976842754776656,-0.06362152684987821,4.24,8.84%,0.42%,118.94,37,0.00%,-3.51%,-1.26%,-13.41%,-0.09%,False
conf_3m_cdi_00_40_20_00,3,8,0.00%,40.00%,20.00%,0.00%,15.00%,40.00%,-1.40%,48,28.26%,27.66%,6.29%,7.74%,0.81,-8.93%,60.42%,0.05111928537013988,-0.06362152684987821,4.68,9.74%,0.47%,127.66,37,5.41%,-1.25%,-0.86%,-5.26%,0.11%,False
conf_3m_cdi_00_40_20_10,3,8,0.00%,40.00%,20.00%,10.00%,17.50%,40.00%,-1.74%,48,26.58%,26.01%,5.95%,7.57%,0.79,-8.93%,60.42%,0.04976842754776656,-0.06362152684987821,4.47,9.31%,0.45%,126.01,37,5.41%,-1.67%,-0.96%,-6.91%,0.11%,False
conf_3m_cdi_00_40_20_20,3,8,0.00%,40.00%,20.00%,20.00%,20.00%,40.00%,-2.09%,48,24.91%,24.38%,5.61%,7.41%,0.76,-8.93%,60.42%,0.04976842754776656,-0.06362152684987821,4.26,8.88%,0.43%,124.38,37,5.41%,-2.09%,-0.96%,-8.54%,0.11%,False
conf_3m_cdi_00_40_20_30,3,8,0.00%,40.00%,20.00%,30.00%,22.50%,40.00%,-2.43%,48,23.27%,22.77%,5.26%,7.27%,0.72,-8.93%,60.42%,0.04976842754776656,-0.06362152684987821,4.06,8.46%,0.41%,122.77,37,5.41%,-2.51%,-0.96%,-10.16%,0.11%,False
conf_3m_cdi_00_40_20_40,3,8,0.00%,40.00%,20.00%,40.00%,25.00%,40.00%,-2.78%,48,21.63%,21.16%,4.92%,7.14%,0.69,-8.93%,60.42%,0.04976842754776656,-0.06362152684987821,3.89,8.10%,0.39%,121.16,37,5.41%,-2.92%,-0.96%,-11.77%,0.11%,False
conf_3m_cdi_00_40_20_50,3,8,0.00%,40.00%,20.00%,50.00%,27.50%,50.00%,-3.13%,48,20.01%,19.53%,4.56%,7.04%,0.65,-8.93%,60.42%,0.04976842754776656,-0.06362152684987821,4.03,8.40%,0.40%,119.53,37,5.41%,-3.34%,-0.96%,-13.41%,0.11%,False
conf_3m_cdi_00_40_30_00,3,8,0.00%,40.00%,30.00%,0.00%,17.50%,40.00%,-1.27%,48,28.86%,28.28%,6.42%,7.72%,0.83,-8.93%,62.50%,0.05111928537013988,-0.06362152684987821,4.47,9.32%,0.45%,128.28,37,13.51%,-1.08%,-0.66%,-5.26%,0.62%,False
conf_3m_cdi_00_40_30_10,3,8,0.00%,40.00%,30.00%,10.00%,20.00%,40.00%,-1.62%,48,27.17%,26.63%,6.08%,7.55%,0.81,-8.93%,62.50%,0.04976842754776656,-0.06362152684987821,4.27,8.89%,0.43%,126.63,37,13.51%,-1.51%,-0.86%,-6.91%,0.62%,False
conf_3m_cdi_00_40_30_20,3,8,0.00%,40.00%,30.00%,20.00%,22.50%,40.00%,-1.96%,48,25.50%,24.99%,5.74%,7.39%,0.78,-8.93%,62.50%,0.04976842754776656,-0.06362152684987821,4.06,8.46%,0.41%,124.99,37,13.51%,-1.92%,-0.91%,-8.54%,0.62%,False
conf_3m_cdi_00_40_30_30,3,8,0.00%,40.00%,30.00%,30.00%,25.00%,40.00%,-2.31%,48,23.84%,23.37%,5.39%,7.25%,0.74,-8.93%,62.50%,0.04976842754776656,-0.06362152684987821,3.85,8.03%,0.39%,123.37,37,13.51%,-2.34%,-0.91%,-10.16%,0.62%,False
conf_3m_cdi_00_40_30_40,3,8,0.00%,40.00%,30.00%,40.00%,27.50%,40.00%,-2.65%,48,22.20%,21.75%,5.04%,7.12%,0.71,-8.93%,62.50%,0.04976842754776656,-0.06362152684987821,3.69,7.68%,0.37%,121.75,37,13.51%,-2.76%,-0.91%,-11.77%,0.62%,False
conf_3m_cdi_00_40_30_50,3,8,0.00%,40.00%,30.00%,50.00%,30.00%,50.00%,-3.01%,48,20.58%,20.11%,4.69%,7.01%,0.67,-8.93%,62.50%,0.04976842754776656,-0.06362152684987821,3.83,7.98%,0.38%,120.11,37,13.51%,-3.18%,-0.91%,-13.41%,0.62%,False
conf_3m_cdi_00_40_40_00,3,8,0.00%,40.00%,40.00%,0.00%,20.00%,40.00%,-1.14%,48,29.46%,28.91%,6.55%,7.70%,0.85,-8.93%,64.58%,0.05111928537013988,-0.06362152684987821,4.29,8.94%,0.43%,128.91,37,24.32%,-0.92%,-0.60%,-5.26%,1.13%,False
conf_3m_cdi_00_40_40_10,3,8,0.00%,40.00%,40.00%,10.00%,22.50%,40.00%,-1.49%,48,27.77%,27.25%,6.21%,7.53%,0.83,-8.93%,64.58%,0.04976842754776656,-0.06362152684987821,4.09,8.51%,0.41%,127.25,37,24.32%,-1.34%,-0.63%,-6.91%,1.13%,False
conf_3m_cdi_00_40_40_20,3,8,0.00%,40.00%,40.00%,20.00%,25.00%,40.00%,-1.83%,48,26.09%,25.60%,5.86%,7.37%,0.80,-8.93%,64.58%,0.04976842754776656,-0.06362152684987821,3.88,8.08%,0.39%,125.60,37,24.32%,-1.76%,-0.66%,-8.54%,1.13%,False
conf_3m_cdi_00_40_40_30,3,8,0.00%,40.00%,40.00%,30.00%,27.50%,40.00%,-2.18%,48,24.42%,23.97%,5.52%,7.23%,0.76,-8.93%,64.58%,0.04976842754776656,-0.06362152684987821,3.67,7.65%,0.37%,123.97,37,24.32%,-2.18%,-0.66%,-10.16%,1.13%,False
conf_3m_cdi_00_40_40_40,3,8,0.00%,40.00%,40.00%,40.00%,30.00%,40.00%,-2.52%,48,22.78%,22.35%,5.17%,7.10%,0.73,-8.93%,64.58%,0.04976842754776656,-0.06362152684987821,3.50,7.30%,0.35%,122.35,37,24.32%,-2.59%,-0.66%,-11.77%,1.13%,False
conf_3m_cdi_00_40_40_50,3,8,0.00%,40.00%,40.00%,50.00%,32.50%,50.00%,-2.88%,48,21.14%,20.70%,4.82%,6.99%,0.69,-8.93%,64.58%,0.04976842754776656,-0.06362152684987821,3.65,7.60%,0.36%,120.70,37,24.32%,-3.01%,-0.66%,-13.41%,1.13%,False
conf_3m_cdi_00_40_50_00,3,8,0.00%,40.00%,50.00%,0.00%,22.50%,50.00%,-1.02%,48,30.07%,29.49%,6.67%,7.68%,0.87,-8.93%,64.58%,0.05111928537013988,-0.06362152684987821,4.45,9.28%,0.45%,129.49,37,29.73%,-0.76%,-0.60%,-5.26%,1.61%,False
conf_3m_cdi_00_40_50_10,3,8,0.00%,40.00%,50.00%,10.00%,25.00%,50.00%,-1.37%,48,28.37%,27.82%,6.33%,7.51%,0.84,-8.93%,64.58%,0.04976842754776656,-0.06362152684987821,4.25,8.85%,0.42%,127.82,37,27.03%,-1.19%,-0.63%,-6.91%,1.61%,False
conf_3m_cdi_00_40_50_20,3,8,0.00%,40.00%,50.00%,20.00%,27.50%,50.00%,-1.71%,48,26.68%,26.17%,5.98%,7.35%,0.81,-8.93%,64.58%,0.04976842754776656,-0.06362152684987821,4.04,8.42%,0.40%,126.17,37,27.03%,-1.61%,-0.63%,-8.54%,1.61%,False
conf_3m_cdi_00_40_50_30,3,8,0.00%,40.00%,50.00%,30.00%,30.00%,50.00%,-2.06%,48,25.01%,24.53%,5.64%,7.21%,0.78,-8.93%,64.58%,0.04976842754776656,-0.06362152684987821,3.84,7.99%,0.38%,124.53,37,27.03%,-2.02%,-0.66%,-10.16%,1.61%,False
conf_3m_cdi_00_40_50_40,3,8,0.00%,40.00%,50.00%,40.00%,32.50%,50.00%,-2.41%,48,23.35%,22.90%,5.29%,7.09%,0.75,-8.93%,64.58%,0.04976842754776656,-0.06362152684987821,3.67,7.64%,0.37%,122.90,37,27.03%,-2.44%,-0.66%,-11.77%,1.61%,False
conf_3m_cdi_00_40_50_50,3,8,0.00%,40.00%,50.00%,50.00%,35.00%,50.00%,-2.76%,48,21.71%,21.24%,4.93%,6.98%,0.71,-8.93%,64.58%,0.04976842754776656,-0.06362152684987821,3.81,7.94%,0.38%,121.24,37,27.03%,-2.86%,-0.66%,-13.41%,1.61%,False
conf_3m_cdi_00_50_00_00,3,8,0.00%,50.00%,0.00%,0.00%,12.50%,50.00%,-2.06%,48,25.23%,24.50%,5.63%,7.67%,0.73,-8.93%,62.50%,0.0510145574095382,-0.06362152684987821,5.86,12.22%,0.59%,124.50,37,5.41%,-1.98%,-1.36%,-7.24%,0.14%,False
conf_3m_cdi_00_50_00_10,3,8,0.00%,50.00%,0.00%,10.00%,15.00%,50.00%,-2.41%,48,23.59%,22.90%,5.29%,7.49%,0.71,-8.93%,62.50%,0.04976842754776656,-0.06362152684987821,5.66,11.79%,0.57%,122.90,37,5.41%,-2.40%,-1.45%,-8.87%,0.14%,False
conf_3m_cdi_00_50_00_20,3,8,0.00%,50.00%,0.00%,20.00%,17.50%,50.00%,-2.75%,48,21.97%,21.31%,4.95%,7.33%,0.67,-8.93%,62.50%,0.04976842754776656,-0.06362152684987821,5.45,11.36%,0.55%,121.31,37,5.41%,-2.82%,-1.45%,-10.48%,0.14%,False
conf_3m_cdi_00_50_00_30,3,8,0.00%,50.00%,0.00%,30.00%,20.00%,50.00%,-3.09%,48,20.36%,19.73%,4.60%,7.18%,0.64,-8.93%,62.50%,0.04976842754776656,-0.06362152684987821,5.24,10.92%,0.52%,119.73,37,5.41%,-3.23%,-1.45%,-12.07%,0.14%,False
conf_3m_cdi_00_50_00_40,3,8,0.00%,50.00%,0.00%,40.00%,22.50%,50.00%,-3.43%,48,18.76%,18.17%,4.26%,7.06%,0.60,-8.93%,62.50%,0.04976842754776656,-0.06362152684987821,5.03,10.49%,0.50%,118.17,37,5.41%,-3.64%,-1.45%,-13.65%,0.14%,False
conf_3m_cdi_00_50_00_50,3,8,0.00%,50.00%,0.00%,50.00%,25.00%,50.00%,-3.78%,48,17.18%,16.61%,3.92%,6.95%,0.56,-8.93%,62.50%,0.04976842754776656,-0.06362152684987821,4.86,10.13%,0.49%,116.61,37,5.41%,-4.05%,-1.45%,-15.23%,0.14%,False
conf_3m_cdi_00_50_10_00,3,8,0.00%,50.00%,10.00%,0.00%,15.00%,50.00%,-1.93%,48,25.82%,25.11%,5.76%,7.64%,0.75,-8.93%,62.50%,0.0510145574095382,-0.06362152684987821,5.66,11.78%,0.57%,125.11,37,5.41%,-1.82%,-1.27%,-7.24%,0.14%,False
conf_3m_cdi_00_50_10_10,3,8,0.00%,50.00%,10.00%,10.00%,17.50%,50.00%,-2.28%,48,24.18%,23.50%,5.42%,7.46%,0.73,-8.93%,62.50%,0.04976842754776656,-0.06362152684987821,5.45,11.36%,0.55%,123.50,37,5.41%,-2.24%,-1.36%,-8.87%,0.14%,False
conf_3m_cdi_00_50_10_20,3,8,0.00%,50.00%,10.00%,20.00%,20.00%,50.00%,-2.62%,48,22.54%,21.90%,5.08%,7.30%,0.70,-8.93%,62.50%,0.04976842754776656,-0.06362152684987821,5.24,10.92%,0.52%,121.90,37,5.41%,-2.65%,-1.36%,-10.48%,0.14%,False
conf_3m_cdi_00_50_10_30,3,8,0.00%,50.00%,10.00%,30.00%,22.50%,50.00%,-2.96%,48,20.93%,20.32%,4.73%,7.15%,0.66,-8.93%,62.50%,0.04976842754776656,-0.06362152684987821,5.04,10.49%,0.50%,120.32,37,5.41%,-3.07%,-1.36%,-12.07%,0.14%,False
conf_3m_cdi_00_50_10_40,3,8,0.00%,50.00%,10.00%,40.00%,25.00%,50.00%,-3.31%,48,19.32%,18.75%,4.39%,7.03%,0.62,-8.93%,62.50%,0.04976842754776656,-0.06362152684987821,4.83,10.06%,0.48%,118.75,37,5.41%,-3.48%,-1.36%,-13.65%,0.14%,False
conf_3m_cdi_00_50_10_50,3,8,0.00%,50.00%,10.00%,50.00%,27.50%,50.00%,-3.65%,48,17.74%,17.19%,4.05%,6.92%,0.58,-8.93%,62.50%,0.04976842754776656,-0.06362152684987821,4.65,9.69%,0.47%,117.19,37,5.41%,-3.88%,-1.36%,-15.23%,0.14%,False
conf_3m_cdi_00_50_20_00,3,8,0.00%,50.00%,20.00%,0.00%,17.50%,50.00%,-1.80%,48,26.42%,25.73%,5.89%,7.61%,0.77,-8.93%,62.50%,0.0510145574095382,-0.06362152684987821,5.45,11.35%,0.54%,125.73,37,5.41%,-1.66%,-1.19%,-7.24%,0.14%,False
conf_3m_cdi_00_50_20_10,3,8,0.00%,50.00%,20.00%,10.00%,20.00%,50.00%,-2.15%,48,24.76%,24.11%,5.55%,7.44%,0.75,-8.93%,62.50%,0.04976842754776656,-0.06362152684987821,5.24,10.92%,0.52%,124.11,37,5.41%,-2.07%,-1.19%,-8.87%,0.14%,False
conf_3m_cdi_00_50_20_20,3,8,0.00%,50.00%,20.00%,20.00%,22.50%,50.00%,-2.49%,48,23.12%,22.50%,5.20%,7.27%,0.72,-8.93%,62.50%,0.04976842754776656,-0.06362152684987821,5.04,10.49%,0.50%,122.50,37,5.41%,-2.49%,-1.19%,-10.48%,0.14%,False
conf_3m_cdi_00_50_20_30,3,8,0.00%,50.00%,20.00%,30.00%,25.00%,50.00%,-2.83%,48,21.50%,20.91%,4.86%,7.13%,0.68,-8.93%,62.50%,0.04976842754776656,-0.06362152684987821,4.83,10.06%,0.48%,120.91,37,5.41%,-2.90%,-1.19%,-12.07%,0.14%,False
conf_3m_cdi_00_50_20_40,3,8,0.00%,50.00%,20.00%,40.00%,27.50%,50.00%,-3.18%,48,19.89%,19.33%,4.52%,7.00%,0.65,-8.93%,62.50%,0.04976842754776656,-0.06362152684987821,4.62,9.62%,0.46%,119.33,37,5.41%,-3.31%,-1.19%,-13.65%,0.14%,False
conf_3m_cdi_00_50_20_50,3,8,0.00%,50.00%,20.00%,50.00%,30.00%,50.00%,-3.52%,48,18.29%,17.76%,4.17%,6.89%,0.61,-8.93%,62.50%,0.04976842754776656,-0.06362152684987821,4.45,9.26%,0.44%,117.76,37,5.41%,-3.72%,-1.19%,-15.23%,0.14%,False
conf_3m_cdi_00_50_30_00,3,8,0.00%,50.00%,30.00%,0.00%,20.00%,50.00%,-1.68%,48,27.01%,26.35%,6.02%,7.59%,0.79,-8.93%,64.58%,0.0510145574095382,-0.06362152684987821,5.24,10.92%,0.52%,126.35,37,16.22%,-1.49%,-0.96%,-7.24%,0.46%,False
conf_3m_cdi_00_50_30_10,3,8,0.00%,50.00%,30.00%,10.00%,22.50%,50.00%,-2.02%,48,25.35%,24.72%,5.68%,7.41%,0.77,-8.93%,64.58%,0.04976842754776656,-0.06362152684987821,5.03,10.49%,0.50%,124.72,37,16.22%,-1.91%,-0.96%,-8.87%,0.46%,False
conf_3m_cdi_00_50_30_20,3,8,0.00%,50.00%,30.00%,20.00%,25.00%,50.00%,-2.36%,48,23.70%,23.10%,5.33%,7.25%,0.74,-8.93%,64.58%,0.04976842754776656,-0.06362152684987821,4.83,10.06%,0.48%,123.10,37,16.22%,-2.32%,-0.96%,-10.48%,0.46%,False
conf_3m_cdi_00_50_30_30,3,8,0.00%,50.00%,30.00%,30.00%,27.50%,50.00%,-2.71%,48,22.07%,21.50%,4.99%,7.11%,0.70,-8.93%,64.58%,0.04976842754776656,-0.06362152684987821,4.62,9.62%,0.46%,121.50,37,16.22%,-2.74%,-0.96%,-12.07%,0.46%,False
conf_3m_cdi_00_50_30_40,3,8,0.00%,50.00%,30.00%,40.00%,30.00%,50.00%,-3.05%,48,20.45%,19.92%,4.65%,6.98%,0.67,-8.93%,64.58%,0.04976842754776656,-0.06362152684987821,4.41,9.19%,0.44%,119.92,37,16.22%,-3.15%,-0.96%,-13.65%,0.46%,False
conf_3m_cdi_00_50_30_50,3,8,0.00%,50.00%,30.00%,50.00%,32.50%,50.00%,-3.40%,48,18.85%,18.34%,4.30%,6.87%,0.63,-8.93%,64.58%,0.04976842754776656,-0.06362152684987821,4.24,8.83%,0.42%,118.34,37,16.22%,-3.55%,-0.96%,-15.23%,0.46%,False
conf_3m_cdi_00_50_40_00,3,8,0.00%,50.00%,40.00%,0.00%,22.50%,50.00%,-1.55%,48,27.60%,26.96%,6.15%,7.57%,0.81,-8.93%,66.67%,0.0510145574095382,-0.06362152684987821,5.04,10.49%,0.50%,126.96,37,18.92%,-1.32%,-0.93%,-7.24%,0.97%,False
conf_3m_cdi_00_50_40_10,3,8,0.00%,50.00%,40.00%,10.00%,25.00%,50.00%,-1.89%,48,25.93%,25.33%,5.81%,7.39%,0.79,-8.93%,66.67%,0.04976842754776656,-0.06362152684987821,4.83,10.06%,0.48%,125.33,37,18.92%,-1.74%,-0.96%,-8.87%,0.97%,False
conf_3m_cdi_00_50_40_20,3,8,0.00%,50.00%,40.00%,20.00%,27.50%,50.00%,-2.23%,48,24.28%,23.71%,5.46%,7.23%,0.76,-8.93%,66.67%,0.04976842754776656,-0.06362152684987821,4.62,9.63%,0.46%,123.71,37,18.92%,-2.16%,-0.96%,-10.48%,0.97%,False
conf_3m_cdi_00_50_40_30,3,8,0.00%,50.00%,40.00%,30.00%,30.00%,50.00%,-2.58%,48,22.64%,22.10%,5.12%,7.09%,0.72,-8.93%,66.67%,0.04976842754776656,-0.06362152684987821,4.41,9.20%,0.44%,122.10,37,18.92%,-2.57%,-0.96%,-12.07%,0.97%,False
conf_3m_cdi_00_50_40_40,3,8,0.00%,50.00%,40.00%,40.00%,32.50%,50.00%,-2.92%,48,21.01%,20.51%,4.77%,6.96%,0.69,-8.93%,66.67%,0.04976842754776656,-0.06362152684987821,4.21,8.76%,0.42%,120.51,37,18.92%,-2.98%,-0.96%,-13.65%,0.97%,False
conf_3m_cdi_00_50_40_50,3,8,0.00%,50.00%,40.00%,50.00%,35.00%,50.00%,-3.27%,48,19.40%,18.92%,4.43%,6.85%,0.65,-8.93%,66.67%,0.04976842754776656,-0.06362152684987821,4.03,8.40%,0.40%,118.92,37,18.92%,-3.39%,-0.96%,-15.23%,0.97%,False
conf_3m_cdi_00_50_50_00,3,8,0.00%,50.00%,50.00%,0.00%,25.00%,50.00%,-1.42%,48,28.20%,27.58%,6.28%,7.56%,0.83,-8.93%,66.67%,0.0510145574095382,-0.06362152684987821,4.85,10.10%,0.48%,127.58,37,29.73%,-1.16%,-0.52%,-7.24%,1.48%,False
conf_3m_cdi_00_50_50_10,3,8,0.00%,50.00%,50.00%,10.00%,27.50%,50.00%,-1.76%,48,26.52%,25.94%,5.93%,7.38%,0.80,-8.93%,66.67%,0.04976842754776656,-0.06362152684987821,4.64,9.67%,0.46%,125.94,37,29.73%,-1.58%,-0.60%,-8.87%,1.48%,False
conf_3m_cdi_00_50_50_20,3,8,0.00%,50.00%,50.00%,20.00%,30.00%,50.00%,-2.11%,48,24.86%,24.31%,5.59%,7.22%,0.77,-8.93%,66.67%,0.04976842754776656,-0.06362152684987821,4.44,9.24%,0.44%,124.31,37,29.73%,-1.99%,-0.66%,-10.48%,1.48%,False
conf_3m_cdi_00_50_50_30,3,8,0.00%,50.00%,50.00%,30.00%,32.50%,50.00%,-2.45%,48,23.21%,22.69%,5.25%,7.07%,0.74,-8.93%,66.67%,0.04976842754776656,-0.06362152684987821,4.23,8.81%,0.42%,122.69,37,29.73%,-2.41%,-0.66%,-12.07%,1.48%,False
conf_3m_cdi_00_50_50_40,3,8,0.00%,50.00%,50.00%,40.00%,35.00%,50.00%,-2.79%,48,21.58%,21.09%,4.90%,6.94%,0.71,-8.93%,66.67%,0.04976842754776656,-0.06362152684987821,4.02,8.37%,0.40%,121.09,37,29.73%,-2.82%,-0.66%,-13.65%,1.48%,False
conf_3m_cdi_00_50_50_50,3,8,0.00%,50.00%,50.00%,50.00%,37.50%,50.00%,-3.14%,48,19.96%,19.50%,4.55%,6.83%,0.67,-8.93%,66.67%,0.04976842754776656,-0.06362152684987821,3.85,8.01%,0.38%,119.50,37,29.73%,-3.22%,-0.66%,-15.23%,1.48%,False
conf_3m_cdi_10_00_00_00,3,8,10.00%,0.00%,0.00%,0.00%,2.50%,10.00%,0.62%,48,37.98%,37.64%,8.31%,8.04%,1.03,-7.97%,58.33%,0.051505551784493786,-0.056922128978817765,2.46,5.12%,0.25%,137.64,37,75.68%,0.65%,0.19%,-0.28%,2.92%,False
conf_3m_cdi_10_00_00_10,3,8,10.00%,0.00%,0.00%,10.00%,5.00%,10.00%,0.26%,48,36.17%,35.82%,7.95%,7.87%,1.01,-7.97%,58.33%,0.04643254580152223,-0.056922128978817765,2.59,5.40%,0.26%,135.82,37,72.97%,0.20%,0.12%,-0.28%,1.12%,False
conf_3m_cdi_10_00_00_20,3,8,10.00%,0.00%,0.00%,20.00%,7.50%,20.00%,-0.10%,48,34.38%,34.01%,7.59%,7.73%,0.98,-7.97%,58.33%,0.045073387682071475,-0.056922128978817765,2.78,5.79%,0.28%,134.01,37,43.24%,-0.25%,-0.05%,-1.58%,0.38%,False
conf_3m_cdi_10_00_00_30,3,8,10.00%,0.00%,0.00%,30.00%,10.00%,30.00%,-0.46%,48,32.61%,32.21%,7.23%,7.60%,0.95,-7.97%,58.33%,0.045073387682071475,-0.056922128978817765,2.97,6.19%,0.30%,132.21,37,43.24%,-0.70%,-0.05%,-3.18%,0.38%,False
conf_3m_cdi_10_00_00_40,3,8,10.00%,0.00%,0.00%,40.00%,12.50%,40.00%,-0.83%,48,30.85%,30.44%,6.87%,7.48%,0.92,-7.97%,58.33%,0.045073387682071475,-0.056922128978817765,3.16,6.58%,0.32%,130.44,37,43.24%,-1.14%,-0.06%,-4.76%,0.38%,False
conf_3m_cdi_10_00_00_50,3,8,10.00%,0.00%,0.00%,50.00%,15.00%,50.00%,-1.19%,48,29.11%,28.68%,6.51%,7.39%,0.88,-7.97%,58.33%,0.045073387682071475,-0.056922128978817765,3.35,6.97%,0.33%,128.68,37,43.24%,-1.58%,-0.06%,-6.49%,0.38%,False
conf_3m_cdi_10_00_10_00,3,8,10.00%,0.00%,10.00%,0.00%,5.00%,10.00%,0.74%,48,38.63%,38.27%,8.44%,8.01%,1.05,-7.97%,58.33%,0.051505551784493786,-0.056922128978817765,2.62,5.45%,0.26%,138.27,37,100.00%,0.80%,0.38%,0.02%,2.92%,False
conf_3m_cdi_10_00_10_10,3,8,10.00%,0.00%,10.00%,10.00%,7.50%,10.00%,0.38%,48,36.81%,36.44%,8.08%,7.84%,1.03,-7.97%,58.33%,0.04643254580152223,-0.056922128978817765,2.75,5.73%,0.28%,136.44,37,100.00%,0.35%,0.29%,0.02%,1.12%,False
conf_3m_cdi_10_00_10_20,3,8,10.00%,0.00%,10.00%,20.00%,10.00%,20.00%,0.02%,48,35.02%,34.62%,7.72%,7.70%,1.00,-7.97%,58.33%,0.045073387682071475,-0.056922128978817765,2.94,6.12%,0.29%,134.62,37,67.57%,-0.10%,0.17%,-1.58%,0.60%,False
conf_3m_cdi_10_00_10_30,3,8,10.00%,0.00%,10.00%,30.00%,12.50%,30.00%,-0.34%,48,33.23%,32.82%,7.35%,7.56%,0.97,-7.97%,58.33%,0.045073387682071475,-0.056922128978817765,3.13,6.51%,0.31%,132.82,37,67.57%,-0.54%,0.17%,-3.18%,0.60%,False
conf_3m_cdi_10_00_10_40,3,8,10.00%,0.00%,10.00%,40.00%,15.00%,40.00%,-0.71%,48,31.47%,31.03%,6.99%,7.45%,0.94,-7.97%,58.33%,0.045073387682071475,-0.056922128978817765,3.31,6.91%,0.33%,131.03,37,67.57%,-0.99%,0.17%,-4.76%,0.60%,False
conf_3m_cdi_10_00_10_50,3,8,10.00%,0.00%,10.00%,50.00%,17.50%,50.00%,-1.07%,48,29.72%,29.26%,6.63%,7.35%,0.90,-7.97%,58.33%,0.045073387682071475,-0.056922128978817765,3.50,7.30%,0.35%,129.26,37,67.57%,-1.43%,0.17%,-6.49%,0.60%,False
conf_3m_cdi_10_00_20_00,3,8,10.00%,0.00%,20.00%,0.00%,7.50%,20.00%,0.86%,48,39.28%,38.89%,8.56%,7.98%,1.07,-7.97%,58.33%,0.051505551784493786,-0.056922128978817765,2.80,5.84%,0.28%,138.89,37,100.00%,0.96%,0.76%,0.02%,2.92%,False
conf_3m_cdi_10_00_20_10,3,8,10.00%,0.00%,20.00%,10.00%,10.00%,20.00%,0.50%,48,37.46%,37.05%,8.20%,7.81%,1.05,-7.97%,58.33%,0.04643254580152223,-0.056922128978817765,2.94,6.12%,0.29%,137.05,37,100.00%,0.50%,0.50%,0.02%,1.12%,False
conf_3m_cdi_10_00_20_20,3,8,10.00%,0.00%,20.00%,20.00%,12.50%,20.00%,0.14%,48,35.65%,35.23%,7.84%,7.67%,1.02,-7.97%,58.33%,0.045073387682071475,-0.056922128978817765,3.12,6.51%,0.31%,135.23,37,70.27%,0.06%,0.21%,-1.58%,1.08%,False
conf_3m_cdi_10_00_20_30,3,8,10.00%,0.00%,20.00%,30.00%,15.00%,30.00%,-0.22%,48,33.86%,33.42%,7.47%,7.53%,0.99,-7.97%,58.33%,0.045073387682071475,-0.056922128978817765,3.31,6.90%,0.33%,133.42,37,67.57%,-0.39%,0.19%,-3.18%,1.08%,False
conf_3m_cdi_10_00_20_40,3,8,10.00%,0.00%,20.00%,40.00%,17.50%,40.00%,-0.58%,48,32.09%,31.62%,7.11%,7.42%,0.96,-7.97%,58.33%,0.045073387682071475,-0.056922128978817765,3.50,7.29%,0.35%,131.62,37,67.57%,-0.83%,0.19%,-4.76%,1.08%,False
conf_3m_cdi_10_00_20_50,3,8,10.00%,0.00%,20.00%,50.00%,20.00%,50.00%,-0.95%,48,30.33%,29.85%,6.75%,7.33%,0.92,-7.97%,58.33%,0.045073387682071475,-0.056922128978817765,3.69,7.68%,0.37%,129.85,37,67.57%,-1.27%,0.19%,-6.49%,1.08%,False
conf_3m_cdi_10_00_30_00,3,8,10.00%,0.00%,30.00%,0.00%,10.00%,30.00%,0.99%,48,39.93%,39.52%,8.68%,7.95%,1.09,-7.97%,60.42%,0.051505551784493786,-0.056922128978817765,2.99,6.23%,0.30%,139.52,37,100.00%,1.11%,1.21%,0.02%,2.92%,False
conf_3m_cdi_10_00_30_10,3,8,10.00%,0.00%,30.00%,10.00%,12.50%,30.00%,0.63%,48,38.10%,37.67%,8.32%,7.79%,1.07,-7.97%,60.42%,0.04643254580152223,-0.056922128978817765,3.13,6.51%,0.31%,137.67,37,100.00%,0.66%,0.61%,0.02%,1.57%,False
conf_3m_cdi_10_00_30_20,3,8,10.00%,0.00%,30.00%,20.00%,15.00%,30.00%,0.26%,48,36.29%,35.84%,7.96%,7.64%,1.04,-7.97%,60.42%,0.045073387682071475,-0.056922128978817765,3.31,6.91%,0.33%,135.84,37,72.97%,0.21%,0.21%,-1.58%,1.57%,False
conf_3m_cdi_10_00_30_30,3,8,10.00%,0.00%,30.00%,30.00%,17.50%,30.00%,-0.10%,48,34.49%,34.02%,7.59%,7.51%,1.01,-7.97%,60.42%,0.045073387682071475,-0.056922128978817765,3.50,7.30%,0.35%,134.02,37,70.27%,-0.24%,0.21%,-3.18%,1.57%,False
conf_3m_cdi_10_00_30_40,3,8,10.00%,0.00%,30.00%,40.00%,20.00%,40.00%,-0.46%,48,32.71%,32.22%,7.23%,7.40%,0.98,-7.97%,60.42%,0.045073387682071475,-0.056922128978817765,3.69,7.69%,0.37%,132.22,37,67.57%,-0.68%,0.19%,-4.76%,1.57%,False
conf_3m_cdi_10_00_30_50,3,8,10.00%,0.00%,30.00%,50.00%,22.50%,50.00%,-0.83%,48,30.94%,30.43%,6.87%,7.30%,0.94,-7.97%,60.42%,0.045073387682071475,-0.056922128978817765,3.88,8.08%,0.39%,130.43,37,67.57%,-1.12%,0.19%,-6.49%,1.57%,False
conf_3m_cdi_10_00_40_00,3,8,10.00%,0.00%,40.00%,0.00%,12.50%,40.00%,1.11%,48,40.59%,40.14%,8.80%,7.93%,1.11,-7.97%,62.50%,0.051505551784493786,-0.056922128978817765,3.19,6.64%,0.32%,140.14,37,100.00%,1.27%,1.61%,0.02%,2.92%,False
conf_3m_cdi_10_00_40_10,3,8,10.00%,0.00%,40.00%,10.00%,15.00%,40.00%,0.75%,48,38.75%,38.29%,8.44%,7.76%,1.09,-7.97%,62.50%,0.04643254580152223,-0.056922128978817765,3.32,6.92%,0.33%,138.29,37,97.30%,0.81%,0.61%,-0.00%,2.06%,False
conf_3m_cdi_10_00_40_20,3,8,10.00%,0.00%,40.00%,20.00%,17.50%,40.00%,0.38%,48,36.93%,36.45%,8.08%,7.62%,1.06,-7.97%,62.50%,0.045073387682071475,-0.056922128978817765,3.51,7.31%,0.35%,136.45,37,72.97%,0.36%,0.27%,-1.58%,2.06%,False
conf_3m_cdi_10_00_40_30,3,8,10.00%,0.00%,40.00%,30.00%,20.00%,40.00%,0.02%,48,35.12%,34.62%,7.72%,7.49%,1.03,-7.97%,62.50%,0.045073387682071475,-0.056922128978817765,3.70,7.70%,0.37%,134.62,37,70.27%,-0.08%,0.21%,-3.18%,2.06%,False
conf_3m_cdi_10_00_40_40,3,8,10.00%,0.00%,40.00%,40.00%,22.50%,40.00%,-0.34%,48,33.33%,32.81%,7.35%,7.37%,1.00,-7.97%,62.50%,0.045073387682071475,-0.056922128978817765,3.88,8.09%,0.39%,132.81,37,70.27%,-0.52%,0.20%,-4.76%,2.06%,False
conf_3m_cdi_10_00_40_50,3,8,10.00%,0.00%,40.00%,50.00%,25.00%,50.00%,-0.71%,48,31.55%,31.02%,6.99%,7.28%,0.96,-7.97%,62.50%,0.045073387682071475,-0.056922128978817765,4.07,8.48%,0.41%,131.02,37,67.57%,-0.96%,0.19%,-6.49%,2.06%,False
conf_3m_cdi_10_00_50_00,3,8,10.00%,0.00%,50.00%,0.00%,15.00%,50.00%,1.23%,48,41.25%,40.77%,8.93%,7.91%,1.13,-7.97%,62.50%,0.051505551784493786,-0.056922128978817765,3.38,7.04%,0.34%,140.77,37,100.00%,1.42%,1.69%,0.02%,2.92%,False
conf_3m_cdi_10_00_50_10,3,8,10.00%,0.00%,50.00%,10.00%,17.50%,50.00%,0.87%,48,39.40%,38.91%,8.56%,7.74%,1.11,-7.97%,62.50%,0.04643254580152223,-0.056922128978817765,3.51,7.31%,0.35%,138.91,37,97.30%,0.97%,0.61%,-0.05%,2.54%,False
conf_3m_cdi_10_00_50_20,3,8,10.00%,0.00%,50.00%,20.00%,20.00%,50.00%,0.50%,48,37.57%,37.06%,8.20%,7.60%,1.08,-7.97%,62.50%,0.045073387682071475,-0.056922128978817765,3.70,7.71%,0.37%,137.06,37,72.97%,0.52%,0.27%,-1.58%,2.54%,False
conf_3m_cdi_10_00_50_30,3,8,10.00%,0.00%,50.00%,30.00%,22.50%,50.00%,0.14%,48,35.75%,35.22%,7.84%,7.47%,1.05,-7.97%,62.50%,0.045073387682071475,-0.056922128978817765,3.89,8.10%,0.39%,135.22,37,70.27%,0.07%,0.21%,-3.18%,2.54%,False
conf_3m_cdi_10_00_50_40,3,8,10.00%,0.00%,50.00%,40.00%,25.00%,50.00%,-0.22%,48,33.95%,33.41%,7.47%,7.35%,1.02,-7.97%,62.50%,0.045073387682071475,-0.056922128978817765,4.07,8.49%,0.41%,133.41,37,70.27%,-0.37%,0.21%,-4.76%,2.54%,False
conf_3m_cdi_10_00_50_50,3,8,10.00%,0.00%,50.00%,50.00%,27.50%,50.00%,-0.59%,48,32.17%,31.61%,7.11%,7.26%,0.98,-7.97%,62.50%,0.045073387682071475,-0.056922128978817765,4.26,8.88%,0.43%,131.61,37,70.27%,-0.81%,0.19%,-6.49%,2.54%,False
conf_3m_cdi_10_10_00_00,3,8,10.00%,10.00%,0.00%,0.00%,5.00%,10.00%,0.24%,48,36.04%,35.70%,7.93%,7.82%,1.01,-7.97%,58.33%,0.05142887129476481,-0.056922128978817765,2.45,5.10%,0.24%,135.70,37,64.86%,0.26%,0.34%,-0.55%,1.12%,False
conf_3m_cdi_10_10_00_10,3,8,10.00%,10.00%,0.00%,10.00%,7.50%,10.00%,-0.11%,48,34.26%,33.95%,7.58%,7.65%,0.99,-7.97%,58.33%,0.046512900945293145,-0.056922128978817765,2.29,4.76%,0.23%,133.95,37,35.14%,-0.18%,-0.34%,-0.90%,0.44%,False
conf_3m_cdi_10_10_00_20,3,8,10.00%,10.00%,0.00%,20.00%,10.00%,20.00%,-0.47%,48,32.49%,32.17%,7.22%,7.50%,0.96,-7.97%,58.33%,0.045073387682071475,-0.056922128978817765,2.42,5.04%,0.24%,132.17,37,35.14%,-0.63%,-0.34%,-2.68%,0.44%,False
conf_3m_cdi_10_10_00_30,3,8,10.00%,10.00%,0.00%,30.00%,12.50%,30.00%,-0.83%,48,30.74%,30.40%,6.86%,7.36%,0.93,-7.97%,58.33%,0.045073387682071475,-0.056922128978817765,2.61,5.44%,0.26%,130.40,37,35.14%,-1.07%,-0.34%,-4.44%,0.44%,False
conf_3m_cdi_10_10_00_40,3,8,10.00%,10.00%,0.00%,40.00%,15.00%,40.00%,-1.19%,48,29.01%,28.65%,6.50%,7.24%,0.90,-7.97%,58.33%,0.045073387682071475,-0.056922128978817765,2.80,5.83%,0.28%,128.65,37,35.14%,-1.50%,-0.34%,-6.19%,0.44%,False
conf_3m_cdi_10_10_00_50,3,8,10.00%,10.00%,0.00%,50.00%,17.50%,50.00%,-1.56%,48,27.29%,26.91%,6.14%,7.14%,0.86,-7.97%,58.33%,0.045073387682071475,-0.056922128978817765,2.99,6.22%,0.30%,126.91,37,35.14%,-1.94%,-0.34%,-7.92%,0.44%,False
conf_3m_cdi_10_10_10_00,3,8,10.00%,10.00%,10.00%,0.00%,7.50%,10.00%,0.37%,48,36.68%,36.37%,8.06%,7.79%,1.04,-7.97%,58.33%,0.05142887129476481,-0.056922128978817765,2.27,4.74%,0.23%,136.37,37,91.89%,0.42%,0.35%,-0.03%,1.12%,False
conf_3m_cdi_10_10_10_10,3,8,10.00%,10.00%,10.00%,10.00%,10.00%,10.00%,0.02%,48,34.89%,34.61%,7.71%,7.62%,1.01,-7.97%,58.33%,0.046512900945293145,-0.056922128978817765,2.11,4.40%,0.21%,134.61,37,62.16%,-0.02%,0.11%,-0.90%,0.44%,True
conf_3m_cdi_10_10_10_20,3,8,10.00%,10.00%,10.00%,20.00%,12.50%,20.00%,-0.34%,48,33.12%,32.82%,7.35%,7.47%,0.98,-7.97%,58.33%,0.045073387682071475,-0.056922128978817765,2.25,4.68%,0.22%,132.82,37,59.46%,-0.46%,0.11%,-2.68%,0.44%,False
conf_3m_cdi_10_10_10_30,3,8,10.00%,10.00%,10.00%,30.00%,15.00%,30.00%,-0.70%,48,31.36%,31.04%,6.99%,7.33%,0.95,-7.97%,58.33%,0.045073387682071475,-0.056922128978817765,2.44,5.08%,0.24%,131.04,37,59.46%,-0.90%,0.11%,-4.44%,0.44%,False
conf_3m_cdi_10_10_10_40,3,8,10.00%,10.00%,10.00%,40.00%,17.50%,40.00%,-1.06%,48,29.62%,29.28%,6.63%,7.21%,0.92,-7.97%,58.33%,0.045073387682071475,-0.056922128978817765,2.62,5.47%,0.26%,129.28,37,59.46%,-1.34%,0.11%,-6.19%,0.44%,False
conf_3m_cdi_10_10_10_50,3,8,10.00%,10.00%,10.00%,50.00%,20.00%,50.00%,-1.43%,48,27.89%,27.53%,6.27%,7.11%,0.88,-7.97%,58.33%,0.045073387682071475,-0.056922128978817765,2.81,5.86%,0.28%,127.53,37,59.46%,-1.77%,0.11%,-7.92%,0.44%,False
conf_3m_cdi_10_10_20_00,3,8,10.00%,10.00%,20.00%,0.00%,10.00%,20.00%,0.49%,48,37.32%,36.99%,8.19%,7.76%,1.05,-7.97%,58.33%,0.05142887129476481,-0.056922128978817765,2.43,5.07%,0.24%,136.99,37,100.00%,0.58%,0.49%,0.15%,1.12%,False
conf_3m_cdi_10_10_20_10,3,8,10.00%,10.00%,20.00%,10.00%,12.50%,20.00%,0.14%,48,35.53%,35.22%,7.83%,7.59%,1.03,-7.97%,58.33%,0.046512900945293145,-0.056922128978817765,2.27,4.73%,0.23%,135.22,37,72.97%,0.14%,0.36%,-0.90%,0.70%,False
conf_3m_cdi_10_10_20_20,3,8,10.00%,10.00%,20.00%,20.00%,15.00%,20.00%,-0.22%,48,33.74%,33.42%,7.47%,7.44%,1.00,-7.97%,58.33%,0.045073387682071475,-0.056922128978817765,2.41,5.01%,0.24%,133.42,37,67.57%,-0.30%,0.36%,-2.68%,0.70%,False
conf_3m_cdi_10_10_20_30,3,8,10.00%,10.00%,20.00%,30.00%,17.50%,30.00%,-0.58%,48,31.98%,31.64%,7.11%,7.30%,0.97,-7.97%,58.33%,0.045073387682071475,-0.056922128978817765,2.59,5.40%,0.26%,131.64,37,67.57%,-0.75%,0.36%,-4.44%,0.70%,False
conf_3m_cdi_10_10_20_40,3,8,10.00%,10.00%,20.00%,40.00%,20.00%,40.00%,-0.94%,48,30.23%,29.87%,6.75%,7.18%,0.94,-7.97%,58.33%,0.045073387682071475,-0.056922128978817765,2.78,5.80%,0.28%,129.87,37,67.57%,-1.18%,0.36%,-6.19%,0.70%,False
conf_3m_cdi_10_10_20_50,3,8,10.00%,10.00%,20.00%,50.00%,22.50%,50.00%,-1.31%,48,28.50%,28.11%,6.39%,7.08%,0.90,-7.97%,58.33%,0.045073387682071475,-0.056922128978817765,2.97,6.19%,0.30%,128.11,37,67.57%,-1.62%,0.36%,-7.92%,0.70%,False
conf_3m_cdi_10_10_30_00,3,8,10.00%,10.00%,30.00%,0.00%,12.50%,30.00%,0.61%,48,37.97%,37.61%,8.31%,7.73%,1.07,-7.97%,60.42%,0.05142887129476481,-0.056922128978817765,2.62,5.45%,0.26%,137.61,37,100.00%,0.73%,0.85%,0.14%,1.21%,False
conf_3m_cdi_10_10_30_10,3,8,10.00%,10.00%,30.00%,10.00%,15.00%,30.00%,0.26%,48,36.16%,35.83%,7.96%,7.57%,1.05,-7.97%,60.42%,0.046512900945293145,-0.056922128978817765,2.46,5.12%,0.25%,135.83,37,72.97%,0.29%,0.37%,-0.90%,1.21%,False
conf_3m_cdi_10_10_30_20,3,8,10.00%,10.00%,30.00%,20.00%,17.50%,30.00%,-0.10%,48,34.37%,34.02%,7.60%,7.41%,1.02,-7.97%,60.42%,0.045073387682071475,-0.056922128978817765,2.59,5.40%,0.26%,134.02,37,70.27%,-0.15%,0.36%,-2.68%,1.21%,False
conf_3m_cdi_10_10_30_30,3,8,10.00%,10.00%,30.00%,30.00%,20.00%,30.00%,-0.46%,48,32.60%,32.23%,7.23%,7.28%,0.99,-7.97%,60.42%,0.045073387682071475,-0.056922128978817765,2.78,5.79%,0.28%,132.23,37,67.57%,-0.59%,0.36%,-4.44%,1.21%,False
conf_3m_cdi_10_10_30_40,3,8,10.00%,10.00%,30.00%,40.00%,22.50%,40.00%,-0.82%,48,30.84%,30.45%,6.87%,7.16%,0.96,-7.97%,60.42%,0.045073387682071475,-0.056922128978817765,2.97,6.18%,0.30%,130.45,37,67.57%,-1.03%,0.36%,-6.19%,1.21%,False
conf_3m_cdi_10_10_30_50,3,8,10.00%,10.00%,30.00%,50.00%,25.00%,50.00%,-1.19%,48,29.10%,28.69%,6.51%,7.06%,0.92,-7.97%,60.42%,0.045073387682071475,-0.056922128978817765,3.15,6.57%,0.32%,128.69,37,67.57%,-1.46%,0.36%,-7.92%,1.21%,False
conf_3m_cdi_10_10_40_00,3,8,10.00%,10.00%,40.00%,0.00%,15.00%,40.00%,0.73%,48,38.61%,38.23%,8.43%,7.71%,1.09,-7.97%,62.50%,0.05142887129476481,-0.056922128978817765,2.81,5.85%,0.28%,138.23,37,100.00%,0.88%,0.93%,0.13%,1.72%,False
conf_3m_cdi_10_10_40_10,3,8,10.00%,10.00%,40.00%,10.00%,17.50%,40.00%,0.38%,48,36.80%,36.44%,8.08%,7.54%,1.07,-7.97%,62.50%,0.046512900945293145,-0.056922128978817765,2.65,5.52%,0.26%,136.44,37,72.97%,0.45%,0.39%,-0.90%,1.72%,False
conf_3m_cdi_10_10_40_20,3,8,10.00%,10.00%,40.00%,20.00%,20.00%,40.00%,0.02%,48,35.00%,34.63%,7.72%,7.39%,1.04,-7.97%,62.50%,0.045073387682071475,-0.056922128978817765,2.78,5.80%,0.28%,134.63,37,70.27%,0.00%,0.37%,-2.68%,1.72%,False
conf_3m_cdi_10_10_40_30,3,8,10.00%,10.00%,40.00%,30.00%,22.50%,40.00%,-0.34%,48,33.22%,32.82%,7.35%,7.25%,1.01,-7.97%,62.50%,0.045073387682071475,-0.056922128978817765,2.97,6.19%,0.30%,132.82,37,70.27%,-0.44%,0.37%,-4.44%,1.72%,False
conf_3m_cdi_10_10_40_40,3,8,10.00%,10.00%,40.00%,40.00%,25.00%,40.00%,-0.70%,48,31.45%,31.04%,6.99%,7.13%,0.98,-7.97%,62.50%,0.045073387682071475,-0.056922128978817765,3.16,6.58%,0.32%,131.04,37,67.57%,-0.88%,0.37%,-6.19%,1.72%,False
conf_3m_cdi_10_10_40_50,3,8,10.00%,10.00%,40.00%,50.00%,27.50%,50.00%,-1.07%,48,29.70%,29.27%,6.63%,7.03%,0.94,-7.97%,62.50%,0.045073387682071475,-0.056922128978817765,3.35,6.97%,0.33%,129.27,37,67.57%,-1.31%,0.37%,-7.92%,1.72%,False
conf_3m_cdi_10_10_50_00,3,8,10.00%,10.00%,50.00%,0.00%,17.50%,50.00%,0.86%,48,39.26%,38.85%,8.55%,7.69%,1.11,-7.97%,62.50%,0.05142887129476481,-0.056922128978817765,3.00,6.25%,0.30%,138.85,37,100.00%,1.04%,0.93%,0.12%,2.23%,False
conf_3m_cdi_10_10_50_10,3,8,10.00%,10.00%,50.00%,10.00%,20.00%,50.00%,0.50%,48,37.44%,37.05%,8.20%,7.52%,1.09,-7.97%,62.50%,0.046512900945293145,-0.056922128978817765,2.84,5.91%,0.28%,137.05,37,72.97%,0.60%,0.39%,-0.90%,2.23%,False
conf_3m_cdi_10_10_50_20,3,8,10.00%,10.00%,50.00%,20.00%,22.50%,50.00%,0.14%,48,35.63%,35.23%,7.84%,7.37%,1.06,-7.97%,62.50%,0.045073387682071475,-0.056922128978817765,2.97,6.20%,0.30%,135.23,37,72.97%,0.16%,0.37%,-2.68%,2.23%,False
conf_3m_cdi_10_10_50_30,3,8,10.00%,10.00%,50.00%,30.00%,25.00%,50.00%,-0.22%,48,33.84%,33.42%,7.47%,7.23%,1.03,-7.97%,62.50%,0.045073387682071475,-0.056922128978817765,3.16,6.59%,0.32%,133.42,37,70.27%,-0.28%,0.37%,-4.44%,2.23%,False
conf_3m_cdi_10_10_50_40,3,8,10.00%,10.00%,50.00%,40.00%,27.50%,50.00%,-0.58%,48,32.07%,31.63%,7.11%,7.11%,1.00,-7.97%,62.50%,0.045073387682071475,-0.056922128978817765,3.35,6.98%,0.34%,131.63,37,70.27%,-0.72%,0.37%,-6.19%,2.23%,False
conf_3m_cdi_10_10_50_50,3,8,10.00%,10.00%,50.00%,50.00%,30.00%,50.00%,-0.95%,48,30.31%,29.85%,6.75%,7.01%,0.96,-7.97%,62.50%,0.045073387682071475,-0.056922128978817765,3.54,7.37%,0.35%,129.85,37,67.57%,-1.16%,0.37%,-7.92%,2.23%,False
conf_3m_cdi_10_20_00_00,3,8,10.00%,20.00%,0.00%,0.00%,7.50%,20.00%,-0.17%,48,34.12%,33.70%,7.53%,7.62%,0.99,-7.97%,58.33%,0.05132643387070557,-0.056922128978817765,3.13,6.51%,0.31%,133.70,37,43.24%,-0.15%,-0.20%,-1.22%,0.71%,False
conf_3m_cdi_10_20_00_10,3,8,10.00%,20.00%,0.00%,10.00%,10.00%,20.00%,-0.51%,48,32.36%,31.97%,7.18%,7.45%,0.96,-7.97%,58.33%,0.046438890316346404,-0.056922128978817765,2.93,6.10%,0.29%,131.97,37,35.14%,-0.59%,-0.58%,-2.90%,0.71%,False
conf_3m_cdi_10_20_00_20,3,8,10.00%,20.00%,0.00%,20.00%,12.50%,20.00%,-0.86%,48,30.62%,30.26%,6.83%,7.29%,0.94,-7.97%,58.33%,0.045073387682071475,-0.056922128978817765,2.76,5.76%,0.28%,130.26,37,35.14%,-1.02%,-0.58%,-4.59%,0.71%,False
conf_3m_cdi_10_20_00_30,3,8,10.00%,20.00%,0.00%,30.00%,15.00%,30.00%,-1.22%,48,28.90%,28.52%,6.47%,7.15%,0.91,-7.97%,58.33%,0.045073387682071475,-0.056922128978817765,2.90,6.04%,0.29%,128.52,37,35.14%,-1.45%,-0.58%,-6.31%,0.71%,False
conf_3m_cdi_10_20_00_40,3,8,10.00%,20.00%,0.00%,40.00%,17.50%,40.00%,-1.58%,48,27.19%,26.79%,6.11%,7.03%,0.87,-7.97%,58.33%,0.045073387682071475,-0.056922128978817765,3.09,6.44%,0.31%,126.79,37,35.14%,-1.88%,-0.58%,-8.01%,0.71%,False
conf_3m_cdi_10_20_00_50,3,8,10.00%,20.00%,0.00%,50.00%,20.00%,50.00%,-1.94%,48,25.49%,25.08%,5.75%,6.92%,0.83,-7.97%,58.33%,0.045073387682071475,-0.056922128978817765,3.28,6.83%,0.33%,125.08,37,35.14%,-2.31%,-0.58%,-9.70%,0.71%,False
conf_3m_cdi_10_20_10_00,3,8,10.00%,20.00%,10.00%,0.00%,10.00%,20.00%,-0.03%,48,34.75%,34.35%,7.66%,7.59%,1.01,-7.97%,58.33%,0.05132643387070557,-0.056922128978817765,2.93,6.09%,0.29%,134.35,37,54.05%,0.01%,0.08%,-1.20%,0.71%,False
conf_3m_cdi_10_20_10_10,3,8,10.00%,20.00%,10.00%,10.00%,12.50%,20.00%,-0.38%,48,32.98%,32.62%,7.31%,7.42%,0.99,-7.97%,58.33%,0.046438890316346404,-0.056922128978817765,2.73,5.68%,0.27%,132.62,37,45.95%,-0.42%,-0.07%,-2.90%,0.71%,False
conf_3m_cdi_10_20_10_20,3,8,10.00%,20.00%,10.00%,20.00%,15.00%,20.00%,-0.73%,48,31.24%,30.90%,6.96%,7.26%,0.96,-7.97%,58.33%,0.045073387682071475,-0.056922128978817765,2.56,5.34%,0.26%,130.90,37,45.95%,-0.85%,-0.07%,-4.59%,0.71%,False
conf_3m_cdi_10_20_10_30,3,8,10.00%,20.00%,10.00%,30.00%,17.50%,30.00%,-1.09%,48,29.50%,29.15%,6.60%,7.12%,0.93,-7.97%,58.33%,0.045073387682071475,-0.056922128978817765,2.70,5.63%,0.27%,129.15,37,45.95%,-1.28%,-0.07%,-6.31%,0.71%,False
conf_3m_cdi_10_20_10_40,3,8,10.00%,20.00%,10.00%,40.00%,20.00%,40.00%,-1.45%,48,27.79%,27.42%,6.24%,6.99%,0.89,-7.97%,58.33%,0.045073387682071475,-0.056922128978817765,2.89,6.02%,0.29%,127.42,37,45.95%,-1.72%,-0.07%,-8.01%,0.71%,False
conf_3m_cdi_10_20_10_50,3,8,10.00%,20.00%,10.00%,50.00%,22.50%,50.00%,-1.81%,48,26.09%,25.70%,5.88%,6.89%,0.85,-7.97%,58.33%,0.045073387682071475,-0.056922128978817765,3.08,6.41%,0.31%,125.70,37,45.95%,-2.15%,-0.07%,-9.70%,0.71%,False
conf_3m_cdi_10_20_20_00,3,8,10.00%,20.00%,20.00%,0.00%,12.50%,20.00%,0.10%,48,35.38%,35.01%,7.79%,7.56%,1.03,-7.97%,58.33%,0.05132643387070557,-0.056922128978817765,2.75,5.73%,0.27%,135.01,37,75.68%,0.18%,0.29%,-1.20%,0.71%,False
conf_3m_cdi_10_20_20_10,3,8,10.00%,20.00%,20.00%,10.00%,15.00%,20.00%,-0.25%,48,33.61%,33.27%,7.44%,7.39%,1.01,-7.97%,58.33%,0.046438890316346404,-0.056922128978817765,2.55,5.31%,0.25%,133.27,37,62.16%,-0.25%,0.27%,-2.90%,0.71%,False
conf_3m_cdi_10_20_20_20,3,8,10.00%,20.00%,20.00%,20.00%,17.50%,20.00%,-0.60%,48,31.85%,31.54%,7.09%,7.23%,0.98,-7.97%,58.33%,0.045073387682071475,-0.056922128978817765,2.39,4.97%,0.24%,131.54,37,62.16%,-0.68%,0.27%,-4.59%,0.71%,False
conf_3m_cdi_10_20_20_30,3,8,10.00%,20.00%,20.00%,30.00%,20.00%,30.00%,-0.96%,48,30.11%,29.79%,6.73%,7.09%,0.95,-7.97%,58.33%,0.045073387682071475,-0.056922128978817765,2.52,5.26%,0.25%,129.79,37,62.16%,-1.12%,0.27%,-6.31%,0.71%,False
conf_3m_cdi_10_20_20_40,3,8,10.00%,20.00%,20.00%,40.00%,22.50%,40.00%,-1.32%,48,28.39%,28.04%,6.37%,6.97%,0.91,-7.97%,58.33%,0.045073387682071475,-0.056922128978817765,2.71,5.65%,0.27%,128.04,37,62.16%,-1.55%,0.27%,-8.01%,0.71%,False
conf_3m_cdi_10_20_20_50,3,8,10.00%,20.00%,20.00%,50.00%,25.00%,50.00%,-1.68%,48,26.68%,26.31%,6.01%,6.86%,0.88,-7.97%,58.33%,0.045073387682071475,-0.056922128978817765,2.90,6.04%,0.29%,126.31,37,62.16%,-1.98%,0.27%,-9.70%,0.71%,False
conf_3m_cdi_10_20_30_00,3,8,10.00%,20.00%,30.00%,0.00%,15.00%,30.00%,0.22%,48,36.02%,35.62%,7.92%,7.54%,1.05,-7.97%,60.42%,0.05132643387070557,-0.056922128978817765,2.91,6.06%,0.29%,135.62,37,81.08%,0.33%,0.42%,-1.20%,1.12%,False
conf_3m_cdi_10_20_30_10,3,8,10.00%,20.00%,30.00%,10.00%,17.50%,30.00%,-0.13%,48,34.24%,33.87%,7.57%,7.36%,1.03,-7.97%,60.42%,0.046438890316346404,-0.056922128978817765,2.71,5.64%,0.27%,133.87,37,70.27%,-0.10%,0.36%,-2.90%,1.12%,False
conf_3m_cdi_10_20_30_20,3,8,10.00%,20.00%,30.00%,20.00%,20.00%,30.00%,-0.48%,48,32.47%,32.14%,7.21%,7.21%,1.00,-7.97%,60.42%,0.045073387682071475,-0.056922128978817765,2.55,5.30%,0.25%,132.14,37,67.57%,-0.53%,0.36%,-4.59%,1.12%,False
conf_3m_cdi_10_20_30_30,3,8,10.00%,20.00%,30.00%,30.00%,22.50%,30.00%,-0.84%,48,30.72%,30.37%,6.86%,7.06%,0.97,-7.97%,60.42%,0.045073387682071475,-0.056922128978817765,2.68,5.59%,0.27%,130.37,37,67.57%,-0.96%,0.36%,-6.31%,1.12%,False
conf_3m_cdi_10_20_30_40,3,8,10.00%,20.00%,30.00%,40.00%,25.00%,40.00%,-1.20%,48,28.99%,28.62%,6.49%,6.94%,0.94,-7.97%,60.42%,0.045073387682071475,-0.056922128978817765,2.87,5.98%,0.29%,128.62,37,67.57%,-1.40%,0.36%,-8.01%,1.12%,False
conf_3m_cdi_10_20_30_50,3,8,10.00%,20.00%,30.00%,50.00%,27.50%,50.00%,-1.56%,48,27.27%,26.89%,6.13%,6.84%,0.90,-7.97%,60.42%,0.045073387682071475,-0.056922128978817765,3.06,6.37%,0.31%,126.89,37,67.57%,-1.83%,0.36%,-9.70%,1.12%,False
conf_3m_cdi_10_20_40_00,3,8,10.00%,20.00%,40.00%,0.00%,17.50%,40.00%,0.34%,48,36.66%,36.23%,8.04%,7.51%,1.07,-7.97%,62.50%,0.05132643387070557,-0.056922128978817765,3.09,6.45%,0.31%,136.23,37,81.08%,0.49%,0.52%,-1.20%,1.63%,False
conf_3m_cdi_10_20_40_10,3,8,10.00%,20.00%,40.00%,10.00%,20.00%,40.00%,-0.01%,48,34.87%,34.48%,7.69%,7.34%,1.05,-7.97%,62.50%,0.046438890316346404,-0.056922128978817765,2.89,6.03%,0.29%,134.48,37,70.27%,0.06%,0.51%,-2.90%,1.63%,False
conf_3m_cdi_10_20_40_20,3,8,10.00%,20.00%,40.00%,20.00%,22.50%,40.00%,-0.36%,48,33.09%,32.73%,7.34%,7.18%,1.02,-7.97%,62.50%,0.045073387682071475,-0.056922128978817765,2.73,5.69%,0.27%,132.73,37,70.27%,-0.37%,0.42%,-4.59%,1.63%,False
conf_3m_cdi_10_20_40_30,3,8,10.00%,20.00%,40.00%,30.00%,25.00%,40.00%,-0.72%,48,31.34%,30.96%,6.98%,7.04%,0.99,-7.97%,62.50%,0.045073387682071475,-0.056922128978817765,2.87,5.98%,0.29%,130.96,37,67.57%,-0.81%,0.42%,-6.31%,1.63%,False
conf_3m_cdi_10_20_40_40,3,8,10.00%,20.00%,40.00%,40.00%,27.50%,40.00%,-1.08%,48,29.60%,29.20%,6.61%,6.92%,0.96,-7.97%,62.50%,0.045073387682071475,-0.056922128978817765,3.06,6.37%,0.31%,129.20,37,67.57%,-1.24%,0.42%,-8.01%,1.63%,False
conf_3m_cdi_10_20_40_50,3,8,10.00%,20.00%,40.00%,50.00%,30.00%,50.00%,-1.44%,48,27.87%,27.46%,6.25%,6.81%,0.92,-7.97%,62.50%,0.045073387682071475,-0.056922128978817765,3.24,6.76%,0.32%,127.46,37,67.57%,-1.68%,0.42%,-9.70%,1.63%,False
conf_3m_cdi_10_20_50_00,3,8,10.00%,20.00%,50.00%,0.00%,20.00%,50.00%,0.46%,48,37.29%,36.84%,8.16%,7.49%,1.09,-7.97%,62.50%,0.05132643387070557,-0.056922128978817765,3.29,6.84%,0.33%,136.84,37,78.38%,0.64%,0.55%,-1.20%,2.14%,False
conf_3m_cdi_10_20_50_10,3,8,10.00%,20.00%,50.00%,10.00%,22.50%,50.00%,0.11%,48,35.50%,35.08%,7.81%,7.32%,1.07,-7.97%,62.50%,0.046438890316346404,-0.056922128978817765,3.09,6.43%,0.31%,135.08,37,72.97%,0.21%,0.54%,-2.90%,2.14%,False
conf_3m_cdi_10_20_50_20,3,8,10.00%,20.00%,50.00%,20.00%,25.00%,50.00%,-0.24%,48,33.72%,33.33%,7.46%,7.16%,1.04,-7.97%,62.50%,0.045073387682071475,-0.056922128978817765,2.92,6.09%,0.29%,133.33,37,70.27%,-0.22%,0.52%,-4.59%,2.14%,False
conf_3m_cdi_10_20_50_30,3,8,10.00%,20.00%,50.00%,30.00%,27.50%,50.00%,-0.60%,48,31.95%,31.55%,7.10%,7.02%,1.01,-7.97%,62.50%,0.045073387682071475,-0.056922128978817765,3.06,6.38%,0.31%,131.55,37,70.27%,-0.66%,0.52%,-6.31%,2.14%,False
conf_3m_cdi_10_20_50_40,3,8,10.00%,20.00%,50.00%,40.00%,30.00%,50.00%,-0.96%,48,30.20%,29.78%,6.73%,6.90%,0.98,-7.97%,62.50%,0.045073387682071475,-0.056922128978817765,3.25,6.77%,0.32%,129.78,37,67.57%,-1.09%,0.52%,-8.01%,2.14%,False
conf_3m_cdi_10_20_50_50,3,8,10.00%,20.00%,50.00%,50.00%,32.50%,50.00%,-1.32%,48,28.47%,28.03%,6.37%,6.79%,0.94,-7.97%,62.50%,0.045073387682071475,-0.056922128978817765,3.44,7.16%,0.34%,128.03,37,67.57%,-1.52%,0.52%,-9.70%,2.14%,False
conf_3m_cdi_10_30_00_00,3,8,10.00%,30.00%,0.00%,0.00%,10.00%,30.00%,-0.57%,48,32.21%,31.70%,7.13%,7.44%,0.96,-7.97%,58.33%,0.05122324135577028,-0.056922128978817765,3.89,8.10%,0.39%,131.70,37,32.43%,-0.56%,-0.52%,-3.23%,0.98%,False
conf_3m_cdi_10_30_00_10,3,8,10.00%,30.00%,0.00%,10.00%,12.50%,30.00%,-0.92%,48,30.48%,30.00%,6.78%,7.27%,0.93,-7.97%,58.33%,0.04633618780848914,-0.056922128978817765,3.68,7.67%,0.37%,130.00,37,32.43%,-0.99%,-0.74%,-4.91%,0.98%,False
conf_3m_cdi_10_30_00_20,3,8,10.00%,30.00%,0.00%,20.00%,15.00%,30.00%,-1.26%,48,28.76%,28.32%,6.43%,7.10%,0.91,-7.97%,58.33%,0.045073387682071475,-0.056922128978817765,3.48,7.25%,0.35%,128.32,37,32.43%,-1.41%,-0.74%,-6.57%,0.98%,False
conf_3m_cdi_10_30_00_30,3,8,10.00%,30.00%,0.00%,30.00%,17.50%,30.00%,-1.61%,48,27.06%,26.64%,6.08%,6.96%,0.87,-7.97%,58.33%,0.045073387682071475,-0.056922128978817765,3.32,6.91%,0.33%,126.64,37,32.43%,-1.84%,-0.74%,-8.22%,0.98%,False
conf_3m_cdi_10_30_00_40,3,8,10.00%,30.00%,0.00%,40.00%,20.00%,40.00%,-1.97%,48,25.38%,24.95%,5.73%,6.83%,0.84,-7.97%,58.33%,0.045073387682071475,-0.056922128978817765,3.46,7.20%,0.35%,124.95,37,32.43%,-2.27%,-0.74%,-9.90%,0.98%,False
conf_3m_cdi_10_30_00_50,3,8,10.00%,30.00%,0.00%,50.00%,22.50%,50.00%,-2.33%,48,23.71%,23.26%,5.37%,6.72%,0.80,-7.97%,58.33%,0.045073387682071475,-0.056922128978817765,3.64,7.59%,0.36%,123.26,37,32.43%,-2.69%,-0.74%,-11.56%,0.98%,False
conf_3m_cdi_10_30_10_00,3,8,10.00%,30.00%,10.00%,0.00%,12.50%,30.00%,-0.44%,48,32.83%,32.35%,7.26%,7.41%,0.98,-7.97%,58.33%,0.05122324135577028,-0.056922128978817765,3.68,7.67%,0.37%,132.35,37,35.14%,-0.40%,-0.23%,-3.23%,0.98%,False
conf_3m_cdi_10_30_10_10,3,8,10.00%,30.00%,10.00%,10.00%,15.00%,30.00%,-0.79%,48,31.09%,30.64%,6.91%,7.23%,0.96,-7.97%,58.33%,0.04633618780848914,-0.056922128978817765,3.48,7.24%,0.35%,130.64,37,35.14%,-0.82%,-0.23%,-4.91%,0.98%,False
conf_3m_cdi_10_30_10_20,3,8,10.00%,30.00%,10.00%,20.00%,17.50%,30.00%,-1.13%,48,29.37%,28.95%,6.56%,7.07%,0.93,-7.97%,58.33%,0.045073387682071475,-0.056922128978817765,3.27,6.82%,0.33%,128.95,37,35.14%,-1.25%,-0.23%,-6.57%,0.98%,False
conf_3m_cdi_10_30_10_30,3,8,10.00%,30.00%,10.00%,30.00%,20.00%,30.00%,-1.48%,48,27.66%,27.27%,6.21%,6.93%,0.90,-7.97%,58.33%,0.045073387682071475,-0.056922128978817765,3.11,6.47%,0.31%,127.27,37,35.14%,-1.67%,-0.23%,-8.22%,0.98%,False
conf_3m_cdi_10_30_10_40,3,8,10.00%,30.00%,10.00%,40.00%,22.50%,40.00%,-1.84%,48,25.97%,25.56%,5.86%,6.80%,0.86,-7.97%,58.33%,0.045073387682071475,-0.056922128978817765,3.25,6.77%,0.32%,125.56,37,35.14%,-2.10%,-0.23%,-9.90%,0.98%,False
conf_3m_cdi_10_30_10_50,3,8,10.00%,30.00%,10.00%,50.00%,25.00%,50.00%,-2.20%,48,24.30%,23.87%,5.50%,6.69%,0.82,-7.97%,58.33%,0.045073387682071475,-0.056922128978817765,3.44,7.16%,0.34%,123.87,37,35.14%,-2.53%,-0.23%,-11.56%,0.98%,False
conf_3m_cdi_10_30_20_00,3,8,10.00%,30.00%,20.00%,0.00%,15.00%,30.00%,-0.31%,48,33.46%,33.00%,7.39%,7.38%,1.00,-7.97%,58.33%,0.05122324135577028,-0.056922128978817765,3.48,7.25%,0.35%,133.00,37,54.05%,-0.23%,0.04%,-3.23%,0.98%,False
conf_3m_cdi_10_30_20_10,3,8,10.00%,30.00%,20.00%,10.00%,17.50%,30.00%,-0.65%,48,31.71%,31.28%,7.04%,7.21%,0.98,-7.97%,58.33%,0.04633618780848914,-0.056922128978817765,3.27,6.82%,0.33%,131.28,37,54.05%,-0.66%,0.04%,-4.91%,0.98%,False
conf_3m_cdi_10_30_20_20,3,8,10.00%,30.00%,20.00%,20.00%,20.00%,30.00%,-1.00%,48,29.98%,29.58%,6.69%,7.04%,0.95,-7.97%,58.33%,0.045073387682071475,-0.056922128978817765,3.07,6.40%,0.31%,129.58,37,54.05%,-1.08%,0.04%,-6.57%,0.98%,False
conf_3m_cdi_10_30_20_30,3,8,10.00%,30.00%,20.00%,30.00%,22.50%,30.00%,-1.35%,48,28.27%,27.89%,6.34%,6.90%,0.92,-7.97%,58.33%,0.045073387682071475,-0.056922128978817765,2.91,6.05%,0.29%,127.89,37,54.05%,-1.51%,0.04%,-8.22%,0.98%,False
conf_3m_cdi_10_30_20_40,3,8,10.00%,30.00%,20.00%,40.00%,25.00%,40.00%,-1.71%,48,26.56%,26.18%,5.99%,6.77%,0.88,-7.97%,58.33%,0.045073387682071475,-0.056922128978817765,3.05,6.35%,0.30%,126.18,37,54.05%,-1.93%,0.04%,-9.90%,0.98%,False
conf_3m_cdi_10_30_20_50,3,8,10.00%,30.00%,20.00%,50.00%,27.50%,50.00%,-2.07%,48,24.88%,24.48%,5.63%,6.66%,0.85,-7.97%,58.33%,0.045073387682071475,-0.056922128978817765,3.23,6.74%,0.32%,124.48,37,54.05%,-2.36%,0.04%,-11.56%,0.98%,False
conf_3m_cdi_10_30_30_00,3,8,10.00%,30.00%,30.00%,0.00%,17.50%,30.00%,-0.18%,48,34.09%,33.64%,7.52%,7.36%,1.02,-7.97%,60.42%,0.05122324135577028,-0.056922128978817765,3.30,6.88%,0.33%,133.64,37,64.86%,-0.07%,0.29%,-3.23%,1.03%,False
conf_3m_cdi_10_30_30_10,3,8,10.00%,30.00%,30.00%,10.00%,20.00%,30.00%,-0.52%,48,32.33%,31.92%,7.17%,7.18%,1.00,-7.97%,60.42%,0.04633618780848914,-0.056922128978817765,3.09,6.45%,0.31%,131.92,37,62.16%,-0.49%,0.29%,-4.91%,1.03%,False
conf_3m_cdi_10_30_30_20,3,8,10.00%,30.00%,30.00%,20.00%,22.50%,30.00%,-0.87%,48,30.59%,30.21%,6.82%,7.02%,0.97,-7.97%,60.42%,0.045073387682071475,-0.056922128978817765,2.89,6.02%,0.29%,130.21,37,62.16%,-0.92%,0.29%,-6.57%,1.03%,False
conf_3m_cdi_10_30_30_30,3,8,10.00%,30.00%,30.00%,30.00%,25.00%,30.00%,-1.22%,48,28.87%,28.52%,6.47%,6.87%,0.94,-7.97%,60.42%,0.045073387682071475,-0.056922128978817765,2.73,5.68%,0.27%,128.52,37,62.16%,-1.34%,0.29%,-8.22%,1.03%,False
conf_3m_cdi_10_30_30_40,3,8,10.00%,30.00%,30.00%,40.00%,27.50%,40.00%,-1.58%,48,27.16%,26.80%,6.11%,6.74%,0.91,-7.97%,60.42%,0.045073387682071475,-0.056922128978817765,2.87,5.97%,0.29%,126.80,37,62.16%,-1.77%,0.29%,-9.90%,1.03%,False
conf_3m_cdi_10_30_30_50,3,8,10.00%,30.00%,30.00%,50.00%,30.00%,50.00%,-1.94%,48,25.47%,25.08%,5.75%,6.63%,0.87,-7.97%,60.42%,0.045073387682071475,-0.056922128978817765,3.06,6.36%,0.31%,125.08,37,62.16%,-2.19%,0.29%,-11.56%,1.03%,False
conf_3m_cdi_10_30_40_00,3,8,10.00%,30.00%,40.00%,0.00%,20.00%,40.00%,-0.05%,48,34.71%,34.25%,7.64%,7.33%,1.04,-7.97%,62.50%,0.05122324135577028,-0.056922128978817765,3.46,7.21%,0.35%,134.25,37,70.27%,0.09%,0.37%,-3.23%,1.54%,False
conf_3m_cdi_10_30_40_10,3,8,10.00%,30.00%,40.00%,10.00%,22.50%,40.00%,-0.40%,48,32.95%,32.52%,7.29%,7.16%,1.02,-7.97%,62.50%,0.04633618780848914,-0.056922128978817765,3.26,6.78%,0.33%,132.52,37,70.27%,-0.34%,0.37%,-4.91%,1.54%,False
conf_3m_cdi_10_30_40_20,3,8,10.00%,30.00%,40.00%,20.00%,25.00%,40.00%,-0.75%,48,31.20%,30.80%,6.94%,6.99%,0.99,-7.97%,62.50%,0.045073387682071475,-0.056922128978817765,3.05,6.36%,0.31%,130.80,37,67.57%,-0.76%,0.37%,-6.57%,1.54%,False
conf_3m_cdi_10_30_40_30,3,8,10.00%,30.00%,40.00%,30.00%,27.50%,40.00%,-1.10%,48,29.47%,29.10%,6.59%,6.85%,0.96,-7.97%,62.50%,0.045073387682071475,-0.056922128978817765,2.89,6.02%,0.29%,129.10,37,67.57%,-1.18%,0.37%,-8.22%,1.54%,False
conf_3m_cdi_10_30_40_40,3,8,10.00%,30.00%,40.00%,40.00%,30.00%,40.00%,-1.46%,48,27.76%,27.37%,6.23%,6.72%,0.93,-7.97%,62.50%,0.045073387682071475,-0.056922128978817765,3.03,6.31%,0.30%,127.37,37,67.57%,-1.61%,0.37%,-9.90%,1.54%,False
conf_3m_cdi_10_30_40_50,3,8,10.00%,30.00%,40.00%,50.00%,32.50%,50.00%,-1.82%,48,26.05%,25.65%,5.87%,6.61%,0.89,-7.97%,62.50%,0.045073387682071475,-0.056922128978817765,3.22,6.70%,0.32%,125.65,37,67.57%,-2.04%,0.37%,-11.56%,1.54%,False
conf_3m_cdi_10_30_50_00,3,8,10.00%,30.00%,50.00%,0.00%,22.50%,50.00%,0.07%,48,35.34%,34.85%,7.76%,7.31%,1.06,-7.97%,62.50%,0.05122324135577028,-0.056922128978817765,3.65,7.60%,0.36%,134.85,37,70.27%,0.24%,0.62%,-3.23%,2.05%,False
conf_3m_cdi_10_30_50_10,3,8,10.00%,30.00%,50.00%,10.00%,25.00%,50.00%,-0.28%,48,33.57%,33.11%,7.41%,7.14%,1.04,-7.97%,62.50%,0.04633618780848914,-0.056922128978817765,3.44,7.17%,0.34%,133.11,37,67.57%,-0.18%,0.48%,-4.91%,2.05%,False
conf_3m_cdi_10_30_50_20,3,8,10.00%,30.00%,50.00%,20.00%,27.50%,50.00%,-0.63%,48,31.82%,31.39%,7.06%,6.97%,1.01,-7.97%,62.50%,0.045073387682071475,-0.056922128978817765,3.24,6.75%,0.32%,131.39,37,64.86%,-0.61%,0.48%,-6.57%,2.05%,False
conf_3m_cdi_10_30_50_30,3,8,10.00%,30.00%,50.00%,30.00%,30.00%,50.00%,-0.98%,48,30.08%,29.68%,6.71%,6.83%,0.98,-7.97%,62.50%,0.045073387682071475,-0.056922128978817765,3.07,6.40%,0.31%,129.68,37,64.86%,-1.03%,0.48%,-8.22%,2.05%,False
conf_3m_cdi_10_30_50_40,3,8,10.00%,30.00%,50.00%,40.00%,32.50%,50.00%,-1.34%,48,28.35%,27.94%,6.35%,6.70%,0.95,-7.97%,62.50%,0.045073387682071475,-0.056922128978817765,3.21,6.70%,0.32%,127.94,37,64.86%,-1.46%,0.48%,-9.90%,2.05%,False
conf_3m_cdi_10_30_50_50,3,8,10.00%,30.00%,50.00%,50.00%,35.00%,50.00%,-1.70%,48,26.64%,26.21%,5.99%,6.59%,0.91,-7.97%,62.50%,0.045073387682071475,-0.056922128978817765,3.40,7.09%,0.34%,126.21,37,64.86%,-1.89%,0.48%,-11.56%,2.05%,False
conf_3m_cdi_10_40_00_00,3,8,10.00%,40.00%,0.00%,0.00%,12.50%,40.00%,-0.97%,48,30.32%,29.72%,6.72%,7.29%,0.92,-7.97%,60.42%,0.05111928537013988,-0.056922128978817765,4.66,9.71%,0.47%,129.72,37,32.43%,-0.97%,-0.90%,-5.24%,1.25%,False
conf_3m_cdi_10_40_00_10,3,8,10.00%,40.00%,0.00%,10.00%,15.00%,40.00%,-1.32%,48,28.62%,28.04%,6.38%,7.10%,0.90,-7.97%,60.42%,0.04623272545525836,-0.056922128978817765,4.46,9.28%,0.45%,128.04,37,32.43%,-1.39%,-0.91%,-6.89%,1.25%,False
conf_3m_cdi_10_40_00_20,3,8,10.00%,40.00%,0.00%,20.00%,17.50%,40.00%,-1.67%,48,26.93%,26.39%,6.03%,6.94%,0.87,-7.97%,60.42%,0.045073387682071475,-0.056922128978817765,4.25,8.85%,0.42%,126.39,37,32.43%,-1.81%,-0.91%,-8.53%,1.25%,False
conf_3m_cdi_10_40_00_30,3,8,10.00%,40.00%,0.00%,30.00%,20.00%,40.00%,-2.01%,48,25.25%,24.74%,5.68%,6.79%,0.84,-7.97%,60.42%,0.045073387682071475,-0.056922128978817765,4.04,8.42%,0.40%,124.74,37,32.43%,-2.23%,-0.91%,-10.15%,1.25%,False
conf_3m_cdi_10_40_00_40,3,8,10.00%,40.00%,0.00%,40.00%,22.50%,40.00%,-2.36%,48,23.59%,23.11%,5.34%,6.65%,0.80,-7.97%,60.42%,0.045073387682071475,-0.056922128978817765,3.88,8.07%,0.39%,123.11,37,32.43%,-2.65%,-0.91%,-11.76%,1.25%,False
conf_3m_cdi_10_40_00_50,3,8,10.00%,40.00%,0.00%,50.00%,25.00%,50.00%,-2.72%,48,21.95%,21.46%,4.98%,6.54%,0.76,-7.97%,60.42%,0.045073387682071475,-0.056922128978817765,4.02,8.37%,0.40%,121.46,37,32.43%,-3.07%,-0.91%,-13.40%,1.25%,False
conf_3m_cdi_10_40_10_00,3,8,10.00%,40.00%,10.00%,0.00%,15.00%,40.00%,-0.84%,48,30.94%,30.35%,6.85%,7.25%,0.94,-7.97%,60.42%,0.05111928537013988,-0.056922128978817765,4.45,9.28%,0.45%,130.35,37,32.43%,-0.81%,-0.40%,-5.24%,1.25%,False
conf_3m_cdi_10_40_10_10,3,8,10.00%,40.00%,10.00%,10.00%,17.50%,40.00%,-1.19%,48,29.22%,28.68%,6.51%,7.07%,0.92,-7.97%,60.42%,0.04623272545525836,-0.056922128978817765,4.25,8.85%,0.42%,128.68,37,32.43%,-1.23%,-0.40%,-6.89%,1.25%,False
conf_3m_cdi_10_40_10_20,3,8,10.00%,40.00%,10.00%,20.00%,20.00%,40.00%,-1.54%,48,27.52%,27.01%,6.16%,6.90%,0.89,-7.97%,60.42%,0.045073387682071475,-0.056922128978817765,4.04,8.42%,0.40%,127.01,37,32.43%,-1.65%,-0.40%,-8.53%,1.25%,False
conf_3m_cdi_10_40_10_30,3,8,10.00%,40.00%,10.00%,30.00%,22.50%,40.00%,-1.88%,48,25.84%,25.36%,5.81%,6.75%,0.86,-7.97%,60.42%,0.045073387682071475,-0.056922128978817765,3.84,7.99%,0.38%,125.36,37,32.43%,-2.07%,-0.40%,-10.15%,1.25%,False
conf_3m_cdi_10_40_10_40,3,8,10.00%,40.00%,10.00%,40.00%,25.00%,40.00%,-2.23%,48,24.17%,23.72%,5.47%,6.62%,0.83,-7.97%,60.42%,0.045073387682071475,-0.056922128978817765,3.67,7.64%,0.37%,123.72,37,32.43%,-2.48%,-0.40%,-11.76%,1.25%,False
conf_3m_cdi_10_40_10_50,3,8,10.00%,40.00%,10.00%,50.00%,27.50%,50.00%,-2.59%,48,22.52%,22.05%,5.11%,6.51%,0.79,-7.97%,60.42%,0.045073387682071475,-0.056922128978817765,3.81,7.94%,0.38%,122.05,37,32.43%,-2.90%,-0.40%,-13.40%,1.25%,False
conf_3m_cdi_10_40_20_00,3,8,10.00%,40.00%,20.00%,0.00%,17.50%,40.00%,-0.71%,48,31.55%,31.00%,6.98%,7.23%,0.97,-7.97%,60.42%,0.05111928537013988,-0.056922128978817765,4.25,8.85%,0.42%,131.00,37,48.65%,-0.64%,-0.08%,-5.24%,1.25%,False
conf_3m_cdi_10_40_20_10,3,8,10.00%,40.00%,20.00%,10.00%,20.00%,40.00%,-1.06%,48,29.83%,29.31%,6.64%,7.04%,0.94,-7.97%,60.42%,0.04623272545525836,-0.056922128978817765,4.04,8.42%,0.40%,129.31,37,48.65%,-1.06%,-0.08%,-6.89%,1.25%,False
conf_3m_cdi_10_40_20_20,3,8,10.00%,40.00%,20.00%,20.00%,22.50%,40.00%,-1.41%,48,28.12%,27.63%,6.29%,6.88%,0.91,-7.97%,60.42%,0.045073387682071475,-0.056922128978817765,3.83,7.99%,0.38%,127.63,37,48.65%,-1.48%,-0.08%,-8.53%,1.25%,False
conf_3m_cdi_10_40_20_30,3,8,10.00%,40.00%,20.00%,30.00%,25.00%,40.00%,-1.75%,48,26.43%,25.98%,5.94%,6.72%,0.88,-7.97%,60.42%,0.045073387682071475,-0.056922128978817765,3.63,7.56%,0.36%,125.98,37,48.65%,-1.90%,-0.08%,-10.15%,1.25%,False
conf_3m_cdi_10_40_20_40,3,8,10.00%,40.00%,20.00%,40.00%,27.50%,40.00%,-2.10%,48,24.76%,24.33%,5.59%,6.59%,0.85,-7.97%,60.42%,0.045073387682071475,-0.056922128978817765,3.46,7.21%,0.35%,124.33,37,48.65%,-2.31%,-0.08%,-11.76%,1.25%,False
conf_3m_cdi_10_40_20_50,3,8,10.00%,40.00%,20.00%,50.00%,30.00%,50.00%,-2.46%,48,23.10%,22.65%,5.24%,6.48%,0.81,-7.97%,60.42%,0.045073387682071475,-0.056922128978817765,3.60,7.51%,0.36%,122.65,37,48.65%,-2.74%,-0.08%,-13.40%,1.25%,False
conf_3m_cdi_10_40_30_00,3,8,10.00%,40.00%,30.00%,0.00%,20.00%,40.00%,-0.58%,48,32.17%,31.64%,7.11%,7.20%,0.99,-7.97%,62.50%,0.05111928537013988,-0.056922128978817765,4.04,8.42%,0.40%,131.64,37,54.05%,-0.47%,0.17%,-5.24%,1.25%,False
conf_3m_cdi_10_40_30_10,3,8,10.00%,40.00%,30.00%,10.00%,22.50%,40.00%,-0.93%,48,30.44%,29.94%,6.77%,7.02%,0.96,-7.97%,62.50%,0.04623272545525836,-0.056922128978817765,3.84,7.99%,0.38%,129.94,37,54.05%,-0.90%,0.17%,-6.89%,1.25%,False
conf_3m_cdi_10_40_30_20,3,8,10.00%,40.00%,30.00%,20.00%,25.00%,40.00%,-1.28%,48,28.73%,28.26%,6.42%,6.85%,0.94,-7.97%,62.50%,0.045073387682071475,-0.056922128978817765,3.63,7.56%,0.36%,128.26,37,54.05%,-1.32%,0.17%,-8.53%,1.25%,False
conf_3m_cdi_10_40_30_30,3,8,10.00%,40.00%,30.00%,30.00%,27.50%,40.00%,-1.62%,48,27.03%,26.59%,6.07%,6.70%,0.91,-7.97%,62.50%,0.045073387682071475,-0.056922128978817765,3.42,7.13%,0.34%,126.59,37,54.05%,-1.73%,0.17%,-10.15%,1.25%,False
conf_3m_cdi_10_40_30_40,3,8,10.00%,40.00%,30.00%,40.00%,30.00%,40.00%,-1.97%,48,25.34%,24.94%,5.72%,6.57%,0.87,-7.97%,62.50%,0.045073387682071475,-0.056922128978817765,3.26,6.78%,0.33%,124.94,37,54.05%,-2.15%,0.17%,-11.76%,1.25%,False
conf_3m_cdi_10_40_30_50,3,8,10.00%,40.00%,30.00%,50.00%,32.50%,50.00%,-2.33%,48,23.68%,23.26%,5.37%,6.45%,0.83,-7.97%,62.50%,0.045073387682071475,-0.056922128978817765,3.40,7.08%,0.34%,123.26,37,54.05%,-2.57%,0.17%,-13.40%,1.25%,False
conf_3m_cdi_10_40_40_00,3,8,10.00%,40.00%,40.00%,0.00%,22.50%,40.00%,-0.45%,48,32.79%,32.28%,7.24%,7.18%,1.01,-7.97%,64.58%,0.05111928537013988,-0.056922128978817765,3.86,8.04%,0.39%,132.28,37,59.46%,-0.31%,0.30%,-5.24%,1.45%,False
conf_3m_cdi_10_40_40_10,3,8,10.00%,40.00%,40.00%,10.00%,25.00%,40.00%,-0.80%,48,31.05%,30.57%,6.90%,6.99%,0.99,-7.97%,64.58%,0.04623272545525836,-0.056922128978817765,3.66,7.61%,0.37%,130.57,37,59.46%,-0.73%,0.30%,-6.89%,1.45%,False
conf_3m_cdi_10_40_40_20,3,8,10.00%,40.00%,40.00%,20.00%,27.50%,40.00%,-1.15%,48,29.33%,28.88%,6.55%,6.83%,0.96,-7.97%,64.58%,0.045073387682071475,-0.056922128978817765,3.45,7.18%,0.34%,128.88,37,59.46%,-1.15%,0.30%,-8.53%,1.45%,False
conf_3m_cdi_10_40_40_30,3,8,10.00%,40.00%,40.00%,30.00%,30.00%,40.00%,-1.49%,48,27.62%,27.21%,6.20%,6.68%,0.93,-7.97%,64.58%,0.045073387682071475,-0.056922128978817765,3.24,6.76%,0.32%,127.21,37,59.46%,-1.57%,0.30%,-10.15%,1.45%,False
conf_3m_cdi_10_40_40_40,3,8,10.00%,40.00%,40.00%,40.00%,32.50%,40.00%,-1.84%,48,25.93%,25.54%,5.85%,6.54%,0.89,-7.97%,64.58%,0.045073387682071475,-0.056922128978817765,3.07,6.40%,0.31%,125.54,37,59.46%,-1.98%,0.30%,-11.76%,1.45%,False
conf_3m_cdi_10_40_40_50,3,8,10.00%,40.00%,40.00%,50.00%,35.00%,50.00%,-2.20%,48,24.25%,23.86%,5.49%,6.43%,0.85,-7.97%,64.58%,0.045073387682071475,-0.056922128978817765,3.22,6.70%,0.32%,123.86,37,59.46%,-2.40%,0.30%,-13.40%,1.45%,False
conf_3m_cdi_10_40_50_00,3,8,10.00%,40.00%,50.00%,0.00%,25.00%,50.00%,-0.33%,48,33.41%,32.88%,7.36%,7.16%,1.03,-7.97%,64.58%,0.05111928537013988,-0.056922128978817765,4.02,8.38%,0.40%,132.88,37,64.86%,-0.15%,0.39%,-5.24%,1.96%,False
conf_3m_cdi_10_40_50_10,3,8,10.00%,40.00%,50.00%,10.00%,27.50%,50.00%,-0.68%,48,31.67%,31.16%,7.02%,6.98%,1.01,-7.97%,64.58%,0.04623272545525836,-0.056922128978817765,3.82,7.95%,0.38%,131.16,37,62.16%,-0.58%,0.39%,-6.89%,1.96%,False
conf_3m_cdi_10_40_50_20,3,8,10.00%,40.00%,50.00%,20.00%,30.00%,50.00%,-1.03%,48,29.94%,29.47%,6.67%,6.81%,0.98,-7.97%,64.58%,0.045073387682071475,-0.056922128978817765,3.61,7.52%,0.36%,129.47,37,62.16%,-1.00%,0.39%,-8.53%,1.96%,False
conf_3m_cdi_10_40_50_30,3,8,10.00%,40.00%,50.00%,30.00%,32.50%,50.00%,-1.37%,48,28.22%,27.78%,6.32%,6.66%,0.95,-7.97%,64.58%,0.045073387682071475,-0.056922128978817765,3.40,7.09%,0.34%,127.78,37,62.16%,-1.41%,0.39%,-10.15%,1.96%,False
conf_3m_cdi_10_40_50_40,3,8,10.00%,40.00%,50.00%,40.00%,35.00%,50.00%,-1.72%,48,26.52%,26.11%,5.97%,6.53%,0.92,-7.97%,64.58%,0.045073387682071475,-0.056922128978817765,3.24,6.74%,0.32%,126.11,37,62.16%,-1.83%,0.39%,-11.76%,1.96%,False
conf_3m_cdi_10_40_50_50,3,8,10.00%,40.00%,50.00%,50.00%,37.50%,50.00%,-2.08%,48,24.84%,24.41%,5.61%,6.41%,0.88,-7.97%,64.58%,0.045073387682071475,-0.056922128978817765,3.38,7.04%,0.34%,124.41,37,62.16%,-2.25%,0.39%,-13.40%,1.96%,False
conf_3m_cdi_10_50_00_00,3,8,10.00%,50.00%,0.00%,0.00%,15.00%,50.00%,-1.38%,48,28.45%,27.76%,6.32%,7.15%,0.88,-7.97%,62.50%,0.0510145574095382,-0.056922128978817765,5.43,11.32%,0.54%,127.76,37,32.43%,-1.38%,-1.08%,-7.23%,1.52%,False
conf_3m_cdi_10_50_00_10,3,8,10.00%,50.00%,0.00%,10.00%,17.50%,50.00%,-1.72%,48,26.77%,26.11%,5.97%,6.96%,0.86,-7.97%,62.50%,0.04612849479275982,-0.056922128978817765,5.23,10.89%,0.52%,126.11,37,32.43%,-1.80%,-1.08%,-8.86%,1.52%,False
conf_3m_cdi_10_50_00_20,3,8,10.00%,50.00%,0.00%,20.00%,20.00%,50.00%,-2.07%,48,25.10%,24.48%,5.63%,6.79%,0.83,-7.97%,62.50%,0.045073387682071475,-0.056922128978817765,5.02,10.46%,0.50%,124.48,37,32.43%,-2.21%,-1.08%,-10.47%,1.52%,False
conf_3m_cdi_10_50_00_30,3,8,10.00%,50.00%,0.00%,30.00%,22.50%,50.00%,-2.41%,48,23.45%,22.86%,5.28%,6.64%,0.80,-7.97%,62.50%,0.045073387682071475,-0.056922128978817765,4.81,10.03%,0.48%,122.86,37,32.43%,-2.62%,-1.08%,-12.06%,1.52%,False
conf_3m_cdi_10_50_00_40,3,8,10.00%,50.00%,0.00%,40.00%,25.00%,50.00%,-2.76%,48,21.82%,21.26%,4.94%,6.50%,0.76,-7.97%,62.50%,0.045073387682071475,-0.056922128978817765,4.60,9.59%,0.46%,121.26,37,32.43%,-3.03%,-1.08%,-13.64%,1.52%,False
conf_3m_cdi_10_50_00_50,3,8,10.00%,50.00%,0.00%,50.00%,27.50%,50.00%,-3.11%,48,20.19%,19.66%,4.59%,6.38%,0.72,-7.97%,62.50%,0.045073387682071475,-0.056922128978817765,4.43,9.23%,0.44%,119.66,37,32.43%,-3.44%,-1.08%,-15.21%,1.52%,False
conf_3m_cdi_10_50_10_00,3,8,10.00%,50.00%,10.00%,0.00%,17.50%,50.00%,-1.25%,48,29.06%,28.38%,6.45%,7.12%,0.91,-7.97%,62.50%,0.0510145574095382,-0.056922128978817765,5.23,10.89%,0.52%,128.38,37,32.43%,-1.21%,-0.57%,-7.23%,1.52%,False
conf_3m_cdi_10_50_10_10,3,8,10.00%,50.00%,10.00%,10.00%,20.00%,50.00%,-1.59%,48,27.37%,26.73%,6.10%,6.93%,0.88,-7.97%,62.50%,0.04612849479275982,-0.056922128978817765,5.02,10.46%,0.50%,126.73,37,32.43%,-1.63%,-0.57%,-8.86%,1.52%,False
conf_3m_cdi_10_50_10_20,3,8,10.00%,50.00%,10.00%,20.00%,22.50%,50.00%,-1.94%,48,25.69%,25.09%,5.76%,6.76%,0.85,-7.97%,62.50%,0.045073387682071475,-0.056922128978817765,4.81,10.03%,0.48%,125.09,37,32.43%,-2.05%,-0.57%,-10.47%,1.52%,False
conf_3m_cdi_10_50_10_30,3,8,10.00%,50.00%,10.00%,30.00%,25.00%,50.00%,-2.28%,48,24.04%,23.47%,5.41%,6.60%,0.82,-7.97%,62.50%,0.045073387682071475,-0.056922128978817765,4.61,9.59%,0.46%,123.47,37,32.43%,-2.46%,-0.57%,-12.06%,1.52%,False
conf_3m_cdi_10_50_10_40,3,8,10.00%,50.00%,10.00%,40.00%,27.50%,50.00%,-2.63%,48,22.39%,21.85%,5.07%,6.47%,0.78,-7.97%,62.50%,0.045073387682071475,-0.056922128978817765,4.40,9.16%,0.44%,121.85,37,32.43%,-2.87%,-0.57%,-13.64%,1.52%,False
conf_3m_cdi_10_50_10_50,3,8,10.00%,50.00%,10.00%,50.00%,30.00%,50.00%,-2.98%,48,20.76%,20.25%,4.72%,6.35%,0.74,-7.97%,62.50%,0.045073387682071475,-0.056922128978817765,4.22,8.80%,0.42%,120.25,37,32.43%,-3.28%,-0.57%,-15.21%,1.52%,False
conf_3m_cdi_10_50_20_00,3,8,10.00%,50.00%,20.00%,0.00%,20.00%,50.00%,-1.12%,48,29.66%,29.02%,6.58%,7.09%,0.93,-7.97%,62.50%,0.0510145574095382,-0.056922128978817765,5.02,10.46%,0.50%,129.02,37,40.54%,-1.05%,-0.18%,-7.23%,1.52%,False
conf_3m_cdi_10_50_20_10,3,8,10.00%,50.00%,20.00%,10.00%,22.50%,50.00%,-1.46%,48,27.97%,27.35%,6.23%,6.90%,0.90,-7.97%,62.50%,0.04612849479275982,-0.056922128978817765,4.81,10.03%,0.48%,127.35,37,40.54%,-1.47%,-0.18%,-8.86%,1.52%,False
conf_3m_cdi_10_50_20_20,3,8,10.00%,50.00%,20.00%,20.00%,25.00%,50.00%,-1.81%,48,26.29%,25.71%,5.89%,6.73%,0.87,-7.97%,62.50%,0.045073387682071475,-0.056922128978817765,4.61,9.60%,0.46%,125.71,37,40.54%,-1.88%,-0.18%,-10.47%,1.52%,False
conf_3m_cdi_10_50_20_30,3,8,10.00%,50.00%,20.00%,30.00%,27.50%,50.00%,-2.16%,48,24.62%,24.07%,5.54%,6.58%,0.84,-7.97%,62.50%,0.045073387682071475,-0.056922128978817765,4.40,9.16%,0.44%,124.07,37,40.54%,-2.30%,-0.18%,-12.06%,1.52%,False
conf_3m_cdi_10_50_20_40,3,8,10.00%,50.00%,20.00%,40.00%,30.00%,50.00%,-2.50%,48,22.97%,22.45%,5.19%,6.44%,0.81,-7.97%,62.50%,0.045073387682071475,-0.056922128978817765,4.19,8.73%,0.42%,122.45,37,40.54%,-2.70%,-0.18%,-13.64%,1.52%,False
conf_3m_cdi_10_50_20_50,3,8,10.00%,50.00%,20.00%,50.00%,32.50%,50.00%,-2.85%,48,21.33%,20.84%,4.85%,6.32%,0.77,-7.97%,62.50%,0.045073387682071475,-0.056922128978817765,4.02,8.37%,0.40%,120.84,37,40.54%,-3.11%,-0.18%,-15.21%,1.52%,False
conf_3m_cdi_10_50_30_00,3,8,10.00%,50.00%,30.00%,0.00%,22.50%,50.00%,-0.99%,48,30.27%,29.65%,6.71%,7.07%,0.95,-7.97%,64.58%,0.0510145574095382,-0.056922128978817765,4.81,10.02%,0.48%,129.65,37,48.65%,-0.88%,-0.09%,-7.23%,1.52%,False
conf_3m_cdi_10_50_30_10,3,8,10.00%,50.00%,30.00%,10.00%,25.00%,50.00%,-1.33%,48,28.57%,27.98%,6.36%,6.88%,0.92,-7.97%,64.58%,0.04612849479275982,-0.056922128978817765,4.60,9.59%,0.46%,127.98,37,48.65%,-1.30%,-0.09%,-8.86%,1.52%,False
conf_3m_cdi_10_50_30_20,3,8,10.00%,50.00%,30.00%,20.00%,27.50%,50.00%,-1.68%,48,26.88%,26.32%,6.02%,6.71%,0.90,-7.97%,64.58%,0.045073387682071475,-0.056922128978817765,4.40,9.16%,0.44%,126.32,37,48.65%,-1.72%,-0.09%,-10.47%,1.52%,False
conf_3m_cdi_10_50_30_30,3,8,10.00%,50.00%,30.00%,30.00%,30.00%,50.00%,-2.03%,48,25.20%,24.68%,5.67%,6.55%,0.87,-7.97%,64.58%,0.045073387682071475,-0.056922128978817765,4.19,8.73%,0.42%,124.68,37,48.65%,-2.13%,-0.09%,-12.06%,1.52%,False
conf_3m_cdi_10_50_30_40,3,8,10.00%,50.00%,30.00%,40.00%,32.50%,50.00%,-2.37%,48,23.54%,23.05%,5.32%,6.41%,0.83,-7.97%,64.58%,0.045073387682071475,-0.056922128978817765,3.98,8.29%,0.40%,123.05,37,48.65%,-2.54%,-0.09%,-13.64%,1.52%,False
conf_3m_cdi_10_50_30_50,3,8,10.00%,50.00%,30.00%,50.00%,35.00%,50.00%,-2.72%,48,21.90%,21.44%,4.98%,6.30%,0.79,-7.97%,64.58%,0.045073387682071475,-0.056922128978817765,3.81,7.93%,0.38%,121.44,37,48.65%,-2.95%,-0.09%,-15.21%,1.52%,False
conf_3m_cdi_10_50_40_00,3,8,10.00%,50.00%,40.00%,0.00%,25.00%,50.00%,-0.86%,48,30.88%,30.28%,6.84%,7.04%,0.97,-7.97%,66.67%,0.0510145574095382,-0.056922128978817765,4.61,9.59%,0.46%,130.28,37,54.05%,-0.72%,0.23%,-7.23%,1.52%,False
conf_3m_cdi_10_50_40_10,3,8,10.00%,50.00%,40.00%,10.00%,27.50%,50.00%,-1.20%,48,29.17%,28.60%,6.49%,6.86%,0.95,-7.97%,66.67%,0.04612849479275982,-0.056922128978817765,4.40,9.16%,0.44%,128.60,37,54.05%,-1.13%,0.23%,-8.86%,1.52%,False
conf_3m_cdi_10_50_40_20,3,8,10.00%,50.00%,40.00%,20.00%,30.00%,50.00%,-1.55%,48,27.47%,26.94%,6.15%,6.68%,0.92,-7.97%,66.67%,0.045073387682071475,-0.056922128978817765,4.19,8.73%,0.42%,126.94,37,54.05%,-1.55%,0.23%,-10.47%,1.52%,False
conf_3m_cdi_10_50_40_30,3,8,10.00%,50.00%,40.00%,30.00%,32.50%,50.00%,-1.90%,48,25.79%,25.29%,5.80%,6.53%,0.89,-7.97%,66.67%,0.045073387682071475,-0.056922128978817765,3.98,8.30%,0.40%,125.29,37,54.05%,-1.96%,0.23%,-12.06%,1.52%,False
conf_3m_cdi_10_50_40_40,3,8,10.00%,50.00%,40.00%,40.00%,35.00%,50.00%,-2.24%,48,24.12%,23.66%,5.45%,6.39%,0.85,-7.97%,66.67%,0.045073387682071475,-0.056922128978817765,3.78,7.86%,0.38%,123.66,37,54.05%,-2.37%,0.23%,-13.64%,1.52%,False
conf_3m_cdi_10_50_40_50,3,8,10.00%,50.00%,40.00%,50.00%,37.50%,50.00%,-2.59%,48,22.47%,22.03%,5.10%,6.27%,0.81,-7.97%,66.67%,0.045073387682071475,-0.056922128978817765,3.60,7.50%,0.36%,122.03,37,54.05%,-2.78%,0.23%,-15.21%,1.52%,False
conf_3m_cdi_10_50_50_00,3,8,10.00%,50.00%,50.00%,0.00%,27.50%,50.00%,-0.73%,48,31.50%,30.92%,6.97%,7.03%,0.99,-7.97%,66.67%,0.0510145574095382,-0.056922128978817765,4.42,9.21%,0.44%,130.92,37,59.46%,-0.55%,0.29%,-7.23%,1.86%,False
conf_3m_cdi_10_50_50_10,3,8,10.00%,50.00%,50.00%,10.00%,30.00%,50.00%,-1.07%,48,29.78%,29.23%,6.62%,6.84%,0.97,-7.97%,66.67%,0.04612849479275982,-0.056922128978817765,4.21,8.78%,0.42%,129.23,37,59.46%,-0.97%,0.29%,-8.86%,1.86%,False
conf_3m_cdi_10_50_50_20,3,8,10.00%,50.00%,50.00%,20.00%,32.50%,50.00%,-1.42%,48,28.07%,27.56%,6.27%,6.66%,0.94,-7.97%,66.67%,0.045073387682071475,-0.056922128978817765,4.01,8.35%,0.40%,127.56,37,59.46%,-1.39%,0.29%,-10.47%,1.86%,False
conf_3m_cdi_10_50_50_30,3,8,10.00%,50.00%,50.00%,30.00%,35.00%,50.00%,-1.77%,48,26.38%,25.90%,5.93%,6.51%,0.91,-7.97%,66.67%,0.045073387682071475,-0.056922128978817765,3.80,7.91%,0.38%,125.90,37,59.46%,-1.80%,0.29%,-12.06%,1.86%,False
conf_3m_cdi_10_50_50_40,3,8,10.00%,50.00%,50.00%,40.00%,37.50%,50.00%,-2.12%,48,24.70%,24.26%,5.58%,6.37%,0.88,-7.97%,66.67%,0.045073387682071475,-0.056922128978817765,3.59,7.48%,0.36%,124.26,37,59.46%,-2.21%,0.29%,-13.64%,1.86%,False
conf_3m_cdi_10_50_50_50,3,8,10.00%,50.00%,50.00%,50.00%,40.00%,50.00%,-2.46%,48,23.04%,22.62%,5.23%,6.26%,0.84,-7.97%,66.67%,0.045073387682071475,-0.056922128978817765,3.42,7.12%,0.34%,122.62,37,59.46%,-2.62%,0.29%,-15.21%,1.86%,False
conf_3m_cdi_20_00_00_00,3,8,20.00%,0.00%,0.00%,0.00%,5.00%,20.00%,1.29%,48,41.50%,41.10%,8.99%,7.59%,1.18,-7.00%,62.50%,0.051505551784493786,-0.050222489462444564,2.81,5.85%,0.28%,141.10,37,89.19%,1.23%,1.26%,-0.27%,3.02%,False
conf_3m_cdi_20_00_00_10,3,8,20.00%,0.00%,0.00%,10.00%,7.50%,20.00%,0.93%,48,39.65%,39.24%,8.63%,7.42%,1.16,-7.00%,62.50%,0.04643254580152223,-0.050222489462444564,2.94,6.13%,0.29%,139.24,37,83.78%,0.78%,0.55%,-0.27%,2.04%,False
conf_3m_cdi_20_00_00_20,3,8,20.00%,0.00%,0.00%,20.00%,10.00%,20.00%,0.57%,48,37.81%,37.38%,8.26%,7.26%,1.14,-7.00%,62.50%,0.04133591985850882,-0.050222489462444564,3.13,6.53%,0.31%,137.38,37,56.76%,0.33%,0.11%,-1.80%,2.04%,False
conf_3m_cdi_20_00_00_30,3,8,20.00%,0.00%,0.00%,30.00%,12.50%,30.00%,0.20%,48,35.99%,35.54%,7.90%,7.12%,1.11,-7.00%,62.50%,0.04037911167132746,-0.050222489462444564,3.32,6.92%,0.33%,135.54,37,56.76%,-0.11%,0.11%,-3.57%,2.04%,False
conf_3m_cdi_20_00_00_40,3,8,20.00%,0.00%,0.00%,40.00%,15.00%,40.00%,-0.16%,48,34.19%,33.72%,7.53%,7.01%,1.08,-7.00%,62.50%,0.04037911167132746,-0.050222489462444564,3.51,7.31%,0.35%,133.72,37,56.76%,-0.56%,0.11%,-5.33%,2.04%,False
conf_3m_cdi_20_00_00_50,3,8,20.00%,0.00%,0.00%,50.00%,17.50%,50.00%,-0.53%,48,32.40%,31.91%,7.17%,6.91%,1.04,-7.00%,62.50%,0.04037911167132746,-0.050222489462444564,3.70,7.70%,0.37%,131.91,37,56.76%,-0.99%,0.11%,-7.08%,2.04%,False
conf_3m_cdi_20_00_10_00,3,8,20.00%,0.00%,10.00%,0.00%,7.50%,20.00%,1.42%,48,42.17%,41.74%,9.11%,7.55%,1.21,-7.00%,62.50%,0.051505551784493786,-0.050222489462444564,2.97,6.18%,0.30%,141.74,37,100.00%,1.39%,1.21%,0.20%,3.02%,False
conf_3m_cdi_20_00_10_10,3,8,20.00%,0.00%,10.00%,10.00%,10.00%,20.00%,1.06%,48,40.31%,39.87%,8.75%,7.38%,1.19,-7.00%,62.50%,0.04643254580152223,-0.050222489462444564,3.10,6.46%,0.31%,139.87,37,97.30%,0.94%,0.88%,-0.01%,2.04%,False
conf_3m_cdi_20_00_10_20,3,8,20.00%,0.00%,10.00%,20.00%,12.50%,20.00%,0.69%,48,38.46%,38.01%,8.39%,7.23%,1.16,-7.00%,62.50%,0.04133591985850882,-0.050222489462444564,3.29,6.85%,0.33%,138.01,37,67.57%,0.49%,0.58%,-1.80%,2.04%,False
conf_3m_cdi_20_00_10_30,3,8,20.00%,0.00%,10.00%,30.00%,15.00%,30.00%,0.33%,48,36.63%,36.16%,8.02%,7.09%,1.13,-7.00%,62.50%,0.04037911167132746,-0.050222489462444564,3.48,7.24%,0.35%,136.16,37,67.57%,0.04%,0.58%,-3.57%,2.04%,False
conf_3m_cdi_20_00_10_40,3,8,20.00%,0.00%,10.00%,40.00%,17.50%,40.00%,-0.04%,48,34.82%,34.33%,7.66%,6.97%,1.10,-7.00%,62.50%,0.04037911167132746,-0.050222489462444564,3.67,7.64%,0.37%,134.33,37,67.57%,-0.40%,0.58%,-5.33%,2.04%,False
conf_3m_cdi_20_00_10_50,3,8,20.00%,0.00%,10.00%,50.00%,20.00%,50.00%,-0.40%,48,33.03%,32.52%,7.29%,6.87%,1.06,-7.00%,62.50%,0.04037911167132746,-0.050222489462444564,3.85,8.03%,0.39%,132.52,37,67.57%,-0.84%,0.58%,-7.08%,2.04%,False
conf_3m_cdi_20_00_20_00,3,8,20.00%,0.00%,20.00%,0.00%,10.00%,20.00%,1.54%,48,42.84%,42.39%,9.24%,7.52%,1.23,-7.00%,62.50%,0.051505551784493786,-0.050222489462444564,3.15,6.57%,0.32%,142.39,37,100.00%,1.54%,1.42%,0.64%,3.02%,False
conf_3m_cdi_20_00_20_10,3,8,20.00%,0.00%,20.00%,10.00%,12.50%,20.00%,1.18%,48,40.97%,40.50%,8.87%,7.35%,1.21,-7.00%,62.50%,0.04643254580152223,-0.050222489462444564,3.29,6.85%,0.33%,140.50,37,97.30%,1.09%,1.08%,-0.01%,2.04%,False
conf_3m_cdi_20_00_20_20,3,8,20.00%,0.00%,20.00%,20.00%,15.00%,20.00%,0.81%,48,39.11%,38.63%,8.51%,7.20%,1.18,-7.00%,62.50%,0.04133591985850882,-0.050222489462444564,3.47,7.24%,0.35%,138.63,37,70.27%,0.64%,0.93%,-1.80%,2.04%,False
conf_3m_cdi_20_00_20_30,3,8,20.00%,0.00%,20.00%,30.00%,17.50%,30.00%,0.45%,48,37.28%,36.77%,8.14%,7.06%,1.15,-7.00%,62.50%,0.04037911167132746,-0.050222489462444564,3.66,7.63%,0.37%,136.77,37,67.57%,0.20%,0.92%,-3.57%,2.04%,False
conf_3m_cdi_20_00_20_40,3,8,20.00%,0.00%,20.00%,40.00%,20.00%,40.00%,0.08%,48,35.46%,34.94%,7.78%,6.94%,1.12,-7.00%,62.50%,0.04037911167132746,-0.050222489462444564,3.85,8.02%,0.39%,134.94,37,67.57%,-0.25%,0.91%,-5.33%,2.04%,False
conf_3m_cdi_20_00_20_50,3,8,20.00%,0.00%,20.00%,50.00%,22.50%,50.00%,-0.28%,48,33.65%,33.12%,7.41%,6.84%,1.08,-7.00%,62.50%,0.04037911167132746,-0.050222489462444564,4.04,8.41%,0.40%,133.12,37,67.57%,-0.68%,0.91%,-7.08%,2.04%,False
conf_3m_cdi_20_00_30_00,3,8,20.00%,0.00%,30.00%,0.00%,12.50%,30.00%,1.66%,48,43.51%,43.03%,9.36%,7.49%,1.25,-7.00%,64.58%,0.051505551784493786,-0.050222489462444564,3.34,6.97%,0.33%,143.03,37,100.00%,1.70%,1.65%,0.76%,3.02%,False
conf_3m_cdi_20_00_30_10,3,8,20.00%,0.00%,30.00%,10.00%,15.00%,30.00%,1.30%,48,41.63%,41.14%,9.00%,7.32%,1.23,-7.00%,64.58%,0.04643254580152223,-0.050222489462444564,3.48,7.24%,0.35%,141.14,37,97.30%,1.25%,1.36%,-0.01%,2.04%,False
conf_3m_cdi_20_00_30_20,3,8,20.00%,0.00%,30.00%,20.00%,17.50%,30.00%,0.94%,48,39.77%,39.26%,8.63%,7.17%,1.20,-7.00%,64.58%,0.04133591985850882,-0.050222489462444564,3.67,7.64%,0.37%,139.26,37,72.97%,0.80%,1.16%,-1.80%,2.04%,False
conf_3m_cdi_20_00_30_30,3,8,20.00%,0.00%,30.00%,30.00%,20.00%,30.00%,0.57%,48,37.92%,37.39%,8.27%,7.03%,1.18,-7.00%,64.58%,0.04037911167132746,-0.050222489462444564,3.85,8.03%,0.39%,137.39,37,70.27%,0.35%,1.16%,-3.57%,2.04%,False
conf_3m_cdi_20_00_30_40,3,8,20.00%,0.00%,30.00%,40.00%,22.50%,40.00%,0.20%,48,36.09%,35.54%,7.90%,6.91%,1.14,-7.00%,64.58%,0.04037911167132746,-0.050222489462444564,4.04,8.42%,0.40%,135.54,37,67.57%,-0.09%,1.16%,-5.33%,2.04%,False
conf_3m_cdi_20_00_30_50,3,8,20.00%,0.00%,30.00%,50.00%,25.00%,50.00%,-0.16%,48,34.28%,33.71%,7.53%,6.81%,1.11,-7.00%,64.58%,0.04037911167132746,-0.050222489462444564,4.23,8.81%,0.42%,133.71,37,67.57%,-0.53%,1.16%,-7.08%,2.04%,False
conf_3m_cdi_20_00_40_00,3,8,20.00%,0.00%,40.00%,0.00%,15.00%,40.00%,1.79%,48,44.18%,43.67%,9.48%,7.47%,1.27,-7.00%,66.67%,0.051505551784493786,-0.050222489462444564,3.54,7.37%,0.35%,143.67,37,100.00%,1.85%,1.87%,0.85%,3.02%,False
conf_3m_cdi_20_00_40_10,3,8,20.00%,0.00%,40.00%,10.00%,17.50%,40.00%,1.42%,48,42.29%,41.77%,9.12%,7.30%,1.25,-7.00%,66.67%,0.04643254580152223,-0.050222489462444564,3.67,7.65%,0.37%,141.77,37,94.59%,1.40%,1.54%,-0.01%,2.32%,False
conf_3m_cdi_20_00_40_20,3,8,20.00%,0.00%,40.00%,20.00%,20.00%,40.00%,1.06%,48,40.42%,39.88%,8.75%,7.14%,1.23,-7.00%,66.67%,0.04133591985850882,-0.050222489462444564,3.86,8.04%,0.39%,139.88,37,72.97%,0.95%,1.54%,-1.80%,2.32%,False
conf_3m_cdi_20_00_40_30,3,8,20.00%,0.00%,40.00%,30.00%,22.50%,40.00%,0.69%,48,38.57%,38.01%,8.39%,7.00%,1.20,-7.00%,66.67%,0.04037911167132746,-0.050222489462444564,4.05,8.43%,0.40%,138.01,37,70.27%,0.51%,1.54%,-3.57%,2.32%,False
conf_3m_cdi_20_00_40_40,3,8,20.00%,0.00%,40.00%,40.00%,25.00%,40.00%,0.33%,48,36.73%,36.15%,8.02%,6.88%,1.17,-7.00%,66.67%,0.04037911167132746,-0.050222489462444564,4.23,8.82%,0.42%,136.15,37,70.27%,0.06%,1.54%,-5.33%,2.32%,False
conf_3m_cdi_20_00_40_50,3,8,20.00%,0.00%,40.00%,50.00%,27.50%,50.00%,-0.04%,48,34.91%,34.32%,7.65%,6.79%,1.13,-7.00%,66.67%,0.04037911167132746,-0.050222489462444564,4.42,9.21%,0.44%,134.32,37,67.57%,-0.38%,1.54%,-7.08%,2.32%,False
conf_3m_cdi_20_00_50_00,3,8,20.00%,0.00%,50.00%,0.00%,17.50%,50.00%,1.91%,48,44.85%,44.31%,9.60%,7.45%,1.29,-7.00%,66.67%,0.051505551784493786,-0.050222489462444564,3.73,7.77%,0.37%,144.31,37,100.00%,2.01%,2.02%,0.84%,3.02%,False
conf_3m_cdi_20_00_50_10,3,8,20.00%,0.00%,50.00%,10.00%,20.00%,50.00%,1.54%,48,42.96%,42.41%,9.24%,7.27%,1.27,-7.00%,66.67%,0.04643254580152223,-0.050222489462444564,3.86,8.05%,0.39%,142.41,37,94.59%,1.56%,1.65%,-0.05%,2.78%,False
conf_3m_cdi_20_00_50_20,3,8,20.00%,0.00%,50.00%,20.00%,22.50%,50.00%,1.18%,48,41.08%,40.51%,8.87%,7.12%,1.25,-7.00%,66.67%,0.04133591985850882,-0.050222489462444564,4.05,8.44%,0.40%,140.51,37,72.97%,1.11%,1.65%,-1.80%,2.78%,False
conf_3m_cdi_20_00_50_30,3,8,20.00%,0.00%,50.00%,30.00%,25.00%,50.00%,0.81%,48,39.22%,38.63%,8.51%,6.98%,1.22,-7.00%,66.67%,0.04037911167132746,-0.050222489462444564,4.24,8.83%,0.42%,138.63,37,70.27%,0.66%,1.65%,-3.57%,2.78%,False
conf_3m_cdi_20_00_50_40,3,8,20.00%,0.00%,50.00%,40.00%,27.50%,50.00%,0.45%,48,37.37%,36.76%,8.14%,6.86%,1.19,-7.00%,66.67%,0.04037911167132746,-0.050222489462444564,4.43,9.22%,0.44%,136.76,37,70.27%,0.22%,1.65%,-5.33%,2.78%,False
conf_3m_cdi_20_00_50_50,3,8,20.00%,0.00%,50.00%,50.00%,30.00%,50.00%,0.08%,48,35.54%,34.92%,7.77%,6.76%,1.15,-7.00%,66.67%,0.04037911167132746,-0.050222489462444564,4.61,9.61%,0.46%,134.92,37,70.27%,-0.22%,1.65%,-7.08%,2.78%,False
conf_3m_cdi_20_10_00_00,3,8,20.00%,10.00%,0.00%,0.00%,7.50%,20.00%,0.91%,48,39.51%,39.13%,8.61%,7.36%,1.17,-7.00%,62.50%,0.05142887129476481,-0.050222489462444564,2.71,5.64%,0.27%,139.13,37,81.08%,0.85%,0.87%,-0.55%,2.13%,False
conf_3m_cdi_20_10_00_10,3,8,20.00%,10.00%,0.00%,10.00%,10.00%,20.00%,0.56%,48,37.68%,37.33%,8.25%,7.18%,1.15,-7.00%,62.50%,0.046512900945293145,-0.050222489462444564,2.55,5.30%,0.25%,137.33,37,56.76%,0.41%,0.07%,-1.51%,2.13%,False
conf_3m_cdi_20_10_00_20,3,8,20.00%,10.00%,0.00%,20.00%,12.50%,20.00%,0.20%,48,35.87%,35.51%,7.89%,7.02%,1.12,-7.00%,62.50%,0.04143664469886588,-0.050222489462444564,2.68,5.59%,0.27%,135.51,37,51.35%,-0.03%,0.04%,-3.28%,2.13%,False
conf_3m_cdi_20_10_00_30,3,8,20.00%,10.00%,0.00%,30.00%,15.00%,30.00%,-0.17%,48,34.08%,33.70%,7.53%,6.88%,1.09,-7.00%,62.50%,0.04037911167132746,-0.050222489462444564,2.87,5.98%,0.29%,133.70,37,51.35%,-0.48%,0.04%,-5.03%,2.13%,False
conf_3m_cdi_20_10_00_40,3,8,20.00%,10.00%,0.00%,40.00%,17.50%,40.00%,-0.53%,48,32.30%,31.90%,7.17%,6.75%,1.06,-7.00%,62.50%,0.04037911167132746,-0.050222489462444564,3.06,6.37%,0.31%,131.90,37,51.35%,-0.91%,0.04%,-6.77%,2.13%,False
conf_3m_cdi_20_10_00_50,3,8,20.00%,10.00%,0.00%,50.00%,20.00%,50.00%,-0.89%,48,30.54%,30.12%,6.80%,6.65%,1.02,-7.00%,62.50%,0.04037911167132746,-0.050222489462444564,3.24,6.76%,0.32%,130.12,37,51.35%,-1.35%,0.04%,-8.50%,2.13%,False
conf_3m_cdi_20_10_10_00,3,8,20.00%,10.00%,10.00%,0.00%,10.00%,20.00%,1.04%,48,40.17%,39.81%,8.74%,7.32%,1.19,-7.00%,62.50%,0.05142887129476481,-0.050222489462444564,2.53,5.28%,0.25%,139.81,37,91.89%,1.01%,0.89%,-0.03%,2.13%,False
conf_3m_cdi_20_10_10_10,3,8,20.00%,10.00%,10.00%,10.00%,12.50%,20.00%,0.69%,48,38.33%,38.01%,8.39%,7.15%,1.17,-7.00%,62.50%,0.046512900945293145,-0.050222489462444564,2.37,4.94%,0.24%,138.01,37,67.57%,0.58%,0.51%,-1.51%,2.13%,False
conf_3m_cdi_20_10_10_20,3,8,20.00%,10.00%,10.00%,20.00%,15.00%,20.00%,0.33%,48,36.51%,36.17%,8.02%,6.99%,1.15,-7.00%,62.50%,0.04143664469886588,-0.050222489462444564,2.51,5.22%,0.25%,136.17,37,59.46%,0.13%,0.51%,-3.28%,2.13%,False
conf_3m_cdi_20_10_10_30,3,8,20.00%,10.00%,10.00%,30.00%,17.50%,30.00%,-0.03%,48,34.71%,34.35%,7.66%,6.85%,1.12,-7.00%,62.50%,0.04037911167132746,-0.050222489462444564,2.70,5.62%,0.27%,134.35,37,59.46%,-0.31%,0.51%,-5.03%,2.13%,False
conf_3m_cdi_20_10_10_40,3,8,20.00%,10.00%,10.00%,40.00%,20.00%,40.00%,-0.40%,48,32.93%,32.54%,7.30%,6.72%,1.09,-7.00%,62.50%,0.04037911167132746,-0.050222489462444564,2.88,6.01%,0.29%,132.54,37,59.46%,-0.75%,0.51%,-6.77%,2.13%,False
conf_3m_cdi_20_10_10_50,3,8,20.00%,10.00%,10.00%,50.00%,22.50%,50.00%,-0.76%,48,31.16%,30.76%,6.93%,6.62%,1.05,-7.00%,62.50%,0.04037911167132746,-0.050222489462444564,3.07,6.40%,0.31%,130.76,37,59.46%,-1.18%,0.51%,-8.50%,2.13%,False
conf_3m_cdi_20_10_20_00,3,8,20.00%,10.00%,20.00%,0.00%,12.50%,20.00%,1.17%,48,40.83%,40.45%,8.86%,7.29%,1.22,-7.00%,62.50%,0.05142887129476481,-0.050222489462444564,2.69,5.61%,0.27%,140.45,37,100.00%,1.17%,1.08%,0.23%,2.13%,False
conf_3m_cdi_20_10_20_10,3,8,20.00%,10.00%,20.00%,10.00%,15.00%,20.00%,0.81%,48,38.98%,38.63%,8.51%,7.12%,1.20,-7.00%,62.50%,0.046512900945293145,-0.050222489462444564,2.53,5.27%,0.25%,138.63,37,78.38%,0.73%,0.63%,-1.51%,2.13%,False
conf_3m_cdi_20_10_20_20,3,8,20.00%,10.00%,20.00%,20.00%,17.50%,20.00%,0.45%,48,37.16%,36.79%,8.15%,6.96%,1.17,-7.00%,62.50%,0.04143664469886588,-0.050222489462444564,2.67,5.55%,0.27%,136.79,37,67.57%,0.29%,0.63%,-3.28%,2.13%,False
conf_3m_cdi_20_10_20_30,3,8,20.00%,10.00%,20.00%,30.00%,20.00%,30.00%,0.09%,48,35.35%,34.96%,7.78%,6.81%,1.14,-7.00%,62.50%,0.04037911167132746,-0.050222489462444564,2.85,5.94%,0.29%,134.96,37,67.57%,-0.16%,0.63%,-5.03%,2.13%,False
conf_3m_cdi_20_10_20_40,3,8,20.00%,10.00%,20.00%,40.00%,22.50%,40.00%,-0.28%,48,33.55%,33.15%,7.42%,6.69%,1.11,-7.00%,62.50%,0.04037911167132746,-0.050222489462444564,3.04,6.34%,0.30%,133.15,37,67.57%,-0.59%,0.63%,-6.77%,2.13%,False
conf_3m_cdi_20_10_20_50,3,8,20.00%,10.00%,20.00%,50.00%,25.00%,50.00%,-0.64%,48,31.78%,31.35%,7.06%,6.58%,1.07,-7.00%,62.50%,0.04037911167132746,-0.050222489462444564,3.23,6.73%,0.32%,131.35,37,67.57%,-1.03%,0.63%,-8.50%,2.13%,False
conf_3m_cdi_20_10_30_00,3,8,20.00%,10.00%,30.00%,0.00%,15.00%,30.00%,1.29%,48,41.49%,41.08%,8.99%,7.26%,1.24,-7.00%,64.58%,0.05142887129476481,-0.050222489462444564,2.88,5.99%,0.29%,141.08,37,100.00%,1.32%,1.33%,0.23%,2.13%,False
conf_3m_cdi_20_10_30_10,3,8,20.00%,10.00%,30.00%,10.00%,17.50%,30.00%,0.94%,48,39.64%,39.26%,8.63%,7.09%,1.22,-7.00%,64.58%,0.046512900945293145,-0.050222489462444564,2.71,5.66%,0.27%,139.26,37,78.38%,0.88%,1.03%,-1.51%,2.13%,False
conf_3m_cdi_20_10_30_20,3,8,20.00%,10.00%,30.00%,20.00%,20.00%,30.00%,0.57%,48,37.80%,37.41%,8.27%,6.93%,1.19,-7.00%,64.58%,0.04143664469886588,-0.050222489462444564,2.85,5.94%,0.29%,137.41,37,70.27%,0.44%,1.03%,-3.28%,2.13%,False
conf_3m_cdi_20_10_30_30,3,8,20.00%,10.00%,30.00%,30.00%,22.50%,30.00%,0.21%,48,35.98%,35.57%,7.90%,6.78%,1.17,-7.00%,64.58%,0.04037911167132746,-0.050222489462444564,3.04,6.33%,0.30%,135.57,37,67.57%,-0.00%,1.03%,-5.03%,2.13%,False
conf_3m_cdi_20_10_30_40,3,8,20.00%,10.00%,30.00%,40.00%,25.00%,40.00%,-0.16%,48,34.18%,33.75%,7.54%,6.66%,1.13,-7.00%,64.58%,0.04037911167132746,-0.050222489462444564,3.23,6.72%,0.32%,133.75,37,67.57%,-0.44%,1.03%,-6.77%,2.13%,False
conf_3m_cdi_20_10_30_50,3,8,20.00%,10.00%,30.00%,50.00%,27.50%,50.00%,-0.52%,48,32.39%,31.94%,7.18%,6.55%,1.09,-7.00%,64.58%,0.04037911167132746,-0.050222489462444564,3.41,7.11%,0.34%,131.94,37,67.57%,-0.87%,1.03%,-8.50%,2.13%,False
conf_3m_cdi_20_10_40_00,3,8,20.00%,10.00%,40.00%,0.00%,17.50%,40.00%,1.41%,48,42.15%,41.72%,9.11%,7.24%,1.26,-7.00%,66.67%,0.05142887129476481,-0.050222489462444564,3.07,6.39%,0.31%,141.72,37,100.00%,1.48%,1.45%,0.23%,2.25%,False
conf_3m_cdi_20_10_40_10,3,8,20.00%,10.00%,40.00%,10.00%,20.00%,40.00%,1.06%,48,40.29%,39.88%,8.75%,7.06%,1.24,-7.00%,66.67%,0.046512900945293145,-0.050222489462444564,2.91,6.06%,0.29%,139.88,37,78.38%,1.04%,1.44%,-1.51%,2.25%,False
conf_3m_cdi_20_10_40_20,3,8,20.00%,10.00%,40.00%,20.00%,22.50%,40.00%,0.69%,48,38.45%,38.03%,8.39%,6.90%,1.22,-7.00%,66.67%,0.04143664469886588,-0.050222489462444564,3.04,6.34%,0.30%,138.03,37,70.27%,0.60%,1.44%,-3.28%,2.25%,False
conf_3m_cdi_20_10_40_30,3,8,20.00%,10.00%,40.00%,30.00%,25.00%,40.00%,0.33%,48,36.62%,36.18%,8.03%,6.76%,1.19,-7.00%,66.67%,0.04037911167132746,-0.050222489462444564,3.23,6.73%,0.32%,136.18,37,70.27%,0.15%,1.44%,-5.03%,2.25%,False
conf_3m_cdi_20_10_40_40,3,8,20.00%,10.00%,40.00%,40.00%,27.50%,40.00%,-0.03%,48,34.81%,34.35%,7.66%,6.63%,1.16,-7.00%,66.67%,0.04037911167132746,-0.050222489462444564,3.42,7.12%,0.34%,134.35,37,67.57%,-0.29%,1.43%,-6.77%,2.25%,False
conf_3m_cdi_20_10_40_50,3,8,20.00%,10.00%,40.00%,50.00%,30.00%,50.00%,-0.40%,48,33.01%,32.54%,7.30%,6.53%,1.12,-7.00%,66.67%,0.04037911167132746,-0.050222489462444564,3.61,7.51%,0.36%,132.54,37,67.57%,-0.72%,1.42%,-8.50%,2.25%,False
conf_3m_cdi_20_10_50_00,3,8,20.00%,10.00%,50.00%,0.00%,20.00%,50.00%,1.53%,48,42.82%,42.35%,9.23%,7.22%,1.28,-7.00%,66.67%,0.05142887129476481,-0.050222489462444564,3.26,6.79%,0.33%,142.35,37,100.00%,1.63%,1.77%,0.23%,2.70%,False
conf_3m_cdi_20_10_50_10,3,8,20.00%,10.00%,50.00%,10.00%,22.50%,50.00%,1.18%,48,40.95%,40.51%,8.87%,7.04%,1.26,-7.00%,66.67%,0.046512900945293145,-0.050222489462444564,3.10,6.45%,0.31%,140.51,37,78.38%,1.19%,1.69%,-1.51%,2.70%,False
conf_3m_cdi_20_10_50_20,3,8,20.00%,10.00%,50.00%,20.00%,25.00%,50.00%,0.82%,48,39.10%,38.65%,8.51%,6.88%,1.24,-7.00%,66.67%,0.04143664469886588,-0.050222489462444564,3.23,6.74%,0.32%,138.65,37,72.97%,0.75%,1.69%,-3.28%,2.70%,False
conf_3m_cdi_20_10_50_30,3,8,20.00%,10.00%,50.00%,30.00%,27.50%,50.00%,0.45%,48,37.26%,36.79%,8.15%,6.74%,1.21,-7.00%,66.67%,0.04037911167132746,-0.050222489462444564,3.42,7.13%,0.34%,136.79,37,70.27%,0.31%,1.69%,-5.03%,2.70%,False
conf_3m_cdi_20_10_50_40,3,8,20.00%,10.00%,50.00%,40.00%,30.00%,50.00%,0.09%,48,35.44%,34.95%,7.78%,6.61%,1.18,-7.00%,66.67%,0.04037911167132746,-0.050222489462444564,3.61,7.52%,0.36%,134.95,37,70.27%,-0.13%,1.69%,-6.77%,2.70%,False
conf_3m_cdi_20_10_50_50,3,8,20.00%,10.00%,50.00%,50.00%,32.50%,50.00%,-0.28%,48,33.64%,33.13%,7.42%,6.51%,1.14,-7.00%,66.67%,0.04037911167132746,-0.050222489462444564,3.80,7.91%,0.38%,133.13,37,67.57%,-0.57%,1.69%,-8.50%,2.70%,False
conf_3m_cdi_20_20_00_00,3,8,20.00%,20.00%,0.00%,0.00%,10.00%,20.00%,0.52%,48,37.54%,37.16%,8.22%,7.15%,1.15,-7.00%,62.50%,0.05132643387070557,-0.050222489462444564,2.76,5.75%,0.28%,137.16,37,59.46%,0.46%,0.22%,-1.33%,2.37%,False
conf_3m_cdi_20_20_00_10,3,8,20.00%,20.00%,0.00%,10.00%,12.50%,20.00%,0.17%,48,35.74%,35.39%,7.87%,6.97%,1.13,-7.00%,62.50%,0.046438890316346404,-0.050222489462444564,2.56,5.34%,0.26%,135.39,37,43.24%,0.02%,-0.22%,-3.05%,2.37%,False
conf_3m_cdi_20_20_00_20,3,8,20.00%,20.00%,0.00%,20.00%,15.00%,20.00%,-0.18%,48,33.95%,33.63%,7.52%,6.80%,1.10,-7.00%,62.50%,0.04152069542759018,-0.050222489462444564,2.40,5.00%,0.24%,133.63,37,43.24%,-0.41%,-0.22%,-4.75%,2.37%,False
conf_3m_cdi_20_20_00_30,3,8,20.00%,20.00%,0.00%,30.00%,17.50%,30.00%,-0.54%,48,32.19%,31.85%,7.16%,6.65%,1.08,-7.00%,62.50%,0.04037911167132746,-0.050222489462444564,2.54,5.28%,0.25%,131.85,37,43.24%,-0.84%,-0.22%,-6.48%,2.37%,False
conf_3m_cdi_20_20_00_40,3,8,20.00%,20.00%,0.00%,40.00%,20.00%,40.00%,-0.90%,48,30.43%,30.08%,6.80%,6.52%,1.04,-7.00%,62.50%,0.04037911167132746,-0.050222489462444564,2.72,5.68%,0.27%,130.08,37,43.24%,-1.28%,-0.22%,-8.20%,2.37%,False
conf_3m_cdi_20_20_00_50,3,8,20.00%,20.00%,0.00%,50.00%,22.50%,50.00%,-1.26%,48,28.70%,28.32%,6.43%,6.41%,1.00,-7.00%,62.50%,0.04037911167132746,-0.050222489462444564,2.91,6.07%,0.29%,128.32,37,43.24%,-1.71%,-0.22%,-9.91%,2.37%,False
conf_3m_cdi_20_20_10_00,3,8,20.00%,20.00%,10.00%,0.00%,12.50%,20.00%,0.66%,48,38.19%,37.83%,8.35%,7.11%,1.17,-7.00%,62.50%,0.05132643387070557,-0.050222489462444564,2.56,5.33%,0.26%,137.83,37,67.57%,0.62%,0.47%,-1.33%,2.37%,False
conf_3m_cdi_20_20_10_10,3,8,20.00%,20.00%,10.00%,10.00%,15.00%,20.00%,0.31%,48,36.38%,36.06%,8.00%,6.93%,1.15,-7.00%,62.50%,0.046438890316346404,-0.050222489462444564,2.36,4.92%,0.24%,136.06,37,51.35%,0.19%,0.23%,-3.05%,2.37%,False
conf_3m_cdi_20_20_10_20,3,8,20.00%,20.00%,10.00%,20.00%,17.50%,20.00%,-0.05%,48,34.59%,34.29%,7.65%,6.77%,1.13,-7.00%,62.50%,0.04152069542759018,-0.050222489462444564,2.20,4.58%,0.22%,134.29,37,51.35%,-0.24%,0.23%,-4.75%,2.37%,False
conf_3m_cdi_20_20_10_30,3,8,20.00%,20.00%,10.00%,30.00%,20.00%,30.00%,-0.41%,48,32.81%,32.50%,7.29%,6.62%,1.10,-7.00%,62.50%,0.04037911167132746,-0.050222489462444564,2.34,4.87%,0.23%,132.50,37,51.35%,-0.68%,0.23%,-6.48%,2.37%,False
conf_3m_cdi_20_20_10_40,3,8,20.00%,20.00%,10.00%,40.00%,22.50%,40.00%,-0.77%,48,31.05%,30.72%,6.93%,6.49%,1.07,-7.00%,62.50%,0.04037911167132746,-0.050222489462444564,2.52,5.26%,0.25%,130.72,37,51.35%,-1.11%,0.23%,-8.20%,2.37%,False
conf_3m_cdi_20_20_10_50,3,8,20.00%,20.00%,10.00%,50.00%,25.00%,50.00%,-1.13%,48,29.30%,28.95%,6.56%,6.38%,1.03,-7.00%,62.50%,0.04037911167132746,-0.050222489462444564,2.71,5.65%,0.27%,128.95,37,51.35%,-1.54%,0.23%,-9.91%,2.37%,False
conf_3m_cdi_20_20_20_00,3,8,20.00%,20.00%,20.00%,0.00%,15.00%,20.00%,0.79%,48,38.84%,38.51%,8.48%,7.08%,1.20,-7.00%,62.50%,0.05132643387070557,-0.050222489462444564,2.38,4.97%,0.24%,138.51,37,83.78%,0.79%,0.68%,-1.33%,2.37%,False
conf_3m_cdi_20_20_20_10,3,8,20.00%,20.00%,20.00%,10.00%,17.50%,20.00%,0.44%,48,37.02%,36.72%,8.13%,6.90%,1.18,-7.00%,62.50%,0.046438890316346404,-0.050222489462444564,2.18,4.55%,0.22%,136.72,37,62.16%,0.36%,0.61%,-3.05%,2.37%,True
conf_3m_cdi_20_20_20_20,3,8,20.00%,20.00%,20.00%,20.00%,20.00%,20.00%,0.08%,48,35.22%,34.95%,7.78%,6.74%,1.15,-7.00%,62.50%,0.04152069542759018,-0.050222489462444564,2.02,4.21%,0.20%,134.95,37,62.16%,-0.07%,0.61%,-4.75%,2.37%,True
conf_3m_cdi_20_20_20_30,3,8,20.00%,20.00%,20.00%,30.00%,22.50%,30.00%,-0.28%,48,33.43%,33.15%,7.42%,6.59%,1.13,-7.00%,62.50%,0.04037911167132746,-0.050222489462444564,2.16,4.50%,0.22%,133.15,37,62.16%,-0.51%,0.61%,-6.48%,2.37%,True
conf_3m_cdi_20_20_20_40,3,8,20.00%,20.00%,20.00%,40.00%,25.00%,40.00%,-0.64%,48,31.67%,31.36%,7.06%,6.46%,1.09,-7.00%,62.50%,0.04037911167132746,-0.050222489462444564,2.35,4.89%,0.23%,131.36,37,62.16%,-0.94%,0.61%,-8.20%,2.37%,False
conf_3m_cdi_20_20_20_50,3,8,20.00%,20.00%,20.00%,50.00%,27.50%,50.00%,-1.00%,48,29.91%,29.58%,6.69%,6.34%,1.05,-7.00%,62.50%,0.04037911167132746,-0.050222489462444564,2.54,5.28%,0.25%,129.58,37,62.16%,-1.38%,0.61%,-9.91%,2.37%,False
conf_3m_cdi_20_20_30_00,3,8,20.00%,20.00%,30.00%,0.00%,17.50%,30.00%,0.91%,48,39.49%,39.13%,8.61%,7.06%,1.22,-7.00%,64.58%,0.05132643387070557,-0.050222489462444564,2.54,5.30%,0.25%,139.13,37,89.19%,0.94%,0.91%,-1.33%,2.37%,False
conf_3m_cdi_20_20_30_10,3,8,20.00%,20.00%,30.00%,10.00%,20.00%,30.00%,0.56%,48,37.66%,37.34%,8.26%,6.87%,1.20,-7.00%,64.58%,0.046438890316346404,-0.050222489462444564,2.34,4.88%,0.23%,137.34,37,70.27%,0.51%,0.91%,-3.05%,2.37%,False
conf_3m_cdi_20_20_30_20,3,8,20.00%,20.00%,30.00%,20.00%,22.50%,30.00%,0.21%,48,35.85%,35.56%,7.90%,6.71%,1.18,-7.00%,64.58%,0.04152069542759018,-0.050222489462444564,2.18,4.54%,0.22%,135.56,37,67.57%,0.08%,0.91%,-4.75%,2.37%,True
conf_3m_cdi_20_20_30_30,3,8,20.00%,20.00%,30.00%,30.00%,25.00%,30.00%,-0.15%,48,34.06%,33.75%,7.54%,6.56%,1.15,-7.00%,64.58%,0.04037911167132746,-0.050222489462444564,2.32,4.83%,0.23%,133.75,37,67.57%,-0.36%,0.91%,-6.48%,2.37%,False
conf_3m_cdi_20_20_30_40,3,8,20.00%,20.00%,30.00%,40.00%,27.50%,40.00%,-0.52%,48,32.28%,31.95%,7.18%,6.43%,1.12,-7.00%,64.58%,0.04037911167132746,-0.050222489462444564,2.51,5.22%,0.25%,131.95,37,67.57%,-0.79%,0.91%,-8.20%,2.37%,False
conf_3m_cdi_20_20_30_50,3,8,20.00%,20.00%,30.00%,50.00%,30.00%,50.00%,-0.88%,48,30.52%,30.17%,6.81%,6.32%,1.08,-7.00%,64.58%,0.04037911167132746,-0.050222489462444564,2.69,5.61%,0.27%,130.17,37,67.57%,-1.22%,0.91%,-9.91%,2.37%,False
conf_3m_cdi_20_20_40_00,3,8,20.00%,20.00%,40.00%,0.00%,20.00%,40.00%,1.03%,48,40.14%,39.76%,8.73%,7.03%,1.24,-7.00%,66.67%,0.05132643387070557,-0.050222489462444564,2.73,5.69%,0.27%,139.76,37,89.19%,1.10%,1.38%,-1.33%,2.37%,False
conf_3m_cdi_20_20_40_10,3,8,20.00%,20.00%,40.00%,10.00%,22.50%,40.00%,0.68%,48,38.31%,37.96%,8.38%,6.85%,1.22,-7.00%,66.67%,0.046438890316346404,-0.050222489462444564,2.53,5.27%,0.25%,137.96,37,70.27%,0.67%,1.38%,-3.05%,2.37%,False
conf_3m_cdi_20_20_40_20,3,8,20.00%,20.00%,40.00%,20.00%,25.00%,40.00%,0.33%,48,36.49%,36.17%,8.02%,6.68%,1.20,-7.00%,66.67%,0.04152069542759018,-0.050222489462444564,2.37,4.93%,0.24%,136.17,37,70.27%,0.24%,1.38%,-4.75%,2.37%,False
conf_3m_cdi_20_20_40_30,3,8,20.00%,20.00%,40.00%,30.00%,27.50%,40.00%,-0.03%,48,34.69%,34.35%,7.66%,6.53%,1.17,-7.00%,66.67%,0.04037911167132746,-0.050222489462444564,2.50,5.22%,0.25%,134.35,37,67.57%,-0.20%,1.38%,-6.48%,2.37%,False
conf_3m_cdi_20_20_40_40,3,8,20.00%,20.00%,40.00%,40.00%,30.00%,40.00%,-0.40%,48,32.90%,32.55%,7.30%,6.40%,1.14,-7.00%,66.67%,0.04037911167132746,-0.050222489462444564,2.69,5.61%,0.27%,132.55,37,67.57%,-0.64%,1.38%,-8.20%,2.37%,False
conf_3m_cdi_20_20_40_50,3,8,20.00%,20.00%,40.00%,50.00%,32.50%,50.00%,-0.76%,48,31.13%,30.76%,6.93%,6.29%,1.10,-7.00%,66.67%,0.04037911167132746,-0.050222489462444564,2.88,6.00%,0.29%,130.76,37,67.57%,-1.07%,1.38%,-9.91%,2.37%,False
conf_3m_cdi_20_20_50_00,3,8,20.00%,20.00%,50.00%,0.00%,22.50%,50.00%,1.16%,48,40.80%,40.39%,8.85%,7.01%,1.26,-7.00%,66.67%,0.05132643387070557,-0.050222489462444564,2.92,6.09%,0.29%,140.39,37,86.49%,1.25%,1.54%,-1.33%,2.62%,False
conf_3m_cdi_20_20_50_10,3,8,20.00%,20.00%,50.00%,10.00%,25.00%,50.00%,0.80%,48,38.96%,38.58%,8.50%,6.83%,1.25,-7.00%,66.67%,0.046438890316346404,-0.050222489462444564,2.72,5.67%,0.27%,138.58,37,72.97%,0.82%,1.54%,-3.05%,2.62%,False
conf_3m_cdi_20_20_50_20,3,8,20.00%,20.00%,50.00%,20.00%,27.50%,50.00%,0.45%,48,37.13%,36.78%,8.14%,6.66%,1.22,-7.00%,66.67%,0.04152069542759018,-0.050222489462444564,2.56,5.33%,0.26%,136.78,37,70.27%,0.39%,1.54%,-4.75%,2.62%,False
conf_3m_cdi_20_20_50_30,3,8,20.00%,20.00%,50.00%,30.00%,30.00%,50.00%,0.09%,48,35.32%,34.96%,7.78%,6.51%,1.20,-7.00%,66.67%,0.04037911167132746,-0.050222489462444564,2.70,5.62%,0.27%,134.96,37,70.27%,-0.05%,1.54%,-6.48%,2.62%,False
conf_3m_cdi_20_20_50_40,3,8,20.00%,20.00%,50.00%,40.00%,32.50%,50.00%,-0.28%,48,33.53%,33.14%,7.42%,6.38%,1.16,-7.00%,66.67%,0.04037911167132746,-0.050222489462444564,2.88,6.01%,0.29%,133.14,37,67.57%,-0.48%,1.54%,-8.20%,2.62%,False
conf_3m_cdi_20_20_50_50,3,8,20.00%,20.00%,50.00%,50.00%,35.00%,50.00%,-0.64%,48,31.75%,31.34%,7.05%,6.27%,1.13,-7.00%,66.67%,0.04037911167132746,-0.050222489462444564,3.07,6.40%,0.31%,131.34,37,67.57%,-0.91%,1.54%,-9.91%,2.62%,False
conf_3m_cdi_20_30_00_00,3,8,20.00%,30.00%,0.00%,0.00%,12.50%,30.00%,0.12%,48,35.58%,35.12%,7.81%,6.96%,1.12,-7.00%,62.50%,0.05122324135577028,-0.050222489462444564,3.46,7.22%,0.35%,135.12,37,43.24%,0.05%,-0.39%,-3.22%,2.61%,False
conf_3m_cdi_20_30_00_10,3,8,20.00%,30.00%,0.00%,10.00%,15.00%,30.00%,-0.23%,48,33.81%,33.37%,7.47%,6.77%,1.10,-7.00%,62.50%,0.04633618780848914,-0.050222489462444564,3.26,6.79%,0.33%,133.37,37,43.24%,-0.38%,-0.53%,-4.90%,2.61%,False
conf_3m_cdi_20_30_00_20,3,8,20.00%,30.00%,0.00%,20.00%,17.50%,30.00%,-0.58%,48,32.05%,31.65%,7.12%,6.60%,1.08,-7.00%,62.50%,0.04144813562789018,-0.050222489462444564,3.05,6.36%,0.31%,131.65,37,43.24%,-0.80%,-0.53%,-6.56%,2.61%,False
conf_3m_cdi_20_30_00_30,3,8,20.00%,30.00%,0.00%,30.00%,20.00%,30.00%,-0.93%,48,30.31%,29.93%,6.77%,6.45%,1.05,-7.00%,62.50%,0.04037911167132746,-0.050222489462444564,2.89,6.02%,0.29%,129.93,37,43.24%,-1.23%,-0.53%,-8.21%,2.61%,False
conf_3m_cdi_20_30_00_40,3,8,20.00%,30.00%,0.00%,40.00%,22.50%,40.00%,-1.29%,48,28.58%,28.19%,6.41%,6.31%,1.01,-7.00%,62.50%,0.04037911167132746,-0.050222489462444564,3.03,6.31%,0.30%,128.19,37,43.24%,-1.66%,-0.53%,-9.88%,2.61%,False
conf_3m_cdi_20_30_00_50,3,8,20.00%,30.00%,0.00%,50.00%,25.00%,50.00%,-1.65%,48,26.87%,26.46%,6.04%,6.20%,0.98,-7.00%,62.50%,0.04037911167132746,-0.050222489462444564,3.22,6.70%,0.32%,126.46,37,43.24%,-2.08%,-0.53%,-11.55%,2.61%,False
conf_3m_cdi_20_30_10_00,3,8,20.00%,30.00%,10.00%,0.00%,15.00%,30.00%,0.25%,48,36.22%,35.78%,7.95%,6.93%,1.15,-7.00%,62.50%,0.05122324135577028,-0.050222489462444564,3.26,6.78%,0.33%,135.78,37,48.65%,0.21%,-0.05%,-3.22%,2.61%,False
conf_3m_cdi_20_30_10_10,3,8,20.00%,30.00%,10.00%,10.00%,17.50%,30.00%,-0.10%,48,34.44%,34.03%,7.60%,6.74%,1.13,-7.00%,62.50%,0.04633618780848914,-0.050222489462444564,3.05,6.35%,0.30%,134.03,37,48.65%,-0.21%,-0.08%,-4.90%,2.61%,False
conf_3m_cdi_20_30_10_20,3,8,20.00%,30.00%,10.00%,20.00%,20.00%,30.00%,-0.45%,48,32.67%,32.30%,7.25%,6.57%,1.10,-7.00%,62.50%,0.04144813562789018,-0.050222489462444564,2.85,5.93%,0.28%,132.30,37,48.65%,-0.64%,-0.08%,-6.56%,2.61%,False
conf_3m_cdi_20_30_10_30,3,8,20.00%,30.00%,10.00%,30.00%,22.50%,30.00%,-0.80%,48,30.92%,30.57%,6.90%,6.41%,1.08,-7.00%,62.50%,0.04037911167132746,-0.050222489462444564,2.68,5.59%,0.27%,130.57,37,48.65%,-1.06%,-0.08%,-8.21%,2.61%,False
conf_3m_cdi_20_30_10_40,3,8,20.00%,30.00%,10.00%,40.00%,25.00%,40.00%,-1.16%,48,29.19%,28.82%,6.54%,6.28%,1.04,-7.00%,62.50%,0.04037911167132746,-0.050222489462444564,2.82,5.88%,0.28%,128.82,37,48.65%,-1.49%,-0.08%,-9.88%,2.61%,False
conf_3m_cdi_20_30_10_50,3,8,20.00%,30.00%,10.00%,50.00%,27.50%,50.00%,-1.52%,48,27.47%,27.08%,6.18%,6.16%,1.00,-7.00%,62.50%,0.04037911167132746,-0.050222489462444564,3.01,6.27%,0.30%,127.08,37,48.65%,-1.92%,-0.08%,-11.55%,2.61%,False
conf_3m_cdi_20_30_20_00,3,8,20.00%,30.00%,20.00%,0.00%,17.50%,30.00%,0.38%,48,36.87%,36.45%,8.08%,6.90%,1.17,-7.00%,62.50%,0.05122324135577028,-0.050222489462444564,3.05,6.36%,0.31%,136.45,37,56.76%,0.38%,0.37%,-3.22%,2.61%,False
conf_3m_cdi_20_30_20_10,3,8,20.00%,30.00%,20.00%,10.00%,20.00%,30.00%,0.03%,48,35.07%,34.69%,7.73%,6.71%,1.15,-7.00%,62.50%,0.04633618780848914,-0.050222489462444564,2.85,5.93%,0.28%,134.69,37,56.76%,-0.05%,0.37%,-4.90%,2.61%,False
conf_3m_cdi_20_30_20_20,3,8,20.00%,30.00%,20.00%,20.00%,22.50%,30.00%,-0.32%,48,33.30%,32.95%,7.38%,6.54%,1.13,-7.00%,62.50%,0.04144813562789018,-0.050222489462444564,2.65,5.51%,0.26%,132.95,37,56.76%,-0.47%,0.37%,-6.56%,2.61%,False
conf_3m_cdi_20_30_20_30,3,8,20.00%,30.00%,20.00%,30.00%,25.00%,30.00%,-0.67%,48,31.54%,31.21%,7.03%,6.38%,1.10,-7.00%,62.50%,0.04037911167132746,-0.050222489462444564,2.48,5.17%,0.25%,131.21,37,56.76%,-0.89%,0.37%,-8.21%,2.61%,False
conf_3m_cdi_20_30_20_40,3,8,20.00%,30.00%,20.00%,40.00%,27.50%,40.00%,-1.03%,48,29.80%,29.46%,6.67%,6.24%,1.07,-7.00%,62.50%,0.04037911167132746,-0.050222489462444564,2.62,5.46%,0.26%,129.46,37,56.76%,-1.32%,0.37%,-9.88%,2.61%,False
conf_3m_cdi_20_30_20_50,3,8,20.00%,30.00%,20.00%,50.00%,30.00%,50.00%,-1.39%,48,28.07%,27.71%,6.31%,6.13%,1.03,-7.00%,62.50%,0.04037911167132746,-0.050222489462444564,2.81,5.85%,0.28%,127.71,37,56.76%,-1.75%,0.37%,-11.55%,2.61%,False
conf_3m_cdi_20_30_30_00,3,8,20.00%,30.00%,30.00%,0.00%,20.00%,30.00%,0.52%,48,37.51%,37.11%,8.21%,6.87%,1.20,-7.00%,64.58%,0.05122324135577028,-0.050222489462444564,2.87,5.99%,0.29%,137.11,37,64.86%,0.55%,0.79%,-3.22%,2.61%,False
conf_3m_cdi_20_30_30_10,3,8,20.00%,30.00%,30.00%,10.00%,22.50%,30.00%,0.16%,48,35.71%,35.35%,7.86%,6.68%,1.18,-7.00%,64.58%,0.04633618780848914,-0.050222489462444564,2.67,5.56%,0.27%,135.35,37,62.16%,0.12%,0.79%,-4.90%,2.61%,False
conf_3m_cdi_20_30_30_20,3,8,20.00%,30.00%,30.00%,20.00%,25.00%,30.00%,-0.19%,48,33.92%,33.59%,7.51%,6.51%,1.15,-7.00%,64.58%,0.04144813562789018,-0.050222489462444564,2.47,5.14%,0.25%,133.59,37,62.16%,-0.31%,0.79%,-6.56%,2.61%,False
conf_3m_cdi_20_30_30_30,3,8,20.00%,30.00%,30.00%,30.00%,27.50%,30.00%,-0.54%,48,32.16%,31.85%,7.16%,6.35%,1.13,-7.00%,64.58%,0.04037911167132746,-0.050222489462444564,2.30,4.79%,0.23%,131.85,37,62.16%,-0.73%,0.79%,-8.21%,2.61%,False
conf_3m_cdi_20_30_30_40,3,8,20.00%,30.00%,30.00%,40.00%,30.00%,40.00%,-0.90%,48,30.40%,30.09%,6.80%,6.22%,1.09,-7.00%,64.58%,0.04037911167132746,-0.050222489462444564,2.44,5.09%,0.24%,130.09,37,62.16%,-1.16%,0.79%,-9.88%,2.61%,False
conf_3m_cdi_20_30_30_50,3,8,20.00%,30.00%,30.00%,50.00%,32.50%,50.00%,-1.26%,48,28.67%,28.33%,6.43%,6.10%,1.06,-7.00%,64.58%,0.04037911167132746,-0.050222489462444564,2.63,5.48%,0.26%,128.33,37,62.16%,-1.58%,0.79%,-11.55%,2.61%,False
conf_3m_cdi_20_30_40_00,3,8,20.00%,30.00%,40.00%,0.00%,22.50%,40.00%,0.64%,48,38.15%,37.73%,8.33%,6.84%,1.22,-7.00%,66.67%,0.05122324135577028,-0.050222489462444564,3.04,6.32%,0.30%,137.73,37,70.27%,0.70%,1.25%,-3.22%,2.61%,False
conf_3m_cdi_20_30_40_10,3,8,20.00%,30.00%,40.00%,10.00%,25.00%,40.00%,0.29%,48,36.34%,35.96%,7.98%,6.65%,1.20,-7.00%,66.67%,0.04633618780848914,-0.050222489462444564,2.83,5.90%,0.28%,135.96,37,70.27%,0.27%,1.25%,-4.90%,2.61%,False
conf_3m_cdi_20_30_40_20,3,8,20.00%,30.00%,40.00%,20.00%,27.50%,40.00%,-0.06%,48,34.55%,34.20%,7.63%,6.48%,1.18,-7.00%,66.67%,0.04144813562789018,-0.050222489462444564,2.63,5.47%,0.26%,134.20,37,67.57%,-0.15%,1.25%,-6.56%,2.61%,False
conf_3m_cdi_20_30_40_30,3,8,20.00%,30.00%,40.00%,30.00%,30.00%,40.00%,-0.42%,48,32.78%,32.45%,7.28%,6.33%,1.15,-7.00%,66.67%,0.04037911167132746,-0.050222489462444564,2.46,5.13%,0.25%,132.45,37,67.57%,-0.57%,1.25%,-8.21%,2.61%,False
conf_3m_cdi_20_30_40_40,3,8,20.00%,30.00%,40.00%,40.00%,32.50%,40.00%,-0.78%,48,31.02%,30.68%,6.92%,6.19%,1.12,-7.00%,66.67%,0.04037911167132746,-0.050222489462444564,2.60,5.42%,0.26%,130.68,37,67.57%,-1.00%,1.25%,-9.88%,2.61%,False
conf_3m_cdi_20_30_40_50,3,8,20.00%,30.00%,40.00%,50.00%,35.00%,50.00%,-1.14%,48,29.27%,28.91%,6.55%,6.07%,1.08,-7.00%,66.67%,0.04037911167132746,-0.050222489462444564,2.79,5.81%,0.28%,128.91,37,67.57%,-1.43%,1.25%,-11.55%,2.61%,False
conf_3m_cdi_20_30_50_00,3,8,20.00%,30.00%,50.00%,0.00%,25.00%,50.00%,0.76%,48,38.80%,38.35%,8.45%,6.82%,1.24,-7.00%,66.67%,0.05122324135577028,-0.050222489462444564,3.22,6.71%,0.32%,138.35,37,72.97%,0.86%,1.54%,-3.22%,2.61%,False
conf_3m_cdi_20_30_50_10,3,8,20.00%,30.00%,50.00%,10.00%,27.50%,50.00%,0.41%,48,36.98%,36.57%,8.10%,6.63%,1.22,-7.00%,66.67%,0.04633618780848914,-0.050222489462444564,3.02,6.28%,0.30%,136.57,37,70.27%,0.43%,1.54%,-4.90%,2.61%,False
conf_3m_cdi_20_30_50_20,3,8,20.00%,30.00%,50.00%,20.00%,30.00%,50.00%,0.06%,48,35.18%,34.80%,7.75%,6.46%,1.20,-7.00%,66.67%,0.04144813562789018,-0.050222489462444564,2.81,5.86%,0.28%,134.80,37,67.57%,0.00%,1.54%,-6.56%,2.61%,False
conf_3m_cdi_20_30_50_30,3,8,20.00%,30.00%,50.00%,30.00%,32.50%,50.00%,-0.30%,48,33.40%,33.04%,7.40%,6.30%,1.17,-7.00%,66.67%,0.04037911167132746,-0.050222489462444564,2.65,5.52%,0.26%,133.04,37,67.57%,-0.42%,1.54%,-8.21%,2.61%,False
conf_3m_cdi_20_30_50_40,3,8,20.00%,30.00%,50.00%,40.00%,35.00%,50.00%,-0.66%,48,31.63%,31.26%,7.04%,6.17%,1.14,-7.00%,66.67%,0.04037911167132746,-0.050222489462444564,2.79,5.81%,0.28%,131.26,37,67.57%,-0.85%,1.54%,-9.88%,2.61%,False
conf_3m_cdi_20_30_50_50,3,8,20.00%,30.00%,50.00%,50.00%,37.50%,50.00%,-1.02%,48,29.88%,29.49%,6.67%,6.05%,1.10,-7.00%,66.67%,0.04037911167132746,-0.050222489462444564,2.98,6.20%,0.30%,129.49,37,67.57%,-1.28%,1.54%,-11.55%,2.61%,False
conf_3m_cdi_20_40_00_00,3,8,20.00%,40.00%,0.00%,0.00%,15.00%,40.00%,-0.29%,48,33.65%,33.08%,7.41%,6.80%,1.09,-7.00%,64.58%,0.05111928537013988,-0.050222489462444564,4.23,8.81%,0.42%,133.08,37,43.24%,-0.36%,-0.80%,-5.23%,2.88%,False
conf_3m_cdi_20_40_00_10,3,8,20.00%,40.00%,0.00%,10.00%,17.50%,40.00%,-0.64%,48,31.90%,31.37%,7.06%,6.60%,1.07,-7.00%,64.58%,0.04623272545525836,-0.050222489462444564,4.02,8.38%,0.40%,131.37,37,43.24%,-0.78%,-0.84%,-6.88%,2.88%,False
conf_3m_cdi_20_40_00_20,3,8,20.00%,40.00%,0.00%,20.00%,20.00%,40.00%,-0.98%,48,30.17%,29.67%,6.71%,6.42%,1.04,-7.00%,64.58%,0.041345166907058584,-0.050222489462444564,3.82,7.95%,0.38%,129.67,37,43.24%,-1.20%,-0.84%,-8.52%,2.88%,False
conf_3m_cdi_20_40_00_30,3,8,20.00%,40.00%,0.00%,30.00%,22.50%,40.00%,-1.33%,48,28.45%,27.98%,6.36%,6.27%,1.02,-7.00%,64.58%,0.04037911167132746,-0.050222489462444564,3.61,7.52%,0.36%,127.98,37,43.24%,-1.62%,-0.84%,-10.14%,2.88%,False
conf_3m_cdi_20_40_00_40,3,8,20.00%,40.00%,0.00%,40.00%,25.00%,40.00%,-1.68%,48,26.74%,26.31%,6.01%,6.12%,0.98,-7.00%,64.58%,0.04037911167132746,-0.050222489462444564,3.44,7.17%,0.34%,126.31,37,43.24%,-2.04%,-0.84%,-11.75%,2.88%,False
conf_3m_cdi_20_40_00_50,3,8,20.00%,40.00%,0.00%,50.00%,27.50%,50.00%,-2.04%,48,25.06%,24.61%,5.65%,6.00%,0.94,-7.00%,64.58%,0.04037911167132746,-0.050222489462444564,3.59,7.47%,0.36%,124.61,37,43.24%,-2.46%,-0.84%,-13.39%,2.88%,False
conf_3m_cdi_20_40_10_00,3,8,20.00%,40.00%,10.00%,0.00%,17.50%,40.00%,-0.16%,48,34.28%,33.74%,7.54%,6.76%,1.12,-7.00%,64.58%,0.05111928537013988,-0.050222489462444564,4.02,8.38%,0.40%,133.74,37,45.95%,-0.19%,-0.36%,-5.23%,2.88%,False
conf_3m_cdi_20_40_10_10,3,8,20.00%,40.00%,10.00%,10.00%,20.00%,40.00%,-0.50%,48,32.52%,32.02%,7.19%,6.57%,1.10,-7.00%,64.58%,0.04623272545525836,-0.050222489462444564,3.82,7.95%,0.38%,132.02,37,45.95%,-0.62%,-0.36%,-6.88%,2.88%,False
conf_3m_cdi_20_40_10_20,3,8,20.00%,40.00%,10.00%,20.00%,22.50%,40.00%,-0.85%,48,30.78%,30.31%,6.84%,6.39%,1.07,-7.00%,64.58%,0.041345166907058584,-0.050222489462444564,3.61,7.52%,0.36%,130.31,37,45.95%,-1.04%,-0.36%,-8.52%,2.88%,False
conf_3m_cdi_20_40_10_30,3,8,20.00%,40.00%,10.00%,30.00%,25.00%,40.00%,-1.20%,48,29.05%,28.61%,6.49%,6.23%,1.04,-7.00%,64.58%,0.04037911167132746,-0.050222489462444564,3.40,7.09%,0.34%,128.61,37,45.95%,-1.45%,-0.36%,-10.14%,2.88%,False
conf_3m_cdi_20_40_10_40,3,8,20.00%,40.00%,10.00%,40.00%,27.50%,40.00%,-1.55%,48,27.34%,26.93%,6.14%,6.09%,1.01,-7.00%,64.58%,0.04037911167132746,-0.050222489462444564,3.23,6.74%,0.32%,126.93,37,45.95%,-1.87%,-0.36%,-11.75%,2.88%,False
conf_3m_cdi_20_40_10_50,3,8,20.00%,40.00%,10.00%,50.00%,30.00%,50.00%,-1.91%,48,25.65%,25.22%,5.78%,5.97%,0.97,-7.00%,64.58%,0.04037911167132746,-0.050222489462444564,3.38,7.04%,0.34%,125.22,37,45.95%,-2.29%,-0.36%,-13.39%,2.88%,False
conf_3m_cdi_20_40_20_00,3,8,20.00%,40.00%,20.00%,0.00%,20.00%,40.00%,-0.02%,48,34.91%,34.40%,7.67%,6.73%,1.14,-7.00%,64.58%,0.05111928537013988,-0.050222489462444564,3.81,7.94%,0.38%,134.40,37,56.76%,-0.03%,0.15%,-5.23%,2.88%,False
conf_3m_cdi_20_40_20_10,3,8,20.00%,40.00%,20.00%,10.00%,22.50%,40.00%,-0.37%,48,33.15%,32.67%,7.32%,6.53%,1.12,-7.00%,64.58%,0.04623272545525836,-0.050222489462444564,3.61,7.52%,0.36%,132.67,37,56.76%,-0.45%,0.15%,-6.88%,2.88%,False
conf_3m_cdi_20_40_20_20,3,8,20.00%,40.00%,20.00%,20.00%,25.00%,40.00%,-0.72%,48,31.39%,30.95%,6.97%,6.36%,1.10,-7.00%,64.58%,0.041345166907058584,-0.050222489462444564,3.40,7.08%,0.34%,130.95,37,56.76%,-0.87%,0.15%,-8.52%,2.88%,False
conf_3m_cdi_20_40_20_30,3,8,20.00%,40.00%,20.00%,30.00%,27.50%,40.00%,-1.07%,48,29.66%,29.25%,6.62%,6.20%,1.07,-7.00%,64.58%,0.04037911167132746,-0.050222489462444564,3.19,6.66%,0.32%,129.25,37,56.76%,-1.29%,0.15%,-10.14%,2.88%,False
conf_3m_cdi_20_40_20_40,3,8,20.00%,40.00%,20.00%,40.00%,30.00%,40.00%,-1.42%,48,27.94%,27.56%,6.27%,6.06%,1.04,-7.00%,64.58%,0.04037911167132746,-0.050222489462444564,3.03,6.30%,0.30%,127.56,37,56.76%,-1.70%,0.15%,-11.75%,2.88%,False
conf_3m_cdi_20_40_20_50,3,8,20.00%,40.00%,20.00%,50.00%,32.50%,50.00%,-1.78%,48,26.24%,25.84%,5.91%,5.93%,1.00,-7.00%,64.58%,0.04037911167132746,-0.050222489462444564,3.17,6.60%,0.32%,125.84,37,56.76%,-2.13%,0.15%,-13.39%,2.88%,False
conf_3m_cdi_20_40_30_00,3,8,20.00%,40.00%,30.00%,0.00%,22.50%,40.00%,0.11%,48,35.54%,35.06%,7.80%,6.70%,1.16,-7.00%,66.67%,0.05111928537013988,-0.050222489462444564,3.61,7.52%,0.36%,135.06,37,56.76%,0.14%,0.62%,-5.23%,2.88%,False
conf_3m_cdi_20_40_30_10,3,8,20.00%,40.00%,30.00%,10.00%,25.00%,40.00%,-0.24%,48,33.77%,33.32%,7.45%,6.51%,1.15,-7.00%,66.67%,0.04623272545525836,-0.050222489462444564,3.40,7.09%,0.34%,133.32,37,56.76%,-0.28%,0.62%,-6.88%,2.88%,False
conf_3m_cdi_20_40_30_20,3,8,20.00%,40.00%,30.00%,20.00%,27.50%,40.00%,-0.59%,48,32.01%,31.59%,7.10%,6.33%,1.12,-7.00%,66.67%,0.041345166907058584,-0.050222489462444564,3.20,6.66%,0.32%,131.59,37,56.76%,-0.71%,0.62%,-8.52%,2.88%,False
conf_3m_cdi_20_40_30_30,3,8,20.00%,40.00%,30.00%,30.00%,30.00%,40.00%,-0.94%,48,30.27%,29.88%,6.75%,6.17%,1.10,-7.00%,66.67%,0.04037911167132746,-0.050222489462444564,2.99,6.23%,0.30%,129.88,37,56.76%,-1.12%,0.62%,-10.14%,2.88%,False
conf_3m_cdi_20_40_30_40,3,8,20.00%,40.00%,30.00%,40.00%,32.50%,40.00%,-1.29%,48,28.54%,28.18%,6.40%,6.03%,1.06,-7.00%,66.67%,0.04037911167132746,-0.050222489462444564,2.82,5.88%,0.28%,128.18,37,56.76%,-1.54%,0.62%,-11.75%,2.88%,False
conf_3m_cdi_20_40_30_50,3,8,20.00%,40.00%,30.00%,50.00%,35.00%,50.00%,-1.65%,48,26.83%,26.46%,6.04%,5.91%,1.02,-7.00%,66.67%,0.04037911167132746,-0.050222489462444564,2.97,6.18%,0.30%,126.46,37,56.76%,-1.96%,0.62%,-13.39%,2.88%,False
conf_3m_cdi_20_40_40_00,3,8,20.00%,40.00%,40.00%,0.00%,25.00%,40.00%,0.24%,48,36.18%,35.71%,7.93%,6.68%,1.19,-7.00%,68.75%,0.05111928537013988,-0.050222489462444564,3.43,7.14%,0.34%,135.71,37,62.16%,0.31%,0.96%,-5.23%,2.88%,False
conf_3m_cdi_20_40_40_10,3,8,20.00%,40.00%,40.00%,10.00%,27.50%,40.00%,-0.11%,48,34.40%,33.97%,7.58%,6.48%,1.17,-7.00%,68.75%,0.04623272545525836,-0.050222489462444564,3.22,6.71%,0.32%,133.97,37,62.16%,-0.12%,0.96%,-6.88%,2.88%,False
conf_3m_cdi_20_40_40_20,3,8,20.00%,40.00%,40.00%,20.00%,30.00%,40.00%,-0.46%,48,32.63%,32.23%,7.23%,6.30%,1.15,-7.00%,68.75%,0.041345166907058584,-0.050222489462444564,3.01,6.28%,0.30%,132.23,37,62.16%,-0.54%,0.96%,-8.52%,2.88%,False
conf_3m_cdi_20_40_40_30,3,8,20.00%,40.00%,40.00%,30.00%,32.50%,40.00%,-0.81%,48,30.88%,30.51%,6.88%,6.14%,1.12,-7.00%,68.75%,0.04037911167132746,-0.050222489462444564,2.81,5.85%,0.28%,130.51,37,62.16%,-0.96%,0.96%,-10.14%,2.88%,False
conf_3m_cdi_20_40_40_40,3,8,20.00%,40.00%,40.00%,40.00%,35.00%,40.00%,-1.16%,48,29.15%,28.80%,6.53%,6.00%,1.09,-7.00%,68.75%,0.04037911167132746,-0.050222489462444564,2.64,5.50%,0.26%,128.80,37,62.16%,-1.37%,0.96%,-11.75%,2.88%,False
conf_3m_cdi_20_40_40_50,3,8,20.00%,40.00%,40.00%,50.00%,37.50%,50.00%,-1.52%,48,27.43%,27.07%,6.17%,5.88%,1.05,-7.00%,68.75%,0.04037911167132746,-0.050222489462444564,2.78,5.80%,0.28%,127.07,37,62.16%,-1.79%,0.96%,-13.39%,2.88%,False
conf_3m_cdi_20_40_50_00,3,8,20.00%,40.00%,50.00%,0.00%,27.50%,50.00%,0.36%,48,36.82%,36.33%,8.06%,6.65%,1.21,-7.00%,68.75%,0.05111928537013988,-0.050222489462444564,3.59,7.48%,0.36%,136.33,37,67.57%,0.46%,1.39%,-5.23%,2.88%,False
conf_3m_cdi_20_40_50_10,3,8,20.00%,40.00%,50.00%,10.00%,30.00%,50.00%,0.01%,48,35.03%,34.57%,7.71%,6.46%,1.19,-7.00%,68.75%,0.04623272545525836,-0.050222489462444564,3.38,7.05%,0.34%,134.57,37,64.86%,0.04%,1.39%,-6.88%,2.88%,False
conf_3m_cdi_20_40_50_20,3,8,20.00%,40.00%,50.00%,20.00%,32.50%,50.00%,-0.34%,48,33.25%,32.83%,7.36%,6.28%,1.17,-7.00%,68.75%,0.041345166907058584,-0.050222489462444564,3.18,6.62%,0.32%,132.83,37,64.86%,-0.38%,1.39%,-8.52%,2.88%,False
conf_3m_cdi_20_40_50_30,3,8,20.00%,40.00%,50.00%,30.00%,35.00%,50.00%,-0.69%,48,31.49%,31.10%,7.00%,6.12%,1.14,-7.00%,68.75%,0.04037911167132746,-0.050222489462444564,2.97,6.19%,0.30%,131.10,37,64.86%,-0.80%,1.39%,-10.14%,2.88%,False
conf_3m_cdi_20_40_50_40,3,8,20.00%,40.00%,50.00%,40.00%,37.50%,50.00%,-1.04%,48,29.75%,29.39%,6.65%,5.98%,1.11,-7.00%,68.75%,0.04037911167132746,-0.050222489462444564,2.80,5.84%,0.28%,129.39,37,64.86%,-1.22%,1.39%,-11.75%,2.88%,False
conf_3m_cdi_20_40_50_50,3,8,20.00%,40.00%,50.00%,50.00%,40.00%,50.00%,-1.40%,48,28.02%,27.65%,6.29%,5.86%,1.07,-7.00%,68.75%,0.04037911167132746,-0.050222489462444564,2.95,6.14%,0.29%,127.65,37,64.86%,-1.64%,1.39%,-13.39%,2.88%,False
conf_3m_cdi_20_50_00_00,3,8,20.00%,50.00%,0.00%,0.00%,17.50%,50.00%,-0.70%,48,31.73%,31.07%,7.00%,6.65%,1.05,-7.00%,66.67%,0.0510145574095382,-0.050222489462444564,5.00,10.42%,0.50%,131.07,37,40.54%,-0.77%,-1.07%,-7.22%,3.16%,False
conf_3m_cdi_20_50_00_10,3,8,20.00%,50.00%,0.00%,10.00%,20.00%,50.00%,-1.04%,48,30.01%,29.38%,6.65%,6.46%,1.03,-7.00%,66.67%,0.04612849479275982,-0.050222489462444564,4.79,9.99%,0.48%,129.38,37,40.54%,-1.18%,-1.07%,-8.84%,3.16%,False
conf_3m_cdi_20_50_00_20,3,8,20.00%,50.00%,0.00%,20.00%,22.50%,50.00%,-1.39%,48,28.30%,27.71%,6.31%,6.27%,1.01,-7.00%,66.67%,0.04124143354266363,-0.050222489462444564,4.59,9.56%,0.46%,127.71,37,40.54%,-1.60%,-1.07%,-10.45%,3.16%,False
conf_3m_cdi_20_50_00_30,3,8,20.00%,50.00%,0.00%,30.00%,25.00%,50.00%,-1.74%,48,26.60%,26.05%,5.96%,6.11%,0.98,-7.00%,66.67%,0.04037911167132746,-0.050222489462444564,4.38,9.12%,0.44%,126.05,37,40.54%,-2.01%,-1.07%,-12.05%,3.16%,False
conf_3m_cdi_20_50_00_40,3,8,20.00%,50.00%,0.00%,40.00%,27.50%,50.00%,-2.08%,48,24.93%,24.41%,5.61%,5.96%,0.94,-7.00%,66.67%,0.04037911167132746,-0.050222489462444564,4.17,8.69%,0.42%,124.41,37,40.54%,-2.42%,-1.07%,-13.63%,3.16%,False
conf_3m_cdi_20_50_00_50,3,8,20.00%,50.00%,0.00%,50.00%,30.00%,50.00%,-2.43%,48,23.26%,22.77%,5.26%,5.84%,0.90,-7.00%,66.67%,0.04037911167132746,-0.050222489462444564,4.00,8.33%,0.40%,122.77,37,40.54%,-2.83%,-1.07%,-15.20%,3.16%,False
conf_3m_cdi_20_50_10_00,3,8,20.00%,50.00%,10.00%,0.00%,20.00%,50.00%,-0.57%,48,32.35%,31.72%,7.13%,6.62%,1.08,-7.00%,66.67%,0.0510145574095382,-0.050222489462444564,4.79,9.98%,0.48%,131.72,37,45.95%,-0.60%,-0.56%,-7.22%,3.16%,False
conf_3m_cdi_20_50_10_10,3,8,20.00%,50.00%,10.00%,10.00%,22.50%,50.00%,-0.91%,48,30.62%,30.02%,6.78%,6.42%,1.06,-7.00%,66.67%,0.04612849479275982,-0.050222489462444564,4.59,9.56%,0.46%,130.02,37,45.95%,-1.02%,-0.56%,-8.84%,3.16%,False
conf_3m_cdi_20_50_10_20,3,8,20.00%,50.00%,10.00%,20.00%,25.00%,50.00%,-1.26%,48,28.90%,28.34%,6.44%,6.24%,1.03,-7.00%,66.67%,0.04124143354266363,-0.050222489462444564,4.38,9.12%,0.44%,128.34,37,45.95%,-1.44%,-0.56%,-10.45%,3.16%,False
conf_3m_cdi_20_50_10_30,3,8,20.00%,50.00%,10.00%,30.00%,27.50%,50.00%,-1.61%,48,27.20%,26.67%,6.09%,6.07%,1.00,-7.00%,66.67%,0.04037911167132746,-0.050222489462444564,4.17,8.69%,0.42%,126.67,37,45.95%,-1.85%,-0.56%,-12.05%,3.16%,False
conf_3m_cdi_20_50_10_40,3,8,20.00%,50.00%,10.00%,40.00%,30.00%,50.00%,-1.95%,48,25.51%,25.02%,5.74%,5.92%,0.97,-7.00%,66.67%,0.04037911167132746,-0.050222489462444564,3.96,8.26%,0.40%,125.02,37,45.95%,-2.26%,-0.56%,-13.63%,3.16%,False
conf_3m_cdi_20_50_10_50,3,8,20.00%,50.00%,10.00%,50.00%,32.50%,50.00%,-2.30%,48,23.84%,23.38%,5.39%,5.80%,0.93,-7.00%,66.67%,0.04037911167132746,-0.050222489462444564,3.79,7.90%,0.38%,123.38,37,45.95%,-2.67%,-0.56%,-15.20%,3.16%,False
conf_3m_cdi_20_50_20_00,3,8,20.00%,50.00%,20.00%,0.00%,22.50%,50.00%,-0.43%,48,32.97%,32.37%,7.26%,6.59%,1.10,-7.00%,66.67%,0.0510145574095382,-0.050222489462444564,4.58,9.55%,0.46%,132.37,37,45.95%,-0.43%,-0.05%,-7.22%,3.16%,False
conf_3m_cdi_20_50_20_10,3,8,20.00%,50.00%,20.00%,10.00%,25.00%,50.00%,-0.78%,48,31.23%,30.66%,6.91%,6.39%,1.08,-7.00%,66.67%,0.04612849479275982,-0.050222489462444564,4.38,9.12%,0.44%,130.66,37,45.95%,-0.85%,-0.05%,-8.84%,3.16%,False
conf_3m_cdi_20_50_20_20,3,8,20.00%,50.00%,20.00%,20.00%,27.50%,50.00%,-1.13%,48,29.51%,28.97%,6.57%,6.20%,1.06,-7.00%,66.67%,0.04124143354266363,-0.050222489462444564,4.17,8.69%,0.42%,128.97,37,45.95%,-1.27%,-0.05%,-10.45%,3.16%,False
conf_3m_cdi_20_50_20_30,3,8,20.00%,50.00%,20.00%,30.00%,30.00%,50.00%,-1.48%,48,27.80%,27.29%,6.22%,6.04%,1.03,-7.00%,66.67%,0.04037911167132746,-0.050222489462444564,3.96,8.26%,0.40%,127.29,37,45.95%,-1.68%,-0.05%,-12.05%,3.16%,False
conf_3m_cdi_20_50_20_40,3,8,20.00%,50.00%,20.00%,40.00%,32.50%,50.00%,-1.82%,48,26.11%,25.63%,5.87%,5.89%,1.00,-7.00%,66.67%,0.04037911167132746,-0.050222489462444564,3.75,7.82%,0.38%,125.63,37,45.95%,-2.09%,-0.05%,-13.63%,3.16%,False
conf_3m_cdi_20_50_20_50,3,8,20.00%,50.00%,20.00%,50.00%,35.00%,50.00%,-2.17%,48,24.43%,23.98%,5.52%,5.77%,0.96,-7.00%,66.67%,0.04037911167132746,-0.050222489462444564,3.58,7.46%,0.36%,123.98,37,45.95%,-2.50%,-0.05%,-15.20%,3.16%,False
conf_3m_cdi_20_50_30_00,3,8,20.00%,50.00%,30.00%,0.00%,25.00%,50.00%,-0.30%,48,33.60%,33.02%,7.39%,6.56%,1.13,-7.00%,68.75%,0.0510145574095382,-0.050222489462444564,4.38,9.12%,0.44%,133.02,37,56.76%,-0.27%,0.46%,-7.22%,3.16%,False
conf_3m_cdi_20_50_30_10,3,8,20.00%,50.00%,30.00%,10.00%,27.50%,50.00%,-0.65%,48,31.85%,31.30%,7.05%,6.36%,1.11,-7.00%,68.75%,0.04612849479275982,-0.050222489462444564,4.17,8.69%,0.42%,131.30,37,56.76%,-0.69%,0.46%,-8.84%,3.16%,False
conf_3m_cdi_20_50_30_20,3,8,20.00%,50.00%,30.00%,20.00%,30.00%,50.00%,-1.00%,48,30.12%,29.60%,6.70%,6.18%,1.08,-7.00%,68.75%,0.04124143354266363,-0.050222489462444564,3.96,8.26%,0.40%,129.60,37,56.76%,-1.10%,0.46%,-10.45%,3.16%,False
conf_3m_cdi_20_50_30_30,3,8,20.00%,50.00%,30.00%,30.00%,32.50%,50.00%,-1.35%,48,28.40%,27.92%,6.35%,6.01%,1.06,-7.00%,68.75%,0.04037911167132746,-0.050222489462444564,3.76,7.82%,0.38%,127.92,37,56.76%,-1.52%,0.46%,-12.05%,3.16%,False
conf_3m_cdi_20_50_30_40,3,8,20.00%,50.00%,30.00%,40.00%,35.00%,50.00%,-1.70%,48,26.70%,26.25%,6.00%,5.86%,1.02,-7.00%,68.75%,0.04037911167132746,-0.050222489462444564,3.55,7.39%,0.35%,126.25,37,56.76%,-1.93%,0.46%,-13.63%,3.16%,False
conf_3m_cdi_20_50_30_50,3,8,20.00%,50.00%,30.00%,50.00%,37.50%,50.00%,-2.05%,48,25.01%,24.59%,5.65%,5.74%,0.98,-7.00%,68.75%,0.04037911167132746,-0.050222489462444564,3.37,7.03%,0.34%,124.59,37,56.76%,-2.34%,0.46%,-15.20%,3.16%,False
conf_3m_cdi_20_50_40_00,3,8,20.00%,50.00%,40.00%,0.00%,27.50%,50.00%,-0.17%,48,34.23%,33.67%,7.52%,6.54%,1.15,-7.00%,70.83%,0.0510145574095382,-0.050222489462444564,4.17,8.69%,0.42%,133.67,37,56.76%,-0.10%,0.65%,-7.22%,3.16%,False
conf_3m_cdi_20_50_40_10,3,8,20.00%,50.00%,40.00%,10.00%,30.00%,50.00%,-0.52%,48,32.47%,31.94%,7.18%,6.33%,1.13,-7.00%,70.83%,0.04612849479275982,-0.050222489462444564,3.97,8.26%,0.40%,131.94,37,56.76%,-0.52%,0.65%,-8.84%,3.16%,False
conf_3m_cdi_20_50_40_20,3,8,20.00%,50.00%,40.00%,20.00%,32.50%,50.00%,-0.87%,48,30.73%,30.24%,6.83%,6.15%,1.11,-7.00%,70.83%,0.04124143354266363,-0.050222489462444564,3.76,7.83%,0.38%,130.24,37,56.76%,-0.94%,0.65%,-10.45%,3.16%,False
conf_3m_cdi_20_50_40_30,3,8,20.00%,50.00%,40.00%,30.00%,35.00%,50.00%,-1.22%,48,29.00%,28.54%,6.48%,5.98%,1.08,-7.00%,70.83%,0.04037911167132746,-0.050222489462444564,3.55,7.40%,0.36%,128.54,37,56.76%,-1.35%,0.65%,-12.05%,3.16%,False
conf_3m_cdi_20_50_40_40,3,8,20.00%,50.00%,40.00%,40.00%,37.50%,50.00%,-1.57%,48,27.29%,26.87%,6.13%,5.84%,1.05,-7.00%,70.83%,0.04037911167132746,-0.050222489462444564,3.34,6.96%,0.33%,126.87,37,56.76%,-1.76%,0.65%,-13.63%,3.16%,False
conf_3m_cdi_20_50_40_50,3,8,20.00%,50.00%,40.00%,50.00%,40.00%,50.00%,-1.92%,48,25.60%,25.20%,5.78%,5.71%,1.01,-7.00%,70.83%,0.04037911167132746,-0.050222489462444564,3.17,6.60%,0.32%,125.20,37,56.76%,-2.17%,0.65%,-15.20%,3.16%,False
conf_3m_cdi_20_50_50_00,3,8,20.00%,50.00%,50.00%,0.00%,30.00%,50.00%,-0.04%,48,34.85%,34.32%,7.65%,6.51%,1.18,-7.00%,70.83%,0.0510145574095382,-0.050222489462444564,3.99,8.30%,0.40%,134.32,37,62.16%,0.06%,1.09%,-7.22%,3.16%,False
conf_3m_cdi_20_50_50_10,3,8,20.00%,50.00%,50.00%,10.00%,32.50%,50.00%,-0.39%,48,33.09%,32.59%,7.31%,6.31%,1.16,-7.00%,70.83%,0.04612849479275982,-0.050222489462444564,3.78,7.87%,0.38%,132.59,37,62.16%,-0.36%,1.09%,-8.84%,3.16%,False
conf_3m_cdi_20_50_50_20,3,8,20.00%,50.00%,50.00%,20.00%,35.00%,50.00%,-0.74%,48,31.34%,30.87%,6.96%,6.13%,1.14,-7.00%,70.83%,0.04124143354266363,-0.050222489462444564,3.57,7.44%,0.36%,130.87,37,62.16%,-0.77%,1.09%,-10.45%,3.16%,False
conf_3m_cdi_20_50_50_30,3,8,20.00%,50.00%,50.00%,30.00%,37.50%,50.00%,-1.09%,48,29.61%,29.17%,6.61%,5.96%,1.11,-7.00%,70.83%,0.04037911167132746,-0.050222489462444564,3.36,7.01%,0.34%,129.17,37,62.16%,-1.19%,1.09%,-12.05%,3.16%,False
conf_3m_cdi_20_50_50_40,3,8,20.00%,50.00%,50.00%,40.00%,40.00%,50.00%,-1.44%,48,27.89%,27.48%,6.26%,5.82%,1.08,-7.00%,70.83%,0.04037911167132746,-0.050222489462444564,3.16,6.57%,0.32%,127.48,37,62.16%,-1.60%,1.09%,-13.63%,3.16%,False
conf_3m_cdi_20_50_50_50,3,8,20.00%,50.00%,50.00%,50.00%,42.50%,50.00%,-1.79%,48,26.18%,25.81%,5.91%,5.69%,1.04,-7.00%,70.83%,0.04037911167132746,-0.050222489462444564,2.98,6.21%,0.30%,125.81,37,62.16%,-2.00%,1.09%,-15.20%,3.16%,False
conf_3m_cdi_30_00_00_00,3,8,30.00%,0.00%,0.00%,0.00%,7.50%,30.00%,1.97%,48,45.08%,44.63%,9.66%,7.16%,1.35,-6.03%,62.50%,0.051505551784493786,-0.04352260520278617,3.17,6.60%,0.32%,144.63,37,89.19%,1.83%,1.65%,-0.27%,3.74%,False
conf_3m_cdi_30_00_00_10,3,8,30.00%,0.00%,0.00%,10.00%,10.00%,30.00%,1.60%,48,43.19%,42.71%,9.30%,6.98%,1.33,-6.03%,62.50%,0.04643254580152223,-0.04352260520278617,3.30,6.88%,0.33%,142.71,37,83.78%,1.37%,0.88%,-0.63%,3.74%,False
conf_3m_cdi_30_00_00_20,3,8,30.00%,0.00%,0.00%,20.00%,12.50%,30.00%,1.24%,48,41.30%,40.81%,8.93%,6.82%,1.31,-6.03%,62.50%,0.04133591985850882,-0.04352260520278617,3.49,7.27%,0.35%,140.81,37,62.16%,0.92%,0.47%,-2.41%,3.74%,False
conf_3m_cdi_30_00_00_30,3,8,30.00%,0.00%,0.00%,30.00%,15.00%,30.00%,0.87%,48,39.44%,38.93%,8.57%,6.68%,1.28,-6.03%,62.50%,0.039961177362125566,-0.04352260520278617,3.68,7.66%,0.37%,138.93,37,56.76%,0.48%,0.47%,-4.18%,3.74%,False
conf_3m_cdi_30_00_00_40,3,8,30.00%,0.00%,0.00%,40.00%,17.50%,40.00%,0.50%,48,37.59%,37.06%,8.20%,6.56%,1.25,-6.03%,62.50%,0.039961177362125566,-0.04352260520278617,3.87,8.05%,0.39%,137.06,37,56.76%,0.04%,0.47%,-5.93%,3.74%,False
conf_3m_cdi_30_00_00_50,3,8,30.00%,0.00%,0.00%,50.00%,20.00%,50.00%,0.14%,48,35.76%,35.21%,7.83%,6.45%,1.21,-6.03%,62.50%,0.039961177362125566,-0.04352260520278617,4.05,8.44%,0.41%,135.21,37,56.76%,-0.40%,0.47%,-7.66%,3.74%,False
conf_3m_cdi_30_00_10_00,3,8,30.00%,0.00%,10.00%,0.00%,10.00%,30.00%,2.09%,48,45.77%,45.29%,9.79%,7.13%,1.37,-6.03%,62.50%,0.051505551784493786,-0.04352260520278617,3.32,6.93%,0.33%,145.29,37,100.00%,1.98%,1.65%,0.20%,3.74%,False
conf_3m_cdi_30_00_10_10,3,8,30.00%,0.00%,10.00%,10.00%,12.50%,30.00%,1.73%,48,43.86%,43.36%,9.42%,6.95%,1.36,-6.03%,62.50%,0.04643254580152223,-0.04352260520278617,3.46,7.21%,0.35%,143.36,37,97.30%,1.53%,1.18%,-0.63%,3.74%,False
conf_3m_cdi_30_00_10_20,3,8,30.00%,0.00%,10.00%,20.00%,15.00%,30.00%,1.36%,48,41.97%,41.45%,9.06%,6.79%,1.33,-6.03%,62.50%,0.04133591985850882,-0.04352260520278617,3.65,7.60%,0.36%,141.45,37,72.97%,1.08%,0.90%,-2.41%,3.74%,False
conf_3m_cdi_30_00_10_30,3,8,30.00%,0.00%,10.00%,30.00%,17.50%,30.00%,0.99%,48,40.10%,39.56%,8.69%,6.64%,1.31,-6.03%,62.50%,0.039961177362125566,-0.04352260520278617,3.83,7.99%,0.38%,139.56,37,67.57%,0.63%,0.90%,-4.18%,3.74%,False
conf_3m_cdi_30_00_10_40,3,8,30.00%,0.00%,10.00%,40.00%,20.00%,40.00%,0.63%,48,38.24%,37.68%,8.32%,6.52%,1.28,-6.03%,62.50%,0.039961177362125566,-0.04352260520278617,4.02,8.38%,0.40%,137.68,37,67.57%,0.19%,0.90%,-5.93%,3.74%,False
conf_3m_cdi_30_00_10_50,3,8,30.00%,0.00%,10.00%,50.00%,22.50%,50.00%,0.26%,48,36.40%,35.83%,7.96%,6.41%,1.24,-6.03%,62.50%,0.039961177362125566,-0.04352260520278617,4.21,8.77%,0.42%,135.83,37,67.57%,-0.25%,0.90%,-7.66%,3.74%,False
conf_3m_cdi_30_00_20_00,3,8,30.00%,0.00%,20.00%,0.00%,12.50%,30.00%,2.22%,48,46.46%,45.94%,9.91%,7.09%,1.40,-6.03%,62.50%,0.051505551784493786,-0.04352260520278617,3.51,7.31%,0.35%,145.94,37,100.00%,2.14%,2.07%,0.67%,3.74%,False
conf_3m_cdi_30_00_20_10,3,8,30.00%,0.00%,20.00%,10.00%,15.00%,30.00%,1.85%,48,44.54%,44.01%,9.55%,6.91%,1.38,-6.03%,62.50%,0.04643254580152223,-0.04352260520278617,3.64,7.59%,0.36%,144.01,37,97.30%,1.68%,1.49%,-0.63%,3.74%,False
conf_3m_cdi_30_00_20_20,3,8,30.00%,0.00%,20.00%,20.00%,17.50%,30.00%,1.48%,48,42.64%,42.09%,9.18%,6.75%,1.36,-6.03%,62.50%,0.04133591985850882,-0.04352260520278617,3.83,7.98%,0.38%,142.09,37,75.68%,1.23%,1.08%,-2.41%,3.74%,False
conf_3m_cdi_30_00_20_30,3,8,30.00%,0.00%,20.00%,30.00%,20.00%,30.00%,1.12%,48,40.76%,40.19%,8.81%,6.61%,1.33,-6.03%,62.50%,0.039961177362125566,-0.04352260520278617,4.02,8.37%,0.40%,140.19,37,67.57%,0.79%,1.08%,-4.18%,3.74%,False
conf_3m_cdi_30_00_20_40,3,8,30.00%,0.00%,20.00%,40.00%,22.50%,40.00%,0.75%,48,38.89%,38.31%,8.45%,6.48%,1.30,-6.03%,62.50%,0.039961177362125566,-0.04352260520278617,4.21,8.77%,0.42%,138.31,37,67.57%,0.35%,1.08%,-5.93%,3.74%,False
conf_3m_cdi_30_00_20_50,3,8,30.00%,0.00%,20.00%,50.00%,25.00%,50.00%,0.38%,48,37.04%,36.44%,8.08%,6.38%,1.27,-6.03%,62.50%,0.039961177362125566,-0.04352260520278617,4.40,9.16%,0.44%,136.44,37,67.57%,-0.09%,1.08%,-7.66%,3.74%,False
conf_3m_cdi_30_00_30_00,3,8,30.00%,0.00%,30.00%,0.00%,15.00%,30.00%,2.34%,48,47.14%,46.60%,10.04%,7.06%,1.42,-6.03%,64.58%,0.051505551784493786,-0.04352260520278617,3.70,7.71%,0.37%,146.60,37,100.00%,2.29%,2.11%,1.12%,3.74%,False
conf_3m_cdi_30_00_30_10,3,8,30.00%,0.00%,30.00%,10.00%,17.50%,30.00%,1.97%,48,45.22%,44.66%,9.67%,6.88%,1.41,-6.03%,64.58%,0.04643254580152223,-0.04352260520278617,3.83,7.99%,0.38%,144.66,37,97.30%,1.84%,1.57%,-0.63%,3.74%,False
conf_3m_cdi_30_00_30_20,3,8,30.00%,0.00%,30.00%,20.00%,20.00%,30.00%,1.61%,48,43.31%,42.73%,9.30%,6.72%,1.38,-6.03%,64.58%,0.04133591985850882,-0.04352260520278617,4.02,8.38%,0.40%,142.73,37,78.38%,1.39%,1.56%,-2.41%,3.74%,False
conf_3m_cdi_30_00_30_30,3,8,30.00%,0.00%,30.00%,30.00%,22.50%,30.00%,1.24%,48,41.42%,40.82%,8.94%,6.58%,1.36,-6.03%,64.58%,0.039961177362125566,-0.04352260520278617,4.21,8.77%,0.42%,140.82,37,70.27%,0.94%,1.56%,-4.18%,3.74%,False
conf_3m_cdi_30_00_30_40,3,8,30.00%,0.00%,30.00%,40.00%,25.00%,40.00%,0.87%,48,39.54%,38.93%,8.57%,6.45%,1.33,-6.03%,64.58%,0.039961177362125566,-0.04352260520278617,4.40,9.16%,0.44%,138.93,37,67.57%,0.50%,1.56%,-5.93%,3.74%,False
conf_3m_cdi_30_00_30_50,3,8,30.00%,0.00%,30.00%,50.00%,27.50%,50.00%,0.50%,48,37.68%,37.05%,8.20%,6.35%,1.29,-6.03%,64.58%,0.039961177362125566,-0.04352260520278617,4.59,9.55%,0.46%,137.05,37,67.57%,0.06%,1.56%,-7.66%,3.74%,False
conf_3m_cdi_30_00_40_00,3,8,30.00%,0.00%,40.00%,0.00%,17.50%,40.00%,2.46%,48,47.83%,47.26%,10.16%,7.03%,1.44,-6.03%,66.67%,0.051505551784493786,-0.04352260520278617,3.89,8.11%,0.39%,147.26,37,100.00%,2.45%,2.48%,1.08%,3.74%,False
conf_3m_cdi_30_00_40_10,3,8,30.00%,0.00%,40.00%,10.00%,20.00%,40.00%,2.10%,48,45.90%,45.31%,9.79%,6.85%,1.43,-6.03%,66.67%,0.04643254580152223,-0.04352260520278617,4.03,8.39%,0.40%,145.31,37,94.59%,2.00%,2.05%,-0.63%,3.74%,False
conf_3m_cdi_30_00_40_20,3,8,30.00%,0.00%,40.00%,20.00%,22.50%,40.00%,1.73%,48,43.98%,43.37%,9.43%,6.69%,1.41,-6.03%,66.67%,0.04133591985850882,-0.04352260520278617,4.21,8.78%,0.42%,143.37,37,78.38%,1.54%,1.90%,-2.41%,3.74%,False
conf_3m_cdi_30_00_40_30,3,8,30.00%,0.00%,40.00%,30.00%,25.00%,40.00%,1.36%,48,42.08%,41.46%,9.06%,6.55%,1.38,-6.03%,66.67%,0.039961177362125566,-0.04352260520278617,4.40,9.17%,0.44%,141.46,37,70.27%,1.10%,1.89%,-4.18%,3.74%,False
conf_3m_cdi_30_00_40_40,3,8,30.00%,0.00%,40.00%,40.00%,27.50%,40.00%,0.99%,48,40.20%,39.55%,8.69%,6.42%,1.35,-6.03%,66.67%,0.039961177362125566,-0.04352260520278617,4.59,9.56%,0.46%,139.55,37,70.27%,0.66%,1.88%,-5.93%,3.74%,False
conf_3m_cdi_30_00_40_50,3,8,30.00%,0.00%,40.00%,50.00%,30.00%,50.00%,0.62%,48,38.33%,37.67%,8.32%,6.32%,1.32,-6.03%,66.67%,0.039961177362125566,-0.04352260520278617,4.78,9.96%,0.48%,137.67,37,67.57%,0.22%,1.87%,-7.66%,3.74%,False
conf_3m_cdi_30_00_50_00,3,8,30.00%,0.00%,50.00%,0.00%,20.00%,50.00%,2.59%,48,48.52%,47.92%,10.28%,7.01%,1.47,-6.03%,66.67%,0.051505551784493786,-0.04352260520278617,4.08,8.51%,0.41%,147.92,37,100.00%,2.60%,2.58%,1.03%,3.74%,False
conf_3m_cdi_30_00_50_10,3,8,30.00%,0.00%,50.00%,10.00%,22.50%,50.00%,2.22%,48,46.58%,45.96%,9.92%,6.83%,1.45,-6.03%,66.67%,0.04643254580152223,-0.04352260520278617,4.22,8.79%,0.42%,145.96,37,94.59%,2.15%,2.12%,-0.63%,3.74%,False
conf_3m_cdi_30_00_50_20,3,8,30.00%,0.00%,50.00%,20.00%,25.00%,50.00%,1.85%,48,44.65%,44.02%,9.55%,6.67%,1.43,-6.03%,66.67%,0.04133591985850882,-0.04352260520278617,4.41,9.18%,0.44%,144.02,37,78.38%,1.70%,2.12%,-2.41%,3.74%,False
conf_3m_cdi_30_00_50_30,3,8,30.00%,0.00%,50.00%,30.00%,27.50%,50.00%,1.48%,48,42.74%,42.09%,9.18%,6.52%,1.41,-6.03%,66.67%,0.039961177362125566,-0.04352260520278617,4.59,9.57%,0.46%,142.09,37,70.27%,1.25%,2.12%,-4.18%,3.74%,False
conf_3m_cdi_30_00_50_40,3,8,30.00%,0.00%,50.00%,40.00%,30.00%,50.00%,1.12%,48,40.85%,40.18%,8.81%,6.40%,1.38,-6.03%,66.67%,0.039961177362125566,-0.04352260520278617,4.78,9.96%,0.48%,140.18,37,70.27%,0.81%,2.12%,-5.93%,3.74%,False
conf_3m_cdi_30_00_50_50,3,8,30.00%,0.00%,50.00%,50.00%,32.50%,50.00%,0.75%,48,38.98%,38.29%,8.44%,6.29%,1.34,-6.03%,66.67%,0.039961177362125566,-0.04352260520278617,4.97,10.35%,0.50%,138.29,37,70.27%,0.37%,2.12%,-7.66%,3.74%,False
conf_3m_cdi_30_10_00_00,3,8,30.00%,10.00%,0.00%,0.00%,10.00%,30.00%,1.58%,48,43.05%,42.61%,9.28%,6.92%,1.34,-6.03%,62.50%,0.05142887129476481,-0.04352260520278617,3.06,6.37%,0.31%,142.61,37,78.38%,1.44%,0.98%,-0.55%,3.84%,False
conf_3m_cdi_30_10_00_10,3,8,30.00%,10.00%,0.00%,10.00%,12.50%,30.00%,1.23%,48,41.17%,40.76%,8.92%,6.74%,1.32,-6.03%,62.50%,0.046512900945293145,-0.04352260520278617,2.90,6.04%,0.29%,140.76,37,59.46%,1.00%,0.59%,-2.12%,3.84%,False
conf_3m_cdi_30_10_00_20,3,8,30.00%,10.00%,0.00%,20.00%,15.00%,30.00%,0.86%,48,39.32%,38.90%,8.56%,6.57%,1.30,-6.03%,62.50%,0.04143664469886588,-0.04352260520278617,3.03,6.32%,0.30%,138.90,37,51.35%,0.56%,0.41%,-3.88%,3.84%,False
conf_3m_cdi_30_10_00_30,3,8,30.00%,10.00%,0.00%,30.00%,17.50%,30.00%,0.50%,48,37.48%,37.04%,8.20%,6.42%,1.28,-6.03%,62.50%,0.036340338760078694,-0.04352260520278617,3.22,6.71%,0.32%,137.04,37,51.35%,0.11%,0.41%,-5.63%,3.84%,False
conf_3m_cdi_30_10_00_40,3,8,30.00%,10.00%,0.00%,40.00%,20.00%,40.00%,0.13%,48,35.66%,35.19%,7.83%,6.29%,1.24,-6.03%,62.50%,0.03617247886336217,-0.04352260520278617,3.41,7.10%,0.34%,135.19,37,51.35%,-0.32%,0.41%,-7.36%,3.84%,False
conf_3m_cdi_30_10_00_50,3,8,30.00%,10.00%,0.00%,50.00%,22.50%,50.00%,-0.23%,48,33.85%,33.37%,7.46%,6.18%,1.21,-6.03%,62.50%,0.03617247886336217,-0.04352260520278617,3.60,7.49%,0.36%,133.37,37,51.35%,-0.76%,0.41%,-9.08%,3.84%,False
conf_3m_cdi_30_10_10_00,3,8,30.00%,10.00%,10.00%,0.00%,12.50%,30.00%,1.72%,48,43.72%,43.31%,9.41%,6.89%,1.37,-6.03%,62.50%,0.05142887129476481,-0.04352260520278617,2.89,6.01%,0.29%,143.31,37,89.19%,1.61%,1.09%,-0.39%,3.84%,False
conf_3m_cdi_30_10_10_10,3,8,30.00%,10.00%,10.00%,10.00%,15.00%,30.00%,1.36%,48,41.84%,41.45%,9.06%,6.70%,1.35,-6.03%,62.50%,0.046512900945293145,-0.04352260520278617,2.72,5.68%,0.27%,141.45,37,70.27%,1.17%,0.91%,-2.12%,3.84%,False
conf_3m_cdi_30_10_10_20,3,8,30.00%,10.00%,10.00%,20.00%,17.50%,30.00%,1.00%,48,39.97%,39.57%,8.69%,6.53%,1.33,-6.03%,62.50%,0.04143664469886588,-0.04352260520278617,2.86,5.96%,0.29%,139.57,37,59.46%,0.72%,0.89%,-3.88%,3.84%,False
conf_3m_cdi_30_10_10_30,3,8,30.00%,10.00%,10.00%,30.00%,20.00%,30.00%,0.63%,48,38.13%,37.71%,8.33%,6.38%,1.30,-6.03%,62.50%,0.036340338760078694,-0.04352260520278617,3.05,6.35%,0.30%,137.71,37,59.46%,0.28%,0.89%,-5.63%,3.84%,False
conf_3m_cdi_30_10_10_40,3,8,30.00%,10.00%,10.00%,40.00%,22.50%,40.00%,0.27%,48,36.30%,35.86%,7.96%,6.25%,1.27,-6.03%,62.50%,0.03617247886336217,-0.04352260520278617,3.24,6.74%,0.32%,135.86,37,59.46%,-0.16%,0.89%,-7.36%,3.84%,False
conf_3m_cdi_30_10_10_50,3,8,30.00%,10.00%,10.00%,50.00%,25.00%,50.00%,-0.10%,48,34.48%,34.02%,7.60%,6.14%,1.24,-6.03%,62.50%,0.03617247886336217,-0.04352260520278617,3.42,7.13%,0.34%,134.02,37,59.46%,-0.59%,0.89%,-9.08%,3.84%,False
conf_3m_cdi_30_10_20_00,3,8,30.00%,10.00%,20.00%,0.00%,15.00%,30.00%,1.84%,48,44.40%,43.96%,9.54%,6.85%,1.39,-6.03%,62.50%,0.05142887129476481,-0.04352260520278617,3.04,6.34%,0.30%,143.96,37,97.30%,1.76%,1.45%,-0.39%,3.84%,False
conf_3m_cdi_30_10_20_10,3,8,30.00%,10.00%,20.00%,10.00%,17.50%,30.00%,1.49%,48,42.51%,42.10%,9.18%,6.67%,1.38,-6.03%,62.50%,0.046512900945293145,-0.04352260520278617,2.88,6.01%,0.29%,142.10,37,81.08%,1.32%,1.01%,-2.12%,3.84%,False
conf_3m_cdi_30_10_20_20,3,8,30.00%,10.00%,20.00%,20.00%,20.00%,30.00%,1.12%,48,40.63%,40.21%,8.82%,6.50%,1.36,-6.03%,62.50%,0.04143664469886588,-0.04352260520278617,3.02,6.29%,0.30%,140.21,37,67.57%,0.88%,1.01%,-3.88%,3.84%,False
conf_3m_cdi_30_10_20_30,3,8,30.00%,10.00%,20.00%,30.00%,22.50%,30.00%,0.75%,48,38.78%,38.33%,8.45%,6.35%,1.33,-6.03%,62.50%,0.036340338760078694,-0.04352260520278617,3.21,6.68%,0.32%,138.33,37,67.57%,0.44%,1.01%,-5.63%,3.84%,False
conf_3m_cdi_30_10_20_40,3,8,30.00%,10.00%,20.00%,40.00%,25.00%,40.00%,0.39%,48,36.94%,36.47%,8.08%,6.22%,1.30,-6.03%,62.50%,0.03617247886336217,-0.04352260520278617,3.39,7.07%,0.34%,136.47,37,67.57%,-0.00%,1.01%,-7.36%,3.84%,False
conf_3m_cdi_30_10_20_50,3,8,30.00%,10.00%,20.00%,50.00%,27.50%,50.00%,0.02%,48,35.11%,34.63%,7.72%,6.11%,1.26,-6.03%,62.50%,0.03617247886336217,-0.04352260520278617,3.58,7.46%,0.36%,134.63,37,67.57%,-0.44%,1.01%,-9.08%,3.84%,False
conf_3m_cdi_30_10_30_00,3,8,30.00%,10.00%,30.00%,0.00%,17.50%,30.00%,1.96%,48,45.07%,44.61%,9.66%,6.82%,1.42,-6.03%,64.58%,0.05142887129476481,-0.04352260520278617,3.23,6.73%,0.32%,144.61,37,97.30%,1.92%,1.65%,-0.39%,3.84%,False
conf_3m_cdi_30_10_30_10,3,8,30.00%,10.00%,30.00%,10.00%,20.00%,30.00%,1.61%,48,43.18%,42.74%,9.30%,6.64%,1.40,-6.03%,64.58%,0.046512900945293145,-0.04352260520278617,3.07,6.39%,0.31%,142.74,37,81.08%,1.48%,1.13%,-2.12%,3.84%,False
conf_3m_cdi_30_10_30_20,3,8,30.00%,10.00%,30.00%,20.00%,22.50%,30.00%,1.24%,48,41.29%,40.84%,8.94%,6.47%,1.38,-6.03%,64.58%,0.04143664469886588,-0.04352260520278617,3.20,6.67%,0.32%,140.84,37,70.27%,1.03%,1.13%,-3.88%,3.84%,False
conf_3m_cdi_30_10_30_30,3,8,30.00%,10.00%,30.00%,30.00%,25.00%,30.00%,0.88%,48,39.43%,38.96%,8.57%,6.32%,1.36,-6.03%,64.58%,0.036340338760078694,-0.04352260520278617,3.39,7.06%,0.34%,138.96,37,67.57%,0.59%,1.13%,-5.63%,3.84%,False
conf_3m_cdi_30_10_30_40,3,8,30.00%,10.00%,30.00%,40.00%,27.50%,40.00%,0.51%,48,37.58%,37.09%,8.21%,6.18%,1.33,-6.03%,64.58%,0.03617247886336217,-0.04352260520278617,3.58,7.46%,0.36%,137.09,37,67.57%,0.15%,1.13%,-7.36%,3.84%,False
conf_3m_cdi_30_10_30_50,3,8,30.00%,10.00%,30.00%,50.00%,30.00%,50.00%,0.14%,48,35.75%,35.24%,7.84%,6.07%,1.29,-6.03%,64.58%,0.03617247886336217,-0.04352260520278617,3.77,7.85%,0.38%,135.24,37,67.57%,-0.28%,1.13%,-9.08%,3.84%,False
conf_3m_cdi_30_10_40_00,3,8,30.00%,10.00%,40.00%,0.00%,20.00%,40.00%,2.09%,48,45.75%,45.26%,9.78%,6.79%,1.44,-6.03%,66.67%,0.05142887129476481,-0.04352260520278617,3.42,7.13%,0.34%,145.26,37,97.30%,2.07%,1.76%,-0.39%,3.84%,False
conf_3m_cdi_30_10_40_10,3,8,30.00%,10.00%,40.00%,10.00%,22.50%,40.00%,1.73%,48,43.85%,43.38%,9.43%,6.61%,1.43,-6.03%,66.67%,0.046512900945293145,-0.04352260520278617,3.26,6.79%,0.33%,143.38,37,81.08%,1.63%,1.55%,-2.12%,3.84%,False
conf_3m_cdi_30_10_40_20,3,8,30.00%,10.00%,40.00%,20.00%,25.00%,40.00%,1.37%,48,41.96%,41.48%,9.06%,6.44%,1.41,-6.03%,66.67%,0.04143664469886588,-0.04352260520278617,3.39,7.07%,0.34%,141.48,37,70.27%,1.19%,1.55%,-3.88%,3.84%,False
conf_3m_cdi_30_10_40_30,3,8,30.00%,10.00%,40.00%,30.00%,27.50%,40.00%,1.00%,48,40.08%,39.58%,8.69%,6.29%,1.38,-6.03%,66.67%,0.036340338760078694,-0.04352260520278617,3.58,7.46%,0.36%,139.58,37,70.27%,0.75%,1.55%,-5.63%,3.84%,False
conf_3m_cdi_30_10_40_40,3,8,30.00%,10.00%,40.00%,40.00%,30.00%,40.00%,0.63%,48,38.23%,37.71%,8.33%,6.15%,1.35,-6.03%,66.67%,0.03617247886336217,-0.04352260520278617,3.77,7.86%,0.38%,137.71,37,67.57%,0.31%,1.55%,-7.36%,3.84%,False
conf_3m_cdi_30_10_40_50,3,8,30.00%,10.00%,40.00%,50.00%,32.50%,50.00%,0.26%,48,36.39%,35.85%,7.96%,6.04%,1.32,-6.03%,66.67%,0.03617247886336217,-0.04352260520278617,3.96,8.25%,0.40%,135.85,37,67.57%,-0.13%,1.55%,-9.08%,3.84%,False
conf_3m_cdi_30_10_50_00,3,8,30.00%,10.00%,50.00%,0.00%,22.50%,50.00%,2.21%,48,46.44%,45.91%,9.91%,6.77%,1.46,-6.03%,66.67%,0.05142887129476481,-0.04352260520278617,3.61,7.53%,0.36%,145.91,37,97.30%,2.23%,2.04%,-0.39%,3.84%,False
conf_3m_cdi_30_10_50_10,3,8,30.00%,10.00%,50.00%,10.00%,25.00%,50.00%,1.85%,48,44.52%,44.02%,9.55%,6.58%,1.45,-6.03%,66.67%,0.046512900945293145,-0.04352260520278617,3.45,7.19%,0.35%,144.02,37,81.08%,1.79%,1.97%,-2.12%,3.84%,False
conf_3m_cdi_30_10_50_20,3,8,30.00%,10.00%,50.00%,20.00%,27.50%,50.00%,1.49%,48,42.62%,42.11%,9.18%,6.41%,1.43,-6.03%,66.67%,0.04143664469886588,-0.04352260520278617,3.59,7.47%,0.36%,142.11,37,72.97%,1.34%,1.97%,-3.88%,3.84%,False
conf_3m_cdi_30_10_50_30,3,8,30.00%,10.00%,50.00%,30.00%,30.00%,50.00%,1.12%,48,40.74%,40.21%,8.82%,6.26%,1.41,-6.03%,66.67%,0.036340338760078694,-0.04352260520278617,3.77,7.86%,0.38%,140.21,37,70.27%,0.90%,1.97%,-5.63%,3.84%,False
conf_3m_cdi_30_10_50_40,3,8,30.00%,10.00%,50.00%,40.00%,32.50%,50.00%,0.75%,48,38.87%,38.32%,8.45%,6.13%,1.38,-6.03%,66.67%,0.03617247886336217,-0.04352260520278617,3.96,8.26%,0.40%,138.32,37,70.27%,0.46%,1.97%,-7.36%,3.84%,False
conf_3m_cdi_30_10_50_50,3,8,30.00%,10.00%,50.00%,50.00%,35.00%,50.00%,0.39%,48,37.02%,36.46%,8.08%,6.02%,1.34,-6.03%,66.67%,0.03617247886336217,-0.04352260520278617,4.15,8.65%,0.42%,136.46,37,67.57%,0.03%,1.97%,-9.08%,3.84%,False
conf_3m_cdi_30_20_00_00,3,8,30.00%,20.00%,0.00%,0.00%,12.50%,30.00%,1.20%,48,41.02%,40.60%,8.89%,6.70%,1.33,-6.03%,62.50%,0.05132643387070557,-0.04352260520278617,3.02,6.29%,0.30%,140.60,37,67.57%,1.05%,0.52%,-1.94%,4.09%,False
conf_3m_cdi_30_20_00_10,3,8,30.00%,20.00%,0.00%,10.00%,15.00%,30.00%,0.84%,48,39.18%,38.79%,8.54%,6.51%,1.31,-6.03%,62.50%,0.046438890316346404,-0.04352260520278617,2.82,5.88%,0.28%,138.79,37,51.35%,0.62%,0.17%,-3.65%,4.09%,False
conf_3m_cdi_30_20_00_20,3,8,30.00%,20.00%,0.00%,20.00%,17.50%,30.00%,0.49%,48,37.35%,36.98%,8.19%,6.34%,1.29,-6.03%,62.50%,0.04152069542759018,-0.04352260520278617,2.66,5.54%,0.27%,136.98,37,51.35%,0.19%,0.17%,-5.35%,4.09%,False
conf_3m_cdi_30_20_00_30,3,8,30.00%,20.00%,0.00%,30.00%,20.00%,30.00%,0.13%,48,35.54%,35.16%,7.82%,6.18%,1.27,-6.03%,62.50%,0.036441316919494815,-0.04352260520278617,2.80,5.82%,0.28%,135.16,37,51.35%,-0.25%,0.17%,-7.07%,4.09%,False
conf_3m_cdi_30_20_00_40,3,8,30.00%,20.00%,0.00%,40.00%,22.50%,40.00%,-0.24%,48,33.74%,33.34%,7.46%,6.04%,1.23,-6.03%,62.50%,0.035685571949586326,-0.04352260520278617,2.98,6.22%,0.30%,133.34,37,51.35%,-0.68%,0.17%,-8.78%,4.09%,False
conf_3m_cdi_30_20_00_50,3,8,30.00%,20.00%,0.00%,50.00%,25.00%,50.00%,-0.60%,48,31.96%,31.54%,7.09%,5.93%,1.20,-6.03%,62.50%,0.035685571949586326,-0.04352260520278617,3.17,6.61%,0.32%,131.54,37,51.35%,-1.11%,0.17%,-10.48%,4.09%,False
conf_3m_cdi_30_20_10_00,3,8,30.00%,20.00%,10.00%,0.00%,15.00%,30.00%,1.33%,48,41.69%,41.29%,9.03%,6.67%,1.35,-6.03%,62.50%,0.05132643387070557,-0.04352260520278617,2.82,5.87%,0.28%,141.29,37,67.57%,1.22%,0.86%,-1.94%,4.09%,False
conf_3m_cdi_30_20_10_10,3,8,30.00%,20.00%,10.00%,10.00%,17.50%,30.00%,0.98%,48,39.83%,39.47%,8.67%,6.48%,1.34,-6.03%,62.50%,0.046438890316346404,-0.04352260520278617,2.62,5.46%,0.26%,139.47,37,51.35%,0.79%,0.62%,-3.65%,4.09%,False
conf_3m_cdi_30_20_10_20,3,8,30.00%,20.00%,10.00%,20.00%,20.00%,30.00%,0.62%,48,38.00%,37.66%,8.32%,6.30%,1.32,-6.03%,62.50%,0.04152069542759018,-0.04352260520278617,2.46,5.12%,0.25%,137.66,37,51.35%,0.36%,0.62%,-5.35%,4.09%,False
conf_3m_cdi_30_20_10_30,3,8,30.00%,20.00%,10.00%,30.00%,22.50%,30.00%,0.26%,48,36.17%,35.82%,7.95%,6.14%,1.30,-6.03%,62.50%,0.036441316919494815,-0.04352260520278617,2.59,5.41%,0.26%,135.82,37,51.35%,-0.08%,0.62%,-7.07%,4.09%,False
conf_3m_cdi_30_20_10_40,3,8,30.00%,20.00%,10.00%,40.00%,25.00%,40.00%,-0.11%,48,34.37%,34.00%,7.59%,6.00%,1.26,-6.03%,62.50%,0.035685571949586326,-0.04352260520278617,2.78,5.80%,0.28%,134.00,37,51.35%,-0.52%,0.62%,-8.78%,4.09%,False
conf_3m_cdi_30_20_10_50,3,8,30.00%,20.00%,10.00%,50.00%,27.50%,50.00%,-0.47%,48,32.58%,32.19%,7.23%,5.89%,1.23,-6.03%,62.50%,0.035685571949586326,-0.04352260520278617,2.97,6.19%,0.30%,132.19,37,51.35%,-0.95%,0.62%,-10.48%,4.09%,False
conf_3m_cdi_30_20_20_00,3,8,30.00%,20.00%,20.00%,0.00%,17.50%,30.00%,1.46%,48,42.36%,41.98%,9.16%,6.63%,1.38,-6.03%,62.50%,0.05132643387070557,-0.04352260520278617,2.64,5.51%,0.26%,141.98,37,83.78%,1.38%,1.07%,-1.94%,4.09%,False
conf_3m_cdi_30_20_20_10,3,8,30.00%,20.00%,20.00%,10.00%,20.00%,30.00%,1.11%,48,40.49%,40.15%,8.80%,6.44%,1.37,-6.03%,62.50%,0.046438890316346404,-0.04352260520278617,2.44,5.09%,0.24%,140.15,37,62.16%,0.95%,1.00%,-3.65%,4.09%,False
conf_3m_cdi_30_20_20_20,3,8,30.00%,20.00%,20.00%,20.00%,22.50%,30.00%,0.75%,48,38.65%,38.33%,8.45%,6.27%,1.35,-6.03%,62.50%,0.04152069542759018,-0.04352260520278617,2.28,4.75%,0.23%,138.33,37,62.16%,0.52%,1.00%,-5.35%,4.09%,False
conf_3m_cdi_30_20_20_30,3,8,30.00%,20.00%,20.00%,30.00%,25.00%,30.00%,0.39%,48,36.82%,36.49%,8.09%,6.11%,1.32,-6.03%,62.50%,0.036441316919494815,-0.04352260520278617,2.42,5.04%,0.24%,136.49,37,62.16%,0.09%,1.00%,-7.07%,4.09%,False
conf_3m_cdi_30_20_20_40,3,8,30.00%,20.00%,20.00%,40.00%,27.50%,40.00%,0.03%,48,35.00%,34.65%,7.72%,5.97%,1.29,-6.03%,62.50%,0.035685571949586326,-0.04352260520278617,2.61,5.43%,0.26%,134.65,37,62.16%,-0.35%,1.00%,-8.78%,4.09%,False
conf_3m_cdi_30_20_20_50,3,8,30.00%,20.00%,20.00%,50.00%,30.00%,50.00%,-0.34%,48,33.21%,32.83%,7.36%,5.85%,1.26,-6.03%,62.50%,0.035685571949586326,-0.04352260520278617,2.79,5.82%,0.28%,132.83,37,62.16%,-0.78%,1.00%,-10.48%,4.09%,False
conf_3m_cdi_30_20_30_00,3,8,30.00%,20.00%,30.00%,0.00%,20.00%,30.00%,1.59%,48,43.02%,42.62%,9.28%,6.60%,1.41,-6.03%,64.58%,0.05132643387070557,-0.04352260520278617,2.80,5.84%,0.28%,142.62,37,89.19%,1.54%,1.41%,-1.94%,4.09%,False
conf_3m_cdi_30_20_30_10,3,8,30.00%,20.00%,30.00%,10.00%,22.50%,30.00%,1.23%,48,41.15%,40.79%,8.93%,6.41%,1.39,-6.03%,64.58%,0.046438890316346404,-0.04352260520278617,2.60,5.42%,0.26%,140.79,37,70.27%,1.11%,1.12%,-3.65%,4.09%,False
conf_3m_cdi_30_20_30_20,3,8,30.00%,20.00%,30.00%,20.00%,25.00%,30.00%,0.88%,48,39.30%,38.96%,8.57%,6.23%,1.38,-6.03%,64.58%,0.04152069542759018,-0.04352260520278617,2.44,5.08%,0.24%,138.96,37,67.57%,0.68%,1.12%,-5.35%,4.09%,False
conf_3m_cdi_30_20_30_30,3,8,30.00%,20.00%,30.00%,30.00%,27.50%,30.00%,0.51%,48,37.46%,37.10%,8.21%,6.07%,1.35,-6.03%,64.58%,0.036441316919494815,-0.04352260520278617,2.58,5.37%,0.26%,137.10,37,67.57%,0.24%,1.12%,-7.07%,4.09%,False
conf_3m_cdi_30_20_30_40,3,8,30.00%,20.00%,30.00%,40.00%,30.00%,40.00%,0.15%,48,35.64%,35.26%,7.84%,5.94%,1.32,-6.03%,64.58%,0.035685571949586326,-0.04352260520278617,2.77,5.76%,0.28%,135.26,37,67.57%,-0.19%,1.12%,-8.78%,4.09%,False
conf_3m_cdi_30_20_30_50,3,8,30.00%,20.00%,30.00%,50.00%,32.50%,50.00%,-0.22%,48,33.83%,33.44%,7.48%,5.82%,1.29,-6.03%,64.58%,0.035685571949586326,-0.04352260520278617,2.95,6.15%,0.30%,133.44,37,67.57%,-0.63%,1.12%,-10.48%,4.09%,False
conf_3m_cdi_30_20_40_00,3,8,30.00%,20.00%,40.00%,0.00%,22.50%,40.00%,1.71%,48,43.69%,43.27%,9.40%,6.57%,1.43,-6.03%,66.67%,0.05132643387070557,-0.04352260520278617,2.99,6.23%,0.30%,143.27,37,89.19%,1.69%,1.44%,-1.94%,4.09%,False
conf_3m_cdi_30_20_40_10,3,8,30.00%,20.00%,40.00%,10.00%,25.00%,40.00%,1.35%,48,41.81%,41.42%,9.05%,6.38%,1.42,-6.03%,66.67%,0.046438890316346404,-0.04352260520278617,2.79,5.81%,0.28%,141.42,37,70.27%,1.26%,1.44%,-3.65%,4.09%,False
conf_3m_cdi_30_20_40_20,3,8,30.00%,20.00%,40.00%,20.00%,27.50%,40.00%,1.00%,48,39.95%,39.58%,8.69%,6.20%,1.40,-6.03%,66.67%,0.04152069542759018,-0.04352260520278617,2.63,5.47%,0.26%,139.58,37,70.27%,0.83%,1.44%,-5.35%,4.09%,False
conf_3m_cdi_30_20_40_30,3,8,30.00%,20.00%,40.00%,30.00%,30.00%,40.00%,0.63%,48,38.10%,37.72%,8.33%,6.05%,1.38,-6.03%,66.67%,0.036441316919494815,-0.04352260520278617,2.76,5.76%,0.28%,137.72,37,67.57%,0.39%,1.44%,-7.07%,4.09%,False
conf_3m_cdi_30_20_40_40,3,8,30.00%,20.00%,40.00%,40.00%,32.50%,40.00%,0.27%,48,36.27%,35.87%,7.96%,5.91%,1.35,-6.03%,66.67%,0.035685571949586326,-0.04352260520278617,2.95,6.15%,0.30%,135.87,37,67.57%,-0.04%,1.44%,-8.78%,4.09%,False
conf_3m_cdi_30_20_40_50,3,8,30.00%,20.00%,40.00%,50.00%,35.00%,50.00%,-0.10%,48,34.46%,34.04%,7.60%,5.79%,1.31,-6.03%,66.67%,0.035685571949586326,-0.04352260520278617,3.14,6.54%,0.31%,134.04,37,67.57%,-0.47%,1.44%,-10.48%,4.09%,False
conf_3m_cdi_30_20_50_00,3,8,30.00%,20.00%,50.00%,0.00%,25.00%,50.00%,1.83%,48,44.37%,43.91%,9.53%,6.55%,1.46,-6.03%,66.67%,0.05132643387070557,-0.04352260520278617,3.18,6.62%,0.32%,143.91,37,86.49%,1.85%,1.85%,-1.94%,4.09%,False
conf_3m_cdi_30_20_50_10,3,8,30.00%,20.00%,50.00%,10.00%,27.50%,50.00%,1.48%,48,42.48%,42.05%,9.17%,6.36%,1.44,-6.03%,66.67%,0.046438890316346404,-0.04352260520278617,2.98,6.21%,0.30%,142.05,37,72.97%,1.42%,1.85%,-3.65%,4.09%,False
conf_3m_cdi_30_20_50_20,3,8,30.00%,20.00%,50.00%,20.00%,30.00%,50.00%,1.12%,48,40.60%,40.21%,8.82%,6.18%,1.43,-6.03%,66.67%,0.04152069542759018,-0.04352260520278617,2.82,5.87%,0.28%,140.21,37,70.27%,0.99%,1.85%,-5.35%,4.09%,False
conf_3m_cdi_30_20_50_30,3,8,30.00%,20.00%,50.00%,30.00%,32.50%,50.00%,0.76%,48,38.75%,38.34%,8.45%,6.02%,1.40,-6.03%,66.67%,0.036441316919494815,-0.04352260520278617,2.95,6.16%,0.30%,138.34,37,70.27%,0.55%,1.85%,-7.07%,4.09%,False
conf_3m_cdi_30_20_50_40,3,8,30.00%,20.00%,50.00%,40.00%,35.00%,50.00%,0.39%,48,36.91%,36.48%,8.09%,5.88%,1.37,-6.03%,66.67%,0.035685571949586326,-0.04352260520278617,3.14,6.55%,0.31%,136.48,37,67.57%,0.11%,1.85%,-8.78%,4.09%,False
conf_3m_cdi_30_20_50_50,3,8,30.00%,20.00%,50.00%,50.00%,37.50%,50.00%,0.02%,48,35.09%,34.64%,7.72%,5.76%,1.34,-6.03%,66.67%,0.035685571949586326,-0.04352260520278617,3.33,6.94%,0.33%,134.64,37,67.57%,-0.32%,1.85%,-10.48%,4.09%,False
conf_3m_cdi_30_30_00_00,3,8,30.00%,30.00%,0.00%,0.00%,15.00%,30.00%,0.81%,48,39.02%,38.59%,8.50%,6.50%,1.31,-6.03%,62.50%,0.05122324135577028,-0.04352260520278617,3.09,6.43%,0.31%,138.59,37,48.65%,0.66%,-0.00%,-3.48%,4.33%,False
conf_3m_cdi_30_30_00_10,3,8,30.00%,30.00%,0.00%,10.00%,17.50%,30.00%,0.45%,48,37.20%,36.81%,8.15%,6.31%,1.29,-6.03%,62.50%,0.04633618780848914,-0.04352260520278617,2.88,6.00%,0.29%,136.81,37,45.95%,0.23%,-0.12%,-5.17%,4.33%,False
conf_3m_cdi_30_30_00_20,3,8,30.00%,30.00%,0.00%,20.00%,20.00%,30.00%,0.10%,48,35.40%,35.04%,7.80%,6.13%,1.27,-6.03%,62.50%,0.04144813562789018,-0.04352260520278617,2.68,5.58%,0.27%,135.04,37,45.95%,-0.19%,-0.12%,-6.84%,4.33%,False
conf_3m_cdi_30_30_00_30,3,8,30.00%,30.00%,0.00%,30.00%,22.50%,30.00%,-0.25%,48,33.61%,33.27%,7.45%,5.96%,1.25,-6.03%,62.50%,0.03652893371422139,-0.04352260520278617,2.51,5.24%,0.25%,133.27,37,45.95%,-0.61%,-0.12%,-8.51%,4.33%,False
conf_3m_cdi_30_30_00_40,3,8,30.00%,30.00%,0.00%,40.00%,25.00%,40.00%,-0.61%,48,31.84%,31.49%,7.08%,5.82%,1.22,-6.03%,62.50%,0.035685571949586326,-0.04352260520278617,2.65,5.53%,0.27%,131.49,37,45.95%,-1.04%,-0.12%,-10.19%,4.33%,False
conf_3m_cdi_30_30_00_50,3,8,30.00%,30.00%,0.00%,50.00%,27.50%,50.00%,-0.98%,48,30.08%,29.72%,6.72%,5.69%,1.18,-6.03%,62.50%,0.035685571949586326,-0.04352260520278617,2.84,5.92%,0.28%,129.72,37,45.95%,-1.47%,-0.12%,-11.87%,4.33%,False
conf_3m_cdi_30_30_10_00,3,8,30.00%,30.00%,10.00%,0.00%,17.50%,30.00%,0.94%,48,39.68%,39.27%,8.63%,6.47%,1.34,-6.03%,62.50%,0.05122324135577028,-0.04352260520278617,2.88,6.00%,0.29%,139.27,37,54.05%,0.83%,0.33%,-3.48%,4.33%,False
conf_3m_cdi_30_30_10_10,3,8,30.00%,30.00%,10.00%,10.00%,20.00%,30.00%,0.59%,48,37.85%,37.48%,8.28%,6.27%,1.32,-6.03%,62.50%,0.04633618780848914,-0.04352260520278617,2.67,5.57%,0.27%,137.48,37,51.35%,0.40%,0.33%,-5.17%,4.33%,False
conf_3m_cdi_30_30_10_20,3,8,30.00%,30.00%,10.00%,20.00%,22.50%,30.00%,0.24%,48,36.04%,35.70%,7.93%,6.09%,1.30,-6.03%,62.50%,0.04144813562789018,-0.04352260520278617,2.47,5.15%,0.25%,135.70,37,51.35%,-0.02%,0.33%,-6.84%,4.33%,False
conf_3m_cdi_30_30_10_30,3,8,30.00%,30.00%,10.00%,30.00%,25.00%,30.00%,-0.12%,48,34.24%,33.93%,7.58%,5.92%,1.28,-6.03%,62.50%,0.03652893371422139,-0.04352260520278617,2.31,4.80%,0.23%,133.93,37,51.35%,-0.45%,0.33%,-8.51%,4.33%,False
conf_3m_cdi_30_30_10_40,3,8,30.00%,30.00%,10.00%,40.00%,27.50%,40.00%,-0.48%,48,32.46%,32.14%,7.22%,5.78%,1.25,-6.03%,62.50%,0.035685571949586326,-0.04352260520278617,2.45,5.10%,0.24%,132.14,37,51.35%,-0.88%,0.33%,-10.19%,4.33%,False
conf_3m_cdi_30_30_10_50,3,8,30.00%,30.00%,10.00%,50.00%,30.00%,50.00%,-0.84%,48,30.70%,30.35%,6.85%,5.65%,1.21,-6.03%,62.50%,0.035685571949586326,-0.04352260520278617,2.63,5.49%,0.26%,130.35,37,51.35%,-1.30%,0.33%,-11.87%,4.33%,False
conf_3m_cdi_30_30_20_00,3,8,30.00%,30.00%,20.00%,0.00%,20.00%,30.00%,1.07%,48,40.33%,39.96%,8.77%,6.43%,1.36,-6.03%,62.50%,0.05122324135577028,-0.04352260520278617,2.68,5.58%,0.27%,139.96,37,59.46%,1.00%,0.78%,-3.48%,4.33%,False
conf_3m_cdi_30_30_20_10,3,8,30.00%,30.00%,20.00%,10.00%,22.50%,30.00%,0.72%,48,38.50%,38.15%,8.42%,6.23%,1.35,-6.03%,62.50%,0.04633618780848914,-0.04352260520278617,2.47,5.15%,0.25%,138.15,37,56.76%,0.57%,0.78%,-5.17%,4.33%,False
conf_3m_cdi_30_30_20_20,3,8,30.00%,30.00%,20.00%,20.00%,25.00%,30.00%,0.37%,48,36.68%,36.37%,8.06%,6.05%,1.33,-6.03%,62.50%,0.04144813562789018,-0.04352260520278617,2.27,4.73%,0.23%,136.37,37,56.76%,0.14%,0.78%,-6.84%,4.33%,False
conf_3m_cdi_30_30_20_30,3,8,30.00%,30.00%,20.00%,30.00%,27.50%,30.00%,0.01%,48,34.87%,34.59%,7.71%,5.89%,1.31,-6.03%,62.50%,0.03652893371422139,-0.04352260520278617,2.10,4.38%,0.21%,134.59,37,56.76%,-0.28%,0.78%,-8.51%,4.33%,True
conf_3m_cdi_30_30_20_40,3,8,30.00%,30.00%,20.00%,40.00%,30.00%,40.00%,-0.35%,48,33.08%,32.79%,7.35%,5.74%,1.28,-6.03%,62.50%,0.035685571949586326,-0.04352260520278617,2.24,4.68%,0.22%,132.79,37,56.76%,-0.71%,0.78%,-10.19%,4.33%,False
conf_3m_cdi_30_30_20_50,3,8,30.00%,30.00%,20.00%,50.00%,32.50%,50.00%,-0.71%,48,31.31%,30.99%,6.98%,5.62%,1.24,-6.03%,62.50%,0.035685571949586326,-0.04352260520278617,2.43,5.07%,0.24%,130.99,37,56.76%,-1.14%,0.78%,-11.87%,4.33%,False
conf_3m_cdi_30_30_30_00,3,8,30.00%,30.00%,30.00%,0.00%,22.50%,30.00%,1.20%,48,40.99%,40.64%,8.90%,6.40%,1.39,-6.03%,64.58%,0.05122324135577028,-0.04352260520278617,2.50,5.20%,0.25%,140.64,37,67.57%,1.16%,1.10%,-3.48%,4.33%,False
conf_3m_cdi_30_30_30_10,3,8,30.00%,30.00%,30.00%,10.00%,25.00%,30.00%,0.85%,48,39.15%,38.83%,8.55%,6.20%,1.38,-6.03%,64.58%,0.04633618780848914,-0.04352260520278617,2.29,4.78%,0.23%,138.83,37,62.16%,0.73%,1.10%,-5.17%,4.33%,False
conf_3m_cdi_30_30_30_20,3,8,30.00%,30.00%,30.00%,20.00%,27.50%,30.00%,0.50%,48,37.32%,37.03%,8.19%,6.02%,1.36,-6.03%,64.58%,0.04144813562789018,-0.04352260520278617,2.09,4.35%,0.21%,137.03,37,62.16%,0.31%,1.10%,-6.84%,4.33%,True
conf_3m_cdi_30_30_30_30,3,8,30.00%,30.00%,30.00%,30.00%,30.00%,30.00%,0.14%,48,35.51%,35.25%,7.84%,5.86%,1.34,-6.03%,64.58%,0.03652893371422139,-0.04352260520278617,1.92,4.01%,0.19%,135.25,37,62.16%,-0.11%,1.10%,-8.51%,4.33%,True
conf_3m_cdi_30_30_30_40,3,8,30.00%,30.00%,30.00%,40.00%,32.50%,40.00%,-0.22%,48,33.71%,33.43%,7.48%,5.71%,1.31,-6.03%,64.58%,0.035685571949586326,-0.04352260520278617,2.06,4.30%,0.21%,133.43,37,62.16%,-0.54%,1.10%,-10.19%,4.33%,True
conf_3m_cdi_30_30_30_50,3,8,30.00%,30.00%,30.00%,50.00%,35.00%,50.00%,-0.58%,48,31.93%,31.63%,7.11%,5.59%,1.27,-6.03%,64.58%,0.035685571949586326,-0.04352260520278617,2.25,4.69%,0.23%,131.63,37,62.16%,-0.97%,1.10%,-11.87%,4.33%,False
conf_3m_cdi_30_30_40_00,3,8,30.00%,30.00%,40.00%,0.00%,25.00%,40.00%,1.33%,48,41.65%,41.28%,9.02%,6.37%,1.42,-6.03%,66.67%,0.05122324135577028,-0.04352260520278617,2.66,5.54%,0.27%,141.28,37,72.97%,1.32%,1.34%,-3.48%,4.33%,False
conf_3m_cdi_30_30_40_10,3,8,30.00%,30.00%,40.00%,10.00%,27.50%,40.00%,0.97%,48,39.80%,39.46%,8.67%,6.17%,1.40,-6.03%,66.67%,0.04633618780848914,-0.04352260520278617,2.45,5.11%,0.25%,139.46,37,70.27%,0.89%,1.34%,-5.17%,4.33%,False
conf_3m_cdi_30_30_40_20,3,8,30.00%,30.00%,40.00%,20.00%,30.00%,40.00%,0.62%,48,37.96%,37.65%,8.32%,5.99%,1.39,-6.03%,66.67%,0.04144813562789018,-0.04352260520278617,2.25,4.69%,0.23%,137.65,37,67.57%,0.46%,1.34%,-6.84%,4.33%,False
conf_3m_cdi_30_30_40_30,3,8,30.00%,30.00%,40.00%,30.00%,32.50%,40.00%,0.27%,48,36.14%,35.86%,7.96%,5.83%,1.37,-6.03%,66.67%,0.03652893371422139,-0.04352260520278617,2.09,4.34%,0.21%,135.86,37,67.57%,0.04%,1.34%,-8.51%,4.33%,True
conf_3m_cdi_30_30_40_40,3,8,30.00%,30.00%,40.00%,40.00%,35.00%,40.00%,-0.10%,48,34.34%,34.04%,7.60%,5.68%,1.34,-6.03%,66.67%,0.035685571949586326,-0.04352260520278617,2.23,4.64%,0.22%,134.04,37,67.57%,-0.39%,1.34%,-10.19%,4.33%,False
conf_3m_cdi_30_30_40_50,3,8,30.00%,30.00%,40.00%,50.00%,37.50%,50.00%,-0.46%,48,32.55%,32.23%,7.23%,5.56%,1.30,-6.03%,66.67%,0.035685571949586326,-0.04352260520278617,2.41,5.03%,0.24%,132.23,37,67.57%,-0.82%,1.34%,-11.87%,4.33%,False
conf_3m_cdi_30_30_50_00,3,8,30.00%,30.00%,50.00%,0.00%,27.50%,50.00%,1.45%,48,42.32%,41.91%,9.15%,6.35%,1.44,-6.03%,66.67%,0.05122324135577028,-0.04352260520278617,2.85,5.93%,0.28%,141.91,37,75.68%,1.47%,1.73%,-3.48%,4.33%,False
conf_3m_cdi_30_30_50_10,3,8,30.00%,30.00%,50.00%,10.00%,30.00%,50.00%,1.10%,48,40.45%,40.08%,8.79%,6.15%,1.43,-6.03%,66.67%,0.04633618780848914,-0.04352260520278617,2.64,5.50%,0.26%,140.08,37,70.27%,1.04%,1.73%,-5.17%,4.33%,False
conf_3m_cdi_30_30_50_20,3,8,30.00%,30.00%,50.00%,20.00%,32.50%,50.00%,0.74%,48,38.61%,38.27%,8.44%,5.97%,1.41,-6.03%,66.67%,0.04144813562789018,-0.04352260520278617,2.44,5.08%,0.24%,138.27,37,67.57%,0.62%,1.73%,-6.84%,4.33%,False
conf_3m_cdi_30_30_50_30,3,8,30.00%,30.00%,50.00%,30.00%,35.00%,50.00%,0.39%,48,36.78%,36.47%,8.08%,5.80%,1.39,-6.03%,66.67%,0.03652893371422139,-0.04352260520278617,2.27,4.73%,0.23%,136.47,37,67.57%,0.20%,1.73%,-8.51%,4.33%,False
conf_3m_cdi_30_30_50_40,3,8,30.00%,30.00%,50.00%,40.00%,37.50%,50.00%,0.02%,48,34.96%,34.64%,7.72%,5.65%,1.37,-6.03%,66.67%,0.035685571949586326,-0.04352260520278617,2.41,5.03%,0.24%,134.64,37,67.57%,-0.23%,1.73%,-10.19%,4.33%,False
conf_3m_cdi_30_30_50_50,3,8,30.00%,30.00%,50.00%,50.00%,40.00%,50.00%,-0.34%,48,33.17%,32.82%,7.35%,5.53%,1.33,-6.03%,66.67%,0.035685571949586326,-0.04352260520278617,2.60,5.42%,0.26%,132.82,37,67.57%,-0.66%,1.73%,-11.87%,4.33%,False
conf_3m_cdi_30_40_00_00,3,8,30.00%,40.00%,0.00%,0.00%,17.50%,40.00%,0.40%,48,37.04%,36.52%,8.09%,6.33%,1.28,-6.03%,64.58%,0.05111928537013988,-0.04352260520278617,3.80,7.91%,0.38%,136.52,37,45.95%,0.26%,-0.43%,-5.22%,4.54%,False
conf_3m_cdi_30_40_00_10,3,8,30.00%,40.00%,0.00%,10.00%,20.00%,40.00%,0.05%,48,35.24%,34.76%,7.74%,6.13%,1.26,-6.03%,64.58%,0.04623272545525836,-0.04352260520278617,3.59,7.48%,0.36%,134.76,37,45.95%,-0.17%,-0.43%,-6.87%,4.54%,False
conf_3m_cdi_30_40_00_20,3,8,30.00%,40.00%,0.00%,20.00%,22.50%,40.00%,-0.30%,48,33.46%,33.01%,7.39%,5.94%,1.25,-6.03%,64.58%,0.041345166907058584,-0.04352260520278617,3.38,7.05%,0.34%,133.01,37,45.95%,-0.59%,-0.43%,-8.51%,4.54%,False
conf_3m_cdi_30_40_00_30,3,8,30.00%,40.00%,0.00%,30.00%,25.00%,40.00%,-0.65%,48,31.70%,31.28%,7.04%,5.77%,1.22,-6.03%,64.58%,0.03645660972554077,-0.04352260520278617,3.18,6.62%,0.32%,131.28,37,45.95%,-1.01%,-0.43%,-10.13%,4.54%,False
conf_3m_cdi_30_40_00_40,3,8,30.00%,40.00%,0.00%,40.00%,27.50%,40.00%,-1.01%,48,29.96%,29.57%,6.69%,5.62%,1.19,-6.03%,64.58%,0.035685571949586326,-0.04352260520278617,3.01,6.27%,0.30%,129.57,37,45.95%,-1.42%,-0.43%,-11.74%,4.54%,False
conf_3m_cdi_30_40_00_50,3,8,30.00%,40.00%,0.00%,50.00%,30.00%,50.00%,-1.37%,48,28.23%,27.82%,6.33%,5.49%,1.15,-6.03%,64.58%,0.035685571949586326,-0.04352260520278617,3.15,6.57%,0.32%,127.82,37,45.95%,-1.84%,-0.43%,-13.37%,4.54%,False
conf_3m_cdi_30_40_10_00,3,8,30.00%,40.00%,10.00%,0.00%,20.00%,40.00%,0.53%,48,37.68%,37.19%,8.23%,6.29%,1.31,-6.03%,64.58%,0.05111928537013988,-0.04352260520278617,3.59,7.48%,0.36%,137.19,37,51.35%,0.42%,0.01%,-5.22%,4.54%,False
conf_3m_cdi_30_40_10_10,3,8,30.00%,40.00%,10.00%,10.00%,22.50%,40.00%,0.18%,48,35.88%,35.42%,7.88%,6.09%,1.29,-6.03%,64.58%,0.04623272545525836,-0.04352260520278617,3.38,7.05%,0.34%,135.42,37,51.35%,-0.00%,0.01%,-6.87%,4.54%,False
conf_3m_cdi_30_40_10_20,3,8,30.00%,40.00%,10.00%,20.00%,25.00%,40.00%,-0.17%,48,34.09%,33.67%,7.52%,5.90%,1.28,-6.03%,64.58%,0.041345166907058584,-0.04352260520278617,3.18,6.62%,0.32%,133.67,37,51.35%,-0.42%,0.01%,-8.51%,4.54%,False
conf_3m_cdi_30_40_10_30,3,8,30.00%,40.00%,10.00%,30.00%,27.50%,40.00%,-0.52%,48,32.32%,31.93%,7.17%,5.73%,1.25,-6.03%,64.58%,0.03645660972554077,-0.04352260520278617,2.97,6.19%,0.30%,131.93,37,51.35%,-0.84%,0.01%,-10.13%,4.54%,False
conf_3m_cdi_30_40_10_40,3,8,30.00%,40.00%,10.00%,40.00%,30.00%,40.00%,-0.87%,48,30.57%,30.20%,6.82%,5.58%,1.22,-6.03%,64.58%,0.035685571949586326,-0.04352260520278617,2.80,5.84%,0.28%,130.20,37,51.35%,-1.25%,0.01%,-11.74%,4.54%,False
conf_3m_cdi_30_40_10_50,3,8,30.00%,40.00%,10.00%,50.00%,32.50%,50.00%,-1.24%,48,28.83%,28.45%,6.46%,5.45%,1.19,-6.03%,64.58%,0.035685571949586326,-0.04352260520278617,2.95,6.14%,0.29%,128.45,37,51.35%,-1.68%,0.01%,-13.37%,4.54%,False
conf_3m_cdi_30_40_20_00,3,8,30.00%,40.00%,20.00%,0.00%,22.50%,40.00%,0.66%,48,38.33%,37.86%,8.36%,6.26%,1.34,-6.03%,64.58%,0.05111928537013988,-0.04352260520278617,3.38,7.04%,0.34%,137.86,37,56.76%,0.59%,0.46%,-5.22%,4.54%,False
conf_3m_cdi_30_40_20_10,3,8,30.00%,40.00%,20.00%,10.00%,25.00%,40.00%,0.31%,48,36.52%,36.09%,8.01%,6.05%,1.32,-6.03%,64.58%,0.04623272545525836,-0.04352260520278617,3.18,6.62%,0.32%,136.09,37,56.76%,0.17%,0.46%,-6.87%,4.54%,False
conf_3m_cdi_30_40_20_20,3,8,30.00%,40.00%,20.00%,20.00%,27.50%,40.00%,-0.04%,48,34.72%,34.33%,7.66%,5.86%,1.31,-6.03%,64.58%,0.041345166907058584,-0.04352260520278617,2.97,6.18%,0.30%,134.33,37,56.76%,-0.26%,0.46%,-8.51%,4.54%,False
conf_3m_cdi_30_40_20_30,3,8,30.00%,40.00%,20.00%,30.00%,30.00%,40.00%,-0.39%,48,32.95%,32.58%,7.30%,5.69%,1.28,-6.03%,64.58%,0.03645660972554077,-0.04352260520278617,2.76,5.76%,0.28%,132.58,37,56.76%,-0.67%,0.46%,-10.13%,4.54%,False
conf_3m_cdi_30_40_20_40,3,8,30.00%,40.00%,20.00%,40.00%,32.50%,40.00%,-0.74%,48,31.18%,30.84%,6.95%,5.54%,1.25,-6.03%,64.58%,0.035685571949586326,-0.04352260520278617,2.59,5.40%,0.26%,130.84,37,56.76%,-1.09%,0.46%,-11.74%,4.54%,False
conf_3m_cdi_30_40_20_50,3,8,30.00%,40.00%,20.00%,50.00%,35.00%,50.00%,-1.11%,48,29.44%,29.08%,6.59%,5.41%,1.22,-6.03%,64.58%,0.035685571949586326,-0.04352260520278617,2.74,5.70%,0.27%,129.08,37,56.76%,-1.51%,0.46%,-13.37%,4.54%,False
conf_3m_cdi_30_40_30_00,3,8,30.00%,40.00%,30.00%,0.00%,25.00%,40.00%,0.80%,48,38.98%,38.54%,8.49%,6.23%,1.36,-6.03%,66.67%,0.05111928537013988,-0.04352260520278617,3.18,6.62%,0.32%,138.54,37,56.76%,0.76%,0.91%,-5.22%,4.54%,False
conf_3m_cdi_30_40_30_10,3,8,30.00%,40.00%,30.00%,10.00%,27.50%,40.00%,0.44%,48,37.16%,36.75%,8.14%,6.02%,1.35,-6.03%,66.67%,0.04623272545525836,-0.04352260520278617,2.97,6.19%,0.30%,136.75,37,56.76%,0.33%,0.91%,-6.87%,4.54%,False
conf_3m_cdi_30_40_30_20,3,8,30.00%,40.00%,30.00%,20.00%,30.00%,40.00%,0.09%,48,35.36%,34.98%,7.79%,5.83%,1.34,-6.03%,66.67%,0.041345166907058584,-0.04352260520278617,2.76,5.76%,0.28%,134.98,37,56.76%,-0.09%,0.91%,-8.51%,4.54%,False
conf_3m_cdi_30_40_30_30,3,8,30.00%,40.00%,30.00%,30.00%,32.50%,40.00%,-0.26%,48,33.57%,33.23%,7.44%,5.66%,1.31,-6.03%,66.67%,0.03645660972554077,-0.04352260520278617,2.56,5.33%,0.26%,133.23,37,56.76%,-0.51%,0.91%,-10.13%,4.54%,False
conf_3m_cdi_30_40_30_40,3,8,30.00%,40.00%,30.00%,40.00%,35.00%,40.00%,-0.61%,48,31.80%,31.49%,7.08%,5.51%,1.29,-6.03%,66.67%,0.035685571949586326,-0.04352260520278617,2.39,4.98%,0.24%,131.49,37,56.76%,-0.92%,0.91%,-11.74%,4.54%,False
conf_3m_cdi_30_40_30_50,3,8,30.00%,40.00%,30.00%,50.00%,37.50%,50.00%,-0.97%,48,30.05%,29.72%,6.72%,5.38%,1.25,-6.03%,66.67%,0.035685571949586326,-0.04352260520278617,2.53,5.28%,0.25%,129.72,37,56.76%,-1.34%,0.91%,-13.37%,4.54%,False
conf_3m_cdi_30_40_40_00,3,8,30.00%,40.00%,40.00%,0.00%,27.50%,40.00%,0.93%,48,39.63%,39.21%,8.62%,6.20%,1.39,-6.03%,68.75%,0.05111928537013988,-0.04352260520278617,3.00,6.24%,0.30%,139.21,37,62.16%,0.92%,1.21%,-5.22%,4.54%,False
conf_3m_cdi_30_40_40_10,3,8,30.00%,40.00%,40.00%,10.00%,30.00%,40.00%,0.58%,48,37.80%,37.42%,8.27%,5.99%,1.38,-6.03%,68.75%,0.04623272545525836,-0.04352260520278617,2.79,5.81%,0.28%,137.42,37,62.16%,0.50%,1.21%,-6.87%,4.54%,False
conf_3m_cdi_30_40_40_20,3,8,30.00%,40.00%,40.00%,20.00%,32.50%,40.00%,0.22%,48,35.99%,35.64%,7.92%,5.80%,1.37,-6.03%,68.75%,0.041345166907058584,-0.04352260520278617,2.58,5.38%,0.26%,135.64,37,62.16%,0.08%,1.21%,-8.51%,4.54%,False
conf_3m_cdi_30_40_40_30,3,8,30.00%,40.00%,40.00%,30.00%,35.00%,40.00%,-0.13%,48,34.20%,33.88%,7.57%,5.63%,1.34,-6.03%,68.75%,0.03645660972554077,-0.04352260520278617,2.38,4.95%,0.24%,133.88,37,62.16%,-0.34%,1.21%,-10.13%,4.54%,False
conf_3m_cdi_30_40_40_40,3,8,30.00%,40.00%,40.00%,40.00%,37.50%,40.00%,-0.48%,48,32.42%,32.13%,7.21%,5.48%,1.32,-6.03%,68.75%,0.035685571949586326,-0.04352260520278617,2.21,4.60%,0.22%,132.13,37,62.16%,-0.76%,1.21%,-11.74%,4.54%,False
conf_3m_cdi_30_40_40_50,3,8,30.00%,40.00%,40.00%,50.00%,40.00%,50.00%,-0.85%,48,30.66%,30.35%,6.85%,5.35%,1.28,-6.03%,68.75%,0.035685571949586326,-0.04352260520278617,2.35,4.90%,0.24%,130.35,37,62.16%,-1.18%,1.21%,-13.37%,4.54%,False
conf_3m_cdi_30_40_50_00,3,8,30.00%,40.00%,50.00%,0.00%,30.00%,50.00%,1.05%,48,40.28%,39.84%,8.74%,6.17%,1.42,-6.03%,68.75%,0.05111928537013988,-0.04352260520278617,3.16,6.58%,0.32%,139.84,37,67.57%,1.08%,1.61%,-5.22%,4.54%,False
conf_3m_cdi_30_40_50_10,3,8,30.00%,40.00%,50.00%,10.00%,32.50%,50.00%,0.70%,48,38.45%,38.04%,8.39%,5.97%,1.41,-6.03%,68.75%,0.04623272545525836,-0.04352260520278617,2.95,6.15%,0.30%,138.04,37,64.86%,0.65%,1.61%,-6.87%,4.54%,False
conf_3m_cdi_30_40_50_20,3,8,30.00%,40.00%,50.00%,20.00%,35.00%,50.00%,0.35%,48,36.63%,36.25%,8.04%,5.78%,1.39,-6.03%,68.75%,0.041345166907058584,-0.04352260520278617,2.75,5.72%,0.27%,136.25,37,64.86%,0.23%,1.61%,-8.51%,4.54%,False
conf_3m_cdi_30_40_50_30,3,8,30.00%,40.00%,50.00%,30.00%,37.50%,50.00%,-0.01%,48,34.82%,34.48%,7.69%,5.60%,1.37,-6.03%,68.75%,0.03645660972554077,-0.04352260520278617,2.54,5.29%,0.25%,134.48,37,64.86%,-0.19%,1.61%,-10.13%,4.54%,False
conf_3m_cdi_30_40_50_40,3,8,30.00%,40.00%,50.00%,40.00%,40.00%,50.00%,-0.36%,48,33.04%,32.72%,7.33%,5.45%,1.34,-6.03%,68.75%,0.035685571949586326,-0.04352260520278617,2.37,4.94%,0.24%,132.72,37,64.86%,-0.60%,1.61%,-11.74%,4.54%,False
conf_3m_cdi_30_40_50_50,3,8,30.00%,40.00%,50.00%,50.00%,42.50%,50.00%,-0.72%,48,31.27%,30.94%,6.97%,5.32%,1.31,-6.03%,68.75%,0.035685571949586326,-0.04352260520278617,2.51,5.24%,0.25%,130.94,37,64.86%,-1.02%,1.61%,-13.37%,4.54%,False
conf_3m_cdi_30_50_00_00,3,8,30.00%,50.00%,0.00%,0.00%,20.00%,50.00%,-0.01%,48,35.07%,34.45%,7.68%,6.18%,1.24,-6.03%,66.67%,0.0510145574095382,-0.04352260520278617,4.56,9.51%,0.46%,134.45,37,45.95%,-0.15%,-0.75%,-7.21%,4.82%,False
conf_3m_cdi_30_50_00_10,3,8,30.00%,50.00%,0.00%,10.00%,22.50%,50.00%,-0.36%,48,33.30%,32.72%,7.33%,5.97%,1.23,-6.03%,66.67%,0.04612849479275982,-0.04352260520278617,4.36,9.08%,0.44%,132.72,37,45.95%,-0.57%,-0.75%,-8.83%,4.82%,False
conf_3m_cdi_30_50_00_20,3,8,30.00%,50.00%,0.00%,20.00%,25.00%,50.00%,-0.71%,48,31.55%,31.00%,6.98%,5.77%,1.21,-6.03%,66.67%,0.04124143354266363,-0.04352260520278617,4.15,8.65%,0.41%,131.00,37,45.95%,-0.99%,-0.75%,-10.44%,4.82%,False
conf_3m_cdi_30_50_00_30,3,8,30.00%,50.00%,0.00%,30.00%,27.50%,50.00%,-1.06%,48,29.81%,29.30%,6.64%,5.60%,1.19,-6.03%,66.67%,0.036353373659248955,-0.04352260520278617,3.94,8.21%,0.39%,129.30,37,45.95%,-1.40%,-0.75%,-12.04%,4.82%,False
conf_3m_cdi_30_50_00_40,3,8,30.00%,50.00%,0.00%,40.00%,30.00%,50.00%,-1.41%,48,28.09%,27.61%,6.29%,5.44%,1.15,-6.03%,66.67%,0.035685571949586326,-0.04352260520278617,3.73,7.78%,0.37%,127.61,37,45.95%,-1.81%,-0.75%,-13.62%,4.82%,False
conf_3m_cdi_30_50_00_50,3,8,30.00%,50.00%,0.00%,50.00%,32.50%,50.00%,-1.76%,48,26.39%,25.94%,5.93%,5.31%,1.12,-6.03%,66.67%,0.035685571949586326,-0.04352260520278617,3.56,7.42%,0.36%,125.94,37,45.95%,-2.22%,-0.75%,-15.19%,4.82%,False
conf_3m_cdi_30_50_10_00,3,8,30.00%,50.00%,10.00%,0.00%,22.50%,50.00%,0.12%,48,35.71%,35.12%,7.81%,6.14%,1.27,-6.03%,66.67%,0.0510145574095382,-0.04352260520278617,4.36,9.07%,0.44%,135.12,37,45.95%,0.02%,-0.30%,-7.21%,4.82%,False
conf_3m_cdi_30_50_10_10,3,8,30.00%,50.00%,10.00%,10.00%,25.00%,50.00%,-0.23%,48,33.93%,33.37%,7.47%,5.93%,1.26,-6.03%,66.67%,0.04612849479275982,-0.04352260520278617,4.15,8.64%,0.41%,133.37,37,45.95%,-0.40%,-0.30%,-8.83%,4.82%,False
conf_3m_cdi_30_50_10_20,3,8,30.00%,50.00%,10.00%,20.00%,27.50%,50.00%,-0.58%,48,32.17%,31.65%,7.12%,5.73%,1.24,-6.03%,66.67%,0.04124143354266363,-0.04352260520278617,3.94,8.21%,0.39%,131.65,37,45.95%,-0.82%,-0.30%,-10.44%,4.82%,False
conf_3m_cdi_30_50_10_30,3,8,30.00%,50.00%,10.00%,30.00%,30.00%,50.00%,-0.93%,48,30.42%,29.94%,6.77%,5.56%,1.22,-6.03%,66.67%,0.036353373659248955,-0.04352260520278617,3.73,7.78%,0.37%,129.94,37,45.95%,-1.23%,-0.30%,-12.04%,4.82%,False
conf_3m_cdi_30_50_10_40,3,8,30.00%,50.00%,10.00%,40.00%,32.50%,50.00%,-1.28%,48,28.70%,28.24%,6.42%,5.40%,1.19,-6.03%,66.67%,0.035685571949586326,-0.04352260520278617,3.53,7.34%,0.35%,128.24,37,45.95%,-1.64%,-0.30%,-13.62%,4.82%,False
conf_3m_cdi_30_50_10_50,3,8,30.00%,50.00%,10.00%,50.00%,35.00%,50.00%,-1.63%,48,26.98%,26.56%,6.06%,5.27%,1.15,-6.03%,66.67%,0.035685571949586326,-0.04352260520278617,3.35,6.98%,0.34%,126.56,37,45.95%,-2.05%,-0.30%,-15.19%,4.82%,False
conf_3m_cdi_30_50_20_00,3,8,30.00%,50.00%,20.00%,0.00%,25.00%,50.00%,0.25%,48,36.34%,35.78%,7.95%,6.11%,1.30,-6.03%,66.67%,0.0510145574095382,-0.04352260520278617,4.15,8.64%,0.41%,135.78,37,54.05%,0.18%,0.15%,-7.21%,4.82%,False
conf_3m_cdi_30_50_20_10,3,8,30.00%,50.00%,20.00%,10.00%,27.50%,50.00%,-0.10%,48,34.56%,34.03%,7.60%,5.89%,1.29,-6.03%,66.67%,0.04612849479275982,-0.04352260520278617,3.94,8.21%,0.39%,134.03,37,54.05%,-0.24%,0.15%,-8.83%,4.82%,False
conf_3m_cdi_30_50_20_20,3,8,30.00%,50.00%,20.00%,20.00%,30.00%,50.00%,-0.45%,48,32.79%,32.30%,7.25%,5.70%,1.27,-6.03%,66.67%,0.04124143354266363,-0.04352260520278617,3.73,7.78%,0.37%,132.30,37,54.05%,-0.65%,0.15%,-10.44%,4.82%,False
conf_3m_cdi_30_50_20_30,3,8,30.00%,50.00%,20.00%,30.00%,32.50%,50.00%,-0.80%,48,31.04%,30.58%,6.90%,5.52%,1.25,-6.03%,66.67%,0.036353373659248955,-0.04352260520278617,3.53,7.35%,0.35%,130.58,37,54.05%,-1.07%,0.15%,-12.04%,4.82%,False
conf_3m_cdi_30_50_20_40,3,8,30.00%,50.00%,20.00%,40.00%,35.00%,50.00%,-1.15%,48,29.30%,28.87%,6.55%,5.36%,1.22,-6.03%,66.67%,0.035685571949586326,-0.04352260520278617,3.32,6.91%,0.33%,128.87,37,54.05%,-1.48%,0.15%,-13.62%,4.82%,False
conf_3m_cdi_30_50_20_50,3,8,30.00%,50.00%,20.00%,50.00%,37.50%,50.00%,-1.50%,48,27.58%,27.18%,6.20%,5.23%,1.18,-6.03%,66.67%,0.035685571949586326,-0.04352260520278617,3.14,6.55%,0.31%,127.18,37,54.05%,-1.89%,0.15%,-15.19%,4.82%,False
conf_3m_cdi_30_50_30_00,3,8,30.00%,50.00%,30.00%,0.00%,27.50%,50.00%,0.38%,48,36.98%,36.45%,8.08%,6.08%,1.33,-6.03%,68.75%,0.0510145574095382,-0.04352260520278617,3.94,8.21%,0.39%,136.45,37,56.76%,0.35%,0.60%,-7.21%,4.82%,False
conf_3m_cdi_30_50_30_10,3,8,30.00%,50.00%,30.00%,10.00%,30.00%,50.00%,0.03%,48,35.19%,34.69%,7.73%,5.86%,1.32,-6.03%,68.75%,0.04612849479275982,-0.04352260520278617,3.73,7.78%,0.37%,134.69,37,56.76%,-0.07%,0.60%,-8.83%,4.82%,False
conf_3m_cdi_30_50_30_20,3,8,30.00%,50.00%,30.00%,20.00%,32.50%,50.00%,-0.32%,48,33.41%,32.95%,7.38%,5.67%,1.30,-6.03%,68.75%,0.04124143354266363,-0.04352260520278617,3.53,7.35%,0.35%,132.95,37,56.76%,-0.49%,0.60%,-10.44%,4.82%,False
conf_3m_cdi_30_50_30_30,3,8,30.00%,50.00%,30.00%,30.00%,35.00%,50.00%,-0.67%,48,31.65%,31.22%,7.03%,5.49%,1.28,-6.03%,68.75%,0.036353373659248955,-0.04352260520278617,3.32,6.91%,0.33%,131.22,37,56.76%,-0.90%,0.60%,-12.04%,4.82%,False
conf_3m_cdi_30_50_30_40,3,8,30.00%,50.00%,30.00%,40.00%,37.50%,50.00%,-1.02%,48,29.91%,29.51%,6.68%,5.33%,1.25,-6.03%,68.75%,0.035685571949586326,-0.04352260520278617,3.11,6.48%,0.31%,129.51,37,56.76%,-1.31%,0.60%,-13.62%,4.82%,False
conf_3m_cdi_30_50_30_50,3,8,30.00%,50.00%,30.00%,50.00%,40.00%,50.00%,-1.37%,48,28.18%,27.80%,6.33%,5.20%,1.22,-6.03%,68.75%,0.035685571949586326,-0.04352260520278617,2.94,6.12%,0.29%,127.80,37,56.76%,-1.72%,0.60%,-15.19%,4.82%,False
conf_3m_cdi_30_50_40_00,3,8,30.00%,50.00%,40.00%,0.00%,30.00%,50.00%,0.52%,48,37.63%,37.11%,8.21%,6.05%,1.36,-6.03%,70.83%,0.0510145574095382,-0.04352260520278617,3.73,7.78%,0.37%,137.11,37,56.76%,0.52%,1.05%,-7.21%,4.82%,False
conf_3m_cdi_30_50_40_10,3,8,30.00%,50.00%,40.00%,10.00%,32.50%,50.00%,0.16%,48,35.83%,35.35%,7.86%,5.83%,1.35,-6.03%,70.83%,0.04612849479275982,-0.04352260520278617,3.53,7.35%,0.35%,135.35,37,56.76%,0.10%,1.05%,-8.83%,4.82%,False
conf_3m_cdi_30_50_40_20,3,8,30.00%,50.00%,40.00%,20.00%,35.00%,50.00%,-0.19%,48,34.04%,33.60%,7.51%,5.64%,1.33,-6.03%,70.83%,0.04124143354266363,-0.04352260520278617,3.32,6.92%,0.33%,133.60,37,56.76%,-0.32%,1.05%,-10.44%,4.82%,False
conf_3m_cdi_30_50_40_30,3,8,30.00%,50.00%,40.00%,30.00%,37.50%,50.00%,-0.54%,48,32.27%,31.86%,7.16%,5.46%,1.31,-6.03%,70.83%,0.036353373659248955,-0.04352260520278617,3.11,6.48%,0.31%,131.86,37,56.76%,-0.73%,1.05%,-12.04%,4.82%,False
conf_3m_cdi_30_50_40_40,3,8,30.00%,50.00%,40.00%,40.00%,40.00%,50.00%,-0.89%,48,30.52%,30.14%,6.81%,5.30%,1.28,-6.03%,70.83%,0.035685571949586326,-0.04352260520278617,2.90,6.05%,0.29%,130.14,37,56.76%,-1.14%,1.05%,-13.62%,4.82%,False
conf_3m_cdi_30_50_40_50,3,8,30.00%,50.00%,40.00%,50.00%,42.50%,50.00%,-1.24%,48,28.78%,28.43%,6.45%,5.17%,1.25,-6.03%,70.83%,0.035685571949586326,-0.04352260520278617,2.73,5.69%,0.27%,128.43,37,56.76%,-1.55%,1.05%,-15.19%,4.82%,False
conf_3m_cdi_30_50_50_00,3,8,30.00%,50.00%,50.00%,0.00%,32.50%,50.00%,0.65%,48,38.27%,37.78%,8.34%,6.03%,1.38,-6.03%,70.83%,0.0510145574095382,-0.04352260520278617,3.55,7.39%,0.35%,137.78,37,62.16%,0.68%,1.48%,-7.21%,4.82%,False
conf_3m_cdi_30_50_50_10,3,8,30.00%,50.00%,50.00%,10.00%,35.00%,50.00%,0.30%,48,36.46%,36.01%,7.99%,5.81%,1.38,-6.03%,70.83%,0.04612849479275982,-0.04352260520278617,3.34,6.96%,0.33%,136.01,37,62.16%,0.26%,1.48%,-8.83%,4.82%,False
conf_3m_cdi_30_50_50_20,3,8,30.00%,50.00%,50.00%,20.00%,37.50%,50.00%,-0.06%,48,34.67%,34.25%,7.64%,5.61%,1.36,-6.03%,70.83%,0.04124143354266363,-0.04352260520278617,3.14,6.53%,0.31%,134.25,37,62.16%,-0.15%,1.48%,-10.44%,4.82%,False
conf_3m_cdi_30_50_50_30,3,8,30.00%,50.00%,50.00%,30.00%,40.00%,50.00%,-0.41%,48,32.89%,32.50%,7.29%,5.43%,1.34,-6.03%,70.83%,0.036353373659248955,-0.04352260520278617,2.93,6.10%,0.29%,132.50,37,62.16%,-0.57%,1.48%,-12.04%,4.82%,False
conf_3m_cdi_30_50_50_40,3,8,30.00%,50.00%,50.00%,40.00%,42.50%,50.00%,-0.76%,48,31.13%,30.77%,6.94%,5.28%,1.31,-6.03%,70.83%,0.035685571949586326,-0.04352260520278617,2.72,5.66%,0.27%,130.77,37,62.16%,-0.98%,1.48%,-13.62%,4.82%,False
conf_3m_cdi_30_50_50_50,3,8,30.00%,50.00%,50.00%,50.00%,45.00%,50.00%,-1.11%,48,29.38%,29.05%,6.58%,5.14%,1.28,-6.03%,70.83%,0.035685571949586326,-0.04352260520278617,2.55,5.30%,0.25%,129.05,37,62.16%,-1.39%,1.48%,-15.19%,4.82%,False
conf_3m_cdi_40_00_00_00,3,8,40.00%,0.00%,0.00%,0.00%,10.00%,40.00%,2.64%,48,48.74%,48.21%,10.34%,6.77%,1.53,-5.05%,62.50%,0.051505551784493786,-0.036822499549372445,3.52,7.34%,0.35%,148.21,37,89.19%,2.42%,2.26%,-0.27%,5.47%,False
conf_3m_cdi_40_00_00_10,3,8,40.00%,0.00%,0.00%,10.00%,12.50%,40.00%,2.28%,48,46.79%,46.25%,9.97%,6.59%,1.51,-5.05%,62.50%,0.04643254580152223,-0.036822499549372445,3.66,7.62%,0.37%,146.25,37,83.78%,1.97%,1.16%,-1.25%,5.47%,False
conf_3m_cdi_40_00_00_20,3,8,40.00%,0.00%,0.00%,20.00%,15.00%,40.00%,1.91%,48,44.86%,44.30%,9.60%,6.42%,1.50,-5.05%,62.50%,0.04133591985850882,-0.036822499549372445,3.84,8.01%,0.38%,144.30,37,62.16%,1.52%,1.00%,-3.02%,5.47%,False
conf_3m_cdi_40_00_00_30,3,8,40.00%,0.00%,0.00%,30.00%,17.50%,40.00%,1.54%,48,42.95%,42.37%,9.23%,6.27%,1.47,-5.05%,62.50%,0.039961177362125566,-0.036822499549372445,4.03,8.40%,0.40%,142.37,37,56.76%,1.07%,0.84%,-4.78%,5.47%,False
conf_3m_cdi_40_00_00_40,3,8,40.00%,0.00%,0.00%,40.00%,20.00%,40.00%,1.17%,48,41.05%,40.46%,8.86%,6.14%,1.44,-5.05%,62.50%,0.039961177362125566,-0.036822499549372445,4.22,8.79%,0.42%,140.46,37,56.76%,0.63%,0.84%,-6.52%,5.47%,False
conf_3m_cdi_40_00_00_50,3,8,40.00%,0.00%,0.00%,50.00%,22.50%,50.00%,0.80%,48,39.18%,38.56%,8.50%,6.03%,1.41,-5.05%,62.50%,0.039961177362125566,-0.036822499549372445,4.41,9.18%,0.44%,138.56,37,56.76%,0.19%,0.84%,-8.25%,5.47%,False
conf_3m_cdi_40_00_10_00,3,8,40.00%,0.00%,10.00%,0.00%,12.50%,40.00%,2.77%,48,49.44%,48.89%,10.46%,6.73%,1.55,-5.05%,62.50%,0.051505551784493786,-0.036822499549372445,3.68,7.67%,0.37%,148.89,37,100.00%,2.58%,2.26%,0.20%,5.47%,False
conf_3m_cdi_40_00_10_10,3,8,40.00%,0.00%,10.00%,10.00%,15.00%,40.00%,2.40%,48,47.48%,46.92%,10.10%,6.55%,1.54,-5.05%,62.50%,0.04643254580152223,-0.036822499549372445,3.81,7.95%,0.38%,146.92,37,97.30%,2.13%,1.56%,-1.25%,5.47%,False
conf_3m_cdi_40_00_10_20,3,8,40.00%,0.00%,10.00%,20.00%,17.50%,40.00%,2.03%,48,45.54%,44.96%,9.73%,6.38%,1.53,-5.05%,62.50%,0.04133591985850882,-0.036822499549372445,4.00,8.34%,0.40%,144.96,37,72.97%,1.68%,1.28%,-3.02%,5.47%,False
conf_3m_cdi_40_00_10_30,3,8,40.00%,0.00%,10.00%,30.00%,20.00%,40.00%,1.66%,48,43.62%,43.02%,9.36%,6.23%,1.50,-5.05%,62.50%,0.039961177362125566,-0.036822499549372445,4.19,8.73%,0.42%,143.02,37,67.57%,1.23%,1.28%,-4.78%,5.47%,False
conf_3m_cdi_40_00_10_40,3,8,40.00%,0.00%,10.00%,40.00%,22.50%,40.00%,1.29%,48,41.72%,41.10%,8.99%,6.10%,1.47,-5.05%,62.50%,0.039961177362125566,-0.036822499549372445,4.38,9.12%,0.44%,141.10,37,67.57%,0.79%,1.28%,-6.52%,5.47%,False
conf_3m_cdi_40_00_10_50,3,8,40.00%,0.00%,10.00%,50.00%,25.00%,50.00%,0.92%,48,39.83%,39.19%,8.62%,5.99%,1.44,-5.05%,62.50%,0.039961177362125566,-0.036822499549372445,4.57,9.51%,0.46%,139.19,37,67.57%,0.35%,1.28%,-8.25%,5.47%,False
conf_3m_cdi_40_00_20_00,3,8,40.00%,0.00%,20.00%,0.00%,15.00%,40.00%,2.89%,48,50.14%,49.56%,10.59%,6.70%,1.58,-5.05%,62.50%,0.051505551784493786,-0.036822499549372445,3.86,8.05%,0.39%,149.56,37,100.00%,2.73%,2.29%,0.54%,5.47%,False
conf_3m_cdi_40_00_20_10,3,8,40.00%,0.00%,20.00%,10.00%,17.50%,40.00%,2.52%,48,48.18%,47.58%,10.22%,6.51%,1.57,-5.05%,62.50%,0.04643254580152223,-0.036822499549372445,4.00,8.33%,0.40%,147.58,37,97.30%,2.28%,1.86%,-1.25%,5.47%,False
conf_3m_cdi_40_00_20_20,3,8,40.00%,0.00%,20.00%,20.00%,20.00%,40.00%,2.16%,48,46.23%,45.62%,9.85%,6.34%,1.55,-5.05%,62.50%,0.04133591985850882,-0.036822499549372445,4.19,8.72%,0.42%,145.62,37,75.68%,1.83%,1.40%,-3.02%,5.47%,False
conf_3m_cdi_40_00_20_30,3,8,40.00%,0.00%,20.00%,30.00%,22.50%,40.00%,1.79%,48,44.30%,43.67%,9.48%,6.19%,1.53,-5.05%,62.50%,0.039961177362125566,-0.036822499549372445,4.37,9.11%,0.44%,143.67,37,67.57%,1.38%,1.40%,-4.78%,5.47%,False
conf_3m_cdi_40_00_20_40,3,8,40.00%,0.00%,20.00%,40.00%,25.00%,40.00%,1.42%,48,42.39%,41.74%,9.11%,6.06%,1.50,-5.05%,62.50%,0.039961177362125566,-0.036822499549372445,4.56,9.51%,0.46%,141.74,37,67.57%,0.94%,1.40%,-6.52%,5.47%,False
conf_3m_cdi_40_00_20_50,3,8,40.00%,0.00%,20.00%,50.00%,27.50%,50.00%,1.05%,48,40.49%,39.82%,8.74%,5.95%,1.47,-5.05%,62.50%,0.039961177362125566,-0.036822499549372445,4.75,9.90%,0.48%,139.82,37,67.57%,0.50%,1.40%,-8.25%,5.47%,False
conf_3m_cdi_40_00_30_00,3,8,40.00%,0.00%,30.00%,0.00%,17.50%,40.00%,3.02%,48,50.85%,50.24%,10.71%,6.66%,1.61,-5.05%,64.58%,0.051505551784493786,-0.036822499549372445,4.06,8.45%,0.41%,150.24,37,100.00%,2.89%,2.58%,0.54%,5.47%,False
conf_3m_cdi_40_00_30_10,3,8,40.00%,0.00%,30.00%,10.00%,20.00%,40.00%,2.65%,48,48.87%,48.25%,10.34%,6.47%,1.60,-5.05%,64.58%,0.04643254580152223,-0.036822499549372445,4.19,8.73%,0.42%,148.25,37,97.30%,2.44%,2.28%,-1.25%,5.47%,False
conf_3m_cdi_40_00_30_20,3,8,40.00%,0.00%,30.00%,20.00%,22.50%,40.00%,2.28%,48,46.91%,46.27%,9.97%,6.30%,1.58,-5.05%,64.58%,0.04133591985850882,-0.036822499549372445,4.38,9.12%,0.44%,146.27,37,78.38%,1.99%,1.57%,-3.02%,5.47%,False
conf_3m_cdi_40_00_30_30,3,8,40.00%,0.00%,30.00%,30.00%,25.00%,40.00%,1.91%,48,44.98%,44.32%,9.60%,6.15%,1.56,-5.05%,64.58%,0.039961177362125566,-0.036822499549372445,4.57,9.51%,0.46%,144.32,37,70.27%,1.54%,1.57%,-4.78%,5.47%,False
conf_3m_cdi_40_00_30_40,3,8,40.00%,0.00%,30.00%,40.00%,27.50%,40.00%,1.54%,48,43.05%,42.38%,9.23%,6.02%,1.53,-5.05%,64.58%,0.039961177362125566,-0.036822499549372445,4.75,9.90%,0.48%,142.38,37,67.57%,1.10%,1.57%,-6.52%,5.47%,False
conf_3m_cdi_40_00_30_50,3,8,40.00%,0.00%,30.00%,50.00%,30.00%,50.00%,1.17%,48,41.15%,40.45%,8.86%,5.91%,1.50,-5.05%,64.58%,0.039961177362125566,-0.036822499549372445,4.94,10.29%,0.49%,140.45,37,67.57%,0.66%,1.57%,-8.25%,5.47%,False
conf_3m_cdi_40_00_40_00,3,8,40.00%,0.00%,40.00%,0.00%,20.00%,40.00%,3.14%,48,51.55%,50.91%,10.84%,6.63%,1.63,-5.05%,66.67%,0.051505551784493786,-0.036822499549372445,4.25,8.85%,0.42%,150.91,37,100.00%,3.04%,2.88%,0.54%,5.47%,False
conf_3m_cdi_40_00_40_10,3,8,40.00%,0.00%,40.00%,10.00%,22.50%,40.00%,2.77%,48,49.57%,48.92%,10.47%,6.44%,1.62,-5.05%,66.67%,0.04643254580152223,-0.036822499549372445,4.38,9.13%,0.44%,148.92,37,94.59%,2.59%,2.27%,-1.25%,5.47%,False
conf_3m_cdi_40_00_40_20,3,8,40.00%,0.00%,40.00%,20.00%,25.00%,40.00%,2.40%,48,47.60%,46.93%,10.10%,6.27%,1.61,-5.05%,66.67%,0.04133591985850882,-0.036822499549372445,4.57,9.52%,0.46%,146.93,37,78.38%,2.14%,2.06%,-3.02%,5.47%,False
conf_3m_cdi_40_00_40_30,3,8,40.00%,0.00%,40.00%,30.00%,27.50%,40.00%,2.03%,48,45.66%,44.96%,9.73%,6.12%,1.59,-5.05%,66.67%,0.039961177362125566,-0.036822499549372445,4.76,9.91%,0.48%,144.96,37,70.27%,1.69%,2.06%,-4.78%,5.47%,False
conf_3m_cdi_40_00_40_40,3,8,40.00%,0.00%,40.00%,40.00%,30.00%,40.00%,1.66%,48,43.72%,43.02%,9.36%,5.99%,1.56,-5.05%,66.67%,0.039961177362125566,-0.036822499549372445,4.95,10.30%,0.49%,143.02,37,70.27%,1.25%,2.06%,-6.52%,5.47%,False
conf_3m_cdi_40_00_40_50,3,8,40.00%,0.00%,40.00%,50.00%,32.50%,50.00%,1.29%,48,41.81%,41.09%,8.99%,5.88%,1.53,-5.05%,66.67%,0.039961177362125566,-0.036822499549372445,5.13,10.69%,0.51%,141.09,37,67.57%,0.81%,2.06%,-8.25%,5.47%,False
conf_3m_cdi_40_00_50_00,3,8,40.00%,0.00%,50.00%,0.00%,22.50%,50.00%,3.26%,48,52.26%,51.59%,10.96%,6.60%,1.66,-5.05%,66.67%,0.051505551784493786,-0.036822499549372445,4.44,9.25%,0.44%,151.59,37,100.00%,3.20%,3.12%,0.54%,5.47%,False
conf_3m_cdi_40_00_50_10,3,8,40.00%,0.00%,50.00%,10.00%,25.00%,50.00%,2.90%,48,50.27%,49.58%,10.59%,6.42%,1.65,-5.05%,66.67%,0.04643254580152223,-0.036822499549372445,4.57,9.53%,0.46%,149.58,37,94.59%,2.75%,2.54%,-1.25%,5.47%,False
conf_3m_cdi_40_00_50_20,3,8,40.00%,0.00%,50.00%,20.00%,27.50%,50.00%,2.53%,48,48.29%,47.59%,10.22%,6.25%,1.64,-5.05%,66.67%,0.04133591985850882,-0.036822499549372445,4.76,9.92%,0.48%,147.59,37,78.38%,2.30%,2.41%,-3.02%,5.47%,False
conf_3m_cdi_40_00_50_30,3,8,40.00%,0.00%,50.00%,30.00%,30.00%,50.00%,2.15%,48,46.34%,45.61%,9.85%,6.09%,1.62,-5.05%,66.67%,0.039961177362125566,-0.036822499549372445,4.95,10.31%,0.49%,145.61,37,70.27%,1.85%,2.41%,-4.78%,5.47%,False
conf_3m_cdi_40_00_50_40,3,8,40.00%,0.00%,50.00%,40.00%,32.50%,50.00%,1.78%,48,44.40%,43.66%,9.48%,5.96%,1.59,-5.05%,66.67%,0.039961177362125566,-0.036822499549372445,5.14,10.70%,0.51%,143.66,37,70.27%,1.41%,2.41%,-6.52%,5.47%,False
conf_3m_cdi_40_00_50_50,3,8,40.00%,0.00%,50.00%,50.00%,35.00%,50.00%,1.41%,48,42.47%,41.72%,9.11%,5.85%,1.56,-5.05%,66.67%,0.039961177362125566,-0.036822499549372445,5.33,11.09%,0.53%,141.72,37,70.27%,0.97%,2.41%,-8.25%,5.47%,False
conf_3m_cdi_40_10_00_00,3,8,40.00%,10.00%,0.00%,0.00%,12.50%,40.00%,2.25%,48,46.64%,46.14%,9.95%,6.52%,1.53,-5.05%,62.50%,0.05142887129476481,-0.036822499549372445,3.41,7.11%,0.34%,146.14,37,78.38%,2.04%,1.09%,-1.01%,5.57%,False
conf_3m_cdi_40_10_00_10,3,8,40.00%,10.00%,0.00%,10.00%,15.00%,40.00%,1.90%,48,44.73%,44.26%,9.59%,6.33%,1.52,-5.05%,62.50%,0.046512900945293145,-0.036822499549372445,3.25,6.78%,0.33%,144.26,37,59.46%,1.60%,0.99%,-2.74%,5.57%,False
conf_3m_cdi_40_10_00_20,3,8,40.00%,10.00%,0.00%,20.00%,17.50%,40.00%,1.53%,48,42.82%,42.34%,9.23%,6.15%,1.50,-5.05%,62.50%,0.04143664469886588,-0.036822499549372445,3.39,7.06%,0.34%,142.34,37,54.05%,1.15%,0.77%,-4.49%,5.57%,False
conf_3m_cdi_40_10_00_30,3,8,40.00%,10.00%,0.00%,30.00%,20.00%,40.00%,1.16%,48,40.94%,40.43%,8.86%,5.99%,1.48,-5.05%,62.50%,0.036340338760078694,-0.036822499549372445,3.58,7.45%,0.36%,140.43,37,51.35%,0.71%,0.77%,-6.23%,5.57%,False
conf_3m_cdi_40_10_00_40,3,8,40.00%,10.00%,0.00%,40.00%,22.50%,40.00%,0.80%,48,39.07%,38.55%,8.49%,5.85%,1.45,-5.05%,62.50%,0.03617247886336217,-0.036822499549372445,3.76,7.84%,0.38%,138.55,37,51.35%,0.27%,0.77%,-7.95%,5.57%,False
conf_3m_cdi_40_10_00_50,3,8,40.00%,10.00%,0.00%,50.00%,25.00%,50.00%,0.43%,48,37.22%,36.68%,8.12%,5.74%,1.42,-5.05%,62.50%,0.03617247886336217,-0.036822499549372445,3.95,8.23%,0.40%,136.68,37,51.35%,-0.16%,0.77%,-9.66%,5.57%,False
conf_3m_cdi_40_10_10_00,3,8,40.00%,10.00%,10.00%,0.00%,15.00%,40.00%,2.39%,48,47.34%,46.86%,10.08%,6.48%,1.56,-5.05%,62.50%,0.05142887129476481,-0.036822499549372445,3.24,6.75%,0.32%,146.86,37,89.19%,2.20%,1.30%,-1.01%,5.57%,False
conf_3m_cdi_40_10_10_10,3,8,40.00%,10.00%,10.00%,10.00%,17.50%,40.00%,2.03%,48,45.41%,44.96%,9.73%,6.29%,1.55,-5.05%,62.50%,0.046512900945293145,-0.036822499549372445,3.08,6.42%,0.31%,144.96,37,70.27%,1.76%,1.29%,-2.74%,5.57%,False
conf_3m_cdi_40_10_10_20,3,8,40.00%,10.00%,10.00%,20.00%,20.00%,40.00%,1.67%,48,43.50%,43.04%,9.36%,6.11%,1.53,-5.05%,62.50%,0.04143664469886588,-0.036822499549372445,3.22,6.70%,0.32%,143.04,37,62.16%,1.32%,1.27%,-4.49%,5.57%,False
conf_3m_cdi_40_10_10_30,3,8,40.00%,10.00%,10.00%,30.00%,22.50%,40.00%,1.30%,48,41.60%,41.12%,8.99%,5.95%,1.51,-5.05%,62.50%,0.036340338760078694,-0.036822499549372445,3.40,7.09%,0.34%,141.12,37,59.46%,0.88%,1.27%,-6.23%,5.57%,False
conf_3m_cdi_40_10_10_40,3,8,40.00%,10.00%,10.00%,40.00%,25.00%,40.00%,0.93%,48,39.73%,39.22%,8.62%,5.81%,1.48,-5.05%,62.50%,0.03617247886336217,-0.036822499549372445,3.59,7.48%,0.36%,139.22,37,59.46%,0.44%,1.27%,-7.95%,5.57%,False
conf_3m_cdi_40_10_10_50,3,8,40.00%,10.00%,10.00%,50.00%,27.50%,50.00%,0.56%,48,37.87%,37.35%,8.26%,5.70%,1.45,-5.05%,62.50%,0.03617247886336217,-0.036822499549372445,3.78,7.87%,0.38%,137.35,37,59.46%,0.00%,1.27%,-9.66%,5.57%,False
conf_3m_cdi_40_10_20_00,3,8,40.00%,10.00%,20.00%,0.00%,17.50%,40.00%,2.51%,48,48.03%,47.53%,10.21%,6.44%,1.58,-5.05%,62.50%,0.05142887129476481,-0.036822499549372445,3.40,7.08%,0.34%,147.53,37,97.30%,2.36%,1.82%,-1.01%,5.57%,False
conf_3m_cdi_40_10_20_10,3,8,40.00%,10.00%,20.00%,10.00%,20.00%,40.00%,2.16%,48,46.09%,45.62%,9.85%,6.25%,1.58,-5.05%,62.50%,0.046512900945293145,-0.036822499549372445,3.24,6.75%,0.32%,145.62,37,81.08%,1.92%,1.57%,-2.74%,5.57%,False
conf_3m_cdi_40_10_20_20,3,8,40.00%,10.00%,20.00%,20.00%,22.50%,40.00%,1.79%,48,44.17%,43.69%,9.48%,6.07%,1.56,-5.05%,62.50%,0.04143664469886588,-0.036822499549372445,3.37,7.03%,0.34%,143.69,37,70.27%,1.48%,1.39%,-4.49%,5.57%,False
conf_3m_cdi_40_10_20_30,3,8,40.00%,10.00%,20.00%,30.00%,25.00%,40.00%,1.42%,48,42.27%,41.76%,9.12%,5.91%,1.54,-5.05%,62.50%,0.036340338760078694,-0.036822499549372445,3.56,7.42%,0.36%,141.76,37,67.57%,1.03%,1.39%,-6.23%,5.57%,False
conf_3m_cdi_40_10_20_40,3,8,40.00%,10.00%,20.00%,40.00%,27.50%,40.00%,1.05%,48,40.38%,39.86%,8.75%,5.77%,1.52,-5.05%,62.50%,0.03617247886336217,-0.036822499549372445,3.75,7.81%,0.37%,139.86,37,67.57%,0.59%,1.39%,-7.95%,5.57%,False
conf_3m_cdi_40_10_20_50,3,8,40.00%,10.00%,20.00%,50.00%,30.00%,50.00%,0.68%,48,38.51%,37.97%,8.38%,5.66%,1.48,-5.05%,62.50%,0.03617247886336217,-0.036822499549372445,3.94,8.20%,0.39%,137.97,37,67.57%,0.16%,1.39%,-9.66%,5.57%,False
conf_3m_cdi_40_10_30_00,3,8,40.00%,10.00%,30.00%,0.00%,20.00%,40.00%,2.64%,48,48.73%,48.19%,10.33%,6.41%,1.61,-5.05%,64.58%,0.05142887129476481,-0.036822499549372445,3.58,7.47%,0.36%,148.19,37,97.30%,2.51%,2.16%,-1.01%,5.57%,False
conf_3m_cdi_40_10_30_10,3,8,40.00%,10.00%,30.00%,10.00%,22.50%,40.00%,2.28%,48,46.78%,46.28%,9.98%,6.22%,1.60,-5.05%,64.58%,0.046512900945293145,-0.036822499549372445,3.42,7.13%,0.34%,146.28,37,81.08%,2.07%,1.64%,-2.74%,5.57%,False
conf_3m_cdi_40_10_30_20,3,8,40.00%,10.00%,30.00%,20.00%,25.00%,40.00%,1.91%,48,44.85%,44.34%,9.61%,6.04%,1.59,-5.05%,64.58%,0.04143664469886588,-0.036822499549372445,3.56,7.41%,0.36%,144.34,37,72.97%,1.63%,1.51%,-4.49%,5.57%,False
conf_3m_cdi_40_10_30_30,3,8,40.00%,10.00%,30.00%,30.00%,27.50%,40.00%,1.54%,48,42.94%,42.40%,9.24%,5.88%,1.57,-5.05%,64.58%,0.036340338760078694,-0.036822499549372445,3.75,7.80%,0.37%,142.40,37,67.57%,1.19%,1.51%,-6.23%,5.57%,False
conf_3m_cdi_40_10_30_40,3,8,40.00%,10.00%,30.00%,40.00%,30.00%,40.00%,1.18%,48,41.04%,40.49%,8.87%,5.74%,1.55,-5.05%,64.58%,0.03617247886336217,-0.036822499549372445,3.93,8.20%,0.39%,140.49,37,67.57%,0.75%,1.51%,-7.95%,5.57%,False
conf_3m_cdi_40_10_30_50,3,8,40.00%,10.00%,30.00%,50.00%,32.50%,50.00%,0.81%,48,39.17%,38.59%,8.50%,5.62%,1.51,-5.05%,64.58%,0.03617247886336217,-0.036822499549372445,4.12,8.59%,0.41%,138.59,37,67.57%,0.31%,1.51%,-9.66%,5.57%,False
conf_3m_cdi_40_10_40_00,3,8,40.00%,10.00%,40.00%,0.00%,22.50%,40.00%,2.76%,48,49.42%,48.86%,10.46%,6.38%,1.64,-5.05%,66.67%,0.05142887129476481,-0.036822499549372445,3.78,7.87%,0.38%,148.86,37,97.30%,2.67%,2.27%,-1.01%,5.57%,False
conf_3m_cdi_40_10_40_10,3,8,40.00%,10.00%,40.00%,10.00%,25.00%,40.00%,2.40%,48,47.47%,46.93%,10.10%,6.18%,1.63,-5.05%,66.67%,0.046512900945293145,-0.036822499549372445,3.61,7.53%,0.36%,146.93,37,81.08%,2.23%,1.64%,-2.74%,5.57%,False
conf_3m_cdi_40_10_40_20,3,8,40.00%,10.00%,40.00%,20.00%,27.50%,40.00%,2.04%,48,45.53%,44.98%,9.73%,6.01%,1.62,-5.05%,66.67%,0.04143664469886588,-0.036822499549372445,3.75,7.81%,0.37%,144.98,37,72.97%,1.79%,1.63%,-4.49%,5.57%,False
conf_3m_cdi_40_10_40_30,3,8,40.00%,10.00%,40.00%,30.00%,30.00%,40.00%,1.67%,48,43.61%,43.04%,9.36%,5.85%,1.60,-5.05%,66.67%,0.036340338760078694,-0.036822499549372445,3.94,8.20%,0.39%,143.04,37,70.27%,1.34%,1.63%,-6.23%,5.57%,False
conf_3m_cdi_40_10_40_40,3,8,40.00%,10.00%,40.00%,40.00%,32.50%,40.00%,1.30%,48,41.70%,41.12%,8.99%,5.71%,1.58,-5.05%,66.67%,0.03617247886336217,-0.036822499549372445,4.13,8.60%,0.41%,141.12,37,67.57%,0.90%,1.63%,-7.95%,5.57%,False
conf_3m_cdi_40_10_40_50,3,8,40.00%,10.00%,40.00%,50.00%,35.00%,50.00%,0.93%,48,39.82%,39.22%,8.62%,5.59%,1.54,-5.05%,66.67%,0.03617247886336217,-0.036822499549372445,4.31,8.99%,0.43%,139.22,37,67.57%,0.47%,1.63%,-9.66%,5.57%,False
conf_3m_cdi_40_10_50_00,3,8,40.00%,10.00%,50.00%,0.00%,25.00%,50.00%,2.89%,48,50.12%,49.53%,10.58%,6.35%,1.67,-5.05%,66.67%,0.05142887129476481,-0.036822499549372445,3.97,8.27%,0.40%,149.53,37,97.30%,2.82%,2.41%,-1.01%,5.57%,False
conf_3m_cdi_40_10_50_10,3,8,40.00%,10.00%,50.00%,10.00%,27.50%,50.00%,2.53%,48,48.16%,47.59%,10.22%,6.16%,1.66,-5.05%,66.67%,0.046512900945293145,-0.036822499549372445,3.81,7.93%,0.38%,147.59,37,81.08%,2.39%,2.04%,-2.74%,5.57%,False
conf_3m_cdi_40_10_50_20,3,8,40.00%,10.00%,50.00%,20.00%,30.00%,50.00%,2.16%,48,46.21%,45.63%,9.85%,5.98%,1.65,-5.05%,66.67%,0.04143664469886588,-0.036822499549372445,3.94,8.21%,0.39%,145.63,37,75.68%,1.94%,2.04%,-4.49%,5.57%,False
conf_3m_cdi_40_10_50_30,3,8,40.00%,10.00%,50.00%,30.00%,32.50%,50.00%,1.79%,48,44.28%,43.68%,9.48%,5.82%,1.63,-5.05%,66.67%,0.036340338760078694,-0.036822499549372445,4.13,8.60%,0.41%,143.68,37,70.27%,1.50%,2.04%,-6.23%,5.57%,False
conf_3m_cdi_40_10_50_40,3,8,40.00%,10.00%,50.00%,40.00%,35.00%,50.00%,1.42%,48,42.37%,41.75%,9.11%,5.68%,1.61,-5.05%,66.67%,0.03617247886336217,-0.036822499549372445,4.32,8.99%,0.43%,141.75,37,70.27%,1.06%,2.04%,-7.95%,5.57%,False
conf_3m_cdi_40_10_50_50,3,8,40.00%,10.00%,50.00%,50.00%,37.50%,50.00%,1.05%,48,40.47%,39.84%,8.74%,5.56%,1.57,-5.05%,66.67%,0.03617247886336217,-0.036822499549372445,4.51,9.39%,0.45%,139.84,37,67.57%,0.62%,2.04%,-9.66%,5.57%,False
conf_3m_cdi_40_20_00_00,3,8,40.00%,20.00%,0.00%,0.00%,15.00%,40.00%,1.87%,48,44.57%,44.09%,9.56%,6.29%,1.52,-5.05%,62.50%,0.05132643387070557,-0.036822499549372445,3.37,7.03%,0.34%,144.09,37,67.57%,1.65%,0.76%,-2.55%,5.82%,False
conf_3m_cdi_40_20_00_10,3,8,40.00%,20.00%,0.00%,10.00%,17.50%,40.00%,1.51%,48,42.68%,42.23%,9.21%,6.09%,1.51,-5.05%,62.50%,0.046438890316346404,-0.036822499549372445,3.17,6.61%,0.32%,142.23,37,54.05%,1.22%,0.55%,-4.26%,5.82%,False
conf_3m_cdi_40_20_00_20,3,8,40.00%,20.00%,0.00%,20.00%,20.00%,40.00%,1.15%,48,40.80%,40.38%,8.85%,5.91%,1.50,-5.05%,62.50%,0.04152069542759018,-0.036822499549372445,3.01,6.27%,0.30%,140.38,37,51.35%,0.78%,0.55%,-5.95%,5.82%,False
conf_3m_cdi_40_20_00_30,3,8,40.00%,20.00%,0.00%,30.00%,22.50%,40.00%,0.79%,48,38.95%,38.51%,8.49%,5.74%,1.48,-5.05%,62.50%,0.036441316919494815,-0.036822499549372445,3.15,6.56%,0.31%,138.51,37,51.35%,0.35%,0.55%,-7.66%,5.82%,False
conf_3m_cdi_40_20_00_40,3,8,40.00%,20.00%,0.00%,40.00%,25.00%,40.00%,0.42%,48,37.10%,36.65%,8.12%,5.59%,1.45,-5.05%,62.50%,0.032383863542266855,-0.036822499549372445,3.34,6.95%,0.33%,136.65,37,51.35%,-0.09%,0.55%,-9.36%,5.82%,False
conf_3m_cdi_40_20_00_50,3,8,40.00%,20.00%,0.00%,50.00%,27.50%,50.00%,0.06%,48,35.28%,34.80%,7.75%,5.47%,1.42,-5.05%,62.50%,0.032383863542266855,-0.036822499549372445,3.52,7.34%,0.35%,134.80,37,51.35%,-0.52%,0.55%,-11.05%,5.82%,False
conf_3m_cdi_40_20_10_00,3,8,40.00%,20.00%,10.00%,0.00%,17.50%,40.00%,2.00%,48,45.25%,44.79%,9.70%,6.25%,1.55,-5.05%,62.50%,0.05132643387070557,-0.036822499549372445,3.17,6.61%,0.32%,144.79,37,67.57%,1.82%,1.24%,-2.55%,5.82%,False
conf_3m_cdi_40_20_10_10,3,8,40.00%,20.00%,10.00%,10.00%,20.00%,40.00%,1.64%,48,43.35%,42.93%,9.34%,6.05%,1.54,-5.05%,62.50%,0.046438890316346404,-0.036822499549372445,2.97,6.19%,0.30%,142.93,37,54.05%,1.38%,1.00%,-4.26%,5.82%,False
conf_3m_cdi_40_20_10_20,3,8,40.00%,20.00%,10.00%,20.00%,22.50%,40.00%,1.29%,48,41.47%,41.07%,8.98%,5.86%,1.53,-5.05%,62.50%,0.04152069542759018,-0.036822499549372445,2.81,5.86%,0.28%,141.07,37,51.35%,0.95%,1.00%,-5.95%,5.82%,False
conf_3m_cdi_40_20_10_30,3,8,40.00%,20.00%,10.00%,30.00%,25.00%,40.00%,0.92%,48,39.60%,39.19%,8.62%,5.70%,1.51,-5.05%,62.50%,0.036441316919494815,-0.036822499549372445,2.95,6.14%,0.29%,139.19,37,51.35%,0.52%,1.00%,-7.66%,5.82%,False
conf_3m_cdi_40_20_10_40,3,8,40.00%,20.00%,10.00%,40.00%,27.50%,40.00%,0.56%,48,37.75%,37.32%,8.25%,5.55%,1.49,-5.05%,62.50%,0.032383863542266855,-0.036822499549372445,3.14,6.53%,0.31%,137.32,37,51.35%,0.08%,1.00%,-9.36%,5.82%,False
conf_3m_cdi_40_20_10_50,3,8,40.00%,20.00%,10.00%,50.00%,30.00%,50.00%,0.19%,48,35.92%,35.47%,7.88%,5.43%,1.45,-5.05%,62.50%,0.032383863542266855,-0.036822499549372445,3.32,6.92%,0.33%,135.47,37,51.35%,-0.35%,1.00%,-11.05%,5.82%,False
conf_3m_cdi_40_20_20_00,3,8,40.00%,20.00%,20.00%,0.00%,20.00%,40.00%,2.13%,48,45.94%,45.50%,9.83%,6.21%,1.58,-5.05%,62.50%,0.05132643387070557,-0.036822499549372445,3.00,6.24%,0.30%,145.50,37,83.78%,1.98%,1.53%,-2.55%,5.82%,False
conf_3m_cdi_40_20_20_10,3,8,40.00%,20.00%,20.00%,10.00%,22.50%,40.00%,1.78%,48,44.03%,43.63%,9.47%,6.01%,1.58,-5.05%,62.50%,0.046438890316346404,-0.036822499549372445,2.80,5.83%,0.28%,143.63,37,64.86%,1.55%,1.38%,-4.26%,5.82%,False
conf_3m_cdi_40_20_20_20,3,8,40.00%,20.00%,20.00%,20.00%,25.00%,40.00%,1.42%,48,42.13%,41.76%,9.12%,5.83%,1.56,-5.05%,62.50%,0.04152069542759018,-0.036822499549372445,2.63,5.49%,0.26%,141.76,37,62.16%,1.12%,1.38%,-5.95%,5.82%,False
conf_3m_cdi_40_20_20_30,3,8,40.00%,20.00%,20.00%,30.00%,27.50%,40.00%,1.06%,48,40.26%,39.87%,8.75%,5.66%,1.55,-5.05%,62.50%,0.036441316919494815,-0.036822499549372445,2.77,5.77%,0.28%,139.87,37,62.16%,0.68%,1.38%,-7.66%,5.82%,False
conf_3m_cdi_40_20_20_40,3,8,40.00%,20.00%,20.00%,40.00%,30.00%,40.00%,0.69%,48,38.40%,37.99%,8.38%,5.51%,1.52,-5.05%,62.50%,0.032388335303832116,-0.036822499549372445,2.96,6.17%,0.30%,137.99,37,62.16%,0.25%,1.38%,-9.36%,5.82%,False
conf_3m_cdi_40_20_20_50,3,8,40.00%,20.00%,20.00%,50.00%,32.50%,50.00%,0.32%,48,36.56%,36.13%,8.02%,5.39%,1.49,-5.05%,62.50%,0.032388335303832116,-0.036822499549372445,3.15,6.56%,0.31%,136.13,37,62.16%,-0.18%,1.38%,-11.05%,5.82%,False
conf_3m_cdi_40_20_30_00,3,8,40.00%,20.00%,30.00%,0.00%,22.50%,40.00%,2.26%,48,46.62%,46.16%,9.95%,6.18%,1.61,-5.05%,64.58%,0.05132643387070557,-0.036822499549372445,3.16,6.58%,0.32%,146.16,37,89.19%,2.14%,1.85%,-2.55%,5.82%,False
conf_3m_cdi_40_20_30_10,3,8,40.00%,20.00%,30.00%,10.00%,25.00%,40.00%,1.90%,48,44.70%,44.28%,9.60%,5.98%,1.61,-5.05%,64.58%,0.046438890316346404,-0.036822499549372445,2.96,6.16%,0.30%,144.28,37,72.97%,1.71%,1.50%,-4.26%,5.82%,False
conf_3m_cdi_40_20_30_20,3,8,40.00%,20.00%,30.00%,20.00%,27.50%,40.00%,1.54%,48,42.80%,42.40%,9.24%,5.79%,1.60,-5.05%,64.58%,0.04152069542759018,-0.036822499549372445,2.79,5.82%,0.28%,142.40,37,67.57%,1.27%,1.50%,-5.95%,5.82%,False
conf_3m_cdi_40_20_30_30,3,8,40.00%,20.00%,30.00%,30.00%,30.00%,40.00%,1.18%,48,40.92%,40.51%,8.87%,5.62%,1.58,-5.05%,64.58%,0.036441316919494815,-0.036822499549372445,2.93,6.11%,0.29%,140.51,37,67.57%,0.84%,1.50%,-7.66%,5.82%,False
conf_3m_cdi_40_20_30_40,3,8,40.00%,20.00%,30.00%,40.00%,32.50%,40.00%,0.81%,48,39.05%,38.62%,8.51%,5.47%,1.55,-5.05%,64.58%,0.032383863542266855,-0.036822499549372445,3.12,6.50%,0.31%,138.62,37,67.57%,0.40%,1.50%,-9.36%,5.82%,False
conf_3m_cdi_40_20_30_50,3,8,40.00%,20.00%,30.00%,50.00%,35.00%,50.00%,0.44%,48,37.20%,36.75%,8.14%,5.35%,1.52,-5.05%,64.58%,0.032383863542266855,-0.036822499549372445,3.31,6.89%,0.33%,136.75,37,67.57%,-0.03%,1.50%,-11.05%,5.82%,False
conf_3m_cdi_40_20_40_00,3,8,40.00%,20.00%,40.00%,0.00%,25.00%,40.00%,2.38%,48,47.31%,46.82%,10.08%,6.15%,1.64,-5.05%,66.67%,0.05132643387070557,-0.036822499549372445,3.34,6.96%,0.33%,146.82,37,89.19%,2.29%,2.10%,-2.55%,5.82%,False
conf_3m_cdi_40_20_40_10,3,8,40.00%,20.00%,40.00%,10.00%,27.50%,40.00%,2.02%,48,45.38%,44.93%,9.72%,5.94%,1.64,-5.05%,66.67%,0.046438890316346404,-0.036822499549372445,3.14,6.54%,0.31%,144.93,37,72.97%,1.86%,1.62%,-4.26%,5.82%,False
conf_3m_cdi_40_20_40_20,3,8,40.00%,20.00%,40.00%,20.00%,30.00%,40.00%,1.67%,48,43.47%,43.05%,9.36%,5.76%,1.63,-5.05%,66.67%,0.04152069542759018,-0.036822499549372445,2.98,6.21%,0.30%,143.05,37,70.27%,1.43%,1.62%,-5.95%,5.82%,False
conf_3m_cdi_40_20_40_30,3,8,40.00%,20.00%,40.00%,30.00%,32.50%,40.00%,1.30%,48,41.58%,41.14%,9.00%,5.59%,1.61,-5.05%,66.67%,0.036441316919494815,-0.036822499549372445,3.12,6.49%,0.31%,141.14,37,67.57%,0.99%,1.62%,-7.66%,5.82%,False
conf_3m_cdi_40_20_40_40,3,8,40.00%,20.00%,40.00%,40.00%,35.00%,40.00%,0.93%,48,39.70%,39.24%,8.63%,5.44%,1.59,-5.05%,66.67%,0.032383863542266855,-0.036822499549372445,3.30,6.88%,0.33%,139.24,37,67.57%,0.56%,1.62%,-9.36%,5.82%,False
conf_3m_cdi_40_20_40_50,3,8,40.00%,20.00%,40.00%,50.00%,37.50%,50.00%,0.56%,48,37.84%,37.36%,8.26%,5.32%,1.55,-5.05%,66.67%,0.032383863542266855,-0.036822499549372445,3.49,7.28%,0.35%,137.36,37,67.57%,0.13%,1.62%,-11.05%,5.82%,False
conf_3m_cdi_40_20_50_00,3,8,40.00%,20.00%,50.00%,0.00%,27.50%,50.00%,2.50%,48,48.00%,47.48%,10.20%,6.12%,1.67,-5.05%,66.67%,0.05132643387070557,-0.036822499549372445,3.53,7.36%,0.35%,147.48,37,86.49%,2.45%,2.10%,-2.55%,5.82%,False
conf_3m_cdi_40_20_50_10,3,8,40.00%,20.00%,50.00%,10.00%,30.00%,50.00%,2.15%,48,46.06%,45.58%,9.84%,5.92%,1.66,-5.05%,66.67%,0.046438890316346404,-0.036822499549372445,3.33,6.94%,0.33%,145.58,37,75.68%,2.01%,1.93%,-4.26%,5.82%,False
conf_3m_cdi_40_20_50_20,3,8,40.00%,20.00%,50.00%,20.00%,32.50%,50.00%,1.79%,48,44.14%,43.69%,9.48%,5.73%,1.66,-5.05%,66.67%,0.04152069542759018,-0.036822499549372445,3.17,6.61%,0.32%,143.69,37,70.27%,1.58%,1.93%,-5.95%,5.82%,False
conf_3m_cdi_40_20_50_30,3,8,40.00%,20.00%,50.00%,30.00%,35.00%,50.00%,1.42%,48,42.24%,41.77%,9.12%,5.56%,1.64,-5.05%,66.67%,0.036441316919494815,-0.036822499549372445,3.31,6.89%,0.33%,141.77,37,70.27%,1.15%,1.93%,-7.66%,5.82%,False
conf_3m_cdi_40_20_50_40,3,8,40.00%,20.00%,50.00%,40.00%,37.50%,50.00%,1.05%,48,40.36%,39.87%,8.75%,5.41%,1.62,-5.05%,66.67%,0.032383863542266855,-0.036822499549372445,3.50,7.28%,0.35%,139.87,37,67.57%,0.71%,1.93%,-9.36%,5.82%,False
conf_3m_cdi_40_20_50_50,3,8,40.00%,20.00%,50.00%,50.00%,40.00%,50.00%,0.69%,48,38.49%,37.98%,8.38%,5.29%,1.58,-5.05%,66.67%,0.032383863542266855,-0.036822499549372445,3.68,7.67%,0.37%,137.98,37,67.57%,0.28%,1.93%,-11.05%,5.82%,False
conf_3m_cdi_40_30_00_00,3,8,40.00%,30.00%,0.00%,0.00%,17.50%,40.00%,1.47%,48,42.52%,42.04%,9.17%,6.08%,1.51,-5.05%,62.50%,0.05122324135577028,-0.036822499549372445,3.35,6.97%,0.33%,142.04,37,56.76%,1.26%,0.46%,-4.09%,6.07%,False
conf_3m_cdi_40_30_00_10,3,8,40.00%,30.00%,0.00%,10.00%,20.00%,40.00%,1.12%,48,40.65%,40.21%,8.82%,5.87%,1.50,-5.05%,62.50%,0.04633618780848914,-0.036822499549372445,3.14,6.54%,0.31%,140.21,37,51.35%,0.83%,0.26%,-5.76%,6.07%,False
conf_3m_cdi_40_30_00_20,3,8,40.00%,30.00%,0.00%,20.00%,22.50%,40.00%,0.77%,48,38.80%,38.40%,8.46%,5.68%,1.49,-5.05%,62.50%,0.04144813562789018,-0.036822499549372445,2.94,6.12%,0.29%,138.40,37,51.35%,0.41%,0.26%,-7.43%,6.07%,False
conf_3m_cdi_40_30_00_30,3,8,40.00%,30.00%,0.00%,30.00%,25.00%,40.00%,0.41%,48,36.97%,36.59%,8.11%,5.51%,1.47,-5.05%,62.50%,0.03652893371422139,-0.036822499549372445,2.77,5.78%,0.28%,136.59,37,51.35%,-0.01%,0.26%,-9.09%,6.07%,False
conf_3m_cdi_40_30_00_40,3,8,40.00%,30.00%,0.00%,40.00%,27.50%,40.00%,0.05%,48,35.16%,34.76%,7.74%,5.35%,1.45,-5.05%,62.50%,0.0314467556791016,-0.036822499549372445,2.91,6.07%,0.29%,134.76,37,51.35%,-0.44%,0.26%,-10.77%,6.07%,False
conf_3m_cdi_40_30_00_50,3,8,40.00%,30.00%,0.00%,50.00%,30.00%,50.00%,-0.32%,48,33.36%,32.94%,7.38%,5.22%,1.41,-5.05%,62.50%,0.030992741717698502,-0.036822499549372445,3.10,6.46%,0.31%,132.94,37,51.35%,-0.87%,0.26%,-12.43%,6.07%,False
conf_3m_cdi_40_30_10_00,3,8,40.00%,30.00%,10.00%,0.00%,20.00%,40.00%,1.61%,48,43.19%,42.74%,9.30%,6.04%,1.54,-5.05%,62.50%,0.05122324135577028,-0.036822499549372445,3.14,6.54%,0.31%,142.74,37,56.76%,1.43%,0.97%,-4.09%,6.07%,False
conf_3m_cdi_40_30_10_10,3,8,40.00%,30.00%,10.00%,10.00%,22.50%,40.00%,1.26%,48,41.32%,40.90%,8.95%,5.83%,1.54,-5.05%,62.50%,0.04633618780848914,-0.036822499549372445,2.93,6.11%,0.29%,140.90,37,51.35%,1.00%,0.71%,-5.76%,6.07%,False
conf_3m_cdi_40_30_10_20,3,8,40.00%,30.00%,10.00%,20.00%,25.00%,40.00%,0.90%,48,39.46%,39.08%,8.60%,5.64%,1.53,-5.05%,62.50%,0.04144813562789018,-0.036822499549372445,2.73,5.69%,0.27%,139.08,37,51.35%,0.58%,0.71%,-7.43%,6.07%,False
conf_3m_cdi_40_30_10_30,3,8,40.00%,30.00%,10.00%,30.00%,27.50%,40.00%,0.55%,48,37.62%,37.27%,8.24%,5.46%,1.51,-5.05%,62.50%,0.03652893371422139,-0.036822499549372445,2.57,5.35%,0.26%,137.27,37,51.35%,0.15%,0.71%,-9.09%,6.07%,False
conf_3m_cdi_40_30_10_40,3,8,40.00%,30.00%,10.00%,40.00%,30.00%,40.00%,0.18%,48,35.79%,35.43%,7.88%,5.31%,1.48,-5.05%,62.50%,0.0314467556791016,-0.036822499549372445,2.71,5.64%,0.27%,135.43,37,51.35%,-0.28%,0.71%,-10.77%,6.07%,False
conf_3m_cdi_40_30_10_50,3,8,40.00%,30.00%,10.00%,50.00%,32.50%,50.00%,-0.18%,48,33.99%,33.60%,7.51%,5.18%,1.45,-5.05%,62.50%,0.030992741717698502,-0.036822499549372445,2.89,6.03%,0.29%,133.60,37,51.35%,-0.70%,0.71%,-12.43%,6.07%,False
conf_3m_cdi_40_30_20_00,3,8,40.00%,30.00%,20.00%,0.00%,22.50%,40.00%,1.74%,48,43.87%,43.44%,9.44%,6.00%,1.57,-5.05%,62.50%,0.05122324135577028,-0.036822499549372445,2.94,6.12%,0.29%,143.44,37,62.16%,1.60%,1.16%,-4.09%,6.07%,False
conf_3m_cdi_40_30_20_10,3,8,40.00%,30.00%,20.00%,10.00%,25.00%,40.00%,1.39%,48,41.98%,41.59%,9.08%,5.79%,1.57,-5.05%,62.50%,0.04633618780848914,-0.036822499549372445,2.73,5.69%,0.27%,141.59,37,56.76%,1.17%,1.16%,-5.76%,6.07%,False
conf_3m_cdi_40_30_20_20,3,8,40.00%,30.00%,20.00%,20.00%,27.50%,40.00%,1.03%,48,40.12%,39.76%,8.73%,5.60%,1.56,-5.05%,62.50%,0.04144813562789018,-0.036822499549372445,2.53,5.27%,0.25%,139.76,37,56.76%,0.74%,1.16%,-7.43%,6.07%,False
conf_3m_cdi_40_30_20_30,3,8,40.00%,30.00%,20.00%,30.00%,30.00%,40.00%,0.68%,48,38.27%,37.94%,8.37%,5.42%,1.54,-5.05%,62.50%,0.03652893371422139,-0.036822499549372445,2.36,4.93%,0.24%,137.94,37,56.76%,0.32%,1.16%,-9.09%,6.07%,False
conf_3m_cdi_40_30_20_40,3,8,40.00%,30.00%,20.00%,40.00%,32.50%,40.00%,0.31%,48,36.43%,36.09%,8.01%,5.27%,1.52,-5.05%,62.50%,0.0314467556791016,-0.036822499549372445,2.51,5.22%,0.25%,136.09,37,56.76%,-0.11%,1.16%,-10.77%,6.07%,False
conf_3m_cdi_40_30_20_50,3,8,40.00%,30.00%,20.00%,50.00%,35.00%,50.00%,-0.05%,48,34.62%,34.26%,7.64%,5.14%,1.49,-5.05%,62.50%,0.030992741717698502,-0.036822499549372445,2.69,5.61%,0.27%,134.26,37,56.76%,-0.54%,1.16%,-12.43%,6.07%,False
conf_3m_cdi_40_30_30_00,3,8,40.00%,30.00%,30.00%,0.00%,25.00%,40.00%,1.88%,48,44.54%,44.14%,9.57%,5.97%,1.60,-5.05%,64.58%,0.05122324135577028,-0.036822499549372445,2.76,5.75%,0.28%,144.14,37,70.27%,1.76%,1.49%,-4.09%,6.07%,False
conf_3m_cdi_40_30_30_10,3,8,40.00%,30.00%,30.00%,10.00%,27.50%,40.00%,1.52%,48,42.65%,42.29%,9.22%,5.76%,1.60,-5.05%,64.58%,0.04633618780848914,-0.036822499549372445,2.55,5.32%,0.26%,142.29,37,62.16%,1.33%,1.49%,-5.76%,6.07%,False
conf_3m_cdi_40_30_30_20,3,8,40.00%,30.00%,30.00%,20.00%,30.00%,40.00%,1.17%,48,40.77%,40.44%,8.86%,5.56%,1.59,-5.05%,64.58%,0.04144813562789018,-0.036822499549372445,2.35,4.90%,0.24%,140.44,37,62.16%,0.91%,1.49%,-7.43%,6.07%,False
conf_3m_cdi_40_30_30_30,3,8,40.00%,30.00%,30.00%,30.00%,32.50%,40.00%,0.81%,48,38.92%,38.61%,8.51%,5.39%,1.58,-5.05%,64.58%,0.03652893371422139,-0.036822499549372445,2.19,4.55%,0.22%,138.61,37,62.16%,0.49%,1.49%,-9.09%,6.07%,True
conf_3m_cdi_40_30_30_40,3,8,40.00%,30.00%,30.00%,40.00%,35.00%,40.00%,0.44%,48,37.07%,36.76%,8.14%,5.23%,1.56,-5.05%,64.58%,0.0314467556791016,-0.036822499549372445,2.33,4.85%,0.23%,136.76,37,62.16%,0.06%,1.49%,-10.77%,6.07%,False
conf_3m_cdi_40_30_30_50,3,8,40.00%,30.00%,30.00%,50.00%,37.50%,50.00%,0.08%,48,35.25%,34.91%,7.77%,5.10%,1.52,-5.05%,64.58%,0.030992741717698502,-0.036822499549372445,2.51,5.24%,0.25%,134.91,37,62.16%,-0.37%,1.49%,-12.43%,6.07%,False
conf_3m_cdi_40_30_40_00,3,8,40.00%,30.00%,40.00%,0.00%,27.50%,40.00%,2.00%,48,45.22%,44.79%,9.70%,5.94%,1.63,-5.05%,66.67%,0.05122324135577028,-0.036822499549372445,2.92,6.08%,0.29%,144.79,37,75.68%,1.92%,1.61%,-4.09%,6.07%,False
conf_3m_cdi_40_30_40_10,3,8,40.00%,30.00%,40.00%,10.00%,30.00%,40.00%,1.64%,48,43.32%,42.93%,9.34%,5.72%,1.63,-5.05%,66.67%,0.04633618780848914,-0.036822499549372445,2.71,5.65%,0.27%,142.93,37,70.27%,1.49%,1.61%,-5.76%,6.07%,False
conf_3m_cdi_40_30_40_20,3,8,40.00%,30.00%,40.00%,20.00%,32.50%,40.00%,1.29%,48,41.43%,41.08%,8.98%,5.53%,1.62,-5.05%,66.67%,0.04144813562789018,-0.036822499549372445,2.51,5.23%,0.25%,141.08,37,67.57%,1.06%,1.61%,-7.43%,6.07%,False
conf_3m_cdi_40_30_40_30,3,8,40.00%,30.00%,40.00%,30.00%,35.00%,40.00%,0.93%,48,39.57%,39.24%,8.63%,5.35%,1.61,-5.05%,66.67%,0.03652893371422139,-0.036822499549372445,2.35,4.89%,0.23%,139.24,37,67.57%,0.64%,1.61%,-9.09%,6.07%,False
conf_3m_cdi_40_30_40_40,3,8,40.00%,30.00%,40.00%,40.00%,37.50%,40.00%,0.57%,48,37.72%,37.38%,8.26%,5.20%,1.59,-5.05%,66.67%,0.0314467556791016,-0.036822499549372445,2.49,5.18%,0.25%,137.38,37,67.57%,0.21%,1.61%,-10.77%,6.07%,False
conf_3m_cdi_40_30_40_50,3,8,40.00%,30.00%,40.00%,50.00%,40.00%,50.00%,0.20%,48,35.88%,35.52%,7.90%,5.07%,1.56,-5.05%,66.67%,0.030992741717698502,-0.036822499549372445,2.67,5.57%,0.27%,135.52,37,67.57%,-0.22%,1.61%,-12.43%,6.07%,False
conf_3m_cdi_40_30_50_00,3,8,40.00%,30.00%,50.00%,0.00%,30.00%,50.00%,2.12%,48,45.90%,45.45%,9.82%,5.91%,1.66,-5.05%,66.67%,0.05122324135577028,-0.036822499549372445,3.11,6.47%,0.31%,145.45,37,78.38%,2.07%,1.83%,-4.09%,6.07%,False
conf_3m_cdi_40_30_50_10,3,8,40.00%,30.00%,50.00%,10.00%,32.50%,50.00%,1.77%,48,43.99%,43.57%,9.46%,5.70%,1.66,-5.05%,66.67%,0.04633618780848914,-0.036822499549372445,2.90,6.04%,0.29%,143.57,37,70.27%,1.64%,1.83%,-5.76%,6.07%,False
conf_3m_cdi_40_30_50_20,3,8,40.00%,30.00%,50.00%,20.00%,35.00%,50.00%,1.41%,48,42.10%,41.71%,9.11%,5.50%,1.66,-5.05%,66.67%,0.04144813562789018,-0.036822499549372445,2.70,5.62%,0.27%,141.71,37,67.57%,1.22%,1.83%,-7.43%,6.07%,False
conf_3m_cdi_40_30_50_30,3,8,40.00%,30.00%,50.00%,30.00%,37.50%,50.00%,1.05%,48,40.22%,39.87%,8.75%,5.33%,1.64,-5.05%,66.67%,0.03652893371422139,-0.036822499549372445,2.53,5.28%,0.25%,139.87,37,67.57%,0.80%,1.83%,-9.09%,6.07%,False
conf_3m_cdi_40_30_50_40,3,8,40.00%,30.00%,50.00%,40.00%,40.00%,50.00%,0.69%,48,38.36%,37.99%,8.38%,5.17%,1.62,-5.05%,66.67%,0.0314467556791016,-0.036822499549372445,2.67,5.57%,0.27%,137.99,37,67.57%,0.37%,1.83%,-10.77%,6.07%,False
conf_3m_cdi_40_30_50_50,3,8,40.00%,30.00%,50.00%,50.00%,42.50%,50.00%,0.32%,48,36.52%,36.13%,8.02%,5.04%,1.59,-5.05%,66.67%,0.030992741717698502,-0.036822499549372445,2.86,5.96%,0.29%,136.13,37,67.57%,-0.06%,1.83%,-12.43%,6.07%,False
conf_3m_cdi_40_40_00_00,3,8,40.00%,40.00%,0.00%,0.00%,20.00%,40.00%,1.08%,48,40.48%,40.01%,8.78%,5.90%,1.49,-5.05%,64.58%,0.05111928537013988,-0.036822499549372445,3.41,7.10%,0.34%,140.01,37,48.65%,0.88%,-0.04%,-5.61%,6.32%,False
conf_3m_cdi_40_40_00_10,3,8,40.00%,40.00%,0.00%,10.00%,22.50%,40.00%,0.73%,48,38.65%,38.20%,8.42%,5.68%,1.48,-5.05%,64.58%,0.04623272545525836,-0.036822499549372445,3.20,6.67%,0.32%,138.20,37,48.65%,0.45%,-0.04%,-7.27%,6.32%,False
conf_3m_cdi_40_40_00_20,3,8,40.00%,40.00%,0.00%,20.00%,25.00%,40.00%,0.38%,48,36.82%,36.41%,8.07%,5.48%,1.47,-5.05%,64.58%,0.041345166907058584,-0.036822499549372445,2.99,6.24%,0.30%,136.41,37,48.65%,0.03%,-0.04%,-8.91%,6.32%,False
conf_3m_cdi_40_40_00_30,3,8,40.00%,40.00%,0.00%,30.00%,27.50%,40.00%,0.02%,48,35.02%,34.64%,7.72%,5.30%,1.46,-5.05%,64.58%,0.03645660972554077,-0.036822499549372445,2.79,5.81%,0.28%,134.64,37,48.65%,-0.39%,-0.04%,-10.54%,6.32%,False
conf_3m_cdi_40_40_00_40,3,8,40.00%,40.00%,0.00%,40.00%,30.00%,40.00%,-0.33%,48,33.23%,32.88%,7.37%,5.14%,1.43,-5.05%,64.58%,0.03153747705339782,-0.036822499549372445,2.62,5.46%,0.26%,132.88,37,48.65%,-0.80%,-0.04%,-12.16%,6.32%,False
conf_3m_cdi_40_40_00_50,3,8,40.00%,40.00%,0.00%,50.00%,32.50%,50.00%,-0.69%,48,31.45%,31.09%,7.00%,5.00%,1.40,-5.05%,64.58%,0.030992741717698502,-0.036822499549372445,2.76,5.76%,0.28%,131.09,37,48.65%,-1.22%,-0.04%,-13.81%,6.32%,False
conf_3m_cdi_40_40_10_00,3,8,40.00%,40.00%,10.00%,0.00%,22.50%,40.00%,1.22%,48,41.15%,40.70%,8.91%,5.85%,1.52,-5.05%,64.58%,0.05111928537013988,-0.036822499549372445,3.20,6.67%,0.32%,140.70,37,51.35%,1.04%,0.41%,-5.61%,6.32%,False
conf_3m_cdi_40_40_10_10,3,8,40.00%,40.00%,10.00%,10.00%,25.00%,40.00%,0.86%,48,39.30%,38.88%,8.56%,5.64%,1.52,-5.05%,64.58%,0.04623272545525836,-0.036822499549372445,2.99,6.24%,0.30%,138.88,37,51.35%,0.62%,0.41%,-7.27%,6.32%,False
conf_3m_cdi_40_40_10_20,3,8,40.00%,40.00%,10.00%,20.00%,27.50%,40.00%,0.51%,48,37.47%,37.09%,8.21%,5.43%,1.51,-5.05%,64.58%,0.041345166907058584,-0.036822499549372445,2.79,5.81%,0.28%,137.09,37,51.35%,0.20%,0.41%,-8.91%,6.32%,False
conf_3m_cdi_40_40_10_30,3,8,40.00%,40.00%,10.00%,30.00%,30.00%,40.00%,0.16%,48,35.65%,35.30%,7.85%,5.25%,1.49,-5.05%,64.58%,0.03645660972554077,-0.036822499549372445,2.58,5.38%,0.26%,135.30,37,51.35%,-0.22%,0.41%,-10.54%,6.32%,False
conf_3m_cdi_40_40_10_40,3,8,40.00%,40.00%,10.00%,40.00%,32.50%,40.00%,-0.20%,48,33.86%,33.53%,7.50%,5.09%,1.47,-5.05%,64.58%,0.03153747705339782,-0.036822499549372445,2.41,5.03%,0.24%,133.53,37,51.35%,-0.64%,0.41%,-12.16%,6.32%,False
conf_3m_cdi_40_40_10_50,3,8,40.00%,40.00%,10.00%,50.00%,35.00%,50.00%,-0.56%,48,32.07%,31.74%,7.13%,4.95%,1.44,-5.05%,64.58%,0.030992741717698502,-0.036822499549372445,2.56,5.33%,0.26%,131.74,37,51.35%,-1.06%,0.41%,-13.81%,6.32%,False
conf_3m_cdi_40_40_20_00,3,8,40.00%,40.00%,20.00%,0.00%,25.00%,40.00%,1.35%,48,41.81%,41.39%,9.04%,5.82%,1.56,-5.05%,64.58%,0.05111928537013988,-0.036822499549372445,2.99,6.23%,0.30%,141.39,37,56.76%,1.21%,0.86%,-5.61%,6.32%,False
conf_3m_cdi_40_40_20_10,3,8,40.00%,40.00%,20.00%,10.00%,27.50%,40.00%,1.00%,48,39.95%,39.57%,8.69%,5.60%,1.55,-5.05%,64.58%,0.04623272545525836,-0.036822499549372445,2.79,5.80%,0.28%,139.57,37,56.76%,0.79%,0.86%,-7.27%,6.32%,False
conf_3m_cdi_40_40_20_20,3,8,40.00%,40.00%,20.00%,20.00%,30.00%,40.00%,0.64%,48,38.12%,37.76%,8.34%,5.39%,1.55,-5.05%,64.58%,0.041345166907058584,-0.036822499549372445,2.58,5.37%,0.26%,137.76,37,56.76%,0.36%,0.86%,-8.91%,6.32%,False
conf_3m_cdi_40_40_20_30,3,8,40.00%,40.00%,20.00%,30.00%,32.50%,40.00%,0.29%,48,36.29%,35.97%,7.98%,5.21%,1.53,-5.05%,64.58%,0.03645660972554077,-0.036822499549372445,2.37,4.94%,0.24%,135.97,37,56.76%,-0.05%,0.86%,-10.54%,6.32%,False
conf_3m_cdi_40_40_20_40,3,8,40.00%,40.00%,20.00%,40.00%,35.00%,40.00%,-0.07%,48,34.49%,34.19%,7.63%,5.05%,1.51,-5.05%,64.58%,0.03153747705339782,-0.036822499549372445,2.20,4.59%,0.22%,134.19,37,56.76%,-0.47%,0.86%,-12.16%,6.32%,False
conf_3m_cdi_40_40_20_50,3,8,40.00%,40.00%,20.00%,50.00%,37.50%,50.00%,-0.43%,48,32.70%,32.38%,7.27%,4.91%,1.48,-5.05%,64.58%,0.030992741717698502,-0.036822499549372445,2.35,4.89%,0.23%,132.38,37,56.76%,-0.89%,0.86%,-13.81%,6.32%,False
conf_3m_cdi_40_40_30_00,3,8,40.00%,40.00%,30.00%,0.00%,27.50%,40.00%,1.48%,48,42.48%,42.08%,9.18%,5.78%,1.59,-5.05%,66.67%,0.05111928537013988,-0.036822499549372445,2.79,5.81%,0.28%,142.08,37,56.76%,1.38%,1.32%,-5.61%,6.32%,False
conf_3m_cdi_40_40_30_10,3,8,40.00%,40.00%,30.00%,10.00%,30.00%,40.00%,1.13%,48,40.61%,40.25%,8.82%,5.56%,1.59,-5.05%,66.67%,0.04623272545525836,-0.036822499549372445,2.58,5.38%,0.26%,140.25,37,56.76%,0.95%,1.32%,-7.27%,6.32%,False
conf_3m_cdi_40_40_30_20,3,8,40.00%,40.00%,30.00%,20.00%,32.50%,40.00%,0.77%,48,38.76%,38.43%,8.47%,5.36%,1.58,-5.05%,66.67%,0.041345166907058584,-0.036822499549372445,2.38,4.95%,0.24%,138.43,37,56.76%,0.53%,1.32%,-8.91%,6.32%,False
conf_3m_cdi_40_40_30_30,3,8,40.00%,40.00%,30.00%,30.00%,35.00%,40.00%,0.42%,48,36.93%,36.64%,8.12%,5.17%,1.57,-5.05%,66.67%,0.03645660972554077,-0.036822499549372445,2.17,4.52%,0.22%,136.64,37,56.76%,0.11%,1.32%,-10.54%,6.32%,True
conf_3m_cdi_40_40_30_40,3,8,40.00%,40.00%,30.00%,40.00%,37.50%,40.00%,0.07%,48,35.12%,34.85%,7.76%,5.01%,1.55,-5.05%,66.67%,0.03153747705339782,-0.036822499549372445,2.00,4.17%,0.20%,134.85,37,56.76%,-0.30%,1.32%,-12.16%,6.32%,True
conf_3m_cdi_40_40_30_50,3,8,40.00%,40.00%,30.00%,50.00%,40.00%,50.00%,-0.30%,48,33.32%,33.03%,7.40%,4.87%,1.52,-5.05%,66.67%,0.030992741717698502,-0.036822499549372445,2.15,4.47%,0.21%,133.03,37,56.76%,-0.73%,1.32%,-13.81%,6.32%,True
conf_3m_cdi_40_40_40_00,3,8,40.00%,40.00%,40.00%,0.00%,30.00%,40.00%,1.61%,48,43.14%,42.77%,9.31%,5.75%,1.62,-5.05%,68.75%,0.05111928537013988,-0.036822499549372445,2.61,5.43%,0.26%,142.77,37,62.16%,1.54%,1.58%,-5.61%,6.32%,False
conf_3m_cdi_40_40_40_10,3,8,40.00%,40.00%,40.00%,10.00%,32.50%,40.00%,1.26%,48,41.27%,40.93%,8.96%,5.53%,1.62,-5.05%,68.75%,0.04623272545525836,-0.036822499549372445,2.40,5.00%,0.24%,140.93,37,62.16%,1.12%,1.58%,-7.27%,6.32%,False
conf_3m_cdi_40_40_40_20,3,8,40.00%,40.00%,40.00%,20.00%,35.00%,40.00%,0.91%,48,39.41%,39.11%,8.60%,5.33%,1.62,-5.05%,68.75%,0.041345166907058584,-0.036822499549372445,2.19,4.57%,0.22%,139.11,37,62.16%,0.70%,1.58%,-8.91%,6.32%,True
conf_3m_cdi_40_40_40_30,3,8,40.00%,40.00%,40.00%,30.00%,37.50%,40.00%,0.55%,48,37.57%,37.30%,8.25%,5.14%,1.60,-5.05%,68.75%,0.03645660972554077,-0.036822499549372445,1.99,4.14%,0.20%,137.30,37,62.16%,0.28%,1.58%,-10.54%,6.32%,True
conf_3m_cdi_40_40_40_40,3,8,40.00%,40.00%,40.00%,40.00%,40.00%,40.00%,0.20%,48,35.75%,35.50%,7.89%,4.98%,1.58,-5.05%,68.75%,0.03153747705339782,-0.036822499549372445,1.82,3.79%,0.18%,135.50,37,62.16%,-0.14%,1.58%,-12.16%,6.32%,True
conf_3m_cdi_40_40_40_50,3,8,40.00%,40.00%,40.00%,50.00%,42.50%,50.00%,-0.17%,48,33.94%,33.68%,7.53%,4.84%,1.56,-5.05%,68.75%,0.030992741717698502,-0.036822499549372445,1.96,4.09%,0.20%,133.68,37,62.16%,-0.56%,1.58%,-13.81%,6.32%,True
conf_3m_cdi_40_40_50_00,3,8,40.00%,40.00%,50.00%,0.00%,32.50%,50.00%,1.74%,48,43.81%,43.42%,9.43%,5.72%,1.65,-5.05%,68.75%,0.05111928537013988,-0.036822499549372445,2.77,5.77%,0.28%,143.42,37,67.57%,1.70%,1.72%,-5.61%,6.32%,False
conf_3m_cdi_40_40_50_10,3,8,40.00%,40.00%,50.00%,10.00%,35.00%,50.00%,1.38%,48,41.93%,41.57%,9.08%,5.50%,1.65,-5.05%,68.75%,0.04623272545525836,-0.036822499549372445,2.56,5.34%,0.26%,141.57,37,64.86%,1.27%,1.72%,-7.27%,6.32%,False
conf_3m_cdi_40_40_50_20,3,8,40.00%,40.00%,50.00%,20.00%,37.50%,50.00%,1.03%,48,40.07%,39.74%,8.72%,5.30%,1.65,-5.05%,68.75%,0.041345166907058584,-0.036822499549372445,2.36,4.91%,0.24%,139.74,37,64.86%,0.85%,1.72%,-8.91%,6.32%,False
conf_3m_cdi_40_40_50_30,3,8,40.00%,40.00%,50.00%,30.00%,40.00%,50.00%,0.67%,48,38.22%,37.92%,8.37%,5.11%,1.64,-5.05%,68.75%,0.03645660972554077,-0.036822499549372445,2.15,4.48%,0.22%,137.92,37,64.86%,0.43%,1.72%,-10.54%,6.32%,True
conf_3m_cdi_40_40_50_40,3,8,40.00%,40.00%,50.00%,40.00%,42.50%,50.00%,0.32%,48,36.39%,36.12%,8.01%,4.95%,1.62,-5.05%,68.75%,0.03153747705339782,-0.036822499549372445,1.98,4.13%,0.20%,136.12,37,64.86%,0.02%,1.72%,-12.16%,6.32%,True
conf_3m_cdi_40_40_50_50,3,8,40.00%,40.00%,50.00%,50.00%,45.00%,50.00%,-0.05%,48,34.57%,34.28%,7.65%,4.81%,1.59,-5.05%,68.75%,0.030992741717698502,-0.036822499549372445,2.13,4.43%,0.21%,134.28,37,64.86%,-0.40%,1.72%,-13.81%,6.32%,True
conf_3m_cdi_40_50_00_00,3,8,40.00%,50.00%,0.00%,0.00%,22.50%,50.00%,0.67%,48,38.47%,37.90%,8.36%,5.74%,1.46,-5.05%,66.67%,0.0510145574095382,-0.036822499549372445,4.12,8.59%,0.41%,137.90,37,45.95%,0.47%,-0.35%,-7.19%,6.54%,False
conf_3m_cdi_40_50_00_10,3,8,40.00%,50.00%,0.00%,10.00%,25.00%,50.00%,0.32%,48,36.66%,36.12%,8.01%,5.51%,1.45,-5.05%,66.67%,0.04612849479275982,-0.036822499549372445,3.92,8.16%,0.39%,136.12,37,45.95%,0.05%,-0.35%,-8.82%,6.54%,False
conf_3m_cdi_40_50_00_20,3,8,40.00%,50.00%,0.00%,20.00%,27.50%,50.00%,-0.03%,48,34.86%,34.36%,7.66%,5.31%,1.44,-5.05%,66.67%,0.04124143354266363,-0.036822499549372445,3.71,7.73%,0.37%,134.36,37,45.95%,-0.36%,-0.35%,-10.43%,6.54%,False
conf_3m_cdi_40_50_00_30,3,8,40.00%,50.00%,0.00%,30.00%,30.00%,50.00%,-0.38%,48,33.08%,32.61%,7.31%,5.12%,1.43,-5.05%,66.67%,0.036353373659248955,-0.036822499549372445,3.50,7.30%,0.35%,132.61,37,45.95%,-0.78%,-0.35%,-12.03%,6.54%,False
conf_3m_cdi_40_50_00_40,3,8,40.00%,50.00%,0.00%,40.00%,32.50%,50.00%,-0.74%,48,31.31%,30.88%,6.96%,4.95%,1.41,-5.05%,66.67%,0.03146431514251624,-0.036822499549372445,3.29,6.86%,0.33%,130.88,37,45.95%,-1.19%,-0.35%,-13.61%,6.54%,False
conf_3m_cdi_40_50_00_50,3,8,40.00%,50.00%,0.00%,50.00%,35.00%,50.00%,-1.09%,48,29.57%,29.16%,6.61%,4.80%,1.38,-5.05%,66.67%,0.030992741717698502,-0.036822499549372445,3.12,6.50%,0.31%,129.16,37,45.95%,-1.60%,-0.35%,-15.20%,6.54%,False
conf_3m_cdi_40_50_10_00,3,8,40.00%,50.00%,10.00%,0.00%,25.00%,50.00%,0.80%,48,39.12%,38.58%,8.50%,5.70%,1.49,-5.05%,66.67%,0.0510145574095382,-0.036822499549372445,3.92,8.16%,0.39%,138.58,37,51.35%,0.64%,0.10%,-7.19%,6.54%,False
conf_3m_cdi_40_50_10_10,3,8,40.00%,50.00%,10.00%,10.00%,27.50%,50.00%,0.45%,48,37.30%,36.79%,8.15%,5.47%,1.49,-5.05%,66.67%,0.04612849479275982,-0.036822499549372445,3.71,7.73%,0.37%,136.79,37,51.35%,0.22%,0.10%,-8.82%,6.54%,False
conf_3m_cdi_40_50_10_20,3,8,40.00%,50.00%,10.00%,20.00%,30.00%,50.00%,0.10%,48,35.50%,35.02%,7.80%,5.26%,1.48,-5.05%,66.67%,0.04124143354266363,-0.036822499549372445,3.50,7.30%,0.35%,135.02,37,51.35%,-0.20%,0.10%,-10.43%,6.54%,False
conf_3m_cdi_40_50_10_30,3,8,40.00%,50.00%,10.00%,30.00%,32.50%,50.00%,-0.25%,48,33.71%,33.27%,7.44%,5.07%,1.47,-5.05%,66.67%,0.036353373659248955,-0.036822499549372445,3.30,6.87%,0.33%,133.27,37,51.35%,-0.61%,0.10%,-12.03%,6.54%,False
conf_3m_cdi_40_50_10_40,3,8,40.00%,50.00%,10.00%,40.00%,35.00%,50.00%,-0.60%,48,31.93%,31.53%,7.09%,4.90%,1.45,-5.05%,66.67%,0.03146431514251624,-0.036822499549372445,3.09,6.43%,0.31%,131.53,37,51.35%,-1.02%,0.10%,-13.61%,6.54%,False
conf_3m_cdi_40_50_10_50,3,8,40.00%,50.00%,10.00%,50.00%,37.50%,50.00%,-0.96%,48,30.18%,29.80%,6.74%,4.76%,1.42,-5.05%,66.67%,0.030992741717698502,-0.036822499549372445,2.91,6.07%,0.29%,129.80,37,51.35%,-1.43%,0.10%,-15.20%,6.54%,False
conf_3m_cdi_40_50_20_00,3,8,40.00%,50.00%,20.00%,0.00%,27.50%,50.00%,0.94%,48,39.78%,39.26%,8.63%,5.66%,1.53,-5.05%,66.67%,0.0510145574095382,-0.036822499549372445,3.71,7.73%,0.37%,139.26,37,54.05%,0.80%,0.55%,-7.19%,6.54%,False
conf_3m_cdi_40_50_20_10,3,8,40.00%,50.00%,20.00%,10.00%,30.00%,50.00%,0.58%,48,37.95%,37.46%,8.28%,5.43%,1.52,-5.05%,66.67%,0.04612849479275982,-0.036822499549372445,3.50,7.30%,0.35%,137.46,37,54.05%,0.38%,0.55%,-8.82%,6.54%,False
conf_3m_cdi_40_50_20_20,3,8,40.00%,50.00%,20.00%,20.00%,32.50%,50.00%,0.23%,48,36.13%,35.68%,7.93%,5.22%,1.52,-5.05%,66.67%,0.04124143354266363,-0.036822499549372445,3.30,6.87%,0.33%,135.68,37,54.05%,-0.03%,0.55%,-10.43%,6.54%,False
conf_3m_cdi_40_50_20_30,3,8,40.00%,50.00%,20.00%,30.00%,35.00%,50.00%,-0.12%,48,34.34%,33.92%,7.58%,5.03%,1.51,-5.05%,66.67%,0.036353373659248955,-0.036822499549372445,3.09,6.43%,0.31%,133.92,37,54.05%,-0.45%,0.55%,-12.03%,6.54%,False
conf_3m_cdi_40_50_20_40,3,8,40.00%,50.00%,20.00%,40.00%,37.50%,50.00%,-0.47%,48,32.56%,32.17%,7.22%,4.86%,1.49,-5.05%,66.67%,0.03146431514251624,-0.036822499549372445,2.88,6.00%,0.29%,132.17,37,54.05%,-0.86%,0.55%,-13.61%,6.54%,False
conf_3m_cdi_40_50_20_50,3,8,40.00%,50.00%,20.00%,50.00%,40.00%,50.00%,-0.83%,48,30.79%,30.44%,6.87%,4.71%,1.46,-5.05%,66.67%,0.030992741717698502,-0.036822499549372445,2.71,5.64%,0.27%,130.44,37,54.05%,-1.27%,0.55%,-15.20%,6.54%,False
conf_3m_cdi_40_50_30_00,3,8,40.00%,50.00%,30.00%,0.00%,30.00%,50.00%,1.07%,48,40.43%,39.94%,8.76%,5.62%,1.56,-5.05%,68.75%,0.0510145574095382,-0.036822499549372445,3.50,7.29%,0.35%,139.94,37,56.76%,0.97%,1.00%,-7.19%,6.54%,False
conf_3m_cdi_40_50_30_10,3,8,40.00%,50.00%,30.00%,10.00%,32.50%,50.00%,0.72%,48,38.59%,38.14%,8.41%,5.39%,1.56,-5.05%,68.75%,0.04612849479275982,-0.036822499549372445,3.29,6.86%,0.33%,138.14,37,56.76%,0.55%,1.00%,-8.82%,6.54%,False
conf_3m_cdi_40_50_30_20,3,8,40.00%,50.00%,30.00%,20.00%,35.00%,50.00%,0.36%,48,36.77%,36.35%,8.06%,5.18%,1.55,-5.05%,68.75%,0.04124143354266363,-0.036822499549372445,3.09,6.43%,0.31%,136.35,37,56.76%,0.13%,1.00%,-10.43%,6.54%,False
conf_3m_cdi_40_50_30_30,3,8,40.00%,50.00%,30.00%,30.00%,37.50%,50.00%,0.01%,48,34.97%,34.58%,7.71%,4.99%,1.54,-5.05%,68.75%,0.036353373659248955,-0.036822499549372445,2.88,6.00%,0.29%,134.58,37,56.76%,-0.28%,1.00%,-12.03%,6.54%,False
conf_3m_cdi_40_50_30_40,3,8,40.00%,50.00%,30.00%,40.00%,40.00%,50.00%,-0.34%,48,33.18%,32.82%,7.35%,4.82%,1.53,-5.05%,68.75%,0.03146431514251624,-0.036822499549372445,2.67,5.56%,0.27%,132.82,37,56.76%,-0.69%,1.00%,-13.61%,6.54%,False
conf_3m_cdi_40_50_30_50,3,8,40.00%,50.00%,30.00%,50.00%,42.50%,50.00%,-0.70%,48,31.41%,31.08%,7.00%,4.68%,1.50,-5.05%,68.75%,0.030992741717698502,-0.036822499549372445,2.50,5.20%,0.25%,131.08,37,56.76%,-1.10%,1.00%,-15.20%,6.54%,False
conf_3m_cdi_40_50_40_00,3,8,40.00%,50.00%,40.00%,0.00%,32.50%,50.00%,1.20%,48,41.09%,40.63%,8.90%,5.59%,1.59,-5.05%,70.83%,0.0510145574095382,-0.036822499549372445,3.30,6.87%,0.33%,140.63,37,56.76%,1.14%,1.45%,-7.19%,6.54%,False
conf_3m_cdi_40_50_40_10,3,8,40.00%,50.00%,40.00%,10.00%,35.00%,50.00%,0.85%,48,39.24%,38.81%,8.54%,5.36%,1.59,-5.05%,70.83%,0.04612849479275982,-0.036822499549372445,3.09,6.44%,0.31%,138.81,37,56.76%,0.72%,1.45%,-8.82%,6.54%,False
conf_3m_cdi_40_50_40_20,3,8,40.00%,50.00%,40.00%,20.00%,37.50%,50.00%,0.50%,48,37.41%,37.02%,8.19%,5.15%,1.59,-5.05%,70.83%,0.04124143354266363,-0.036822499549372445,2.88,6.01%,0.29%,137.02,37,56.76%,0.30%,1.45%,-10.43%,6.54%,False
conf_3m_cdi_40_50_40_30,3,8,40.00%,50.00%,40.00%,30.00%,40.00%,50.00%,0.14%,48,35.60%,35.24%,7.84%,4.96%,1.58,-5.05%,70.83%,0.036353373659248955,-0.036822499549372445,2.67,5.57%,0.27%,135.24,37,56.76%,-0.11%,1.45%,-12.03%,6.54%,False
conf_3m_cdi_40_50_40_40,3,8,40.00%,50.00%,40.00%,40.00%,42.50%,50.00%,-0.21%,48,33.80%,33.47%,7.49%,4.79%,1.56,-5.05%,70.83%,0.03146431514251624,-0.036822499549372445,2.47,5.14%,0.25%,133.47,37,56.76%,-0.52%,1.45%,-13.61%,6.54%,False
conf_3m_cdi_40_50_40_50,3,8,40.00%,50.00%,40.00%,50.00%,45.00%,50.00%,-0.57%,48,32.02%,31.72%,7.13%,4.64%,1.54,-5.05%,70.83%,0.030992741717698502,-0.036822499549372445,2.29,4.78%,0.23%,131.72,37,56.76%,-0.93%,1.45%,-15.20%,6.54%,False
conf_3m_cdi_40_50_50_00,3,8,40.00%,50.00%,50.00%,0.00%,35.00%,50.00%,1.33%,48,41.75%,41.31%,9.03%,5.57%,1.62,-5.05%,70.83%,0.0510145574095382,-0.036822499549372445,3.11,6.48%,0.31%,141.31,37,62.16%,1.31%,1.64%,-7.19%,6.54%,False
conf_3m_cdi_40_50_50_10,3,8,40.00%,50.00%,50.00%,10.00%,37.50%,50.00%,0.98%,48,39.89%,39.49%,8.68%,5.34%,1.63,-5.05%,70.83%,0.04612849479275982,-0.036822499549372445,2.90,6.05%,0.29%,139.49,37,62.16%,0.88%,1.64%,-8.82%,6.54%,False
conf_3m_cdi_40_50_50_20,3,8,40.00%,50.00%,50.00%,20.00%,40.00%,50.00%,0.63%,48,38.06%,37.68%,8.32%,5.12%,1.62,-5.05%,70.83%,0.04124143354266363,-0.036822499549372445,2.70,5.62%,0.27%,137.68,37,62.16%,0.47%,1.64%,-10.43%,6.54%,False
conf_3m_cdi_40_50_50_30,3,8,40.00%,50.00%,50.00%,30.00%,42.50%,50.00%,0.27%,48,36.23%,35.90%,7.97%,4.93%,1.62,-5.05%,70.83%,0.036353373659248955,-0.036822499549372445,2.49,5.18%,0.25%,135.90,37,62.16%,0.05%,1.64%,-12.03%,6.54%,False
conf_3m_cdi_40_50_50_40,3,8,40.00%,50.00%,50.00%,40.00%,45.00%,50.00%,-0.08%,48,34.43%,34.12%,7.62%,4.76%,1.60,-5.05%,70.83%,0.03146431514251624,-0.036822499549372445,2.28,4.75%,0.23%,134.12,37,62.16%,-0.36%,1.64%,-13.61%,6.54%,False
conf_3m_cdi_40_50_50_50,3,8,40.00%,50.00%,50.00%,50.00%,47.50%,50.00%,-0.44%,48,32.64%,32.36%,7.26%,4.61%,1.57,-5.05%,70.83%,0.030992741717698502,-0.036822499549372445,2.11,4.39%,0.21%,132.36,37,62.16%,-0.77%,1.64%,-15.20%,6.54%,True
conf_3m_cdi_50_00_00_00,3,8,50.00%,0.00%,0.00%,0.00%,12.50%,50.00%,3.31%,48,52.45%,51.86%,11.01%,6.42%,1.72,-4.07%,62.50%,0.051505551784493786,-0.030122209320361804,3.88,8.07%,0.39%,151.86,37,86.49%,3.02%,2.45%,-0.27%,7.22%,False
conf_3m_cdi_50_00_00_10,3,8,50.00%,0.00%,0.00%,10.00%,15.00%,50.00%,2.95%,48,50.46%,49.85%,10.64%,6.22%,1.71,-4.07%,62.50%,0.04643254580152223,-0.030122209320361804,4.01,8.35%,0.40%,149.85,37,83.78%,2.57%,1.54%,-1.86%,7.22%,False
conf_3m_cdi_50_00_00_20,3,8,50.00%,0.00%,0.00%,20.00%,17.50%,50.00%,2.58%,48,48.48%,47.86%,10.27%,6.05%,1.70,-4.07%,62.50%,0.04133591985850882,-0.030122209320361804,4.20,8.74%,0.42%,147.86,37,64.86%,2.12%,1.46%,-3.63%,7.22%,False
conf_3m_cdi_50_00_00_30,3,8,50.00%,0.00%,0.00%,30.00%,20.00%,50.00%,2.20%,48,46.52%,45.88%,9.90%,5.89%,1.68,-4.07%,62.50%,0.039961177362125566,-0.030122209320361804,4.39,9.14%,0.44%,145.88,37,59.46%,1.67%,1.20%,-5.38%,7.22%,False
conf_3m_cdi_50_00_00_40,3,8,50.00%,0.00%,0.00%,40.00%,22.50%,50.00%,1.83%,48,44.58%,43.92%,9.53%,5.76%,1.66,-4.07%,62.50%,0.039961177362125566,-0.030122209320361804,4.57,9.53%,0.46%,143.92,37,56.76%,1.23%,1.20%,-7.12%,7.22%,False
conf_3m_cdi_50_00_00_50,3,8,50.00%,0.00%,0.00%,50.00%,25.00%,50.00%,1.46%,48,42.65%,41.97%,9.16%,5.65%,1.62,-4.07%,62.50%,0.039961177362125566,-0.030122209320361804,4.76,9.92%,0.48%,141.97,37,56.76%,0.79%,1.20%,-8.84%,7.22%,False
conf_3m_cdi_50_00_10_00,3,8,50.00%,0.00%,10.00%,0.00%,15.00%,50.00%,3.44%,48,53.17%,52.55%,11.14%,6.38%,1.75,-4.07%,62.50%,0.051505551784493786,-0.030122209320361804,4.03,8.40%,0.40%,152.55,37,97.30%,3.18%,2.58%,-0.09%,7.22%,False
conf_3m_cdi_50_00_10_10,3,8,50.00%,0.00%,10.00%,10.00%,17.50%,50.00%,3.07%,48,51.17%,50.54%,10.77%,6.18%,1.74,-4.07%,62.50%,0.04643254580152223,-0.030122209320361804,4.17,8.68%,0.42%,150.54,37,97.30%,2.73%,1.88%,-1.86%,7.22%,False
conf_3m_cdi_50_00_10_20,3,8,50.00%,0.00%,10.00%,20.00%,20.00%,50.00%,2.70%,48,49.18%,48.53%,10.40%,6.00%,1.73,-4.07%,62.50%,0.04133591985850882,-0.030122209320361804,4.35,9.07%,0.44%,148.53,37,75.68%,2.28%,1.66%,-3.63%,7.22%,False
conf_3m_cdi_50_00_10_30,3,8,50.00%,0.00%,10.00%,30.00%,22.50%,50.00%,2.33%,48,47.21%,46.54%,10.03%,5.85%,1.71,-4.07%,62.50%,0.039961177362125566,-0.030122209320361804,4.54,9.46%,0.45%,146.54,37,70.27%,1.83%,1.65%,-5.38%,7.22%,False
conf_3m_cdi_50_00_10_40,3,8,50.00%,0.00%,10.00%,40.00%,25.00%,50.00%,1.96%,48,45.26%,44.57%,9.65%,5.71%,1.69,-4.07%,62.50%,0.039961177362125566,-0.030122209320361804,4.73,9.86%,0.47%,144.57,37,67.57%,1.39%,1.65%,-7.12%,7.22%,False
conf_3m_cdi_50_00_10_50,3,8,50.00%,0.00%,10.00%,50.00%,27.50%,50.00%,1.59%,48,43.33%,42.62%,9.28%,5.60%,1.66,-4.07%,62.50%,0.039961177362125566,-0.030122209320361804,4.92,10.25%,0.49%,142.62,37,67.57%,0.95%,1.65%,-8.84%,7.22%,False
conf_3m_cdi_50_00_20_00,3,8,50.00%,0.00%,20.00%,0.00%,17.50%,50.00%,3.57%,48,53.89%,53.24%,11.26%,6.34%,1.78,-4.07%,62.50%,0.051505551784493786,-0.030122209320361804,4.22,8.79%,0.42%,153.24,37,97.30%,3.33%,2.75%,-0.09%,7.22%,False
conf_3m_cdi_50_00_20_10,3,8,50.00%,0.00%,20.00%,10.00%,20.00%,50.00%,3.20%,48,51.88%,51.22%,10.89%,6.14%,1.77,-4.07%,62.50%,0.04643254580152223,-0.030122209320361804,4.35,9.07%,0.44%,151.22,37,97.30%,2.88%,2.23%,-1.86%,7.22%,False
conf_3m_cdi_50_00_20_20,3,8,50.00%,0.00%,20.00%,20.00%,22.50%,50.00%,2.83%,48,49.88%,49.20%,10.52%,5.96%,1.76,-4.07%,62.50%,0.04133591985850882,-0.030122209320361804,4.54,9.46%,0.45%,149.20,37,78.38%,2.43%,1.82%,-3.63%,7.22%,False
conf_3m_cdi_50_00_20_30,3,8,50.00%,0.00%,20.00%,30.00%,25.00%,50.00%,2.45%,48,47.90%,47.21%,10.15%,5.81%,1.75,-4.07%,62.50%,0.039961177362125566,-0.030122209320361804,4.73,9.85%,0.47%,147.21,37,70.27%,1.98%,1.78%,-5.38%,7.22%,False
conf_3m_cdi_50_00_20_40,3,8,50.00%,0.00%,20.00%,40.00%,27.50%,50.00%,2.08%,48,45.94%,45.23%,9.78%,5.67%,1.72,-4.07%,62.50%,0.039961177362125566,-0.030122209320361804,4.92,10.24%,0.49%,145.23,37,67.57%,1.54%,1.78%,-7.12%,7.22%,False
conf_3m_cdi_50_00_20_50,3,8,50.00%,0.00%,20.00%,50.00%,30.00%,50.00%,1.71%,48,44.00%,43.27%,9.40%,5.56%,1.69,-4.07%,62.50%,0.039961177362125566,-0.030122209320361804,5.10,10.63%,0.51%,143.27,37,67.57%,1.10%,1.78%,-8.84%,7.22%,False
conf_3m_cdi_50_00_30_00,3,8,50.00%,0.00%,30.00%,0.00%,20.00%,50.00%,3.69%,48,54.62%,53.94%,11.39%,6.30%,1.81,-4.07%,64.58%,0.051505551784493786,-0.030122209320361804,4.41,9.18%,0.44%,153.94,37,97.30%,3.49%,2.87%,-0.09%,7.22%,False
conf_3m_cdi_50_00_30_10,3,8,50.00%,0.00%,30.00%,10.00%,22.50%,50.00%,3.32%,48,52.59%,51.90%,11.02%,6.10%,1.80,-4.07%,64.58%,0.04643254580152223,-0.030122209320361804,4.54,9.46%,0.45%,151.90,37,97.30%,3.04%,2.74%,-1.86%,7.22%,False
conf_3m_cdi_50_00_30_20,3,8,50.00%,0.00%,30.00%,20.00%,25.00%,50.00%,2.95%,48,50.59%,49.88%,10.65%,5.93%,1.80,-4.07%,64.58%,0.04133591985850882,-0.030122209320361804,4.73,9.86%,0.47%,149.88,37,81.08%,2.59%,1.90%,-3.63%,7.22%,False
conf_3m_cdi_50_00_30_30,3,8,50.00%,0.00%,30.00%,30.00%,27.50%,50.00%,2.58%,48,48.60%,47.87%,10.27%,5.77%,1.78,-4.07%,64.58%,0.039961177362125566,-0.030122209320361804,4.92,10.25%,0.49%,147.87,37,72.97%,2.14%,1.90%,-5.38%,7.22%,False
conf_3m_cdi_50_00_30_40,3,8,50.00%,0.00%,30.00%,40.00%,30.00%,50.00%,2.21%,48,46.63%,45.88%,9.90%,5.63%,1.76,-4.07%,64.58%,0.039961177362125566,-0.030122209320361804,5.11,10.64%,0.51%,145.88,37,67.57%,1.70%,1.90%,-7.12%,7.22%,False
conf_3m_cdi_50_00_30_50,3,8,50.00%,0.00%,30.00%,50.00%,32.50%,50.00%,1.83%,48,44.68%,43.91%,9.53%,5.52%,1.73,-4.07%,64.58%,0.039961177362125566,-0.030122209320361804,5.29,11.03%,0.53%,143.91,37,67.57%,1.26%,1.90%,-8.84%,7.22%,False
conf_3m_cdi_50_00_40_00,3,8,50.00%,0.00%,40.00%,0.00%,22.50%,50.00%,3.82%,48,55.34%,54.63%,11.51%,6.27%,1.84,-4.07%,66.67%,0.051505551784493786,-0.030122209320361804,4.60,9.59%,0.46%,154.63,37,97.30%,3.65%,3.25%,-0.09%,7.22%,False
conf_3m_cdi_50_00_40_10,3,8,50.00%,0.00%,40.00%,10.00%,25.00%,50.00%,3.45%,48,53.31%,52.58%,11.14%,6.07%,1.84,-4.07%,66.67%,0.04643254580152223,-0.030122209320361804,4.74,9.87%,0.47%,152.58,37,94.59%,3.19%,2.97%,-1.86%,7.22%,False
conf_3m_cdi_50_00_40_20,3,8,50.00%,0.00%,40.00%,20.00%,27.50%,50.00%,3.07%,48,51.29%,50.55%,10.77%,5.89%,1.83,-4.07%,66.67%,0.04133591985850882,-0.030122209320361804,4.92,10.26%,0.49%,150.55,37,81.08%,2.74%,2.06%,-3.63%,7.22%,False
conf_3m_cdi_50_00_40_30,3,8,50.00%,0.00%,40.00%,30.00%,30.00%,50.00%,2.70%,48,49.29%,48.53%,10.40%,5.73%,1.81,-4.07%,66.67%,0.039961177362125566,-0.030122209320361804,5.11,10.65%,0.51%,148.53,37,72.97%,2.29%,2.06%,-5.38%,7.22%,False
conf_3m_cdi_50_00_40_40,3,8,50.00%,0.00%,40.00%,40.00%,32.50%,50.00%,2.33%,48,47.32%,46.54%,10.02%,5.60%,1.79,-4.07%,66.67%,0.039961177362125566,-0.030122209320361804,5.30,11.04%,0.53%,146.54,37,70.27%,1.85%,2.06%,-7.12%,7.22%,False
conf_3m_cdi_50_00_40_50,3,8,50.00%,0.00%,40.00%,50.00%,35.00%,50.00%,1.96%,48,45.35%,44.56%,9.65%,5.48%,1.76,-4.07%,66.67%,0.039961177362125566,-0.030122209320361804,5.49,11.43%,0.55%,144.56,37,67.57%,1.41%,2.06%,-8.84%,7.22%,False
conf_3m_cdi_50_00_50_00,3,8,50.00%,0.00%,50.00%,0.00%,25.00%,50.00%,3.94%,48,56.07%,55.32%,11.64%,6.24%,1.87,-4.07%,66.67%,0.051505551784493786,-0.030122209320361804,4.79,9.98%,0.48%,155.32,37,97.30%,3.80%,3.58%,-0.09%,7.22%,False
conf_3m_cdi_50_00_50_10,3,8,50.00%,0.00%,50.00%,10.00%,27.50%,50.00%,3.57%,48,54.02%,53.27%,11.27%,6.04%,1.86,-4.07%,66.67%,0.04643254580152223,-0.030122209320361804,4.93,10.26%,0.49%,153.27,37,94.59%,3.35%,2.96%,-1.86%,7.22%,False
conf_3m_cdi_50_00_50_20,3,8,50.00%,0.00%,50.00%,20.00%,30.00%,50.00%,3.20%,48,52.00%,51.22%,10.89%,5.86%,1.86,-4.07%,66.67%,0.04133591985850882,-0.030122209320361804,5.11,10.66%,0.51%,151.22,37,81.08%,2.90%,2.54%,-3.63%,7.22%,False
conf_3m_cdi_50_00_50_30,3,8,50.00%,0.00%,50.00%,30.00%,32.50%,50.00%,2.82%,48,49.99%,49.20%,10.52%,5.70%,1.84,-4.07%,66.67%,0.039961177362125566,-0.030122209320361804,5.30,11.05%,0.53%,149.20,37,72.97%,2.45%,2.54%,-5.38%,7.22%,False
conf_3m_cdi_50_00_50_40,3,8,50.00%,0.00%,50.00%,40.00%,35.00%,50.00%,2.45%,48,48.01%,47.19%,10.15%,5.57%,1.82,-4.07%,66.67%,0.039961177362125566,-0.030122209320361804,5.49,11.44%,0.55%,147.19,37,70.27%,2.01%,2.54%,-7.12%,7.22%,False
conf_3m_cdi_50_00_50_50,3,8,50.00%,0.00%,50.00%,50.00%,37.50%,50.00%,2.08%,48,46.03%,45.21%,9.77%,5.45%,1.79,-4.07%,66.67%,0.039961177362125566,-0.030122209320361804,5.68,11.83%,0.57%,145.21,37,70.27%,1.57%,2.54%,-8.84%,7.22%,False
conf_3m_cdi_50_10_00_00,3,8,50.00%,10.00%,0.00%,0.00%,15.00%,50.00%,2.93%,48,50.31%,49.74%,10.62%,6.16%,1.73,-4.07%,62.50%,0.05142887129476481,-0.030122209320361804,3.77,7.85%,0.38%,149.74,37,78.38%,2.64%,1.51%,-1.63%,7.32%,False
conf_3m_cdi_50_10_00_10,3,8,50.00%,10.00%,0.00%,10.00%,17.50%,50.00%,2.57%,48,48.34%,47.81%,10.26%,5.96%,1.72,-4.07%,62.50%,0.046512900945293145,-0.030122209320361804,3.61,7.51%,0.36%,147.81,37,59.46%,2.20%,1.36%,-3.35%,7.32%,False
conf_3m_cdi_50_10_00_20,3,8,50.00%,10.00%,0.00%,20.00%,20.00%,50.00%,2.20%,48,46.39%,45.85%,9.89%,5.77%,1.71,-4.07%,62.50%,0.04143664469886588,-0.030122209320361804,3.74,7.80%,0.37%,145.85,37,56.76%,1.75%,1.13%,-5.09%,7.32%,False
conf_3m_cdi_50_10_00_30,3,8,50.00%,10.00%,0.00%,30.00%,22.50%,50.00%,1.83%,48,44.46%,43.89%,9.52%,5.60%,1.70,-4.07%,62.50%,0.036340338760078694,-0.030122209320361804,3.93,8.19%,0.39%,143.89,37,51.35%,1.31%,1.13%,-6.82%,7.32%,False
conf_3m_cdi_50_10_00_40,3,8,50.00%,10.00%,0.00%,40.00%,25.00%,50.00%,1.46%,48,42.54%,41.96%,9.15%,5.46%,1.68,-4.07%,62.50%,0.03617247886336217,-0.030122209320361804,4.12,8.58%,0.41%,141.96,37,51.35%,0.87%,1.13%,-8.54%,7.32%,False
conf_3m_cdi_50_10_00_50,3,8,50.00%,10.00%,0.00%,50.00%,27.50%,50.00%,1.09%,48,40.65%,40.04%,8.78%,5.34%,1.65,-4.07%,62.50%,0.03617247886336217,-0.030122209320361804,4.31,8.97%,0.43%,140.04,37,51.35%,0.44%,1.13%,-10.24%,7.32%,False
conf_3m_cdi_50_10_10_00,3,8,50.00%,10.00%,10.00%,0.00%,17.50%,50.00%,3.06%,48,51.02%,50.48%,10.76%,6.11%,1.76,-4.07%,62.50%,0.05142887129476481,-0.030122209320361804,3.59,7.49%,0.36%,150.48,37,89.19%,2.80%,1.67%,-1.63%,7.32%,False
conf_3m_cdi_50_10_10_10,3,8,50.00%,10.00%,10.00%,10.00%,20.00%,50.00%,2.70%,48,49.04%,48.53%,10.40%,5.91%,1.76,-4.07%,62.50%,0.046512900945293145,-0.030122209320361804,3.43,7.15%,0.34%,148.53,37,70.27%,2.36%,1.66%,-3.35%,7.32%,False
conf_3m_cdi_50_10_10_20,3,8,50.00%,10.00%,10.00%,20.00%,22.50%,50.00%,2.33%,48,47.08%,46.56%,10.03%,5.73%,1.75,-4.07%,62.50%,0.04143664469886588,-0.030122209320361804,3.57,7.43%,0.36%,146.56,37,64.86%,1.92%,1.65%,-5.09%,7.32%,False
conf_3m_cdi_50_10_10_30,3,8,50.00%,10.00%,10.00%,30.00%,25.00%,50.00%,1.96%,48,45.14%,44.60%,9.66%,5.56%,1.74,-4.07%,62.50%,0.036340338760078694,-0.030122209320361804,3.76,7.83%,0.38%,144.60,37,59.46%,1.48%,1.65%,-6.82%,7.32%,False
conf_3m_cdi_50_10_10_40,3,8,50.00%,10.00%,10.00%,40.00%,27.50%,50.00%,1.59%,48,43.22%,42.65%,9.29%,5.41%,1.72,-4.07%,62.50%,0.03617247886336217,-0.030122209320361804,3.94,8.22%,0.39%,142.65,37,59.46%,1.04%,1.65%,-8.54%,7.32%,False
conf_3m_cdi_50_10_10_50,3,8,50.00%,10.00%,10.00%,50.00%,30.00%,50.00%,1.22%,48,41.31%,40.73%,8.92%,5.29%,1.68,-4.07%,62.50%,0.03617247886336217,-0.030122209320361804,4.13,8.61%,0.41%,140.73,37,59.46%,0.60%,1.65%,-10.24%,7.32%,False
conf_3m_cdi_50_10_20_00,3,8,50.00%,10.00%,20.00%,0.00%,20.00%,50.00%,3.19%,48,51.73%,51.16%,10.88%,6.07%,1.79,-4.07%,62.50%,0.05142887129476481,-0.030122209320361804,3.75,7.82%,0.38%,151.16,37,97.30%,2.96%,2.18%,-1.63%,7.32%,False
conf_3m_cdi_50_10_20_10,3,8,50.00%,10.00%,20.00%,10.00%,22.50%,50.00%,2.83%,48,49.74%,49.21%,10.52%,5.87%,1.79,-4.07%,62.50%,0.046512900945293145,-0.030122209320361804,3.59,7.48%,0.36%,149.21,37,81.08%,2.52%,1.94%,-3.35%,7.32%,False
conf_3m_cdi_50_10_20_20,3,8,50.00%,10.00%,20.00%,20.00%,25.00%,50.00%,2.46%,48,47.77%,47.23%,10.15%,5.68%,1.79,-4.07%,62.50%,0.04143664469886588,-0.030122209320361804,3.73,7.76%,0.37%,147.23,37,72.97%,2.08%,1.77%,-5.09%,7.32%,False
conf_3m_cdi_50_10_20_30,3,8,50.00%,10.00%,20.00%,30.00%,27.50%,50.00%,2.09%,48,45.82%,45.25%,9.78%,5.52%,1.77,-4.07%,62.50%,0.036340338760078694,-0.030122209320361804,3.91,8.16%,0.39%,145.25,37,67.57%,1.63%,1.77%,-6.82%,7.32%,False
conf_3m_cdi_50_10_20_40,3,8,50.00%,10.00%,20.00%,40.00%,30.00%,50.00%,1.72%,48,43.89%,43.30%,9.41%,5.37%,1.75,-4.07%,62.50%,0.03617247886336217,-0.030122209320361804,4.10,8.55%,0.41%,143.30,37,67.57%,1.19%,1.77%,-8.54%,7.32%,False
conf_3m_cdi_50_10_20_50,3,8,50.00%,10.00%,20.00%,50.00%,32.50%,50.00%,1.34%,48,41.98%,41.37%,9.04%,5.25%,1.72,-4.07%,62.50%,0.03617247886336217,-0.030122209320361804,4.29,8.94%,0.43%,141.37,37,67.57%,0.76%,1.77%,-10.24%,7.32%,False
conf_3m_cdi_50_10_30_00,3,8,50.00%,10.00%,30.00%,0.00%,22.50%,50.00%,3.31%,48,52.44%,51.84%,11.01%,6.04%,1.82,-4.07%,64.58%,0.05142887129476481,-0.030122209320361804,3.94,8.20%,0.39%,151.84,37,97.30%,3.11%,2.54%,-1.63%,7.32%,False
conf_3m_cdi_50_10_30_10,3,8,50.00%,10.00%,30.00%,10.00%,25.00%,50.00%,2.95%,48,50.45%,49.88%,10.65%,5.83%,1.83,-4.07%,64.58%,0.046512900945293145,-0.030122209320361804,3.78,7.87%,0.38%,149.88,37,81.08%,2.68%,2.22%,-3.35%,7.32%,False
conf_3m_cdi_50_10_30_20,3,8,50.00%,10.00%,30.00%,20.00%,27.50%,50.00%,2.58%,48,48.47%,47.89%,10.28%,5.64%,1.82,-4.07%,64.58%,0.04143664469886588,-0.030122209320361804,3.91,8.15%,0.39%,147.89,37,75.68%,2.23%,1.89%,-5.09%,7.32%,False
conf_3m_cdi_50_10_30_30,3,8,50.00%,10.00%,30.00%,30.00%,30.00%,50.00%,2.21%,48,46.51%,45.91%,9.91%,5.48%,1.81,-4.07%,64.58%,0.036340338760078694,-0.030122209320361804,4.10,8.54%,0.41%,145.91,37,67.57%,1.79%,1.89%,-6.82%,7.32%,False
conf_3m_cdi_50_10_30_40,3,8,50.00%,10.00%,30.00%,40.00%,32.50%,50.00%,1.84%,48,44.57%,43.95%,9.53%,5.33%,1.79,-4.07%,64.58%,0.03617247886336217,-0.030122209320361804,4.29,8.93%,0.43%,143.95,37,67.57%,1.35%,1.89%,-8.54%,7.32%,False
conf_3m_cdi_50_10_30_50,3,8,50.00%,10.00%,30.00%,50.00%,35.00%,50.00%,1.47%,48,42.64%,42.01%,9.16%,5.21%,1.76,-4.07%,64.58%,0.03617247886336217,-0.030122209320361804,4.48,9.32%,0.45%,142.01,37,67.57%,0.91%,1.89%,-10.24%,7.32%,False
conf_3m_cdi_50_10_40_00,3,8,50.00%,10.00%,40.00%,0.00%,25.00%,50.00%,3.44%,48,53.16%,52.53%,11.13%,6.00%,1.85,-4.07%,66.67%,0.05142887129476481,-0.030122209320361804,4.13,8.60%,0.41%,152.53,37,97.30%,3.27%,2.98%,-1.63%,7.32%,False
conf_3m_cdi_50_10_40_10,3,8,50.00%,10.00%,40.00%,10.00%,27.50%,50.00%,3.07%,48,51.15%,50.55%,10.77%,5.80%,1.86,-4.07%,66.67%,0.046512900945293145,-0.030122209320361804,3.97,8.27%,0.40%,150.55,37,81.08%,2.83%,2.33%,-3.35%,7.32%,False
conf_3m_cdi_50_10_40_20,3,8,50.00%,10.00%,40.00%,20.00%,30.00%,50.00%,2.71%,48,49.16%,48.55%,10.40%,5.61%,1.85,-4.07%,66.67%,0.04143664469886588,-0.030122209320361804,4.10,8.55%,0.41%,148.55,37,75.68%,2.39%,2.01%,-5.09%,7.32%,False
conf_3m_cdi_50_10_40_30,3,8,50.00%,10.00%,40.00%,30.00%,32.50%,50.00%,2.33%,48,47.20%,46.57%,10.03%,5.44%,1.84,-4.07%,66.67%,0.036340338760078694,-0.030122209320361804,4.29,8.94%,0.43%,146.57,37,70.27%,1.94%,2.01%,-6.82%,7.32%,False
conf_3m_cdi_50_10_40_40,3,8,50.00%,10.00%,40.00%,40.00%,35.00%,50.00%,1.96%,48,45.24%,44.60%,9.66%,5.29%,1.82,-4.07%,66.67%,0.03617247886336217,-0.030122209320361804,4.48,9.33%,0.45%,144.60,37,67.57%,1.50%,2.01%,-8.54%,7.32%,False
conf_3m_cdi_50_10_40_50,3,8,50.00%,10.00%,40.00%,50.00%,37.50%,50.00%,1.59%,48,43.31%,42.64%,9.29%,5.17%,1.80,-4.07%,66.67%,0.03617247886336217,-0.030122209320361804,4.67,9.72%,0.47%,142.64,37,67.57%,1.07%,2.01%,-10.24%,7.32%,False
conf_3m_cdi_50_10_50_00,3,8,50.00%,10.00%,50.00%,0.00%,27.50%,50.00%,3.56%,48,53.87%,53.21%,11.26%,5.97%,1.88,-4.07%,66.67%,0.05142887129476481,-0.030122209320361804,4.32,9.00%,0.43%,153.21,37,97.30%,3.43%,2.97%,-1.63%,7.32%,False
conf_3m_cdi_50_10_50_10,3,8,50.00%,10.00%,50.00%,10.00%,30.00%,50.00%,3.20%,48,51.86%,51.23%,10.89%,5.77%,1.89,-4.07%,66.67%,0.046512900945293145,-0.030122209320361804,4.16,8.67%,0.42%,151.23,37,81.08%,2.99%,2.33%,-3.35%,7.32%,False
conf_3m_cdi_50_10_50_20,3,8,50.00%,10.00%,50.00%,20.00%,32.50%,50.00%,2.83%,48,49.86%,49.22%,10.52%,5.58%,1.89,-4.07%,66.67%,0.04143664469886588,-0.030122209320361804,4.29,8.95%,0.43%,149.22,37,78.38%,2.54%,2.13%,-5.09%,7.32%,False
conf_3m_cdi_50_10_50_30,3,8,50.00%,10.00%,50.00%,30.00%,35.00%,50.00%,2.46%,48,47.88%,47.22%,10.15%,5.41%,1.88,-4.07%,66.67%,0.036340338760078694,-0.030122209320361804,4.48,9.34%,0.45%,147.22,37,70.27%,2.10%,2.13%,-6.82%,7.32%,False
conf_3m_cdi_50_10_50_40,3,8,50.00%,10.00%,50.00%,40.00%,37.50%,50.00%,2.08%,48,45.92%,45.24%,9.78%,5.26%,1.86,-4.07%,66.67%,0.03617247886336217,-0.030122209320361804,4.67,9.73%,0.47%,145.24,37,70.27%,1.66%,2.13%,-8.54%,7.32%,False
conf_3m_cdi_50_10_50_50,3,8,50.00%,10.00%,50.00%,50.00%,40.00%,50.00%,1.71%,48,43.98%,43.28%,9.41%,5.14%,1.83,-4.07%,66.67%,0.03617247886336217,-0.030122209320361804,4.86,10.12%,0.49%,143.28,37,67.57%,1.22%,2.13%,-10.24%,7.32%,False
conf_3m_cdi_50_20_00_00,3,8,50.00%,20.00%,0.00%,0.00%,17.50%,50.00%,2.53%,48,48.18%,47.63%,10.23%,5.91%,1.73,-4.07%,62.50%,0.05132643387070557,-0.030122209320361804,3.73,7.77%,0.37%,147.63,37,67.57%,2.25%,1.21%,-3.17%,7.58%,False
conf_3m_cdi_50_20_00_10,3,8,50.00%,20.00%,0.00%,10.00%,20.00%,50.00%,2.18%,48,46.25%,45.73%,9.87%,5.70%,1.73,-4.07%,62.50%,0.046438890316346404,-0.030122209320361804,3.53,7.35%,0.35%,145.73,37,56.76%,1.82%,1.07%,-4.86%,7.58%,False
conf_3m_cdi_50_20_00_20,3,8,50.00%,20.00%,0.00%,20.00%,22.50%,50.00%,1.82%,48,44.32%,43.84%,9.51%,5.51%,1.73,-4.07%,62.50%,0.04152069542759018,-0.030122209320361804,3.36,7.01%,0.34%,143.84,37,51.35%,1.39%,0.92%,-6.54%,7.58%,False
conf_3m_cdi_50_20_00_30,3,8,50.00%,20.00%,0.00%,30.00%,25.00%,50.00%,1.45%,48,42.42%,41.92%,9.15%,5.33%,1.71,-4.07%,62.50%,0.036441316919494815,-0.030122209320361804,3.50,7.30%,0.35%,141.92,37,51.35%,0.95%,0.92%,-8.25%,7.58%,False
conf_3m_cdi_50_20_00_40,3,8,50.00%,20.00%,0.00%,40.00%,27.50%,50.00%,1.08%,48,40.53%,40.01%,8.78%,5.18%,1.69,-4.07%,62.50%,0.032383863542266855,-0.030122209320361804,3.69,7.69%,0.37%,140.01,37,51.35%,0.51%,0.92%,-9.94%,7.58%,False
conf_3m_cdi_50_20_00_50,3,8,50.00%,20.00%,0.00%,50.00%,30.00%,50.00%,0.71%,48,38.66%,38.12%,8.41%,5.05%,1.67,-4.07%,62.50%,0.032383863542266855,-0.030122209320361804,3.88,8.08%,0.39%,138.12,37,51.35%,0.08%,0.92%,-11.62%,7.58%,False
conf_3m_cdi_50_20_10_00,3,8,50.00%,20.00%,10.00%,0.00%,20.00%,50.00%,2.67%,48,48.88%,48.36%,10.36%,5.87%,1.77,-4.07%,62.50%,0.05132643387070557,-0.030122209320361804,3.53,7.35%,0.35%,148.36,37,70.27%,2.42%,1.62%,-3.17%,7.58%,False
conf_3m_cdi_50_20_10_10,3,8,50.00%,20.00%,10.00%,10.00%,22.50%,50.00%,2.31%,48,46.94%,46.45%,10.01%,5.66%,1.77,-4.07%,62.50%,0.046438890316346404,-0.030122209320361804,3.33,6.93%,0.33%,146.45,37,59.46%,1.98%,1.38%,-4.86%,7.58%,False
conf_3m_cdi_50_20_10_20,3,8,50.00%,20.00%,10.00%,20.00%,25.00%,50.00%,1.95%,48,45.00%,44.55%,9.65%,5.46%,1.77,-4.07%,62.50%,0.04152069542759018,-0.030122209320361804,3.16,6.59%,0.32%,144.55,37,54.05%,1.55%,1.38%,-6.54%,7.58%,False
conf_3m_cdi_50_20_10_30,3,8,50.00%,20.00%,10.00%,30.00%,27.50%,50.00%,1.59%,48,43.09%,42.62%,9.28%,5.29%,1.76,-4.07%,62.50%,0.036441316919494815,-0.030122209320361804,3.30,6.88%,0.33%,142.62,37,54.05%,1.12%,1.38%,-8.25%,7.58%,False
conf_3m_cdi_50_20_10_40,3,8,50.00%,20.00%,10.00%,40.00%,30.00%,50.00%,1.22%,48,41.19%,40.70%,8.91%,5.13%,1.74,-4.07%,62.50%,0.032383863542266855,-0.030122209320361804,3.49,7.27%,0.35%,140.70,37,54.05%,0.68%,1.38%,-9.94%,7.58%,False
conf_3m_cdi_50_20_10_50,3,8,50.00%,20.00%,10.00%,50.00%,32.50%,50.00%,0.85%,48,39.31%,38.80%,8.54%,5.00%,1.71,-4.07%,62.50%,0.032383863542266855,-0.030122209320361804,3.68,7.66%,0.37%,138.80,37,54.05%,0.25%,1.38%,-11.62%,7.58%,False
conf_3m_cdi_50_20_20_00,3,8,50.00%,20.00%,20.00%,0.00%,22.50%,50.00%,2.80%,48,49.58%,49.08%,10.50%,5.83%,1.80,-4.07%,62.50%,0.05132643387070557,-0.030122209320361804,3.35,6.98%,0.34%,149.08,37,83.78%,2.58%,1.94%,-3.17%,7.58%,False
conf_3m_cdi_50_20_20_10,3,8,50.00%,20.00%,20.00%,10.00%,25.00%,50.00%,2.45%,48,47.63%,47.16%,10.14%,5.62%,1.81,-4.07%,62.50%,0.046438890316346404,-0.030122209320361804,3.15,6.56%,0.32%,147.16,37,67.57%,2.15%,1.76%,-4.86%,7.58%,False
conf_3m_cdi_50_20_20_20,3,8,50.00%,20.00%,20.00%,20.00%,27.50%,50.00%,2.09%,48,45.69%,45.25%,9.78%,5.42%,1.80,-4.07%,62.50%,0.04152069542759018,-0.030122209320361804,2.99,6.22%,0.30%,145.25,37,62.16%,1.72%,1.76%,-6.54%,7.58%,False
conf_3m_cdi_50_20_20_30,3,8,50.00%,20.00%,20.00%,30.00%,30.00%,50.00%,1.72%,48,43.76%,43.31%,9.41%,5.24%,1.80,-4.07%,62.50%,0.036441316919494815,-0.030122209320361804,3.13,6.51%,0.31%,143.31,37,62.16%,1.28%,1.76%,-8.25%,7.58%,False
conf_3m_cdi_50_20_20_40,3,8,50.00%,20.00%,20.00%,40.00%,32.50%,50.00%,1.35%,48,41.86%,41.39%,9.04%,5.09%,1.78,-4.07%,62.50%,0.032388335303832116,-0.030122209320361804,3.31,6.90%,0.33%,141.39,37,62.16%,0.85%,1.76%,-9.94%,7.58%,False
conf_3m_cdi_50_20_20_50,3,8,50.00%,20.00%,20.00%,50.00%,35.00%,50.00%,0.98%,48,39.97%,39.48%,8.67%,4.96%,1.75,-4.07%,62.50%,0.032388335303832116,-0.030122209320361804,3.50,7.29%,0.35%,139.48,37,62.16%,0.42%,1.76%,-11.62%,7.58%,False
conf_3m_cdi_50_20_30_00,3,8,50.00%,20.00%,30.00%,0.00%,25.00%,50.00%,2.93%,48,50.29%,49.76%,10.62%,5.79%,1.83,-4.07%,64.58%,0.05132643387070557,-0.030122209320361804,3.51,7.31%,0.35%,149.76,37,89.19%,2.74%,2.23%,-3.17%,7.58%,False
conf_3m_cdi_50_20_30_10,3,8,50.00%,20.00%,30.00%,10.00%,27.50%,50.00%,2.57%,48,48.32%,47.83%,10.27%,5.58%,1.84,-4.07%,64.58%,0.046438890316346404,-0.030122209320361804,3.31,6.89%,0.33%,147.83,37,75.68%,2.31%,1.88%,-4.86%,7.58%,False
conf_3m_cdi_50_20_30_20,3,8,50.00%,20.00%,30.00%,20.00%,30.00%,50.00%,2.21%,48,46.37%,45.91%,9.91%,5.38%,1.84,-4.07%,64.58%,0.04152069542759018,-0.030122209320361804,3.15,6.56%,0.31%,145.91,37,67.57%,1.88%,1.88%,-6.54%,7.58%,False
conf_3m_cdi_50_20_30_30,3,8,50.00%,20.00%,30.00%,30.00%,32.50%,50.00%,1.84%,48,44.44%,43.97%,9.54%,5.20%,1.83,-4.07%,64.58%,0.036441316919494815,-0.030122209320361804,3.28,6.84%,0.33%,143.97,37,67.57%,1.44%,1.88%,-8.25%,7.58%,False
conf_3m_cdi_50_20_30_40,3,8,50.00%,20.00%,30.00%,40.00%,35.00%,50.00%,1.47%,48,42.52%,42.03%,9.17%,5.05%,1.82,-4.07%,64.58%,0.032383863542266855,-0.030122209320361804,3.47,7.23%,0.35%,142.03,37,67.57%,1.00%,1.88%,-9.94%,7.58%,False
conf_3m_cdi_50_20_30_50,3,8,50.00%,20.00%,30.00%,50.00%,37.50%,50.00%,1.10%,48,40.63%,40.11%,8.80%,4.92%,1.79,-4.07%,64.58%,0.032383863542266855,-0.030122209320361804,3.66,7.63%,0.37%,140.11,37,67.57%,0.57%,1.88%,-11.62%,7.58%,False
conf_3m_cdi_50_20_40_00,3,8,50.00%,20.00%,40.00%,0.00%,27.50%,50.00%,3.05%,48,50.99%,50.43%,10.75%,5.76%,1.87,-4.07%,66.67%,0.05132643387070557,-0.030122209320361804,3.69,7.70%,0.37%,150.43,37,89.19%,2.90%,2.51%,-3.17%,7.58%,False
conf_3m_cdi_50_20_40_10,3,8,50.00%,20.00%,40.00%,10.00%,30.00%,50.00%,2.69%,48,49.02%,48.50%,10.39%,5.54%,1.87,-4.07%,66.67%,0.046438890316346404,-0.030122209320361804,3.49,7.28%,0.35%,148.50,37,75.68%,2.46%,2.00%,-4.86%,7.58%,False
conf_3m_cdi_50_20_40_20,3,8,50.00%,20.00%,40.00%,20.00%,32.50%,50.00%,2.33%,48,47.06%,46.57%,10.03%,5.35%,1.88,-4.07%,66.67%,0.04152069542759018,-0.030122209320361804,3.33,6.94%,0.33%,146.57,37,70.27%,2.03%,2.00%,-6.54%,7.58%,False
conf_3m_cdi_50_20_40_30,3,8,50.00%,20.00%,40.00%,30.00%,35.00%,50.00%,1.97%,48,45.12%,44.61%,9.66%,5.17%,1.87,-4.07%,66.67%,0.036441316919494815,-0.030122209320361804,3.47,7.23%,0.35%,144.61,37,67.57%,1.59%,2.00%,-8.25%,7.58%,False
conf_3m_cdi_50_20_40_40,3,8,50.00%,20.00%,40.00%,40.00%,37.50%,50.00%,1.60%,48,43.19%,42.67%,9.29%,5.01%,1.85,-4.07%,66.67%,0.032383863542266855,-0.030122209320361804,3.66,7.62%,0.37%,142.67,37,67.57%,1.16%,2.00%,-9.94%,7.58%,False
conf_3m_cdi_50_20_40_50,3,8,50.00%,20.00%,40.00%,50.00%,40.00%,50.00%,1.22%,48,41.29%,40.74%,8.92%,4.88%,1.83,-4.07%,66.67%,0.032383863542266855,-0.030122209320361804,3.85,8.01%,0.38%,140.74,37,67.57%,0.73%,2.00%,-11.62%,7.58%,False
conf_3m_cdi_50_20_50_00,3,8,50.00%,20.00%,50.00%,0.00%,30.00%,50.00%,3.18%,48,51.70%,51.11%,10.87%,5.73%,1.90,-4.07%,66.67%,0.05132643387070557,-0.030122209320361804,3.89,8.10%,0.39%,151.11,37,86.49%,3.05%,2.79%,-3.17%,7.58%,False
conf_3m_cdi_50_20_50_10,3,8,50.00%,20.00%,50.00%,10.00%,32.50%,50.00%,2.82%,48,49.71%,49.16%,10.51%,5.51%,1.91,-4.07%,66.67%,0.046438890316346404,-0.030122209320361804,3.69,7.68%,0.37%,149.16,37,78.38%,2.62%,2.12%,-4.86%,7.58%,False
conf_3m_cdi_50_20_50_20,3,8,50.00%,20.00%,50.00%,20.00%,35.00%,50.00%,2.46%,48,47.74%,47.23%,10.15%,5.32%,1.91,-4.07%,66.67%,0.04152069542759018,-0.030122209320361804,3.52,7.34%,0.35%,147.23,37,70.27%,2.19%,2.12%,-6.54%,7.58%,False
conf_3m_cdi_50_20_50_30,3,8,50.00%,20.00%,50.00%,30.00%,37.50%,50.00%,2.09%,48,45.79%,45.26%,9.78%,5.14%,1.90,-4.07%,66.67%,0.036441316919494815,-0.030122209320361804,3.66,7.63%,0.37%,145.26,37,70.27%,1.75%,2.12%,-8.25%,7.58%,False
conf_3m_cdi_50_20_50_40,3,8,50.00%,20.00%,50.00%,40.00%,40.00%,50.00%,1.72%,48,43.86%,43.31%,9.41%,4.98%,1.89,-4.07%,66.67%,0.032383863542266855,-0.030122209320361804,3.85,8.02%,0.38%,143.31,37,67.57%,1.31%,2.12%,-9.94%,7.58%,False
conf_3m_cdi_50_20_50_50,3,8,50.00%,20.00%,50.00%,50.00%,42.50%,50.00%,1.35%,48,41.95%,41.38%,9.04%,4.85%,1.87,-4.07%,66.67%,0.032383863542266855,-0.030122209320361804,4.04,8.41%,0.40%,141.38,37,67.57%,0.88%,2.12%,-11.62%,7.58%,False
conf_3m_cdi_50_30_00_00,3,8,50.00%,30.00%,0.00%,0.00%,20.00%,50.00%,2.14%,48,46.08%,45.54%,9.84%,5.70%,1.73,-4.07%,62.50%,0.05122324135577028,-0.030122209320361804,3.70,7.71%,0.37%,145.54,37,56.76%,1.86%,0.92%,-4.69%,7.83%,False
conf_3m_cdi_50_30_00_10,3,8,50.00%,30.00%,0.00%,10.00%,22.50%,50.00%,1.79%,48,44.17%,43.66%,9.48%,5.47%,1.73,-4.07%,62.50%,0.04633618780848914,-0.030122209320361804,3.49,7.28%,0.35%,143.66,37,54.05%,1.44%,0.63%,-6.36%,7.83%,False
conf_3m_cdi_50_30_00_20,3,8,50.00%,30.00%,0.00%,20.00%,25.00%,50.00%,1.43%,48,42.27%,41.81%,9.12%,5.27%,1.73,-4.07%,62.50%,0.04144813562789018,-0.030122209320361804,3.29,6.86%,0.33%,141.81,37,51.35%,1.01%,0.63%,-8.02%,7.83%,False
conf_3m_cdi_50_30_00_30,3,8,50.00%,30.00%,0.00%,30.00%,27.50%,50.00%,1.07%,48,40.40%,39.96%,8.77%,5.09%,1.72,-4.07%,62.50%,0.03652893371422139,-0.030122209320361804,3.13,6.51%,0.31%,139.96,37,51.35%,0.59%,0.63%,-9.67%,7.83%,False
conf_3m_cdi_50_30_00_40,3,8,50.00%,30.00%,0.00%,40.00%,30.00%,50.00%,0.71%,48,38.53%,38.08%,8.40%,4.92%,1.71,-4.07%,62.50%,0.0314467556791016,-0.030122209320361804,3.27,6.81%,0.33%,138.08,37,51.35%,0.16%,0.63%,-11.34%,7.83%,False
conf_3m_cdi_50_30_00_50,3,8,50.00%,30.00%,0.00%,50.00%,32.50%,50.00%,0.34%,48,36.69%,36.22%,8.03%,4.78%,1.68,-4.07%,62.50%,0.028964810714633638,-0.030122209320361804,3.46,7.20%,0.35%,136.22,37,51.35%,-0.27%,0.63%,-13.00%,7.83%,False
conf_3m_cdi_50_30_10_00,3,8,50.00%,30.00%,10.00%,0.00%,22.50%,50.00%,2.28%,48,46.77%,46.26%,9.97%,5.65%,1.76,-4.07%,62.50%,0.05122324135577028,-0.030122209320361804,3.49,7.28%,0.35%,146.26,37,56.76%,2.03%,1.43%,-4.69%,7.83%,False
conf_3m_cdi_50_30_10_10,3,8,50.00%,30.00%,10.00%,10.00%,25.00%,50.00%,1.92%,48,44.85%,44.37%,9.62%,5.43%,1.77,-4.07%,62.50%,0.04633618780848914,-0.030122209320361804,3.29,6.85%,0.33%,144.37,37,54.05%,1.60%,1.09%,-6.36%,7.83%,False
conf_3m_cdi_50_30_10_20,3,8,50.00%,30.00%,10.00%,20.00%,27.50%,50.00%,1.56%,48,42.94%,42.50%,9.26%,5.22%,1.77,-4.07%,62.50%,0.04144813562789018,-0.030122209320361804,3.08,6.43%,0.31%,142.50,37,51.35%,1.18%,1.09%,-8.02%,7.83%,False
conf_3m_cdi_50_30_10_30,3,8,50.00%,30.00%,10.00%,30.00%,30.00%,50.00%,1.21%,48,41.06%,40.65%,8.90%,5.04%,1.77,-4.07%,62.50%,0.03652893371422139,-0.030122209320361804,2.92,6.08%,0.29%,140.65,37,51.35%,0.75%,1.09%,-9.67%,7.83%,False
conf_3m_cdi_50_30_10_40,3,8,50.00%,30.00%,10.00%,40.00%,32.50%,50.00%,0.84%,48,39.19%,38.76%,8.53%,4.87%,1.75,-4.07%,62.50%,0.0314467556791016,-0.030122209320361804,3.06,6.37%,0.31%,138.76,37,51.35%,0.32%,1.09%,-11.34%,7.83%,False
conf_3m_cdi_50_30_10_50,3,8,50.00%,30.00%,10.00%,50.00%,35.00%,50.00%,0.47%,48,37.33%,36.89%,8.17%,4.73%,1.73,-4.07%,62.50%,0.02906885142670812,-0.030122209320361804,3.25,6.77%,0.32%,136.89,37,51.35%,-0.10%,1.09%,-13.00%,7.83%,False
conf_3m_cdi_50_30_20_00,3,8,50.00%,30.00%,20.00%,0.00%,25.00%,50.00%,2.41%,48,47.46%,46.98%,10.11%,5.61%,1.80,-4.07%,62.50%,0.05122324135577028,-0.030122209320361804,3.29,6.86%,0.33%,146.98,37,62.16%,2.20%,1.65%,-4.69%,7.83%,False
conf_3m_cdi_50_30_20_10,3,8,50.00%,30.00%,20.00%,10.00%,27.50%,50.00%,2.05%,48,45.53%,45.08%,9.75%,5.39%,1.81,-4.07%,62.50%,0.04633618780848914,-0.030122209320361804,3.09,6.43%,0.31%,145.08,37,59.46%,1.77%,1.54%,-6.36%,7.83%,False
conf_3m_cdi_50_30_20_20,3,8,50.00%,30.00%,20.00%,20.00%,30.00%,50.00%,1.70%,48,43.62%,43.20%,9.39%,5.18%,1.81,-4.07%,62.50%,0.04144813562789018,-0.030122209320361804,2.88,6.01%,0.29%,143.20,37,56.76%,1.34%,1.54%,-8.02%,7.83%,False
conf_3m_cdi_50_30_20_30,3,8,50.00%,30.00%,20.00%,30.00%,32.50%,50.00%,1.34%,48,41.72%,41.34%,9.03%,4.99%,1.81,-4.07%,62.50%,0.03652893371422139,-0.030122209320361804,2.72,5.66%,0.27%,141.34,37,56.76%,0.92%,1.54%,-9.67%,7.83%,False
conf_3m_cdi_50_30_20_40,3,8,50.00%,30.00%,20.00%,40.00%,35.00%,50.00%,0.97%,48,39.84%,39.44%,8.67%,4.83%,1.79,-4.07%,62.50%,0.0314467556791016,-0.030122209320361804,2.86,5.95%,0.29%,139.44,37,56.76%,0.49%,1.54%,-11.34%,7.83%,False
conf_3m_cdi_50_30_20_50,3,8,50.00%,30.00%,20.00%,50.00%,37.50%,50.00%,0.60%,48,37.98%,37.56%,8.30%,4.69%,1.77,-4.07%,62.50%,0.02916620624074051,-0.030122209320361804,3.05,6.35%,0.30%,137.56,37,56.76%,0.06%,1.54%,-13.00%,7.83%,False
conf_3m_cdi_50_30_30_00,3,8,50.00%,30.00%,30.00%,0.00%,27.50%,50.00%,2.54%,48,48.15%,47.69%,10.24%,5.57%,1.84,-4.07%,64.58%,0.05122324135577028,-0.030122209320361804,3.11,6.48%,0.31%,147.69,37,70.27%,2.37%,1.86%,-4.69%,7.83%,False
conf_3m_cdi_50_30_30_10,3,8,50.00%,30.00%,30.00%,10.00%,30.00%,50.00%,2.19%,48,46.21%,45.79%,9.88%,5.35%,1.85,-4.07%,64.58%,0.04633618780848914,-0.030122209320361804,2.91,6.05%,0.29%,145.79,37,64.86%,1.94%,1.86%,-6.36%,7.83%,False
conf_3m_cdi_50_30_30_20,3,8,50.00%,30.00%,30.00%,20.00%,32.50%,50.00%,1.83%,48,44.29%,43.90%,9.53%,5.14%,1.85,-4.07%,64.58%,0.04144813562789018,-0.030122209320361804,2.70,5.63%,0.27%,143.90,37,62.16%,1.51%,1.86%,-8.02%,7.83%,False
conf_3m_cdi_50_30_30_30,3,8,50.00%,30.00%,30.00%,30.00%,35.00%,50.00%,1.47%,48,42.39%,42.03%,9.17%,4.95%,1.85,-4.07%,64.58%,0.03652893371422139,-0.030122209320361804,2.54,5.29%,0.25%,142.03,37,62.16%,1.09%,1.86%,-9.67%,7.83%,False
conf_3m_cdi_50_30_30_40,3,8,50.00%,30.00%,30.00%,40.00%,37.50%,50.00%,1.10%,48,40.50%,40.12%,8.80%,4.79%,1.84,-4.07%,64.58%,0.0314467556791016,-0.030122209320361804,2.68,5.58%,0.27%,140.12,37,62.16%,0.66%,1.86%,-11.34%,7.83%,False
conf_3m_cdi_50_30_30_50,3,8,50.00%,30.00%,30.00%,50.00%,40.00%,50.00%,0.74%,48,38.63%,38.23%,8.43%,4.65%,1.81,-4.07%,64.58%,0.029254849495994772,-0.030122209320361804,2.87,5.97%,0.29%,138.23,37,62.16%,0.23%,1.86%,-13.00%,7.83%,False
conf_3m_cdi_50_30_40_00,3,8,50.00%,30.00%,40.00%,0.00%,30.00%,50.00%,2.67%,48,48.85%,48.36%,10.36%,5.54%,1.87,-4.07%,66.67%,0.05122324135577028,-0.030122209320361804,3.27,6.82%,0.33%,148.36,37,75.68%,2.52%,1.98%,-4.69%,7.83%,False
conf_3m_cdi_50_30_40_10,3,8,50.00%,30.00%,40.00%,10.00%,32.50%,50.00%,2.31%,48,46.90%,46.45%,10.01%,5.31%,1.88,-4.07%,66.67%,0.04633618780848914,-0.030122209320361804,3.07,6.39%,0.31%,146.45,37,72.97%,2.09%,1.98%,-6.36%,7.83%,False
conf_3m_cdi_50_30_40_20,3,8,50.00%,30.00%,40.00%,20.00%,35.00%,50.00%,1.95%,48,44.97%,44.55%,9.65%,5.10%,1.89,-4.07%,66.67%,0.04144813562789018,-0.030122209320361804,2.86,5.97%,0.29%,144.55,37,67.57%,1.67%,1.98%,-8.02%,7.83%,False
conf_3m_cdi_50_30_40_30,3,8,50.00%,30.00%,40.00%,30.00%,37.50%,50.00%,1.59%,48,43.05%,42.67%,9.29%,4.92%,1.89,-4.07%,66.67%,0.03652893371422139,-0.030122209320361804,2.70,5.62%,0.27%,142.67,37,67.57%,1.24%,1.98%,-9.67%,7.83%,False
conf_3m_cdi_50_30_40_40,3,8,50.00%,30.00%,40.00%,40.00%,40.00%,50.00%,1.23%,48,41.16%,40.76%,8.92%,4.75%,1.88,-4.07%,66.67%,0.0314467556791016,-0.030122209320361804,2.84,5.92%,0.28%,140.76,37,67.57%,0.81%,1.98%,-11.34%,7.83%,False
conf_3m_cdi_50_30_40_50,3,8,50.00%,30.00%,40.00%,50.00%,42.50%,50.00%,0.86%,48,39.28%,38.86%,8.55%,4.61%,1.86,-4.07%,66.67%,0.029167707158836764,-0.030122209320361804,3.03,6.31%,0.30%,138.86,37,67.57%,0.39%,1.98%,-13.00%,7.83%,False
conf_3m_cdi_50_30_50_00,3,8,50.00%,30.00%,50.00%,0.00%,32.50%,50.00%,2.79%,48,49.54%,49.03%,10.49%,5.51%,1.91,-4.07%,66.67%,0.05122324135577028,-0.030122209320361804,3.46,7.21%,0.35%,149.03,37,78.38%,2.68%,2.11%,-4.69%,7.83%,False
conf_3m_cdi_50_30_50_10,3,8,50.00%,30.00%,50.00%,10.00%,35.00%,50.00%,2.44%,48,47.59%,47.11%,10.13%,5.28%,1.92,-4.07%,66.67%,0.04633618780848914,-0.030122209320361804,3.25,6.78%,0.33%,147.11,37,72.97%,2.25%,2.11%,-6.36%,7.83%,False
conf_3m_cdi_50_30_50_20,3,8,50.00%,30.00%,50.00%,20.00%,37.50%,50.00%,2.08%,48,45.65%,45.20%,9.77%,5.07%,1.93,-4.07%,66.67%,0.04144813562789018,-0.030122209320361804,3.05,6.36%,0.31%,145.20,37,67.57%,1.82%,2.11%,-8.02%,7.83%,False
conf_3m_cdi_50_30_50_30,3,8,50.00%,30.00%,50.00%,30.00%,40.00%,50.00%,1.72%,48,43.72%,43.31%,9.41%,4.88%,1.93,-4.07%,66.67%,0.03652893371422139,-0.030122209320361804,2.89,6.01%,0.29%,143.31,37,67.57%,1.40%,2.11%,-9.67%,7.83%,False
conf_3m_cdi_50_30_50_40,3,8,50.00%,30.00%,50.00%,40.00%,42.50%,50.00%,1.35%,48,41.82%,41.39%,9.04%,4.72%,1.92,-4.07%,66.67%,0.0314467556791016,-0.030122209320361804,3.03,6.30%,0.30%,141.39,37,67.57%,0.97%,2.11%,-11.34%,7.83%,False
conf_3m_cdi_50_30_50_50,3,8,50.00%,30.00%,50.00%,50.00%,45.00%,50.00%,0.98%,48,39.93%,39.48%,8.67%,4.58%,1.90,-4.07%,66.67%,0.029064660224028094,-0.030122209320361804,3.21,6.70%,0.32%,139.48,37,67.57%,0.54%,2.11%,-13.00%,7.83%,False
conf_3m_cdi_50_40_00_00,3,8,50.00%,40.00%,0.00%,0.00%,22.50%,50.00%,1.75%,48,43.99%,43.47%,9.44%,5.50%,1.72,-4.07%,64.58%,0.05111928537013988,-0.030122209320361804,3.67,7.65%,0.37%,143.47,37,54.05%,1.48%,0.51%,-6.20%,8.09%,False
conf_3m_cdi_50_40_00_10,3,8,50.00%,40.00%,0.00%,10.00%,25.00%,50.00%,1.39%,48,42.11%,41.62%,9.09%,5.27%,1.72,-4.07%,64.58%,0.04623272545525836,-0.030122209320361804,3.47,7.22%,0.35%,141.62,37,51.35%,1.06%,0.34%,-7.85%,8.09%,False
conf_3m_cdi_50_40_00_20,3,8,50.00%,40.00%,0.00%,20.00%,27.50%,50.00%,1.04%,48,40.24%,39.78%,8.73%,5.06%,1.73,-4.07%,64.58%,0.041345166907058584,-0.030122209320361804,3.26,6.79%,0.33%,139.78,37,51.35%,0.63%,0.34%,-9.49%,8.09%,False
conf_3m_cdi_50_40_00_30,3,8,50.00%,40.00%,0.00%,30.00%,30.00%,50.00%,0.68%,48,38.39%,37.97%,8.38%,4.86%,1.72,-4.07%,64.58%,0.03645660972554077,-0.030122209320361804,3.05,6.36%,0.31%,137.97,37,51.35%,0.22%,0.34%,-11.12%,8.09%,False
conf_3m_cdi_50_40_00_40,3,8,50.00%,40.00%,0.00%,40.00%,32.50%,50.00%,0.33%,48,36.56%,36.16%,8.02%,4.69%,1.71,-4.07%,64.58%,0.03153747705339782,-0.030122209320361804,2.89,6.01%,0.29%,136.16,37,51.35%,-0.20%,0.34%,-12.73%,8.09%,False
conf_3m_cdi_50_40_00_50,3,8,50.00%,40.00%,0.00%,50.00%,35.00%,50.00%,-0.04%,48,34.74%,34.33%,7.66%,4.54%,1.68,-4.07%,64.58%,0.02645295840195816,-0.030122209320361804,3.03,6.31%,0.30%,134.33,37,51.35%,-0.62%,0.34%,-14.37%,8.09%,False
conf_3m_cdi_50_40_10_00,3,8,50.00%,40.00%,10.00%,0.00%,25.00%,50.00%,1.88%,48,44.67%,44.17%,9.58%,5.46%,1.76,-4.07%,64.58%,0.05111928537013988,-0.030122209320361804,3.47,7.22%,0.35%,144.17,37,54.05%,1.65%,0.79%,-6.20%,8.09%,False
conf_3m_cdi_50_40_10_10,3,8,50.00%,40.00%,10.00%,10.00%,27.50%,50.00%,1.53%,48,42.78%,42.31%,9.22%,5.22%,1.77,-4.07%,64.58%,0.04623272545525836,-0.030122209320361804,3.26,6.79%,0.33%,142.31,37,51.35%,1.22%,0.79%,-7.85%,8.09%,False
conf_3m_cdi_50_40_10_20,3,8,50.00%,40.00%,10.00%,20.00%,30.00%,50.00%,1.17%,48,40.90%,40.47%,8.87%,5.01%,1.77,-4.07%,64.58%,0.041345166907058584,-0.030122209320361804,3.05,6.36%,0.31%,140.47,37,51.35%,0.80%,0.79%,-9.49%,8.09%,False
conf_3m_cdi_50_40_10_30,3,8,50.00%,40.00%,10.00%,30.00%,32.50%,50.00%,0.82%,48,39.04%,38.65%,8.51%,4.81%,1.77,-4.07%,64.58%,0.03645660972554077,-0.030122209320361804,2.85,5.93%,0.28%,138.65,37,51.35%,0.38%,0.79%,-11.12%,8.09%,False
conf_3m_cdi_50_40_10_40,3,8,50.00%,40.00%,10.00%,40.00%,35.00%,50.00%,0.46%,48,37.20%,36.83%,8.16%,4.64%,1.76,-4.07%,64.58%,0.03153747705339782,-0.030122209320361804,2.68,5.58%,0.27%,136.83,37,51.35%,-0.03%,0.79%,-12.73%,8.09%,False
conf_3m_cdi_50_40_10_50,3,8,50.00%,40.00%,10.00%,50.00%,37.50%,50.00%,0.09%,48,35.37%,34.99%,7.79%,4.49%,1.73,-4.07%,64.58%,0.02645295840195816,-0.030122209320361804,2.82,5.88%,0.28%,134.99,37,51.35%,-0.45%,0.79%,-14.37%,8.09%,False
conf_3m_cdi_50_40_20_00,3,8,50.00%,40.00%,20.00%,0.00%,27.50%,50.00%,2.02%,48,45.35%,44.88%,9.71%,5.41%,1.79,-4.07%,64.58%,0.05111928537013988,-0.030122209320361804,3.26,6.79%,0.33%,144.88,37,59.46%,1.81%,1.25%,-6.20%,8.09%,False
conf_3m_cdi_50_40_20_10,3,8,50.00%,40.00%,20.00%,10.00%,30.00%,50.00%,1.66%,48,43.45%,43.01%,9.36%,5.18%,1.81,-4.07%,64.58%,0.04623272545525836,-0.030122209320361804,3.05,6.36%,0.31%,143.01,37,56.76%,1.39%,1.25%,-7.85%,8.09%,False
conf_3m_cdi_50_40_20_20,3,8,50.00%,40.00%,20.00%,20.00%,32.50%,50.00%,1.31%,48,41.57%,41.16%,9.00%,4.96%,1.81,-4.07%,64.58%,0.041345166907058584,-0.030122209320361804,2.85,5.93%,0.28%,141.16,37,56.76%,0.97%,1.25%,-9.49%,8.09%,False
conf_3m_cdi_50_40_20_30,3,8,50.00%,40.00%,20.00%,30.00%,35.00%,50.00%,0.95%,48,39.70%,39.33%,8.65%,4.77%,1.81,-4.07%,64.58%,0.03645660972554077,-0.030122209320361804,2.64,5.50%,0.26%,139.33,37,56.76%,0.55%,1.25%,-11.12%,8.09%,False
conf_3m_cdi_50_40_20_40,3,8,50.00%,40.00%,20.00%,40.00%,37.50%,50.00%,0.59%,48,37.85%,37.51%,8.29%,4.59%,1.80,-4.07%,64.58%,0.03153747705339782,-0.030122209320361804,2.47,5.15%,0.25%,137.51,37,56.76%,0.13%,1.25%,-12.73%,8.09%,False
conf_3m_cdi_50_40_20_50,3,8,50.00%,40.00%,20.00%,50.00%,40.00%,50.00%,0.23%,48,36.01%,35.66%,7.92%,4.44%,1.78,-4.07%,64.58%,0.02645295840195816,-0.030122209320361804,2.62,5.45%,0.26%,135.66,37,56.76%,-0.29%,1.25%,-14.37%,8.09%,False
conf_3m_cdi_50_40_30_00,3,8,50.00%,40.00%,30.00%,0.00%,30.00%,50.00%,2.15%,48,46.04%,45.59%,9.85%,5.37%,1.83,-4.07%,66.67%,0.05111928537013988,-0.030122209320361804,3.05,6.36%,0.31%,145.59,37,59.46%,1.98%,1.70%,-6.20%,8.09%,False
conf_3m_cdi_50_40_30_10,3,8,50.00%,40.00%,30.00%,10.00%,32.50%,50.00%,1.79%,48,44.13%,43.72%,9.49%,5.14%,1.85,-4.07%,66.67%,0.04623272545525836,-0.030122209320361804,2.85,5.94%,0.28%,143.72,37,56.76%,1.56%,1.70%,-7.85%,8.09%,False
conf_3m_cdi_50_40_30_20,3,8,50.00%,40.00%,30.00%,20.00%,35.00%,50.00%,1.44%,48,42.23%,41.86%,9.13%,4.92%,1.86,-4.07%,66.67%,0.041345166907058584,-0.030122209320361804,2.64,5.50%,0.26%,141.86,37,56.76%,1.14%,1.70%,-9.49%,8.09%,False
conf_3m_cdi_50_40_30_30,3,8,50.00%,40.00%,30.00%,30.00%,37.50%,50.00%,1.08%,48,40.35%,40.01%,8.78%,4.73%,1.86,-4.07%,66.67%,0.03645660972554077,-0.030122209320361804,2.44,5.08%,0.24%,140.01,37,56.76%,0.72%,1.70%,-11.12%,8.09%,False
conf_3m_cdi_50_40_30_40,3,8,50.00%,40.00%,30.00%,40.00%,40.00%,50.00%,0.72%,48,38.49%,38.18%,8.42%,4.55%,1.85,-4.07%,66.67%,0.03153747705339782,-0.030122209320361804,2.27,4.72%,0.23%,138.18,37,56.76%,0.30%,1.70%,-12.73%,8.09%,False
conf_3m_cdi_50_40_30_50,3,8,50.00%,40.00%,30.00%,50.00%,42.50%,50.00%,0.36%,48,36.65%,36.32%,8.05%,4.40%,1.83,-4.07%,66.67%,0.02645295840195816,-0.030122209320361804,2.41,5.02%,0.24%,136.32,37,56.76%,-0.12%,1.70%,-14.37%,8.09%,False
conf_3m_cdi_50_40_40_00,3,8,50.00%,40.00%,40.00%,0.00%,32.50%,50.00%,2.28%,48,46.72%,46.30%,9.98%,5.34%,1.87,-4.07%,68.75%,0.05111928537013988,-0.030122209320361804,2.87,5.98%,0.29%,146.30,37,64.86%,2.15%,1.97%,-6.20%,8.09%,False
conf_3m_cdi_50_40_40_10,3,8,50.00%,40.00%,40.00%,10.00%,35.00%,50.00%,1.93%,48,44.80%,44.42%,9.62%,5.11%,1.89,-4.07%,68.75%,0.04623272545525836,-0.030122209320361804,2.67,5.56%,0.27%,144.42,37,62.16%,1.72%,1.97%,-7.85%,8.09%,False
conf_3m_cdi_50_40_40_20,3,8,50.00%,40.00%,40.00%,20.00%,37.50%,50.00%,1.57%,48,42.90%,42.55%,9.27%,4.89%,1.90,-4.07%,68.75%,0.041345166907058584,-0.030122209320361804,2.46,5.12%,0.25%,142.55,37,62.16%,1.30%,1.97%,-9.49%,8.09%,False
conf_3m_cdi_50_40_40_30,3,8,50.00%,40.00%,40.00%,30.00%,40.00%,50.00%,1.21%,48,41.01%,40.69%,8.91%,4.69%,1.90,-4.07%,68.75%,0.03645660972554077,-0.030122209320361804,2.25,4.70%,0.23%,140.69,37,62.16%,0.88%,1.97%,-11.12%,8.09%,False
conf_3m_cdi_50_40_40_40,3,8,50.00%,40.00%,40.00%,40.00%,42.50%,50.00%,0.86%,48,39.14%,38.85%,8.55%,4.52%,1.89,-4.07%,68.75%,0.03153747705339782,-0.030122209320361804,2.09,4.34%,0.21%,138.85,37,62.16%,0.47%,1.97%,-12.73%,8.09%,True
conf_3m_cdi_50_40_40_50,3,8,50.00%,40.00%,40.00%,50.00%,45.00%,50.00%,0.49%,48,37.29%,36.98%,8.19%,4.36%,1.88,-4.07%,68.75%,0.02645295840195816,-0.030122209320361804,2.23,4.64%,0.22%,136.98,37,62.16%,0.05%,1.97%,-14.37%,8.09%,False
conf_3m_cdi_50_40_50_00,3,8,50.00%,40.00%,50.00%,0.00%,35.00%,50.00%,2.41%,48,47.41%,46.96%,10.10%,5.31%,1.90,-4.07%,68.75%,0.05111928537013988,-0.030122209320361804,3.03,6.32%,0.30%,146.96,37,70.27%,2.30%,2.09%,-6.20%,8.09%,False
conf_3m_cdi_50_40_50_10,3,8,50.00%,40.00%,50.00%,10.00%,37.50%,50.00%,2.05%,48,45.48%,45.07%,9.75%,5.07%,1.92,-4.07%,68.75%,0.04623272545525836,-0.030122209320361804,2.83,5.89%,0.28%,145.07,37,64.86%,1.88%,2.09%,-7.85%,8.09%,False
conf_3m_cdi_50_40_50_20,3,8,50.00%,40.00%,50.00%,20.00%,40.00%,50.00%,1.69%,48,43.57%,43.19%,9.39%,4.86%,1.93,-4.07%,68.75%,0.041345166907058584,-0.030122209320361804,2.62,5.46%,0.26%,143.19,37,64.86%,1.46%,2.09%,-9.49%,8.09%,False
conf_3m_cdi_50_40_50_30,3,8,50.00%,40.00%,50.00%,30.00%,42.50%,50.00%,1.34%,48,41.67%,41.33%,9.03%,4.66%,1.94,-4.07%,68.75%,0.03645660972554077,-0.030122209320361804,2.42,5.03%,0.24%,141.33,37,64.86%,1.04%,2.09%,-11.12%,8.09%,False
conf_3m_cdi_50_40_50_40,3,8,50.00%,40.00%,50.00%,40.00%,45.00%,50.00%,0.98%,48,39.79%,39.48%,8.67%,4.48%,1.94,-4.07%,68.75%,0.03153747705339782,-0.030122209320361804,2.25,4.68%,0.22%,139.48,37,64.86%,0.62%,2.09%,-12.73%,8.09%,False
conf_3m_cdi_50_40_50_50,3,8,50.00%,40.00%,50.00%,50.00%,47.50%,50.00%,0.61%,48,37.93%,37.60%,8.31%,4.33%,1.92,-4.07%,68.75%,0.02645295840195816,-0.030122209320361804,2.39,4.98%,0.24%,137.60,37,64.86%,0.20%,2.09%,-14.37%,8.09%,False
conf_3m_cdi_50_50_00_00,3,8,50.00%,50.00%,0.00%,0.00%,25.00%,50.00%,1.35%,48,41.93%,41.40%,9.05%,5.34%,1.70,-4.07%,66.67%,0.0510145574095382,-0.030122209320361804,3.72,7.76%,0.37%,141.40,37,51.35%,1.10%,0.04%,-7.70%,8.34%,False
conf_3m_cdi_50_50_00_10,3,8,50.00%,50.00%,0.00%,10.00%,27.50%,50.00%,1.00%,48,40.07%,39.58%,8.69%,5.10%,1.71,-4.07%,66.67%,0.04612849479275982,-0.030122209320361804,3.52,7.33%,0.35%,139.58,37,51.35%,0.68%,0.04%,-9.33%,8.34%,False
conf_3m_cdi_50_50_00_20,3,8,50.00%,50.00%,0.00%,20.00%,30.00%,50.00%,0.64%,48,38.23%,37.77%,8.34%,4.87%,1.71,-4.07%,66.67%,0.04124143354266363,-0.030122209320361804,3.31,6.90%,0.33%,137.77,37,51.35%,0.26%,0.04%,-10.95%,8.34%,False
conf_3m_cdi_50_50_00_30,3,8,50.00%,50.00%,0.00%,30.00%,32.50%,50.00%,0.29%,48,36.40%,35.98%,7.99%,4.67%,1.71,-4.07%,66.67%,0.036353373659248955,-0.030122209320361804,3.10,6.46%,0.31%,135.98,37,51.35%,-0.15%,0.04%,-12.56%,8.34%,False
conf_3m_cdi_50_50_00_40,3,8,50.00%,50.00%,0.00%,40.00%,35.00%,50.00%,-0.06%,48,34.60%,34.21%,7.63%,4.49%,1.70,-4.07%,66.67%,0.03146431514251624,-0.030122209320361804,2.89,6.03%,0.29%,134.21,37,51.35%,-0.57%,0.04%,-14.15%,8.34%,False
conf_3m_cdi_50_50_00_50,3,8,50.00%,50.00%,0.00%,50.00%,37.50%,50.00%,-0.42%,48,32.80%,32.44%,7.28%,4.33%,1.68,-4.07%,66.67%,0.02654646248898973,-0.030122209320361804,2.72,5.67%,0.27%,132.44,37,51.35%,-0.97%,0.04%,-15.73%,8.34%,False
conf_3m_cdi_50_50_10_00,3,8,50.00%,50.00%,10.00%,0.00%,27.50%,50.00%,1.49%,48,42.60%,42.10%,9.18%,5.29%,1.74,-4.07%,66.67%,0.0510145574095382,-0.030122209320361804,3.52,7.32%,0.35%,142.10,37,51.35%,1.26%,0.49%,-7.70%,8.34%,False
conf_3m_cdi_50_50_10_10,3,8,50.00%,50.00%,10.00%,10.00%,30.00%,50.00%,1.13%,48,40.73%,40.27%,8.83%,5.05%,1.75,-4.07%,66.67%,0.04612849479275982,-0.030122209320361804,3.31,6.89%,0.33%,140.27,37,51.35%,0.84%,0.49%,-9.33%,8.34%,False
conf_3m_cdi_50_50_10_20,3,8,50.00%,50.00%,10.00%,20.00%,32.50%,50.00%,0.78%,48,38.88%,38.45%,8.47%,4.82%,1.76,-4.07%,66.67%,0.04124143354266363,-0.030122209320361804,3.10,6.46%,0.31%,138.45,37,51.35%,0.43%,0.49%,-10.95%,8.34%,False
conf_3m_cdi_50_50_10_30,3,8,50.00%,50.00%,10.00%,30.00%,35.00%,50.00%,0.42%,48,37.05%,36.65%,8.12%,4.62%,1.76,-4.07%,66.67%,0.036353373659248955,-0.030122209320361804,2.89,6.03%,0.29%,136.65,37,51.35%,0.01%,0.49%,-12.56%,8.34%,False
conf_3m_cdi_50_50_10_40,3,8,50.00%,50.00%,10.00%,40.00%,37.50%,50.00%,0.07%,48,35.23%,34.87%,7.76%,4.44%,1.75,-4.07%,66.67%,0.03146431514251624,-0.030122209320361804,2.69,5.59%,0.27%,134.87,37,51.35%,-0.40%,0.49%,-14.15%,8.34%,False
conf_3m_cdi_50_50_10_50,3,8,50.00%,50.00%,10.00%,50.00%,40.00%,50.00%,-0.29%,48,33.43%,33.10%,7.41%,4.28%,1.73,-4.07%,66.67%,0.02654646248898973,-0.030122209320361804,2.51,5.23%,0.25%,133.10,37,51.35%,-0.81%,0.49%,-15.73%,8.34%,False
conf_3m_cdi_50_50_20_00,3,8,50.00%,50.00%,20.00%,0.00%,30.00%,50.00%,1.62%,48,43.27%,42.79%,9.31%,5.25%,1.78,-4.07%,66.67%,0.0510145574095382,-0.030122209320361804,3.31,6.89%,0.33%,142.79,37,54.05%,1.43%,0.95%,-7.70%,8.34%,False
conf_3m_cdi_50_50_20_10,3,8,50.00%,50.00%,20.00%,10.00%,32.50%,50.00%,1.27%,48,41.39%,40.95%,8.96%,5.00%,1.79,-4.07%,66.67%,0.04612849479275982,-0.030122209320361804,3.10,6.46%,0.31%,140.95,37,54.05%,1.01%,0.95%,-9.33%,8.34%,False
conf_3m_cdi_50_50_20_20,3,8,50.00%,50.00%,20.00%,20.00%,35.00%,50.00%,0.91%,48,39.53%,39.13%,8.61%,4.78%,1.80,-4.07%,66.67%,0.04124143354266363,-0.030122209320361804,2.89,6.03%,0.29%,139.13,37,54.05%,0.59%,0.95%,-10.95%,8.34%,False
conf_3m_cdi_50_50_20_30,3,8,50.00%,50.00%,20.00%,30.00%,37.50%,50.00%,0.56%,48,37.69%,37.32%,8.25%,4.57%,1.80,-4.07%,66.67%,0.036353373659248955,-0.030122209320361804,2.69,5.60%,0.27%,137.32,37,54.05%,0.18%,0.95%,-12.56%,8.34%,False
conf_3m_cdi_50_50_20_40,3,8,50.00%,50.00%,20.00%,40.00%,40.00%,50.00%,0.20%,48,35.87%,35.53%,7.90%,4.39%,1.80,-4.07%,66.67%,0.03146431514251624,-0.030122209320361804,2.48,5.16%,0.25%,135.53,37,54.05%,-0.23%,0.95%,-14.15%,8.34%,False
conf_3m_cdi_50_50_20_50,3,8,50.00%,50.00%,20.00%,50.00%,42.50%,50.00%,-0.15%,48,34.06%,33.75%,7.54%,4.23%,1.78,-4.07%,66.67%,0.02654646248898973,-0.030122209320361804,2.30,4.80%,0.23%,133.75,37,54.05%,-0.64%,0.95%,-15.73%,8.34%,False
conf_3m_cdi_50_50_30_00,3,8,50.00%,50.00%,30.00%,0.00%,32.50%,50.00%,1.75%,48,43.94%,43.50%,9.45%,5.21%,1.81,-4.07%,68.75%,0.0510145574095382,-0.030122209320361804,3.10,6.46%,0.31%,143.50,37,56.76%,1.60%,1.40%,-7.70%,8.34%,False
conf_3m_cdi_50_50_30_10,3,8,50.00%,50.00%,30.00%,10.00%,35.00%,50.00%,1.40%,48,42.06%,41.65%,9.09%,4.96%,1.83,-4.07%,68.75%,0.04612849479275982,-0.030122209320361804,2.89,6.03%,0.29%,141.65,37,56.76%,1.18%,1.40%,-9.33%,8.34%,False
conf_3m_cdi_50_50_30_20,3,8,50.00%,50.00%,30.00%,20.00%,37.50%,50.00%,1.04%,48,40.19%,39.81%,8.74%,4.74%,1.85,-4.07%,68.75%,0.04124143354266363,-0.030122209320361804,2.69,5.60%,0.27%,139.81,37,56.76%,0.76%,1.40%,-10.95%,8.34%,False
conf_3m_cdi_50_50_30_30,3,8,50.00%,50.00%,30.00%,30.00%,40.00%,50.00%,0.69%,48,38.34%,38.00%,8.38%,4.53%,1.85,-4.07%,68.75%,0.036353373659248955,-0.030122209320361804,2.48,5.16%,0.25%,138.00,37,56.76%,0.34%,1.40%,-12.56%,8.34%,False
conf_3m_cdi_50_50_30_40,3,8,50.00%,50.00%,30.00%,40.00%,42.50%,50.00%,0.33%,48,36.51%,36.20%,8.03%,4.35%,1.85,-4.07%,68.75%,0.03146431514251624,-0.030122209320361804,2.27,4.73%,0.23%,136.20,37,56.76%,-0.07%,1.40%,-14.15%,8.34%,False
conf_3m_cdi_50_50_30_50,3,8,50.00%,50.00%,30.00%,50.00%,45.00%,50.00%,-0.02%,48,34.69%,34.41%,7.67%,4.19%,1.83,-4.07%,68.75%,0.02654646248898973,-0.030122209320361804,2.10,4.37%,0.21%,134.41,37,56.76%,-0.47%,1.40%,-15.73%,8.34%,True
conf_3m_cdi_50_50_40_00,3,8,50.00%,50.00%,40.00%,0.00%,35.00%,50.00%,1.89%,48,44.62%,44.20%,9.58%,5.17%,1.85,-4.07%,70.83%,0.0510145574095382,-0.030122209320361804,2.89,6.03%,0.29%,144.20,37,56.76%,1.76%,1.85%,-7.70%,8.34%,False
conf_3m_cdi_50_50_40_10,3,8,50.00%,50.00%,40.00%,10.00%,37.50%,50.00%,1.53%,48,42.72%,42.34%,9.23%,4.93%,1.87,-4.07%,70.83%,0.04612849479275982,-0.030122209320361804,2.69,5.60%,0.27%,142.34,37,56.76%,1.34%,1.85%,-9.33%,8.34%,False
conf_3m_cdi_50_50_40_20,3,8,50.00%,50.00%,40.00%,20.00%,40.00%,50.00%,1.18%,48,40.85%,40.50%,8.87%,4.70%,1.89,-4.07%,70.83%,0.04124143354266363,-0.030122209320361804,2.48,5.17%,0.25%,140.50,37,56.76%,0.93%,1.85%,-10.95%,8.34%,False
conf_3m_cdi_50_50_40_30,3,8,50.00%,50.00%,40.00%,30.00%,42.50%,50.00%,0.82%,48,38.99%,38.67%,8.52%,4.49%,1.90,-4.07%,70.83%,0.036353373659248955,-0.030122209320361804,2.27,4.74%,0.23%,138.67,37,56.76%,0.51%,1.85%,-12.56%,8.34%,False
conf_3m_cdi_50_50_40_40,3,8,50.00%,50.00%,40.00%,40.00%,45.00%,50.00%,0.47%,48,37.15%,36.86%,8.16%,4.31%,1.89,-4.07%,70.83%,0.03146431514251624,-0.030122209320361804,2.06,4.30%,0.21%,136.86,37,56.76%,0.10%,1.85%,-14.15%,8.34%,True
conf_3m_cdi_50_50_40_50,3,8,50.00%,50.00%,40.00%,50.00%,47.50%,50.00%,0.11%,48,35.32%,35.06%,7.80%,4.15%,1.88,-4.07%,70.83%,0.02654646248898973,-0.030122209320361804,1.89,3.94%,0.19%,135.06,37,56.76%,-0.31%,1.85%,-15.73%,8.34%,True
conf_3m_cdi_50_50_50_00,3,8,50.00%,50.00%,50.00%,0.00%,37.50%,50.00%,2.02%,48,45.29%,44.90%,9.72%,5.14%,1.89,-4.07%,70.83%,0.0510145574095382,-0.030122209320361804,2.71,5.64%,0.27%,144.90,37,62.16%,1.93%,2.06%,-7.70%,8.34%,False
conf_3m_cdi_50_50_50_10,3,8,50.00%,50.00%,50.00%,10.00%,40.00%,50.00%,1.66%,48,43.39%,43.03%,9.36%,4.90%,1.91,-4.07%,70.83%,0.04612849479275982,-0.030122209320361804,2.50,5.21%,0.25%,143.03,37,62.16%,1.51%,2.06%,-9.33%,8.34%,False
conf_3m_cdi_50_50_50_20,3,8,50.00%,50.00%,50.00%,20.00%,42.50%,50.00%,1.31%,48,41.51%,41.18%,9.00%,4.67%,1.93,-4.07%,70.83%,0.04124143354266363,-0.030122209320361804,2.30,4.78%,0.23%,141.18,37,62.16%,1.09%,2.06%,-10.95%,8.34%,False
conf_3m_cdi_50_50_50_30,3,8,50.00%,50.00%,50.00%,30.00%,45.00%,50.00%,0.95%,48,39.64%,39.35%,8.65%,4.46%,1.94,-4.07%,70.83%,0.036353373659248955,-0.030122209320361804,2.09,4.35%,0.21%,139.35,37,62.16%,0.68%,2.06%,-12.56%,8.34%,True
conf_3m_cdi_50_50_50_40,3,8,50.00%,50.00%,50.00%,40.00%,47.50%,50.00%,0.60%,48,37.79%,37.53%,8.29%,4.27%,1.94,-4.07%,70.83%,0.03146431514251624,-0.030122209320361804,1.88,3.91%,0.19%,137.53,37,62.16%,0.27%,2.06%,-14.15%,8.34%,True
conf_3m_cdi_50_50_50_50,3,8,50.00%,50.00%,50.00%,50.00%,50.00%,50.00%,0.24%,48,35.95%,35.72%,7.93%,4.11%,1.93,-4.07%,70.83%,0.02654646248898973,-0.030122209320361804,1.71,3.55%,0.17%,135.72,37,62.16%,-0.14%,2.06%,-15.73%,8.34%,True
