data,NG=F,ZC=F,GC=F,USDBRL=X,EURBRL=X,JPYBRL=X,IMAB11.SA,B5MB11.SA,IB5M11.SA,BOVV11.SA,FIND11.SA,MATB11.SA,regime_confirmacao_1m,peso_estrategia_NG=F,peso_estrategia_ZC=F,peso_estrategia_GC=F,peso_estrategia_USDBRL=X,peso_estrategia_EURBRL=X,peso_estrategia_JPYBRL=X,peso_estrategia_IMAB11.SA,peso_estrategia_B5MB11.SA,peso_estrategia_IB5M11.SA,peso_estrategia_BOVV11.SA,peso_estrategia_FIND11.SA,peso_estrategia_MATB11.SA,peso_benchmark_NG=F,peso_benchmark_ZC=F,peso_benchmark_GC=F,peso_benchmark_USDBRL=X,peso_benchmark_EURBRL=X,peso_benchmark_JPYBRL=X,peso_benchmark_IMAB11.SA,peso_benchmark_B5MB11.SA,peso_benchmark_IB5M11.SA,peso_benchmark_BOVV11.SA,peso_benchmark_FIND11.SA,peso_benchmark_MATB11.SA,retorno_bruto_estrategia,retorno_bruto_benchmark,turnover_estrategia,turnover_benchmark,custo_estrategia,custo_benchmark,retorno_liquido_estrategia,retorno_liquido_benchmark,retorno_excesso_liquido,diferenca_turnover,diferenca_custo,periodo,contribuicao_estrategia_NG=F,contribuicao_benchmark_NG=F,diferenca_contribuicao_NG=F,contribuicao_estrategia_ZC=F,contribuicao_benchmark_ZC=F,diferenca_contribuicao_ZC=F,contribuicao_estrategia_GC=F,contribuicao_benchmark_GC=F,diferenca_contribuicao_GC=F,contribuicao_estrategia_USDBRL=X,contribuicao_benchmark_USDBRL=X,diferenca_contribuicao_USDBRL=X,contribuicao_estrategia_EURBRL=X,contribuicao_benchmark_EURBRL=X,diferenca_contribuicao_EURBRL=X,contribuicao_estrategia_JPYBRL=X,contribuicao_benchmark_JPYBRL=X,diferenca_contribuicao_JPYBRL=X,contribuicao_estrategia_IMAB11.SA,contribuicao_benchmark_IMAB11.SA,diferenca_contribuicao_IMAB11.SA,contribuicao_estrategia_B5MB11.SA,contribuicao_benchmark_B5MB11.SA,diferenca_contribuicao_B5MB11.SA,contribuicao_estrategia_IB5M11.SA,contribuicao_benchmark_IB5M11.SA,diferenca_contribuicao_IB5M11.SA,contribuicao_estrategia_BOVV11.SA,contribuicao_benchmark_BOVV11.SA,diferenca_contribuicao_BOVV11.SA,contribuicao_estrategia_FIND11.SA,contribuicao_benchmark_FIND11.SA,diferenca_contribuicao_FIND11.SA,contribuicao_estrategia_MATB11.SA,contribuicao_benchmark_MATB11.SA,diferenca_contribuicao_MATB11.SA
2020-01-31,-0.1324222530151464,-0.0261813537675597,0.0383076578642589,0.0562457199465453,0.0420650004191165,0.0544411373557007,0.0028660919043843,0.025336476003539,-0.0032191607285998,-0.0407683973464987,-0.0554493307839379,-0.0300000164959873,EXPANSAO_DESINFLACIONARIA,0.0833333333333333,0.0833333333333333,0.0833333333333333,0.0833333333333333,0.0833333333333333,0.0833333333333333,0.0833333333333333,0.0833333333333333,0.0833333333333333,0.0833333333333333,0.0833333333333333,0.0833333333333333,0.08333333333333333,0.08333333333333333,0.08333333333333333,0.08333333333333333,0.08333333333333333,0.08333333333333333,0.08333333333333333,0.08333333333333333,0.08333333333333333,0.08333333333333333,0.08333333333333333,0.08333333333333333,-0.005731535720348758,-0.005731535720348758,1.0,1.0,0.001,0.001,-0.0067258041846284256,-0.0067258041846284256,0.0,0.0,0.0,TREINO,-0.011035187751262197,-0.0110351877512622,3.469446951953614e-18,-0.002181779480629974,-0.002181779480629975,8.673617379884035e-19,0.003192304822021574,0.003192304822021575,-8.673617379884035e-19,0.0046871433288787736,0.004687143328878774,-8.673617379884035e-19,0.00350541670159304,0.0035054167015930414,-1.3010426069826053e-18,0.00453676144630839,0.0045367614463083916,-1.734723475976807e-18,0.0002388409920320249,0.00023884099203202498,-8.131516293641283e-20,0.0021113730002949157,0.0021113730002949166,-8.673617379884035e-19,-0.0002682633940499832,-0.0002682633940499833,1.0842021724855044e-19,-0.0033973664455415574,-0.0033973664455415583,8.673617379884035e-19,-0.004620777565328156,-0.004620777565328158,1.734723475976807e-18,-0.0025000013746656075,-0.0025000013746656084,8.673617379884035e-19
2020-02-29,-0.0852797115562489,-0.0386885245901633,-0.0118769654041066,0.0571873013974646,0.0542429645851239,0.050012811364211,4.440892098500626e-16,-0.0294401106880816,0.0078133140607463,-0.0841276366030269,-0.0538461662014483,-0.1161883574034464,EXPANSAO_DESINFLACIONARIA,0.0833333333333333,0.0833333333333333,0.0833333333333333,0.0833333333333333,0.0833333333333333,0.0833333333333333,0.0833333333333333,0.0833333333333333,0.0833333333333333,0.0833333333333333,0.0833333333333333,0.0833333333333333,0.08333333333333333,0.08333333333333333,0.08333333333333333,0.08333333333333333,0.08333333333333333,0.08333333333333333,0.08333333333333333,0.08333333333333333,0.08333333333333333,0.08333333333333333,0.08333333333333333,0.08333333333333333,-0.02084925675324797,-0.020849256753247978,0.02147002897191832,0.021470028971918326,2.147002897191832e-05,2.1470028971918326e-05,-0.02087027914807338,-0.02087027914807338,0.0,-6.938893903907228e-18,-6.776263578034403e-21,TREINO,-0.007106642629687405,-0.007106642629687408,2.6020852139652106e-18,-0.0032240437158469405,-0.003224043715846942,1.3010426069826053e-18,-0.000989747117008883,-0.0009897471170088833,2.168404344971009e-19,0.004765608449788715,0.004765608449788716,-8.673617379884035e-19,0.004520247048760323,0.004520247048760325,-1.734723475976807e-18,0.0041677342803509146,0.004167734280350916,-1.734723475976807e-18,3.700743415417187e-17,3.700743415417188e-17,-1.232595164407831e-32,-0.0024533425573401322,-0.002453342557340133,8.673617379884035e-19,0.0006511095050621915,0.0006511095050621917,-2.168404344971009e-19,-0.007010636383585572,-0.0070106363835855745,2.6020852139652106e-18,-0.004487180516787357,-0.004487180516787358,8.673617379884035e-19,-0.009682363116953863,-0.009682363116953866,3.469446951953614e-18
2020-03-31,-0.0261282833522666,-0.0702592087312405,0.0123393959013997,0.1578442893995921,0.161089495743832,0.1751430276323506,-0.0750845174933443,-0.1452014486364589,-0.1230101487353408,-0.3010599197751664,-0.3311938164621636,-0.1976670455908648,EXPANSAO_INFLACIONARIA,0.0833333333333333,0.0833333333333333,0.0833333333333333,0.0833333333333333,0.0833333333333333,0.0833333333333333,0.0833333333333333,0.0833333333333333,0.0833333333333333,0.0833333333333333,0.0833333333333333,0.0833333333333333,0.08333333333333333,0.08333333333333333,0.08333333333333333,0.08333333333333333,0.08333333333333333,0.08333333333333333,0.08333333333333333,0.08333333333333333,0.08333333333333333,0.08333333333333333,0.08333333333333333,0.08333333333333333,-0.06359901500830593,-0.06359901500830595,0.024040813639708558,0.024040813639708558,2.404081363970856e-05,2.404081363970856e-05,-0.0636215268498781,-0.0636215268498781,0.0,0.0,0.0,TREINO,-0.002177356946022216,-0.0021773569460222164,4.336808689942018e-19,-0.005854934060936706,-0.005854934060936708,1.734723475976807e-18,0.0010282829917833078,0.0010282829917833082,-4.336808689942018e-19,0.013153690783299338,0.013153690783299341,-3.469446951953614e-18,0.013424124645319328,0.013424124645319332,-3.469446951953614e-18,0.014595252302695877,0.014595252302695882,-5.204170427930421e-18,-0.006257043124445356,-0.006257043124445358,1.734723475976807e-18,-0.012100120719704904,-0.012100120719704907,3.469446951953614e-18,-0.010250845727945063,-0.010250845727945067,3.469446951953614e-18,-0.025088326647930523,-0.02508832664793053,6.938893903907228e-18,-0.02759948470518029,-0.0275994847051803,1.0408340855860843e-17,-0.016472253799238726,-0.01647225379923873,3.469446951953614e-18
2020-04-30,0.1884146450939532,-0.0858400586940567,0.0636604302157408,0.0273653128073669,0.0132224425213043,0.0411768572348962,-0.007865134587025,0.0610820266016003,0.053630401321997,0.1036885831108966,0.0405629956116582,0.0990176218023806,EXPANSAO_INFLACIONARIA,0.0833333333333333,0.0833333333333333,0.0833333333333333,0.0833333333333333,0.0833333333333333,0.0833333333333333,0.0833333333333333,0.0833333333333333,0.0833333333333333,0.0833333333333333,0.0833333333333333,0.0833333333333333,0.08333333333333333,0.08333333333333333,0.08333333333333333,0.08333333333333333,0.08333333333333333,0.08333333333333333,0.08333333333333333,0.08333333333333333,0.08333333333333333,0.08333333333333333,0.08333333333333333,0.08333333333333333,0.049843010253392675,0.04984301025339269,0.07104176995762115,0.07104176995762118,7.104176995762115e-05,7.104176995762118e-05,0.04976842754776656,0.04976842754776656,0.0,-2.7755575615628914e-17,-2.710505431213761e-20,TREINO,0.015701220424496093,0.0157012204244961,-6.938893903907228e-18,-0.007153338224504722,-0.007153338224504724,2.6020852139652106e-18,0.005305035851311732,0.005305035851311733,-1.734723475976807e-18,0.002280442733947241,0.0022804427339472412,-4.336808689942018e-19,0.001101870210108691,0.0011018702101086915,-4.336808689942018e-19,0.0034314047695746816,0.003431404769574683,-1.3010426069826053e-18,-0.0006554278822520831,-0.0006554278822520833,2.168404344971009e-19,0.0050901688834666895,0.005090168883466691,-1.734723475976807e-18,0.004469200110166415,0.004469200110166416,-1.734723475976807e-18,0.00864071525924138,0.008640715259241382,-1.734723475976807e-18,0.0033802496343048488,0.00338024963430485,-1.3010426069826053e-18,0.008251468483531714,0.008251468483531716,-1.734723475976807e-18
2020-05-31,-0.0513083754709727,0.0457463884430187,0.0312908649626313,0.0128965382736307,0.0315473887353219,0.0031375372138198,0.0389297851608276,0.0142544199041538,-0.0071596307642725,0.0856541414844245,0.0393506758515871,0.1290668823373175,EXPANSAO_INFLACIONARIA,0.0833333333333333,0.0833333333333333,0.0833333333333333,0.0833333333333333,0.0833333333333333,0.0833333333333333,0.0833333333333333,0.0833333333333333,0.0833333333333333,0.0833333333333333,0.0833333333333333,0.0833333333333333,0.08333333333333333,0.08333333333333333,0.08333333333333333,0.08333333333333333,0.08333333333333333,0.08333333333333333,0.08333333333333333,0.08333333333333333,0.08333333333333333,0.08333333333333333,0.08333333333333333,0.08333333333333333,0.0311172180109573,0.031117218010957307,0.02146635607935158,0.021466356079351587,2.146635607935158e-05,2.1466356079351586e-05,0.03109508368159597,0.03109508368159597,0.0,-6.938893903907228e-18,-6.776263578034403e-21,TREINO,-0.00427569795591439,-0.004275697955914391,8.673617379884035e-19,0.0038121990369182233,0.0038121990369182246,-1.3010426069826053e-18,0.002607572080219274,0.002607572080219275,-8.673617379884035e-19,0.0010747115228025579,0.0010747115228025583,-4.336808689942018e-19,0.002628949061276824,0.002628949061276825,-8.673617379884035e-19,0.00026146143448498325,0.0002614614344849833,-5.421010862427522e-20,0.003244148763402299,0.0032441487634023002,-1.3010426069826053e-18,0.0011878683253461495,0.0011878683253461499,-4.336808689942018e-19,-0.000596635897022708,-0.0005966358970227083,2.168404344971009e-19,0.007137845123702039,0.007137845123702042,-2.6020852139652106e-18,0.0032792229876322573,0.003279222987632258,-8.673617379884035e-19,0.010755573528109788,0.010755573528109791,-3.469446951953614e-18
2020-06-30,-0.0530015855029117,0.0391404451266315,0.0322989088591116,-0.0002776167073367,0.015040635311132,0.0003386357572798,0.0279330027089084,0.0270270270270274,0.0251267983879845,0.0902975516088846,0.1310932592419071,0.0421152605104246,RECESSAO_DESINFLACIONARIA,0.0833333333333333,0.0833333333333333,0.0833333333333333,0.0833333333333333,0.0833333333333333,0.0833333333333333,0.0833333333333333,0.0833333333333333,0.0833333333333333,0.0833333333333333,0.0833333333333333,0.0833333333333333,0.08333333333333333,0.08333333333333333,0.08333333333333333,0.08333333333333333,0.08333333333333333,0.08333333333333333,0.08333333333333333,0.08333333333333333,0.08333333333333333,0.08333333333333333,0.08333333333333333,0.08333333333333333,0.031427693527420246,0.03142769352742026,0.014851657801243506,0.014851657801243506,1.4851657801243506e-05,1.4851657801243506e-05,0.03141237511626915,0.03141237511626915,0.0,0.0,0.0,TREINO,-0.004416798791909307,-0.0044167987919093085,1.734723475976807e-18,0.003261703760552624,0.0032617037605526247,-8.673617379884035e-19,0.002691575738259299,0.0026915757382593,-8.673617379884035e-19,-2.313472561139166e-05,-2.3134725611391667e-05,6.776263578034403e-21,0.0012533862759276661,0.0012533862759276666,-4.336808689942018e-19,2.8219646439983322e-05,2.8219646439983332e-05,-1.0164395367051604e-20,0.0023277502257423657,0.0023277502257423666,-8.673617379884035e-19,0.0022522522522522826,0.002252252252252283,-4.336808689942018e-19,0.002093899865665374,0.002093899865665375,-8.673617379884035e-19,0.007524795967407047,0.007524795967407049,-2.6020852139652106e-18,0.010924438270158921,0.010924438270158925,-3.469446951953614e-18,0.003509605042535382,0.003509605042535383,-8.673617379884035e-19
2020-07-31,0.0274128936519058,-0.0664697193500737,0.0947016446336452,-0.0459450835354313,0.0069972699899409,-0.0195363707301123,0.0503710935761791,0.0727368806537831,0.08078696639838,0.0824009736393767,0.0978033328803054,0.0969309827255997,RECESSAO_DESINFLACIONARIA,0.0833333333333333,0.0833333333333333,0.0833333333333333,0.0833333333333333,0.0833333333333333,0.0833333333333333,0.0833333333333333,0.0833333333333333,0.0833333333333333,0.0833333333333333,0.0833333333333333,0.0833333333333333,0.08333333333333333,0.08333333333333333,0.08333333333333333,0.08333333333333333,0.08333333333333333,0.08333333333333333,0.08333333333333333,0.08333333333333333,0.08333333333333333,0.08333333333333333,0.08333333333333333,0.08333333333333333,0.03984923871112487,0.039849238711124876,0.014365763658281662,0.014365763658281676,1.4365763658281663e-05,1.4365763658281676e-05,0.0398343004827213,0.0398343004827213,0.0,-1.3877787807814457e-17,-1.3552527156068805e-20,TREINO,0.0022844078043254825,0.0022844078043254834,-8.673617379884035e-19,-0.005539143279172806,-0.005539143279172808,1.734723475976807e-18,0.00789180371947043,0.007891803719470432,-1.734723475976807e-18,-0.00382875696128594,-0.0038287569612859415,1.3010426069826053e-18,0.0005831058324950747,0.0005831058324950749,-2.168404344971009e-19,-0.0016280308941760244,-0.001628030894176025,6.505213034913027e-19,0.004197591131348257,0.004197591131348258,-1.734723475976807e-18,0.00606140672114859,0.0060614067211485914,-1.734723475976807e-18,0.006732247199864997,0.006732247199865,-2.6020852139652106e-18,0.00686674780328139,0.006866747803281392,-2.6020852139652106e-18,0.008150277740025448,0.00815027774002545,-1.734723475976807e-18,0.008077581893799972,0.008077581893799975,-3.469446951953614e-18
2020-08-31,0.4619233341810744,0.1028481012658228,0.0024454486643601,0.0458099135200109,0.0482480797448408,0.0370889330663726,-0.0106006607841498,-0.0305171278441224,-0.0283738519635227,-0.0351656778526355,-0.0833730372028046,0.1080332878317076,RECESSAO_DESINFLACIONARIA,0.0833333333333333,0.0833333333333333,0.0833333333333333,0.0833333333333333,0.0833333333333333,0.0833333333333333,0.0833333333333333,0.0833333333333333,0.0833333333333333,0.0833333333333333,0.0833333333333333,0.0833333333333333,0.08333333333333333,0.08333333333333333,0.08333333333333333,0.08333333333333333,0.08333333333333333,0.08333333333333333,0.08333333333333333,0.08333333333333333,0.08333333333333333,0.08333333333333333,0.08333333333333333,0.08333333333333333,0.05153056188557949,0.05153056188557951,0.02378447378721759,0.023784473787217604,2.378447378721759e-05,2.3784473787217603e-05,0.051505551784493786,0.051505551784493786,0.0,-1.3877787807814457e-17,-1.3552527156068805e-20,TREINO,0.038493611181756184,0.0384936111817562,-1.3877787807814457e-17,0.00857067510548523,0.008570675105485233,-3.469446951953614e-18,0.00020378738869667492,0.000203787388696675,-8.131516293641283e-20,0.0038174927933342403,0.0038174927933342416,-1.3010426069826053e-18,0.004020673312070065,0.004020673312070067,-1.734723475976807e-18,0.0030907444221977155,0.0030907444221977163,-8.673617379884035e-19,-0.0008833883986791497,-0.00088338839867915,2.168404344971009e-19,-0.002543093987010199,-0.0025430939870102,8.673617379884035e-19,-0.002364487663626891,-0.0023644876636268915,4.336808689942018e-19,-0.002930473154386291,-0.002930473154386292,8.673617379884035e-19,-0.006947753100233715,-0.006947753100233716,1.734723475976807e-18,0.00900277398597563,0.009002773985975633,-3.469446951953614e-18
2020-09-30,-0.0391635587642843,0.0875179340028695,-0.040709481896636,0.0446196621993484,0.0309137209869638,0.0436162260071208,-0.0246173503522019,-0.0293522412581268,-0.0370525526649014,-0.048162662017678,-0.0597713116674375,0.0069999694824223,RECESSAO_DESINFLACIONARIA,0.0833333333333333,0.0833333333333333,0.0833333333333333,0.0833333333333333,0.0833333333333333,0.0833333333333333,0.0833333333333333,0.0833333333333333,0.0833333333333333,0.0833333333333333,0.0833333333333333,0.0833333333333333,0.08333333333333333,0.08333333333333333,0.08333333333333333,0.08333333333333333,0.08333333333333333,0.08333333333333333,0.08333333333333333,0.08333333333333333,0.08333333333333333,0.08333333333333333,0.08333333333333333,0.08333333333333333,-0.0054301371618784245,-0.005430137161878424,0.04106815471381533,0.041068154713815364,4.106815471381533e-05,4.106815471381536e-05,-0.005470982310879169,-0.005470982310879169,0.0,-3.469446951953614e-17,-3.3881317890172014e-20,TREINO,-0.0032636298970236902,-0.003263629897023691,8.673617379884035e-19,0.007293161166905789,0.0072931611669057915,-2.6020852139652106e-18,-0.0033924568247196652,-0.0033924568247196665,1.3010426069826053e-18,0.003718305183279032,0.0037183051832790333,-1.3010426069826053e-18,0.0025761434155803157,0.0025761434155803166,-8.673617379884035e-19,0.0036346855005933982,0.0036346855005933995,-1.3010426069826053e-18,-0.002051445862683491,-0.0020514458626834913,4.336808689942018e-19,-0.002446020104843899,-0.0024460201048438998,8.673617379884035e-19,-0.0030877127220751157,-0.0030877127220751165,8.673617379884035e-19,-0.004013555168139832,-0.004013555168139833,8.673617379884035e-19,-0.004980942638953123,-0.004980942638953125,1.734723475976807e-18,0.0005833307902018581,0.0005833307902018583,-2.168404344971009e-19
2020-10-31,0.3272655945283924,0.0514511873350929,-0.0053509804428802,0.0261611309065188,0.0203643429464523,0.037176698975913,0.0125539305498638,-0.0034411035016052,0.0244565217391308,-0.0069429418226945,-0.0101713454945908,0.0600794949598271,RECESSAO_DESINFLACIONARIA,0.0833333333333333,0.0833333333333333,0.0833333333333333,0.0833333333333333,0.0833333333333333,0.0833333333333333,0.0833333333333333,0.0833333333333333,0.0833333333333333,0.0833333333333333,0.0833333333333333,0.0833333333333333,0.08333333333333333,0.08333333333333333,0.08333333333333333,0.08333333333333333,0.08333333333333333,0.08333333333333333,0.08333333333333333,0.08333333333333333,0.08333333333333333,0.08333333333333333,0.08333333333333333,0.08333333333333333,0.04446687755661834,0.04446687755661835,0.020177751163780663,0.02017775116378067,2.0177751163780662e-05,2.0177751163780672e-05,0.0444458025638641,0.0444458025638641,0.0,-6.938893903907228e-18,-1.0164395367051604e-20,TREINO,0.02727213287736602,0.02727213287736603,-1.0408340855860843e-17,0.004287598944591073,0.004287598944591075,-1.734723475976807e-18,-0.0004459150369066832,-0.00044591503690668335,1.6263032587282567e-19,0.002180094242209899,0.0021800942422098997,-8.673617379884035e-19,0.0016970285788710242,0.0016970285788710248,-6.505213034913027e-19,0.0030980582479927486,0.0030980582479927495,-8.673617379884035e-19,0.0010461608791553162,0.0010461608791553167,-4.336808689942018e-19,-0.00028675862513376655,-0.00028675862513376666,1.0842021724855044e-19,0.0020380434782608994,0.0020380434782609,-4.336808689942018e-19,-0.0005785784852245415,-0.0005785784852245417,2.168404344971009e-19,-0.0008476121245492331,-0.0008476121245492333,2.168404344971009e-19,0.005006624579985589,0.005006624579985591,-1.734723475976807e-18
2020-11-30,-0.1407275221187603,0.0533249686323715,-0.0541706998613292,-0.0753400718416592,-0.052608198485068,-0.0712721718037842,0.0021955077912345,0.0280422759624732,-0.0026525198938988,0.1611228690531638,0.1792695551278085,0.1444964416558152,EXPANSAO_INFLACIONARIA,0.0833333333333333,0.0833333333333333,0.0833333333333333,0.0833333333333333,0.0833333333333333,0.0833333333333333,0.0833333333333333,0.0833333333333333,0.0833333333333333,0.0833333333333333,0.0833333333333333,0.0833333333333333,0.08333333333333333,0.08333333333333333,0.08333333333333333,0.08333333333333333,0.08333333333333333,0.08333333333333333,0.08333333333333333,0.08333333333333333,0.08333333333333333,0.08333333333333333,0.08333333333333333,0.08333333333333333,0.014306702851530583,0.014306702851530585,0.02436615038700308,0.02436615038700308,2.436615038700308e-05,2.436615038700308e-05,0.014281988101870535,0.014281988101870535,0.0,0.0,0.0,TREINO,-0.011727293509896687,-0.01172729350989669,3.469446951953614e-18,0.004443747386030957,0.0044437473860309586,-1.734723475976807e-18,-0.004514224988444098,-0.0045142249884441,1.734723475976807e-18,-0.006278339320138264,-0.006278339320138266,1.734723475976807e-18,-0.004384016540422332,-0.004384016540422333,8.673617379884035e-19,-0.005939347650315348,-0.0059393476503153495,1.734723475976807e-18,0.00018295898260287493,0.00018295898260287498,-5.421010862427522e-20,0.002336856330206099,0.0023368563302061,-8.673617379884035e-19,-0.00022104332449156657,-0.00022104332449156665,8.131516293641283e-20,0.013426905754430313,0.013426905754430316,-3.469446951953614e-18,0.014939129593984036,0.014939129593984041,-5.204170427930421e-18,0.012041370137984597,0.0120413701379846,-3.469446951953614e-18
2020-12-31,-0.1596113959118407,0.1304347826086962,0.0649321687214288,-0.0250632026765348,-0.0014398998533002,-0.0199306080486962,0.0463917338261508,0.071246819338423,0.0509574565481636,0.0907763606681577,0.1212350369423691,0.1158174743425113,EXPANSAO_INFLACIONARIA,0.0833333333333333,0.0833333333333333,0.0833333333333333,0.0833333333333333,0.0833333333333333,0.0833333333333333,0.0833333333333333,0.0833333333333333,0.0833333333333333,0.0833333333333333,0.0833333333333333,0.0833333333333333,0.08333333333333333,0.08333333333333333,0.08333333333333333,0.08333333333333333,0.08333333333333333,0.08333333333333333,0.08333333333333333,0.08333333333333333,0.08333333333333333,0.08333333333333333,0.08333333333333333,0.08333333333333333,0.040478893875460706,0.04047889387546071,0.040645381617410895,0.040645381617410915,4.06453816174109e-05,4.064538161741092e-05,0.04043660321375442,0.04043660321375442,0.0,-2.0816681711721685e-17,-2.0328790734103208e-20,TREINO,-0.013300949659320053,-0.013300949659320058,5.204170427930421e-18,0.010869565217391346,0.01086956521739135,-3.469446951953614e-18,0.005411014060119065,0.005411014060119066,-1.734723475976807e-18,-0.002088600223044566,-0.0020886002230445667,8.673617379884035e-19,-0.00011999165444168328,-0.00011999165444168332,4.0657581468206416e-20,-0.001660884004058016,-0.0016608840040580166,6.505213034913027e-19,0.0038659778188458982,0.0038659778188458995,-1.3010426069826053e-18,0.005937234944868581,0.005937234944868583,-1.734723475976807e-18,0.0042464547123469655,0.004246454712346966,-8.673617379884035e-19,0.007564696722346472,0.007564696722346474,-2.6020852139652106e-18,0.010102919745197421,0.010102919745197425,-3.469446951953614e-18,0.009651456195209272,0.009651456195209275,-3.469446951953614e-18
2021-01-31,0.0586292171640903,0.1527924130663862,-0.0231094400697375,0.0440404693631728,0.0328046211995005,0.0362985670684796,2.220446049250313e-16,-0.0137766930949376,-0.0049599945260498,-0.034376051307104,-0.0606521411704832,-0.00146704599575,EXPANSAO_INFLACIONARIA,0.0833333333333333,0.0833333333333333,0.0833333333333333,0.0833333333333333,0.0833333333333333,0.0833333333333333,0.0833333333333333,0.0833333333333333,0.0833333333333333,0.0833333333333333,0.0833333333333333,0.0833333333333333,0.08333333333333333,0.08333333333333333,0.08333333333333333,0.08333333333333333,0.08333333333333333,0.08333333333333333,0.08333333333333333,0.08333333333333333,0.08333333333333333,0.08333333333333333,0.08333333333333333,0.08333333333333333,0.01551866014146395,0.015518660141463959,0.029470458599891704,0.02947045859989174,2.9470458599891705e-05,2.947045859989174e-05,0.015488732340832811,0.015488732340832811,0.0,-3.469446951953614e-17,-3.3881317890172014e-20,TREINO,0.004885768097007523,0.004885768097007525,-1.734723475976807e-18,0.012732701088865511,0.012732701088865515,-3.469446951953614e-18,-0.0019257866724781243,-0.001925786672478125,6.505213034913027e-19,0.0036700391135977323,0.0036700391135977336,-1.3010426069826053e-18,0.002733718433291707,0.002733718433291708,-8.673617379884035e-19,0.0030248805890399654,0.0030248805890399667,-1.3010426069826053e-18,1.8503717077085935e-17,1.850371707708594e-17,-6.162975822039155e-33,-0.0011480577579114663,-0.0011480577579114667,4.336808689942018e-19,-0.0004133328771708165,-0.00041333287717081665,1.6263032587282567e-19,-0.0028646709422586653,-0.0028646709422586666,1.3010426069826053e-18,-0.005054345097540264,-0.005054345097540266,1.734723475976807e-18,-0.0001222538329791666,-0.00012225383297916666,5.421010862427522e-20
2021-02-28,0.0807332394474913,0.0155393053016454,-0.064526644341185,0.0165568395752833,0.0201988062535969,-0.0031267398318779,-0.0169950407054518,-0.0183044457612536,-0.019125176240559,-0.0451277541982815,-0.0737409817741164,0.101010099594774,EXPANSAO_INFLACIONARIA,0.0833333333333333,0.0833333333333333,0.0833333333333333,0.0833333333333333,0.0833333333333333,0.0833333333333333,0.0833333333333333,0.0833333333333333,0.0833333333333333,0.0833333333333333,0.0833333333333333,0.0833333333333333,0.08333333333333333,0.08333333333333333,0.08333333333333333,0.08333333333333333,0.08333333333333333,0.08333333333333333,0.08333333333333333,0.08333333333333333,0.08333333333333333,0.08333333333333333,0.08333333333333333,0.08333333333333333,-0.0005757077233278576,-0.0005757077233278576,0.020266490156526352,0.02026649015652636,2.026649015652635e-05,2.0266490156526358e-05,-0.0005959625459094342,-0.0005959625459094342,0.0,-6.938893903907228e-18,-6.776263578034403e-21,TREINO,0.006727769953957606,0.006727769953957609,-2.6020852139652106e-18,0.0012949421084704495,0.00129494210847045,-4.336808689942018e-19,-0.005377220361765415,-0.0053772203617654165,1.734723475976807e-18,0.001379736631273608,0.0013797366312736084,-4.336808689942018e-19,0.0016832338544664077,0.0016832338544664083,-6.505213034913027e-19,-0.00026056165265649154,-0.00026056165265649165,1.0842021724855044e-19,-0.0014162533921209827,-0.0014162533921209834,6.505213034913027e-19,-0.0015253704801044662,-0.0015253704801044667,4.336808689942018e-19,-0.0015937646867132493,-0.00159376468671325,6.505213034913027e-19,-0.0037606461831901235,-0.003760646183190125,1.3010426069826053e-18,-0.006145081814509697,-0.006145081814509699,2.6020852139652106e-18,0.008417508299564497,0.008417508299564499,-1.734723475976807e-18
2021-03-31,-0.0588234838608421,0.0157515751575165,-0.0082749418204015,0.0440617784237178,0.0060690945030739,0.0064654946855386,-0.004760677209606,-0.0186457458040012,-0.0130677715283523,0.0618650202012183,0.0630096879977628,0.0558798737529293,EXPANSAO_INFLACIONARIA,0.0833333333333333,0.0833333333333333,0.0833333333333333,0.0833333333333333,0.0833333333333333,0.0833333333333333,0.0833333333333333,0.0833333333333333,0.0833333333333333,0.0833333333333333,0.0833333333333333,0.0833333333333333,0.08333333333333333,0.08333333333333333,0.08333333333333333,0.08333333333333333,0.08333333333333333,0.08333333333333333,0.08333333333333333,0.08333333333333333,0.08333333333333333,0.08333333333333333,0.08333333333333333,0.08333333333333333,0.012460825374879502,0.012460825374879508,0.019754441850529228,0.019754441850529235,1.975444185052923e-05,1.9754441850529236e-05,0.012440824776378756,0.012440824776378756,0.0,-6.938893903907228e-18,-6.776263578034403e-21,TREINO,-0.0049019569884035065,-0.004901956988403508,1.734723475976807e-18,0.0013126312631263745,0.001312631263126375,-4.336808689942018e-19,-0.000689578485033458,-0.0006895784850334582,2.168404344971009e-19,0.0036718148686431485,0.00367181486864315,-1.3010426069826053e-18,0.0005057578752561581,0.0005057578752561583,-1.0842021724855044e-19,0.0005387912237948832,0.0005387912237948833,-1.0842021724855044e-19,-0.0003967231008004998,-0.0003967231008005,1.6263032587282567e-19,-0.0015538121503334329,-0.0015538121503334333,4.336808689942018e-19,-0.0010889809606960245,-0.001088980960696025,4.336808689942018e-19,0.005155418350101523,0.005155418350101524,-1.734723475976807e-18,0.005250807333146898,0.0052508073331468995,-1.734723475976807e-18,0.0046566561460774395,0.004656656146077441,-1.734723475976807e-18
2021-04-30,0.1238496737971313,0.3114754098360659,0.0312171773110774,-0.0754036584174941,-0.0436910836373519,-0.0629779473980781,0.0187562665908598,0.0069999694824225,0.0101932908152553,0.0192209127535121,0.0113252855727241,0.1287519401170866,EXPANSAO_INFLACIONARIA,0.0833333333333333,0.0833333333333333,0.0833333333333333,0.0833333333333333,0.0833333333333333,0.0833333333333333,0.0833333333333333,0.0833333333333333,0.0833333333333333,0.0833333333333333,0.0833333333333333,0.0833333333333333,0.08333333333333333,0.08333333333333333,0.08333333333333333,0.08333333333333333,0.08333333333333333,0.08333333333333333,0.08333333333333333,0.08333333333333333,0.08333333333333333,0.08333333333333333,0.08333333333333333,0.08333333333333333,0.03997643640193423,0.03997643640193425,0.014672486101107697,0.014672486101107704,1.4672486101107698e-05,1.4672486101107704e-05,0.039961177362125566,0.039961177362125566,0.0,-6.938893903907228e-18,-6.776263578034403e-21,TREINO,0.010320806149760938,0.010320806149760942,-3.469446951953614e-18,0.025956284153005483,0.025956284153005493,-1.0408340855860843e-17,0.002601431442589782,0.002601431442589783,-8.673617379884035e-19,-0.0062836382014578385,-0.006283638201457841,2.6020852139652106e-18,-0.00364092363644599,-0.0036409236364459913,1.3010426069826053e-18,-0.005248162283173173,-0.005248162283173175,1.734723475976807e-18,0.0015630222159049828,0.0015630222159049832,-4.336808689942018e-19,0.0005833307902018748,0.000583330790201875,-2.168404344971009e-19,0.0008494409012712747,0.000849440901271275,-3.2526065174565133e-19,0.001601742729459341,0.0016017427294593416,-6.505213034913027e-19,0.000943773797727008,0.0009437737977270083,-3.2526065174565133e-19,0.010729328343090545,0.010729328343090549,-3.469446951953614e-18
2021-05-31,0.0187649494590842,-0.1124999999999996,0.076500847301806,-0.0184018896204722,-0.0129871575619555,-0.0267904690338767,0.002842003658301,0.0105263676277287,0.0195569014514425,0.058251653003543,0.0701706530073891,-0.0456262371739136,EXPANSAO_INFLACIONARIA,0.0833333333333333,0.0833333333333333,0.0833333333333333,0.0833333333333333,0.0833333333333333,0.0833333333333333,0.0833333333333333,0.0833333333333333,0.0833333333333333,0.0833333333333333,0.0833333333333333,0.0833333333333333,0.08333333333333333,0.08333333333333333,0.08333333333333333,0.08333333333333333,0.08333333333333333,0.08333333333333333,0.08333333333333333,0.08333333333333333,0.08333333333333333,0.08333333333333333,0.08333333333333333,0.08333333333333333,0.0033589685099230733,0.0033589685099230755,0.03558956554191455,0.035589565541914565,3.558956554191455e-05,3.558956554191457e-05,0.003323259400151324,0.003323259400151324,0.0,-1.3877787807814457e-17,-2.0328790734103208e-20,TREINO,0.0015637457882570161,0.0015637457882570166,-4.336808689942018e-19,-0.009374999999999963,-0.009374999999999967,3.469446951953614e-18,0.00637507060848383,0.006375070608483833,-2.6020852139652106e-18,-0.001533490801706016,-0.0015334908017060164,4.336808689942018e-19,-0.0010822631301629579,-0.0010822631301629583,4.336808689942018e-19,-0.002232539086156391,-0.0022325390861563914,4.336808689942018e-19,0.00023683363819174992,0.00023683363819175,-8.131516293641283e-20,0.0008771973023107248,0.000877197302310725,-2.168404344971009e-19,0.0016297417876202076,0.0016297417876202083,-6.505213034913027e-19,0.004854304416961915,0.004854304416961917,-1.734723475976807e-18,0.005847554417282423,0.005847554417282425,-2.6020852139652106e-18,-0.0038021864311594653,-0.0038021864311594666,1.3010426069826053e-18
2021-06-30,0.2223710719222447,0.0963075751808146,-0.0692246786711557,-0.0540453052633409,-0.0765833067485982,-0.0601924495097703,-0.012444579727169,0.0062893020461189,0.0029588910234308,0.009662610486786,-0.0042194092827,0.0013197878672603,ESTAGFLACAO,0.0833333333333333,0.0833333333333333,0.0833333333333333,0.0833333333333333,0.0833333333333333,0.0833333333333333,0.0833333333333333,0.0833333333333333,0.0833333333333333,0.0833333333333333,0.0833333333333333,0.0833333333333333,0.08333333333333333,0.08333333333333333,0.08333333333333333,0.08333333333333333,0.08333333333333333,0.08333333333333333,0.08333333333333333,0.08333333333333333,0.08333333333333333,0.08333333333333333,0.08333333333333333,0.08333333333333333,0.005183292443660101,0.0051832924436601,0.019402956147256532,0.01940295614725654,1.9402956147256532e-05,1.940295614725654e-05,0.005163788916316969,0.005163788916316969,0.0,-6.938893903907228e-18,-6.776263578034403e-21,TREINO,0.018530922660187053,0.018530922660187056,-3.469446951953614e-18,0.008025631265067881,0.008025631265067883,-1.734723475976807e-18,-0.005768723222596306,-0.005768723222596308,1.734723475976807e-18,-0.00450377543861174,-0.004503775438611741,1.734723475976807e-18,-0.0063819422290498475,-0.00638194222904985,2.6020852139652106e-18,-0.005016037459147523,-0.005016037459147525,1.734723475976807e-18,-0.0010370483105974161,-0.0010370483105974165,4.336808689942018e-19,0.0005241085038432415,0.0005241085038432416,-1.0842021724855044e-19,0.00024657425195256656,0.0002465742519525666,-5.421010862427522e-20,0.0008052175405654997,0.0008052175405655,-3.2526065174565133e-19,-0.0003516174402249999,-0.000351617440225,1.0842021724855044e-19,0.00010998232227169162,0.00010998232227169166,-4.0657581468206416e-20
2021-07-31,0.0723287485115169,-0.2402777777777772,0.0236051082026313,0.0252870636450719,0.024376611246514,0.0358273923932506,0.0063630957769329,-0.0039062648429535,-0.0043743671599811,-0.0393787585524713,-0.0381355932203383,-0.0174282727399082,ESTAGFLACAO,0.0833333333333333,0.0833333333333333,0.0833333333333333,0.0833333333333333,0.0833333333333333,0.0833333333333333,0.0833333333333333,0.0833333333333333,0.0833333333333333,0.0833333333333333,0.0833333333333333,0.0833333333333333,0.08333333333333333,0.08333333333333333,0.08333333333333333,0.08333333333333333,0.08333333333333333,0.08333333333333333,0.08333333333333333,0.08333333333333333,0.08333333333333333,0.08333333333333333,0.08333333333333333,0.08333333333333333,-0.012976084543125994,-0.012976084543126001,0.02602322981133625,0.026023229811336257,2.602322981133625e-05,2.6023229811336256e-05,-0.013001770093307274,-0.013001770093307274,0.0,-6.938893903907228e-18,-6.776263578034403e-21,TREINO,0.006027395709293073,0.006027395709293074,-1.734723475976807e-18,-0.020023148148148092,-0.0200231481481481,6.938893903907228e-18,0.0019670923502192743,0.0019670923502192747,-4.336808689942018e-19,0.002107255303755991,0.0021072553037559914,-4.336808689942018e-19,0.0020313842705428327,0.002031384270542833,-4.336808689942018e-19,0.002985616032770882,0.002985616032770883,-1.3010426069826053e-18,0.0005302579814110748,0.0005302579814110749,-1.0842021724855044e-19,-0.00032552207024612485,-0.00032552207024612496,1.0842021724855044e-19,-0.00036453059666509153,-0.00036453059666509164,1.0842021724855044e-19,-0.00328156321270594,-0.0032815632127059413,1.3010426069826053e-18,-0.003177966101694857,-0.003177966101694858,1.3010426069826053e-18,-0.001452356061659016,-0.0014523560616590166,6.505213034913027e-19
2021-08-31,0.1182932592355527,-0.0237659963436922,0.0013240783660981,0.0201755692569745,0.0121217725230882,0.0151189085040535,-0.0112819690155405,-0.0232353210449215,-0.0242158238486897,-0.0263759248055441,-0.0298678360321443,-0.0423311446253067,ESTAGFLACAO,0.0833333333333333,0.0833333333333333,0.0833333333333333,0.0833333333333333,0.0833333333333333,0.0833333333333333,0.0833333333333333,0.0833333333333333,0.0833333333333333,0.0833333333333333,0.0833333333333333,0.0833333333333333,0.08333333333333333,0.08333333333333333,0.08333333333333333,0.08333333333333333,0.08333333333333333,0.08333333333333333,0.08333333333333333,0.08333333333333333,0.08333333333333333,0.08333333333333333,0.08333333333333333,0.08333333333333333,-0.0011700356525059996,-0.001170035652506,0.02392006074027512,0.023920060740275126,2.392006074027512e-05,2.3920060740275126e-05,-0.0011939277259223058,-0.0011939277259223058,0.0,-6.938893903907228e-18,-6.776263578034403e-21,TREINO,0.009857771602962721,0.009857771602962724,-3.469446951953614e-18,-0.0019804996953076827,-0.001980499695307683,4.336808689942018e-19,0.0001103398638415083,0.00011033986384150832,-2.710505431213761e-20,0.0016812974380812078,0.0016812974380812085,-6.505213034913027e-19,0.0010101477102573498,0.00101014771025735,-2.168404344971009e-19,0.0012599090420044579,0.0012599090420044583,-4.336808689942018e-19,-0.0009401640846283747,-0.000940164084628375,3.2526065174565133e-19,-0.0019362767537434576,-0.0019362767537434583,6.505213034913027e-19,-0.0020179853207241407,-0.0020179853207241416,8.673617379884035e-19,-0.0021979937337953405,-0.0021979937337953414,8.673617379884035e-19,-0.002488986336012024,-0.002488986336012025,8.673617379884035e-19,-0.003527595385442224,-0.003527595385442225,1.3010426069826053e-18
2021-09-30,0.3404158778390447,0.0051498127340829,-0.0328925350809224,0.0446468222647424,0.027258337238776,0.0260109574147651,0.0048902744783503,-0.0066244710519872,-0.0071204220437246,-0.0656714049366781,-0.0850059082596315,-0.0978988469342776,ESTAGFLACAO,0.0833333333333333,0.0833333333333333,0.0833333333333333,0.0833333333333333,0.0833333333333333,0.0833333333333333,0.0833333333333333,0.0833333333333333,0.0833333333333333,0.0833333333333333,0.0833333333333333,0.0833333333333333,0.08333333333333333,0.08333333333333333,0.08333333333333333,0.08333333333333333,0.08333333333333333,0.08333333333333333,0.08333333333333333,0.08333333333333333,0.08333333333333333,0.08333333333333333,0.08333333333333333,0.08333333333333333,0.01276320780521167,0.012763207805211667,0.014423856939223621,0.014423856939223628,1.442385693922362e-05,1.442385693922363e-05,0.012748599853589004,0.012748599853589004,0.0,-6.938893903907228e-18,-8.470329472543003e-21,TREINO,0.02836798981992038,0.02836798981992039,-1.0408340855860843e-17,0.0004291510611735748,0.00042915106117357495,-1.6263032587282567e-19,-0.0027410445900768656,-0.0027410445900768665,8.673617379884035e-19,0.003720568522061865,0.0037205685220618664,-1.3010426069826053e-18,0.0022715281032313324,0.0022715281032313333,-8.673617379884035e-19,0.0021675797845637575,0.002167579784563758,-4.336808689942018e-19,0.0004075228731958582,0.00040752287319585834,-1.6263032587282567e-19,-0.0005520392543322664,-0.0005520392543322667,2.168404344971009e-19,-0.0005933685036437164,-0.0005933685036437166,2.168404344971009e-19,-0.0054726170780565065,-0.005472617078056508,1.734723475976807e-18,-0.0070838256883026226,-0.007083825688302625,2.6020852139652106e-18,-0.00815823724452313,-0.008158237244523133,3.469446951953614e-18
2021-10-31,-0.075166179819214,0.0586865393572433,0.0157807499580302,0.0425908947995574,0.0500915586571215,0.0276881654786864,-0.0309457916948697,-0.0509245312050475,-0.0394431330500597,-0.0646319971186365,-0.0535980300335366,-0.0890269138874849,ESTAGFLACAO,0.0833333333333333,0.0833333333333333,0.0833333333333333,0.0833333333333333,0.0833333333333333,0.0833333333333333,0.0833333333333333,0.0833333333333333,0.0833333333333333,0.0833333333333333,0.0833333333333333,0.0833333333333333,0.08333333333333333,0.08333333333333333,0.08333333333333333,0.08333333333333333,0.08333333333333333,0.08333333333333333,0.08333333333333333,0.08333333333333333,0.08333333333333333,0.08333333333333333,0.08333333333333333,0.08333333333333333,-0.01740822237985084,-0.017408222379850843,0.0318665443010913,0.03186654430109131,3.18665443010913e-05,3.186654430109131e-05,-0.01743953418426225,-0.01743953418426225,0.0,-6.938893903907228e-18,-6.776263578034403e-21,TREINO,-0.006263848318267831,-0.006263848318267833,1.734723475976807e-18,0.004890544946436939,0.004890544946436941,-1.734723475976807e-18,0.0013150624965025163,0.0013150624965025167,-4.336808689942018e-19,0.0035492412332964484,0.0035492412332964497,-1.3010426069826053e-18,0.004174296554760123,0.004174296554760124,-8.673617379884035e-19,0.002307347123223866,0.0023073471232238664,-4.336808689942018e-19,-0.002578815974572474,-0.0025788159745724747,8.673617379884035e-19,-0.0042437109337539565,-0.004243710933753958,1.734723475976807e-18,-0.0032869277541716403,-0.003286927754171641,8.673617379884035e-19,-0.005385999759886373,-0.005385999759886375,1.734723475976807e-18,-0.004466502502794715,-0.004466502502794716,8.673617379884035e-19,-0.007418909490623739,-0.007418909490623742,2.6020852139652106e-18
2021-11-30,-0.1583118664342765,-0.0021997360316761,-0.0052720271531471,-0.0078300669197282,-0.0410586956677391,-0.0097587327581931,0.0267833389592666,0.0522729268259603,0.0423803308382841,-0.0144913104708247,-0.0289460113308702,0.0361742400570248,EXPANSAO_INFLACIONARIA,0.0833333333333333,0.0833333333333333,0.0833333333333333,0.0833333333333333,0.0833333333333333,0.0833333333333333,0.0833333333333333,0.0833333333333333,0.0833333333333333,0.0833333333333333,0.0833333333333333,0.0833333333333333,0.08333333333333333,0.08333333333333333,0.08333333333333333,0.08333333333333333,0.08333333333333333,0.08333333333333333,0.08333333333333333,0.08333333333333333,0.08333333333333333,0.08333333333333333,0.08333333333333333,0.08333333333333333,-0.009188134173826598,-0.0091881341738266,0.023906080715144343,0.023906080715144343,2.3906080715144344e-05,2.3906080715144344e-05,-0.009211820602264553,-0.009211820602264553,0.0,0.0,0.0,TREINO,-0.013192655536189703,-0.013192655536189708,5.204170427930421e-18,-0.00018331133597300825,-0.00018331133597300833,8.131516293641283e-20,-0.0004393355960955915,-0.0004393355960955917,1.6263032587282567e-19,-0.0006525055766440164,-0.0006525055766440167,2.168404344971009e-19,-0.00342155797231159,-0.0034215579723115915,1.3010426069826053e-18,-0.0008132277298494246,-0.000813227729849425,3.2526065174565133e-19,0.0022319449132722157,0.0022319449132722166,-8.673617379884035e-19,0.00435607723549669,0.0043560772354966915,-1.734723475976807e-18,0.003531694236523674,0.003531694236523675,-8.673617379884035e-19,-0.0012076092059020579,-0.0012076092059020583,4.336808689942018e-19,-0.002412167610905849,-0.00241216761090585,8.673617379884035e-19,0.003014520004752065,0.0030145200047520665,-1.3010426069826053e-18
2021-12-31,-0.2202758534858027,0.0511463844797175,0.0220455435972921,0.0182120517620383,0.0240735528279136,0.0079651599757581,-0.0117882472685491,-0.0036421792219248,-0.0414999193183911,0.0259031645678715,-0.0382329995263654,0.1146042873823256,EXPANSAO_INFLACIONARIA,0.0833333333333333,0.0833333333333333,0.0833333333333333,0.0833333333333333,0.0833333333333333,0.0833333333333333,0.0833333333333333,0.0833333333333333,0.0833333333333333,0.0833333333333333,0.0833333333333333,0.0833333333333333,0.08333333333333333,0.08333333333333333,0.08333333333333333,0.08333333333333333,0.08333333333333333,0.08333333333333333,0.08333333333333333,0.08333333333333333,0.08333333333333333,0.08333333333333333,0.08333333333333333,0.08333333333333333,-0.004290754519009701,-0.004290754519009699,0.017378504850369902,0.01737850485036991,1.7378504850369902e-05,1.737850485036991e-05,-0.004308058456961916,-0.004308058456961916,0.0,-6.938893903907228e-18,-6.776263578034403e-21,TREINO,-0.018356321123816886,-0.01835632112381689,3.469446951953614e-18,0.004262198706643123,0.004262198706643124,-8.673617379884035e-19,0.001837128633107674,0.0018371286331076747,-6.505213034913027e-19,0.0015176709801698579,0.0015176709801698583,-4.336808689942018e-19,0.0020061294023261326,0.002006129402326133,-4.336808689942018e-19,0.0006637633313131748,0.000663763331313175,-2.168404344971009e-19,-0.0009823539390457579,-0.0009823539390457583,4.336808689942018e-19,-0.00030351493516039986,-0.00030351493516039997,1.0842021724855044e-19,-0.0034583266098659237,-0.003458326609865925,1.3010426069826053e-18,0.002158597047322624,0.002158597047322625,-8.673617379884035e-19,-0.003186083293863782,-0.0031860832938637833,1.3010426069826053e-18,0.009550357281860463,0.009550357281860466,-3.469446951953614e-18
2022-01-31,0.3687166311917782,0.0503355704697989,-0.0097644131122923,-0.0596384660170639,-0.0766545998526579,-0.0615449418816104,0.0104060870947642,-0.016043884821247,0.0126373794052629,0.071381152172568,0.1723750471428888,0.0019678408131444,EXPANSAO_INFLACIONARIA,0.0833333333333333,0.0833333333333333,0.0833333333333333,0.0833333333333333,0.0833333333333333,0.0833333333333333,0.0833333333333333,0.0833333333333333,0.0833333333333333,0.0833333333333333,0.0833333333333333,0.0833333333333333,0.08333333333333333,0.08333333333333333,0.08333333333333333,0.08333333333333333,0.08333333333333333,0.08333333333333333,0.08333333333333333,0.08333333333333333,0.08333333333333333,0.08333333333333333,0.08333333333333333,0.08333333333333333,0.038681116883777816,0.03868111688377783,0.024658637621061,0.024658637621061012,2.4658637621061e-05,2.4658637621061012e-05,0.038655504422512754,0.038655504422512754,0.0,-1.3877787807814457e-17,-1.3552527156068805e-20,TREINO,0.030726385932648172,0.030726385932648183,-1.0408340855860843e-17,0.00419463087248324,0.0041946308724832414,-1.734723475976807e-18,-0.0008137010926910247,-0.000813701092691025,3.2526065174565133e-19,-0.004969872168088656,-0.004969872168088658,1.734723475976807e-18,-0.006387883321054823,-0.0063878833210548255,2.6020852139652106e-18,-0.0051287451568008645,-0.005128745156800866,1.734723475976807e-18,0.0008671739245636829,0.0008671739245636833,-3.2526065174565133e-19,-0.0013369904017705827,-0.001336990401770583,4.336808689942018e-19,0.0010531149504385746,0.001053114950438575,-4.336808689942018e-19,0.005948429347713998,0.005948429347714,-1.734723475976807e-18,0.014364587261907393,0.014364587261907398,-5.204170427930421e-18,0.00016398673442869996,0.0001639867344287,-5.421010862427522e-20
2022-02-28,-0.0828888543865149,0.053514376996806,0.0509749303621172,-0.0448289718106229,-0.041550924393448,-0.0478809385942077,0.0021351188530651,0.0051599586390771,-0.0340748707287497,0.0107202893153943,-0.0171456023885556,-0.0196398850770905,EXPANSAO_INFLACIONARIA,0.0833333333333333,0.0833333333333333,0.0833333333333333,0.0833333333333333,0.0833333333333333,0.0833333333333333,0.0833333333333333,0.0833333333333333,0.0833333333333333,0.0833333333333333,0.0833333333333333,0.0833333333333333,0.08333333333333333,0.08333333333333333,0.08333333333333333,0.08333333333333333,0.08333333333333333,0.08333333333333333,0.08333333333333333,0.08333333333333333,0.08333333333333333,0.08333333333333333,0.08333333333333333,0.08333333333333333,-0.013792114434394126,-0.013792114434394131,0.04076354821377239,0.04076354821377241,4.0763548213772395e-05,4.0763548213772415e-05,-0.013832315767086212,-0.013832315767086212,0.0,-2.0816681711721685e-17,-2.0328790734103208e-20,TREINO,-0.006907404532209572,-0.006907404532209575,2.6020852139652106e-18,0.004459531416400498,0.0044595314164005,-1.734723475976807e-18,0.004247910863509765,0.004247910863509766,-8.673617379884035e-19,-0.00373574765088524,-0.0037357476508852413,1.3010426069826053e-18,-0.003462577032787332,-0.0034625770327873333,1.3010426069826053e-18,-0.003990078216183974,-0.003990078216183975,8.673617379884035e-19,0.00017792657108875825,0.00017792657108875833,-8.131516293641283e-20,0.00042999655325642487,0.00042999655325642503,-1.6263032587282567e-19,-0.0028395725607291405,-0.0028395725607291413,8.673617379884035e-19,0.0008933574429495246,0.0008933574429495249,-3.2526065174565133e-19,-0.0014288001990462994,-0.0014288001990462999,4.336808689942018e-19,-0.001636657089757541,-0.0016366570897575416,6.505213034913027e-19
2022-03-31,0.2621924973563274,0.1353297952994692,0.0332361257205815,-0.0688180783672954,-0.0715557799921472,-0.1186941682363111,-0.0036345521017644,-0.0017453610501242,0.0723513611667512,0.0580294092823676,0.0772829184095704,0.065943186103855,EXPANSAO_DESINFLACIONARIA,0.0833333333333333,0.0833333333333333,0.0833333333333333,0.0833333333333333,0.0833333333333333,0.0833333333333333,0.0833333333333333,0.0833333333333333,0.0833333333333333,0.0833333333333333,0.0833333333333333,0.0833333333333333,0.08333333333333333,0.08333333333333333,0.08333333333333333,0.08333333333333333,0.08333333333333333,0.08333333333333333,0.08333333333333333,0.08333333333333333,0.08333333333333333,0.08333333333333333,0.08333333333333333,0.08333333333333333,0.036659779465939984,0.03665977946594,0.01617857393800752,0.01617857393800752,1.6178573938007522e-05,1.6178573938007522e-05,0.03664300778904939,0.03664300778904939,0.0,0.0,0.0,TREINO,0.02184937477969394,0.021849374779693946,-6.938893903907228e-18,0.01127748294162243,0.011277482941622433,-3.469446951953614e-18,0.0027696771433817907,0.0027696771433817916,-8.673617379884035e-19,-0.005734839863941281,-0.0057348398639412825,1.734723475976807e-18,-0.0059629816660122644,-0.005962981666012266,1.734723475976807e-18,-0.009891180686359254,-0.009891180686359257,3.469446951953614e-18,-0.0003028793418136999,-0.0003028793418137,1.0842021724855044e-19,-0.00014544675417701663,-0.00014544675417701666,2.710505431213761e-20,0.006029280097229264,0.006029280097229266,-1.734723475976807e-18,0.004835784106863965,0.0048357841068639665,-1.734723475976807e-18,0.0064402432007975305,0.006440243200797533,-2.6020852139652106e-18,0.005495265508654581,0.005495265508654583,-1.734723475976807e-18
2022-04-30,0.2839418120081829,0.0928213689482468,-0.0204698867962522,0.0352432812218521,-0.0255836343331722,-0.0336635102357489,0.0,0.0,2.220446049250313e-16,-0.1020712510879942,-0.1166093656856276,-0.1088488193317498,EXPANSAO_DESINFLACIONARIA,0.0833333333333333,0.0833333333333333,0.0833333333333333,0.0833333333333333,0.0833333333333333,0.0833333333333333,0.0833333333333333,0.0833333333333333,0.0833333333333333,0.0833333333333333,0.0833333333333333,0.0833333333333333,0.08333333333333333,0.08333333333333333,0.08333333333333333,0.08333333333333333,0.08333333333333333,0.08333333333333333,0.08333333333333333,0.08333333333333333,0.08333333333333333,0.08333333333333333,0.08333333333333333,0.08333333333333333,0.00039666622564475326,0.0003966662256447602,0.036267965292587113,0.036267965292587134,3.626796529258711e-05,3.626796529258714e-05,0.0003603838740753318,0.0003603838740753318,0.0,-2.0816681711721685e-17,-2.710505431213761e-20,TREINO,0.023661817667348567,0.023661817667348574,-6.938893903907228e-18,0.007735114079020564,0.0077351140790205665,-2.6020852139652106e-18,-0.0017058238996876826,-0.0017058238996876833,6.505213034913027e-19,0.0029369401018210072,0.002936940101821008,-8.673617379884035e-19,-0.002131969527764349,-0.0021319695277643496,4.336808689942018e-19,-0.0028052925196457405,-0.0028052925196457414,8.673617379884035e-19,0.0,0.0,0.0,0.0,0.0,0.0,1.8503717077085935e-17,1.850371707708594e-17,-6.162975822039155e-33,-0.008505937590666179,-0.008505937590666183,3.469446951953614e-18,-0.009717447140468963,-0.009717447140468967,3.469446951953614e-18,-0.00907073494431248,-0.009070734944312483,3.469446951953614e-18
2022-05-31,0.1243788659503699,-0.0791322945310111,-0.0348819441434187,-0.0375470881287358,-0.0127515325857117,-0.0148352367367214,0.0,0.0,0.0069146535695263,0.0341391831648163,0.0599078175392633,0.0492091241120105,EXPANSAO_DESINFLACIONARIA,0.0833333333333333,0.0833333333333333,0.0833333333333333,0.0833333333333333,0.0833333333333333,0.0833333333333333,0.0833333333333333,0.0833333333333333,0.0833333333333333,0.0833333333333333,0.0833333333333333,0.0833333333333333,0.08333333333333333,0.08333333333333333,0.08333333333333333,0.08333333333333333,0.08333333333333333,0.08333333333333333,0.08333333333333333,0.08333333333333333,0.08333333333333333,0.08333333333333333,0.08333333333333333,0.08333333333333333,0.007950129017532297,0.007950129017532299,0.03422113092493766,0.03422113092493768,3.4221130924937656e-05,3.4221130924937676e-05,0.007915635824201406,0.007915635824201406,0.0,-2.0816681711721685e-17,-2.0328790734103208e-20,TREINO,0.010364905495864154,0.010364905495864158,-3.469446951953614e-18,-0.006594357877584256,-0.006594357877584258,2.6020852139652106e-18,-0.002906828678618224,-0.0029068286786182247,8.673617379884035e-19,-0.0031289240107279822,-0.003128924010727983,8.673617379884035e-19,-0.0010626277154759747,-0.001062627715475975,2.168404344971009e-19,-0.0012362697280601162,-0.0012362697280601167,4.336808689942018e-19,0.0,0.0,0.0,0.0,0.0,0.0,0.0005762211307938581,0.0005762211307938583,-2.168404344971009e-19,0.0028449319304013573,0.0028449319304013586,-1.3010426069826053e-18,0.00499231812827194,0.004992318128271942,-1.734723475976807e-18,0.0041007603426675395,0.004100760342667541,-1.734723475976807e-18
2022-06-30,-0.3340700452377636,-0.0129396151293955,-0.0209475099629691,0.0901650076932687,0.057097094448252,0.0202215299494774,0.0,0.0,-0.0167516449914379,-0.1151856125196116,-0.1296618180574416,-0.1480737025061405,EXPANSAO_DESINFLACIONARIA,0.0833333333333333,0.0833333333333333,0.0833333333333333,0.0833333333333333,0.0833333333333333,0.0833333333333333,0.0833333333333333,0.0833333333333333,0.0833333333333333,0.0833333333333333,0.0833333333333333,0.0833333333333333,0.08333333333333333,0.08333333333333333,0.08333333333333333,0.08333333333333333,0.08333333333333333,0.08333333333333333,0.08333333333333333,0.08333333333333333,0.08333333333333333,0.08333333333333333,0.08333333333333333,0.08333333333333333,-0.05084552635948012,-0.05084552635948014,0.019497862369953677,0.019497862369953683,1.9497862369953676e-05,1.9497862369953682e-05,-0.050864032842775075,-0.050864032842775075,0.0,-6.938893903907228e-18,-6.776263578034403e-21,TREINO,-0.027839170436480293,-0.0278391704364803,6.938893903907228e-18,-0.0010783012607829578,-0.0010783012607829582,4.336808689942018e-19,-0.0017456258302474244,-0.0017456258302474248,4.336808689942018e-19,0.007513750641105722,0.0075137506411057245,-2.6020852139652106e-18,0.004758091204020998,0.004758091204021,-1.734723475976807e-18,0.0016851274957897827,0.0016851274957897834,-6.505213034913027e-19,0.0,0.0,0.0,0.0,0.0,0.0,-0.0013959704159531578,-0.0013959704159531583,4.336808689942018e-19,-0.009598801043300962,-0.009598801043300966,3.469446951953614e-18,-0.010805151504786795,-0.010805151504786798,3.469446951953614e-18,-0.012339475208845036,-0.012339475208845041,5.204170427930421e-18
2022-07-31,0.5171460943307724,-0.171428571428571,-0.0228368448142647,0.0003474416102522,-0.0240489942286463,0.0162098243781869,0.0,0.0,-0.0095238256706755,0.048200049082927,0.0353019564890768,-0.0198584766832443,EXPANSAO_INFLACIONARIA,0.0833333333333333,0.0833333333333333,0.0833333333333333,0.0833333333333333,0.0833333333333333,0.0833333333333333,0.0833333333333333,0.0833333333333333,0.0833333333333333,0.0833333333333333,0.0833333333333333,0.0833333333333333,0.08333333333333333,0.08333333333333333,0.08333333333333333,0.08333333333333333,0.08333333333333333,0.08333333333333333,0.08333333333333333,0.08333333333333333,0.08333333333333333,0.08333333333333333,0.08333333333333333,0.08333333333333333,0.03079238775548445,0.030792387755484457,0.04597153637127098,0.04597153637127099,4.5971536371270984e-05,4.5971536371271e-05,0.030745000645739484,0.030745000645739484,0.0,-1.3877787807814457e-17,-1.3552527156068805e-20,TREINO,0.043095507860897685,0.0430955078608977,-1.3877787807814457e-17,-0.014285714285714245,-0.01428571428571425,5.204170427930421e-18,-0.0019030704011887241,-0.0019030704011887248,6.505213034913027e-19,2.8953467521016654e-05,2.8953467521016664e-05,-1.0164395367051604e-20,-0.002004082852387191,-0.0020040828523871916,4.336808689942018e-19,0.0013508186981822411,0.0013508186981822416,-4.336808689942018e-19,0.0,0.0,0.0,0.0,0.0,0.0,-0.000793652139222958,-0.0007936521392229582,2.168404344971009e-19,0.004016670756910582,0.004016670756910583,-8.673617379884035e-19,0.002941829707423066,0.0029418297074230667,-8.673617379884035e-19,-0.0016548730569370244,-0.001654873056937025,6.505213034913027e-19
2022-08-31,0.1091262308297449,0.0933062880324551,-0.0284190679517341,-0.0117313511658478,-0.0280128858118688,-0.0422253998225417,0.0,0.0,0.0246795430090418,0.0653198760449045,0.0980055670200081,-0.0371113045285538,EXPANSAO_INFLACIONARIA,0.0833333333333333,0.0833333333333333,0.0833333333333333,0.0833333333333333,0.0833333333333333,0.0833333333333333,0.0833333333333333,0.0833333333333333,0.0833333333333333,0.0833333333333333,0.0833333333333333,0.0833333333333333,0.08333333333333333,0.08333333333333333,0.08333333333333333,0.08333333333333333,0.08333333333333333,0.08333333333333333,0.08333333333333333,0.08333333333333333,0.08333333333333333,0.08333333333333333,0.08333333333333333,0.08333333333333333,0.020244791304634007,0.02024479130463401,0.04109063269140822,0.04109063269140823,4.109063269140822e-05,4.109063269140823e-05,0.020202868800659246,0.020202868800659246,0.0,-1.3877787807814457e-17,-1.3552527156068805e-20,TREINO,0.009093852569145406,0.009093852569145407,-1.734723475976807e-18,0.007775524002704588,0.007775524002704591,-2.6020852139652106e-18,-0.0023682556626445075,-0.0023682556626445084,8.673617379884035e-19,-0.000977612597153983,-0.0009776125971539833,2.168404344971009e-19,-0.0023344071509890656,-0.0023344071509890665,8.673617379884035e-19,-0.00351878331854514,-0.0035187833185451414,1.3010426069826053e-18,0.0,0.0,0.0,0.0,0.0,0.0,0.002056628584086816,0.0020566285840868167,-8.673617379884035e-19,0.00544332300374204,0.005443323003742041,-1.734723475976807e-18,0.008167130585000671,0.008167130585000675,-3.469446951953614e-18,-0.0030926087107128156,-0.003092608710712817,1.3010426069826053e-18
2022-09-30,-0.2586830391731626,0.0055658627087207,-0.0294255155168547,0.0535543634290613,0.0333800866275513,0.0117258827123203,0.0,0.0,0.0170993569703761,0.0047859742597153,0.0361327821592583,0.0185416539510092,EXPANSAO_INFLACIONARIA,0.0833333333333333,0.0833333333333333,0.0833333333333333,0.0833333333333333,0.0833333333333333,0.0833333333333333,0.0833333333333333,0.0833333333333333,0.0833333333333333,0.0833333333333333,0.0833333333333333,0.0833333333333333,0.08333333333333333,0.08333333333333333,0.08333333333333333,0.08333333333333333,0.08333333333333333,0.08333333333333333,0.08333333333333333,0.08333333333333333,0.08333333333333333,0.08333333333333333,0.08333333333333333,0.08333333333333333,-0.008943549322667063,-0.008943549322667069,0.023622888584999432,0.023622888584999432,2.3622888584999433e-05,2.3622888584999433e-05,-0.008966960938782909,-0.008966960938782909,0.0,0.0,0.0,TREINO,-0.021556919931096874,-0.02155691993109688,6.938893903907228e-18,0.00046382189239339145,0.0004638218923933916,-1.6263032587282567e-19,-0.002452126293071224,-0.002452126293071225,8.673617379884035e-19,0.00446286361908844,0.004462863619088441,-8.673617379884035e-19,0.002781673885629274,0.002781673885629275,-8.673617379884035e-19,0.000977156892693358,0.0009771568926933583,-4.336808689942018e-19,0.0,0.0,0.0,0.0,0.0,0.0,0.0014249464141980076,0.0014249464141980082,-6.505213034913027e-19,0.00039883118830960813,0.0003988311883096083,-1.6263032587282567e-19,0.003011065179938191,0.003011065179938192,-8.673617379884035e-19,0.0015451378292507662,0.0015451378292507666,-4.336808689942018e-19
2022-10-31,-0.0607448695604372,0.020664206642067,-0.0159408082355742,-0.0199585531127044,-0.0055439028532984,-0.0396948811860774,0.0,0.0,0.0022551879490146,0.0547317709267203,0.067389270770092,0.0605440605732423,EXPANSAO_DESINFLACIONARIA,0.0833333333333333,0.0833333333333333,0.0833333333333333,0.0833333333333333,0.0833333333333333,0.0833333333333333,0.0833333333333333,0.0833333333333333,0.0833333333333333,0.0833333333333333,0.0833333333333333,0.0833333333333333,0.08333333333333333,0.08333333333333333,0.08333333333333333,0.08333333333333333,0.08333333333333333,0.08333333333333333,0.08333333333333333,0.08333333333333333,0.08333333333333333,0.08333333333333333,0.08333333333333333,0.08333333333333333,0.005308456826087048,0.00530845682608705,0.022721667020077548,0.02272166702007755,2.272166702007755e-05,2.2721667020077553e-05,0.005285614542078543,0.005285614542078543,0.0,-3.469446951953614e-18,-3.3881317890172014e-21,TREINO,-0.005062072463369764,-0.005062072463369766,1.734723475976807e-18,0.0017220172201722495,0.00172201722017225,-4.336808689942018e-19,-0.0013284006862978495,-0.00132840068629785,4.336808689942018e-19,-0.0016632127593920326,-0.001663212759392033,4.336808689942018e-19,-0.00046199190444153314,-0.0004619919044415333,1.6263032587282567e-19,-0.0033079067655064484,-0.0033079067655064497,1.3010426069826053e-18,0.0,0.0,0.0,0.0,0.0,0.0,0.00018793232908454992,0.00018793232908455,-8.131516293641283e-20,0.004560980910560023,0.004560980910560024,-8.673617379884035e-19,0.005615772564174331,0.005615772564174334,-2.6020852139652106e-18,0.005045338381103523,0.0050453383811035245,-1.734723475976807e-18
2022-11-30,0.0904799067725212,-0.042660882140274,0.0673023864189823,-0.0038385009252713,0.0308132615282206,0.0583381677204015,0.0,0.0,-0.0253656112579483,-0.0306748334645421,-0.1368653421633551,0.1330762146371675,EXPANSAO_DESINFLACIONARIA,0.0833333333333333,0.0833333333333333,0.0833333333333333,0.0833333333333333,0.0833333333333333,0.0833333333333333,0.0833333333333333,0.0833333333333333,0.0833333333333333,0.0833333333333333,0.0833333333333333,0.0833333333333333,0.08333333333333333,0.08333333333333333,0.08333333333333333,0.08333333333333333,0.08333333333333333,0.08333333333333333,0.08333333333333333,0.08333333333333333,0.08333333333333333,0.08333333333333333,0.08333333333333333,0.08333333333333333,0.011717063927158522,0.011717063927158525,0.015094494992336047,0.015094494992336047,1.5094494992336046e-05,1.5094494992336046e-05,0.011701792569003278,0.011701792569003278,0.0,0.0,0.0,TREINO,0.007539992231043431,0.007539992231043433,-2.6020852139652106e-18,-0.0035550735116894982,-0.0035550735116894995,1.3010426069826053e-18,0.005608532201581856,0.005608532201581858,-2.6020852139652106e-18,-0.00031987507710594154,-0.00031987507710594165,1.0842021724855044e-19,0.0025677717940183822,0.002567771794018383,-8.673617379884035e-19,0.004861513976700123,0.004861513976700125,-1.734723475976807e-18,0.0,0.0,0.0,0.0,0.0,0.0,-0.0021138009381623576,-0.0021138009381623584,8.673617379884035e-19,-0.0025562361220451742,-0.002556236122045175,8.673617379884035e-19,-0.011405445180279588,-0.011405445180279592,3.469446951953614e-18,0.01108968455309729,0.011089684553097293,-3.469446951953614e-18
2022-12-31,-0.3421356236379949,0.026435045317221,0.0420962199312717,-0.0002657442613355,0.0278871049769762,0.034764307930915,0.0,0.0,-0.0038829126144096,-0.023382591527415,0.0172890275335677,-0.0202552957737693,EXPANSAO_DESINFLACIONARIA,0.0833333333333333,0.0833333333333333,0.0833333333333333,0.0833333333333333,0.0833333333333333,0.0833333333333333,0.0833333333333333,0.0833333333333333,0.0833333333333333,0.0833333333333333,0.0833333333333333,0.0833333333333333,0.08333333333333333,0.08333333333333333,0.08333333333333333,0.08333333333333333,0.08333333333333333,0.08333333333333333,0.08333333333333333,0.08333333333333333,0.08333333333333333,0.08333333333333333,0.08333333333333333,0.08333333333333333,-0.020120871843747713,-0.020120871843747726,0.026475173486567007,0.02647517348656702,2.6475173486567007e-05,2.647517348656702e-05,-0.020146814313661388,-0.0201468143136615,1.1102230246251565e-16,-1.3877787807814457e-17,-1.3552527156068805e-20,TREINO,-0.028511301969832894,-0.028511301969832904,1.0408340855860843e-17,0.002202920443101749,0.00220292044310175,-8.673617379884035e-19,0.003508018327605974,0.0035080183276059752,-1.3010426069826053e-18,-2.214535511129166e-05,-2.2145355111291666e-05,6.776263578034403e-21,0.002323925414748016,0.0023239254147480164,-4.336808689942018e-19,0.002897025660909582,0.0028970256609095833,-1.3010426069826053e-18,0.0,0.0,0.0,0.0,0.0,0.0,-0.0003235760512007999,-0.0003235760512008,1.0842021724855044e-19,-0.0019485492939512491,-0.0019485492939512498,6.505213034913027e-19,0.0014407522944639743,0.001440752294463975,-6.505213034913027e-19,-0.0016879413144807744,-0.001687941314480775,6.505213034913027e-19
2023-01-31,-0.4112744009046827,0.0003679175864614,0.060456169277274,-0.0288410071994547,-0.0072837178518069,-0.002341556879323,0.0,0.0,0.0022123797779569,0.031953223226955,0.0096540533075544,0.0597636995246013,EXPANSAO_DESINFLACIONARIA,0.0833333333333333,0.0833333333333333,0.0833333333333333,0.0833333333333333,0.0833333333333333,0.0833333333333333,0.0833333333333333,0.0833333333333333,0.0833333333333333,0.0833333333333333,0.0833333333333333,0.0833333333333333,0.08333333333333333,0.08333333333333333,0.08333333333333333,0.08333333333333333,0.08333333333333333,0.08333333333333333,0.08333333333333333,0.08333333333333333,0.08333333333333333,0.08333333333333333,0.08333333333333333,0.08333333333333333,-0.023777770011205346,-0.02377777001120535,0.0276744078306399,0.027674407830639947,2.7674407830639898e-05,2.767440783063995e-05,-0.0238047863833315,-0.0238047863833315,0.0,-4.85722573273506e-17,-5.082197683525802e-20,TREINO,-0.03427286674205688,-0.03427286674205689,6.938893903907228e-18,3.065979887178332e-05,3.065979887178333e-05,-1.3552527156068805e-20,0.005038014106439498,0.0050380141064395,-1.734723475976807e-18,-0.0024034172666212244,-0.002403417266621225,4.336808689942018e-19,-0.0006069764876505747,-0.0006069764876505749,2.168404344971009e-19,-0.00019512973994358326,-0.00019512973994358334,8.131516293641283e-20,0.0,0.0,0.0,0.0,0.0,0.0,0.00018436498149640825,0.0001843649814964083,-5.421010862427522e-20,0.002662768602246249,0.0026627686022462497,-8.673617379884035e-19,0.0008045044422961996,0.0008045044422961999,-3.2526065174565133e-19,0.004980308293716773,0.004980308293716775,-1.734723475976807e-18
2023-02-28,0.0234724155745966,-0.0739242368517831,-0.0521378468960544,0.0165789682459409,-0.0059671049328841,-0.0265319778793896,0.0,0.0,0.0115631886394922,-0.0763192314308417,-0.0514940048841799,-0.0775409761022342,EXPANSAO_DESINFLACIONARIA,0.0833333333333333,0.0833333333333333,0.0833333333333333,0.0833333333333333,0.0833333333333333,0.0833333333333333,0.0833333333333333,0.0833333333333333,0.0833333333333333,0.0833333333333333,0.0833333333333333,0.0833333333333333,0.08333333333333333,0.08333333333333333,0.08333333333333333,0.08333333333333333,0.08333333333333333,0.08333333333333333,0.08333333333333333,0.08333333333333333,0.08333333333333333,0.08333333333333333,0.08333333333333333,0.08333333333333333,-0.026025067209778097,-0.026025067209778104,0.03351011822433034,0.03351011822433034,3.351011822433034e-05,3.351011822433034e-05,-0.026057705224923455,-0.026057705224923455,0.0,0.0,0.0,TREINO,0.0019560346312163827,0.001956034631216383,-4.336808689942018e-19,-0.006160353070981923,-0.0061603530709819256,2.6020852139652106e-18,-0.004344820574671198,-0.0043448205746712,1.734723475976807e-18,0.001381580687161741,0.0013815806871617414,-4.336808689942018e-19,-0.0004972587444070081,-0.0004972587444070082,1.0842021724855044e-19,-0.0022109981566157994,-0.0022109981566158,4.336808689942018e-19,0.0,0.0,0.0,0.0,0.0,0.0,0.0009635990532910163,0.0009635990532910167,-3.2526065174565133e-19,-0.006359935952570139,-0.006359935952570141,2.6020852139652106e-18,-0.0042911670736816565,-0.004291167073681658,1.734723475976807e-18,-0.006461748008519515,-0.0064617480085195165,1.734723475976807e-18
2023-03-31,-0.1933017484405361,0.0492454328832405,0.0766034084508382,-0.0205780865456206,0.0068552476647614,0.0028565961401787,0.0,0.0,0.0345006710901776,-0.0273843388488538,-0.0137562232679769,-0.0677092827847184,EXPANSAO_DESINFLACIONARIA,0.0833333333333333,0.0833333333333333,0.0833333333333333,0.0833333333333333,0.0833333333333333,0.0833333333333333,0.0833333333333333,0.0833333333333333,0.0833333333333333,0.0833333333333333,0.0833333333333333,0.0833333333333333,0.08333333333333333,0.08333333333333333,0.08333333333333333,0.08333333333333333,0.08333333333333333,0.08333333333333333,0.08333333333333333,0.08333333333333333,0.08333333333333333,0.08333333333333333,0.08333333333333333,0.08333333333333333,-0.012722360304875781,-0.012722360304875783,0.017265833715017373,0.01726583371501738,1.7265833715017374e-05,1.726583371501738e-05,-0.012739406476433346,-0.012739406476433346,0.0,-6.938893903907228e-18,-6.776263578034403e-21,TREINO,-0.016108479036711337,-0.01610847903671134,3.469446951953614e-18,0.004103786073603373,0.004103786073603375,-1.734723475976807e-18,0.006383617370903181,0.006383617370903183,-1.734723475976807e-18,-0.0017148405454683827,-0.0017148405454683832,4.336808689942018e-19,0.0005712706387301165,0.0005712706387301166,-1.0842021724855044e-19,0.00023804967834822492,0.000238049678348225,-8.131516293641283e-20,0.0,0.0,0.0,0.0,0.0,0.0,0.0028750559241814654,0.0028750559241814662,-8.673617379884035e-19,-0.0022820282374044825,-0.0022820282374044834,8.673617379884035e-19,-0.0011463519389980747,-0.001146351938998075,2.168404344971009e-19,-0.005642440232059864,-0.005642440232059866,2.6020852139652106e-18
2023-04-30,0.087545125771175,-0.0370931112793339,0.0107160871436962,-0.0228758616673181,-0.0114377193169301,-0.0281443543849324,0.0,0.0,0.0330486507812799,0.026116528557343,0.0734667979173844,-0.0402211331905278,EXPANSAO_DESINFLACIONARIA,0.0833333333333333,0.0833333333333333,0.0833333333333333,0.0833333333333333,0.0833333333333333,0.0833333333333333,0.0833333333333333,0.0833333333333333,0.0833333333333333,0.0833333333333333,0.0833333333333333,0.0833333333333333,0.08333333333333333,0.08333333333333333,0.08333333333333333,0.08333333333333333,0.08333333333333333,0.08333333333333333,0.08333333333333333,0.08333333333333333,0.08333333333333333,0.08333333333333333,0.08333333333333333,0.08333333333333333,0.007593417527653015,0.007593417527653018,0.021871412520742727,0.02187141252074274,2.187141252074273e-05,2.1871412520742742e-05,0.0075713800363650385,0.0075713800363650385,0.0,-1.3877787807814457e-17,-1.3552527156068805e-20,TREINO,0.007295427147597914,0.007295427147597917,-2.6020852139652106e-18,-0.0030910926066111573,-0.003091092606611158,8.673617379884035e-19,0.000893007261974683,0.0008930072619746833,-3.2526065174565133e-19,-0.001906321805609841,-0.0019063218056098417,6.505213034913027e-19,-0.0009531432764108412,-0.0009531432764108415,3.2526065174565133e-19,-0.0023453628654110325,-0.002345362865411033,4.336808689942018e-19,0.0,0.0,0.0,0.0,0.0,0.0,0.002754054231773324,0.002754054231773325,-8.673617379884035e-19,0.0021763773797785825,0.0021763773797785833,-8.673617379884035e-19,0.006122233159782032,0.0061222331597820335,-1.734723475976807e-18,-0.003351761099210649,-0.00335176109921065,1.3010426069826053e-18
2023-05-31,-0.059751057376467,-0.0660377358490565,-0.0131651432055113,0.0117760434992926,-0.0158701294436153,-0.0317827651990388,0.0,0.0,0.0390898912447732,0.0379410957915256,0.0648680910069778,0.0160874160444584,EXPANSAO_DESINFLACIONARIA,0.0833333333333333,0.0833333333333333,0.0833333333333333,0.0833333333333333,0.0833333333333333,0.0833333333333333,0.0833333333333333,0.0833333333333333,0.0833333333333333,0.0833333333333333,0.0833333333333333,0.0833333333333333,0.08333333333333333,0.08333333333333333,0.08333333333333333,0.08333333333333333,0.08333333333333333,0.08333333333333333,0.08333333333333333,0.08333333333333333,0.08333333333333333,0.08333333333333333,0.08333333333333333,0.08333333333333333,-0.0014036911238884443,-0.0014036911238884439,0.015956014530642645,0.015956014530642652,1.5956014530642644e-05,1.5956014530642654e-05,-0.0014196247411031315,-0.0014196247411031315,0.0,-6.938893903907228e-18,-1.0164395367051604e-20,TREINO,-0.004979254781372248,-0.00497925478137225,1.734723475976807e-18,-0.00550314465408804,-0.005503144654088042,1.734723475976807e-18,-0.0010970952671259411,-0.0010970952671259416,4.336808689942018e-19,0.000981336958274383,0.0009813369582743832,-2.168404344971009e-19,-0.0013225107869679412,-0.0013225107869679416,4.336808689942018e-19,-0.0026485637665865655,-0.0026485637665865664,8.673617379884035e-19,0.0,0.0,0.0,0.0,0.0,0.0,0.003257490937064432,0.0032574909370644335,-1.3010426069826053e-18,0.0031617579826271323,0.0031617579826271336,-1.3010426069826053e-18,0.005405674250581481,0.005405674250581483,-1.734723475976807e-18,0.001340618003704866,0.0013406180037048665,-4.336808689942018e-19
2023-06-30,0.2347749590632357,-0.066498316498316,-0.0217933949264519,-0.0355923116212431,-0.0235687976582247,-0.0686791938276548,0.0,0.0,0.0288227757202195,0.0902461422177605,0.108327097497209,0.0173963915618249,EXPANSAO_DESINFLACIONARIA,0.0833333333333333,0.0833333333333333,0.0833333333333333,0.0833333333333333,0.0833333333333333,0.0833333333333333,0.0833333333333333,0.0833333333333333,0.0833333333333333,0.0833333333333333,0.0833333333333333,0.0833333333333333,0.08333333333333333,0.08333333333333333,0.08333333333333333,0.08333333333333333,0.08333333333333333,0.08333333333333333,0.08333333333333333,0.08333333333333333,0.08333333333333333,0.08333333333333333,0.08333333333333333,0.08333333333333333,0.021952945960696586,0.02195294596069659,0.014986734700996429,0.014986734700996429,1.498673470099643e-05,1.498673470099643e-05,0.021937630223018534,0.021937630223018534,0.0,0.0,0.0,TREINO,0.0195645799219363,0.019564579921936307,-6.938893903907228e-18,-0.005541526374859665,-0.0055415263748596665,1.734723475976807e-18,-0.0018161162438709909,-0.0018161162438709915,6.505213034913027e-19,-0.0029660259684369237,-0.002966025968436925,1.3010426069826053e-18,-0.0019640664715187242,-0.0019640664715187247,4.336808689942018e-19,-0.005723266152304565,-0.005723266152304567,1.734723475976807e-18,0.0,0.0,0.0,0.0,0.0,0.0,0.0024018979766849574,0.0024018979766849582,-8.673617379884035e-19,0.007520511851480039,0.0075205118514800415,-2.6020852139652106e-18,0.009027258124767413,0.009027258124767415,-1.734723475976807e-18,0.001449699296818741,0.0014496992968187415,-4.336808689942018e-19
2023-07-31,-0.0586133054434154,-0.0910730387736699,0.0257144474737696,-0.027246870277329,-0.0160033706534338,8.942474119444377e-05,0.0,0.0,0.0160086817150471,0.0349498357734532,0.001596793384464,0.092987516302244,EXPANSAO_DESINFLACIONARIA,0.0833333333333333,0.0833333333333333,0.0833333333333333,0.0833333333333333,0.0833333333333333,0.0833333333333333,0.0833333333333333,0.0833333333333333,0.0833333333333333,0.0833333333333333,0.0833333333333333,0.0833333333333333,0.08333333333333333,0.08333333333333333,0.08333333333333333,0.08333333333333333,0.08333333333333333,0.08333333333333333,0.08333333333333333,0.08333333333333333,0.08333333333333333,0.08333333333333333,0.08333333333333333,0.08333333333333333,-0.0017991571464729813,-0.0017991571464729805,0.030526453634297734,0.03052645363429775,3.0526453634297734e-05,3.052645363429775e-05,-0.0018296286782200077,-0.0018296286782200077,0.0,-1.3877787807814457e-17,-1.3552527156068805e-20,TREINO,-0.004884442120284615,-0.004884442120284617,1.734723475976807e-18,-0.007589419897805822,-0.0075894198978058245,2.6020852139652106e-18,0.0021428706228141326,0.0021428706228141334,-8.673617379884035e-19,-0.002270572523110749,-0.00227057252311075,8.673617379884035e-19,-0.0013336142211194829,-0.0013336142211194833,4.336808689942018e-19,7.452061766203644e-06,7.452061766203647e-06,-2.541098841762901e-21,0.0,0.0,0.0,0.0,0.0,0.0,0.001334056809587258,0.0013340568095872585,-4.336808689942018e-19,0.0029124863144544323,0.0029124863144544336,-1.3010426069826053e-18,0.00013306611537199995,0.00013306611537199997,-2.710505431213761e-20,0.0077489596918536635,0.007748959691853666,-2.6020852139652106e-18
2023-08-31,0.0508731288237827,-0.0853174603174591,-0.0163918035159214,0.0349543959413158,0.0237981213194331,-0.0023554925429762,0.0,0.0,-0.0098477932334297,-0.0495233261744318,-0.0587346868776262,-0.0432413273134995,EXPANSAO_DESINFLACIONARIA,0.0833333333333333,0.0833333333333333,0.0833333333333333,0.0833333333333333,0.0833333333333333,0.0833333333333333,0.0833333333333333,0.0833333333333333,0.0833333333333333,0.0833333333333333,0.0833333333333333,0.0833333333333333,0.08333333333333333,0.08333333333333333,0.08333333333333333,0.08333333333333333,0.08333333333333333,0.08333333333333333,0.08333333333333333,0.08333333333333333,0.08333333333333333,0.08333333333333333,0.08333333333333333,0.08333333333333333,-0.012982186990901019,-0.012982186990901024,0.01550622785415498,0.015506227854154994,1.550622785415498e-05,1.5506227854154995e-05,-0.012997491914005677,-0.012997491914005677,0.0,-1.3877787807814457e-17,-1.3552527156068805e-20,TREINO,0.00423942740198189,0.004239427401981891,-8.673617379884035e-19,-0.007109788359788255,-0.007109788359788258,2.6020852139652106e-18,-0.0013659836263267828,-0.0013659836263267833,4.336808689942018e-19,0.0029128663284429825,0.0029128663284429834,-8.673617379884035e-19,0.0019831767766194243,0.0019831767766194247,-4.336808689942018e-19,-0.0001962910452480166,-0.00019629104524801665,5.421010862427522e-20,0.0,0.0,0.0,0.0,0.0,0.0,-0.0008206494361191414,-0.0008206494361191416,2.168404344971009e-19,-0.004126943847869315,-0.0041269438478693165,1.734723475976807e-18,-0.0048945572398021815,-0.004894557239802183,1.734723475976807e-18,-0.0036034439427916234,-0.0036034439427916247,1.3010426069826053e-18
2023-09-30,0.0581647470725894,0.0341648590021694,-0.046486419283759,0.0295393416010858,0.0012609753092067,0.0071729011659644,0.0,0.0,-0.0217901995114291,0.0076498216252123,-0.020859368523082,0.0156163598999701,EXPANSAO_DESINFLACIONARIA,0.0833333333333333,0.0833333333333333,0.0833333333333333,0.0833333333333333,0.0833333333333333,0.0833333333333333,0.0833333333333333,0.0833333333333333,0.0833333333333333,0.0833333333333333,0.0833333333333333,0.0833333333333333,0.08333333333333333,0.08333333333333333,0.08333333333333333,0.08333333333333333,0.08333333333333333,0.08333333333333333,0.08333333333333333,0.08333333333333333,0.08333333333333333,0.08333333333333333,0.08333333333333333,0.08333333333333333,0.005369418196493999,0.005369418196494001,0.015897861447097747,0.015897861447097747,1.5897861447097748e-05,1.5897861447097748e-05,0.005353434972780402,0.005353434972780402,0.0,0.0,0.0,TREINO,0.004847062256049115,0.004847062256049117,-1.734723475976807e-18,0.0028470715835141156,0.002847071583514117,-1.3010426069826053e-18,-0.0038738682736465823,-0.0038738682736465836,1.3010426069826053e-18,0.0024616118000904824,0.0024616118000904833,-8.673617379884035e-19,0.00010508127576722497,0.000105081275767225,-4.0657581468206416e-20,0.0005977417638303664,0.0005977417638303666,-2.168404344971009e-19,0.0,0.0,0.0,0.0,0.0,0.0,-0.0018158499592857576,-0.0018158499592857583,6.505213034913027e-19,0.0006374851354343581,0.0006374851354343583,-2.168404344971009e-19,-0.0017382807102568328,-0.0017382807102568334,6.505213034913027e-19,0.001301363324997508,0.0013013633249975083,-4.336808689942018e-19
2023-10-31,0.2205531474021087,0.0041950707918201,0.0741842851561487,0.0026426524984921,0.0063914127178754,0.0041544301429834,0.0,0.0,-0.01136891883887,-0.0299451957855105,-0.0274945078637496,-0.051193887099312,EXPANSAO_DESINFLACIONARIA,0.0833333333333333,0.0833333333333333,0.0833333333333333,0.0833333333333333,0.0833333333333333,0.0833333333333333,0.0833333333333333,0.0833333333333333,0.0833333333333333,0.0833333333333333,0.0833333333333333,0.0833333333333333,0.08333333333333333,0.08333333333333333,0.08333333333333333,0.08333333333333333,0.08333333333333333,0.08333333333333333,0.08333333333333333,0.08333333333333333,0.08333333333333333,0.08333333333333333,0.08333333333333333,0.08333333333333333,0.016009874093498855,0.016009874093498862,0.009954178617867022,0.009954178617867022,9.954178617867023e-06,9.954178617867023e-06,0.01599976054973462,0.01599976054973462,0.0,0.0,0.0,TREINO,0.01837942895017572,0.018379428950175726,-6.938893903907228e-18,0.00034958923265167487,0.00034958923265167503,-1.6263032587282567e-19,0.0061820237630123885,0.006182023763012391,-2.6020852139652106e-18,0.00022022104154100825,0.00022022104154100834,-8.131516293641283e-20,0.0005326177264896164,0.0005326177264896166,-2.168404344971009e-19,0.0003462025119152832,0.0003462025119152833,-1.0842021724855044e-19,0.0,0.0,0.0,0.0,0.0,0.0,-0.0009474099032391663,-0.0009474099032391666,3.2526065174565133e-19,-0.0024954329821258742,-0.002495432982125875,8.673617379884035e-19,-0.002291208988645799,-0.0022912089886458,8.673617379884035e-19,-0.004266157258275998,-0.004266157258275999,8.673617379884035e-19
2023-11-30,-0.2162237738732849,-0.0355091383812001,0.0266472021535337,-0.0281405827144378,0.0016997515836756,-0.0143325538688605,0.0,0.0,0.0333769607833001,0.1263478154721469,0.1627035883081,0.1031458487839482,EXPANSAO_DESINFLACIONARIA,0.0833333333333333,0.0833333333333333,0.0833333333333333,0.0833333333333333,0.0833333333333333,0.0833333333333333,0.0833333333333333,0.0833333333333333,0.0833333333333333,0.0833333333333333,0.0833333333333333,0.0833333333333333,0.08333333333333333,0.08333333333333333,0.08333333333333333,0.08333333333333333,0.08333333333333333,0.08333333333333333,0.08333333333333333,0.08333333333333333,0.08333333333333333,0.08333333333333333,0.08333333333333333,0.08333333333333333,0.013309593187243427,0.01330959318724343,0.021548157082434904,0.02154815708243492,2.1548157082434904e-05,2.1548157082434917e-05,0.013287758232956248,0.013287758232956248,0.0,-1.3877787807814457e-17,-1.3552527156068805e-20,TREINO,-0.018018647822773733,-0.01801864782277374,6.938893903907228e-18,-0.0029590948651000075,-0.0029590948651000083,8.673617379884035e-19,0.002220600179461141,0.002220600179461142,-8.673617379884035e-19,-0.0023450485595364824,-0.0023450485595364833,8.673617379884035e-19,0.00014164596530629996,0.00014164596530629998,-2.710505431213761e-20,-0.001194379489071708,-0.0011943794890717082,2.168404344971009e-19,0.0,0.0,0.0,0.0,0.0,0.0,0.0027814133986083407,0.0027814133986083416,-8.673617379884035e-19,0.010528984622678905,0.010528984622678908,-3.469446951953614e-18,0.013558632359008328,0.013558632359008333,-5.204170427930421e-18,0.008595487398662347,0.008595487398662349,-1.734723475976807e-18
2023-12-31,-0.087437587428652,0.0270709258256633,0.017565343794051,-0.0159050732242233,-0.0010069703689289,0.0229658109615604,0.0,0.0,0.0409843375493232,0.0545820071863449,0.0752818545350857,0.0698237274958581,EXPANSAO_DESINFLACIONARIA,0.0833333333333333,0.0833333333333333,0.0833333333333333,0.0833333333333333,0.0833333333333333,0.0833333333333333,0.0833333333333333,0.0833333333333333,0.0833333333333333,0.0833333333333333,0.0833333333333333,0.0833333333333333,0.08333333333333333,0.08333333333333333,0.08333333333333333,0.08333333333333333,0.08333333333333333,0.08333333333333333,0.08333333333333333,0.08333333333333333,0.08333333333333333,0.08333333333333333,0.08333333333333333,0.08333333333333333,0.01699369802717353,0.016993698027173536,0.03171730964207116,0.03171730964207117,3.171730964207116e-05,3.1717309642071174e-05,0.016961441723149173,0.016961441723149173,0.0,-1.3877787807814457e-17,-1.3552527156068805e-20,TREINO,-0.00728646561905433,-0.007286465619054333,2.6020852139652106e-18,0.0022559104854719407,0.0022559104854719416,-8.673617379884035e-19,0.0014637786495042494,0.0014637786495042499,-4.336808689942018e-19,-0.0013254227686852744,-0.0013254227686852749,4.336808689942018e-19,-8.391419741074164e-05,-8.391419741074167e-05,2.710505431213761e-20,0.0019138175801300327,0.0019138175801300334,-6.505213034913027e-19,0.0,0.0,0.0,0.0,0.0,0.0,0.0034153614624435986,0.0034153614624436,-1.3010426069826053e-18,0.004548500598862073,0.004548500598862075,-1.734723475976807e-18,0.006273487877923805,0.006273487877923808,-2.6020852139652106e-18,0.005818643957988173,0.005818643957988175,-1.734723475976807e-18
2024-01-31,-0.1787250806189556,-0.0548234053769105,-0.0122956753945462,0.0257351375571646,0.0005600215464109,-0.0157385868222984,0.0,0.0,-0.0119937187788934,-0.0479502398176628,-0.0464245933055784,-0.0945073044363746,EXPANSAO_DESINFLACIONARIA,0.0833333333333333,0.0833333333333333,0.0833333333333333,0.0833333333333333,0.0833333333333333,0.0833333333333333,0.0833333333333333,0.0833333333333333,0.0833333333333333,0.0833333333333333,0.0833333333333333,0.0833333333333333,0.08333333333333333,0.08333333333333333,0.08333333333333333,0.08333333333333333,0.08333333333333333,0.08333333333333333,0.08333333333333333,0.08333333333333333,0.08333333333333333,0.08333333333333333,0.08333333333333333,0.08333333333333333,-0.03634695378730368,-0.036346953787303696,0.015512888749533972,0.015512888749533986,1.5512888749533972e-05,1.5512888749533986e-05,-0.036361902829802784,-0.036361902829802784,0.0,-1.3877787807814457e-17,-1.3552527156068805e-20,TESTE,-0.014893756718246293,-0.014893756718246299,5.204170427930421e-18,-0.00456861711474254,-0.0045686171147425415,1.734723475976807e-18,-0.001024639616212183,-0.0010246396162121832,2.168404344971009e-19,0.0021445947964303827,0.002144594796430383,-4.336808689942018e-19,4.666846220090831e-05,4.666846220090833e-05,-2.0328790734103208e-20,-0.0013115489018581993,-0.0013115489018581997,4.336808689942018e-19,0.0,0.0,0.0,0.0,0.0,0.0,-0.0009994765649077829,-0.0009994765649077833,4.336808689942018e-19,-0.003995853318138565,-0.0039958533181385664,1.734723475976807e-18,-0.0038687161087981987,-0.0038687161087982,1.3010426069826053e-18,-0.007875608703031214,-0.007875608703031216,1.734723475976807e-18
2024-02-29,-0.1142856672507536,-0.0725041829336303,-0.0013180781588523,0.0034340789008791,0.0038429671859119,-0.0181639930834243,0.0,0.0,0.0014074246330528,0.0103805521956765,0.0019630938594077,0.0247992757996216,EXPANSAO_DESINFLACIONARIA,0.0833333333333333,0.0833333333333333,0.0833333333333333,0.0833333333333333,0.0833333333333333,0.0833333333333333,0.0833333333333333,0.0833333333333333,0.0833333333333333,0.0833333333333333,0.0833333333333333,0.0833333333333333,0.08333333333333333,0.08333333333333333,0.08333333333333333,0.08333333333333333,0.08333333333333333,0.08333333333333333,0.08333333333333333,0.08333333333333333,0.08333333333333333,0.08333333333333333,0.08333333333333333,0.08333333333333333,-0.013370377404342569,-0.013370377404342574,0.020814532744689147,0.020814532744689147,2.0814532744689147e-05,2.0814532744689147e-05,-0.01339091363892897,-0.01339091363892897,0.0,0.0,0.0,TESTE,-0.009523805604229463,-0.009523805604229467,3.469446951953614e-18,-0.006042015244469189,-0.006042015244469191,1.734723475976807e-18,-0.00010983984657102495,-0.00010983984657102498,2.710505431213761e-20,0.0002861732417399249,0.000286173241739925,-5.421010862427522e-20,0.0003202472654926582,0.0003202472654926583,-1.0842021724855044e-19,-0.0015136660902853576,-0.001513666090285358,4.336808689942018e-19,0.0,0.0,0.0,0.0,0.0,0.0,0.00011728538608773329,0.00011728538608773333,-4.0657581468206416e-20,0.0008650460163063747,0.000865046016306375,-3.2526065174565133e-19,0.0001635911549506416,0.00016359115495064166,-5.421010862427522e-20,0.0020666063166351325,0.0020666063166351334,-8.673617379884035e-19
2024-03-31,-0.0521505387715066,0.0631389055923039,0.083932128498863,0.0046303304837789,0.0015981709870167,0.0003640216460683,0.0,0.0,-0.0044799237811131,-0.0083713157977242,0.0031348082340305,0.0306407064468852,EXPANSAO_DESINFLACIONARIA,0.0833333333333333,0.0833333333333333,0.0833333333333333,0.0833333333333333,0.0833333333333333,0.0833333333333333,0.0833333333333333,0.0833333333333333,0.0833333333333333,0.0833333333333333,0.0833333333333333,0.0833333333333333,0.08333333333333333,0.08333333333333333,0.08333333333333333,0.08333333333333333,0.08333333333333333,0.08333333333333333,0.08333333333333333,0.08333333333333333,0.08333333333333333,0.08333333333333333,0.08333333333333333,0.08333333333333333,0.010203107794883546,0.010203107794883549,0.013923049007751154,0.01392304900775116,1.3923049007751154e-05,1.392304900775116e-05,0.010189042687505978,0.010189042687505978,0.0,-6.938893903907228e-18,-6.776263578034403e-21,TESTE,-0.004345878230958881,-0.004345878230958883,1.734723475976807e-18,0.005261575466025323,0.005261575466025324,-1.734723475976807e-18,0.006994344041571914,0.0069943440415719165,-2.6020852139652106e-18,0.0003858608736482415,0.00038586087364824166,-1.6263032587282567e-19,0.00013318091558472495,0.000133180915584725,-5.421010862427522e-20,3.033513717235832e-05,3.033513717235833e-05,-1.0164395367051604e-20,0.0,0.0,0.0,0.0,0.0,0.0,-0.00037332698175942484,-0.00037332698175942495,1.0842021724855044e-19,-0.0006976096498103497,-0.0006976096498103499,2.168404344971009e-19,0.00026123401950254156,0.00026123401950254167,-1.0842021724855044e-19,0.002553392203907099,0.0025533922039071,-8.673617379884035e-19
2024-04-30,0.1293250387649962,-0.0056561085972842,0.033372419617131,0.0253892391111372,0.0166617858744866,-0.007518569416321,0.0,0.0,-0.0270008394824687,-0.0166538612288698,-0.0542968511581416,-0.0518581022847907,EXPANSAO_DESINFLACIONARIA,0.0833333333333333,0.0833333333333333,0.0833333333333333,0.0833333333333333,0.0833333333333333,0.0833333333333333,0.0833333333333333,0.0833333333333333,0.0833333333333333,0.0833333333333333,0.0833333333333333,0.0833333333333333,0.08333333333333333,0.08333333333333333,0.08333333333333333,0.08333333333333333,0.08333333333333333,0.08333333333333333,0.08333333333333333,0.08333333333333333,0.08333333333333333,0.08333333333333333,0.08333333333333333,0.08333333333333333,0.0034803459333229182,0.003480345933322919,0.012134722877206287,0.012134722877206287,1.2134722877206288e-05,1.2134722877206288e-05,0.0034681689774123114,0.0034681689774123114,0.0,0.0,0.0,TESTE,0.01077708656374968,0.010777086563749684,-3.469446951953614e-18,-0.0004713423831070165,-0.0004713423831070167,1.6263032587282567e-19,0.002781034968094249,0.0027810349680942497,-8.673617379884035e-19,0.0021157699259280994,0.0021157699259281,-4.336808689942018e-19,0.0013884821562072161,0.0013884821562072166,-4.336808689942018e-19,-0.0006265474513600831,-0.0006265474513600833,2.168404344971009e-19,0.0,0.0,0.0,0.0,0.0,0.0,-0.0022500699568723907,-0.0022500699568723916,8.673617379884035e-19,-0.0013878217690724828,-0.0013878217690724832,4.336808689942018e-19,-0.004524737596511798,-0.004524737596511799,8.673617379884035e-19,-0.004321508523732556,-0.004321508523732558,1.734723475976807e-18
2024-05-31,0.2993469714105485,0.015358361774745,0.0137470547885516,0.0166307788548212,0.0276855158345978,0.0131654530864044,0.0,0.0,0.0108824214579517,-0.0299695919843063,-0.033952916205993,-0.0374131881143183,EXPANSAO_DESINFLACIONARIA,0.0833333333333333,0.0833333333333333,0.0833333333333333,0.0833333333333333,0.0833333333333333,0.0833333333333333,0.0833333333333333,0.0833333333333333,0.0833333333333333,0.0833333333333333,0.0833333333333333,0.0833333333333333,0.08333333333333333,0.08333333333333333,0.08333333333333333,0.08333333333333333,0.08333333333333333,0.08333333333333333,0.08333333333333333,0.08333333333333333,0.08333333333333333,0.08333333333333333,0.08333333333333333,0.08333333333333333,0.024623405075250217,0.024623405075250217,0.015847104895792614,0.01584710489579263,1.5847104895792616e-05,1.584710489579263e-05,0.0246071677606714,0.0246071677606714,0.0,-1.3877787807814457e-17,-1.3552527156068805e-20,TESTE,0.024945580950879034,0.02494558095087904,-6.938893903907228e-18,0.0012798634812287496,0.00127986348122875,-4.336808689942018e-19,0.0011455878990459664,0.0011455878990459666,-2.168404344971009e-19,0.001385898237901766,0.0013858982379017664,-4.336808689942018e-19,0.002307126319549816,0.002307126319549817,-8.673617379884035e-19,0.0010971210905336996,0.0010971210905336998,-2.168404344971009e-19,0.0,0.0,0.0,0.0,0.0,0.0,0.000906868454829308,0.0009068684548293083,-3.2526065174565133e-19,-0.0024974659986921905,-0.0024974659986921914,8.673617379884035e-19,-0.002829409683832749,-0.0028294096838327497,8.673617379884035e-19,-0.00311776567619319,-0.0031177656761931915,1.3010426069826053e-18
2024-06-30,0.0054117425440509,-0.1098039215686268,0.0020664036462711,0.057361529677457,0.0461366250064678,0.031807833959512,0.0,0.0,-0.0176729272371911,0.0155282025179765,0.005643885915306,0.0336849849332516,EXPANSAO_DESINFLACIONARIA,0.0833333333333333,0.0833333333333333,0.0833333333333333,0.0833333333333333,0.0833333333333333,0.0833333333333333,0.0833333333333333,0.0833333333333333,0.0833333333333333,0.0833333333333333,0.0833333333333333,0.0833333333333333,0.08333333333333333,0.08333333333333333,0.08333333333333333,0.08333333333333333,0.08333333333333333,0.08333333333333333,0.08333333333333333,0.08333333333333333,0.08333333333333333,0.08333333333333333,0.08333333333333333,0.08333333333333333,0.0058470299495395825,0.005847029949539583,0.022592502093833927,0.022592502093833934,2.2592502093833927e-05,2.2592502093833934e-05,0.0058243053484094975,0.0058243053484094975,0.0,-6.938893903907228e-18,-6.776263578034403e-21,TESTE,0.0004509785453375748,0.00045097854533757495,-1.6263032587282567e-19,-0.009150326797385562,-0.009150326797385566,3.469446951953614e-18,0.00017220030385592494,0.000172200303855925,-5.421010862427522e-20,0.004780127473121415,0.0047801274731214165,-1.734723475976807e-18,0.0038447187505389817,0.003844718750538983,-1.3010426069826053e-18,0.002650652829959332,0.002650652829959333,-8.673617379884035e-19,0.0,0.0,0.0,0.0,0.0,0.0,-0.0014727439364325913,-0.0014727439364325917,4.336808689942018e-19,0.001294016876498041,0.0012940168764980415,-4.336808689942018e-19,0.0004703238262754998,0.0004703238262755,-1.6263032587282567e-19,0.0028070820777709657,0.0028070820777709666,-8.673617379884035e-19
2024-07-31,-0.217224160665335,-0.0365009439899298,0.0424453541696321,0.0201072612660961,0.0303179192225298,0.0748618623054471,0.0,0.0,0.0227397065184424,0.0302645541790966,0.0297619051480704,-0.0247089935742317,EXPANSAO_DESINFLACIONARIA,0.0833333333333333,0.0833333333333333,0.0833333333333333,0.0833333333333333,0.0833333333333333,0.0833333333333333,0.0833333333333333,0.0833333333333333,0.0833333333333333,0.0833333333333333,0.0833333333333333,0.0833333333333333,0.08333333333333333,0.08333333333333333,0.08333333333333333,0.08333333333333333,0.08333333333333333,0.08333333333333333,0.08333333333333333,0.08333333333333333,0.08333333333333333,0.08333333333333333,0.08333333333333333,0.08333333333333333,-0.002327961285015163,-0.002327961285015163,0.012865112828899149,0.012865112828899156,1.2865112828899149e-05,1.2865112828899155e-05,-0.0023407964483594945,-0.0023407964483594945,0.0,-6.938893903907228e-18,-6.776263578034403e-21,TESTE,-0.01810201338877791,-0.018102013388777916,6.938893903907228e-18,-0.0030417453324941487,-0.0030417453324941496,8.673617379884035e-19,0.00353711284746934,0.0035371128474693415,-1.3010426069826053e-18,0.0016756051055080079,0.0016756051055080083,-4.336808689942018e-19,0.002526493268544149,0.00252649326854415,-8.673617379884035e-19,0.006238488525453923,0.006238488525453925,-1.734723475976807e-18,0.0,0.0,0.0,0.0,0.0,0.0,0.0018949755432035324,0.001894975543203533,-6.505213034913027e-19,0.0025220461815913826,0.0025220461815913834,-8.673617379884035e-19,0.0024801587623391992,0.0024801587623392,-8.673617379884035e-19,-0.0020590827978526406,-0.0020590827978526414,8.673617379884035e-19
2024-08-31,0.0446955203889458,-0.0124101894186796,0.0277354415116948,0.002958360137772,0.0251915676303506,0.0557292707869383,0.0,0.0,0.011608206773424,0.0665949254784603,0.1315441825424961,0.008444998607745,EXPANSAO_DESINFLACIONARIA,0.0833333333333333,0.0833333333333333,0.0833333333333333,0.0833333333333333,0.0833333333333333,0.0833333333333333,0.0833333333333333,0.0833333333333333,0.0833333333333333,0.0833333333333333,0.0833333333333333,0.0833333333333333,0.08333333333333333,0.08333333333333333,0.08333333333333333,0.08333333333333333,0.08333333333333333,0.08333333333333333,0.08333333333333333,0.08333333333333333,0.08333333333333333,0.08333333333333333,0.08333333333333333,0.08333333333333333,0.0301743570365956,0.03017435703659561,0.022673634541273587,0.022673634541273593,2.2673634541273588e-05,2.2673634541273595e-05,0.03015099923971043,0.03015099923971043,0.0,-6.938893903907228e-18,-6.776263578034403e-21,TESTE,0.003724626699078815,0.0037246266990788165,-1.3010426069826053e-18,-0.0010341824515566328,-0.0010341824515566333,4.336808689942018e-19,0.0023112867926412327,0.002311286792641233,-4.336808689942018e-19,0.0002465300114809999,0.000246530011481,-5.421010862427522e-20,0.0020992973025292156,0.0020992973025292165,-8.673617379884035e-19,0.004644105898911523,0.004644105898911524,-8.673617379884035e-19,0.0,0.0,0.0,0.0,0.0,0.0,0.0009673505644519996,0.000967350564452,-3.2526065174565133e-19,0.0055495771232050226,0.005549577123205024,-1.734723475976807e-18,0.010962015211874673,0.010962015211874676,-3.469446951953614e-18,0.0007037498839787497,0.00070374988397875,-3.2526065174565133e-19
2024-09-30,0.3742359985136669,0.1236772486772497,0.0570615310136817,-0.0345611838935671,-0.0252636172048512,-0.0207029637617086,0.0,0.0,-0.0144761177190846,-0.0302811610717583,-0.0544405715648677,0.0431458022704858,EXPANSAO_INFLACIONARIA,0.0833333333333333,0.0833333333333333,0.0833333333333333,0.0833333333333333,0.0833333333333333,0.0833333333333333,0.0833333333333333,0.0833333333333333,0.0833333333333333,0.0833333333333333,0.0833333333333333,0.0833333333333333,0.08333333333333333,0.08333333333333333,0.08333333333333333,0.08333333333333333,0.08333333333333333,0.08333333333333333,0.08333333333333333,0.08333333333333333,0.08333333333333333,0.08333333333333333,0.08333333333333333,0.08333333333333333,0.0348662471049372,0.034866247104937215,0.014388055594306483,0.01438805559430649,1.4388055594306484e-05,1.438805559430649e-05,0.0348513573918412,0.0348513573918412,0.0,-6.938893903907228e-18,-6.776263578034403e-21,TESTE,0.03118633320947223,0.031186333209472242,-1.0408340855860843e-17,0.010306437389770804,0.010306437389770808,-3.469446951953614e-18,0.004755127584473474,0.0047551275844734744,-8.673617379884035e-19,-0.002880098657797257,-0.002880098657797258,8.673617379884035e-19,-0.002105301433737599,-0.0021053014337376,8.673617379884035e-19,-0.0017252469801423828,-0.0017252469801423832,4.336808689942018e-19,0.0,0.0,0.0,0.0,0.0,0.0,-0.0012063431432570496,-0.0012063431432570498,2.168404344971009e-19,-0.0025234300893131906,-0.0025234300893131915,8.673617379884035e-19,-0.004536714297072307,-0.0045367142970723084,1.734723475976807e-18,0.003595483522540482,0.003595483522540483,-1.3010426069826053e-18
2024-10-31,-0.0738967064387122,-0.0329605650382576,0.038769374221693,0.0605720641804647,0.0308316756614142,-0.0115695480077165,0.0,0.0,-0.0194357200115422,-0.0161338153824923,-0.0234622858152262,-0.0130890054098794,EXPANSAO_INFLACIONARIA,0.0833333333333333,0.0833333333333333,0.0833333333333333,0.0833333333333333,0.0833333333333333,0.0833333333333333,0.0833333333333333,0.0833333333333333,0.0833333333333333,0.0833333333333333,0.0833333333333333,0.0833333333333333,0.08333333333333333,0.08333333333333333,0.08333333333333333,0.08333333333333333,0.08333333333333333,0.08333333333333333,0.08333333333333333,0.08333333333333333,0.08333333333333333,0.08333333333333333,0.08333333333333333,0.08333333333333333,-0.00503121100335454,-0.005031211003354541,0.03693356454988225,0.03693356454988227,3.693356454988225e-05,3.6933564549882266e-05,-0.005067958747348111,-0.005067958747348111,0.0,-1.3877787807814457e-17,-1.3552527156068805e-20,TESTE,-0.0061580588698926806,-0.006158058869892683,2.6020852139652106e-18,-0.0027467137531881325,-0.0027467137531881334,8.673617379884035e-19,0.003230781185141082,0.0032307811851410833,-1.3010426069826053e-18,0.005047672015038723,0.005047672015038725,-1.734723475976807e-18,0.002569306305117849,0.0025693063051178498,-8.673617379884035e-19,-0.0009641290006430413,-0.0009641290006430416,3.2526065174565133e-19,0.0,0.0,0.0,0.0,0.0,0.0,-0.0016196433342951827,-0.0016196433342951834,6.505213034913027e-19,-0.0013444846152076912,-0.0013444846152076916,4.336808689942018e-19,-0.0019551904846021825,-0.001955190484602183,4.336808689942018e-19,-0.001090750450823283,-0.0010907504508232834,4.336808689942018e-19
2024-11-30,0.2423346489658562,0.029823493609252,-0.0296899709229877,0.0436630838437501,0.0148712451229104,0.0589769429587909,0.0,0.0,-0.0040190210806967,-0.0319655079649996,-0.081403584302006,0.0162688239797479,EXPANSAO_INFLACIONARIA,0.0833333333333333,0.0833333333333333,0.0833333333333333,0.0833333333333333,0.0833333333333333,0.0833333333333333,0.0833333333333333,0.0833333333333333,0.0833333333333333,0.0833333333333333,0.0833333333333333,0.0833333333333333,0.08333333333333333,0.08333333333333333,0.08333333333333333,0.08333333333333333,0.08333333333333333,0.08333333333333333,0.08333333333333333,0.08333333333333333,0.08333333333333333,0.08333333333333333,0.08333333333333333,0.08333333333333333,0.021571679517468113,0.021571679517468127,0.013009551220611905,0.013009551220611905,1.3009551220611905e-05,1.3009551220611905e-05,0.021558389328377947,0.021558389328377947,0.0,0.0,0.0,TESTE,0.02019455408048801,0.020194554080488016,-6.938893903907228e-18,0.0024852911341043324,0.0024852911341043333,-8.673617379884035e-19,-0.002474164243582307,-0.002474164243582308,8.673617379884035e-19,0.003638590320312507,0.0036385903203125084,-1.3010426069826053e-18,0.0012392704269091996,0.0012392704269092,-4.336808689942018e-19,0.0049147452465659065,0.004914745246565908,-1.734723475976807e-18,0.0,0.0,0.0,0.0,0.0,0.0,-0.0003349184233913916,-0.0003349184233913917,1.0842021724855044e-19,-0.0026637923304166323,-0.002663792330416633,8.673617379884035e-19,-0.006783632025167165,-0.0067836320251671665,1.734723475976807e-18,0.0013557353316456578,0.0013557353316456583,-4.336808689942018e-19
2024-12-31,0.1703836476186082,0.0691489361702133,-0.0191569071673872,0.0298974109071148,0.013178822892321,-0.0139670306953703,0.0,0.0,-0.0386096757990128,-0.0405152396106224,-0.0135937519179324,-0.051157166851549,EXPANSAO_INFLACIONARIA,0.0833333333333333,0.0833333333333333,0.0833333333333333,0.0833333333333333,0.0833333333333333,0.0833333333333333,0.0833333333333333,0.0833333333333333,0.0833333333333333,0.0833333333333333,0.0833333333333333,0.0833333333333333,0.08333333333333333,0.08333333333333333,0.08333333333333333,0.08333333333333333,0.08333333333333333,0.08333333333333333,0.08333333333333333,0.08333333333333333,0.08333333333333333,0.08333333333333333,0.08333333333333333,0.08333333333333333,0.008800753795531928,0.008800753795531933,0.023534932912070414,0.023534932912070435,2.3534932912070415e-05,2.3534932912070436e-05,0.008777011737469698,0.008777011737469698,0.0,-2.0816681711721685e-17,-2.0328790734103208e-20,TESTE,0.014198637301550677,0.014198637301550682,-5.204170427930421e-18,0.005762411347517773,0.005762411347517774,-1.734723475976807e-18,-0.0015964089306155992,-0.0015964089306155999,6.505213034913027e-19,0.002491450908926232,0.002491450908926233,-8.673617379884035e-19,0.0010982352410267495,0.00109823524102675,-4.336808689942018e-19,-0.0011639192246141912,-0.0011639192246141916,4.336808689942018e-19,0.0,0.0,0.0,0.0,0.0,0.0,-0.0032174729832510655,-0.003217472983251067,1.3010426069826053e-18,-0.0033762699675518653,-0.0033762699675518666,1.3010426069826053e-18,-0.0011328126598276996,-0.0011328126598276998,2.168404344971009e-19,-0.004263097237629082,-0.0042630972376290835,1.734723475976807e-18
2025-01-31,-0.2266260603977964,0.0657822001105592,0.0791987623688634,-0.0515362460765258,-0.0509455784235335,-0.0291450899523939,0.0,0.0,0.0043880480438616,0.0484906946342853,0.1033580315430382,-0.0005501335039135,EXPANSAO_INFLACIONARIA,0.0833333333333333,0.0833333333333333,0.0833333333333333,0.0833333333333333,0.0833333333333333,0.0833333333333333,0.0833333333333333,0.0833333333333333,0.0833333333333333,0.0833333333333333,0.0833333333333333,0.0833333333333333,0.08333333333333333,0.08333333333333333,0.08333333333333333,0.08333333333333333,0.08333333333333333,0.08333333333333333,0.08333333333333333,0.08333333333333333,0.08333333333333333,0.08333333333333333,0.08333333333333333,0.08333333333333333,-0.004798780971129609,-0.004798780971129618,0.02043728667225953,0.02043728667225954,2.0437286672259533e-05,2.043728667225954e-05,-0.004819120183739423,-0.004819120183739423,0.0,-6.938893903907228e-18,-6.776263578034403e-21,TESTE,-0.01888550503314969,-0.0188855050331497,6.938893903907228e-18,0.005481850009213265,0.005481850009213266,-1.734723475976807e-18,0.006599896864071948,0.00659989686407195,-2.6020852139652106e-18,-0.004294687173043815,-0.004294687173043816,1.734723475976807e-18,-0.0042454648686277895,-0.004245464868627791,1.734723475976807e-18,-0.002428757496032824,-0.0024287574960328248,8.673617379884035e-19,0.0,0.0,0.0,0.0,0.0,0.0,0.00036567067032179987,0.00036567067032180003,-1.6263032587282567e-19,0.004040891219523774,0.004040891219523775,-8.673617379884035e-19,0.00861316929525318,0.008613169295253183,-3.469446951953614e-18,-4.584445865945831e-05,-4.584445865945833e-05,2.0328790734103208e-20
2025-02-28,0.2595270116744432,-0.0591286307053938,0.0086400173611107,-0.0060429949741542,-0.006064329488123,0.021858953942984,0.0,0.0,0.001139735450077,-0.0242104076620034,-0.0309881278177486,-0.0493577729671366,EXPANSAO_INFLACIONARIA,0.0833333333333333,0.0833333333333333,0.0833333333333333,0.0833333333333333,0.0833333333333333,0.0833333333333333,0.0833333333333333,0.0833333333333333,0.0833333333333333,0.0833333333333333,0.0833333333333333,0.0833333333333333,0.08333333333333333,0.08333333333333333,0.08333333333333333,0.08333333333333333,0.08333333333333333,0.08333333333333333,0.08333333333333333,0.08333333333333333,0.08333333333333333,0.08333333333333333,0.08333333333333333,0.08333333333333333,0.009614454567837938,0.009614454567837938,0.028391063408646465,0.02839106340864648,2.8391063408646467e-05,2.839106340864648e-05,0.009585790539839989,0.009585790539839989,0.0,-1.3877787807814457e-17,-1.3552527156068805e-20,TESTE,0.021627250972870257,0.021627250972870264,-6.938893903907228e-18,-0.004927385892116148,-0.0049273858921161495,1.734723475976807e-18,0.0007200014467592247,0.0007200014467592249,-2.168404344971009e-19,-0.0005035829145128498,-0.00050358291451285,2.168404344971009e-19,-0.0005053607906769165,-0.0005053607906769166,1.0842021724855044e-19,0.001821579495248666,0.0018215794952486665,-6.505213034913027e-19,0.0,0.0,0.0,0.0,0.0,0.0,9.49779541730833e-05,9.497795417308333e-05,-2.710505431213761e-20,-0.002017533971833616,-0.0020175339718336164,4.336808689942018e-19,-0.002582343984812382,-0.002582343984812383,8.673617379884035e-19,-0.004113147747261381,-0.004113147747261383,1.734723475976807e-18
2025-03-31,0.0743348563350876,0.0082690187431093,0.1008178211637258,-0.0138551445696865,0.0267746912791519,-0.01117070508445,0.0,0.0,0.0252347589441463,0.0600397856998644,0.0887584003939558,0.0177571539193126,EXPANSAO_INFLACIONARIA,0.0833333333333333,0.0833333333333333,0.0833333333333333,0.0833333333333333,0.0833333333333333,0.0833333333333333,0.0833333333333333,0.0833333333333333,0.0833333333333333,0.0833333333333333,0.0833333333333333,0.0833333333333333,0.08333333333333333,0.08333333333333333,0.08333333333333333,0.08333333333333333,0.08333333333333333,0.08333333333333333,0.08333333333333333,0.08333333333333333,0.08333333333333333,0.08333333333333333,0.08333333333333333,0.08333333333333333,0.03141338640201809,0.031413386402018094,0.021638380150599767,0.021638380150599774,2.163838015059977e-05,2.1638380150599776e-05,0.03139106828707061,0.03139106828707061,0.0,-6.938893903907228e-18,-6.776263578034403e-21,TESTE,0.006194571361257298,0.0061945713612572995,-1.734723475976807e-18,0.000689084895259108,0.0006890848952591082,-2.168404344971009e-19,0.008401485096977147,0.008401485096977149,-1.734723475976807e-18,-0.0011545953808072078,-0.0011545953808072083,4.336808689942018e-19,0.0022312242732626573,0.002231224273262658,-8.673617379884035e-19,-0.000930892090370833,-0.0009308920903708333,3.2526065174565133e-19,0.0,0.0,0.0,0.0,0.0,0.0,0.0021028965786788574,0.0021028965786788582,-8.673617379884035e-19,0.005003315474988698,0.0050033154749887,-1.734723475976807e-18,0.00739653336616298,0.007396533366162983,-2.6020852139652106e-18,0.0014797628266093826,0.0014797628266093833,-6.505213034913027e-19
2025-04-30,-0.1925224547007586,0.0218698742482237,0.0583450583844613,-0.023983631138829,0.0268541713763401,0.0255544109463512,0.0,0.0,0.0271120599005252,0.0371342598268373,0.0932113483950902,-0.0512042629694454,EXPANSAO_INFLACIONARIA,0.0833333333333333,0.0833333333333333,0.0833333333333333,0.0833333333333333,0.0833333333333333,0.0833333333333333,0.0833333333333333,0.0833333333333333,0.0833333333333333,0.0833333333333333,0.0833333333333333,0.0833333333333333,0.08333333333333333,0.08333333333333333,0.08333333333333333,0.08333333333333333,0.08333333333333333,0.08333333333333333,0.08333333333333333,0.08333333333333333,0.08333333333333333,0.08333333333333333,0.08333333333333333,0.08333333333333333,0.001864236189066333,0.001864236189066333,0.01602148732658827,0.01602148732658827,1.602148732658827e-05,1.602148732658827e-05,0.0018481848339033657,0.0018481848339033657,0.0,0.0,0.0,TESTE,-0.016043537891729878,-0.01604353789172988,3.469446951953614e-18,0.0018224895206853076,0.0018224895206853083,-6.505213034913027e-19,0.004862088198705107,0.0048620881987051084,-1.734723475976807e-18,-0.001998635928235749,-0.00199863592823575,8.673617379884035e-19,0.0022378476146950074,0.0022378476146950083,-8.673617379884035e-19,0.0021295342455292655,0.0021295342455292664,-8.673617379884035e-19,0.0,0.0,0.0,0.0,0.0,0.0,0.002259338325043766,0.0022593383250437667,-8.673617379884035e-19,0.003094521652236441,0.0030945216522364418,-8.673617379884035e-19,0.007767612366257513,0.007767612366257516,-2.6020852139652106e-18,-0.004267021914120448,-0.00426702191412045,1.734723475976807e-18
2025-05-31,0.0363800518341785,-0.0497592295345097,-0.0048714365071853,0.0080249489351511,0.0070830567757236,-0.0025828931346337,0.0,0.0,0.0246846654393653,0.0151899175661176,0.0153530197866456,-0.0171896988074169,EXPANSAO_INFLACIONARIA,0.0833333333333333,0.0833333333333333,0.0833333333333333,0.0833333333333333,0.0833333333333333,0.0833333333333333,0.0833333333333333,0.0833333333333333,0.0833333333333333,0.0833333333333333,0.0833333333333333,0.0833333333333333,0.08333333333333333,0.08333333333333333,0.08333333333333333,0.08333333333333333,0.08333333333333333,0.08333333333333333,0.08333333333333333,0.08333333333333333,0.08333333333333333,0.08333333333333333,0.08333333333333333,0.08333333333333333,0.0026927001961196736,0.002692700196119675,0.02304300321237044,0.02304300321237044,2.304300321237044e-05,2.304300321237044e-05,0.0026695951450079747,0.0026695951450079747,0.0,0.0,0.0,TESTE,0.0030316709861815407,0.0030316709861815416,-8.673617379884035e-19,-0.00414660246120914,-0.004146602461209141,8.673617379884035e-19,-0.0004059530422654415,-0.0004059530422654416,1.0842021724855044e-19,0.0006687457445959247,0.000668745744595925,-2.168404344971009e-19,0.0005902547313102998,0.0005902547313103,-2.168404344971009e-19,-0.00021524109455280826,-0.00021524109455280834,8.131516293641283e-20,0.0,0.0,0.0,0.0,0.0,0.0,0.002057055453280441,0.0020570554532804413,-4.336808689942018e-19,0.0012658264638431328,0.0012658264638431332,-4.336808689942018e-19,0.0012794183155537995,0.0012794183155538,-4.336808689942018e-19,-0.0014324749006180745,-0.001432474900618075,4.336808689942018e-19
2025-06-30,0.0026109842972974,-0.0529279279279274,0.0016722916973179,-0.0329561462339872,-0.0032092267434918,-0.0375495028154385,0.0,0.0,0.0145947221143585,0.0141075571174453,0.0166059587147475,0.0067114468851683,EXPANSAO_INFLACIONARIA,0.0833333333333333,0.0833333333333333,0.0833333333333333,0.0833333333333333,0.0833333333333333,0.0833333333333333,0.0833333333333333,0.0833333333333333,0.0833333333333333,0.0833333333333333,0.0833333333333333,0.0833333333333333,0.08333333333333333,0.08333333333333333,0.08333333333333333,0.08333333333333333,0.08333333333333333,0.08333333333333333,0.08333333333333333,0.08333333333333333,0.08333333333333333,0.08333333333333333,0.08333333333333333,0.08333333333333333,-0.005861653574542498,-0.005861653574542501,0.007526355378102631,0.007526355378102624,7.526355378102631e-06,7.526355378102624e-06,-0.005869135813032722,-0.005869135813032722,0.0,6.938893903907228e-18,6.776263578034403e-21,TESTE,0.00021758202477478326,0.00021758202477478332,-5.421010862427522e-20,-0.004410660660660615,-0.004410660660660617,1.734723475976807e-18,0.00013935764144315827,0.00013935764144315833,-5.421010862427522e-20,-0.0027463455194989324,-0.0027463455194989333,8.673617379884035e-19,-0.0002674355619576499,-0.00026743556195765,1.0842021724855044e-19,-0.003129125234619874,-0.0031291252346198747,8.673617379884035e-19,0.0,0.0,0.0,0.0,0.0,0.0,0.0012162268428632078,0.0012162268428632082,-4.336808689942018e-19,0.0011756297597871079,0.0011756297597871083,-4.336808689942018e-19,0.0013838298928956247,0.001383829892895625,-4.336808689942018e-19,0.0005592872404306914,0.0005592872404306916,-2.168404344971009e-19
2025-07-31,-0.1012731869133312,-0.0630202140309157,-0.0003642396817153,0.0177058340306657,-0.0082750029549326,-0.014825002063655,0.0,0.0,-0.0156846201391283,-0.0408909383077715,-0.0777556855198146,0.0151515151515166,EXPANSAO_INFLACIONARIA,0.0833333333333333,0.0833333333333333,0.0833333333333333,0.0833333333333333,0.0833333333333333,0.0833333333333333,0.0833333333333333,0.0833333333333333,0.0833333333333333,0.0833333333333333,0.0833333333333333,0.0833333333333333,0.08333333333333333,0.08333333333333333,0.08333333333333333,0.08333333333333333,0.08333333333333333,0.08333333333333333,0.08333333333333333,0.08333333333333333,0.08333333333333333,0.08333333333333333,0.08333333333333333,0.08333333333333333,-0.02410262836909015,-0.024102628369090155,0.008872726872330955,0.008872726872330955,8.872726872330955e-06,8.872726872330955e-06,-0.024111287239924062,-0.024111287239924062,0.0,0.0,0.0,TESTE,-0.008439432242777597,-0.0084394322427776,3.469446951953614e-18,-0.0052516845025763065,-0.005251684502576308,1.734723475976807e-18,-3.0353306809608324e-05,-3.0353306809608334e-05,1.0164395367051604e-20,0.001475486169222141,0.0014754861692221415,-4.336808689942018e-19,-0.0006895835795777165,-0.0006895835795777167,2.168404344971009e-19,-0.001235416838637916,-0.0012354168386379165,4.336808689942018e-19,0.0,0.0,0.0,0.0,0.0,0.0,-0.0013070516782606911,-0.0013070516782606916,4.336808689942018e-19,-0.00340757819231429,-0.0034075781923142913,1.3010426069826053e-18,-0.006479640459984547,-0.00647964045998455,2.6020852139652106e-18,0.0012626262626263829,0.0012626262626263833,-4.336808689942018e-19
2025-08-31,-0.0350933578394263,0.0101522842639603,0.0548099121451075,-0.0291279141320203,-0.0075805558599851,-0.013414715769436,0.0,0.0,0.0080993558235815,0.0635851460248626,0.0804954135193376,0.0334328418940457,EXPANSAO_INFLACIONARIA,0.0833333333333333,0.0833333333333333,0.0833333333333333,0.0833333333333333,0.0833333333333333,0.0833333333333333,0.0833333333333333,0.0833333333333333,0.0833333333333333,0.0833333333333333,0.0833333333333333,0.0833333333333333,0.08333333333333333,0.08333333333333333,0.08333333333333333,0.08333333333333333,0.08333333333333333,0.08333333333333333,0.08333333333333333,0.08333333333333333,0.08333333333333333,0.08333333333333333,0.08333333333333333,0.08333333333333333,0.013779867505835621,0.013779867505835625,0.015928033411251215,0.015928033411251215,1.5928033411251214e-05,1.5928033411251214e-05,0.01376371998623438,0.01376371998623438,0.0,0.0,0.0,TESTE,-0.002924446486618857,-0.002924446486618858,8.673617379884035e-19,0.0008460236886633581,0.0008460236886633583,-2.168404344971009e-19,0.004567492678758956,0.004567492678758958,-1.734723475976807e-18,-0.002427326177668357,-0.002427326177668358,8.673617379884035e-19,-0.0006317129883320914,-0.0006317129883320916,2.168404344971009e-19,-0.001117892980786333,-0.0011178929807863333,4.336808689942018e-19,0.0,0.0,0.0,0.0,0.0,0.0,0.0006749463186317915,0.0006749463186317917,-2.168404344971009e-19,0.005298762168738548,0.0052987621687385494,-1.734723475976807e-18,0.0067079511266114646,0.006707951126611466,-1.734723475976807e-18,0.002786070157837141,0.0027860701578371417,-8.673617379884035e-19
2025-09-30,0.1021021009076221,0.0439698492462317,0.1056798522659985,-0.0168668037834069,-0.0124765633710064,-0.0274927955580422,0.0,0.0,0.0067242741131932,0.0344376328667519,0.0424468235243398,-0.0046216383026445,EXPANSAO_INFLACIONARIA,0.0833333333333333,0.0833333333333333,0.0833333333333333,0.0833333333333333,0.0833333333333333,0.0833333333333333,0.0833333333333333,0.0833333333333333,0.0833333333333333,0.0833333333333333,0.0833333333333333,0.0833333333333333,0.08333333333333333,0.08333333333333333,0.08333333333333333,0.08333333333333333,0.08333333333333333,0.08333333333333333,0.08333333333333333,0.08333333333333333,0.08333333333333333,0.08333333333333333,0.08333333333333333,0.08333333333333333,0.022825227659086424,0.022825227659086435,0.014566265751227533,0.01456626575122754,1.4566265751227533e-05,1.456626575122754e-05,0.02281032891500323,0.02281032891500323,0.0,-6.938893903907228e-18,-6.776263578034403e-21,TESTE,0.008508508408968505,0.008508508408968508,-3.469446951953614e-18,0.0036641541038526402,0.0036641541038526415,-1.3010426069826053e-18,0.008806654355499871,0.008806654355499875,-3.469446951953614e-18,-0.0014055669819505745,-0.0014055669819505751,6.505213034913027e-19,-0.0010397136142505329,-0.0010397136142505333,4.336808689942018e-19,-0.0022910662965035158,-0.0022910662965035166,8.673617379884035e-19,0.0,0.0,0.0,0.0,0.0,0.0,0.0005603561760994331,0.0005603561760994333,-2.168404344971009e-19,0.0028698027388959907,0.0028698027388959916,-8.673617379884035e-19,0.003537235293694982,0.0035372352936949834,-1.3010426069826053e-18,-0.00038513652522037485,-0.00038513652522037496,1.0842021724855044e-19
2025-10-31,0.2485619454494256,0.0385078219013237,0.0368152209295293,0.0113309416657845,-0.0024891707885308,-0.0238327916191202,0.0,0.0,0.0019084075558011,0.0223716662609585,0.0031321287824612,0.0847359486260861,RECESSAO_DESINFLACIONARIA,0.0833333333333333,0.0833333333333333,0.0833333333333333,0.0833333333333333,0.0833333333333333,0.0833333333333333,0.0833333333333333,0.0833333333333333,0.0833333333333333,0.0833333333333333,0.0833333333333333,0.0833333333333333,0.08333333333333333,0.08333333333333333,0.08333333333333333,0.08333333333333333,0.08333333333333333,0.08333333333333333,0.08333333333333333,0.08333333333333333,0.08333333333333333,0.08333333333333333,0.08333333333333333,0.08333333333333333,0.0350868432303099,0.035086843230309916,0.01747692850439818,0.01747692850439818,1.7476928504398178e-05,1.7476928504398178e-05,0.035068753091554994,0.035068753091554994,0.0,0.0,0.0,TESTE,0.02071349545411879,0.020713495454118797,-6.938893903907228e-18,0.0032089851584436403,0.0032089851584436416,-1.3010426069826053e-18,0.0030679350774607743,0.003067935077460775,-8.673617379884035e-19,0.0009442451388153746,0.0009442451388153749,-3.2526065174565133e-19,-0.00020743089904423325,-0.0002074308990442333,5.421010862427522e-20,-0.001986065968260016,-0.0019860659682600164,4.336808689942018e-19,0.0,0.0,0.0,0.0,0.0,0.0,0.00015903396298342493,0.00015903396298342498,-5.421010862427522e-20,0.0018643055217465408,0.0018643055217465415,-6.505213034913027e-19,0.0002610107318717666,0.00026101073187176664,-5.421010862427522e-20,0.00706132905217384,0.0070613290521738415,-1.734723475976807e-18
2025-11-30,0.1760426332186913,0.0092699884125144,0.0592887992593516,-0.0049423790754425,-0.0024828152723671,-0.0200692169765602,0.0,0.0,0.0343723049411535,0.0636275094645735,0.0851972917860208,-0.0024968680294344,RECESSAO_DESINFLACIONARIA,0.0833333333333333,0.0833333333333333,0.0833333333333333,0.0833333333333333,0.0833333333333333,0.0833333333333333,0.0833333333333333,0.0833333333333333,0.0833333333333333,0.0833333333333333,0.0833333333333333,0.0833333333333333,0.08333333333333333,0.08333333333333333,0.08333333333333333,0.08333333333333333,0.08333333333333333,0.08333333333333333,0.08333333333333333,0.08333333333333333,0.08333333333333333,0.08333333333333333,0.08333333333333333,0.08333333333333333,0.03315060397737506,0.03315060397737507,0.02159831368576235,0.02159831368576235,2.159831368576235e-05,2.159831368576235e-05,0.033128289666545685,0.033128289666545685,0.0,0.0,0.0,TESTE,0.014670219434890936,0.014670219434890941,-5.204170427930421e-18,0.0007724990343761996,0.0007724990343761999,-2.168404344971009e-19,0.004940733271612631,0.004940733271612633,-1.734723475976807e-18,-0.00041186492295354146,-0.0004118649229535416,1.6263032587282567e-19,-0.00020690127269725825,-0.00020690127269725833,8.131516293641283e-20,-0.0016724347480466827,-0.0016724347480466834,6.505213034913027e-19,0.0,0.0,0.0,0.0,0.0,0.0,0.002864358745096124,0.002864358745096125,-8.673617379884035e-19,0.0053022924553811236,0.005302292455381125,-1.734723475976807e-18,0.00709977431550173,0.007099774315501733,-2.6020852139652106e-18,-0.0002080723357861999,-0.0002080723357862,8.131516293641283e-20
2025-12-31,-0.1810309357206783,0.0114810562571763,0.0359861318534231,0.0399036139686559,0.0550097006353822,0.041164692024767,0.0,0.0,-0.0034318545067382,0.0150624010822792,-0.0153846760365603,0.0872519406666918,RECESSAO_DESINFLACIONARIA,0.0833333333333333,0.0833333333333333,0.0833333333333333,0.0833333333333333,0.0833333333333333,0.0833333333333333,0.0833333333333333,0.0833333333333333,0.0833333333333333,0.0833333333333333,0.0833333333333333,0.0833333333333333,0.08333333333333333,0.08333333333333333,0.08333333333333333,0.08333333333333333,0.08333333333333333,0.08333333333333333,0.08333333333333333,0.08333333333333333,0.08333333333333333,0.08333333333333333,0.08333333333333333,0.08333333333333333,0.007167672518699889,0.00716767251869989,0.020388727920352866,0.020388727920352873,2.0388727920352865e-05,2.0388727920352872e-05,0.007147137651054791,0.007147137651054791,0.0,-6.938893903907228e-18,-6.776263578034403e-21,TESTE,-0.015085911310056519,-0.015085911310056524,5.204170427930421e-18,0.0009567546880980246,0.0009567546880980249,-3.2526065174565133e-19,0.0029988443211185906,0.0029988443211185914,-8.673617379884035e-19,0.003325301164054657,0.0033253011640546584,-1.3010426069826053e-18,0.004584141719615182,0.004584141719615183,-1.734723475976807e-18,0.003430391002063915,0.0034303910020639164,-1.3010426069826053e-18,0.0,0.0,0.0,0.0,0.0,0.0,-0.00028598787556151654,-0.00028598787556151665,1.0842021724855044e-19,0.001255200090189933,0.0012552000901899334,-4.336808689942018e-19,-0.0012820563363800245,-0.001282056336380025,4.336808689942018e-19,0.007270995055557647,0.007270995055557649,-2.6020852139652106e-18
2026-01-31,0.0961732676461721,-0.0278093076049938,0.0786709221767907,-0.0682156874983996,-0.0527294550002305,-0.0506332774003956,0.3796226453481237,0.3073125189940375,0.0084831358721766,0.125346838776138,0.1413407278282543,0.104588006117819,EXPANSAO_DESINFLACIONARIA,0.0833333333333333,0.0833333333333333,0.0833333333333333,0.0833333333333333,0.0833333333333333,0.0833333333333333,0.0833333333333333,0.0833333333333333,0.0833333333333333,0.0833333333333333,0.0833333333333333,0.0833333333333333,0.08333333333333333,0.08333333333333333,0.08333333333333333,0.08333333333333333,0.08333333333333333,0.08333333333333333,0.08333333333333333,0.08333333333333333,0.08333333333333333,0.08333333333333333,0.08333333333333333,0.08333333333333333,0.08684586127129099,0.08684586127129104,0.01950071102759541,0.019500711027595423,1.950071102759541e-05,1.9500711027595423e-05,0.08682466700421876,0.08682466700421876,0.0,-1.3877787807814457e-17,-1.3552527156068805e-20,TESTE,0.008014438970514338,0.008014438970514341,-3.469446951953614e-18,-0.0023174423004161493,-0.0023174423004161497,4.336808689942018e-19,0.006555910181399222,0.0065559101813992245,-2.6020852139652106e-18,-0.005684640624866631,-0.005684640624866633,1.734723475976807e-18,-0.004394121250019207,-0.0043941212500192076,8.673617379884035e-19,-0.004219439783366298,-0.0042194397833663,1.734723475976807e-18,0.03163522044567696,0.03163522044567697,-1.3877787807814457e-17,0.02560937658283645,0.025609376582836456,-6.938893903907228e-18,0.0007069279893480497,0.0007069279893480499,-2.168404344971009e-19,0.010445569898011497,0.0104455698980115,-3.469446951953614e-18,0.011778393985687854,0.011778393985687858,-3.469446951953614e-18,0.008715667176484913,0.008715667176484917,-3.469446951953614e-18
2026-02-28,-0.3433624466104477,0.024518388791594,0.1095908076875789,-0.0101364194263084,-0.0236221204787711,-0.0272424144533465,0.0173231356727967,0.0206907786183934,0.0248188836887459,0.0409519698200522,0.0376736925024803,0.0120590324559926,EXPANSAO_DESINFLACIONARIA,0.0833333333333333,0.0833333333333333,0.0833333333333333,0.0833333333333333,0.0833333333333333,0.0833333333333333,0.0833333333333333,0.0833333333333333,0.0833333333333333,0.0833333333333333,0.0833333333333333,0.0833333333333333,0.08333333333333333,0.08333333333333333,0.08333333333333333,0.08333333333333333,0.08333333333333333,0.08333333333333333,0.08333333333333333,0.08333333333333333,0.08333333333333333,0.08333333333333333,0.08333333333333333,0.08333333333333333,-0.009728059310936642,-0.00972805931093664,0.04855862114783635,0.048558621147836364,4.855862114783635e-05,4.8558621147836364e-05,-0.009776145550937976,-0.009776145550937976,0.0,-1.3877787807814457e-17,-1.3552527156068805e-20,TESTE,-0.028613537217537295,-0.028613537217537306,1.0408340855860843e-17,0.002043199065966166,0.0020431990659661664,-4.336808689942018e-19,0.009132567307298238,0.00913256730729824,-1.734723475976807e-18,-0.000844701618859033,-0.0008447016188590334,3.2526065174565133e-19,-0.001968510039897591,-0.0019685100398975914,4.336808689942018e-19,-0.0022702012044455407,-0.0022702012044455416,8.673617379884035e-19,0.0014435946393997244,0.0014435946393997249,-4.336808689942018e-19,0.0017242315515327827,0.001724231551532783,-4.336808689942018e-19,0.002068240307395491,0.0020682403073954917,-8.673617379884035e-19,0.0034126641516710153,0.003412664151671016,-8.673617379884035e-19,0.0031394743752066905,0.003139474375206692,-1.3010426069826053e-18,0.0010049193713327163,0.0010049193713327167,-4.336808689942018e-19
2026-03-31,0.0087443496505659,0.0433048433048433,-0.1114424820464096,0.0248023830903747,-0.0048220351679246,-0.0008192518765495,-0.0002688544434893,-0.0117157716055522,-0.0095083768331777,-0.0056127515706447,-0.0595195744166205,-0.0845837530267021,EXPANSAO_DESINFLACIONARIA,0.0833333333333333,0.0833333333333333,0.0833333333333333,0.0833333333333333,0.0833333333333333,0.0833333333333333,0.0833333333333333,0.0833333333333333,0.0833333333333333,0.0833333333333333,0.0833333333333333,0.0833333333333333,0.08333333333333333,0.08333333333333333,0.08333333333333333,0.08333333333333333,0.08333333333333333,0.08333333333333333,0.08333333333333333,0.08333333333333333,0.08333333333333333,0.08333333333333333,0.08333333333333333,0.08333333333333333,-0.01762010624510718,-0.01762010624510719,0.030753434882310745,0.03075343488231075,3.075343488231075e-05,3.075343488231075e-05,-0.01765031780119941,-0.017650317801199522,1.1102230246251565e-16,-3.469446951953614e-18,0.0,TESTE,0.0007286958042138247,0.000728695804213825,-3.2526065174565133e-19,0.0036087369420702733,0.0036087369420702746,-1.3010426069826053e-18,-0.009286873503867463,-0.009286873503867466,3.469446951953614e-18,0.0020668652575312244,0.002066865257531225,-4.336808689942018e-19,-0.0004018362639937165,-0.0004018362639937167,1.6263032587282567e-19,-6.82709897124583e-05,-6.827098971245833e-05,2.710505431213761e-20,-2.2404536957441656e-05,-2.2404536957441663e-05,6.776263578034403e-21,-0.000976314300462683,-0.0009763143004626833,3.2526065174565133e-19,-0.0007923647360981413,-0.0007923647360981416,3.2526065174565133e-19,-0.00046772929755372483,-0.000467729297553725,1.6263032587282567e-19,-0.004959964534718373,-0.0049599645347183745,1.734723475976807e-18,-0.007048646085558505,-0.007048646085558508,2.6020852139652106e-18
2026-04-30,-0.0405686894741084,0.0152921900600768,-0.0070789012936667,-0.0468275110404468,-0.028119551980679,-0.04870785108522,0.0207081801469968,0.023163322355542,0.0226452428489292,-0.0005696266894718,0.000695987691011,0.0003213957562406,EXPANSAO_DESINFLACIONARIA,0.0833333333333333,0.0833333333333333,0.0833333333333333,0.0833333333333333,0.0833333333333333,0.0833333333333333,0.0833333333333333,0.0833333333333333,0.0833333333333333,0.0833333333333333,0.0833333333333333,0.0833333333333333,0.08333333333333333,0.08333333333333333,0.08333333333333333,0.08333333333333333,0.08333333333333333,0.08333333333333333,0.08333333333333333,0.08333333333333333,0.08333333333333333,0.08333333333333333,0.08333333333333333,0.08333333333333333,-0.007420484392066357,-0.007420484392066356,0.01719340722488541,0.017193407224885444,1.719340722488541e-05,1.7193407224885445e-05,-0.007437550215881217,-0.007437550215881217,0.0,-3.469446951953614e-17,-3.3881317890172014e-20,TESTE,-0.0033807241228423655,-0.003380724122842367,1.3010426069826053e-18,0.001274349171673066,0.0012743491716730665,-4.336808689942018e-19,-0.0005899084411388915,-0.0005899084411388916,1.0842021724855044e-19,-0.0039022925867038985,-0.0039022925867039,1.3010426069826053e-18,-0.002343295998389916,-0.0023432959983899163,4.336808689942018e-19,-0.004058987590434999,-0.0040589875904349995,8.673617379884035e-19,0.0017256816789163994,0.0017256816789163998,-4.336808689942018e-19,0.0019302768629618325,0.0019302768629618332,-6.505213034913027e-19,0.0018871035707440993,0.0018871035707441,-6.505213034913027e-19,-4.746889078931665e-05,-4.7468890789316666e-05,1.3552527156068805e-20,5.799897425091664e-05,5.799897425091666e-05,-2.0328790734103208e-20,2.6782979686716658e-05,2.6782979686716668e-05,-1.0164395367051604e-20
2026-05-31,0.1890133753083314,-0.0387305002689605,-0.0117451173464212,0.0068161817673819,0.0041175844795873,0.0124812142017414,0.0002634707459698,-0.0014482997017326,-0.0048940999144628,-0.0725388601036267,-0.0754413659988445,0.0046586492454196,EXPANSAO_DESINFLACIONARIA,0.0833333333333333,0.0833333333333333,0.0833333333333333,0.0833333333333333,0.0833333333333333,0.0833333333333333,0.0833333333333333,0.0833333333333333,0.0833333333333333,0.0833333333333333,0.0833333333333333,0.0833333333333333,0.08333333333333333,0.08333333333333333,0.08333333333333333,0.08333333333333333,0.08333333333333333,0.08333333333333333,0.08333333333333333,0.08333333333333333,0.08333333333333333,0.08333333333333333,0.08333333333333333,0.08333333333333333,0.001046019367865258,0.00104601936786526,0.01129562450636385,0.011295624506363844,1.1295624506363851e-05,1.1295624506363844e-05,0.0010347119279168204,0.0010347119279168204,0.0,6.938893903907228e-18,6.776263578034403e-21,TESTE,0.01575111460902761,0.015751114609027617,-6.938893903907228e-18,-0.0032275416890800404,-0.0032275416890800417,1.3010426069826053e-18,-0.000978759778868433,-0.0009787597788684333,4.336808689942018e-19,0.0005680151472818248,0.000568015147281825,-2.168404344971009e-19,0.0003431320399656082,0.0003431320399656083,-1.0842021724855044e-19,0.0010401011834784495,0.00104010118347845,-4.336808689942018e-19,2.1955895497483325e-05,2.195589549748333e-05,-6.776263578034403e-21,-0.00012069164181104996,-0.00012069164181105,4.0657581468206416e-20,-0.0004078416595385665,-0.0004078416595385666,1.0842021724855044e-19,-0.006044905008635556,-0.006044905008635558,1.734723475976807e-18,-0.006286780499903707,-0.006286780499903708,1.734723475976807e-18,0.0003882207704516332,0.00038822077045163337,-1.6263032587282567e-19
